X,Y,Z,Vs
509563.325800,6944436.568000,0.640000,
509563.325800,6944436.568000,38.000000,
509504.300000,6944425.800000,38.000000,
509504.300000,6944425.800000,0.640000,
509520.532100,6944428.761000,33.864252,230
509521.024000,6944428.851000,33.936100,230
509521.319600,6944428.905000,34.008451,230
509521.515900,6944428.941000,34.138273,230
509522.007700,6944429.030000,34.404881,230
509522.302600,6944429.084000,34.506338,230
509522.314200,6944429.086000,35.004225,230
509522.007700,6944429.030000,35.004225,230
509519.548300,6944428.582000,35.004225,230
509519.259600,6944428.529000,35.004225,230
509519.192900,6944428.517000,34.506338,230
509519.548300,6944428.582000,34.168283,230
509519.762300,6944428.621000,34.008451,230
509520.040200,6944428.672000,33.937661,230
509518.072700,6944428.313000,35.004225,235
509517.778100,6944428.259000,35.004225,235
509517.830400,6944428.268000,34.506338,235
509517.952000,6944428.291000,34.008451,235
509518.072700,6944428.313000,33.910403,235
509518.564600,6944428.402000,33.584132,235
509519.043500,6944428.490000,33.510563,235
509519.056500,6944428.492000,33.509999,235
509519.548300,6944428.582000,33.499006,235
509520.040200,6944428.672000,33.474980,235
509520.532100,6944428.761000,33.438975,235
509521.024000,6944428.851000,33.484293,235
509521.409700,6944428.921000,33.510563,235
509521.515900,6944428.941000,33.527023,235
509522.007700,6944429.030000,33.640656,235
509522.499600,6944429.120000,33.748097,235
509522.991500,6944429.210000,33.831127,235
509523.483400,6944429.300000,33.914702,235
509523.850100,6944429.367000,34.008451,235
509523.975300,6944429.389000,34.114741,235
509524.467100,6944429.479000,34.432281,235
509524.734600,6944429.528000,34.506338,235
509524.959000,6944429.569000,34.631599,235
509525.260000,6944429.624000,35.004225,235
509524.959000,6944429.569000,35.004225,235
509516.889600,6944428.097000,35.004225,240
509517.047200,6944428.125000,34.506338,240
509517.057400,6944428.127000,34.008451,240
509517.088900,6944428.133000,33.976101,240
509517.580800,6944428.223000,33.578162,240
509517.666500,6944428.238000,33.510563,240
509518.072700,6944428.313000,33.392302,240
509518.564600,6944428.402000,33.264325,240
509519.056500,6944428.492000,33.251054,240
509519.548300,6944428.582000,33.243055,240
509520.040200,6944428.672000,33.228810,240
509520.532100,6944428.761000,33.209048,240
509521.024000,6944428.851000,33.249336,240
509521.515900,6944428.941000,33.285919,240
509522.499600,6944429.120000,33.368433,240
509522.991500,6944429.210000,33.410236,240
509523.483400,6944429.300000,33.461795,240
509523.975300,6944429.389000,33.502961,240
509524.081500,6944429.409000,33.510563,240
509524.467100,6944429.479000,33.587749,240
509524.959000,6944429.569000,33.677411,240
509525.450900,6944429.659000,33.731817,240
509525.942800,6944429.748000,33.779233,240
509526.434700,6944429.838000,33.822970,240
509526.926600,6944429.928000,33.854824,240
509527.418400,6944430.018000,33.890627,240
509527.910300,6944430.107000,33.915846,240
509528.402200,6944430.197000,33.934227,240
509528.894100,6944430.287000,33.947972,240
509529.386000,6944430.376000,33.963307,240
509529.877800,6944430.466000,33.979612,240
509530.369700,6944430.556000,33.991359,240
509530.861600,6944430.646000,34.000543,240
509531.353500,6944430.735000,34.008204,240
509531.355400,6944430.736000,34.008451,240
509531.845400,6944430.825000,34.332632,240
509532.337300,6944430.915000,34.414696,240
509532.829100,6944431.005000,34.452390,240
509533.321000,6944431.094000,34.474421,240
509533.812900,6944431.184000,34.489345,240
509534.304800,6944431.274000,34.500297,240
509534.404200,6944431.292000,34.506338,240
509534.304800,6944431.274000,34.550707,240
509534.078200,6944431.233000,35.004225,240
509516.314100,6944427.992000,35.004225,245
509516.283400,6944427.986000,34.506338,245
509516.207800,6944427.972000,34.008451,245
509516.563500,6944428.037000,33.510563,245
509516.597000,6944428.043000,33.496418,245
509517.088900,6944428.133000,33.344775,245
509517.580800,6944428.223000,33.224502,245
509518.072700,6944428.313000,33.109592,245
509518.490900,6944428.389000,33.012676,245
509518.564600,6944428.402000,32.996503,245
509520.040200,6944428.672000,32.983460,245
509520.532100,6944428.761000,32.979274,245
509521.000700,6944428.847000,33.012676,245
509521.024000,6944428.851000,33.014379,245
509521.515900,6944428.941000,33.054146,245
509522.499600,6944429.120000,33.133746,245
509522.991500,6944429.210000,33.173040,245
509523.483400,6944429.300000,33.216477,245
509523.975300,6944429.389000,33.255522,245
509524.467100,6944429.479000,33.291222,245
509524.959000,6944429.569000,33.317625,245
509526.434700,6944429.838000,33.373116,245
509526.926600,6944429.928000,33.387571,245
509528.402200,6944430.197000,33.417946,245
509528.894100,6944430.287000,33.428001,245
509529.386000,6944430.376000,33.443713,245
509529.877800,6944430.466000,33.462754,245
509530.369700,6944430.556000,33.476453,245
509530.861600,6944430.646000,33.486658,245
509531.353500,6944430.735000,33.494388,245
509531.845400,6944430.825000,33.500384,245
509532.337300,6944430.915000,33.505123,245
509532.829100,6944431.005000,33.508905,245
509532.975500,6944431.031000,33.510563,245
509533.321000,6944431.094000,33.522929,245
509533.812900,6944431.184000,33.552374,245
509534.304800,6944431.274000,33.583098,245
509534.796700,6944431.364000,33.614179,245
509535.288500,6944431.453000,33.638100,245
509535.780400,6944431.543000,33.661038,245
509536.272300,6944431.633000,33.683287,245
509536.764200,6944431.723000,33.704681,245
509537.256100,6944431.812000,33.706169,245
509537.748000,6944431.902000,33.702572,245
509538.239800,6944431.992000,33.698929,245
509538.731700,6944432.081000,33.695241,245
509539.223600,6944432.171000,33.694825,245
509539.715500,6944432.261000,33.695990,245
509540.207400,6944432.351000,33.696962,245
509540.699200,6944432.440000,33.697734,245
509541.191100,6944432.530000,33.782753,245
509541.683000,6944432.620000,33.895931,245
509541.978800,6944432.674000,34.008451,245
509542.174900,6944432.710000,34.212175,245
509542.533000,6944432.775000,34.506338,245
509542.458000,6944432.761000,35.004225,245
509542.419300,6944432.754000,35.502113,245
509539.223600,6944432.171000,35.502113,245
509538.731700,6944432.081000,35.004225,245
509515.750200,6944427.889000,35.004225,250
509515.613300,6944427.864000,34.634522,250
509515.544400,6944427.851000,34.506338,250
509515.392000,6944427.824000,34.008451,250
509515.613300,6944427.864000,33.569020,250
509515.645200,6944427.870000,33.510563,250
509516.105200,6944427.954000,33.289820,250
509516.597000,6944428.043000,33.082720,250
509516.968900,6944428.111000,33.012676,250
509517.088900,6944428.133000,32.994420,250
509517.580800,6944428.223000,32.910329,250
509518.072700,6944428.313000,32.814423,250
509518.564600,6944428.402000,32.728680,250
509520.040200,6944428.672000,32.744013,250
509520.532100,6944428.761000,32.750395,250
509521.024000,6944428.851000,32.790888,250
509521.515900,6944428.941000,32.829690,250
509522.007700,6944429.030000,32.865836,250
509522.499600,6944429.120000,32.901193,250
509522.991500,6944429.210000,32.935659,250
509523.483400,6944429.300000,32.971913,250
509523.975300,6944429.389000,33.008178,250
509524.037500,6944429.401000,33.012676,250
509524.467100,6944429.479000,33.044343,250
509524.959000,6944429.569000,33.069157,250
509526.434700,6944429.838000,33.122738,250
509526.926600,6944429.928000,33.137083,250
509528.402200,6944430.197000,33.168820,250
509528.894100,6944430.287000,33.179327,250
509529.386000,6944430.376000,33.192105,250
509529.877800,6944430.466000,33.206483,250
509530.369700,6944430.556000,33.218734,250
509530.861600,6944430.646000,33.229437,250
509531.353500,6944430.735000,33.238829,250
509531.845400,6944430.825000,33.247335,250
509532.337300,6944430.915000,33.255134,250
509532.829100,6944431.005000,33.262320,250
509533.321000,6944431.094000,33.269992,250
509534.796700,6944431.364000,33.297879,250
509535.288500,6944431.453000,33.305380,250
509536.764200,6944431.723000,33.327485,250
509537.256100,6944431.812000,33.329650,250
509538.731700,6944432.081000,33.332071,250
509539.223600,6944432.171000,33.335224,250
509540.699200,6944432.440000,33.348388,250
509541.191100,6944432.530000,33.387219,250
509541.683000,6944432.620000,33.457972,250
509542.049800,6944432.687000,33.510563,250
509542.174900,6944432.710000,33.554014,250
509542.666800,6944432.799000,33.735737,250
509543.158700,6944432.889000,34.004140,250
509543.162800,6944432.890000,34.008451,250
509543.309400,6944432.917000,34.506338,250
509543.348400,6944432.924000,35.004225,250
509543.393000,6944432.932000,35.502113,250
509514.920500,6944427.738000,35.004225,255
509514.785200,6944427.713000,34.506338,255
509514.629500,6944427.684000,34.118069,255
509514.569800,6944427.674000,34.008451,255
509514.629500,6944427.684000,33.803956,255
509514.707800,6944427.699000,33.510563,255
509515.121400,6944427.774000,33.280134,255
509515.613300,6944427.864000,33.077903,255
509515.763200,6944427.891000,33.012676,255
509516.105200,6944427.954000,32.866343,255
509516.597000,6944428.043000,32.716400,255
509517.088900,6944428.133000,32.660325,255
509517.580800,6944428.223000,32.595244,255
509518.060000,6944428.310000,32.514789,255
509518.072700,6944428.313000,32.513846,255
509518.564600,6944428.402000,32.487984,255
509519.056500,6944428.492000,32.494821,255
509519.548300,6944428.582000,32.501929,255
509520.040200,6944428.672000,32.509356,255
509520.331600,6944428.725000,32.514789,255
509520.532100,6944428.761000,32.521516,255
509521.024000,6944428.851000,32.567481,255
509521.515900,6944428.941000,32.606829,255
509522.007700,6944429.030000,32.640465,255
509522.499600,6944429.120000,32.670915,255
509522.991500,6944429.210000,32.697891,255
509523.483400,6944429.300000,32.731052,255
509523.975300,6944429.389000,32.765862,255
509524.467100,6944429.479000,32.804326,255
509524.959000,6944429.569000,32.828739,255
509525.450900,6944429.659000,32.845861,255
509525.942800,6944429.748000,32.862428,255
509526.434700,6944429.838000,32.878631,255
509526.926600,6944429.928000,32.891807,255
509527.418400,6944430.018000,32.901894,255
509527.910300,6944430.107000,32.911972,255
509528.402200,6944430.197000,32.922076,255
509528.894100,6944430.287000,32.932168,255
509529.386000,6944430.376000,32.942213,255
509529.877800,6944430.466000,32.952379,255
509530.369700,6944430.556000,32.963104,255
509530.861600,6944430.646000,32.973847,255
509532.337300,6944430.915000,33.005283,255
509532.685600,6944430.978000,33.012676,255
509532.829100,6944431.005000,33.015736,255
509533.321000,6944431.094000,33.025538,255
509534.796700,6944431.364000,33.055003,255
509535.288500,6944431.453000,33.063234,255
509536.764200,6944431.723000,33.087573,255
509537.256100,6944431.812000,33.091201,255
509538.731700,6944432.081000,33.098573,255
509539.223600,6944432.171000,33.104162,255
509540.699200,6944432.440000,33.125872,255
509541.191100,6944432.530000,33.166440,255
509541.683000,6944432.620000,33.238047,255
509542.174900,6944432.710000,33.309482,255
509542.666800,6944432.799000,33.381035,255
509543.158700,6944432.889000,33.509737,255
509543.160500,6944432.889000,33.510563,255
509543.644600,6944432.978000,34.008451,255
509543.650500,6944432.979000,34.026767,255
509543.803200,6944433.007000,34.506338,255
509543.884200,6944433.021000,35.004225,255
509543.891300,6944433.023000,35.502113,255
509513.977900,6944427.566000,35.004225,260
509513.757500,6944427.525000,34.506338,260
509513.645800,6944427.505000,34.385134,260
509513.202300,6944427.424000,34.008451,260
509513.196000,6944427.423000,33.510563,260
509513.645800,6944427.505000,33.346509,260
509514.137600,6944427.595000,33.098854,260
509514.280400,6944427.621000,33.012676,260
509514.629500,6944427.684000,32.896435,260
509515.121400,6944427.774000,32.754995,260
509515.561700,6944427.855000,32.514789,260
509515.613300,6944427.864000,32.505359,260
509516.105200,6944427.954000,32.480588,260
509516.597000,6944428.043000,32.443643,260
509517.088900,6944428.133000,32.425738,260
509517.580800,6944428.223000,32.403056,260
509518.072700,6944428.313000,32.374049,260
509518.564600,6944428.402000,32.354870,260
509519.056500,6944428.492000,32.363759,260
509519.548300,6944428.582000,32.372827,260
509520.040200,6944428.672000,32.382118,260
509520.532100,6944428.761000,32.392676,260
509521.024000,6944428.851000,32.417006,260
509521.515900,6944428.941000,32.438974,260
509522.007700,6944429.030000,32.457590,260
509522.499600,6944429.120000,32.473352,260
509522.991500,6944429.210000,32.485380,260
509523.483400,6944429.300000,32.501655,260
509523.846700,6944429.366000,32.514789,260
509523.975300,6944429.389000,32.523545,260
509524.467100,6944429.479000,32.565319,260
509524.959000,6944429.569000,32.590691,260
509525.450900,6944429.659000,32.608086,260
509525.942800,6944429.748000,32.624245,260
509526.434700,6944429.838000,32.639442,260
509526.926600,6944429.928000,32.651672,260
509527.418400,6944430.018000,32.661131,260
509527.910300,6944430.107000,32.670334,260
509528.402200,6944430.197000,32.679329,260
509528.894100,6944430.287000,32.688088,260
509529.386000,6944430.376000,32.696588,260
509529.877800,6944430.466000,32.705001,260
509530.369700,6944430.556000,32.715810,260
509530.861600,6944430.646000,32.726992,260
509532.337300,6944430.915000,32.759830,260
509532.829100,6944431.005000,32.774033,260
509533.321000,6944431.094000,32.786711,260
509533.812900,6944431.184000,32.798634,260
509534.304800,6944431.274000,32.809945,260
509534.796700,6944431.364000,32.820762,260
509535.288500,6944431.453000,32.829785,260
509535.780400,6944431.543000,32.838446,260
509536.272300,6944431.633000,32.846897,260
509536.764200,6944431.723000,32.855182,260
509537.256100,6944431.812000,32.859774,260
509537.748000,6944431.902000,32.863381,260
509538.239800,6944431.992000,32.866947,260
509538.731700,6944432.081000,32.870475,260
509539.223600,6944432.171000,32.877412,260
509539.715500,6944432.261000,32.886089,260
509540.207400,6944432.351000,32.894737,260
509540.699200,6944432.440000,32.903413,260
509541.191100,6944432.530000,32.945689,260
509541.645900,6944432.613000,33.012676,260
509541.683000,6944432.620000,33.018122,260
509542.174900,6944432.710000,33.090550,260
509542.666800,6944432.799000,33.162980,260
509543.158700,6944432.889000,33.292226,260
509543.641900,6944432.977000,33.510563,260
509543.650500,6944432.979000,33.519399,260
509544.124100,6944433.065000,34.008451,260
509544.142400,6944433.069000,34.066839,260
509544.279500,6944433.094000,34.506338,260
509544.358000,6944433.108000,35.004225,260
509544.375500,6944433.111000,35.502113,260
509512.860500,6944427.362000,35.004225,265
509512.662000,6944427.325000,34.584146,265
509512.568400,6944427.308000,34.506338,265
509512.170100,6944427.236000,34.299822,265
509511.678200,6944427.146000,34.120390,265
509511.186300,6944427.056000,34.035498,265
509511.021400,6944427.026000,34.008451,265
509510.694500,6944426.967000,33.821604,265
509510.202600,6944426.877000,33.636292,265
509509.710700,6944426.787000,33.566930,265
509509.218800,6944426.697000,33.525235,265
509509.090000,6944426.674000,33.510563,265
509509.218800,6944426.697000,33.496953,265
509509.710700,6944426.787000,33.464544,265
509510.202600,6944426.877000,33.418088,265
509510.694500,6944426.967000,33.348219,265
509511.186300,6944427.056000,33.240243,265
509511.678200,6944427.146000,33.076179,265
509511.877700,6944427.182000,33.012676,265
509512.170100,6944427.236000,32.976499,265
509512.662000,6944427.325000,32.890191,265
509513.153900,6944427.415000,32.736957,265
509513.560000,6944427.489000,32.514789,265
509513.645800,6944427.505000,32.501244,265
509514.137600,6944427.595000,32.487042,265
509514.629500,6944427.684000,32.462348,265
509515.121400,6944427.774000,32.417970,265
509515.613300,6944427.864000,32.339964,265
509516.105200,6944427.954000,32.313223,265
509516.597000,6944428.043000,32.279989,265
509517.088900,6944428.133000,32.267956,265
509517.580800,6944428.223000,32.253011,265
509518.072700,6944428.313000,32.234253,265
509518.564600,6944428.402000,32.221756,265
509519.056500,6944428.492000,32.232697,265
509519.548300,6944428.582000,32.243725,265
509520.040200,6944428.672000,32.254879,265
509520.532100,6944428.761000,32.266865,265
509521.024000,6944428.851000,32.289041,265
509521.515900,6944428.941000,32.309820,265
509522.007700,6944429.030000,32.328285,265
509522.499600,6944429.120000,32.344673,265
509522.991500,6944429.210000,32.357463,265
509523.483400,6944429.300000,32.373053,265
509523.975300,6944429.389000,32.389796,265
509524.467100,6944429.479000,32.410626,265
509524.959000,6944429.569000,32.424271,265
509525.450900,6944429.659000,32.434027,265
509525.942800,6944429.748000,32.443070,265
509526.434700,6944429.838000,32.451445,265
509526.926600,6944429.928000,32.458206,265
509527.418400,6944430.018000,32.463526,265
509527.910300,6944430.107000,32.468557,265
509528.402200,6944430.197000,32.473313,265
509528.894100,6944430.287000,32.477763,265
509529.386000,6944430.376000,32.481889,265
509529.877800,6944430.466000,32.485788,265
509530.369700,6944430.556000,32.491426,265
509530.861600,6944430.646000,32.497339,265
509531.353500,6944430.735000,32.503113,265
509531.845400,6944430.825000,32.508861,265
509532.337300,6944430.915000,32.514583,265
509532.348300,6944430.917000,32.514789,265
509532.829100,6944431.005000,32.532391,265
509533.321000,6944431.094000,32.548196,265
509533.812900,6944431.184000,32.562646,265
509534.304800,6944431.274000,32.575967,265
509534.796700,6944431.364000,32.588342,265
509535.288500,6944431.453000,32.598632,265
509535.780400,6944431.543000,32.608274,265
509536.272300,6944431.633000,32.617443,265
509536.764200,6944431.723000,32.626205,265
509537.256100,6944431.812000,32.631796,265
509537.748000,6944431.902000,32.636494,265
509538.239800,6944431.992000,32.641066,265
509538.731700,6944432.081000,32.645520,265
509539.223600,6944432.171000,32.653488,265
509539.715500,6944432.261000,32.662992,265
509540.207400,6944432.351000,32.672139,265
509540.699200,6944432.440000,32.681011,265
509541.191100,6944432.530000,32.725002,265
509541.683000,6944432.620000,32.806664,265
509542.174900,6944432.710000,32.874150,265
509542.666800,6944432.799000,32.944995,265
509542.923200,6944432.846000,33.012676,265
509543.158700,6944432.889000,33.074716,265
509543.650500,6944432.979000,33.295593,265
509544.123400,6944433.065000,33.510563,265
509544.142400,6944433.069000,33.530199,265
509544.601700,6944433.152000,34.008451,265
509544.634300,6944433.158000,34.113605,265
509544.738600,6944433.177000,34.506338,265
509544.783700,6944433.186000,35.004225,265
509544.785200,6944433.186000,35.502113,265
509510.969200,6944427.017000,35.004225,270
509510.694500,6944426.967000,34.730390,270
509510.247100,6944426.885000,34.506338,270
509510.202600,6944426.877000,34.496436,270
509509.710700,6944426.787000,34.423503,270
509509.218800,6944426.697000,34.339229,270
509508.726900,6944426.608000,34.267927,270
509508.235100,6944426.518000,34.203058,270
509507.743200,6944426.428000,34.096893,270
509507.251300,6944426.338000,34.047159,270
509506.759400,6944426.249000,34.021784,270
509506.267500,6944426.159000,34.008513,270
509506.266600,6944426.159000,34.008451,270
509505.775600,6944426.069000,33.853795,270
509505.283800,6944425.979000,33.745096,270
509504.791900,6944425.890000,33.672816,270
509504.300000,6944425.800000,33.624699,270
509504.300000,6944425.800000,32.988548,270
509504.791900,6944425.890000,32.969083,270
509505.283800,6944425.979000,32.939204,270
509505.775600,6944426.069000,32.880555,270
509506.267500,6944426.159000,32.626957,270
509506.582700,6944426.216000,32.514789,270
509506.759400,6944426.249000,32.510660,270
509507.251300,6944426.338000,32.508474,270
509507.743200,6944426.428000,32.506472,270
509508.235100,6944426.518000,32.503766,270
509508.726900,6944426.608000,32.501673,270
509509.218800,6944426.697000,32.499478,270
509509.710700,6944426.787000,32.496880,270
509510.202600,6944426.877000,32.493777,270
509510.694500,6944426.967000,32.489282,270
509511.186300,6944427.056000,32.483147,270
509511.678200,6944427.146000,32.475476,270
509512.170100,6944427.236000,32.465762,270
509512.662000,6944427.325000,32.443609,270
509513.153900,6944427.415000,32.387323,270
509513.645800,6944427.505000,32.320135,270
509514.137600,6944427.595000,32.296965,270
509514.629500,6944427.684000,32.267587,270
509515.121400,6944427.774000,32.229247,270
509515.613300,6944427.864000,32.174569,270
509516.105200,6944427.954000,32.145859,270
509516.597000,6944428.043000,32.116334,270
509517.088900,6944428.133000,32.110173,270
509517.580800,6944428.223000,32.102965,270
509518.072700,6944428.313000,32.094456,270
509518.564600,6944428.402000,32.088642,270
509519.056500,6944428.492000,32.101634,270
509519.548300,6944428.582000,32.114623,270
509520.040200,6944428.672000,32.127641,270
509520.532100,6944428.761000,32.141054,270
509521.024000,6944428.851000,32.161077,270
509521.515900,6944428.941000,32.180665,270
509522.007700,6944429.030000,32.198980,270
509522.499600,6944429.120000,32.215993,270
509522.991500,6944429.210000,32.229547,270
509523.483400,6944429.300000,32.244450,270
509523.975300,6944429.389000,32.260116,270
509524.467100,6944429.479000,32.278536,270
509524.959000,6944429.569000,32.291382,270
509525.450900,6944429.659000,32.301114,270
509525.942800,6944429.748000,32.310369,270
509526.434700,6944429.838000,32.319163,270
509526.926600,6944429.928000,32.326611,270
509527.418400,6944430.018000,32.332814,270
509527.910300,6944430.107000,32.338799,270
509528.402200,6944430.197000,32.344574,270
509528.894100,6944430.287000,32.350082,270
509529.386000,6944430.376000,32.355280,270
509529.877800,6944430.466000,32.360294,270
509530.369700,6944430.556000,32.366570,270
509530.861600,6944430.646000,32.373030,270
509531.353500,6944430.735000,32.379318,270
509531.845400,6944430.825000,32.385587,270
509532.337300,6944430.915000,32.391837,270
509532.829100,6944431.005000,32.400692,270
509533.321000,6944431.094000,32.408818,270
509533.812900,6944431.184000,32.416536,270
509534.304800,6944431.274000,32.423859,270
509534.796700,6944431.364000,32.430804,270
509535.288500,6944431.453000,32.436743,270
509535.780400,6944431.543000,32.442355,270
509536.272300,6944431.633000,32.447700,270
509536.764200,6944431.723000,32.452788,270
509537.256100,6944431.812000,32.456411,270
509537.748000,6944431.902000,32.459604,270
509538.239800,6944431.992000,32.462700,270
509538.731700,6944432.081000,32.465701,270
509539.223600,6944432.171000,32.470636,270
509539.715500,6944432.261000,32.476304,270
509540.207400,6944432.351000,32.481605,270
509540.699200,6944432.440000,32.486566,270
509541.191100,6944432.530000,32.509503,270
509541.245500,6944432.540000,32.514789,270
509541.683000,6944432.620000,32.595421,270
509542.174900,6944432.710000,32.659149,270
509542.666800,6944432.799000,32.727164,270
509543.158700,6944432.889000,32.859000,270
509543.507700,6944432.953000,33.012676,270
509543.650500,6944432.979000,33.076717,270
509544.142400,6944433.069000,33.292302,270
509544.607700,6944433.153000,33.510563,270
509544.634300,6944433.158000,33.538292,270
509545.026100,6944433.230000,34.008451,270
509545.126200,6944433.248000,34.416614,270
509545.141900,6944433.251000,34.506338,270
509545.140900,6944433.251000,35.004225,270
509545.126200,6944433.248000,35.227844,270
509545.109300,6944433.245000,35.502113,270
509504.300000,6944425.800000,32.461184,275
509504.791900,6944425.890000,32.449787,275
509505.283800,6944425.979000,32.434154,275
509505.775600,6944426.069000,32.411495,275
509506.267500,6944426.159000,32.375884,275
509506.759400,6944426.249000,32.363880,275
509507.251300,6944426.338000,32.358037,275
509507.743200,6944426.428000,32.352184,275
509508.235100,6944426.518000,32.345710,275
509508.726900,6944426.608000,32.339121,275
509509.218800,6944426.697000,32.332225,275
509509.710700,6944426.787000,32.324984,275
509510.202600,6944426.877000,32.317347,275
509510.694500,6944426.967000,32.306925,275
509511.186300,6944427.056000,32.293992,275
509511.678200,6944427.146000,32.279954,275
509512.170100,6944427.236000,32.264614,275
509512.662000,6944427.325000,32.238409,275
509513.153900,6944427.415000,32.189905,275
509513.645800,6944427.505000,32.139027,275
509514.137600,6944427.595000,32.106889,275
509514.629500,6944427.684000,32.072825,275
509515.121400,6944427.774000,32.040524,275
509515.479600,6944427.840000,32.016901,275
509515.613300,6944427.864000,32.009758,275
509516.105200,6944427.954000,31.982894,275
509516.597000,6944428.043000,31.960580,275
509517.088900,6944428.133000,31.960114,275
509517.580800,6944428.223000,31.959647,275
509518.072700,6944428.313000,31.959180,275
509518.564600,6944428.402000,31.959214,275
509519.056500,6944428.492000,31.973245,275
509520.040200,6944428.672000,32.001307,275
509520.532100,6944428.761000,32.015338,275
509520.578400,6944428.770000,32.016901,275
509521.024000,6944428.851000,32.033113,275
509521.515900,6944428.941000,32.051511,275
509522.007700,6944429.030000,32.069675,275
509522.499600,6944429.120000,32.087313,275
509522.991500,6944429.210000,32.101630,275
509523.483400,6944429.300000,32.115847,275
509523.975300,6944429.389000,32.130437,275
509524.467100,6944429.479000,32.146447,275
509524.959000,6944429.569000,32.158492,275
509525.450900,6944429.659000,32.168200,275
509525.942800,6944429.748000,32.177667,275
509526.434700,6944429.838000,32.186881,275
509526.926600,6944429.928000,32.195015,275
509527.418400,6944430.018000,32.202101,275
509527.910300,6944430.107000,32.209041,275
509528.402200,6944430.197000,32.215835,275
509528.894100,6944430.287000,32.222401,275
509529.386000,6944430.376000,32.228670,275
509529.877800,6944430.466000,32.234799,275
509530.369700,6944430.556000,32.241715,275
509530.861600,6944430.646000,32.248721,275
509531.353500,6944430.735000,32.255523,275
509531.845400,6944430.825000,32.262313,275
509532.337300,6944430.915000,32.269091,275
509532.829100,6944431.005000,32.277630,275
509533.321000,6944431.094000,32.285588,275
509533.812900,6944431.184000,32.293289,275
509534.304800,6944431.274000,32.300737,275
509534.796700,6944431.364000,32.307934,275
509535.288500,6944431.453000,32.314277,275
509535.780400,6944431.543000,32.320382,275
509536.272300,6944431.633000,32.326297,275
509536.764200,6944431.723000,32.332026,275
509537.256100,6944431.812000,32.336481,275
509537.748000,6944431.902000,32.340565,275
509538.239800,6944431.992000,32.344574,275
509538.731700,6944432.081000,32.348508,275
509539.223600,6944432.171000,32.354627,275
509539.715500,6944432.261000,32.361663,275
509540.207400,6944432.351000,32.368395,275
509540.699200,6944432.440000,32.374839,275
509541.191100,6944432.530000,32.398124,275
509541.683000,6944432.620000,32.444336,275
509542.174900,6944432.710000,32.477659,275
509542.666800,6944432.799000,32.511971,275
509542.686500,6944432.803000,32.514789,275
509543.158700,6944432.889000,32.644000,275
509543.650500,6944432.979000,32.853984,275
509544.021500,6944433.046000,33.012676,275
509544.142400,6944433.069000,33.065068,275
509544.634300,6944433.158000,33.281753,275
509545.065600,6944433.237000,33.510563,275
509545.126200,6944433.248000,33.584385,275
509545.356400,6944433.290000,34.008451,275
509545.442100,6944433.306000,34.506338,275
509545.488000,6944433.314000,35.004225,275
509545.456500,6944433.308000,35.502113,275
509510.694500,6944426.967000,35.004225,275
509510.202600,6944426.877000,34.506338,275
509506.759400,6944426.249000,34.506338,275
509506.328400,6944426.170000,34.506338,275
509506.267500,6944426.159000,34.500924,275
509505.775600,6944426.069000,34.477832,275
509505.283800,6944425.979000,34.424217,275
509504.791900,6944425.890000,34.390442,275
509504.300000,6944425.800000,34.356678,275
509504.300000,6944425.800000,34.506338,280
509504.300000,6944425.800000,32.292685,280
509504.791900,6944425.890000,32.282711,280
509505.283800,6944425.979000,32.270229,280
509505.775600,6944426.069000,32.253655,280
509506.267500,6944426.159000,32.229640,280
509506.759400,6944426.249000,32.217100,280
509507.251300,6944426.338000,32.207599,280
509507.743200,6944426.428000,32.197896,280
509508.235100,6944426.518000,32.187654,280
509508.726900,6944426.608000,32.176569,280
509509.218800,6944426.697000,32.164971,280
509509.710700,6944426.787000,32.153089,280
509510.202600,6944426.877000,32.140918,280
509510.694500,6944426.967000,32.124567,280
509511.186300,6944427.056000,32.104837,280
509511.678200,6944427.146000,32.084432,280
509512.170100,6944427.236000,32.063465,280
509512.662000,6944427.325000,32.033210,280
509512.854400,6944427.361000,32.016901,280
509513.153900,6944427.415000,31.996808,280
509514.137600,6944427.595000,31.930868,280
509514.629500,6944427.684000,31.901246,280
509515.613300,6944427.864000,31.856883,280
509516.105200,6944427.954000,31.834701,280
509516.597000,6944428.043000,31.817061,280
509517.088900,6944428.133000,31.821220,280
509517.580800,6944428.223000,31.825380,280
509518.072700,6944428.313000,31.829539,280
509518.564600,6944428.402000,31.834094,280
509519.056500,6944428.492000,31.849744,280
509520.040200,6944428.672000,31.881042,280
509520.532100,6944428.761000,31.896691,280
509521.024000,6944428.851000,31.913059,280
509521.515900,6944428.941000,31.929511,280
509522.007700,6944429.030000,31.945962,280
509522.499600,6944429.120000,31.962413,280
509522.991500,6944429.210000,31.976105,280
509523.483400,6944429.300000,31.988918,280
509523.975300,6944429.389000,32.001731,280
509524.467100,6944429.479000,32.014545,280
509524.578900,6944429.500000,32.016901,280
509524.959000,6944429.569000,32.025603,280
509525.450900,6944429.659000,32.035286,280
509525.942800,6944429.748000,32.044966,280
509526.434700,6944429.838000,32.054599,280
509526.926600,6944429.928000,32.063420,280
509527.418400,6944430.018000,32.071388,280
509527.910300,6944430.107000,32.079283,280
509528.402200,6944430.197000,32.087097,280
509528.894100,6944430.287000,32.094719,280
509529.386000,6944430.376000,32.102061,280
509529.877800,6944430.466000,32.109305,280
509530.369700,6944430.556000,32.116859,280
509530.861600,6944430.646000,32.124412,280
509531.353500,6944430.735000,32.131727,280
509531.845400,6944430.825000,32.139039,280
509532.337300,6944430.915000,32.146345,280
509532.829100,6944431.005000,32.154569,280
509533.321000,6944431.094000,32.162357,280
509533.812900,6944431.184000,32.170043,280
509534.304800,6944431.274000,32.177615,280
509534.796700,6944431.364000,32.185065,280
509535.288500,6944431.453000,32.191812,280
509535.780400,6944431.543000,32.198408,280
509536.272300,6944431.633000,32.204893,280
509536.764200,6944431.723000,32.211265,280
509537.256100,6944431.812000,32.216551,280
509537.748000,6944431.902000,32.221527,280
509538.239800,6944431.992000,32.226448,280
509538.731700,6944432.081000,32.231315,280
509539.223600,6944432.171000,32.238617,280
509539.715500,6944432.261000,32.247022,280
509540.207400,6944432.351000,32.255185,280
509540.699200,6944432.440000,32.263111,280
509541.191100,6944432.530000,32.286744,280
509541.683000,6944432.620000,32.330390,280
509542.174900,6944432.710000,32.364653,280
509542.666800,6944432.799000,32.399480,280
509543.158700,6944432.889000,32.468753,280
509543.374100,6944432.928000,32.514789,280
509543.650500,6944432.979000,32.629656,280
509544.142400,6944433.069000,32.834161,280
509544.572100,6944433.147000,33.012676,280
509544.634300,6944433.158000,33.039638,280
509545.126200,6944433.248000,33.297001,280
509545.391200,6944433.296000,33.510563,280
509545.618100,6944433.338000,33.932446,280
509545.658500,6944433.345000,34.008451,280
509545.741100,6944433.360000,34.506338,280
509545.792500,6944433.370000,35.004225,280
509545.875700,6944433.385000,35.502113,280
509504.300000,6944425.800000,32.124185,285
509504.791900,6944425.890000,32.115637,285
509505.283800,6944425.979000,32.106303,285
509505.775600,6944426.069000,32.095815,285
509506.267500,6944426.159000,32.083397,285
509506.759400,6944426.249000,32.070320,285
509507.251300,6944426.338000,32.057161,285
509507.743200,6944426.428000,32.043608,285
509508.235100,6944426.518000,32.029599,285
509508.637900,6944426.591000,32.016901,285
509508.726900,6944426.608000,32.014479,285
509510.202600,6944426.877000,31.973785,285
509510.694500,6944426.967000,31.956068,285
509512.170100,6944427.236000,31.894126,285
509512.662000,6944427.325000,31.867752,285
509514.137600,6944427.595000,31.767484,285
509514.629500,6944427.684000,31.739004,285
509516.105200,6944427.954000,31.686508,285
509516.597000,6944428.043000,31.673541,285
509518.072700,6944428.313000,31.699897,285
509518.564600,6944428.402000,31.708975,285
509520.532100,6944428.761000,31.778044,285
509521.024000,6944428.851000,31.794153,285
509522.499600,6944429.120000,31.842080,285
509522.991500,6944429.210000,31.855269,285
509524.467100,6944429.479000,31.892175,285
509524.959000,6944429.569000,31.902520,285
509526.434700,6944429.838000,31.929967,285
509526.926600,6944429.928000,31.938558,285
509528.402200,6944430.197000,31.962535,285
509528.894100,6944430.287000,31.970422,285
509530.369700,6944430.556000,31.993481,285
509530.861600,6944430.646000,32.001101,285
509531.845400,6944430.825000,32.015832,285
509531.916500,6944430.838000,32.016901,285
509532.337300,6944430.915000,32.023599,285
509532.829100,6944431.005000,32.031508,285
509533.321000,6944431.094000,32.039127,285
509533.812900,6944431.184000,32.046796,285
509534.304800,6944431.274000,32.054493,285
509534.796700,6944431.364000,32.062196,285
509535.288500,6944431.453000,32.069346,285
509535.780400,6944431.543000,32.076434,285
509536.272300,6944431.633000,32.083490,285
509536.764200,6944431.723000,32.090504,285
509537.256100,6944431.812000,32.096622,285
509537.748000,6944431.902000,32.102488,285
509538.239800,6944431.992000,32.108322,285
509538.731700,6944432.081000,32.114122,285
509539.223600,6944432.171000,32.122608,285
509539.715500,6944432.261000,32.132381,285
509540.207400,6944432.351000,32.141975,285
509540.699200,6944432.440000,32.151384,285
509541.191100,6944432.530000,32.175365,285
509541.683000,6944432.620000,32.216443,285
509542.174900,6944432.710000,32.251646,285
509542.666800,6944432.799000,32.286989,285
509543.158700,6944432.889000,32.353380,285
509543.650500,6944432.979000,32.456938,285
509543.928200,6944433.029000,32.514789,285
509544.142400,6944433.069000,32.602153,285
509544.634300,6944433.158000,32.801683,285
509545.053200,6944433.235000,33.012676,285
509545.126200,6944433.248000,33.050775,285
509545.696700,6944433.352000,33.510563,285
509545.960800,6944433.400000,34.008451,285
509546.038500,6944433.414000,34.506338,285
509546.071300,6944433.420000,35.004225,285
509546.109900,6944433.427000,35.110262,285
509546.211400,6944433.446000,35.502113,285
509504.300000,6944425.800000,31.970265,290
509506.267500,6944426.159000,31.946419,290
509506.759400,6944426.249000,31.933987,290
509508.235100,6944426.518000,31.893587,290
509508.726900,6944426.608000,31.877967,290
509510.202600,6944426.877000,31.828646,290
509510.694500,6944426.967000,31.807545,290
509512.170100,6944427.236000,31.734369,290
509512.662000,6944427.325000,31.705726,290
509514.137600,6944427.595000,31.604101,290
509514.629500,6944427.684000,31.576762,290
509516.105200,6944427.954000,31.538315,290
509516.597000,6944428.043000,31.530022,290
509518.072700,6944428.313000,31.570256,290
509518.564600,6944428.402000,31.583856,290
509520.532100,6944428.761000,31.659397,290
509521.024000,6944428.851000,31.675248,290
509522.499600,6944429.120000,31.721748,290
509522.991500,6944429.210000,31.734434,290
509524.467100,6944429.479000,31.769806,290
509524.959000,6944429.569000,31.780125,290
509526.434700,6944429.838000,31.808385,290
509526.926600,6944429.928000,31.817378,290
509528.402200,6944430.197000,31.842983,290
509528.894100,6944430.287000,31.851406,290
509530.369700,6944430.556000,31.876036,290
509530.861600,6944430.646000,31.884176,290
509532.337300,6944430.915000,31.907799,290
509532.829100,6944431.005000,31.915647,290
509534.796700,6944431.364000,31.945633,290
509535.288500,6944431.453000,31.952662,290
509536.764200,6944431.723000,31.973646,290
509537.256100,6944431.812000,31.979986,290
509538.731700,6944432.081000,31.998490,290
509539.223600,6944432.171000,32.007371,290
509539.678100,6944432.254000,32.016901,290
509539.715500,6944432.261000,32.017740,290
509540.207400,6944432.351000,32.028766,290
509540.699200,6944432.440000,32.039657,290
509541.191100,6944432.530000,32.063986,290
509541.683000,6944432.620000,32.102497,290
509542.174900,6944432.710000,32.138639,290
509542.666800,6944432.799000,32.174498,290
509543.158700,6944432.889000,32.238007,290
509543.650500,6944432.979000,32.338378,290
509544.142400,6944433.069000,32.438707,290
509544.511100,6944433.136000,32.514789,290
509544.634300,6944433.158000,32.564248,290
509545.126200,6944433.248000,32.806857,290
509545.384400,6944433.295000,33.012676,290
509546.002200,6944433.408000,33.510563,290
509546.109900,6944433.427000,33.714929,290
509546.263100,6944433.455000,34.008451,290
509546.335900,6944433.469000,34.506338,290
509546.366500,6944433.474000,35.004225,290
509546.409400,6944433.482000,35.502113,290
509504.300000,6944425.800000,31.841897,295
509506.267500,6944426.159000,31.817166,295
509506.759400,6944426.249000,31.803632,295
509508.235100,6944426.518000,31.759500,295
509508.726900,6944426.608000,31.741455,295
509510.202600,6944426.877000,31.683508,295
509510.694500,6944426.967000,31.659021,295
509512.170100,6944427.236000,31.574612,295
509512.662000,6944427.325000,31.543700,295
509513.016000,6944427.390000,31.519014,295
509513.153900,6944427.415000,31.511304,295
509513.645800,6944427.505000,31.483662,295
509514.137600,6944427.595000,31.455794,295
509514.629500,6944427.684000,31.433996,295
509515.121400,6944427.774000,31.425787,295
509515.613300,6944427.864000,31.417331,295
509516.105200,6944427.954000,31.408626,295
509516.597000,6944428.043000,31.403719,295
509517.088900,6944428.133000,31.418146,295
509517.580800,6944428.223000,31.432678,295
509518.072700,6944428.313000,31.447458,295
509518.564600,6944428.402000,31.462763,295
509519.056500,6944428.492000,31.481702,295
509519.548300,6944428.582000,31.500814,295
509520.010300,6944428.666000,31.519014,295
509520.040200,6944428.672000,31.520247,295
509520.532100,6944428.761000,31.540750,295
509521.024000,6944428.851000,31.556342,295
509522.499600,6944429.120000,31.601415,295
509522.991500,6944429.210000,31.613598,295
509524.467100,6944429.479000,31.647436,295
509524.959000,6944429.569000,31.657730,295
509526.434700,6944429.838000,31.686803,295
509526.926600,6944429.928000,31.696198,295
509528.402200,6944430.197000,31.723430,295
509528.894100,6944430.287000,31.732389,295
509530.369700,6944430.556000,31.758590,295
509530.861600,6944430.646000,31.767251,295
509532.337300,6944430.915000,31.792400,295
509532.829100,6944431.005000,31.800756,295
509534.796700,6944431.364000,31.832752,295
509535.288500,6944431.453000,31.840309,295
509536.764200,6944431.723000,31.862883,295
509537.256100,6944431.812000,31.869880,295
509538.731700,6944432.081000,31.890459,295
509539.223600,6944432.171000,31.900068,295
509540.699200,6944432.440000,31.933236,295
509541.191100,6944432.530000,31.956346,295
509541.683000,6944432.620000,31.990706,295
509542.058300,6944432.688000,32.016901,295
509542.174900,6944432.710000,32.025632,295
509542.666800,6944432.799000,32.062007,295
509543.158700,6944432.889000,32.122634,295
509543.650500,6944432.979000,32.219818,295
509544.142400,6944433.069000,32.316674,295
509544.634300,6944433.158000,32.414937,295
509545.027200,6944433.230000,32.514789,295
509545.126200,6944433.248000,32.563361,295
509545.618100,6944433.338000,32.945773,295
509545.698700,6944433.352000,33.012676,295
509546.109900,6944433.427000,33.336137,295
509546.312000,6944433.464000,33.510563,295
509546.565400,6944433.511000,34.008451,295
509546.601800,6944433.517000,34.274041,295
509546.632800,6944433.523000,34.506338,295
509546.665300,6944433.529000,35.004225,295
509546.611000,6944433.519000,35.502113,295
509504.300000,6944425.800000,31.713529,300
509506.267500,6944426.159000,31.687914,300
509506.759400,6944426.249000,31.673277,300
509508.235100,6944426.518000,31.625414,300
509508.726900,6944426.608000,31.604943,300
509510.202600,6944426.877000,31.538369,300
509510.546600,6944426.940000,31.519014,300
509510.694500,6944426.967000,31.512253,300
509511.186300,6944427.056000,31.486977,300
509511.678200,6944427.146000,31.461744,300
509512.170100,6944427.236000,31.436535,300
509512.662000,6944427.325000,31.409920,300
509513.153900,6944427.415000,31.381378,300
509513.645800,6944427.505000,31.352662,300
509514.137600,6944427.595000,31.323871,300
509514.629500,6944427.684000,31.301993,300
509515.121400,6944427.774000,31.295367,300
509515.613300,6944427.864000,31.288605,300
509516.105200,6944427.954000,31.281707,300
509516.597000,6944428.043000,31.278846,300
509517.088900,6944428.133000,31.295762,300
509517.580800,6944428.223000,31.312474,300
509518.072700,6944428.313000,31.329132,300
509518.564600,6944428.402000,31.346001,300
509519.056500,6944428.492000,31.365845,300
509519.548300,6944428.582000,31.385704,300
509520.040200,6944428.672000,31.405667,300
509520.532100,6944428.761000,31.425827,300
509521.024000,6944428.851000,31.440542,300
509521.515900,6944428.941000,31.454597,300
509522.007700,6944429.030000,31.468632,300
509522.499600,6944429.120000,31.482641,300
509522.991500,6944429.210000,31.493902,300
509523.483400,6944429.300000,31.504247,300
509523.975300,6944429.389000,31.514532,300
509524.191200,6944429.429000,31.519014,300
509524.467100,6944429.479000,31.525067,300
509524.959000,6944429.569000,31.535335,300
509526.434700,6944429.838000,31.565221,300
509526.926600,6944429.928000,31.575018,300
509528.402200,6944430.197000,31.603878,300
509528.894100,6944430.287000,31.613372,300
509530.369700,6944430.556000,31.641145,300
509530.861600,6944430.646000,31.650327,300
509532.337300,6944430.915000,31.677001,300
509532.829100,6944431.005000,31.685865,300
509534.796700,6944431.364000,31.719872,300
509535.288500,6944431.453000,31.727957,300
509536.764200,6944431.723000,31.752119,300
509537.256100,6944431.812000,31.759775,300
509538.731700,6944432.081000,31.782429,300
509539.223600,6944432.171000,31.792765,300
509540.699200,6944432.440000,31.828173,300
509541.191100,6944432.530000,31.851444,300
509542.666800,6944432.799000,31.953372,300
509543.158700,6944432.889000,32.007905,300
509543.210300,6944432.899000,32.016901,300
509543.650500,6944432.979000,32.101258,300
509544.142400,6944433.069000,32.194640,300
509544.634300,6944433.158000,32.288813,300
509545.126200,6944433.248000,32.409050,300
509545.425400,6944433.303000,32.514789,300
509545.618100,6944433.338000,32.661372,300
509546.041300,6944433.415000,33.012676,300
509546.109900,6944433.427000,33.066667,300
509546.601800,6944433.517000,33.488447,300
509546.625700,6944433.522000,33.510563,300
509546.864500,6944433.565000,34.008451,300
509546.926500,6944433.576000,34.506338,300
509546.967500,6944433.584000,35.004225,300
509546.937900,6944433.579000,35.502113,300
509504.300000,6944425.800000,31.585161,305
509506.267500,6944426.159000,31.558662,305
509506.759400,6944426.249000,31.542922,305
509507.251300,6944426.338000,31.525724,305
509507.444300,6944426.374000,31.519014,305
509507.743200,6944426.428000,31.510688,305
509508.235100,6944426.518000,31.497009,305
509508.726900,6944426.608000,31.478806,305
509509.218800,6944426.697000,31.458891,305
509509.710700,6944426.787000,31.438980,305
509510.202600,6944426.877000,31.419071,305
509510.694500,6944426.967000,31.394336,305
509511.186300,6944427.056000,31.366221,305
509511.678200,6944427.146000,31.338126,305
509512.170100,6944427.236000,31.310032,305
509512.662000,6944427.325000,31.281217,305
509513.153900,6944427.415000,31.251451,305
509513.645800,6944427.505000,31.221661,305
509514.137600,6944427.595000,31.191948,305
509514.629500,6944427.684000,31.169990,305
509515.121400,6944427.774000,31.164947,305
509515.613300,6944427.864000,31.159878,305
509516.105200,6944427.954000,31.154789,305
509516.597000,6944428.043000,31.153973,305
509517.088900,6944428.133000,31.173378,305
509517.580800,6944428.223000,31.192270,305
509518.072700,6944428.313000,31.210807,305
509518.564600,6944428.402000,31.229239,305
509519.056500,6944428.492000,31.249989,305
509519.548300,6944428.582000,31.270595,305
509520.040200,6944428.672000,31.291147,305
509520.532100,6944428.761000,31.311739,305
509521.024000,6944428.851000,31.326164,305
509521.515900,6944428.941000,31.339869,305
509522.007700,6944429.030000,31.353568,305
509522.499600,6944429.120000,31.367255,305
509522.991500,6944429.210000,31.378312,305
509523.483400,6944429.300000,31.388517,305
509523.975300,6944429.389000,31.398694,305
509524.467100,6944429.479000,31.408836,305
509524.959000,6944429.569000,31.418782,305
509525.450900,6944429.659000,31.428614,305
509525.942800,6944429.748000,31.438426,305
509526.434700,6944429.838000,31.448214,305
509526.926600,6944429.928000,31.457899,305
509527.418400,6944430.018000,31.467488,305
509527.910300,6944430.107000,31.477060,305
509528.402200,6944430.197000,31.486612,305
509528.894100,6944430.287000,31.496013,305
509529.386000,6944430.376000,31.505152,305
509529.877800,6944430.466000,31.514272,305
509530.133600,6944430.513000,31.519014,305
509530.369700,6944430.556000,31.523699,305
509530.861600,6944430.646000,31.533402,305
509532.337300,6944430.915000,31.561601,305
509532.829100,6944431.005000,31.570974,305
509534.796700,6944431.364000,31.606991,305
509535.288500,6944431.453000,31.615604,305
509536.764200,6944431.723000,31.641356,305
509537.256100,6944431.812000,31.649669,305
509538.731700,6944432.081000,31.674398,305
509539.223600,6944432.171000,31.685462,305
509540.699200,6944432.440000,31.723109,305
509541.191100,6944432.530000,31.746543,305
509542.666800,6944432.799000,31.847320,305
509543.158700,6944432.889000,31.900241,305
509543.650500,6944432.979000,31.984797,305
509543.841000,6944433.014000,32.016901,305
509544.142400,6944433.069000,32.072606,305
509544.634300,6944433.158000,32.162689,305
509545.126200,6944433.248000,32.276964,305
509545.618100,6944433.338000,32.449984,305
509545.814100,6944433.374000,32.514789,305
509546.109900,6944433.427000,32.752584,305
509546.403500,6944433.481000,33.012676,305
509546.601800,6944433.517000,33.179586,305
509546.959700,6944433.583000,33.510563,305
509547.093700,6944433.607000,33.825719,305
509547.160000,6944433.619000,34.008451,305
509547.214800,6944433.629000,34.506338,305
509547.251000,6944433.636000,35.004225,305
509547.332400,6944433.651000,35.502113,305
509504.300000,6944425.800000,31.470290,310
509504.791900,6944425.890000,31.464798,310
509505.283800,6944425.979000,31.459286,310
509505.775600,6944426.069000,31.453756,310
509506.267500,6944426.159000,31.448210,310
509506.759400,6944426.249000,31.434753,310
509507.251300,6944426.338000,31.420003,310
509507.743200,6944426.428000,31.405230,310
509508.235100,6944426.518000,31.390441,310
509508.726900,6944426.608000,31.370295,310
509509.218800,6944426.697000,31.348112,310
509509.710700,6944426.787000,31.325931,310
509510.202600,6944426.877000,31.303750,310
509510.694500,6944426.967000,31.276420,310
509511.186300,6944427.056000,31.245466,310
509511.678200,6944427.146000,31.214507,310
509512.170100,6944427.236000,31.183528,310
509512.662000,6944427.325000,31.152514,310
509513.153900,6944427.415000,31.121524,310
509513.645800,6944427.505000,31.090661,310
509514.137600,6944427.595000,31.060024,310
509514.629500,6944427.684000,31.037986,310
509515.121400,6944427.774000,31.034527,310
509515.613300,6944427.864000,31.031152,310
509516.105200,6944427.954000,31.027870,310
509516.597000,6944428.043000,31.029100,310
509517.088900,6944428.133000,31.050994,310
509517.580800,6944428.223000,31.072066,310
509518.072700,6944428.313000,31.092482,310
509518.564600,6944428.402000,31.112477,310
509519.056500,6944428.492000,31.134132,310
509519.548300,6944428.582000,31.155485,310
509520.040200,6944428.672000,31.176626,310
509520.532100,6944428.761000,31.197651,310
509521.024000,6944428.851000,31.211786,310
509521.515900,6944428.941000,31.225141,310
509522.007700,6944429.030000,31.238503,310
509522.499600,6944429.120000,31.251868,310
509522.991500,6944429.210000,31.262721,310
509523.483400,6944429.300000,31.272786,310
509523.975300,6944429.389000,31.282857,310
509524.467100,6944429.479000,31.292924,310
509524.959000,6944429.569000,31.303128,310
509525.450900,6944429.659000,31.313422,310
509525.942800,6944429.748000,31.323718,310
509526.434700,6944429.838000,31.334011,310
509526.926600,6944429.928000,31.344269,310
509527.418400,6944430.018000,31.354497,310
509527.910300,6944430.107000,31.364722,310
509528.402200,6944430.197000,31.374941,310
509528.894100,6944430.287000,31.384994,310
509529.386000,6944430.376000,31.394742,310
509529.877800,6944430.466000,31.404484,310
509530.369700,6944430.556000,31.414215,310
509530.861600,6944430.646000,31.423845,310
509531.353500,6944430.735000,31.433130,310
509531.845400,6944430.825000,31.442404,310
509532.337300,6944430.915000,31.451666,310
509532.829100,6944431.005000,31.460883,310
509533.321000,6944431.094000,31.469711,310
509533.812900,6944431.184000,31.478527,310
509534.304800,6944431.274000,31.487327,310
509534.796700,6944431.364000,31.496111,310
509535.288500,6944431.453000,31.504529,310
509535.780400,6944431.543000,31.512909,310
509536.138800,6944431.608000,31.519014,310
509536.272300,6944431.633000,31.521478,310
509536.764200,6944431.723000,31.530592,310
509537.256100,6944431.812000,31.539563,310
509538.731700,6944432.081000,31.566367,310
509539.223600,6944432.171000,31.578159,310
509540.699200,6944432.440000,31.618046,310
509541.191100,6944432.530000,31.641642,310
509542.666800,6944432.799000,31.741267,310
509543.158700,6944432.889000,31.792577,310
509543.650500,6944432.979000,31.873512,310
509544.142400,6944433.069000,31.954447,310
509544.524700,6944433.138000,32.016901,310
509544.634300,6944433.158000,32.036565,310
509545.126200,6944433.248000,32.144877,310
509545.618100,6944433.338000,32.316252,310
509546.109900,6944433.427000,32.477869,310
509546.212200,6944433.446000,32.514789,310
509546.601800,6944433.517000,32.858544,310
509546.770500,6944433.548000,33.012676,310
509547.093700,6944433.607000,33.309022,310
509547.265800,6944433.638000,33.510563,310
509547.445200,6944433.671000,34.008451,310
509547.496100,6944433.680000,34.506338,310
509547.521000,6944433.685000,35.004225,310
509547.585600,6944433.697000,35.178276,310
509547.661100,6944433.710000,35.502113,310
509504.300000,6944425.800000,31.369768,315
509504.791900,6944425.890000,31.363857,315
509505.283800,6944425.979000,31.357938,315
509505.775600,6944426.069000,31.352011,315
509506.267500,6944426.159000,31.346078,315
509506.759400,6944426.249000,31.331568,315
509507.251300,6944426.338000,31.315673,315
509507.743200,6944426.428000,31.299772,315
509508.235100,6944426.518000,31.283873,315
509508.726900,6944426.608000,31.261783,315
509509.218800,6944426.697000,31.237333,315
509509.710700,6944426.787000,31.212882,315
509510.202600,6944426.877000,31.188428,315
509510.694500,6944426.967000,31.158504,315
509511.186300,6944427.056000,31.124710,315
509511.678200,6944427.146000,31.090889,315
509512.170100,6944427.236000,31.057024,315
509512.662000,6944427.325000,31.023811,315
509512.703300,6944427.333000,31.021127,315
509513.153900,6944427.415000,30.997902,315
509514.137600,6944427.595000,30.947244,315
509514.629500,6944427.684000,30.928888,315
509516.105200,6944427.954000,30.920311,315
509516.597000,6944428.043000,30.921241,315
509518.072700,6944428.313000,30.978606,315
509518.564600,6944428.402000,30.997782,315
509519.056500,6944428.492000,31.018479,315
509519.119600,6944428.504000,31.021127,315
509519.548300,6944428.582000,31.040375,315
509520.040200,6944428.672000,31.062106,315
509520.532100,6944428.761000,31.083563,315
509521.024000,6944428.851000,31.097408,315
509521.515900,6944428.941000,31.110413,315
509522.007700,6944429.030000,31.123439,315
509522.499600,6944429.120000,31.136482,315
509522.991500,6944429.210000,31.147131,315
509523.483400,6944429.300000,31.157056,315
509523.975300,6944429.389000,31.167019,315
509524.467100,6944429.479000,31.177013,315
509524.959000,6944429.569000,31.187473,315
509525.450900,6944429.659000,31.198231,315
509525.942800,6944429.748000,31.209011,315
509526.434700,6944429.838000,31.219808,315
509526.926600,6944429.928000,31.230639,315
509527.418400,6944430.018000,31.241506,315
509527.910300,6944430.107000,31.252385,315
509528.402200,6944430.197000,31.263271,315
509528.894100,6944430.287000,31.273975,315
509529.386000,6944430.376000,31.284332,315
509529.877800,6944430.466000,31.294696,315
509530.369700,6944430.556000,31.305061,315
509530.861600,6944430.646000,31.315322,315
509531.353500,6944430.735000,31.325190,315
509531.845400,6944430.825000,31.335059,315
509532.337300,6944430.915000,31.344925,315
509532.829100,6944431.005000,31.354755,315
509533.321000,6944431.094000,31.364146,315
509533.812900,6944431.184000,31.373535,315
509534.304800,6944431.274000,31.382919,315
509534.796700,6944431.364000,31.392295,315
509535.288500,6944431.453000,31.401281,315
509535.780400,6944431.543000,31.410233,315
509536.272300,6944431.633000,31.419179,315
509536.764200,6944431.723000,31.428117,315
509537.256100,6944431.812000,31.436967,315
509537.748000,6944431.902000,31.445795,315
509538.239800,6944431.992000,31.454622,315
509538.731700,6944432.081000,31.463447,315
509539.223600,6944432.171000,31.474886,315
509539.715500,6944432.261000,31.487718,315
509540.207400,6944432.351000,31.500576,315
509540.699200,6944432.440000,31.513466,315
509540.824000,6944432.463000,31.519014,315
509541.191100,6944432.530000,31.536740,315
509542.666800,6944432.799000,31.635214,315
509543.158700,6944432.889000,31.684913,315
509543.650500,6944432.979000,31.762228,315
509544.142400,6944433.069000,31.839541,315
509544.634300,6944433.158000,31.916847,315
509545.126200,6944433.248000,32.013079,315
509545.138200,6944433.250000,32.016901,315
509545.618100,6944433.338000,32.182519,315
509546.109900,6944433.427000,32.340573,315
509546.592300,6944433.515000,32.514789,315
509546.601800,6944433.517000,32.523178,315
509547.093700,6944433.607000,32.972411,315
509547.129200,6944433.613000,33.012676,315
509547.553100,6944433.691000,33.510563,315
509547.585600,6944433.697000,33.601128,315
509547.729600,6944433.723000,34.008451,315
509547.776300,6944433.731000,34.506338,315
509547.760100,6944433.729000,35.004225,315
509547.830700,6944433.741000,35.502113,315
509504.300000,6944425.800000,31.269245,320
509504.791900,6944425.890000,31.262917,320
509505.283800,6944425.979000,31.256590,320
509505.775600,6944426.069000,31.250266,320
509506.267500,6944426.159000,31.243946,320
509506.759400,6944426.249000,31.228382,320
509507.251300,6944426.338000,31.211342,320
509507.743200,6944426.428000,31.194314,320
509508.235100,6944426.518000,31.177305,320
509508.726900,6944426.608000,31.153272,320
509509.218800,6944426.697000,31.126554,320
509509.710700,6944426.787000,31.099833,320
509510.202600,6944426.877000,31.073106,320
509510.694500,6944426.967000,31.040587,320
509510.958700,6944427.015000,31.021127,320
509511.186300,6944427.056000,31.007651,320
509512.170100,6944427.236000,30.950139,320
509512.662000,6944427.325000,30.922339,320
509514.137600,6944427.595000,30.842467,320
509514.629500,6944427.684000,30.823144,320
509516.105200,6944427.954000,30.813837,320
509516.597000,6944428.043000,30.814543,320
509518.072700,6944428.313000,30.871491,320
509518.564600,6944428.402000,30.890521,320
509520.532100,6944428.761000,30.971951,320
509521.024000,6944428.851000,30.984880,320
509522.499600,6944429.120000,31.021097,320
509522.501100,6944429.120000,31.021127,320
509522.991500,6944429.210000,31.031540,320
509523.483400,6944429.300000,31.041325,320
509523.975300,6944429.389000,31.051182,320
509524.467100,6944429.479000,31.061101,320
509524.959000,6944429.569000,31.071819,320
509525.450900,6944429.659000,31.083040,320
509525.942800,6944429.748000,31.094303,320
509526.434700,6944429.838000,31.105605,320
509526.926600,6944429.928000,31.117009,320
509527.418400,6944430.018000,31.128516,320
509527.910300,6944430.107000,31.140047,320
509528.402200,6944430.197000,31.151600,320
509528.894100,6944430.287000,31.162956,320
509529.386000,6944430.376000,31.173923,320
509529.877800,6944430.466000,31.184908,320
509530.369700,6944430.556000,31.195907,320
509530.861600,6944430.646000,31.206799,320
509531.353500,6944430.735000,31.217250,320
509531.845400,6944430.825000,31.227713,320
509532.337300,6944430.915000,31.238185,320
509532.829100,6944431.005000,31.248627,320
509533.321000,6944431.094000,31.258582,320
509533.812900,6944431.184000,31.268544,320
509534.304800,6944431.274000,31.278511,320
509534.796700,6944431.364000,31.288480,320
509535.288500,6944431.453000,31.298033,320
509535.780400,6944431.543000,31.307558,320
509536.272300,6944431.633000,31.317084,320
509536.764200,6944431.723000,31.326609,320
509537.256100,6944431.812000,31.336094,320
509537.748000,6944431.902000,31.345568,320
509538.239800,6944431.992000,31.355043,320
509538.731700,6944432.081000,31.364517,320
509539.223600,6944432.171000,31.376563,320
509539.715500,6944432.261000,31.389969,320
509540.207400,6944432.351000,31.403386,320
509540.699200,6944432.440000,31.416820,320
509541.191100,6944432.530000,31.438721,320
509541.683000,6944432.620000,31.468536,320
509542.174900,6944432.710000,31.498420,320
509542.513300,6944432.771000,31.519014,320
509542.666800,6944432.799000,31.529161,320
509543.158700,6944432.889000,31.577249,320
509543.650500,6944432.979000,31.650943,320
509544.142400,6944433.069000,31.724636,320
509544.634300,6944433.158000,31.798311,320
509545.126200,6944433.248000,31.890268,320
509545.525700,6944433.321000,32.016901,320
509545.618100,6944433.338000,32.048787,320
509546.109900,6944433.427000,32.203278,320
509546.601800,6944433.517000,32.367263,320
509546.961400,6944433.583000,32.514789,320
509547.093700,6944433.607000,32.635632,320
509547.426500,6944433.668000,33.012676,320
509547.585600,6944433.697000,33.200072,320
509547.842800,6944433.744000,33.510563,320
509548.013300,6944433.775000,34.008451,320
509548.055900,6944433.782000,34.506338,320
509547.989400,6944433.770000,35.004225,320
509548.000300,6944433.772000,35.502113,320
509504.300000,6944425.800000,31.168723,325
509504.791900,6944425.890000,31.161977,325
509505.283800,6944425.979000,31.155243,325
509505.775600,6944426.069000,31.148521,325
509506.267500,6944426.159000,31.141814,325
509506.759400,6944426.249000,31.125197,325
509507.251300,6944426.338000,31.107012,325
509507.743200,6944426.428000,31.088856,325
509508.235100,6944426.518000,31.070737,325
509508.726900,6944426.608000,31.044760,325
509509.129500,6944426.681000,31.021127,325
509509.218800,6944426.697000,31.016922,325
509510.202600,6944426.877000,30.971375,325
509510.694500,6944426.967000,30.943819,325
509512.170100,6944427.236000,30.851027,325
509512.662000,6944427.325000,30.821447,325
509514.137600,6944427.595000,30.737691,325
509514.629500,6944427.684000,30.717399,325
509516.105200,6944427.954000,30.707364,325
509516.597000,6944428.043000,30.707845,325
509518.072700,6944428.313000,30.764376,325
509518.564600,6944428.402000,30.783261,325
509520.532100,6944428.761000,30.863332,325
509521.024000,6944428.851000,30.876057,325
509522.499600,6944429.120000,30.911704,325
509522.991500,6944429.210000,30.921763,325
509524.467100,6944429.479000,30.950198,325
509524.959000,6944429.569000,30.960623,325
509526.434700,6944429.838000,30.993631,325
509526.926600,6944429.928000,31.004740,325
509527.418400,6944430.018000,31.015963,325
509527.643900,6944430.059000,31.021127,325
509527.910300,6944430.107000,31.027710,325
509528.402200,6944430.197000,31.039929,325
509528.894100,6944430.287000,31.051937,325
509529.386000,6944430.376000,31.063513,325
509529.877800,6944430.466000,31.075120,325
509530.369700,6944430.556000,31.086753,325
509530.861600,6944430.646000,31.098276,325
509531.353500,6944430.735000,31.109310,325
509531.845400,6944430.825000,31.120367,325
509532.337300,6944430.915000,31.131445,325
509532.829100,6944431.005000,31.142498,325
509533.321000,6944431.094000,31.153017,325
509533.812900,6944431.184000,31.163553,325
509534.304800,6944431.274000,31.174103,325
509534.796700,6944431.364000,31.184664,325
509535.288500,6944431.453000,31.194785,325
509535.780400,6944431.543000,31.204883,325
509536.272300,6944431.633000,31.214989,325
509536.764200,6944431.723000,31.225102,325
509537.256100,6944431.812000,31.235221,325
509537.748000,6944431.902000,31.245342,325
509538.239800,6944431.992000,31.255463,325
509538.731700,6944432.081000,31.265586,325
509539.223600,6944432.171000,31.278241,325
509539.715500,6944432.261000,31.292220,325
509540.207400,6944432.351000,31.306196,325
509540.699200,6944432.440000,31.320174,325
509541.191100,6944432.530000,31.342101,325
509541.683000,6944432.620000,31.371439,325
509542.174900,6944432.710000,31.400805,325
509542.666800,6944432.799000,31.430235,325
509543.158700,6944432.889000,31.473186,325
509543.509000,6944432.953000,31.519014,325
509543.650500,6944432.979000,31.539658,325
509544.142400,6944433.069000,31.609730,325
509544.634300,6944433.158000,31.679775,325
509545.126200,6944433.248000,31.767457,325
509545.618100,6944433.338000,31.916074,325
509545.952800,6944433.399000,32.016901,325
509546.109900,6944433.427000,32.065982,325
509546.601800,6944433.517000,32.215952,325
509547.093700,6944433.607000,32.403229,325
509547.323100,6944433.649000,32.514789,325
509547.585600,6944433.697000,32.819611,325
509547.734200,6944433.724000,33.012676,325
509548.077500,6944433.786000,33.435410,325
509548.134100,6944433.797000,33.510563,325
509548.297000,6944433.826000,34.008451,325
509548.335600,6944433.834000,34.506338,325
509548.295300,6944433.826000,35.004225,325
509548.214900,6944433.812000,35.502113,325
509504.300000,6944425.800000,31.068200,330
509504.791900,6944425.890000,31.061037,330
509505.283800,6944425.979000,31.053895,330
509505.775600,6944426.069000,31.046776,330
509506.267500,6944426.159000,31.039682,330
509506.759400,6944426.249000,31.022011,330
509506.782200,6944426.253000,31.021127,330
509507.251300,6944426.338000,31.006675,330
509508.235100,6944426.518000,30.976388,330
509508.726900,6944426.608000,30.954435,330
509510.202600,6944426.877000,30.880795,330
509510.694500,6944426.967000,30.851232,330
509512.170100,6944427.236000,30.751916,330
509512.662000,6944427.325000,30.720555,330
509514.137600,6944427.595000,30.632915,330
509514.629500,6944427.684000,30.611654,330
509516.105200,6944427.954000,30.600891,330
509516.597000,6944428.043000,30.601147,330
509518.072700,6944428.313000,30.657261,330
509518.564600,6944428.402000,30.676000,330
509520.532100,6944428.761000,30.754714,330
509521.024000,6944428.851000,30.767233,330
509522.499600,6944429.120000,30.802312,330
509522.991500,6944429.210000,30.812561,330
509524.467100,6944429.479000,30.841932,330
509524.959000,6944429.569000,30.852905,330
509526.434700,6944429.838000,30.887994,330
509526.926600,6944429.928000,30.899827,330
509528.402200,6944430.197000,30.935769,330
509528.894100,6944430.287000,30.947508,330
509530.369700,6944430.556000,30.981348,330
509530.861600,6944430.646000,30.992493,330
509531.845400,6944430.825000,31.013750,330
509532.186000,6944430.887000,31.021127,330
509532.337300,6944430.915000,31.024704,330
509532.829100,6944431.005000,31.036370,330
509533.321000,6944431.094000,31.047452,330
509533.812900,6944431.184000,31.058561,330
509534.304800,6944431.274000,31.069695,330
509534.796700,6944431.364000,31.080849,330
509535.288500,6944431.453000,31.091537,330
509535.780400,6944431.543000,31.102208,330
509536.272300,6944431.633000,31.112894,330
509536.764200,6944431.723000,31.123594,330
509537.256100,6944431.812000,31.134347,330
509537.748000,6944431.902000,31.145115,330
509538.239800,6944431.992000,31.155884,330
509538.731700,6944432.081000,31.166655,330
509539.223600,6944432.171000,31.179918,330
509539.715500,6944432.261000,31.194472,330
509540.207400,6944432.351000,31.209006,330
509540.699200,6944432.440000,31.223527,330
509541.191100,6944432.530000,31.245481,330
509541.683000,6944432.620000,31.274342,330
509542.174900,6944432.710000,31.303191,330
509542.666800,6944432.799000,31.332063,330
509543.158700,6944432.889000,31.373364,330
509543.650500,6944432.979000,31.434999,330
509544.142400,6944433.069000,31.496599,330
509544.325100,6944433.102000,31.519014,330
509544.634300,6944433.158000,31.561240,330
509545.126200,6944433.248000,31.644646,330
509545.618100,6944433.338000,31.783680,330
509546.109900,6944433.427000,31.925143,330
509546.439800,6944433.488000,32.016901,330
509546.601800,6944433.517000,32.064642,330
509547.093700,6944433.607000,32.229237,330
509547.585600,6944433.697000,32.468570,330
509547.675700,6944433.713000,32.514789,330
509548.053900,6944433.782000,33.012676,330
509548.077500,6944433.786000,33.041645,330
509548.430700,6944433.851000,33.510563,330
509548.569400,6944433.876000,33.969210,330
509548.580800,6944433.878000,34.008451,330
509548.615600,6944433.885000,34.506338,330
509548.633400,6944433.888000,35.004225,330
509548.569400,6944433.876000,35.181902,330
509548.467000,6944433.857000,35.502113,330
509504.300000,6944425.800000,30.979644,335
509506.267500,6944426.159000,30.955786,335
509506.759400,6944426.249000,30.941061,335
509508.235100,6944426.518000,30.892681,335
509508.726900,6944426.608000,30.869174,335
509510.202600,6944426.877000,30.790216,335
509510.694500,6944426.967000,30.758644,335
509512.170100,6944427.236000,30.652804,335
509512.662000,6944427.325000,30.619663,335
509514.137600,6944427.595000,30.528139,335
509514.246800,6944427.615000,30.523239,335
509514.629500,6944427.684000,30.505858,335
509515.121400,6944427.774000,30.501987,335
509515.613300,6944427.864000,30.498114,335
509516.105200,6944427.954000,30.494243,335
509516.597000,6944428.043000,30.494260,335
509517.088900,6944428.133000,30.512951,335
509517.360000,6944428.183000,30.523239,335
509517.580800,6944428.223000,30.531580,335
509518.072700,6944428.313000,30.550146,335
509518.564600,6944428.402000,30.568739,335
509520.532100,6944428.761000,30.646096,335
509521.024000,6944428.851000,30.658409,335
509522.499600,6944429.120000,30.692919,335
509522.991500,6944429.210000,30.703359,335
509524.467100,6944429.479000,30.733666,335
509524.959000,6944429.569000,30.745188,335
509526.434700,6944429.838000,30.782357,335
509526.926600,6944429.928000,30.794915,335
509528.402200,6944430.197000,30.833130,335
509528.894100,6944430.287000,30.845611,335
509530.369700,6944430.556000,30.881593,335
509530.861600,6944430.646000,30.893444,335
509532.337300,6944430.915000,30.927354,335
509532.829100,6944431.005000,30.938613,335
509534.796700,6944431.364000,30.981289,335
509535.288500,6944431.453000,30.991491,335
509536.272300,6944431.633000,31.011824,335
509536.722100,6944431.715000,31.021127,335
509536.764200,6944431.723000,31.022087,335
509537.256100,6944431.812000,31.033474,335
509537.748000,6944431.902000,31.044888,335
509538.239800,6944431.992000,31.056305,335
509538.731700,6944432.081000,31.067724,335
509539.223600,6944432.171000,31.081595,335
509539.715500,6944432.261000,31.096723,335
509540.207400,6944432.351000,31.111816,335
509540.699200,6944432.440000,31.126881,335
509541.191100,6944432.530000,31.148861,335
509541.683000,6944432.620000,31.177245,335
509542.174900,6944432.710000,31.205576,335
509542.666800,6944432.799000,31.233891,335
509543.158700,6944432.889000,31.273542,335
509543.650500,6944432.979000,31.331849,335
509544.142400,6944433.069000,31.390123,335
509544.634300,6944433.158000,31.448341,335
509545.109200,6944433.245000,31.519014,335
509545.126200,6944433.248000,31.521835,335
509545.618100,6944433.338000,31.651286,335
509546.109900,6944433.427000,31.782332,335
509546.601800,6944433.517000,31.911671,335
509546.973900,6944433.585000,32.016901,335
509547.093700,6944433.607000,32.055246,335
509547.585600,6944433.697000,32.295133,335
509548.013900,6944433.775000,32.514789,335
509548.077500,6944433.786000,32.598763,335
509548.380700,6944433.842000,33.012676,335
509548.569400,6944433.876000,33.271446,335
509548.730700,6944433.906000,33.510563,335
509548.866500,6944433.930000,34.008451,335
509548.897800,6944433.936000,34.506338,335
509548.917500,6944433.940000,35.004225,335
509548.836000,6944433.925000,35.502113,335
509504.300000,6944425.800000,30.901627,340
509506.267500,6944426.159000,30.875939,340
509506.759400,6944426.249000,30.860303,340
509508.235100,6944426.518000,30.808975,340
509508.726900,6944426.608000,30.783912,340
509510.202600,6944426.877000,30.699637,340
509510.694500,6944426.967000,30.666056,340
509512.170100,6944427.236000,30.553692,340
509512.600000,6944427.314000,30.523239,340
509512.662000,6944427.325000,30.518777,340
509513.153900,6944427.415000,30.486926,340
509513.645800,6944427.505000,30.455180,340
509514.137600,6944427.595000,30.423472,340
509514.629500,6944427.684000,30.399800,340
509515.121400,6944427.774000,30.395540,340
509515.613300,6944427.864000,30.391314,340
509516.105200,6944427.954000,30.387124,340
509516.597000,6944428.043000,30.386864,340
509517.088900,6944428.133000,30.405452,340
509517.580800,6944428.223000,30.424235,340
509518.072700,6944428.313000,30.443021,340
509518.564600,6944428.402000,30.461301,340
509519.056500,6944428.492000,30.480118,340
509519.548300,6944428.582000,30.499206,340
509520.040200,6944428.672000,30.518422,340
509520.163800,6944428.694000,30.523239,340
509520.532100,6944428.761000,30.537477,340
509521.024000,6944428.851000,30.549586,340
509522.499600,6944429.120000,30.583526,340
509522.991500,6944429.210000,30.594157,340
509524.467100,6944429.479000,30.625399,340
509524.959000,6944429.569000,30.637470,340
509526.434700,6944429.838000,30.676720,340
509526.926600,6944429.928000,30.690002,340
509528.402200,6944430.197000,30.730490,340
509528.894100,6944430.287000,30.743715,340
509530.369700,6944430.556000,30.781839,340
509530.861600,6944430.646000,30.794396,340
509532.337300,6944430.915000,30.830329,340
509532.829100,6944431.005000,30.842261,340
509534.796700,6944431.364000,30.887494,340
509535.288500,6944431.453000,30.898308,340
509536.764200,6944431.723000,30.930641,340
509537.256100,6944431.812000,30.941484,340
509538.731700,6944432.081000,30.974066,340
509539.223600,6944432.171000,30.987051,340
509540.207400,6944432.351000,31.015257,340
509540.411600,6944432.388000,31.021127,340
509540.699200,6944432.440000,31.030235,340
509541.191100,6944432.530000,31.052241,340
509541.683000,6944432.620000,31.080148,340
509542.174900,6944432.710000,31.107962,340
509542.666800,6944432.799000,31.135720,340
509543.158700,6944432.889000,31.173721,340
509543.650500,6944432.979000,31.228700,340
509544.142400,6944433.069000,31.283648,340
509544.634300,6944433.158000,31.338562,340
509545.126200,6944433.248000,31.406918,340
509545.618100,6944433.338000,31.518900,340
509545.618600,6944433.338000,31.519014,340
509546.109900,6944433.427000,31.639521,340
509546.601800,6944433.517000,31.757935,340
509547.093700,6944433.607000,31.891013,340
509547.370800,6944433.658000,32.016901,340
509547.585600,6944433.697000,32.121696,340
509548.077500,6944433.786000,32.370399,340
509548.362900,6944433.839000,32.514789,340
509548.569400,6944433.876000,32.803986,340
509548.716100,6944433.903000,33.012676,340
509549.033800,6944433.961000,33.510563,340
509549.061200,6944433.966000,33.620584,340
509549.157200,6944433.983000,34.008451,340
509549.186700,6944433.989000,34.506338,340
509549.205000,6944433.992000,35.004225,340
509549.221100,6944433.995000,35.502113,340
509504.300000,6944425.800000,30.823610,345
509506.267500,6944426.159000,30.796091,345
509506.759400,6944426.249000,30.779546,345
509508.235100,6944426.518000,30.725268,345
509508.726900,6944426.608000,30.698651,345
509510.202600,6944426.877000,30.609057,345
509510.694500,6944426.967000,30.573469,345
509511.186300,6944427.056000,30.533839,345
509511.320100,6944427.081000,30.523239,345
509511.678200,6944427.146000,30.494437,345
509512.170100,6944427.236000,30.454568,345
509512.662000,6944427.325000,30.418027,345
509513.153900,6944427.415000,30.384621,345
509513.645800,6944427.505000,30.351720,345
509514.137600,6944427.595000,30.318810,345
509514.629500,6944427.684000,30.293741,345
509515.121400,6944427.774000,30.289093,345
509515.613300,6944427.864000,30.284514,345
509516.105200,6944427.954000,30.280006,345
509516.597000,6944428.043000,30.279468,345
509517.088900,6944428.133000,30.297954,345
509517.580800,6944428.223000,30.316858,345
509518.072700,6944428.313000,30.335893,345
509518.564600,6944428.402000,30.353733,345
509519.056500,6944428.492000,30.371612,345
509519.548300,6944428.582000,30.390032,345
509520.040200,6944428.672000,30.408892,345
509520.532100,6944428.761000,30.428064,345
509521.024000,6944428.851000,30.440474,345
509521.515900,6944428.941000,30.451879,345
509522.007700,6944429.030000,30.462983,345
509522.499600,6944429.120000,30.473901,345
509522.991500,6944429.210000,30.484634,345
509523.483400,6944429.300000,30.495383,345
509523.975300,6944429.389000,30.506212,345
509524.467100,6944429.479000,30.517069,345
509524.704500,6944429.522000,30.523239,345
509524.959000,6944429.569000,30.529752,345
509526.434700,6944429.838000,30.571082,345
509526.926600,6944429.928000,30.585089,345
509528.402200,6944430.197000,30.627851,345
509528.894100,6944430.287000,30.641818,345
509530.369700,6944430.556000,30.682084,345
509530.861600,6944430.646000,30.695347,345
509532.337300,6944430.915000,30.733305,345
509532.829100,6944431.005000,30.745908,345
509534.796700,6944431.364000,30.793698,345
509535.288500,6944431.453000,30.805125,345
509536.764200,6944431.723000,30.839291,345
509537.256100,6944431.812000,30.850734,345
509538.731700,6944432.081000,30.885103,345
509539.223600,6944432.171000,30.898542,345
509540.699200,6944432.440000,30.941994,345
509541.191100,6944432.530000,30.961795,345
509542.174900,6944432.710000,31.011322,345
509542.370500,6944432.745000,31.021127,345
509542.666800,6944432.799000,31.037548,345
509543.158700,6944432.889000,31.073899,345
509543.650500,6944432.979000,31.125550,345
509544.142400,6944433.069000,31.177172,345
509544.634300,6944433.158000,31.228782,345
509545.126200,6944433.248000,31.292186,345
509545.618100,6944433.338000,31.395597,345
509546.109900,6944433.427000,31.498428,345
509546.218100,6944433.447000,31.519014,345
509546.601800,6944433.517000,31.604200,345
509547.093700,6944433.607000,31.729537,345
509547.585600,6944433.697000,31.948349,345
509547.726300,6944433.722000,32.016901,345
509548.077500,6944433.786000,32.192589,345
509548.569400,6944433.876000,32.429386,345
509548.722700,6944433.904000,32.514789,345
509549.061200,6944433.966000,33.010875,345
509549.062300,6944433.966000,33.012676,345
509549.341800,6944434.017000,33.510563,345
509549.458200,6944434.038000,34.008451,345
509549.484600,6944434.043000,34.506338,345
509549.496100,6944434.045000,35.004225,345
509549.542100,6944434.054000,35.502113,345
509504.300000,6944425.800000,30.745593,350
509506.267500,6944426.159000,30.716244,350
509506.759400,6944426.249000,30.698788,350
509508.235100,6944426.518000,30.641562,350
509508.726900,6944426.608000,30.613390,350
509509.710700,6944426.787000,30.550115,350
509510.129800,6944426.864000,30.523239,350
509510.202600,6944426.877000,30.518473,350
509510.694500,6944426.967000,30.481069,350
509511.186300,6944427.056000,30.439400,350
509511.678200,6944427.146000,30.398259,350
509512.170100,6944427.236000,30.355439,350
509512.662000,6944427.325000,30.317276,350
509513.153900,6944427.415000,30.282316,350
509513.645800,6944427.505000,30.248261,350
509514.137600,6944427.595000,30.214149,350
509514.629500,6944427.684000,30.187682,350
509515.121400,6944427.774000,30.182645,350
509515.613300,6944427.864000,30.177714,350
509516.105200,6944427.954000,30.172887,350
509516.597000,6944428.043000,30.172071,350
509517.088900,6944428.133000,30.190455,350
509517.580800,6944428.223000,30.209482,350
509518.072700,6944428.313000,30.228765,350
509518.564600,6944428.402000,30.246165,350
509519.056500,6944428.492000,30.263107,350
509519.548300,6944428.582000,30.280858,350
509520.040200,6944428.672000,30.299361,350
509520.532100,6944428.761000,30.318531,350
509521.024000,6944428.851000,30.331271,350
509521.515900,6944428.941000,30.342854,350
509522.007700,6944429.030000,30.353731,350
509522.499600,6944429.120000,30.363990,350
509522.991500,6944429.210000,30.374514,350
509523.483400,6944429.300000,30.385315,350
509523.975300,6944429.389000,30.396374,350
509524.467100,6944429.479000,30.407661,350
509524.959000,6944429.569000,30.421306,350
509525.450900,6944429.659000,30.436477,350
509525.942800,6944429.748000,30.451002,350
509526.434700,6944429.838000,30.465138,350
509526.926600,6944429.928000,30.479817,350
509527.418400,6944430.018000,30.494946,350
509527.910300,6944430.107000,30.510127,350
509528.337200,6944430.185000,30.523239,350
509528.402200,6944430.197000,30.525211,350
509528.894100,6944430.287000,30.539921,350
509530.369700,6944430.556000,30.582330,350
509530.861600,6944430.646000,30.596299,350
509532.337300,6944430.915000,30.636280,350
509532.829100,6944431.005000,30.649556,350
509534.796700,6944431.364000,30.699902,350
509535.288500,6944431.453000,30.711943,350
509536.764200,6944431.723000,30.747942,350
509537.256100,6944431.812000,30.759983,350
509538.731700,6944432.081000,30.796139,350
509539.223600,6944432.171000,30.810034,350
509540.699200,6944432.440000,30.854627,350
509541.191100,6944432.530000,30.874282,350
509542.666800,6944432.799000,30.946656,350
509543.158700,6944432.889000,30.978258,350
509543.638000,6944432.977000,31.021127,350
509543.650500,6944432.979000,31.022400,350
509544.142400,6944433.069000,31.070696,350
509544.634300,6944433.158000,31.119002,350
509545.126200,6944433.248000,31.177455,350
509545.618100,6944433.338000,31.272294,350
509546.109900,6944433.427000,31.366617,350
509546.601800,6944433.517000,31.457078,350
509546.894400,6944433.571000,31.519014,350
509547.093700,6944433.607000,31.568062,350
509547.585600,6944433.697000,31.775137,350
509548.077500,6944433.786000,32.014378,350
509548.083300,6944433.787000,32.016901,350
509548.569400,6944433.876000,32.222411,350
509549.061200,6944433.966000,32.491520,350
509549.092000,6944433.972000,32.514789,350
509549.382400,6944434.024000,33.012676,350
509549.553100,6944434.056000,33.325734,350
509549.651900,6944434.074000,33.510563,350
509549.761300,6944434.094000,34.008451,350
509549.785300,6944434.098000,34.506338,350
509549.795100,6944434.100000,35.004225,350
509549.798000,6944434.100000,35.502113,350
509504.300000,6944425.800000,30.667576,355
509506.267500,6944426.159000,30.636397,355
509506.759400,6944426.249000,30.618030,355
509508.235100,6944426.518000,30.557855,355
509508.726900,6944426.608000,30.528129,355
509508.800200,6944426.621000,30.523239,355
509509.218800,6944426.697000,30.494771,355
509509.710700,6944426.787000,30.461637,355
509510.202600,6944426.877000,30.427805,355
509510.694500,6944426.967000,30.388892,355
509511.186300,6944427.056000,30.345001,355
509511.678200,6944427.146000,30.302081,355
509512.170100,6944427.236000,30.256310,355
509512.662000,6944427.325000,30.216525,355
509513.153900,6944427.415000,30.180010,355
509513.645800,6944427.505000,30.144801,355
509514.137600,6944427.595000,30.109487,355
509514.629500,6944427.684000,30.081624,355
509515.121400,6944427.774000,30.076198,355
509515.613300,6944427.864000,30.070914,355
509516.105200,6944427.954000,30.065769,355
509516.597000,6944428.043000,30.064675,355
509517.088900,6944428.133000,30.082956,355
509517.580800,6944428.223000,30.102105,355
509518.072700,6944428.313000,30.121638,355
509518.564600,6944428.402000,30.138597,355
509519.056500,6944428.492000,30.154601,355
509519.548300,6944428.582000,30.171685,355
509520.040200,6944428.672000,30.189831,355
509520.532100,6944428.761000,30.208997,355
509521.024000,6944428.851000,30.222068,355
509521.515900,6944428.941000,30.233829,355
509522.007700,6944429.030000,30.244479,355
509522.499600,6944429.120000,30.254080,355
509522.991500,6944429.210000,30.264394,355
509523.483400,6944429.300000,30.275247,355
509523.975300,6944429.389000,30.286537,355
509524.467100,6944429.479000,30.298253,355
509524.959000,6944429.569000,30.312813,355
509525.450900,6944429.659000,30.329418,355
509525.942800,6944429.748000,30.344710,355
509526.434700,6944429.838000,30.358940,355
509526.926600,6944429.928000,30.374026,355
509527.418400,6944430.018000,30.389891,355
509527.910300,6944430.107000,30.406148,355
509528.402200,6944430.197000,30.422626,355
509528.894100,6944430.287000,30.437888,355
509529.386000,6944430.376000,30.452466,355
509529.877800,6944430.466000,30.467301,355
509530.369700,6944430.556000,30.482303,355
509530.861600,6944430.646000,30.497181,355
509531.353500,6944430.735000,30.511258,355
509531.774200,6944430.812000,30.523239,355
509531.845400,6944430.825000,30.525254,355
509532.337300,6944430.915000,30.539255,355
509532.829100,6944431.005000,30.553203,355
509534.796700,6944431.364000,30.606107,355
509535.288500,6944431.453000,30.618760,355
509536.764200,6944431.723000,30.656592,355
509537.256100,6944431.812000,30.669232,355
509538.731700,6944432.081000,30.707176,355
509539.223600,6944432.171000,30.721525,355
509540.699200,6944432.440000,30.767260,355
509541.191100,6944432.530000,30.786768,355
509542.666800,6944432.799000,30.857227,355
509543.158700,6944432.889000,30.887307,355
509543.650500,6944432.979000,30.928329,355
509544.634300,6944433.158000,31.010289,355
509544.747500,6944433.179000,31.021127,355
509545.126200,6944433.248000,31.062723,355
509545.618100,6944433.338000,31.148991,355
509546.109900,6944433.427000,31.234806,355
509546.601800,6944433.517000,31.318176,355
509547.093700,6944433.607000,31.414832,355
509547.385200,6944433.660000,31.519014,355
509547.585600,6944433.697000,31.601926,355
509548.077500,6944433.786000,31.802941,355
509548.569400,6944433.876000,32.015213,355
509548.573600,6944433.877000,32.016901,355
509549.061200,6944433.966000,32.231086,355
509549.436800,6944434.034000,32.514789,355
509549.553100,6944434.056000,32.723622,355
509549.710800,6944434.084000,33.012676,355
509549.965500,6944434.131000,33.510563,355
509550.045000,6944434.145000,33.904387,355
509550.065300,6944434.149000,34.008451,355
509550.086800,6944434.153000,34.506338,355
509550.096400,6944434.155000,35.004225,355
509550.053400,6944434.147000,35.502113,355
509544.142400,6944433.069000,30.969309,360
509542.174900,6944432.710000,30.833741,360
509541.683000,6944432.620000,30.810255,360
509540.207400,6944432.351000,30.752015,360
509539.715500,6944432.261000,30.736770,360
509538.239800,6944431.992000,30.694528,360
509537.748000,6944431.902000,30.681880,360
509534.304800,6944431.274000,30.592881,360
509533.812900,6944431.184000,30.579655,360
509533.321000,6944431.094000,30.566429,360
509507.251300,6944426.338000,30.597972,360
509505.775600,6944426.069000,30.644191,360
509505.283800,6944425.979000,30.651986,360
509504.300000,6944425.800000,30.589559,360
509504.791900,6944425.890000,30.581306,360
509505.283800,6944425.979000,30.573054,360
509505.775600,6944426.069000,30.564802,360
509506.267500,6944426.159000,30.556549,360
509506.759400,6944426.249000,30.537272,360
509507.088800,6944426.309000,30.523239,360
509507.251300,6944426.338000,30.516244,360
509507.743200,6944426.428000,30.495188,360
509508.235100,6944426.518000,30.474028,360
509508.726900,6944426.608000,30.443178,360
509509.218800,6944426.697000,30.407898,360
509509.710700,6944426.787000,30.373302,360
509510.202600,6944426.877000,30.337137,360
509510.694500,6944426.967000,30.296715,360
509511.186300,6944427.056000,30.250602,360
509511.678200,6944427.146000,30.205903,360
509512.170100,6944427.236000,30.157180,360
509512.662000,6944427.325000,30.115775,360
509513.153900,6944427.415000,30.077705,360
509513.645800,6944427.505000,30.041341,360
509513.862500,6944427.545000,30.025352,360
509514.137600,6944427.595000,30.003461,360
509514.629500,6944427.684000,29.972134,360
509515.121400,6944427.774000,29.964670,360
509515.613300,6944427.864000,29.957147,360
509516.105200,6944427.954000,29.949575,360
509516.597000,6944428.043000,29.946486,360
509517.088900,6944428.133000,29.966139,360
509517.580800,6944428.223000,29.987892,360
509518.072700,6944428.313000,30.011621,360
509518.396000,6944428.372000,30.025352,360
509518.564600,6944428.402000,30.031029,360
509519.056500,6944428.492000,30.046095,360
509519.548300,6944428.582000,30.062511,360
509520.040200,6944428.672000,30.080300,360
509520.532100,6944428.761000,30.099464,360
509521.024000,6944428.851000,30.112864,360
509521.515900,6944428.941000,30.124804,360
509522.007700,6944429.030000,30.135227,360
509522.499600,6944429.120000,30.144169,360
509522.991500,6944429.210000,30.154274,360
509523.483400,6944429.300000,30.165179,360
509523.975300,6944429.389000,30.176699,360
509524.467100,6944429.479000,30.188846,360
509524.959000,6944429.569000,30.204320,360
509525.450900,6944429.659000,30.222359,360
509525.942800,6944429.748000,30.238418,360
509526.434700,6944429.838000,30.252742,360
509526.926600,6944429.928000,30.268236,360
509527.418400,6944430.018000,30.284835,360
509527.910300,6944430.107000,30.302170,360
509528.402200,6944430.197000,30.320041,360
509528.894100,6944430.287000,30.335828,360
509529.386000,6944430.376000,30.350695,360
509529.877800,6944430.466000,30.366065,360
509530.369700,6944430.556000,30.381879,360
509530.861600,6944430.646000,30.397866,360
509531.353500,6944430.735000,30.412931,360
509531.845400,6944430.825000,30.427293,360
509532.337300,6944430.915000,30.441772,360
509532.829100,6944431.005000,30.456444,360
509533.321000,6944431.094000,30.470496,360
509533.812900,6944431.184000,30.484595,360
509534.304800,6944431.274000,30.498451,360
509534.796700,6944431.364000,30.512271,360
509535.201400,6944431.437000,30.523239,360
509535.288500,6944431.453000,30.525577,360
509535.780400,6944431.543000,30.538799,360
509536.272300,6944431.633000,30.552021,360
509536.764200,6944431.723000,30.565242,360
509537.256100,6944431.812000,30.578481,360
509537.748000,6944431.902000,30.591725,360
509538.239800,6944431.992000,30.604969,360
509538.731700,6944432.081000,30.618212,360
509539.223600,6944432.171000,30.633016,360
509539.715500,6944432.261000,30.648642,360
509540.699200,6944432.440000,30.679894,360
509541.191100,6944432.530000,30.699255,360
509541.683000,6944432.620000,30.722103,360
509542.174900,6944432.710000,30.744951,360
509542.666800,6944432.799000,30.767799,360
509543.158700,6944432.889000,30.796356,360
509543.650500,6944432.979000,30.834371,360
509544.142400,6944433.069000,30.872355,360
509544.634300,6944433.158000,30.910339,360
509545.126200,6944433.248000,30.955001,360
509545.591100,6944433.333000,31.021127,360
509545.618100,6944433.338000,31.025687,360
509546.109900,6944433.427000,31.102995,360
509546.601800,6944433.517000,31.179274,360
509547.093700,6944433.607000,31.265199,360
509547.585600,6944433.697000,31.429226,360
509547.882300,6944433.751000,31.519014,360
509548.077500,6944433.786000,31.591503,360
509548.569400,6944433.876000,31.776841,360
509549.061200,6944433.966000,31.972817,360
509549.128100,6944433.978000,32.016901,360
509549.553100,6944434.056000,32.330583,360
509549.799800,6944434.101000,32.514789,360
509550.045000,6944434.145000,33.005081,360
509550.048500,6944434.146000,33.012676,360
509550.279300,6944434.188000,33.510563,360
509550.369400,6944434.205000,34.008451,360
509550.388400,6944434.208000,34.506338,360
509550.400000,6944434.210000,35.004225,360
509550.378900,6944434.206000,35.502113,360
509563.320900,6944436.567000,28.033803,360
509563.325800,6944436.568000,28.004759,360
509563.325800,6944436.568000,28.038827,360
509504.300000,6944425.800000,30.511512,365
509504.791900,6944425.890000,30.502812,365
509505.283800,6944425.979000,30.494131,365
509505.775600,6944426.069000,30.485412,365
509506.267500,6944426.159000,30.476607,365
509506.759400,6944426.249000,30.456380,365
509507.251300,6944426.338000,30.434649,365
509507.743200,6944426.428000,30.412458,365
509508.235100,6944426.518000,30.390117,365
509508.726900,6944426.608000,30.358247,365
509509.218800,6944426.697000,30.321025,365
509509.710700,6944426.787000,30.284967,365
509510.202600,6944426.877000,30.246469,365
509510.694500,6944426.967000,30.204538,365
509511.186300,6944427.056000,30.156203,365
509511.678200,6944427.146000,30.109725,365
509512.170100,6944427.236000,30.058051,365
509512.545400,6944427.304000,30.025352,365
509512.662000,6944427.325000,30.014557,365
509513.153900,6944427.415000,29.972985,365
509513.645800,6944427.505000,29.932759,365
509514.137600,6944427.595000,29.891846,365
509514.629500,6944427.684000,29.858765,365
509515.121400,6944427.774000,29.848494,365
509515.613300,6944427.864000,29.838197,365
509516.105200,6944427.954000,29.827884,365
509516.597000,6944428.043000,29.822062,365
509517.088900,6944428.133000,29.838562,365
509517.580800,6944428.223000,29.856545,365
509518.072700,6944428.313000,29.875953,365
509518.564600,6944428.402000,29.893542,365
509519.056500,6944428.492000,29.912161,365
509519.548300,6944428.582000,29.932136,365
509520.040200,6944428.672000,29.953918,365
509520.532100,6944428.761000,29.978089,365
509521.024000,6944428.851000,29.996180,365
509521.515900,6944428.941000,30.012451,365
509521.977700,6944429.025000,30.025352,365
509522.007700,6944429.030000,30.025976,365
509522.499600,6944429.120000,30.034258,365
509522.991500,6944429.210000,30.044155,365
509523.483400,6944429.300000,30.055112,365
509523.975300,6944429.389000,30.066862,365
509524.467100,6944429.479000,30.079438,365
509524.959000,6944429.569000,30.095827,365
509525.450900,6944429.659000,30.115300,365
509525.942800,6944429.748000,30.132127,365
509526.434700,6944429.838000,30.146544,365
509526.926600,6944429.928000,30.162446,365
509527.418400,6944430.018000,30.179780,365
509527.910300,6944430.107000,30.198192,365
509528.402200,6944430.197000,30.217456,365
509528.894100,6944430.287000,30.233768,365
509529.386000,6944430.376000,30.248924,365
509529.877800,6944430.466000,30.264829,365
509530.369700,6944430.556000,30.281455,365
509530.861600,6944430.646000,30.298552,365
509531.353500,6944430.735000,30.314604,365
509531.845400,6944430.825000,30.329327,365
509532.337300,6944430.915000,30.344198,365
509532.829100,6944431.005000,30.359502,365
509533.321000,6944431.094000,30.374383,365
509533.812900,6944431.184000,30.389555,365
509534.304800,6944431.274000,30.404037,365
509534.796700,6944431.364000,30.418133,365
509535.288500,6944431.453000,30.431921,365
509535.780400,6944431.543000,30.445855,365
509536.272300,6944431.633000,30.459912,365
509536.764200,6944431.723000,30.473900,365
509537.256100,6944431.812000,30.487666,365
509537.748000,6944431.902000,30.501480,365
509538.239800,6944431.992000,30.515373,365
509538.517300,6944432.042000,30.523239,365
509538.731700,6944432.081000,30.529249,365
509539.223600,6944432.171000,30.544508,365
509539.715500,6944432.261000,30.560514,365
509540.207400,6944432.351000,30.576521,365
509540.699200,6944432.440000,30.592527,365
509541.191100,6944432.530000,30.611742,365
509541.683000,6944432.620000,30.633951,365
509542.174900,6944432.710000,30.656160,365
509542.666800,6944432.799000,30.678370,365
509543.158700,6944432.889000,30.705405,365
509543.650500,6944432.979000,30.740414,365
509544.142400,6944433.069000,30.775401,365
509544.634300,6944433.158000,30.810389,365
509545.126200,6944433.248000,30.851265,365
509545.618100,6944433.338000,30.914130,365
509546.109900,6944433.427000,30.976317,365
509546.470100,6944433.493000,31.021127,365
509546.601800,6944433.517000,31.040373,365
509547.093700,6944433.607000,31.115567,365
509547.585600,6944433.697000,31.256996,365
509548.077500,6944433.786000,31.399731,365
509548.515000,6944433.866000,31.519014,365
509548.569400,6944433.876000,31.538469,365
509549.061200,6944433.966000,31.724576,365
509549.504700,6944434.047000,32.016901,365
509549.553100,6944434.056000,32.052617,365
509550.045000,6944434.145000,32.420486,365
509550.173800,6944434.169000,32.514789,365
509550.388600,6944434.208000,33.012676,365
509550.536900,6944434.235000,33.365727,365
509550.593400,6944434.245000,33.510563,365
509550.673600,6944434.260000,34.008451,365
509550.690100,6944434.263000,34.506338,365
509550.701200,6944434.265000,35.004225,365
509550.620500,6944434.250000,35.502113,365
509562.833900,6944436.478000,28.622744,365
509562.563600,6944436.429000,28.531690,365
509562.474500,6944436.413000,28.033803,365
509562.768200,6944436.466000,27.535915,365
509562.833900,6944436.478000,27.520027,365
509563.325800,6944436.568000,27.386118,365
509563.325800,6944436.568000,28.700912,365
509504.300000,6944425.800000,30.433295,370
509504.791900,6944425.890000,30.424260,370
509505.283800,6944425.979000,30.415225,370
509505.775600,6944426.069000,30.406023,370
509506.267500,6944426.159000,30.396598,370
509506.759400,6944426.249000,30.375460,370
509507.251300,6944426.338000,30.353054,370
509507.743200,6944426.428000,30.329729,370
509508.235100,6944426.518000,30.306205,370
509508.726900,6944426.608000,30.273315,370
509509.218800,6944426.697000,30.234152,370
509509.710700,6944426.787000,30.196632,370
509510.202600,6944426.877000,30.155801,370
509510.694500,6944426.967000,30.112361,370
509511.186300,6944427.056000,30.061805,370
509511.559600,6944427.124000,30.025352,370
509511.678200,6944427.146000,30.012834,370
509512.170100,6944427.236000,29.956325,370
509512.662000,6944427.325000,29.909255,370
509513.153900,6944427.415000,29.865735,370
509513.645800,6944427.505000,29.823240,370
509514.137600,6944427.595000,29.780230,370
509514.629500,6944427.684000,29.745397,370
509515.121400,6944427.774000,29.732319,370
509515.613300,6944427.864000,29.719248,370
509516.105200,6944427.954000,29.706192,370
509516.597000,6944428.043000,29.697638,370
509517.088900,6944428.133000,29.710986,370
509517.580800,6944428.223000,29.725197,370
509518.072700,6944428.313000,29.740285,370
509518.564600,6944428.402000,29.754388,370
509519.056500,6944428.492000,29.772215,370
509519.548300,6944428.582000,29.790820,370
509520.040200,6944428.672000,29.810573,370
509520.532100,6944428.761000,29.831935,370
509521.024000,6944428.851000,29.849317,370
509521.515900,6944428.941000,29.865528,370
509522.007700,6944429.030000,29.879995,370
509522.499600,6944429.120000,29.892419,370
509522.991500,6944429.210000,29.907119,370
509523.483400,6944429.300000,29.922862,370
509523.975300,6944429.389000,29.939148,370
509524.467100,6944429.479000,29.956126,370
509524.959000,6944429.569000,29.977769,370
509525.450900,6944429.659000,30.003721,370
509525.929200,6944429.746000,30.025352,370
509525.942800,6944429.748000,30.025835,370
509526.434700,6944429.838000,30.040346,370
509526.926600,6944429.928000,30.056656,370
509527.418400,6944430.018000,30.074725,370
509527.910300,6944430.107000,30.094214,370
509528.402200,6944430.197000,30.114871,370
509528.894100,6944430.287000,30.131708,370
509529.386000,6944430.376000,30.147153,370
509529.877800,6944430.466000,30.163593,370
509530.369700,6944430.556000,30.181031,370
509530.861600,6944430.646000,30.199237,370
509531.353500,6944430.735000,30.216277,370
509531.845400,6944430.825000,30.231362,370
509532.337300,6944430.915000,30.246625,370
509532.829100,6944431.005000,30.262560,370
509533.321000,6944431.094000,30.278270,370
509533.812900,6944431.184000,30.294516,370
509534.304800,6944431.274000,30.309622,370
509534.796700,6944431.364000,30.323994,370
509535.288500,6944431.453000,30.338252,370
509535.780400,6944431.543000,30.352835,370
509536.272300,6944431.633000,30.367736,370
509536.764200,6944431.723000,30.382564,370
509537.256100,6944431.812000,30.396750,370
509537.748000,6944431.902000,30.410953,370
509538.239800,6944431.992000,30.425400,370
509538.731700,6944432.081000,30.440028,370
509539.223600,6944432.171000,30.456016,370
509539.715500,6944432.261000,30.472328,370
509540.207400,6944432.351000,30.488645,370
509540.699200,6944432.440000,30.505084,370
509541.165700,6944432.525000,30.523239,370
509541.191100,6944432.530000,30.524229,370
509541.683000,6944432.620000,30.545799,370
509542.174900,6944432.710000,30.567370,370
509542.666800,6944432.799000,30.588941,370
509543.158700,6944432.889000,30.614454,370
509543.650500,6944432.979000,30.646456,370
509544.142400,6944433.069000,30.678448,370
509544.634300,6944433.158000,30.710439,370
509545.126200,6944433.248000,30.747529,370
509545.618100,6944433.338000,30.803023,370
509546.109900,6944433.427000,30.858054,370
509546.601800,6944433.517000,30.913085,370
509547.093700,6944433.607000,30.972132,370
509547.339400,6944433.652000,31.021127,370
509547.585600,6944433.697000,31.084765,370
509548.077500,6944433.786000,31.218219,370
509548.569400,6944433.876000,31.339098,370
509549.061200,6944433.966000,31.480947,370
509549.129100,6944433.978000,31.519014,370
509549.553100,6944434.056000,31.793860,370
509549.874700,6944434.114000,32.016901,370
509550.045000,6944434.145000,32.144346,370
509550.536900,6944434.235000,32.502923,370
509550.550200,6944434.238000,32.514789,370
509550.733700,6944434.271000,33.012676,370
509550.909300,6944434.303000,33.510563,370
509550.978200,6944434.316000,34.008451,370
509550.992100,6944434.318000,34.506338,370
509551.000400,6944434.320000,35.004225,370
509550.782900,6944434.280000,35.502113,370
509563.194200,6944436.544000,29.029577,370
509562.833900,6944436.478000,28.921172,370
509562.342000,6944436.389000,28.769277,370
509561.850200,6944436.299000,28.635856,370
509561.597700,6944436.253000,28.531690,370
509561.608700,6944436.255000,28.033803,370
509561.836200,6944436.296000,27.535915,370
509561.850200,6944436.299000,27.531772,370
509562.342000,6944436.389000,27.457173,370
509562.833900,6944436.478000,27.341130,370
509563.325800,6944436.568000,27.221309,370
509563.325800,6944436.568000,29.047884,370
509504.300000,6944425.800000,30.355078,375
509504.791900,6944425.890000,30.345709,375
509505.283800,6944425.979000,30.336318,375
509505.775600,6944426.069000,30.326635,375
509506.267500,6944426.159000,30.316588,375
509506.759400,6944426.249000,30.294540,375
509507.251300,6944426.338000,30.271459,375
509507.743200,6944426.428000,30.247000,375
509508.235100,6944426.518000,30.222293,375
509508.726900,6944426.608000,30.188383,375
509509.218800,6944426.697000,30.147279,375
509509.710700,6944426.787000,30.108297,375
509510.202600,6944426.877000,30.065133,375
509510.638700,6944426.956000,30.025352,375
509510.694500,6944426.967000,30.019847,375
509511.186300,6944427.056000,29.964104,375
509511.678200,6944427.146000,29.910852,375
509512.170100,6944427.236000,29.853320,375
509512.662000,6944427.325000,29.803952,375
509513.153900,6944427.415000,29.758484,375
509513.645800,6944427.505000,29.713721,375
509514.137600,6944427.595000,29.668614,375
509514.629500,6944427.684000,29.632028,375
509515.121400,6944427.774000,29.616144,375
509515.613300,6944427.864000,29.600298,375
509516.105200,6944427.954000,29.584500,375
509516.597000,6944428.043000,29.573215,375
509517.088900,6944428.133000,29.583410,375
509517.580800,6944428.223000,29.593849,375
509518.072700,6944428.313000,29.604616,375
509518.564600,6944428.402000,29.615234,375
509519.056500,6944428.492000,29.632270,375
509519.548300,6944428.582000,29.649505,375
509520.040200,6944428.672000,29.667227,375
509520.532100,6944428.761000,29.685782,375
509521.024000,6944428.851000,29.702454,375
509521.515900,6944428.941000,29.718606,375
509522.007700,6944429.030000,29.733804,375
509522.499600,6944429.120000,29.747764,375
509522.991500,6944429.210000,29.764541,375
509523.483400,6944429.300000,29.782393,375
509523.975300,6944429.389000,29.800574,375
509524.467100,6944429.479000,29.819219,375
509524.959000,6944429.569000,29.841981,375
509525.450900,6944429.659000,29.868385,375
509525.942800,6944429.748000,29.892213,375
509526.434700,6944429.838000,29.912814,375
509526.926600,6944429.928000,29.934558,375
509527.418400,6944430.018000,29.957778,375
509527.910300,6944430.107000,29.982636,375
509528.402200,6944430.197000,30.009318,375
509528.771900,6944430.264000,30.025352,375
509528.894100,6944430.287000,30.029648,375
509529.386000,6944430.376000,30.045382,375
509529.877800,6944430.466000,30.062357,375
509530.369700,6944430.556000,30.080607,375
509530.861600,6944430.646000,30.099923,375
509531.353500,6944430.735000,30.117949,375
509531.845400,6944430.825000,30.133396,375
509532.337300,6944430.915000,30.149051,375
509532.829100,6944431.005000,30.165617,375
509533.321000,6944431.094000,30.182157,375
509533.812900,6944431.184000,30.199476,375
509534.304800,6944431.274000,30.215207,375
509534.796700,6944431.364000,30.229856,375
509535.288500,6944431.453000,30.244584,375
509535.780400,6944431.543000,30.259815,375
509536.272300,6944431.633000,30.275559,375
509536.764200,6944431.723000,30.291228,375
509537.256100,6944431.812000,30.305834,375
509537.748000,6944431.902000,30.320426,375
509538.239800,6944431.992000,30.335426,375
509538.731700,6944432.081000,30.350789,375
509539.223600,6944432.171000,30.367529,375
509539.715500,6944432.261000,30.384099,375
509540.207400,6944432.351000,30.400570,375
509540.699200,6944432.440000,30.417348,375
509541.191100,6944432.530000,30.436476,375
509541.683000,6944432.620000,30.457600,375
509542.174900,6944432.710000,30.478479,375
509542.666800,6944432.799000,30.499412,375
509543.153300,6944432.888000,30.523239,375
509543.158700,6944432.889000,30.523503,375
509543.650500,6944432.979000,30.552498,375
509544.142400,6944433.069000,30.581494,375
509544.634300,6944433.158000,30.610489,375
509545.126200,6944433.248000,30.643793,375
509545.618100,6944433.338000,30.691916,375
509546.601800,6944433.517000,30.787665,375
509547.093700,6944433.607000,30.839302,375
509547.585600,6944433.697000,30.929429,375
509548.018500,6944433.776000,31.021127,375
509548.077500,6944433.786000,31.036707,375
509548.569400,6944433.876000,31.143193,375
509549.061200,6944433.966000,31.259529,375
509549.523900,6944434.050000,31.519014,375
509549.553100,6944434.056000,31.537935,375
509550.045000,6944434.145000,31.825184,375
509550.296300,6944434.191000,32.016901,375
509550.536900,6944434.235000,32.182231,375
509550.910200,6944434.303000,32.514789,375
509551.028800,6944434.325000,32.853741,375
509551.081000,6944434.334000,33.012676,375
509551.227800,6944434.361000,33.510563,375
509551.288300,6944434.372000,34.008451,375
509551.300700,6944434.374000,34.506338,375
509551.308800,6944434.376000,35.004225,375
509551.028800,6944434.325000,35.321947,375
509550.945400,6944434.310000,35.502113,375
509562.833900,6944436.478000,29.121855,375
509562.342000,6944436.389000,29.056757,375
509562.131700,6944436.350000,29.029577,375
509561.850200,6944436.299000,28.953671,375
509561.358300,6944436.209000,28.794569,375
509560.866400,6944436.120000,28.580628,375
509560.769100,6944436.102000,28.531690,375
509560.861100,6944436.119000,28.033803,375
509560.866400,6944436.120000,28.025317,375
509561.214800,6944436.183000,27.535915,375
509561.358300,6944436.209000,27.497576,375
509561.850200,6944436.299000,27.355488,375
509562.342000,6944436.389000,27.271455,375
509562.833900,6944436.478000,27.162234,375
509563.325800,6944436.568000,27.056500,375
509563.325800,6944436.568000,29.185806,375
509504.300000,6944425.800000,30.276861,380
509504.791900,6944425.890000,30.267158,380
509505.283800,6944425.979000,30.257411,380
509505.775600,6944426.069000,30.247246,380
509506.267500,6944426.159000,30.236579,380
509506.759400,6944426.249000,30.213620,380
509507.251300,6944426.338000,30.189865,380
509507.743200,6944426.428000,30.164270,380
509508.235100,6944426.518000,30.138382,380
509508.726900,6944426.608000,30.103452,380
509509.218800,6944426.697000,30.060405,380
509509.646100,6944426.775000,30.025352,380
509509.710700,6944426.787000,30.019532,380
509510.202600,6944426.877000,29.971416,380
509510.694500,6944426.967000,29.921665,380
509511.186300,6944427.056000,29.864327,380
509511.678200,6944427.146000,29.808870,380
509512.170100,6944427.236000,29.750315,380
509512.662000,6944427.325000,29.698650,380
509513.153900,6944427.415000,29.651233,380
509513.645800,6944427.505000,29.604202,380
509514.137600,6944427.595000,29.556999,380
509514.517900,6944427.664000,29.527465,380
509514.629500,6944427.684000,29.518615,380
509515.121400,6944427.774000,29.499782,380
509515.613300,6944427.864000,29.480949,380
509516.105200,6944427.954000,29.462115,380
509516.597000,6944428.043000,29.447710,380
509517.088900,6944428.133000,29.454557,380
509517.580800,6944428.223000,29.461405,380
509518.072700,6944428.313000,29.468252,380
509518.564600,6944428.402000,29.475419,380
509519.056500,6944428.492000,29.491540,380
509520.040200,6944428.672000,29.523782,380
509520.153800,6944428.692000,29.527465,380
509520.532100,6944428.761000,29.539629,380
509521.024000,6944428.851000,29.555591,380
509521.515900,6944428.941000,29.571683,380
509522.007700,6944429.030000,29.587612,380
509522.499600,6944429.120000,29.603110,380
509522.991500,6944429.210000,29.621964,380
509523.483400,6944429.300000,29.641924,380
509523.975300,6944429.389000,29.662001,380
509524.467100,6944429.479000,29.682312,380
509524.959000,6944429.569000,29.706193,380
509525.450900,6944429.659000,29.733049,380
509525.942800,6944429.748000,29.758465,380
509526.434700,6944429.838000,29.781774,380
509526.926600,6944429.928000,29.805607,380
509527.418400,6944430.018000,29.830287,380
509527.910300,6944430.107000,29.856155,380
509528.402200,6944430.197000,29.883430,380
509528.894100,6944430.287000,29.906491,380
509529.386000,6944430.376000,29.927233,380
509529.877800,6944430.466000,29.948858,380
509530.369700,6944430.556000,29.971685,380
509530.861600,6944430.646000,29.995824,380
509531.353500,6944430.735000,30.018489,380
509531.531400,6944430.768000,30.025352,380
509531.845400,6944430.825000,30.035430,380
509532.337300,6944430.915000,30.051477,380
509532.829100,6944431.005000,30.068675,380
509533.321000,6944431.094000,30.086043,380
509533.812900,6944431.184000,30.104436,380
509534.304800,6944431.274000,30.120792,380
509534.796700,6944431.364000,30.135717,380
509535.288500,6944431.453000,30.150915,380
509535.780400,6944431.543000,30.166795,380
509536.272300,6944431.633000,30.183383,380
509536.764200,6944431.723000,30.199892,380
509537.256100,6944431.812000,30.214917,380
509537.748000,6944431.902000,30.229898,380
509538.239800,6944431.992000,30.245453,380
509538.731700,6944432.081000,30.261550,380
509539.223600,6944432.171000,30.279042,380
509539.715500,6944432.261000,30.295870,380
509540.207400,6944432.351000,30.312495,380
509540.699200,6944432.440000,30.329612,380
509541.191100,6944432.530000,30.348721,380
509541.683000,6944432.620000,30.369383,380
509542.174900,6944432.710000,30.389487,380
509542.666800,6944432.799000,30.409609,380
509543.158700,6944432.889000,30.432120,380
509543.650500,6944432.979000,30.458256,380
509544.142400,6944433.069000,30.484409,380
509544.634300,6944433.158000,30.510519,380
509544.850400,6944433.198000,30.523239,380
509545.126200,6944433.248000,30.540057,380
509545.618100,6944433.338000,30.580810,380
509546.601800,6944433.517000,30.662246,380
509547.093700,6944433.607000,30.706473,380
509547.585600,6944433.697000,30.783994,380
509548.077500,6944433.786000,30.871619,380
509548.569400,6944433.876000,30.953802,380
509548.978100,6944433.951000,31.021127,380
509549.061200,6944433.966000,31.038111,380
509549.553100,6944434.056000,31.253221,380
509550.045000,6944434.145000,31.477799,380
509550.135900,6944434.162000,31.519014,380
509550.536900,6944434.235000,31.798107,380
509550.811500,6944434.285000,32.016901,380
509551.028800,6944434.325000,32.197936,380
509551.280800,6944434.371000,32.514789,380
509551.419200,6944434.396000,33.012676,380
509551.520600,6944434.415000,33.400672,380
509551.548100,6944434.420000,33.510563,380
509551.600000,6944434.429000,34.008451,380
509551.610700,6944434.431000,34.506338,380
509551.617900,6944434.432000,35.004225,380
509551.669900,6944434.442000,35.502113,380
509562.833900,6944436.478000,29.266776,380
509562.342000,6944436.389000,29.209105,380
509561.850200,6944436.299000,29.151233,380
509561.358300,6944436.209000,29.093735,380
509561.052600,6944436.154000,29.029577,380
509560.866400,6944436.120000,28.944496,380
509560.374500,6944436.030000,28.700415,380
509560.076500,6944435.975000,28.531690,380
509560.214800,6944436.001000,28.033803,380
509560.374500,6944436.030000,27.715679,380
509560.478200,6944436.049000,27.535915,380
509560.866400,6944436.120000,27.436447,380
509561.358300,6944436.209000,27.300097,380
509561.850200,6944436.299000,27.179204,380
509562.342000,6944436.389000,27.085736,380
509562.566600,6944436.430000,27.038028,380
509562.833900,6944436.478000,26.986766,380
509563.325800,6944436.568000,26.891691,380
509563.325800,6944436.568000,29.323728,380
509504.300000,6944425.800000,30.198645,385
509504.791900,6944425.890000,30.188606,385
509505.283800,6944425.979000,30.178505,385
509505.775600,6944426.069000,30.167857,385
509506.267500,6944426.159000,30.156569,385
509506.759400,6944426.249000,30.132699,385
509507.251300,6944426.338000,30.108270,385
509507.743200,6944426.428000,30.081541,385
509508.235100,6944426.518000,30.054470,385
509508.634400,6944426.591000,30.025352,385
509508.726900,6944426.608000,30.017881,385
509509.218800,6944426.697000,29.969411,385
509509.710700,6944426.787000,29.924155,385
509510.202600,6944426.877000,29.875314,385
509510.694500,6944426.967000,29.823483,385
509511.186300,6944427.056000,29.764550,385
509511.678200,6944427.146000,29.706888,385
509512.170100,6944427.236000,29.647310,385
509512.662000,6944427.325000,29.593347,385
509513.153900,6944427.415000,29.543983,385
509513.321000,6944427.446000,29.527465,385
509513.645800,6944427.505000,29.494712,385
509514.137600,6944427.595000,29.445433,385
509514.629500,6944427.684000,29.404666,385
509515.121400,6944427.774000,29.382817,385
509515.613300,6944427.864000,29.360968,385
509516.105200,6944427.954000,29.339119,385
509516.597000,6944428.043000,29.321577,385
509517.088900,6944428.133000,29.324708,385
509517.580800,6944428.223000,29.327839,385
509518.072700,6944428.313000,29.330970,385
509518.564600,6944428.402000,29.334476,385
509519.056500,6944428.492000,29.348471,385
509520.040200,6944428.672000,29.376462,385
509520.532100,6944428.761000,29.390457,385
509521.024000,6944428.851000,29.406963,385
509521.515900,6944428.941000,29.423758,385
509522.007700,6944429.030000,29.440553,385
509522.499600,6944429.120000,29.457348,385
509522.991500,6944429.210000,29.478434,385
509523.483400,6944429.300000,29.500885,385
509523.975300,6944429.389000,29.523337,385
509524.064700,6944429.406000,29.527465,385
509524.467100,6944429.479000,29.545404,385
509524.959000,6944429.569000,29.570406,385
509525.450900,6944429.659000,29.597712,385
509525.942800,6944429.748000,29.624718,385
509526.434700,6944429.838000,29.650734,385
509526.926600,6944429.928000,29.676656,385
509527.418400,6944430.018000,29.702796,385
509527.910300,6944430.107000,29.729674,385
509528.402200,6944430.197000,29.757541,385
509528.894100,6944430.287000,29.782407,385
509529.386000,6944430.376000,29.805070,385
509529.877800,6944430.466000,29.828293,385
509530.369700,6944430.556000,29.852368,385
509530.861600,6944430.646000,29.877309,385
509531.353500,6944430.735000,29.900715,385
509531.845400,6944430.825000,29.921192,385
509532.337300,6944430.915000,29.941546,385
509532.829100,6944431.005000,29.962787,385
509533.321000,6944431.094000,29.983967,385
509533.812900,6944431.184000,30.006587,385
509534.274900,6944431.268000,30.025352,385
509534.304800,6944431.274000,30.026378,385
509534.796700,6944431.364000,30.041578,385
509535.288500,6944431.453000,30.057247,385
509535.780400,6944431.543000,30.073775,385
509536.272300,6944431.633000,30.091206,385
509536.764200,6944431.723000,30.108556,385
509537.256100,6944431.812000,30.124001,385
509537.748000,6944431.902000,30.139371,385
509538.239800,6944431.992000,30.155479,385
509538.731700,6944432.081000,30.172311,385
509539.223600,6944432.171000,30.190556,385
509539.715500,6944432.261000,30.207641,385
509540.207400,6944432.351000,30.224421,385
509540.699200,6944432.440000,30.241876,385
509541.191100,6944432.530000,30.260966,385
509541.683000,6944432.620000,30.281167,385
509542.174900,6944432.710000,30.300496,385
509542.666800,6944432.799000,30.319805,385
509543.158700,6944432.889000,30.340737,385
509543.650500,6944432.979000,30.363885,385
509544.142400,6944433.069000,30.387127,385
509544.634300,6944433.158000,30.410406,385
509545.126200,6944433.248000,30.436142,385
509545.618100,6944433.338000,30.469703,385
509546.109900,6944433.427000,30.503250,385
509546.409600,6944433.482000,30.523239,385
509546.601800,6944433.517000,30.536826,385
509547.093700,6944433.607000,30.573643,385
509547.585600,6944433.697000,30.638559,385
509548.077500,6944433.786000,30.708073,385
509548.569400,6944433.876000,30.775181,385
509549.061200,6944433.966000,30.842288,385
509549.553100,6944434.056000,30.980536,385
509549.679800,6944434.079000,31.021127,385
509550.045000,6944434.145000,31.183521,385
509550.536900,6944434.235000,31.397860,385
509550.779200,6944434.279000,31.519014,385
509551.028800,6944434.325000,31.712968,385
509551.285700,6944434.372000,32.016901,385
509551.520600,6944434.415000,32.320294,385
509551.655900,6944434.439000,32.514789,385
509551.764000,6944434.459000,33.012676,385
509551.870800,6944434.478000,33.510563,385
509551.913400,6944434.486000,34.008451,385
509551.922400,6944434.488000,34.506338,385
509551.926500,6944434.489000,35.004225,385
509552.007300,6944434.503000,35.502113,385
509562.833900,6944436.478000,29.411696,385
509562.342000,6944436.389000,29.361453,385
509561.850200,6944436.299000,29.311063,385
509561.358300,6944436.209000,29.260867,385
509560.866400,6944436.120000,29.167485,385
509560.374500,6944436.030000,29.052324,385
509560.268400,6944436.010000,29.029577,385
509559.882600,6944435.940000,28.846160,385
509559.390700,6944435.850000,28.567034,385
509559.343300,6944435.842000,28.531690,385
509559.390700,6944435.850000,28.440143,385
509559.573400,6944435.884000,28.033803,385
509559.878900,6944435.939000,27.535915,385
509559.882600,6944435.940000,27.534633,385
509560.374500,6944436.030000,27.382126,385
509560.866400,6944436.120000,27.248252,385
509561.358300,6944436.209000,27.102618,385
509561.664000,6944436.265000,27.038028,385
509561.850200,6944436.299000,27.003391,385
509562.342000,6944436.389000,26.911111,385
509562.833900,6944436.478000,26.819085,385
509563.325800,6944436.568000,26.726883,385
509563.325800,6944436.568000,29.461649,385
509504.300000,6944425.800000,30.120428,390
509504.791900,6944425.890000,30.110055,390
509505.283800,6944425.979000,30.099598,390
509505.775600,6944426.069000,30.088468,390
509506.267500,6944426.159000,30.076560,390
509506.759400,6944426.249000,30.051779,390
509507.251300,6944426.338000,30.026675,390
509507.275000,6944426.343000,30.025352,390
509507.743200,6944426.428000,29.996202,390
509508.235100,6944426.518000,29.965716,390
509508.726900,6944426.608000,29.925000,390
509509.218800,6944426.697000,29.875629,390
509509.710700,6944426.787000,29.828778,390
509510.202600,6944426.877000,29.779213,390
509510.694500,6944426.967000,29.725301,390
509511.186300,6944427.056000,29.664773,390
509511.678200,6944427.146000,29.604905,390
509512.170100,6944427.236000,29.544305,390
509512.319600,6944427.263000,29.527465,390
509512.662000,6944427.325000,29.488104,390
509513.153900,6944427.415000,29.436689,390
509514.137600,6944427.595000,29.333884,390
509514.629500,6944427.684000,29.290718,390
509515.121400,6944427.774000,29.265853,390
509515.613300,6944427.864000,29.240988,390
509516.105200,6944427.954000,29.216123,390
509516.597000,6944428.043000,29.195444,390
509517.088900,6944428.133000,29.194859,390
509517.580800,6944428.223000,29.194273,390
509518.072700,6944428.313000,29.193688,390
509518.564600,6944428.402000,29.193532,390
509519.056500,6944428.492000,29.205402,390
509520.040200,6944428.672000,29.229142,390
509520.532100,6944428.761000,29.241012,390
509521.024000,6944428.851000,29.257916,390
509521.515900,6944428.941000,29.275402,390
509522.007700,6944429.030000,29.292887,390
509522.499600,6944429.120000,29.310373,390
509522.991500,6944429.210000,29.333033,390
509523.483400,6944429.300000,29.357339,390
509523.975300,6944429.389000,29.381646,390
509524.467100,6944429.479000,29.405952,390
509524.959000,6944429.569000,29.433072,390
509525.450900,6944429.659000,29.461911,390
509525.942800,6944429.748000,29.490750,390
509526.434700,6944429.838000,29.519590,390
509526.569600,6944429.863000,29.527465,390
509526.926600,6944429.928000,29.547705,390
509527.418400,6944430.018000,29.575305,390
509527.910300,6944430.107000,29.603193,390
509528.402200,6944430.197000,29.631652,390
509528.894100,6944430.287000,29.658322,390
509529.386000,6944430.376000,29.682906,390
509529.877800,6944430.466000,29.707729,390
509530.369700,6944430.556000,29.733051,390
509530.861600,6944430.646000,29.758794,390
509531.353500,6944430.735000,29.782940,390
509531.845400,6944430.825000,29.805089,390
509532.337300,6944430.915000,29.827096,390
509532.829100,6944431.005000,29.849672,390
509533.321000,6944431.094000,29.871673,390
509533.812900,6944431.184000,29.894811,390
509534.304800,6944431.274000,29.915946,390
509534.796700,6944431.364000,29.935192,390
509535.288500,6944431.453000,29.954288,390
509535.780400,6944431.543000,29.974146,390
509536.272300,6944431.633000,29.995058,390
509536.764200,6944431.723000,30.015973,390
509537.015800,6944431.768000,30.025352,390
509537.256100,6944431.812000,30.033085,390
509537.748000,6944431.902000,30.048843,390
509538.239800,6944431.992000,30.065506,390
509538.731700,6944432.081000,30.083072,390
509539.223600,6944432.171000,30.102069,390
509539.715500,6944432.261000,30.119412,390
509540.207400,6944432.351000,30.136346,390
509540.699200,6944432.440000,30.154140,390
509541.191100,6944432.530000,30.173210,390
509541.683000,6944432.620000,30.192951,390
509542.174900,6944432.710000,30.211505,390
509542.666800,6944432.799000,30.230001,390
509543.158700,6944432.889000,30.249354,390
509543.650500,6944432.979000,30.269513,390
509544.142400,6944433.069000,30.289845,390
509544.634300,6944433.158000,30.310292,390
509545.126200,6944433.248000,30.332192,390
509545.618100,6944433.338000,30.358597,390
509546.109900,6944433.427000,30.384901,390
509546.601800,6944433.517000,30.411269,390
509547.093700,6944433.607000,30.440337,390
509547.585600,6944433.697000,30.492453,390
509547.887600,6944433.752000,30.523239,390
509548.077500,6944433.786000,30.544527,390
509548.569400,6944433.876000,30.596559,390
509549.061200,6944433.966000,30.648591,390
509549.553100,6944434.056000,30.768406,390
509550.045000,6944434.145000,30.908058,390
509550.391600,6944434.209000,31.021127,390
509550.536900,6944434.235000,31.080725,390
509551.028800,6944434.325000,31.266482,390
509551.344100,6944434.382000,31.519014,390
509551.520600,6944434.415000,31.737036,390
509551.715200,6944434.450000,32.016901,390
509552.012500,6944434.504000,32.482537,390
509552.029700,6944434.507000,32.514789,390
509552.193800,6944434.537000,33.510563,390
509552.226800,6944434.543000,34.008451,390
509552.234100,6944434.545000,34.506338,390
509552.236900,6944434.545000,35.004225,390
509552.257900,6944434.549000,35.502113,390
509562.833900,6944436.478000,29.555811,390
509562.493700,6944436.416000,29.527465,390
509562.342000,6944436.389000,29.513801,390
509561.850200,6944436.299000,29.470892,390
509561.358300,6944436.209000,29.427999,390
509560.866400,6944436.120000,29.347481,390
509560.374500,6944436.030000,29.253780,390
509559.882600,6944435.940000,29.160217,390
509559.390700,6944435.850000,29.068721,390
509559.239100,6944435.823000,29.029577,390
509558.898900,6944435.761000,28.792294,390
509558.565100,6944435.700000,28.531690,390
509558.879900,6944435.757000,28.033803,390
509558.898900,6944435.761000,28.016667,390
509559.346100,6944435.842000,27.535915,390
509559.390700,6944435.850000,27.520401,390
509559.882600,6944435.940000,27.350500,390
509560.374500,6944436.030000,27.203074,390
509560.866400,6944436.120000,27.060056,390
509560.939300,6944436.133000,27.038028,390
509561.358300,6944436.209000,26.919317,390
509561.850200,6944436.299000,26.829472,390
509562.342000,6944436.389000,26.740322,390
509562.833900,6944436.478000,26.651403,390
509563.325800,6944436.568000,26.562074,390
509563.325800,6944436.568000,29.598385,390
509504.300000,6944425.800000,30.042211,395
509504.791900,6944425.890000,30.031504,395
509505.072300,6944425.941000,30.025352,395
509505.283800,6944425.979000,30.020127,395
509505.775600,6944426.069000,30.007156,395
509506.267500,6944426.159000,29.993343,395
509506.759400,6944426.249000,29.965127,395
509507.251300,6944426.338000,29.936418,395
509507.743200,6944426.428000,29.905341,395
509508.235100,6944426.518000,29.874389,395
509508.726900,6944426.608000,29.832118,395
509509.218800,6944426.697000,29.781847,395
509509.710700,6944426.787000,29.733401,395
509510.202600,6944426.877000,29.683111,395
509510.694500,6944426.967000,29.627119,395
509511.186300,6944427.056000,29.564996,395
509511.486300,6944427.111000,29.527465,395
509511.678200,6944427.146000,29.503037,395
509512.170100,6944427.236000,29.441086,395
509512.662000,6944427.325000,29.382960,395
509513.153900,6944427.415000,29.329387,395
509514.137600,6944427.595000,29.222336,395
509514.629500,6944427.684000,29.176769,395
509515.121400,6944427.774000,29.148888,395
509515.613300,6944427.864000,29.121007,395
509516.105200,6944427.954000,29.093126,395
509516.597000,6944428.043000,29.069311,395
509517.088900,6944428.133000,29.065009,395
509517.580800,6944428.223000,29.060708,395
509518.072700,6944428.313000,29.056406,395
509518.564600,6944428.402000,29.052589,395
509519.056500,6944428.492000,29.062333,395
509520.040200,6944428.672000,29.081822,395
509520.532100,6944428.761000,29.091566,395
509521.024000,6944428.851000,29.108870,395
509521.515900,6944428.941000,29.127046,395
509522.007700,6944429.030000,29.145221,395
509522.499600,6944429.120000,29.163397,395
509522.991500,6944429.210000,29.187631,395
509523.483400,6944429.300000,29.213793,395
509524.467100,6944429.479000,29.266116,395
509524.959000,6944429.569000,29.295024,395
509525.942800,6944429.748000,29.356195,395
509526.434700,6944429.838000,29.386780,395
509526.926600,6944429.928000,29.416884,395
509527.418400,6944430.018000,29.446470,395
509527.910300,6944430.107000,29.476057,395
509528.402200,6944430.197000,29.505643,395
509528.775800,6944430.265000,29.527465,395
509528.894100,6944430.287000,29.534238,395
509529.386000,6944430.376000,29.560743,395
509529.877800,6944430.466000,29.587164,395
509530.369700,6944430.556000,29.613735,395
509530.861600,6944430.646000,29.640278,395
509531.353500,6944430.735000,29.665166,395
509531.845400,6944430.825000,29.688986,395
509532.337300,6944430.915000,29.712646,395
509532.829100,6944431.005000,29.736557,395
509533.321000,6944431.094000,29.759379,395
509533.812900,6944431.184000,29.783035,395
509534.304800,6944431.274000,29.805338,395
509534.796700,6944431.364000,29.826254,395
509535.288500,6944431.453000,29.846531,395
509535.780400,6944431.543000,29.867341,395
509536.272300,6944431.633000,29.888971,395
509536.764200,6944431.723000,29.910635,395
509537.256100,6944431.812000,29.929996,395
509537.748000,6944431.902000,29.949001,395
509538.239800,6944431.992000,29.968765,395
509538.731700,6944432.081000,29.989501,395
509539.223600,6944432.171000,30.011876,395
509539.552200,6944432.231000,30.025352,395
509539.715500,6944432.261000,30.031183,395
509540.207400,6944432.351000,30.048272,395
509540.699200,6944432.440000,30.066404,395
509541.191100,6944432.530000,30.085455,395
509541.683000,6944432.620000,30.104735,395
509542.174900,6944432.710000,30.122513,395
509542.666800,6944432.799000,30.140197,395
509543.158700,6944432.889000,30.157971,395
509543.650500,6944432.979000,30.175142,395
509544.142400,6944433.069000,30.192563,395
509544.634300,6944433.158000,30.210179,395
509545.126200,6944433.248000,30.228242,395
509545.618100,6944433.338000,30.247490,395
509546.109900,6944433.427000,30.266553,395
509546.601800,6944433.517000,30.285695,395
509547.093700,6944433.607000,30.306738,395
509547.585600,6944433.697000,30.343783,395
509548.077500,6944433.786000,30.380867,395
509548.569400,6944433.876000,30.417941,395
509549.061200,6944433.966000,30.454970,395
509549.402500,6944434.028000,30.523239,395
509549.553100,6944434.056000,30.556276,395
509550.045000,6944434.145000,30.655762,395
509550.536900,6944434.235000,30.770375,395
509551.028800,6944434.325000,30.877487,395
509551.323800,6944434.379000,31.021127,395
509551.520600,6944434.415000,31.167119,395
509551.896500,6944434.483000,31.519014,395
509552.012500,6944434.504000,31.707723,395
509552.170300,6944434.533000,32.016901,395
509552.402000,6944434.575000,32.514789,395
509552.459400,6944434.586000,33.012676,395
509552.504400,6944434.594000,33.396710,395
509552.516800,6944434.596000,33.510563,395
509552.540200,6944434.601000,34.008451,395
509552.545700,6944434.602000,34.506338,395
509552.548100,6944434.602000,35.004225,395
509552.508100,6944434.595000,35.502113,395
509562.833900,6944436.478000,29.696723,395
509562.342000,6944436.389000,29.660915,395
509561.850200,6944436.299000,29.626287,395
509561.358300,6944436.209000,29.592194,395
509560.866400,6944436.120000,29.527476,395
509560.866300,6944436.120000,29.527465,395
509560.374500,6944436.030000,29.455237,395
509559.882600,6944435.940000,29.381905,395
509559.390700,6944435.850000,29.309120,395
509558.898900,6944435.761000,29.196730,395
509558.407000,6944435.671000,29.045789,395
509558.348900,6944435.660000,29.029577,395
509557.915100,6944435.581000,28.682869,395
509557.789900,6944435.558000,28.531690,395
509557.915100,6944435.581000,28.389956,395
509558.203000,6944435.634000,28.033803,395
509558.407000,6944435.671000,27.866117,395
509558.769500,6944435.737000,27.535915,395
509558.898900,6944435.761000,27.492826,395
509559.390700,6944435.850000,27.323053,395
509559.882600,6944435.940000,27.166367,395
509560.324900,6944436.021000,27.038028,395
509560.374500,6944436.030000,27.023617,395
509560.866400,6944436.120000,26.879412,395
509561.358300,6944436.209000,26.742906,395
509561.850200,6944436.299000,26.655553,395
509562.342000,6944436.389000,26.569532,395
509562.508500,6944436.419000,26.540141,395
509562.833900,6944436.478000,26.497455,395
509563.325800,6944436.568000,26.432129,395
509563.325800,6944436.568000,29.734038,395
509504.300000,6944425.800000,29.956692,400
509504.791900,6944425.890000,29.944242,400
509505.283800,6944425.979000,29.931666,400
509505.775600,6944426.069000,29.918386,400
509506.267500,6944426.159000,29.904426,400
509506.759400,6944426.249000,29.875695,400
509507.251300,6944426.338000,29.846018,400
509507.743200,6944426.428000,29.814479,400
509508.235100,6944426.518000,29.783063,400
509508.726900,6944426.608000,29.739237,400
509509.218800,6944426.697000,29.688065,400
509509.710700,6944426.787000,29.638024,400
509510.202600,6944426.877000,29.587009,400
509510.694500,6944426.967000,29.528937,400
509510.706000,6944426.969000,29.527465,400
509511.186300,6944427.056000,29.465238,400
509511.678200,6944427.146000,29.401529,400
509512.170100,6944427.236000,29.337826,400
509512.662000,6944427.325000,29.277816,400
509513.153900,6944427.415000,29.222085,400
509514.137600,6944427.595000,29.110788,400
509514.629500,6944427.684000,29.062821,400
509515.121400,6944427.774000,29.031924,400
509515.159600,6944427.781000,29.029577,400
509515.613300,6944427.864000,28.993588,400
509516.105200,6944427.954000,28.954435,400
509516.597000,6944428.043000,28.919865,400
509517.088900,6944428.133000,28.908370,400
509517.580800,6944428.223000,28.896939,400
509518.072700,6944428.313000,28.885620,400
509518.564600,6944428.402000,28.875126,400
509519.056500,6944428.492000,28.884893,400
509519.548300,6944428.582000,28.894680,400
509520.040200,6944428.672000,28.904490,400
509520.532100,6944428.761000,28.914288,400
509521.024000,6944428.851000,28.937866,400
509521.515900,6944428.941000,28.962954,400
509522.007700,6944429.030000,28.987903,400
509522.499600,6944429.120000,29.012588,400
509522.749000,6944429.166000,29.029577,400
509522.991500,6944429.210000,29.042230,400
509523.483400,6944429.300000,29.070247,400
509524.467100,6944429.479000,29.126280,400
509524.959000,6944429.569000,29.156975,400
509525.450900,6944429.659000,29.189307,400
509525.942800,6944429.748000,29.221639,400
509526.434700,6944429.838000,29.253971,400
509526.926600,6944429.928000,29.285715,400
509527.418400,6944430.018000,29.316828,400
509527.910300,6944430.107000,29.347941,400
509528.402200,6944430.197000,29.379054,400
509528.894100,6944430.287000,29.409183,400
509529.386000,6944430.376000,29.437444,400
509529.877800,6944430.466000,29.465705,400
509530.369700,6944430.556000,29.493965,400
509530.861600,6944430.646000,29.521711,400
509530.970500,6944430.666000,29.527465,400
509531.353500,6944430.735000,29.547391,400
509531.845400,6944430.825000,29.572882,400
509532.337300,6944430.915000,29.598197,400
509532.829100,6944431.005000,29.623442,400
509533.321000,6944431.094000,29.647085,400
509533.812900,6944431.184000,29.671259,400
509534.304800,6944431.274000,29.694730,400
509534.796700,6944431.364000,29.717316,400
509535.288500,6944431.453000,29.738775,400
509535.780400,6944431.543000,29.760535,400
509536.272300,6944431.633000,29.782885,400
509536.764200,6944431.723000,29.805297,400
509537.256100,6944431.812000,29.825776,400
509537.748000,6944431.902000,29.845894,400
509538.239800,6944431.992000,29.866570,400
509538.731700,6944432.081000,29.887998,400
509539.223600,6944432.171000,29.910565,400
509539.715500,6944432.261000,29.931276,400
509540.207400,6944432.351000,29.951358,400
509540.699200,6944432.440000,29.972380,400
509541.191100,6944432.530000,29.993875,400
509541.683000,6944432.620000,30.015253,400
509541.939600,6944432.667000,30.025352,400
509542.174900,6944432.710000,30.033522,400
509542.666800,6944432.799000,30.050393,400
509543.158700,6944432.889000,30.066587,400
509543.650500,6944432.979000,30.080771,400
509544.142400,6944433.069000,30.095281,400
509544.634300,6944433.158000,30.110066,400
509545.126200,6944433.248000,30.124291,400
509545.618100,6944433.338000,30.136383,400
509546.109900,6944433.427000,30.148204,400
509546.601800,6944433.517000,30.160121,400
509547.093700,6944433.607000,30.173140,400
509547.585600,6944433.697000,30.195112,400
509548.077500,6944433.786000,30.217190,400
509548.569400,6944433.876000,30.239326,400
509549.061200,6944433.966000,30.261486,400
509549.553100,6944434.056000,30.327903,400
509550.045000,6944434.145000,30.395455,400
509550.536900,6944434.235000,30.462139,400
509550.998400,6944434.319000,30.523239,400
509551.028800,6944434.325000,30.527824,400
509551.520600,6944434.415000,30.760070,400
509552.002300,6944434.502000,31.021127,400
509552.012500,6944434.504000,31.030605,400
509552.482000,6944434.590000,31.519014,400
509552.504400,6944434.594000,31.576212,400
509552.642100,6944434.619000,32.016901,400
509552.774400,6944434.643000,32.514789,400
509552.807200,6944434.649000,33.012676,400
509552.839900,6944434.655000,33.510563,400
509552.853600,6944434.658000,34.008451,400
509552.857400,6944434.658000,34.506338,400
509552.859600,6944434.659000,35.004225,400
509552.837700,6944434.655000,35.502113,400
509562.833900,6944436.478000,29.837636,400
509562.342000,6944436.389000,29.807513,400
509561.850200,6944436.299000,29.779251,400
509561.358300,6944436.209000,29.752070,400
509560.866400,6944436.120000,29.704230,400
509560.374500,6944436.030000,29.653173,400
509559.882600,6944435.940000,29.601631,400
509559.390700,6944435.850000,29.549112,400
509559.260900,6944435.827000,29.527465,400
509558.898900,6944435.761000,29.460104,400
509558.407000,6944435.671000,29.357890,400
509557.915100,6944435.581000,29.252718,400
509557.423200,6944435.491000,29.133440,400
509557.152000,6944435.442000,29.029577,400
509556.989400,6944435.412000,28.531690,400
509557.423200,6944435.491000,28.170733,400
509557.546100,6944435.514000,28.033803,400
509557.915100,6944435.581000,27.716151,400
509558.134000,6944435.621000,27.535915,400
509558.407000,6944435.671000,27.453018,400
509558.898900,6944435.761000,27.289268,400
509559.390700,6944435.850000,27.125705,400
509559.683200,6944435.904000,27.038028,400
509559.882600,6944435.940000,26.981026,400
509560.374500,6944436.030000,26.839387,400
509560.866400,6944436.120000,26.699769,400
509561.358300,6944436.209000,26.566495,400
509561.509500,6944436.237000,26.540141,400
509561.850200,6944436.299000,26.495950,400
509562.342000,6944436.389000,26.433273,400
509562.833900,6944436.478000,26.370589,400
509563.325800,6944436.568000,26.307535,400
509563.325800,6944436.568000,29.869691,400
509504.300000,6944425.800000,29.869167,405
509504.791900,6944425.890000,29.856240,405
509505.283800,6944425.979000,29.843205,405
509505.775600,6944426.069000,29.829615,405
509506.267500,6944426.159000,29.815508,405
509506.759400,6944426.249000,29.786263,405
509507.251300,6944426.338000,29.755617,405
509507.743200,6944426.428000,29.723617,405
509508.235100,6944426.518000,29.691736,405
509508.726900,6944426.608000,29.646356,405
509509.218800,6944426.697000,29.594283,405
509509.710700,6944426.787000,29.542647,405
509509.855800,6944426.814000,29.527465,405
509510.202600,6944426.877000,29.490763,405
509510.694500,6944426.967000,29.430959,405
509511.186300,6944427.056000,29.365493,405
509511.678200,6944427.146000,29.300020,405
509512.170100,6944427.236000,29.234566,405
509512.662000,6944427.325000,29.172672,405
509513.153900,6944427.415000,29.114783,405
509513.645800,6944427.505000,29.057012,405
509513.881700,6944427.548000,29.029577,405
509514.137600,6944427.595000,28.992412,405
509514.629500,6944427.684000,28.929995,405
509515.121400,6944427.774000,28.886306,405
509515.613300,6944427.864000,28.842347,405
509516.105200,6944427.954000,28.798967,405
509516.597000,6944428.043000,28.759699,405
509517.088900,6944428.133000,28.741677,405
509517.580800,6944428.223000,28.723990,405
509518.072700,6944428.313000,28.706696,405
509518.564600,6944428.402000,28.690536,405
509519.056500,6944428.492000,28.697245,405
509519.548300,6944428.582000,28.703955,405
509520.040200,6944428.672000,28.710668,405
509520.532100,6944428.761000,28.717283,405
509521.024000,6944428.851000,28.741904,405
509521.515900,6944428.941000,28.768725,405
509522.007700,6944429.030000,28.795726,405
509522.499600,6944429.120000,28.822784,405
509522.991500,6944429.210000,28.858843,405
509523.483400,6944429.300000,28.897605,405
509523.975300,6944429.389000,28.936490,405
509524.467100,6944429.479000,28.975075,405
509524.959000,6944429.569000,29.016188,405
509525.111400,6944429.597000,29.029577,405
509525.450900,6944429.659000,29.053005,405
509525.942800,6944429.748000,29.087083,405
509526.434700,6944429.838000,29.121162,405
509526.926600,6944429.928000,29.154546,405
509527.418400,6944430.018000,29.187185,405
509527.910300,6944430.107000,29.219825,405
509528.402200,6944430.197000,29.252464,405
509528.894100,6944430.287000,29.284072,405
509529.386000,6944430.376000,29.313720,405
509529.877800,6944430.466000,29.343367,405
509530.369700,6944430.556000,29.373014,405
509530.861600,6944430.646000,29.402122,405
509531.845400,6944430.825000,29.456195,405
509532.337300,6944430.915000,29.483231,405
509532.829100,6944431.005000,29.510110,405
509533.173000,6944431.067000,29.527465,405
509533.321000,6944431.094000,29.534791,405
509533.812900,6944431.184000,29.559483,405
509534.304800,6944431.274000,29.584122,405
509534.796700,6944431.364000,29.608378,405
509535.288500,6944431.453000,29.631019,405
509535.780400,6944431.543000,29.653729,405
509536.272300,6944431.633000,29.676798,405
509536.764200,6944431.723000,29.699959,405
509537.256100,6944431.812000,29.721555,405
509537.748000,6944431.902000,29.742788,405
509538.239800,6944431.992000,29.764374,405
509538.731700,6944432.081000,29.786494,405
509539.223600,6944432.171000,29.809253,405
509539.715500,6944432.261000,29.830544,405
509540.207400,6944432.351000,29.851336,405
509540.699200,6944432.440000,29.872827,405
509541.191100,6944432.530000,29.893982,405
509541.683000,6944432.620000,29.914403,405
509542.174900,6944432.710000,29.933263,405
509542.666800,6944432.799000,29.951868,405
509543.158700,6944432.889000,29.968606,405
509543.650500,6944432.979000,29.981456,405
509544.142400,6944433.069000,29.994602,405
509544.634300,6944433.158000,30.008056,405
509545.126200,6944433.248000,30.019744,405
509545.618100,6944433.338000,30.025269,405
509545.626700,6944433.339000,30.025352,405
509546.109900,6944433.427000,30.029855,405
509546.601800,6944433.517000,30.034546,405
509547.093700,6944433.607000,30.039542,405
509547.585600,6944433.697000,30.046442,405
509548.077500,6944433.786000,30.053513,405
509548.569400,6944433.876000,30.060710,405
509549.061200,6944433.966000,30.068002,405
509549.553100,6944434.056000,30.096534,405
509550.045000,6944434.145000,30.126284,405
509550.536900,6944434.235000,30.156088,405
509551.028800,6944434.325000,30.185702,405
509551.520600,6944434.415000,30.353170,405
509551.854500,6944434.475000,30.523239,405
509552.012500,6944434.504000,30.593422,405
509552.504400,6944434.594000,30.817417,405
509552.797100,6944434.647000,31.021127,405
509552.996300,6944434.684000,31.290707,405
509553.080000,6944434.699000,31.519014,405
509553.114900,6944434.705000,32.016901,405
509553.146700,6944434.711000,32.514789,405
509553.154900,6944434.713000,33.012676,405
509553.162800,6944434.714000,33.510563,405
509553.167000,6944434.715000,34.008451,405
509553.169000,6944434.715000,34.506338,405
509553.170400,6944434.716000,35.004225,405
509553.161700,6944434.714000,35.502113,405
509562.833900,6944436.478000,29.978548,405
509562.342000,6944436.389000,29.954111,405
509561.850200,6944436.299000,29.932216,405
509561.358300,6944436.209000,29.911946,405
509560.866400,6944436.120000,29.880984,405
509560.374500,6944436.030000,29.849142,405
509559.882600,6944435.940000,29.817606,405
509559.390700,6944435.850000,29.785088,405
509558.898900,6944435.761000,29.734446,405
509558.407000,6944435.671000,29.677841,405
509557.915100,6944435.581000,29.621261,405
509557.423200,6944435.491000,29.564474,405
509557.274100,6944435.464000,29.527465,405
509556.931300,6944435.402000,29.428657,405
509556.439500,6944435.312000,29.233884,405
509556.067300,6944435.244000,29.029577,405
509556.064900,6944435.244000,28.531690,405
509556.439500,6944435.312000,28.295462,405
509556.801900,6944435.378000,28.033803,405
509556.931300,6944435.402000,27.958544,405
509557.423200,6944435.491000,27.574839,405
509557.468700,6944435.500000,27.535915,405
509557.915100,6944435.581000,27.401295,405
509558.407000,6944435.671000,27.249160,405
509558.898900,6944435.761000,27.085710,405
509559.044700,6944435.787000,27.038028,405
509559.390700,6944435.850000,26.932152,405
509559.882600,6944435.940000,26.792905,405
509560.374500,6944436.030000,26.655156,405
509560.791900,6944436.106000,26.540141,405
509560.866400,6944436.120000,26.524883,405
509561.358300,6944436.209000,26.426087,405
509561.850200,6944436.299000,26.364588,405
509562.342000,6944436.389000,26.304192,405
509562.833900,6944436.478000,26.243723,405
509563.325800,6944436.568000,26.182942,405
509563.325800,6944436.568000,30.005345,405
509562.833900,6944436.478000,30.087081,410
509562.342000,6944436.389000,30.075458,410
509561.850200,6944436.299000,30.065334,410
509561.358300,6944436.209000,30.056370,410
509560.866400,6944436.120000,30.046600,410
509560.374500,6944436.030000,30.038018,410
509559.882600,6944435.940000,30.030492,410
509559.549600,6944435.879000,30.025352,410
509559.390700,6944435.850000,30.021064,410
509558.898900,6944435.761000,30.012555,410
509558.407000,6944435.671000,30.007132,410
509557.915100,6944435.581000,30.001494,410
509557.423200,6944435.491000,29.991758,410
509556.931300,6944435.402000,29.999408,410
509556.495400,6944435.322000,30.025352,410
509556.439500,6944435.312000,30.027338,410
509555.947600,6944435.222000,30.034055,410
509555.455700,6944435.132000,30.040451,410
509554.963800,6944435.043000,30.109157,410
509554.514500,6944434.961000,30.523239,410
509554.471900,6944434.953000,30.555056,410
509553.985200,6944434.864000,31.021127,410
509553.980100,6944434.863000,31.028546,410
509553.677500,6944434.808000,31.519014,410
509553.594500,6944434.793000,32.016901,410
509553.518900,6944434.779000,32.514789,410
509553.502300,6944434.776000,33.012676,410
509553.488200,6944434.774000,33.432594,410
509553.485700,6944434.773000,33.510563,410
509553.480200,6944434.772000,34.008451,410
509553.480600,6944434.772000,34.506338,410
509553.480700,6944434.772000,35.004225,410
509553.480600,6944434.772000,35.502113,410
509504.300000,6944425.800000,29.781642,410
509504.791900,6944425.890000,29.768239,410
509505.283800,6944425.979000,29.754744,410
509505.775600,6944426.069000,29.740845,410
509506.267500,6944426.159000,29.726590,410
509506.759400,6944426.249000,29.696831,410
509507.251300,6944426.338000,29.665217,410
509507.743200,6944426.428000,29.632756,410
509508.235100,6944426.518000,29.600409,410
509508.726900,6944426.608000,29.553474,410
509508.969600,6944426.652000,29.527465,410
509509.218800,6944426.697000,29.500412,410
509510.202600,6944426.877000,29.394280,410
509510.694500,6944426.967000,29.332985,410
509511.186300,6944427.056000,29.265747,410
509511.678200,6944427.146000,29.198512,410
509512.170100,6944427.236000,29.131305,410
509512.662000,6944427.325000,29.067528,410
509512.975200,6944427.383000,29.029577,410
509513.153900,6944427.415000,29.002516,410
509513.645800,6944427.505000,28.928963,410
509514.137600,6944427.595000,28.855757,410
509514.629500,6944427.684000,28.789393,410
509515.121400,6944427.774000,28.740101,410
509515.613300,6944427.864000,28.691106,410
509516.105200,6944427.954000,28.643499,410
509516.597000,6944428.043000,28.599533,410
509517.088900,6944428.133000,28.574985,410
509517.580800,6944428.223000,28.551042,410
509517.992200,6944428.298000,28.531690,410
509518.072700,6944428.313000,28.526216,410
509518.564600,6944428.402000,28.495243,410
509519.056500,6944428.492000,28.500320,410
509519.548300,6944428.582000,28.505405,410
509520.040200,6944428.672000,28.510497,410
509520.532100,6944428.761000,28.515370,410
509520.750200,6944428.801000,28.531690,410
509521.024000,6944428.851000,28.545941,410
509521.515900,6944428.941000,28.574496,410
509522.007700,6944429.030000,28.603548,410
509522.499600,6944429.120000,28.632980,410
509522.991500,6944429.210000,28.671835,410
509523.483400,6944429.300000,28.713460,410
509523.975300,6944429.389000,28.755822,410
509524.467100,6944429.479000,28.798382,410
509524.959000,6944429.569000,28.842641,410
509525.450900,6944429.659000,28.887836,410
509525.942800,6944429.748000,28.933166,410
509526.434700,6944429.838000,28.978274,410
509526.926600,6944429.928000,29.021889,410
509527.015000,6944429.944000,29.029577,410
509527.418400,6944430.018000,29.057543,410
509528.402200,6944430.197000,29.125875,410
509528.894100,6944430.287000,29.158961,410
509530.369700,6944430.556000,29.252063,410
509530.861600,6944430.646000,29.282532,410
509532.337300,6944430.915000,29.367433,410
509532.829100,6944431.005000,29.395568,410
509534.796700,6944431.364000,29.499184,410
509535.288500,6944431.453000,29.523219,410
509535.375300,6944431.469000,29.527465,410
509535.780400,6944431.543000,29.546923,410
509536.272300,6944431.633000,29.570711,410
509536.764200,6944431.723000,29.594621,410
509537.256100,6944431.812000,29.617335,410
509537.748000,6944431.902000,29.639681,410
509538.239800,6944431.992000,29.662179,410
509538.731700,6944432.081000,29.684991,410
509539.223600,6944432.171000,29.707941,410
509539.715500,6944432.261000,29.729811,410
509540.207400,6944432.351000,29.751313,410
509540.699200,6944432.440000,29.773273,410
509541.191100,6944432.530000,29.794088,410
509541.683000,6944432.620000,29.813553,410
509542.174900,6944432.710000,29.831865,410
509542.666800,6944432.799000,29.849970,410
509543.158700,6944432.889000,29.865199,410
509543.650500,6944432.979000,29.875107,410
509544.142400,6944433.069000,29.885242,410
509544.634300,6944433.158000,29.895612,410
509545.126200,6944433.248000,29.903394,410
509545.618100,6944433.338000,29.902565,410
509546.109900,6944433.427000,29.901329,410
509546.601800,6944433.517000,29.900098,410
509547.093700,6944433.607000,29.898455,410
509547.585600,6944433.697000,29.893130,410
509548.077500,6944433.786000,29.887749,410
509548.569400,6944433.876000,29.882323,410
509549.061200,6944433.966000,29.876859,410
509549.553100,6944434.056000,29.874930,410
509550.045000,6944434.145000,29.872444,410
509550.536900,6944434.235000,29.869478,410
509551.028800,6944434.325000,29.866168,410
509551.520600,6944434.415000,29.884971,410
509552.012500,6944434.504000,29.894049,410
509552.504400,6944434.594000,29.895610,410
509552.996300,6944434.684000,29.893715,410
509553.488200,6944434.774000,29.669712,410
509553.718500,6944434.816000,29.527465,410
509553.980100,6944434.863000,29.419386,410
509554.407500,6944434.941000,29.029577,410
509554.471900,6944434.953000,28.999519,410
509554.963800,6944435.043000,28.801550,410
509555.256800,6944435.096000,28.531690,410
509555.455700,6944435.132000,28.427301,410
509555.947600,6944435.222000,28.097565,410
509556.041500,6944435.239000,28.033803,410
509556.439500,6944435.312000,27.821203,410
509556.882400,6944435.393000,27.535915,410
509556.931300,6944435.402000,27.519452,410
509557.423200,6944435.491000,27.351629,410
509557.915100,6944435.581000,27.201540,410
509558.407000,6944435.671000,27.045302,410
509558.428900,6944435.675000,27.038028,410
509558.898900,6944435.761000,26.890820,410
509559.390700,6944435.850000,26.741632,410
509559.882600,6944435.940000,26.604785,410
509560.117600,6944435.983000,26.540141,410
509560.374500,6944436.030000,26.487812,410
509560.866400,6944436.120000,26.387934,410
509561.358300,6944436.209000,26.292001,410
509561.850200,6944436.299000,26.233226,410
509562.342000,6944436.389000,26.175110,410
509562.833900,6944436.478000,26.116856,410
509563.325800,6944436.568000,26.058349,410
509563.325800,6944436.568000,30.099698,410
509505.283800,6944425.979000,29.666283,415
509505.775600,6944426.069000,29.652074,415
509506.267500,6944426.159000,29.637672,415
509506.759400,6944426.249000,29.607399,415
509507.251300,6944426.338000,29.574817,415
509507.743200,6944426.428000,29.541894,415
509507.960100,6944426.468000,29.527465,415
509508.235100,6944426.518000,29.508975,415
509508.726900,6944426.608000,29.460584,415
509509.218800,6944426.697000,29.406322,415
509509.710700,6944426.787000,29.352059,415
509510.202600,6944426.877000,29.297797,415
509510.694500,6944426.967000,29.235011,415
509511.186300,6944427.056000,29.166002,415
509511.678200,6944427.146000,29.097003,415
509512.159400,6944427.234000,29.029577,415
509512.170100,6944427.236000,29.027718,415
509512.662000,6944427.325000,28.947581,415
509513.153900,6944427.415000,28.871100,415
509513.645800,6944427.505000,28.794683,415
509514.137600,6944427.595000,28.719103,415
509514.629500,6944427.684000,28.648791,415
509515.121400,6944427.774000,28.593896,415
509515.613300,6944427.864000,28.539865,415
509515.692700,6944427.878000,28.531690,415
509516.105200,6944427.954000,28.473786,415
509516.597000,6944428.043000,28.407781,415
509517.088900,6944428.133000,28.363935,415
509517.580800,6944428.223000,28.320089,415
509518.072700,6944428.313000,28.276273,415
509518.564600,6944428.402000,28.233906,415
509519.056500,6944428.492000,28.233864,415
509519.548300,6944428.582000,28.233826,415
509520.040200,6944428.672000,28.233791,415
509520.532100,6944428.761000,28.233665,415
509521.024000,6944428.851000,28.274235,415
509521.515900,6944428.941000,28.319363,415
509522.007700,6944429.030000,28.364492,415
509522.499600,6944429.120000,28.409621,415
509522.991500,6944429.210000,28.467645,415
509523.483400,6944429.300000,28.528488,415
509523.508400,6944429.304000,28.531690,415
509523.975300,6944429.389000,28.575154,415
509524.467100,6944429.479000,28.621689,415
509524.959000,6944429.569000,28.669094,415
509525.450900,6944429.659000,28.716676,415
509525.942800,6944429.748000,28.764798,415
509526.434700,6944429.838000,28.812995,415
509526.926600,6944429.928000,28.859261,415
509527.418400,6944430.018000,28.903660,415
509527.910300,6944430.107000,28.948058,415
509528.402200,6944430.197000,28.992293,415
509528.832600,6944430.276000,29.029577,415
509528.894100,6944430.287000,29.033850,415
509529.386000,6944430.376000,29.066271,415
509529.877800,6944430.466000,29.098692,415
509530.369700,6944430.556000,29.131112,415
509530.861600,6944430.646000,29.162942,415
509531.845400,6944430.825000,29.222070,415
509532.337300,6944430.915000,29.251634,415
509532.829100,6944431.005000,29.281025,415
509533.321000,6944431.094000,29.308080,415
509533.812900,6944431.184000,29.335135,415
509534.304800,6944431.274000,29.362191,415
509534.796700,6944431.364000,29.389246,415
509535.288500,6944431.453000,29.414324,415
509535.780400,6944431.543000,29.439256,415
509536.764200,6944431.723000,29.489120,415
509537.256100,6944431.812000,29.513022,415
509537.555700,6944431.867000,29.527465,415
509537.748000,6944431.902000,29.536575,415
509538.239800,6944431.992000,29.559983,415
509538.731700,6944432.081000,29.583488,415
509539.223600,6944432.171000,29.606629,415
509539.715500,6944432.261000,29.629078,415
509540.207400,6944432.351000,29.651290,415
509540.699200,6944432.440000,29.673720,415
509541.191100,6944432.530000,29.694195,415
509541.683000,6944432.620000,29.712702,415
509542.174900,6944432.710000,29.730468,415
509542.666800,6944432.799000,29.748072,415
509543.158700,6944432.889000,29.761792,415
509543.650500,6944432.979000,29.768758,415
509544.142400,6944433.069000,29.775881,415
509544.634300,6944433.158000,29.783168,415
509545.126200,6944433.248000,29.787044,415
509545.618100,6944433.338000,29.779860,415
509546.109900,6944433.427000,29.772401,415
509546.601800,6944433.517000,29.764949,415
509547.093700,6944433.607000,29.756478,415
509547.585600,6944433.697000,29.739051,415
509548.077500,6944433.786000,29.721553,415
509548.569400,6944433.876000,29.703992,415
509549.061200,6944433.966000,29.686378,415
509549.553100,6944434.056000,29.657665,415
509550.045000,6944434.145000,29.627801,415
509550.536900,6944434.235000,29.597366,415
509551.028800,6944434.325000,29.566481,415
509551.275800,6944434.370000,29.527465,415
509551.520600,6944434.415000,29.485231,415
509552.012500,6944434.504000,29.399599,415
509552.504400,6944434.594000,29.313718,415
509552.996300,6944434.684000,29.219334,415
509553.342900,6944434.747000,29.029577,415
509553.488200,6944434.774000,28.965015,415
509553.980100,6944434.863000,28.717379,415
509554.333200,6944434.928000,28.531690,415
509554.471900,6944434.953000,28.472763,415
509554.963800,6944435.043000,28.264480,415
509555.380800,6944435.119000,28.033803,415
509555.455700,6944435.132000,27.994679,415
509555.947600,6944435.222000,27.715550,415
509556.263800,6944435.280000,27.535915,415
509556.439500,6944435.312000,27.478920,415
509556.931300,6944435.402000,27.314523,415
509557.423200,6944435.491000,27.153774,415
509557.798700,6944435.560000,27.038028,415
509557.915100,6944435.581000,27.002151,415
509558.407000,6944435.671000,26.849749,415
509558.898900,6944435.761000,26.698580,415
509559.390700,6944435.850000,26.551113,415
509559.430400,6944435.858000,26.540141,415
509559.882600,6944435.940000,26.446516,415
509560.374500,6944436.030000,26.348528,415
509560.866400,6944436.120000,26.250986,415
509561.358300,6944436.209000,26.157916,415
509561.850200,6944436.299000,26.101864,415
509562.342000,6944436.389000,26.046029,415
509562.374600,6944436.395000,26.042254,415
509562.833900,6944436.478000,25.997295,415
509563.325800,6944436.568000,25.949082,415
509534.304800,6944431.274000,29.473280,415
509533.812900,6944431.184000,29.447376,415
509533.321000,6944431.094000,29.421472,415
509531.845400,6944430.825000,29.339132,415
509529.877800,6944430.466000,29.221029,415
509529.386000,6944430.376000,29.189995,415
509527.910300,6944430.107000,29.091709,415
509509.710700,6944426.787000,29.447346,415
509504.300000,6944425.800000,29.694116,415
509504.791900,6944425.890000,29.680237,415
509562.833900,6944436.478000,30.179509,415
509562.342000,6944436.389000,30.172935,415
509561.850200,6944436.299000,30.167555,415
509561.358300,6944436.209000,30.163084,415
509560.866400,6944436.120000,30.162568,415
509560.374500,6944436.030000,30.163636,415
509559.882600,6944435.940000,30.165408,415
509559.390700,6944435.850000,30.166922,415
509558.898900,6944435.761000,30.180062,415
509558.407000,6944435.671000,30.198377,415
509557.915100,6944435.581000,30.216668,415
509557.423200,6944435.491000,30.233648,415
509556.931300,6944435.402000,30.291237,415
509556.439500,6944435.312000,30.378587,415
509555.947600,6944435.222000,30.465692,415
509555.615300,6944435.162000,30.523239,415
509555.455700,6944435.132000,30.554624,415
509554.963800,6944435.043000,30.778251,415
509554.658600,6944434.987000,31.021127,415
509554.471900,6944434.953000,31.237788,415
509554.263100,6944434.915000,31.519014,415
509554.072300,6944434.880000,32.016901,415
509553.980100,6944434.863000,32.241319,415
509553.891100,6944434.847000,32.514789,415
509553.849800,6944434.839000,33.012676,415
509553.808600,6944434.832000,33.510563,415
509553.793500,6944434.829000,34.008451,415
509553.792200,6944434.829000,34.506338,415
509553.791200,6944434.829000,35.004225,415
509553.806300,6944434.832000,35.502113,415
509563.325800,6944436.568000,30.186906,415
509505.283800,6944425.979000,29.577821,420
509505.775600,6944426.069000,29.563304,420
509506.267500,6944426.159000,29.548754,420
509506.608300,6944426.221000,29.527465,420
509506.759400,6944426.249000,29.517906,420
509507.251300,6944426.338000,29.484310,420
509508.235100,6944426.518000,29.417118,420
509508.726900,6944426.608000,29.367690,420
509509.710700,6944426.787000,29.256773,420
509510.202600,6944426.877000,29.201314,420
509510.694500,6944426.967000,29.137037,420
509511.186300,6944427.056000,29.066256,420
509511.443500,6944427.103000,29.029577,420
509511.678200,6944427.146000,28.988215,420
509512.170100,6944427.236000,28.902448,420
509512.662000,6944427.325000,28.819273,420
509513.153900,6944427.415000,28.739684,420
509513.645800,6944427.505000,28.660402,420
509514.137600,6944427.595000,28.582448,420
509514.476900,6944427.657000,28.531690,420
509514.629500,6944427.684000,28.501661,420
509515.613300,6944427.864000,28.345284,420
509516.105200,6944427.954000,28.267592,420
509516.597000,6944428.043000,28.192819,420
509517.088900,6944428.133000,28.137323,420
509517.580800,6944428.223000,28.081827,420
509518.009100,6944428.301000,28.033803,420
509518.072700,6944428.313000,28.026187,420
509518.564600,6944428.402000,27.966249,420
509519.056500,6944428.492000,27.960537,420
509519.548300,6944428.582000,27.954923,420
509520.040200,6944428.672000,27.949413,420
509520.532100,6944428.761000,27.944016,420
509521.024000,6944428.851000,27.992817,420
509521.385200,6944428.917000,28.033803,420
509521.515900,6944428.941000,28.047013,420
509522.007700,6944429.030000,28.097438,420
509522.499600,6944429.120000,28.147864,420
509522.991500,6944429.210000,28.212072,420
509523.483400,6944429.300000,28.280145,420
509523.975300,6944429.389000,28.348380,420
509524.467100,6944429.479000,28.416655,420
509524.959000,6944429.569000,28.483996,420
509525.313400,6944429.634000,28.531690,420
509525.450900,6944429.659000,28.545516,420
509525.942800,6944429.748000,28.596430,420
509526.434700,6944429.838000,28.647717,420
509526.926600,6944429.928000,28.696632,420
509527.418400,6944430.018000,28.743110,420
509527.910300,6944430.107000,28.789780,420
509528.402200,6944430.197000,28.836479,420
509528.894100,6944430.287000,28.881345,420
509529.386000,6944430.376000,28.922937,420
509529.877800,6944430.466000,28.964485,420
509530.369700,6944430.556000,29.005902,420
509530.656100,6944430.608000,29.029577,420
509530.861600,6944430.646000,29.043352,420
509531.353500,6944430.735000,29.074180,420
509531.845400,6944430.825000,29.105007,420
509532.337300,6944430.915000,29.135835,420
509532.829100,6944431.005000,29.166482,420
509533.321000,6944431.094000,29.194689,420
509534.304800,6944431.274000,29.251102,420
509534.796700,6944431.364000,29.279308,420
509535.288500,6944431.453000,29.305430,420
509536.272300,6944431.633000,29.357364,420
509536.764200,6944431.723000,29.383332,420
509537.256100,6944431.812000,29.408134,420
509537.748000,6944431.902000,29.432633,420
509538.239800,6944431.992000,29.457132,420
509538.731700,6944432.081000,29.481631,420
509539.223600,6944432.171000,29.505228,420
509539.696600,6944432.257000,29.527465,420
509539.715500,6944432.261000,29.528345,420
509540.207400,6944432.351000,29.551268,420
509540.699200,6944432.440000,29.574167,420
509541.191100,6944432.530000,29.594302,420
509541.683000,6944432.620000,29.611852,420
509542.174900,6944432.710000,29.629070,420
509542.666800,6944432.799000,29.646174,420
509543.158700,6944432.889000,29.658385,420
509543.650500,6944432.979000,29.662409,420
509544.142400,6944433.069000,29.666521,420
509544.634300,6944433.158000,29.670725,420
509545.126200,6944433.248000,29.670694,420
509545.618100,6944433.338000,29.657156,420
509546.109900,6944433.427000,29.643472,420
509546.601800,6944433.517000,29.629800,420
509547.093700,6944433.607000,29.614501,420
509547.585600,6944433.697000,29.584972,420
509548.077500,6944433.786000,29.555356,420
509548.541400,6944433.871000,29.527465,420
509548.569400,6944433.876000,29.525662,420
509549.061200,6944433.966000,29.495947,420
509549.553100,6944434.056000,29.442850,420
509550.045000,6944434.145000,29.388615,420
509550.536900,6944434.235000,29.332066,420
509551.028800,6944434.325000,29.274927,420
509551.520600,6944434.415000,29.157792,420
509551.930600,6944434.489000,29.029577,420
509552.012500,6944434.504000,29.006154,420
509552.504400,6944434.594000,28.892652,420
509552.996300,6944434.684000,28.761515,420
509553.440300,6944434.765000,28.531690,420
509553.488200,6944434.774000,28.512419,420
509553.980100,6944434.863000,28.312208,420
509554.471900,6944434.953000,28.077225,420
509554.570100,6944434.971000,28.033803,420
509554.963800,6944435.043000,27.876933,420
509555.455700,6944435.132000,27.605380,420
509555.583600,6944435.156000,27.535915,420
509555.947600,6944435.222000,27.429751,420
509556.439500,6944435.312000,27.270543,420
509556.931300,6944435.402000,27.109594,420
509557.156100,6944435.443000,27.038028,420
509557.423200,6944435.491000,26.955349,420
509557.915100,6944435.581000,26.804416,420
509558.407000,6944435.671000,26.654503,420
509558.785300,6944435.740000,26.540141,420
509558.898900,6944435.761000,26.513712,420
509559.390700,6944435.850000,26.401262,420
509559.882600,6944435.940000,26.303875,420
509560.374500,6944436.030000,26.209243,420
509560.866400,6944436.120000,26.114037,420
509561.256100,6944436.191000,26.042254,420
509561.358300,6944436.209000,26.026376,420
509561.850200,6944436.299000,25.980304,420
509562.342000,6944436.389000,25.934232,420
509563.325800,6944436.568000,25.842089,420
509504.300000,6944425.800000,29.606591,420
509504.791900,6944425.890000,29.592236,420
509562.833900,6944436.478000,30.271937,420
509562.342000,6944436.389000,30.270411,420
509561.850200,6944436.299000,30.269776,420
509561.358300,6944436.209000,30.269798,420
509560.866400,6944436.120000,30.278536,420
509560.374500,6944436.030000,30.289254,420
509559.882600,6944435.940000,30.300323,420
509559.390700,6944435.850000,30.311112,420
509558.898900,6944435.761000,30.342233,420
509558.407000,6944435.671000,30.381536,420
509557.915100,6944435.581000,30.420791,420
509557.423200,6944435.491000,30.459718,420
509557.113900,6944435.435000,30.523239,420
509556.931300,6944435.402000,30.563308,420
509556.439500,6944435.312000,30.690824,420
509555.947600,6944435.222000,30.838983,420
509555.498800,6944435.140000,31.021127,420
509555.455700,6944435.132000,31.041563,420
509554.963800,6944435.043000,31.374251,420
509554.836600,6944435.020000,31.519014,420
509554.533900,6944434.964000,32.016901,420
509554.471900,6944434.953000,32.122924,420
509554.264700,6944434.915000,32.514789,420
509554.197300,6944434.903000,33.012676,420
509554.131400,6944434.891000,33.510563,420
509554.106700,6944434.886000,34.008451,420
509554.103800,6944434.886000,34.506338,420
509554.102000,6944434.885000,35.004225,420
509554.135300,6944434.892000,35.502113,420
509563.325800,6944436.568000,30.274113,420
509505.283800,6944425.979000,29.489229,425
509505.775600,6944426.069000,29.474338,425
509506.267500,6944426.159000,29.459448,425
509506.759400,6944426.249000,29.427900,425
509507.251300,6944426.338000,29.393686,425
509508.235100,6944426.518000,29.325260,425
509508.726900,6944426.608000,29.274796,425
509509.710700,6944426.787000,29.161486,425
509510.202600,6944426.877000,29.104831,425
509510.694500,6944426.967000,29.039062,425
509510.759800,6944426.978000,29.029577,425
509511.186300,6944427.056000,28.952653,425
509511.678200,6944427.146000,28.865025,425
509512.170100,6944427.236000,28.777178,425
509512.662000,6944427.325000,28.690966,425
509513.153900,6944427.415000,28.608268,425
509513.613100,6944427.499000,28.531690,425
509513.645800,6944427.505000,28.524645,425
509514.137600,6944427.595000,28.421909,425
509514.629500,6944427.684000,28.321999,425
509515.121400,6944427.774000,28.235112,425
509515.613300,6944427.864000,28.148226,425
509516.105200,6944427.954000,28.061398,425
509516.272200,6944427.984000,28.033803,425
509516.597000,6944428.043000,27.976375,425
509517.088900,6944428.133000,27.900150,425
509517.580800,6944428.223000,27.834338,425
509518.072700,6944428.313000,27.771467,425
509518.564600,6944428.402000,27.677935,425
509519.056500,6944428.492000,27.666505,425
509519.548300,6944428.582000,27.655545,425
509520.040200,6944428.672000,27.645039,425
509520.532100,6944428.761000,27.634969,425
509521.024000,6944428.851000,27.687043,425
509521.515900,6944428.941000,27.756761,425
509522.007700,6944429.030000,27.826422,425
509522.499600,6944429.120000,27.876279,425
509522.991500,6944429.210000,27.950213,425
509523.483400,6944429.300000,28.031787,425
509523.496100,6944429.302000,28.033803,425
509523.975300,6944429.389000,28.107000,425
509524.467100,6944429.479000,28.182197,425
509524.959000,6944429.569000,28.254984,425
509525.450900,6944429.659000,28.325812,425
509525.942800,6944429.748000,28.396826,425
509526.434700,6944429.838000,28.467841,425
509526.904100,6944429.924000,28.531690,425
509526.926600,6944429.928000,28.534003,425
509527.418400,6944430.018000,28.582561,425
509527.910300,6944430.107000,28.631502,425
509528.402200,6944430.197000,28.680666,425
509528.894100,6944430.287000,28.727871,425
509529.386000,6944430.376000,28.771334,425
509529.877800,6944430.466000,28.814864,425
509530.369700,6944430.556000,28.858421,425
509530.861600,6944430.646000,28.900997,425
509531.353500,6944430.735000,28.940080,425
509531.845400,6944430.825000,28.979112,425
509532.337300,6944430.915000,29.018042,425
509532.483200,6944430.942000,29.029577,425
509532.829100,6944431.005000,29.051939,425
509533.321000,6944431.094000,29.081297,425
509533.812900,6944431.184000,29.110655,425
509534.304800,6944431.274000,29.140013,425
509534.796700,6944431.364000,29.169371,425
509535.288500,6944431.453000,29.196536,425
509536.764200,6944431.723000,29.277543,425
509537.256100,6944431.812000,29.303246,425
509537.748000,6944431.902000,29.328611,425
509538.239800,6944431.992000,29.353975,425
509538.731700,6944432.081000,29.379339,425
509539.223600,6944432.171000,29.403508,425
509539.715500,6944432.261000,29.427049,425
509540.699200,6944432.440000,29.474129,425
509541.191100,6944432.530000,29.494161,425
509541.683000,6944432.620000,29.510917,425
509542.168800,6944432.708000,29.527465,425
509542.174900,6944432.710000,29.527672,425
509542.666800,6944432.799000,29.544277,425
509543.158700,6944432.889000,29.554979,425
509543.650500,6944432.979000,29.556060,425
509544.142400,6944433.069000,29.557160,425
509544.634300,6944433.158000,29.558281,425
509545.126200,6944433.248000,29.554344,425
509545.618100,6944433.338000,29.534452,425
509545.796300,6944433.370000,29.527465,425
509546.109900,6944433.427000,29.514505,425
509546.601800,6944433.517000,29.494539,425
509547.093700,6944433.607000,29.472386,425
509547.585600,6944433.697000,29.431139,425
509548.077500,6944433.786000,29.389389,425
509548.569400,6944433.876000,29.347414,425
509549.061200,6944433.966000,29.305775,425
509549.553100,6944434.056000,29.231700,425
509550.045000,6944434.145000,29.153223,425
509550.536900,6944434.235000,29.069120,425
509550.779100,6944434.279000,29.029577,425
509551.028800,6944434.325000,28.989570,425
509551.520600,6944434.415000,28.856331,425
509552.012500,6944434.504000,28.706776,425
509552.504400,6944434.594000,28.554266,425
509552.570600,6944434.606000,28.531690,425
509552.996300,6944434.684000,28.401785,425
509553.488200,6944434.774000,28.199319,425
509553.839100,6944434.838000,28.033803,425
509553.980100,6944434.863000,27.972573,425
509554.471900,6944434.953000,27.763693,425
509554.937200,6944435.038000,27.535915,425
509554.963800,6944435.043000,27.527053,425
509555.455700,6944435.132000,27.368570,425
509555.947600,6944435.222000,27.220645,425
509556.439500,6944435.312000,27.062165,425
509556.513800,6944435.325000,27.038028,425
509556.931300,6944435.402000,26.907851,425
509557.423200,6944435.491000,26.756122,425
509557.915100,6944435.581000,26.606681,425
509558.135600,6944435.621000,26.540141,425
509558.407000,6944435.671000,26.477149,425
509558.898900,6944435.761000,26.363395,425
509559.390700,6944435.850000,26.253897,425
509559.882600,6944435.940000,26.161235,425
509560.374500,6944436.030000,26.069959,425
509560.519500,6944436.056000,26.042254,425
509560.866400,6944436.120000,25.985795,425
509561.358300,6944436.209000,25.910819,425
509561.850200,6944436.299000,25.866888,425
509562.342000,6944436.389000,25.822957,425
509563.325800,6944436.568000,25.735095,425
509504.300000,6944425.800000,29.519010,425
509504.791900,6944425.890000,29.504120,425
509562.833900,6944436.478000,30.364365,425
509562.342000,6944436.389000,30.367888,425
509561.850200,6944436.299000,30.371998,425
509561.358300,6944436.209000,30.376512,425
509560.866400,6944436.120000,30.394503,425
509560.374500,6944436.030000,30.414872,425
509559.882600,6944435.940000,30.435238,425
509559.390700,6944435.850000,30.455302,425
509558.898900,6944435.761000,30.504405,425
509558.732100,6944435.730000,30.523239,425
509558.407000,6944435.671000,30.563449,425
509557.915100,6944435.581000,30.625081,425
509557.423200,6944435.491000,30.685423,425
509556.931300,6944435.402000,30.804905,425
509556.439500,6944435.312000,30.975745,425
509556.320600,6944435.290000,31.021127,425
509555.947600,6944435.222000,31.204843,425
509555.455700,6944435.132000,31.467584,425
509555.389600,6944435.120000,31.519014,425
509554.963800,6944435.043000,31.993089,425
509554.947600,6944435.040000,32.016901,425
509554.638500,6944434.983000,32.514789,425
509554.544500,6944434.966000,33.012676,425
509554.471900,6944434.953000,33.407672,425
509554.454300,6944434.950000,33.510563,425
509554.420000,6944434.944000,34.008451,425
509554.415300,6944434.943000,34.506338,425
509554.413200,6944434.942000,35.004225,425
509554.468000,6944434.952000,35.502113,425
509563.325800,6944436.568000,30.361321,425
509505.775600,6944426.069000,29.385241,430
509506.267500,6944426.159000,29.370019,430
509506.759400,6944426.249000,29.337893,430
509507.251300,6944426.338000,29.303063,430
509507.743200,6944426.428000,29.268233,430
509508.235100,6944426.518000,29.233403,430
509508.726900,6944426.608000,29.181902,430
509509.218800,6944426.697000,29.124051,430
509509.710700,6944426.787000,29.066199,430
509510.023500,6944426.844000,29.029577,430
509510.202600,6944426.877000,29.003338,430
509510.694500,6944426.967000,28.920732,430
509511.186300,6944427.056000,28.830991,430
509511.678200,6944427.146000,28.741836,430
509512.170100,6944427.236000,28.651907,430
509512.662000,6944427.325000,28.562658,430
509512.842200,6944427.358000,28.531690,430
509513.153900,6944427.415000,28.462594,430
509513.645800,6944427.505000,28.354733,430
509514.137600,6944427.595000,28.247255,430
509514.629500,6944427.684000,28.142336,430
509515.121400,6944427.774000,28.046752,430
509515.190700,6944427.787000,28.033803,430
509515.613300,6944427.864000,27.951347,430
509516.105200,6944427.954000,27.843823,430
509516.597000,6944428.043000,27.755718,430
509517.088900,6944428.133000,27.654096,430
509517.580800,6944428.223000,27.584521,430
509517.935500,6944428.288000,27.535915,430
509518.072700,6944428.313000,27.501034,430
509518.564600,6944428.402000,27.319942,430
509519.056500,6944428.492000,27.296700,430
509519.548300,6944428.582000,27.274069,430
509520.040200,6944428.672000,27.251825,430
509520.532100,6944428.761000,27.229778,430
509521.024000,6944428.851000,27.314064,430
509521.515900,6944428.941000,27.427916,430
509521.900900,6944429.011000,27.535915,430
509522.007700,6944429.030000,27.554165,430
509522.499600,6944429.120000,27.597103,430
509522.991500,6944429.210000,27.673859,430
509523.483400,6944429.300000,27.781714,430
509523.975300,6944429.389000,27.855905,430
509524.467100,6944429.479000,27.941243,430
509524.959000,6944429.569000,28.025803,430
509525.008800,6944429.578000,28.033803,430
509525.450900,6944429.659000,28.101842,430
509525.942800,6944429.748000,28.177707,430
509526.434700,6944429.838000,28.253579,430
509526.926600,6944429.928000,28.324714,430
509527.418400,6944430.018000,28.390798,430
509527.910300,6944430.107000,28.456882,430
509528.402200,6944430.197000,28.522966,430
509528.469200,6944430.209000,28.531690,430
509528.894100,6944430.287000,28.574396,430
509529.386000,6944430.376000,28.619731,430
509529.877800,6944430.466000,28.665244,430
509530.369700,6944430.556000,28.710939,430
509530.861600,6944430.646000,28.755678,430
509531.353500,6944430.735000,28.796437,430
509531.845400,6944430.825000,28.837212,430
509532.337300,6944430.915000,28.878042,430
509532.829100,6944431.005000,28.918502,430
509533.321000,6944431.094000,28.955317,430
509533.812900,6944431.184000,28.992109,430
509534.304800,6944431.274000,29.028794,430
509534.315200,6944431.276000,29.029577,430
509534.796700,6944431.364000,29.059433,430
509535.288500,6944431.453000,29.087642,430
509535.780400,6944431.543000,29.115679,430
509536.272300,6944431.633000,29.143717,430
509536.764200,6944431.723000,29.171755,430
509537.256100,6944431.812000,29.198359,430
509537.748000,6944431.902000,29.224588,430
509538.239800,6944431.992000,29.250818,430
509538.731700,6944432.081000,29.277047,430
509539.223600,6944432.171000,29.301789,430
509539.715500,6944432.261000,29.325747,430
509540.699200,6944432.440000,29.373664,430
509541.191100,6944432.530000,29.393520,430
509542.174900,6944432.710000,29.425576,430
509542.666800,6944432.799000,29.441604,430
509543.158700,6944432.889000,29.450863,430
509544.142400,6944433.069000,29.447224,430
509544.634300,6944433.158000,29.445404,430
509545.126200,6944433.248000,29.437703,430
509545.618100,6944433.338000,29.411458,430
509546.109900,6944433.427000,29.385184,430
509546.601800,6944433.517000,29.358932,430
509547.093700,6944433.607000,29.330050,430
509547.585600,6944433.697000,29.277453,430
509548.077500,6944433.786000,29.223469,430
509548.569400,6944433.876000,29.169165,430
509549.061200,6944433.966000,29.115602,430
509549.510600,6944434.048000,29.029577,430
509549.553100,6944434.056000,29.020783,430
509550.045000,6944434.145000,28.925897,430
509550.536900,6944434.235000,28.831189,430
509551.028800,6944434.325000,28.731375,430
509551.520600,6944434.415000,28.571587,430
509551.644800,6944434.437000,28.531690,430
509552.012500,6944434.504000,28.419108,430
509552.504400,6944434.594000,28.259834,430
509552.996300,6944434.684000,28.098749,430
509553.150000,6944434.712000,28.033803,430
509553.488200,6944434.774000,27.895632,430
509553.980100,6944434.863000,27.684219,430
509554.311300,6944434.924000,27.535915,430
509554.471900,6944434.953000,27.483712,430
509554.963800,6944435.043000,27.320938,430
509555.455700,6944435.132000,27.164880,430
509555.864400,6944435.207000,27.038028,430
509555.947600,6944435.222000,27.012325,430
509556.439500,6944435.312000,26.859795,430
509556.931300,6944435.402000,26.707817,430
509557.423200,6944435.491000,26.556895,430
509557.478600,6944435.501000,26.540141,430
509557.915100,6944435.581000,26.437138,430
509558.407000,6944435.671000,26.325092,430
509558.898900,6944435.761000,26.213077,430
509559.390700,6944435.850000,26.106532,430
509559.747100,6944435.915000,26.042254,430
509559.882600,6944435.940000,26.021441,430
509560.374500,6944436.030000,25.944428,430
509560.866400,6944436.120000,25.867142,430
509561.358300,6944436.209000,25.795261,430
509561.850200,6944436.299000,25.753471,430
509562.342000,6944436.389000,25.711681,430
509562.833900,6944436.478000,25.669892,430
509563.325800,6944436.568000,25.628102,430
509504.300000,6944425.800000,29.430907,430
509505.283800,6944425.979000,29.400463,430
509562.833900,6944436.478000,30.456793,430
509562.342000,6944436.389000,30.465364,430
509561.850200,6944436.299000,30.474219,430
509561.358300,6944436.209000,30.483226,430
509560.866400,6944436.120000,30.510471,430
509560.647500,6944436.080000,30.523239,430
509560.374500,6944436.030000,30.540284,430
509559.390700,6944435.850000,30.599493,430
509558.898900,6944435.761000,30.662182,430
509558.407000,6944435.671000,30.741099,430
509557.915100,6944435.581000,30.829538,430
509557.423200,6944435.491000,30.910987,430
509557.018400,6944435.418000,31.021127,430
509556.931300,6944435.402000,31.051635,430
509556.439500,6944435.312000,31.303390,430
509556.038100,6944435.239000,31.519014,430
509555.947600,6944435.222000,31.586841,430
509555.455700,6944435.132000,31.994408,430
509555.435300,6944435.129000,32.016901,430
509555.011100,6944435.051000,32.514789,430
509554.963800,6944435.043000,32.702332,430
509554.890200,6944435.029000,33.012676,430
509554.775400,6944435.008000,33.510563,430
509554.733200,6944435.001000,34.008451,430
509554.726900,6944434.999000,34.506338,430
509554.724300,6944434.999000,35.004225,430
509554.718300,6944434.998000,35.502113,430
509563.325800,6944436.568000,30.448529,430
509505.775600,6944426.069000,29.296143,435
509506.267500,6944426.159000,29.280589,435
509506.759400,6944426.249000,29.247886,435
509507.251300,6944426.338000,29.212439,435
509508.235100,6944426.518000,29.141545,435
509508.726900,6944426.608000,29.089008,435
509509.218800,6944426.697000,29.029960,435
509509.222000,6944426.698000,29.029577,435
509509.710700,6944426.787000,28.957012,435
509510.202600,6944426.877000,28.884083,435
509510.694500,6944426.967000,28.800220,435
509511.186300,6944427.056000,28.709328,435
509511.678200,6944427.146000,28.618646,435
509512.143500,6944427.231000,28.531690,435
509512.170100,6944427.236000,28.525274,435
509512.662000,6944427.325000,28.409365,435
509513.153900,6944427.415000,28.297008,435
509513.645800,6944427.505000,28.184822,435
509514.137600,6944427.595000,28.072601,435
509514.314400,6944427.627000,28.033803,435
509514.629500,6944427.684000,27.959188,435
509515.121400,6944427.774000,27.850062,435
509515.613300,6944427.864000,27.754715,435
509516.105200,6944427.954000,27.624489,435
509516.592400,6944428.043000,27.535915,435
509516.597000,6944428.043000,27.534384,435
509517.088900,6944428.133000,27.338761,435
509517.580800,6944428.223000,27.196804,435
509518.071200,6944428.312000,27.038028,435
509518.072700,6944428.313000,27.037516,435
509518.564600,6944428.402000,26.876278,435
509519.056500,6944428.492000,26.844936,435
509519.548300,6944428.582000,26.814261,435
509520.040200,6944428.672000,26.784533,435
509520.532100,6944428.761000,26.754675,435
509521.024000,6944428.851000,26.857887,435
509521.515900,6944428.941000,26.977540,435
509521.761500,6944428.986000,27.038028,435
509522.007700,6944429.030000,27.098267,435
509522.499600,6944429.120000,27.207094,435
509522.991500,6944429.210000,27.336292,435
509523.483400,6944429.300000,27.528466,435
509523.514500,6944429.305000,27.535915,435
509523.975300,6944429.389000,27.600582,435
509524.467100,6944429.479000,27.689085,435
509524.959000,6944429.569000,27.791870,435
509525.450900,6944429.659000,27.867426,435
509525.942800,6944429.748000,27.955988,435
509526.400400,6944429.832000,28.033803,435
509526.434700,6944429.838000,28.039316,435
509526.926600,6944429.928000,28.114752,435
509527.418400,6944430.018000,28.184558,435
509527.910300,6944430.107000,28.254364,435
509528.402200,6944430.197000,28.324170,435
509528.894100,6944430.287000,28.390753,435
509529.386000,6944430.376000,28.451154,435
509529.877800,6944430.466000,28.511412,435
509530.041500,6944430.496000,28.531690,435
509530.369700,6944430.556000,28.563457,435
509530.861600,6944430.646000,28.610360,435
509531.353500,6944430.735000,28.652795,435
509531.845400,6944430.825000,28.695312,435
509532.337300,6944430.915000,28.738041,435
509532.829100,6944431.005000,28.780481,435
509533.321000,6944431.094000,28.818780,435
509533.812900,6944431.184000,28.857155,435
509534.304800,6944431.274000,28.895520,435
509534.796700,6944431.364000,28.933790,435
509535.288500,6944431.453000,28.968829,435
509535.780400,6944431.543000,29.003606,435
509536.147600,6944431.610000,29.029577,435
509536.272300,6944431.633000,29.036893,435
509536.764200,6944431.723000,29.065966,435
509537.256100,6944431.812000,29.093471,435
509537.748000,6944431.902000,29.120565,435
509538.239800,6944431.992000,29.147660,435
509538.731700,6944432.081000,29.174755,435
509539.223600,6944432.171000,29.200069,435
509539.715500,6944432.261000,29.224445,435
509540.699200,6944432.440000,29.273198,435
509541.191100,6944432.530000,29.292880,435
509541.683000,6944432.620000,29.308179,435
509542.174900,6944432.710000,29.323479,435
509542.666800,6944432.799000,29.338779,435
509543.158700,6944432.889000,29.346489,435
509544.142400,6944433.069000,29.337073,435
509544.634300,6944433.158000,29.332364,435
509545.126200,6944433.248000,29.320975,435
509545.618100,6944433.338000,29.288447,435
509546.109900,6944433.427000,29.255863,435
509546.601800,6944433.517000,29.223325,435
509547.093700,6944433.607000,29.187714,435
509547.585600,6944433.697000,29.123767,435
509548.077500,6944433.786000,29.057548,435
509548.292600,6944433.826000,29.029577,435
509548.569400,6944433.876000,28.990483,435
509549.061200,6944433.966000,28.923350,435
509549.553100,6944434.056000,28.815094,435
509550.045000,6944434.145000,28.707497,435
509550.536900,6944434.235000,28.597686,435
509550.809900,6944434.285000,28.531690,435
509551.028800,6944434.325000,28.477465,435
509551.520600,6944434.415000,28.317015,435
509552.012500,6944434.504000,28.147937,435
509552.333500,6944434.563000,28.033803,435
509552.504400,6944434.594000,27.977027,435
509552.996300,6944434.684000,27.811102,435
509553.488200,6944434.774000,27.602499,435
509553.644900,6944434.802000,27.535915,435
509553.980100,6944434.863000,27.433601,435
509554.471900,6944434.953000,27.274308,435
509554.963800,6944435.043000,27.114824,435
509555.208200,6944435.087000,27.038028,435
509555.455700,6944435.132000,26.961164,435
509555.947600,6944435.222000,26.809421,435
509556.439500,6944435.312000,26.658213,435
509556.824900,6944435.382000,26.540141,435
509556.931300,6944435.402000,26.513663,435
509557.423200,6944435.491000,26.393281,435
509557.915100,6944435.581000,26.281895,435
509558.407000,6944435.671000,26.173035,435
509558.898900,6944435.761000,26.062760,435
509558.994700,6944435.778000,26.042254,435
509559.390700,6944435.850000,25.969609,435
509560.374500,6944436.030000,25.822312,435
509560.866400,6944436.120000,25.748490,435
509561.358300,6944436.209000,25.679703,435
509561.850200,6944436.299000,25.640055,435
509562.342000,6944436.389000,25.600406,435
509562.833900,6944436.478000,25.560757,435
509563.034900,6944436.515000,25.544366,435
509563.325800,6944436.568000,25.521228,435
509504.300000,6944425.800000,29.342804,435
509505.283800,6944425.979000,29.311697,435
509562.342000,6944436.389000,30.562246,435
509561.850200,6944436.299000,30.575501,435
509561.358300,6944436.209000,30.588755,435
509560.866400,6944436.120000,30.624112,435
509560.374500,6944436.030000,30.664399,435
509559.390700,6944435.850000,30.743683,435
509558.898900,6944435.761000,30.819383,435
509558.407000,6944435.671000,30.918750,435
509557.963500,6944435.590000,31.021127,435
509557.915100,6944435.581000,31.034096,435
509557.423200,6944435.491000,31.140575,435
509556.931300,6944435.402000,31.342102,435
509556.621500,6944435.345000,31.519014,435
509556.439500,6944435.312000,31.639531,435
509555.980900,6944435.228000,32.016901,435
509555.947600,6944435.222000,32.043075,435
509555.455700,6944435.132000,32.425423,435
509555.378600,6944435.118000,32.514789,435
509555.235800,6944435.092000,33.012676,435
509555.097600,6944435.067000,33.510563,435
509555.046300,6944435.058000,34.008451,435
509555.038400,6944435.056000,34.506338,435
509555.034800,6944435.056000,35.004225,435
509554.968900,6944435.044000,35.502113,435
509563.325800,6944436.568000,30.535737,435
509505.283800,6944425.979000,29.222931,440
509505.775600,6944426.069000,29.207046,440
509506.267500,6944426.159000,29.191160,440
509506.759400,6944426.249000,29.157880,440
509507.251300,6944426.338000,29.121816,440
509507.743200,6944426.428000,29.085752,440
509508.235100,6944426.518000,29.049688,440
509508.421000,6944426.552000,29.029577,440
509508.726900,6944426.608000,28.987419,440
509509.218800,6944426.697000,28.912981,440
509509.710700,6944426.787000,28.839147,440
509510.202600,6944426.877000,28.764829,440
509510.694500,6944426.967000,28.679707,440
509511.186300,6944427.056000,28.587666,440
509511.486400,6944427.111000,28.531690,440
509511.678200,6944427.146000,28.485248,440
509512.170100,6944427.236000,28.366222,440
509512.662000,6944427.325000,28.248122,440
509513.153900,6944427.415000,28.131422,440
509513.567700,6944427.491000,28.033803,440
509513.645800,6944427.505000,28.014263,440
509514.137600,6944427.595000,27.896935,440
509514.629500,6944427.684000,27.770721,440
509515.121400,6944427.774000,27.652756,440
509515.613300,6944427.864000,27.558084,440
509515.691500,6944427.878000,27.535915,440
509516.105200,6944427.954000,27.326785,440
509516.597000,6944428.043000,27.138937,440
509516.868500,6944428.093000,27.038028,440
509517.088900,6944428.133000,26.955143,440
509517.580800,6944428.223000,26.776613,440
509518.072700,6944428.313000,26.583735,440
509518.192500,6944428.334000,26.540141,440
509518.564600,6944428.402000,26.414976,440
509519.056500,6944428.492000,26.383603,440
509519.548300,6944428.582000,26.352873,440
509520.040200,6944428.672000,26.322954,440
509520.532100,6944428.761000,26.292259,440
509521.024000,6944428.851000,26.393535,440
509521.515900,6944428.941000,26.509577,440
509521.636100,6944428.963000,26.540141,440
509522.007700,6944429.030000,26.643093,440
509522.499600,6944429.120000,26.770932,440
509522.991500,6944429.210000,26.928026,440
509523.319700,6944429.270000,27.038028,440
509523.483400,6944429.300000,27.092743,440
509523.975300,6944429.389000,27.245419,440
509524.467100,6944429.479000,27.392347,440
509524.863900,6944429.552000,27.535915,440
509524.959000,6944429.569000,27.557938,440
509525.450900,6944429.659000,27.628452,440
509525.942800,6944429.748000,27.729293,440
509526.434700,6944429.838000,27.814337,440
509526.926600,6944429.928000,27.896416,440
509527.418400,6944430.018000,27.977305,440
509527.787900,6944430.085000,28.033803,440
509527.910300,6944430.107000,28.051846,440
509528.402200,6944430.197000,28.125375,440
509528.894100,6944430.287000,28.195479,440
509529.386000,6944430.376000,28.259062,440
509529.877800,6944430.466000,28.322569,440
509530.369700,6944430.556000,28.386066,440
509530.861600,6944430.646000,28.447988,440
509531.353500,6944430.735000,28.503491,440
509531.602500,6944430.781000,28.531690,440
509531.845400,6944430.825000,28.553412,440
509532.337300,6944430.915000,28.598041,440
509532.829100,6944431.005000,28.642460,440
509533.321000,6944431.094000,28.682244,440
509533.812900,6944431.184000,28.722202,440
509534.304800,6944431.274000,28.762246,440
509534.796700,6944431.364000,28.802292,440
509535.288500,6944431.453000,28.838687,440
509535.780400,6944431.543000,28.874857,440
509536.272300,6944431.633000,28.911013,440
509536.764200,6944431.723000,28.947090,440
509537.256100,6944431.812000,28.980900,440
509537.748000,6944431.902000,29.014114,440
509537.976200,6944431.944000,29.029577,440
509538.239800,6944431.992000,29.044503,440
509538.731700,6944432.081000,29.072463,440
509539.223600,6944432.171000,29.098349,440
509539.715500,6944432.261000,29.123144,440
509540.207400,6944432.351000,29.147938,440
509540.699200,6944432.440000,29.172732,440
509541.191100,6944432.530000,29.192239,440
509542.174900,6944432.710000,29.221382,440
509542.666800,6944432.799000,29.235954,440
509543.158700,6944432.889000,29.242116,440
509543.650500,6944432.979000,29.234519,440
509544.142400,6944433.069000,29.226921,440
509544.634300,6944433.158000,29.219324,440
509545.126200,6944433.248000,29.204247,440
509545.618100,6944433.338000,29.165436,440
509546.109900,6944433.427000,29.126542,440
509546.601800,6944433.517000,29.087718,440
509547.093700,6944433.607000,29.045378,440
509547.203300,6944433.627000,29.029577,440
509547.585600,6944433.697000,28.966600,440
509548.077500,6944433.786000,28.887439,440
509548.569400,6944433.876000,28.810237,440
509549.061200,6944433.966000,28.729382,440
509549.553100,6944434.056000,28.609404,440
509549.877500,6944434.115000,28.531690,440
509550.045000,6944434.145000,28.488893,440
509550.536900,6944434.235000,28.365829,440
509551.028800,6944434.325000,28.238180,440
509551.520600,6944434.415000,28.067358,440
509551.613300,6944434.431000,28.033803,440
509552.012500,6944434.504000,27.894982,440
509552.504400,6944434.594000,27.723597,440
509552.977700,6944434.680000,27.535915,440
509552.996300,6944434.684000,27.529855,440
509553.488200,6944434.774000,27.375214,440
509553.980100,6944434.863000,27.222942,440
509554.471900,6944434.953000,27.064904,440
509554.555500,6944434.968000,27.038028,440
509554.963800,6944435.043000,26.909884,440
509555.455700,6944435.132000,26.757406,440
509555.947600,6944435.222000,26.606516,440
509556.164600,6944435.262000,26.540141,440
509556.439500,6944435.312000,26.471808,440
509556.931300,6944435.402000,26.349977,440
509557.423200,6944435.491000,26.232937,440
509557.915100,6944435.581000,26.126651,440
509558.306300,6944435.653000,26.042254,440
509558.407000,6944435.671000,26.023210,440
509558.898900,6944435.761000,25.928066,440
509559.390700,6944435.850000,25.840765,440
509559.882600,6944435.940000,25.770480,440
509560.374500,6944436.030000,25.700195,440
509560.866400,6944436.120000,25.629838,440
509561.358300,6944436.209000,25.564146,440
509561.615400,6944436.256000,25.544366,440
509561.850200,6944436.299000,25.526736,440
509562.342000,6944436.389000,25.489417,440
509562.833900,6944436.478000,25.452043,440
509563.325800,6944436.568000,25.414783,440
509504.300000,6944425.800000,29.254701,440
509504.791900,6944425.890000,29.238816,440
509562.342000,6944436.389000,30.658259,440
509561.850200,6944436.299000,30.675916,440
509561.358300,6944436.209000,30.693573,440
509560.866400,6944436.120000,30.737465,440
509560.374500,6944436.030000,30.788515,440
509559.882600,6944435.940000,30.838194,440
509559.390700,6944435.850000,30.887873,440
509558.898900,6944435.761000,30.976583,440
509558.701700,6944435.725000,31.021127,440
509558.407000,6944435.671000,31.104690,440
509557.915100,6944435.581000,31.240154,440
509557.423200,6944435.491000,31.374003,440
509557.121300,6944435.436000,31.519014,440
509556.931300,6944435.402000,31.625442,440
509556.439500,6944435.312000,31.976391,440
509556.390200,6944435.303000,32.016901,440
509555.947600,6944435.222000,32.364930,440
509555.765200,6944435.189000,32.514789,440
509555.582500,6944435.156000,33.012676,440
509555.455700,6944435.132000,33.398789,440
509555.421600,6944435.126000,33.510563,440
509555.359000,6944435.115000,34.008451,440
509555.349500,6944435.113000,34.506338,440
509555.343500,6944435.112000,35.004225,440
509555.302800,6944435.105000,35.502113,440
509563.325800,6944436.568000,30.622945,440
509505.283800,6944425.979000,29.134165,445
509505.775600,6944426.069000,29.117948,445
509506.267500,6944426.159000,29.101731,445
509506.759400,6944426.249000,29.067873,445
509507.251300,6944426.338000,29.031192,445
509507.273100,6944426.342000,29.029577,445
509507.743200,6944426.428000,28.984714,445
509508.235100,6944426.518000,28.938009,445
509508.726900,6944426.608000,28.870387,445
509509.218800,6944426.697000,28.795908,445
509509.710700,6944426.787000,28.721283,445
509510.202600,6944426.877000,28.645574,445
509510.694500,6944426.967000,28.559195,445
509510.840600,6944426.993000,28.531690,445
509511.186300,6944427.056000,28.447137,445
509511.678200,6944427.146000,28.327352,445
509512.170100,6944427.236000,28.207169,445
509512.662000,6944427.325000,28.086879,445
509512.880900,6944427.365000,28.033803,445
509513.153900,6944427.415000,27.962568,445
509513.645800,6944427.505000,27.838526,445
509514.137600,6944427.595000,27.720980,445
509514.629500,6944427.684000,27.582254,445
509514.814500,6944427.718000,27.535915,445
509515.121400,6944427.774000,27.398680,445
509515.613300,6944427.864000,27.200968,445
509515.962200,6944427.928000,27.038028,445
509516.105200,6944427.954000,26.970302,445
509516.597000,6944428.043000,26.744325,445
509517.088900,6944428.133000,26.555251,445
509517.128100,6944428.140000,26.540141,445
509517.580800,6944428.223000,26.368796,445
509518.072700,6944428.313000,26.181677,445
509518.445900,6944428.381000,26.042254,445
509518.564600,6944428.402000,25.998706,445
509519.056500,6944428.492000,25.966961,445
509519.548300,6944428.582000,25.934987,445
509520.040200,6944428.672000,25.903599,445
509520.532100,6944428.761000,25.872196,445
509521.024000,6944428.851000,25.974694,445
509521.308600,6944428.903000,26.042254,445
509521.515900,6944428.941000,26.093926,445
509522.007700,6944429.030000,26.218079,445
509522.499600,6944429.120000,26.340317,445
509522.991500,6944429.210000,26.495418,445
509523.116500,6944429.233000,26.540141,445
509523.483400,6944429.300000,26.676676,445
509523.975300,6944429.389000,26.852855,445
509524.467100,6944429.479000,27.025883,445
509524.503300,6944429.486000,27.038028,445
509524.959000,6944429.569000,27.188643,445
509525.450900,6944429.659000,27.320718,445
509525.942800,6944429.748000,27.482924,445
509526.131600,6944429.783000,27.535915,445
509526.434700,6944429.838000,27.589075,445
509526.926600,6944429.928000,27.672826,445
509527.418400,6944430.018000,27.767298,445
509527.910300,6944430.107000,27.837705,445
509528.402200,6944430.197000,27.922540,445
509528.894100,6944430.287000,27.998448,445
509529.139600,6944430.332000,28.033803,445
509529.386000,6944430.376000,28.066971,445
509529.877800,6944430.466000,28.133727,445
509530.369700,6944430.556000,28.200465,445
509530.861600,6944430.646000,28.265488,445
509531.353500,6944430.735000,28.323764,445
509531.845400,6944430.825000,28.381896,445
509532.337300,6944430.915000,28.440118,445
509532.829100,6944431.005000,28.497869,445
509533.152800,6944431.064000,28.531690,445
509533.321000,6944431.094000,28.545707,445
509533.812900,6944431.184000,28.587249,445
509534.304800,6944431.274000,28.628972,445
509534.796700,6944431.364000,28.670794,445
509535.288500,6944431.453000,28.708545,445
509535.780400,6944431.543000,28.746108,445
509536.272300,6944431.633000,28.783731,445
509536.764200,6944431.723000,28.821350,445
509537.256100,6944431.812000,28.856354,445
509537.748000,6944431.902000,28.890707,445
509538.239800,6944431.992000,28.925045,445
509538.731700,6944432.081000,28.959323,445
509539.223600,6944432.171000,28.990654,445
509539.715500,6944432.261000,29.020446,445
509539.866000,6944432.288000,29.029577,445
509540.207400,6944432.351000,29.047054,445
509540.699200,6944432.440000,29.072266,445
509541.191100,6944432.530000,29.091598,445
509541.683000,6944432.620000,29.105442,445
509542.174900,6944432.710000,29.119285,445
509542.666800,6944432.799000,29.133128,445
509543.158700,6944432.889000,29.137743,445
509543.650500,6944432.979000,29.127257,445
509544.142400,6944433.069000,29.116770,445
509544.634300,6944433.158000,29.106284,445
509545.126200,6944433.248000,29.087519,445
509545.618100,6944433.338000,29.042425,445
509545.762900,6944433.364000,29.029577,445
509546.109900,6944433.427000,28.993909,445
509546.601800,6944433.517000,28.944756,445
509547.093700,6944433.607000,28.891361,445
509547.585600,6944433.697000,28.803924,445
509548.077500,6944433.786000,28.716481,445
509548.569400,6944433.876000,28.629990,445
509549.061200,6944433.966000,28.535413,445
509549.076000,6944433.969000,28.531690,445
509549.553100,6944434.056000,28.402722,445
509550.045000,6944434.145000,28.269443,445
509550.536900,6944434.235000,28.134622,445
509550.905500,6944434.302000,28.033803,445
509551.028800,6944434.325000,27.999656,445
509551.520600,6944434.415000,27.828706,445
509552.012500,6944434.504000,27.655265,445
509552.335900,6944434.563000,27.535915,445
509552.504400,6944434.594000,27.481586,445
509552.996300,6944434.684000,27.321926,445
509553.488200,6944434.774000,27.167281,445
509553.899200,6944434.849000,27.038028,445
509553.980100,6944434.863000,27.012816,445
509554.471900,6944434.953000,26.859054,445
509554.963800,6944435.043000,26.705643,445
509555.455700,6944435.132000,26.553649,445
509555.499800,6944435.141000,26.540141,445
509555.947600,6944435.222000,26.427305,445
509556.439500,6944435.312000,26.306863,445
509556.931300,6944435.402000,26.186290,445
509557.423200,6944435.491000,26.072593,445
509557.567400,6944435.518000,26.042254,445
509557.915100,6944435.581000,25.978394,445
509558.407000,6944435.671000,25.887105,445
509558.898900,6944435.761000,25.795840,445
509559.390700,6944435.850000,25.711921,445
509559.882600,6944435.940000,25.645000,445
509560.374500,6944436.030000,25.578079,445
509560.618900,6944436.074000,25.544366,445
509560.866400,6944436.120000,25.511235,445
509561.358300,6944436.209000,25.449170,445
509561.850200,6944436.299000,25.413948,445
509562.342000,6944436.389000,25.378720,445
509562.833900,6944436.478000,25.343403,445
509563.325800,6944436.568000,25.308338,445
509504.300000,6944425.800000,29.166598,445
509504.791900,6944425.890000,29.150382,445
509562.342000,6944436.389000,30.754272,445
509561.850200,6944436.299000,30.776332,445
509561.358300,6944436.209000,30.798391,445
509560.866400,6944436.120000,30.850819,445
509560.374500,6944436.030000,30.912630,445
509559.882600,6944435.940000,30.972346,445
509559.475600,6944435.866000,31.021127,445
509559.390700,6944435.850000,31.032894,445
509558.898900,6944435.761000,31.150210,445
509558.407000,6944435.671000,31.301905,445
509557.915100,6944435.581000,31.446212,445
509557.677700,6944435.538000,31.519014,445
509557.423200,6944435.491000,31.617942,445
509556.931300,6944435.402000,31.897680,445
509556.767900,6944435.372000,32.016901,445
509556.439500,6944435.312000,32.275640,445
509556.142600,6944435.258000,32.514789,445
509555.947600,6944435.222000,32.972802,445
509555.931300,6944435.219000,33.012676,445
509555.742800,6944435.185000,33.510563,445
509555.671300,6944435.172000,34.008451,445
509555.660500,6944435.170000,34.506338,445
509555.654500,6944435.169000,35.004225,445
509555.634200,6944435.165000,35.502113,445
509563.325800,6944436.568000,30.710153,445
509505.754100,6944426.065000,29.029577,450
509505.775600,6944426.069000,29.028618,450
509506.267500,6944426.159000,29.006838,450
509506.759400,6944426.249000,28.962332,450
509507.251300,6944426.338000,28.915002,450
509507.743200,6944426.428000,28.867982,450
509508.235100,6944426.518000,28.820774,450
509508.726900,6944426.608000,28.753356,450
509509.218800,6944426.697000,28.678834,450
509509.710700,6944426.787000,28.603418,450
509510.168700,6944426.871000,28.531690,450
509510.202600,6944426.877000,28.524704,450
509510.694500,6944426.967000,28.411733,450
509511.186300,6944427.056000,28.290530,450
509511.678200,6944427.146000,28.169456,450
509512.170100,6944427.236000,28.048117,450
509512.228300,6944427.246000,28.033803,450
509512.662000,6944427.325000,27.920112,450
509513.153900,6944427.415000,27.789021,450
509513.645800,6944427.505000,27.662790,450
509514.137600,6944427.595000,27.545026,450
509514.169200,6944427.600000,27.535915,450
509514.629500,6944427.684000,27.293192,450
509515.121400,6944427.774000,27.062171,450
509515.176500,6944427.784000,27.038028,450
509515.613300,6944427.864000,26.836719,450
509516.105200,6944427.954000,26.587307,450
509516.205200,6944427.972000,26.540141,450
509516.597000,6944428.043000,26.353927,450
509517.088900,6944428.133000,26.165446,450
509517.410200,6944428.192000,26.042254,450
509517.580800,6944428.223000,25.977490,450
509518.072700,6944428.313000,25.790738,450
509518.564600,6944428.402000,25.608953,450
509519.056500,6944428.492000,25.575852,450
509519.524800,6944428.577000,25.544366,450
509519.548300,6944428.582000,25.542957,450
509520.040200,6944428.672000,25.512910,450
509520.532100,6944428.761000,25.482842,450
509520.857600,6944428.821000,25.544366,450
509521.024000,6944428.851000,25.578960,450
509521.515900,6944428.941000,25.696663,450
509522.007700,6944429.030000,25.814389,450
509522.499600,6944429.120000,25.932101,450
509522.827000,6944429.180000,26.042254,450
509522.991500,6944429.210000,26.098117,450
509523.483400,6944429.300000,26.277505,450
509523.975300,6944429.389000,26.457249,450
509524.202400,6944429.431000,26.540141,450
509524.467100,6944429.479000,26.636236,450
509524.959000,6944429.569000,26.804878,450
509525.450900,6944429.659000,26.965005,450
509525.674600,6944429.699000,27.038028,450
509525.942800,6944429.748000,27.122359,450
509526.434700,6944429.838000,27.273535,450
509526.926600,6944429.928000,27.408088,450
509527.316200,6944429.999000,27.535915,450
509527.418400,6944430.018000,27.557291,450
509527.910300,6944430.107000,27.622426,450
509528.402200,6944430.197000,27.716257,450
509528.894100,6944430.287000,27.792960,450
509529.386000,6944430.376000,27.865802,450
509529.877800,6944430.466000,27.943127,450
509530.369700,6944430.556000,28.013698,450
509530.504800,6944430.581000,28.033803,450
509530.861600,6944430.646000,28.082987,450
509531.353500,6944430.735000,28.144037,450
509531.845400,6944430.825000,28.205026,450
509532.337300,6944430.915000,28.266049,450
509532.829100,6944431.005000,28.326571,450
509533.321000,6944431.094000,28.380179,450
509534.304800,6944431.274000,28.487414,450
509534.709900,6944431.348000,28.531690,450
509534.796700,6944431.364000,28.539296,450
509535.288500,6944431.453000,28.578403,450
509535.780400,6944431.543000,28.617359,450
509536.272300,6944431.633000,28.656449,450
509536.764200,6944431.723000,28.695611,450
509537.256100,6944431.812000,28.731809,450
509537.748000,6944431.902000,28.767301,450
509538.239800,6944431.992000,28.802830,450
509538.731700,6944432.081000,28.838352,450
509539.223600,6944432.171000,28.870486,450
509539.715500,6944432.261000,28.900862,450
509540.207400,6944432.351000,28.931222,450
509540.699200,6944432.440000,28.961540,450
509541.191100,6944432.530000,28.984172,450
509541.683000,6944432.620000,28.999645,450
509542.174900,6944432.710000,29.015066,450
509542.639700,6944432.794000,29.029577,450
509542.666800,6944432.799000,29.030303,450
509543.158700,6944432.889000,29.033370,450
509543.300900,6944432.915000,29.029577,450
509543.650500,6944432.979000,29.018500,450
509544.142400,6944433.069000,29.003180,450
509544.634300,6944433.158000,28.987972,450
509545.126200,6944433.248000,28.962768,450
509545.618100,6944433.338000,28.906662,450
509546.109900,6944433.427000,28.851353,450
509546.601800,6944433.517000,28.796273,450
509547.093700,6944433.607000,28.735884,450
509547.585600,6944433.697000,28.641248,450
509548.077500,6944433.786000,28.545522,450
509548.151800,6944433.800000,28.531690,450
509548.569400,6944433.876000,28.444192,450
509549.061200,6944433.966000,28.337226,450
509549.553100,6944434.056000,28.195438,450
509550.045000,6944434.145000,28.049993,450
509550.101900,6944434.156000,28.033803,450
509550.536900,6944434.235000,27.911681,450
509551.028800,6944434.325000,27.765587,450
509551.520600,6944434.415000,27.591762,450
509551.677800,6944434.443000,27.535915,450
509552.012500,6944434.504000,27.430317,450
509552.504400,6944434.594000,27.272173,450
509552.996300,6944434.684000,27.113997,450
509553.237900,6944434.728000,27.038028,450
509553.488200,6944434.774000,26.959714,450
509553.980100,6944434.863000,26.806520,450
509554.471900,6944434.953000,26.653727,450
509554.838200,6944435.020000,26.540141,450
509554.963800,6944435.043000,26.506510,450
509555.455700,6944435.132000,26.378639,450
509555.947600,6944435.222000,26.259613,450
509556.439500,6944435.312000,26.141919,450
509556.849800,6944435.387000,26.042254,450
509556.931300,6944435.402000,26.024580,450
509557.423200,6944435.491000,25.925775,450
509557.915100,6944435.581000,25.838462,450
509558.407000,6944435.671000,25.751001,450
509558.898900,6944435.761000,25.663614,450
509559.390700,6944435.850000,25.583077,450
509559.687200,6944435.904000,25.544366,450
509559.882600,6944435.940000,25.519634,450
509560.374500,6944436.030000,25.455981,450
509560.866400,6944436.120000,25.392762,450
509561.358300,6944436.209000,25.334313,450
509561.850200,6944436.299000,25.301159,450
509562.342000,6944436.389000,25.268022,450
509562.833900,6944436.478000,25.234762,450
509563.325800,6944436.568000,25.201892,450
509504.300000,6944425.800000,29.078495,450
509505.283800,6944425.979000,29.045399,450
509562.342000,6944436.389000,30.850285,450
509561.850200,6944436.299000,30.876747,450
509561.358300,6944436.209000,30.903209,450
509560.866400,6944436.120000,30.964172,450
509560.473000,6944436.048000,31.021127,450
509560.374500,6944436.030000,31.038007,450
509559.882600,6944435.940000,31.112785,450
509559.390700,6944435.850000,31.188039,450
509558.898900,6944435.761000,31.330331,450
509558.407000,6944435.671000,31.499119,450
509558.340600,6944435.659000,31.519014,450
509557.915100,6944435.581000,31.676413,450
509557.423200,6944435.491000,31.879120,450
509557.185100,6944435.448000,32.016901,450
509556.931300,6944435.402000,32.175935,450
509556.505900,6944435.324000,32.514789,450
509556.439500,6944435.312000,32.655186,450
509556.275700,6944435.282000,33.012676,450
509556.063900,6944435.243000,33.510563,450
509555.983500,6944435.229000,34.008451,450
509555.971400,6944435.227000,34.506338,450
509555.966700,6944435.226000,35.004225,450
509555.962700,6944435.225000,35.502113,450
509563.325800,6944436.568000,30.797361,450
509505.283800,6944425.979000,28.932861,455
509505.775600,6944426.069000,28.910983,455
509506.267500,6944426.159000,28.889124,455
509506.759400,6944426.249000,28.845287,455
509507.251300,6944426.338000,28.798348,455
509507.743200,6944426.428000,28.751249,455
509508.235100,6944426.518000,28.703540,455
509508.726900,6944426.608000,28.636324,455
509509.218800,6944426.697000,28.561761,455
509509.413700,6944426.733000,28.531690,455
509509.710700,6944426.787000,28.470576,455
509510.202600,6944426.877000,28.369577,455
509510.694500,6944426.967000,28.256301,455
509511.186300,6944427.056000,28.133924,455
509511.589400,6944427.130000,28.033803,455
509511.678200,6944427.146000,28.010850,455
509512.170100,6944427.236000,27.884614,455
509512.662000,6944427.325000,27.750633,455
509513.153900,6944427.415000,27.615473,455
509513.460000,6944427.471000,27.535915,455
509513.645800,6944427.505000,27.449204,455
509514.137600,6944427.595000,27.220326,455
509514.494500,6944427.660000,27.038028,455
509514.629500,6944427.684000,26.969037,455
509515.121400,6944427.774000,26.727831,455
509515.502800,6944427.844000,26.540141,455
509515.613300,6944427.864000,26.481550,455
509516.105200,6944427.954000,26.221434,455
509516.458700,6944428.018000,26.042254,455
509516.597000,6944428.043000,25.969090,455
509517.088900,6944428.133000,25.780891,455
509517.580800,6944428.223000,25.592109,455
509517.705500,6944428.246000,25.544366,455
509518.072700,6944428.313000,25.416353,455
509518.564600,6944428.402000,25.262429,455
509519.056500,6944428.492000,25.230398,455
509519.548300,6944428.582000,25.195088,455
509520.040200,6944428.672000,25.154887,455
509520.532100,6944428.761000,25.122985,455
509521.024000,6944428.851000,25.229297,455
509521.515900,6944428.941000,25.332550,455
509522.007700,6944429.030000,25.431180,455
509522.499600,6944429.120000,25.538997,455
509522.517300,6944429.123000,25.544366,455
509522.991500,6944429.210000,25.704039,455
509523.483400,6944429.300000,25.884750,455
509523.912100,6944429.378000,26.042254,455
509523.975300,6944429.389000,26.065359,455
509524.467100,6944429.479000,26.245149,455
509524.959000,6944429.569000,26.420897,455
509525.302100,6944429.631000,26.540141,455
509525.450900,6944429.659000,26.590601,455
509525.942800,6944429.748000,26.761514,455
509526.434700,6944429.838000,26.926144,455
509526.788700,6944429.903000,27.038028,455
509526.926600,6944429.928000,27.078357,455
509527.418400,6944430.018000,27.224026,455
509527.910300,6944430.107000,27.345088,455
509528.402200,6944430.197000,27.495057,455
509528.566400,6944430.227000,27.535915,455
509528.894100,6944430.287000,27.587472,455
509529.386000,6944430.376000,27.662737,455
509529.877800,6944430.466000,27.750552,455
509530.369700,6944430.556000,27.816676,455
509530.861600,6944430.646000,27.896123,455
509531.353500,6944430.735000,27.961085,455
509531.845400,6944430.825000,28.027855,455
509531.888300,6944430.833000,28.033803,455
509532.337300,6944430.915000,28.091980,455
509532.829100,6944431.005000,28.155273,455
509533.321000,6944431.094000,28.211334,455
509533.812900,6944431.184000,28.267400,455
509534.304800,6944431.274000,28.323465,455
509534.796700,6944431.364000,28.379530,455
509535.288500,6944431.453000,28.429525,455
509536.272300,6944431.633000,28.528615,455
509536.302400,6944431.638000,28.531690,455
509536.764200,6944431.723000,28.569871,455
509537.256100,6944431.812000,28.607264,455
509537.748000,6944431.902000,28.643894,455
509538.239800,6944431.992000,28.680615,455
509538.731700,6944432.081000,28.717380,455
509539.223600,6944432.171000,28.750318,455
509539.715500,6944432.261000,28.781277,455
509540.207400,6944432.351000,28.812258,455
509540.699200,6944432.440000,28.843233,455
509541.191100,6944432.530000,28.865849,455
509541.683000,6944432.620000,28.880676,455
509542.174900,6944432.710000,28.895484,455
509542.666800,6944432.799000,28.910262,455
509543.158700,6944432.889000,28.912549,455
509543.650500,6944432.979000,28.894515,455
509544.142400,6944433.069000,28.876529,455
509544.634300,6944433.158000,28.858532,455
509545.126200,6944433.248000,28.830108,455
509545.618100,6944433.338000,28.769411,455
509546.109900,6944433.427000,28.708797,455
509546.601800,6944433.517000,28.647790,455
509547.093700,6944433.607000,28.580408,455
509547.334600,6944433.651000,28.531690,455
509547.585600,6944433.697000,28.473709,455
509548.077500,6944433.786000,28.362077,455
509548.569400,6944433.876000,28.251732,455
509549.061200,6944433.966000,28.138955,455
509549.408800,6944434.029000,28.033803,455
509549.553100,6944434.056000,27.989726,455
509550.045000,6944434.145000,27.843607,455
509550.536900,6944434.235000,27.695130,455
509551.016500,6944434.323000,27.535915,455
509551.028800,6944434.325000,27.531966,455
509551.520600,6944434.415000,27.375484,455
509552.012500,6944434.504000,27.220015,455
509552.504400,6944434.594000,27.062759,455
509552.581600,6944434.608000,27.038028,455
509552.996300,6944434.684000,26.906449,455
509553.488200,6944434.774000,26.752749,455
509553.980100,6944434.863000,26.600223,455
509554.174200,6944434.899000,26.540141,455
509554.471900,6944434.953000,26.460502,455
509554.963800,6944435.043000,26.329200,455
509555.455700,6944435.132000,26.205669,455
509555.947600,6944435.222000,26.091922,455
509556.158100,6944435.261000,26.042254,455
509556.439500,6944435.312000,25.982320,455
509556.931300,6944435.402000,25.877354,455
509557.423200,6944435.491000,25.782112,455
509557.915100,6944435.581000,25.698530,455
509558.407000,6944435.671000,25.614896,455
509558.820500,6944435.746000,25.544366,455
509558.898900,6944435.761000,25.531381,455
509559.390700,6944435.850000,25.454781,455
509559.882600,6944435.940000,25.394729,455
509560.374500,6944436.030000,25.333890,455
509560.866400,6944436.120000,25.274289,455
509561.358300,6944436.209000,25.219457,455
509561.850200,6944436.299000,25.188370,455
509562.342000,6944436.389000,25.157325,455
509562.833900,6944436.478000,25.126122,455
509563.325800,6944436.568000,25.095447,455
509504.300000,6944425.800000,28.976996,455
509504.791900,6944425.890000,28.954839,455
509562.342000,6944436.389000,30.946298,455
509561.850200,6944436.299000,30.977163,455
509561.358300,6944436.209000,31.008027,455
509561.259500,6944436.191000,31.021127,455
509560.866400,6944436.120000,31.083195,455
509560.374500,6944436.030000,31.172150,455
509559.882600,6944435.940000,31.256815,455
509559.390700,6944435.850000,31.343184,455
509558.898900,6944435.761000,31.510453,455
509558.874200,6944435.756000,31.519014,455
509558.407000,6944435.671000,31.701918,455
509557.915100,6944435.581000,31.919803,455
509557.689900,6944435.540000,32.016901,455
509557.423200,6944435.491000,32.138381,455
509556.931300,6944435.402000,32.458879,455
509556.861100,6944435.389000,32.514789,455
509556.620400,6944435.345000,33.012676,455
509556.439500,6944435.312000,33.390226,455
509556.385700,6944435.302000,33.510563,455
509556.295800,6944435.286000,34.008451,455
509556.282200,6944435.283000,34.506338,455
509556.274200,6944435.282000,35.004225,455
509556.278100,6944435.282000,35.502113,455
509563.325800,6944436.568000,30.884569,455
509505.283800,6944425.979000,28.815168,460
509505.775600,6944426.069000,28.793349,460
509506.267500,6944426.159000,28.771409,460
509506.759400,6944426.249000,28.728242,460
509507.251300,6944426.338000,28.681694,460
509507.743200,6944426.428000,28.634517,460
509508.235100,6944426.518000,28.586305,460
509508.635800,6944426.591000,28.531690,460
509508.726900,6944426.608000,28.514919,460
509509.218800,6944426.697000,28.414803,460
509509.710700,6944426.787000,28.314449,460
509510.202600,6944426.877000,28.214450,460
509510.694500,6944426.967000,28.100869,460
509510.962400,6944427.015000,28.033803,460
509511.186300,6944427.056000,27.973896,460
509511.678200,6944427.146000,27.847915,460
509512.170100,6944427.236000,27.720670,460
509512.662000,6944427.325000,27.581154,460
509512.824400,6944427.355000,27.535915,460
509513.153900,6944427.415000,27.371326,460
509513.645800,6944427.505000,27.137341,460
509513.849000,6944427.542000,27.038028,460
509514.137600,6944427.595000,26.887856,460
509514.629500,6944427.684000,26.636094,460
509514.824600,6944427.720000,26.540141,460
509515.121400,6944427.774000,26.382465,460
509515.613300,6944427.864000,26.121290,460
509515.761800,6944427.891000,26.042254,460
509516.105200,6944427.954000,25.849369,460
509516.597000,6944428.043000,25.589869,460
509516.714800,6944428.065000,25.544366,460
509517.088900,6944428.133000,25.411411,460
509517.580800,6944428.223000,25.251716,460
509518.072700,6944428.313000,25.065485,460
509518.136900,6944428.324000,25.046479,460
509518.564600,6944428.402000,24.961298,460
509519.056500,6944428.492000,24.937776,460
509519.548300,6944428.582000,24.912466,460
509520.040200,6944428.672000,24.885514,460
509520.532100,6944428.761000,24.864253,460
509521.024000,6944428.851000,24.933503,460
509521.515900,6944428.941000,25.004900,460
509521.864000,6944429.004000,25.046479,460
509522.007700,6944429.030000,25.071788,460
509522.499600,6944429.120000,25.183419,460
509522.991500,6944429.210000,25.336200,460
509523.483400,6944429.300000,25.495291,460
509523.628100,6944429.326000,25.544366,460
509523.975300,6944429.389000,25.671929,460
509524.467100,6944429.479000,25.852645,460
509524.959000,6944429.569000,26.036882,460
509524.973200,6944429.571000,26.042254,460
509525.450900,6944429.659000,26.215212,460
509525.942800,6944429.748000,26.394249,460
509526.346800,6944429.822000,26.540141,460
509526.434700,6944429.838000,26.570101,460
509526.926600,6944429.928000,26.730312,460
509527.418400,6944430.018000,26.878180,460
509527.910300,6944430.107000,27.025453,460
509527.951900,6944430.115000,27.038028,460
509528.402200,6944430.197000,27.170171,460
509528.894100,6944430.287000,27.302064,460
509529.386000,6944430.376000,27.421409,460
509529.762800,6944430.445000,27.535915,460
509529.877800,6944430.466000,27.557978,460
509530.369700,6944430.556000,27.619655,460
509530.861600,6944430.646000,27.707650,460
509531.353500,6944430.735000,27.773018,460
509531.845400,6944430.825000,27.841573,460
509532.337300,6944430.915000,27.915139,460
509532.829100,6944431.005000,27.980982,460
509533.247100,6944431.081000,28.033803,460
509533.321000,6944431.094000,28.042490,460
509533.812900,6944431.184000,28.101003,460
509534.304800,6944431.274000,28.159516,460
509534.796700,6944431.364000,28.218029,460
509535.288500,6944431.453000,28.270157,460
509536.764200,6944431.723000,28.425122,460
509537.256100,6944431.812000,28.472212,460
509537.748000,6944431.902000,28.518112,460
509537.892300,6944431.928000,28.531690,460
509538.239800,6944431.992000,28.558399,460
509538.731700,6944432.081000,28.596409,460
509539.223600,6944432.171000,28.630151,460
509539.715500,6944432.261000,28.661693,460
509540.207400,6944432.351000,28.693294,460
509540.699200,6944432.440000,28.724926,460
509541.191100,6944432.530000,28.747525,460
509541.683000,6944432.620000,28.761708,460
509542.174900,6944432.710000,28.775902,460
509542.666800,6944432.799000,28.790098,460
509543.158700,6944432.889000,28.791107,460
509543.650500,6944432.979000,28.770530,460
509544.142400,6944433.069000,28.749878,460
509544.634300,6944433.158000,28.729091,460
509545.126200,6944433.248000,28.697448,460
509545.618100,6944433.338000,28.632161,460
509546.109900,6944433.427000,28.566241,460
509546.368800,6944433.475000,28.531690,460
509546.601800,6944433.517000,28.495380,460
509547.093700,6944433.607000,28.414399,460
509547.585600,6944433.697000,28.296139,460
509548.077500,6944433.786000,28.177532,460
509548.569400,6944433.876000,28.059272,460
509548.677500,6944433.896000,28.033803,460
509549.061200,6944433.966000,27.940497,460
509549.553100,6944434.056000,27.789581,460
509550.045000,6944434.145000,27.638262,460
509550.366200,6944434.204000,27.535915,460
509550.536900,6944434.235000,27.480493,460
509551.028800,6944434.325000,27.321787,460
509551.520600,6944434.415000,27.165579,460
509551.923300,6944434.488000,27.038028,460
509552.012500,6944434.504000,27.009867,460
509552.504400,6944434.594000,26.854353,460
509552.996300,6944434.684000,26.699122,460
509553.488200,6944434.774000,26.545784,460
509553.506400,6944434.777000,26.540141,460
509553.980100,6944434.863000,26.412168,460
509554.471900,6944434.953000,26.282262,460
509554.963800,6944435.043000,26.151889,460
509555.415400,6944435.125000,26.042254,460
509555.455700,6944435.132000,26.033410,460
509555.947600,6944435.222000,25.932491,460
509556.439500,6944435.312000,25.830885,460
509556.931300,6944435.402000,25.730128,460
509557.423200,6944435.491000,25.638450,460
509557.915100,6944435.581000,25.558597,460
509558.000800,6944435.597000,25.544366,460
509558.407000,6944435.671000,25.478552,460
509558.898900,6944435.761000,25.399075,460
509559.390700,6944435.850000,25.326719,460
509559.882600,6944435.940000,25.269825,460
509560.374500,6944436.030000,25.211799,460
509560.866400,6944436.120000,25.155815,460
509561.358300,6944436.209000,25.104601,460
509561.850200,6944436.299000,25.075582,460
509562.342000,6944436.389000,25.046627,460
509562.344500,6944436.389000,25.046479,460
509562.833900,6944436.478000,25.018454,460
509563.325800,6944436.568000,24.990765,460
509504.300000,6944425.800000,28.858774,460
509504.791900,6944425.890000,28.836949,460
509562.833900,6944436.478000,31.007044,460
509562.631900,6944436.442000,31.021127,460
509562.342000,6944436.389000,31.044238,460
509561.850200,6944436.299000,31.082677,460
509561.358300,6944436.209000,31.121100,460
509560.866400,6944436.120000,31.207943,460
509560.374500,6944436.030000,31.306292,460
509559.882600,6944435.940000,31.400845,460
509559.390700,6944435.850000,31.498329,460
509559.330300,6944435.839000,31.519014,460
509558.898900,6944435.761000,31.685211,460
509558.407000,6944435.671000,31.905343,460
509558.172300,6944435.628000,32.016901,460
509557.915100,6944435.581000,32.139193,460
509557.423200,6944435.491000,32.395503,460
509557.243000,6944435.459000,32.514789,460
509556.964500,6944435.408000,33.012676,460
509556.931300,6944435.402000,33.073207,460
509556.704000,6944435.360000,33.510563,460
509556.608000,6944435.343000,34.008451,460
509556.593100,6944435.340000,34.506338,460
509556.584300,6944435.338000,35.004225,460
509556.599800,6944435.341000,35.502113,460
509563.325800,6944436.568000,30.971777,460
509505.283800,6944425.979000,28.697475,465
509505.775600,6944426.069000,28.675715,465
509506.267500,6944426.159000,28.653695,465
509506.759400,6944426.249000,28.611198,465
509507.251300,6944426.338000,28.565040,465
509507.598500,6944426.402000,28.531690,465
509507.743200,6944426.428000,28.512418,465
509508.235100,6944426.518000,28.446436,465
509508.726900,6944426.608000,28.356603,465
509509.218800,6944426.697000,28.257516,465
509509.710700,6944426.787000,28.158322,465
509510.202600,6944426.877000,28.059323,465
509510.313000,6944426.897000,28.033803,465
509510.694500,6944426.967000,27.939192,465
509511.186300,6944427.056000,27.807805,465
509511.678200,6944427.146000,27.684979,465
509512.170100,6944427.236000,27.556727,465
509512.242700,6944427.249000,27.535915,465
509512.662000,6944427.325000,27.311750,465
509513.153900,6944427.415000,27.067419,465
509513.215000,6944427.426000,27.038028,465
509513.645800,6944427.505000,26.815612,465
509514.137600,6944427.595000,26.555812,465
509514.168200,6944427.600000,26.540141,465
509514.629500,6944427.684000,26.278318,465
509515.083100,6944427.767000,26.042254,465
509515.121400,6944427.774000,26.020732,465
509515.613300,6944427.864000,25.740367,465
509515.966900,6944427.928000,25.544366,465
509516.105200,6944427.954000,25.472879,465
509516.597000,6944428.043000,25.246168,465
509517.088900,6944428.133000,25.062746,465
509517.142000,6944428.143000,25.046479,465
509517.580800,6944428.223000,24.954102,465
509518.072700,6944428.313000,24.829085,465
509518.564600,6944428.402000,24.725323,465
509519.056500,6944428.492000,24.702167,465
509519.548300,6944428.582000,24.678507,465
509520.040200,6944428.672000,24.654642,465
509520.532100,6944428.761000,24.632825,465
509521.024000,6944428.851000,24.693374,465
509521.515900,6944428.941000,24.761203,465
509522.007700,6944429.030000,24.822183,465
509522.499600,6944429.120000,24.893599,465
509522.991500,6944429.210000,25.002467,465
509523.199800,6944429.248000,25.046479,465
509523.483400,6944429.300000,25.131975,465
509523.975300,6944429.389000,25.309186,465
509524.467100,6944429.479000,25.464988,465
509524.695000,6944429.521000,25.544366,465
509524.959000,6944429.569000,25.643216,465
509525.450900,6944429.659000,25.829206,465
509525.942800,6944429.748000,26.015614,465
509526.013100,6944429.761000,26.042254,465
509526.434700,6944429.838000,26.194273,465
509526.926600,6944429.928000,26.367989,465
509527.418400,6944430.018000,26.533506,465
509527.437500,6944430.021000,26.540141,465
509527.910300,6944430.107000,26.690359,465
509528.402200,6944430.197000,26.842243,465
509528.894100,6944430.287000,26.987725,465
509529.078500,6944430.320000,27.038028,465
509529.386000,6944430.376000,27.116433,465
509529.877800,6944430.466000,27.254849,465
509530.369700,6944430.556000,27.367420,465
509530.861600,6944430.646000,27.509230,465
509530.986600,6944430.668000,27.535915,465
509531.353500,6944430.735000,27.584951,465
509531.845400,6944430.825000,27.655291,465
509532.337300,6944430.915000,27.736906,465
509532.829100,6944431.005000,27.799394,465
509533.321000,6944431.094000,27.869437,465
509533.812900,6944431.184000,27.930241,465
509534.304800,6944431.274000,27.993545,465
509534.611600,6944431.330000,28.033803,465
509534.796700,6944431.364000,28.056528,465
509535.288500,6944431.453000,28.110789,465
509535.780400,6944431.543000,28.164554,465
509536.272300,6944431.633000,28.218319,465
509536.764200,6944431.723000,28.272084,465
509537.256100,6944431.812000,28.320947,465
509537.748000,6944431.902000,28.368532,465
509538.239800,6944431.992000,28.416116,465
509538.731700,6944432.081000,28.463701,465
509539.223600,6944432.171000,28.505495,465
509539.555400,6944432.232000,28.531690,465
509539.715500,6944432.261000,28.542109,465
509540.207400,6944432.351000,28.574330,465
509540.699200,6944432.440000,28.606618,465
509541.191100,6944432.530000,28.629202,465
509541.683000,6944432.620000,28.642739,465
509542.174900,6944432.710000,28.656320,465
509542.666800,6944432.799000,28.669934,465
509543.158700,6944432.889000,28.669665,465
509543.650500,6944432.979000,28.646545,465
509544.142400,6944433.069000,28.623227,465
509544.634300,6944433.158000,28.599651,465
509545.126200,6944433.248000,28.564788,465
509545.363300,6944433.291000,28.531690,465
509545.618100,6944433.338000,28.489460,465
509546.109900,6944433.427000,28.408997,465
509546.601800,6944433.517000,28.328887,465
509547.093700,6944433.607000,28.243583,465
509547.585600,6944433.697000,28.118570,465
509547.921700,6944433.758000,28.033803,465
509548.077500,6944433.786000,27.993872,465
509548.569400,6944433.876000,27.870453,465
509549.061200,6944433.966000,27.741827,465
509549.553100,6944434.056000,27.589436,465
509549.724200,6944434.087000,27.535915,465
509550.045000,6944434.145000,27.430673,465
509550.536900,6944434.235000,27.271167,465
509551.028800,6944434.325000,27.111609,465
509551.260700,6944434.367000,27.038028,465
509551.520600,6944434.415000,26.955712,465
509552.012500,6944434.504000,26.800713,465
509552.504400,6944434.594000,26.646082,465
509552.841700,6944434.656000,26.540141,465
509552.996300,6944434.684000,26.495248,465
509553.488200,6944434.774000,26.358802,465
509553.980100,6944434.863000,26.231608,465
509554.471900,6944434.953000,26.104023,465
509554.706000,6944434.996000,26.042254,465
509554.963800,6944435.043000,25.979656,465
509555.455700,6944435.132000,25.873293,465
509555.947600,6944435.222000,25.776537,465
509556.439500,6944435.312000,25.679450,465
509556.931300,6944435.402000,25.582901,465
509557.143500,6944435.440000,25.544366,465
509557.423200,6944435.491000,25.495011,465
509557.915100,6944435.581000,25.418873,465
509558.407000,6944435.671000,25.341951,465
509558.898900,6944435.761000,25.266770,465
509559.390700,6944435.850000,25.198658,465
509559.882600,6944435.940000,25.144920,465
509560.374500,6944436.030000,25.089709,465
509560.778400,6944436.103000,25.046479,465
509560.866400,6944436.120000,25.037741,465
509561.358300,6944436.209000,24.991815,465
509561.850200,6944436.299000,24.965758,465
509562.342000,6944436.389000,24.939700,465
509562.833900,6944436.478000,24.913457,465
509563.325800,6944436.568000,24.887586,465
509504.300000,6944425.800000,28.740552,465
509504.791900,6944425.890000,28.719059,465
509562.833900,6944436.478000,31.105786,465
509562.342000,6944436.389000,31.148985,465
509561.850200,6944436.299000,31.192162,465
509561.358300,6944436.209000,31.235351,465
509560.866400,6944436.120000,31.332691,465
509560.374500,6944436.030000,31.440435,465
509559.998000,6944435.961000,31.519014,465
509559.882600,6944435.940000,31.547127,465
509559.390700,6944435.850000,31.664162,465
509558.898900,6944435.761000,31.859700,465
509558.571200,6944435.701000,32.016901,465
509558.407000,6944435.671000,32.099788,465
509557.915100,6944435.581000,32.342654,465
509557.614000,6944435.526000,32.514789,465
509557.423200,6944435.491000,32.808780,465
509557.298900,6944435.469000,33.012676,465
509557.022800,6944435.418000,33.510563,465
509556.931300,6944435.402000,33.952825,465
509556.920200,6944435.400000,34.008451,465
509556.904000,6944435.397000,34.506338,465
509556.897400,6944435.395000,35.004225,465
509556.928200,6944435.401000,35.502113,465
509563.325800,6944436.568000,31.062522,465
509505.283800,6944425.979000,28.579781,470
509505.775600,6944426.069000,28.558080,470
509506.267500,6944426.159000,28.535981,470
509506.317700,6944426.168000,28.531690,470
509506.759400,6944426.249000,28.478388,470
509507.251300,6944426.338000,28.414560,470
509507.743200,6944426.428000,28.350629,470
509508.235100,6944426.518000,28.286825,470
509508.726900,6944426.608000,28.198287,470
509509.218800,6944426.697000,28.100228,470
509509.551300,6944426.758000,28.033803,470
509509.710700,6944426.787000,27.999813,470
509510.202600,6944426.877000,27.895778,470
509510.694500,6944426.967000,27.772776,470
509511.186300,6944427.056000,27.641713,470
509511.620200,6944427.135000,27.535915,470
509511.678200,6944427.146000,27.509107,470
509512.170100,6944427.236000,27.258874,470
509512.597600,6944427.314000,27.038028,470
509512.662000,6944427.325000,27.004294,470
509513.153900,6944427.415000,26.747243,470
509513.549800,6944427.487000,26.540141,470
509513.645800,6944427.505000,26.483267,470
509514.137600,6944427.595000,26.191800,470
509514.399900,6944427.643000,26.042254,470
509514.629500,6944427.684000,25.898926,470
509515.121400,6944427.774000,25.623633,470
509515.263100,6944427.800000,25.544366,470
509515.613300,6944427.864000,25.367776,470
509516.105200,6944427.954000,25.112298,470
509516.256500,6944427.981000,25.046479,470
509516.597000,6944428.043000,24.944812,470
509517.088900,6944428.133000,24.821077,470
509517.580800,6944428.223000,24.714519,470
509518.072700,6944428.313000,24.599240,470
509518.302600,6944428.355000,24.548592,470
509518.564600,6944428.402000,24.491190,470
509519.056500,6944428.492000,24.468743,470
509520.040200,6944428.672000,24.423850,470
509520.532100,6944428.761000,24.401403,470
509521.024000,6944428.851000,24.455385,470
509521.515900,6944428.941000,24.518187,470
509521.755900,6944428.985000,24.548592,470
509522.007700,6944429.030000,24.580896,470
509522.499600,6944429.120000,24.644966,470
509522.991500,6944429.210000,24.747917,470
509523.483400,6944429.300000,24.853498,470
509523.975300,6944429.389000,24.980874,470
509524.286700,6944429.446000,25.046479,470
509524.467100,6944429.479000,25.098531,470
509524.959000,6944429.569000,25.277252,470
509525.450900,6944429.659000,25.440208,470
509525.745300,6944429.712000,25.544366,470
509525.942800,6944429.748000,25.618605,470
509526.434700,6944429.838000,25.803838,470
509526.926600,6944429.928000,25.988747,470
509527.067100,6944429.953000,26.042254,470
509527.418400,6944430.018000,26.165661,470
509527.910300,6944430.107000,26.336822,470
509528.402200,6944430.197000,26.508889,470
509528.493300,6944430.214000,26.540141,470
509528.894100,6944430.287000,26.661511,470
509529.386000,6944430.376000,26.800267,470
509529.877800,6944430.466000,26.938314,470
509530.231400,6944430.531000,27.038028,470
509530.369700,6944430.556000,27.074368,470
509530.861600,6944430.646000,27.208761,470
509531.353500,6944430.735000,27.321658,470
509531.845400,6944430.825000,27.434393,470
509532.208300,6944430.891000,27.535915,470
509532.337300,6944430.915000,27.558674,470
509532.829100,6944431.005000,27.617805,470
509533.321000,6944431.094000,27.696155,470
509533.812900,6944431.184000,27.756521,470
509534.304800,6944431.274000,27.820924,470
509534.796700,6944431.364000,27.891032,470
509535.288500,6944431.453000,27.946891,470
509535.780400,6944431.543000,28.006598,470
509536.012100,6944431.585000,28.033803,470
509536.272300,6944431.633000,28.063171,470
509536.764200,6944431.723000,28.119045,470
509537.256100,6944431.812000,28.169682,470
509537.748000,6944431.902000,28.218951,470
509538.239800,6944431.992000,28.268221,470
509538.731700,6944432.081000,28.317491,470
509539.223600,6944432.171000,28.360485,470
509539.715500,6944432.261000,28.400177,470
509540.207400,6944432.351000,28.439868,470
509540.699200,6944432.440000,28.479560,470
509541.191100,6944432.530000,28.506732,470
509541.683000,6944432.620000,28.522221,470
509541.984000,6944432.675000,28.531690,470
509542.174900,6944432.710000,28.536738,470
509542.666800,6944432.799000,28.549770,470
509543.158700,6944432.889000,28.548224,470
509543.477900,6944432.947000,28.531690,470
509543.650500,6944432.979000,28.520926,470
509544.142400,6944433.069000,28.490559,470
509544.634300,6944433.158000,28.460192,470
509545.126200,6944433.248000,28.416683,470
509545.618100,6944433.338000,28.331869,470
509546.109900,6944433.427000,28.247055,470
509546.601800,6944433.517000,28.162395,470
509547.093700,6944433.607000,28.072766,470
509547.243200,6944433.634000,28.033803,470
509547.585600,6944433.697000,27.942244,470
509548.077500,6944433.786000,27.813327,470
509548.569400,6944433.876000,27.682189,470
509549.061200,6944433.966000,27.543156,470
509549.084500,6944433.970000,27.535915,470
509549.553100,6944434.056000,27.381095,470
509550.045000,6944434.145000,27.220857,470
509550.536900,6944434.235000,27.061842,470
509550.610200,6944434.248000,27.038028,470
509551.028800,6944434.325000,26.901462,470
509551.520600,6944434.415000,26.745902,470
509552.012500,6944434.504000,26.591560,470
509552.176600,6944434.534000,26.540141,470
509552.504400,6944434.594000,26.445229,470
509552.996300,6944434.684000,26.302732,470
509553.488200,6944434.774000,26.172380,470
509553.980100,6944434.863000,26.051048,470
509554.014200,6944434.869000,26.042254,470
509554.471900,6944434.953000,25.931881,470
509554.963800,6944435.043000,25.815647,470
509555.455700,6944435.132000,25.713176,470
509555.947600,6944435.222000,25.620583,470
509556.350400,6944435.296000,25.544366,470
509556.439500,6944435.312000,25.527846,470
509556.931300,6944435.402000,25.435234,470
509557.423200,6944435.491000,25.351996,470
509557.915100,6944435.581000,25.279172,470
509558.407000,6944435.671000,25.205350,470
509558.898900,6944435.761000,25.134465,470
509559.390700,6944435.850000,25.070596,470
509559.622200,6944435.893000,25.046479,470
509559.882600,6944435.940000,25.021050,470
509560.374500,6944436.030000,24.971363,470
509560.866400,6944436.120000,24.924442,470
509561.358300,6944436.209000,24.881151,470
509561.850200,6944436.299000,24.856964,470
509562.342000,6944436.389000,24.832778,470
509562.833900,6944436.478000,24.808460,470
509563.325800,6944436.568000,24.784406,470
509504.300000,6944425.800000,28.622330,470
509504.791900,6944425.890000,28.601170,470
509562.833900,6944436.478000,31.205824,470
509562.342000,6944436.389000,31.253732,470
509561.850200,6944436.299000,31.301646,470
509561.358300,6944436.209000,31.349602,470
509560.866400,6944436.120000,31.457440,470
509560.598900,6944436.071000,31.519014,470
509560.374500,6944436.030000,31.578790,470
509559.882600,6944435.940000,31.703705,470
509559.390700,6944435.850000,31.831639,470
509558.939300,6944435.768000,32.016901,470
509558.898900,6944435.761000,32.035526,470
509558.407000,6944435.671000,32.283328,470
509557.968600,6944435.591000,32.514789,470
509557.915100,6944435.581000,32.596392,470
509557.641800,6944435.531000,33.012676,470
509557.423200,6944435.491000,33.371777,470
509557.345000,6944435.477000,33.510563,470
509557.231200,6944435.456000,34.008451,470
509557.214700,6944435.453000,34.506338,470
509557.207900,6944435.452000,35.004225,470
509557.141900,6944435.440000,35.502113,470
509563.325800,6944436.568000,31.157880,470
509505.283800,6944425.979000,28.430195,475
509505.775600,6944426.069000,28.399855,475
509506.267500,6944426.159000,28.369514,475
509506.759400,6944426.249000,28.312185,475
509507.251300,6944426.338000,28.250538,475
509507.743200,6944426.428000,28.188841,475
509508.235100,6944426.518000,28.127214,475
509508.726900,6944426.608000,28.039971,475
509508.758000,6944426.613000,28.033803,475
509509.218800,6944426.697000,27.934635,475
509509.710700,6944426.787000,27.831920,475
509510.202600,6944426.877000,27.730576,475
509510.694500,6944426.967000,27.606359,475
509510.959300,6944427.015000,27.535915,475
509511.186300,6944427.056000,27.424724,475
509511.678200,6944427.146000,27.194237,475
509511.983200,6944427.202000,27.038028,475
509512.170100,6944427.236000,26.938831,475
509512.662000,6944427.325000,26.682632,475
509512.934500,6944427.375000,26.540141,475
509513.153900,6944427.415000,26.409940,475
509513.645800,6944427.505000,26.118398,475
509513.774100,6944427.528000,26.042254,475
509514.137600,6944427.595000,25.805292,475
509514.556300,6944427.671000,25.544366,475
509514.629500,6944427.684000,25.501744,475
509515.121400,6944427.774000,25.259972,475
509515.541500,6944427.851000,25.046479,475
509515.613300,6944427.864000,25.020697,475
509516.105200,6944427.954000,24.848524,475
509516.597000,6944428.043000,24.697264,475
509517.088900,6944428.133000,24.584644,475
509517.252000,6944428.163000,24.548592,475
509517.580800,6944428.223000,24.476143,475
509518.072700,6944428.313000,24.367538,475
509518.564600,6944428.402000,24.262554,475
509519.056500,6944428.492000,24.239411,475
509520.040200,6944428.672000,24.193125,475
509520.532100,6944428.761000,24.169982,475
509521.024000,6944428.851000,24.220647,475
509521.515900,6944428.941000,24.279829,475
509522.007700,6944429.030000,24.339894,475
509522.499600,6944429.120000,24.398103,475
509522.991500,6944429.210000,24.494187,475
509523.242500,6944429.256000,24.548592,475
509523.483400,6944429.300000,24.601129,475
509523.975300,6944429.389000,24.713152,475
509524.467100,6944429.479000,24.817046,475
509524.959000,6944429.569000,24.947747,475
509525.385800,6944429.647000,25.046479,475
509525.450900,6944429.659000,25.066584,475
509525.942800,6944429.748000,25.251503,475
509526.434700,6944429.838000,25.413655,475
509526.805200,6944429.906000,25.544366,475
509526.926600,6944429.928000,25.590032,475
509527.418400,6944430.018000,25.775706,475
509527.910300,6944430.107000,25.961354,475
509528.123300,6944430.146000,26.042254,475
509528.402200,6944430.197000,26.139366,475
509528.894100,6944430.287000,26.308625,475
509529.386000,6944430.376000,26.472419,475
509529.589300,6944430.414000,26.540141,475
509529.877800,6944430.466000,26.623715,475
509530.369700,6944430.556000,26.767971,475
509530.861600,6944430.646000,26.905425,475
509531.353500,6944430.735000,27.031628,475
509531.378300,6944430.740000,27.038028,475
509531.845400,6944430.825000,27.151733,475
509532.337300,6944430.915000,27.282228,475
509532.829100,6944431.005000,27.387076,475
509533.321000,6944431.094000,27.514767,475
509533.428300,6944431.114000,27.535915,475
509533.812900,6944431.184000,27.582802,475
509534.304800,6944431.274000,27.648304,475
509534.796700,6944431.364000,27.724883,475
509535.288500,6944431.453000,27.778760,475
509535.780400,6944431.543000,27.845200,475
509536.272300,6944431.633000,27.902714,475
509536.764200,6944431.723000,27.962481,475
509537.256100,6944431.812000,28.018081,475
509537.403400,6944431.839000,28.033803,475
509537.748000,6944431.902000,28.069371,475
509538.239800,6944431.992000,28.120326,475
509538.731700,6944432.081000,28.171281,475
509539.223600,6944432.171000,28.215475,475
509539.715500,6944432.261000,28.256112,475
509540.207400,6944432.351000,28.296748,475
509540.699200,6944432.440000,28.337384,475
509541.191100,6944432.530000,28.364833,475
509541.683000,6944432.620000,28.379974,475
509542.174900,6944432.710000,28.395114,475
509542.666800,6944432.799000,28.410255,475
509543.158700,6944432.889000,28.407306,475
509543.650500,6944432.979000,28.374757,475
509544.142400,6944433.069000,28.342208,475
509544.634300,6944433.158000,28.309659,475
509545.126200,6944433.248000,28.263444,475
509545.618100,6944433.338000,28.174278,475
509546.109900,6944433.427000,28.085113,475
509546.396200,6944433.480000,28.033803,475
509546.601800,6944433.517000,27.995393,475
509547.093700,6944433.607000,27.900837,475
509547.585600,6944433.697000,27.767055,475
509548.077500,6944433.786000,27.632783,475
509548.424900,6944433.850000,27.535915,475
509548.569400,6944433.876000,27.488943,475
509549.061200,6944433.966000,27.330394,475
509549.553100,6944434.056000,27.169763,475
509549.960900,6944434.130000,27.038028,475
509550.045000,6944434.145000,27.010735,475
509550.536900,6944434.235000,26.850885,475
509551.028800,6944434.325000,26.691332,475
509551.507800,6944434.412000,26.540141,475
509551.520600,6944434.415000,26.536253,475
509552.012500,6944434.504000,26.392741,475
509552.504400,6944434.594000,26.252054,475
509552.996300,6944434.684000,26.110216,475
509553.261400,6944434.732000,26.042254,475
509553.488200,6944434.774000,25.987946,475
509553.980100,6944434.863000,25.875988,475
509554.471900,6944434.953000,25.762973,475
509554.963800,6944435.043000,25.651638,475
509555.455700,6944435.132000,25.553059,475
509555.502900,6944435.141000,25.544366,475
509555.947600,6944435.222000,25.464539,475
509556.439500,6944435.312000,25.374842,475
509556.931300,6944435.402000,25.287411,475
509557.423200,6944435.491000,25.208981,475
509557.915100,6944435.581000,25.139470,475
509558.407000,6944435.671000,25.068748,475
509558.568000,6944435.700000,25.046479,475
509558.898900,6944435.761000,25.004045,475
509559.390700,6944435.850000,24.946278,475
509559.882600,6944435.940000,24.901025,475
509560.374500,6944436.030000,24.855071,475
509560.866400,6944436.120000,24.811143,475
509561.358300,6944436.209000,24.770486,475
509561.850200,6944436.299000,24.748171,475
509562.342000,6944436.389000,24.725856,475
509562.833900,6944436.478000,24.703462,475
509563.325800,6944436.568000,24.681226,475
509504.300000,6944425.800000,28.490876,475
509504.791900,6944425.890000,28.460536,475
509562.833900,6944436.478000,31.305862,475
509562.342000,6944436.389000,31.358479,475
509561.850200,6944436.299000,31.411131,475
509561.358300,6944436.209000,31.463853,475
509561.118200,6944436.165000,31.519014,475
509560.866400,6944436.120000,31.585271,475
509560.374500,6944436.030000,31.723104,475
509559.882600,6944435.940000,31.860283,475
509559.390700,6944435.850000,31.999116,475
509559.347400,6944435.842000,32.016901,475
509558.898900,6944435.761000,32.223497,475
509558.407000,6944435.671000,32.466869,475
509558.316200,6944435.654000,32.514789,475
509557.987800,6944435.594000,33.012676,475
509557.915100,6944435.581000,33.118249,475
509557.662800,6944435.535000,33.510563,475
509557.541600,6944435.513000,34.008451,475
509557.525400,6944435.510000,34.506338,475
509557.518500,6944435.509000,35.004225,475
509557.423200,6944435.491000,35.246320,475
509557.354500,6944435.479000,35.502113,475
509563.325800,6944436.568000,31.253238,475
509505.775600,6944426.069000,28.229889,480
509506.267500,6944426.159000,28.201204,480
509506.759400,6944426.249000,28.145983,480
509507.251300,6944426.338000,28.086516,480
509507.686600,6944426.418000,28.033803,480
509507.743200,6944426.428000,28.026434,480
509508.235100,6944426.518000,27.959121,480
509508.726900,6944426.608000,27.875599,480
509509.218800,6944426.697000,27.762970,480
509509.710700,6944426.787000,27.664026,480
509510.202600,6944426.877000,27.565375,480
509510.318800,6944426.898000,27.535915,480
509510.694500,6944426.967000,27.349910,480
509511.186300,6944427.056000,27.118426,480
509511.354800,6944427.087000,27.038028,480
509511.678200,6944427.146000,26.864884,480
509512.170100,6944427.236000,26.612561,480
509512.310300,6944427.261000,26.540141,480
509512.662000,6944427.325000,26.320232,480
509513.153900,6944427.415000,26.044884,480
509513.158300,6944427.416000,26.042254,480
509513.645800,6944427.505000,25.706785,480
509513.903100,6944427.552000,25.544366,480
509514.137600,6944427.595000,25.404239,480
509514.629500,6944427.684000,25.127317,480
509514.802200,6944427.716000,25.046479,480
509515.121400,6944427.774000,24.940522,480
509515.613300,6944427.864000,24.769607,480
509516.105200,6944427.954000,24.606365,480
509516.289100,6944427.987000,24.548592,480
509516.597000,6944428.043000,24.452270,480
509517.088900,6944428.133000,24.347012,480
509517.580800,6944428.223000,24.240483,480
509518.072700,6944428.313000,24.135310,480
509518.482100,6944428.387000,24.050704,480
509518.564600,6944428.402000,24.037755,480
509519.056500,6944428.492000,24.019399,480
509519.548300,6944428.582000,24.001079,480
509520.040200,6944428.672000,23.982789,480
509520.532100,6944428.761000,23.964525,480
509521.024000,6944428.851000,24.000838,480
509521.515900,6944428.941000,24.043582,480
509521.595600,6944428.955000,24.050704,480
509522.007700,6944429.030000,24.098937,480
509522.499600,6944429.120000,24.152359,480
509522.991500,6944429.210000,24.243416,480
509523.483400,6944429.300000,24.346372,480
509523.975300,6944429.389000,24.446851,480
509524.462200,6944429.478000,24.548592,480
509524.467100,6944429.479000,24.549629,480
509524.959000,6944429.569000,24.668044,480
509525.450900,6944429.659000,24.785592,480
509525.942800,6944429.748000,24.920420,480
509526.434700,6944429.838000,25.041308,480
509526.453100,6944429.841000,25.046479,480
509526.926600,6944429.928000,25.213960,480
509527.418400,6944430.018000,25.383941,480
509527.873400,6944430.101000,25.544366,480
509527.910300,6944430.107000,25.558228,480
509528.402200,6944430.197000,25.742396,480
509528.894100,6944430.287000,25.929131,480
509529.186600,6944430.340000,26.042254,480
509529.386000,6944430.376000,26.110663,480
509529.877800,6944430.466000,26.276889,480
509530.369700,6944430.556000,26.445864,480
509530.654700,6944430.608000,26.540141,480
509530.861600,6944430.646000,26.598318,480
509531.353500,6944430.735000,26.732125,480
509531.845400,6944430.825000,26.861291,480
509532.337300,6944430.915000,26.991642,480
509532.513300,6944430.947000,27.038028,480
509532.829100,6944431.005000,27.115986,480
509533.321000,6944431.094000,27.233769,480
509533.812900,6944431.184000,27.339105,480
509534.304800,6944431.274000,27.444435,480
509534.657700,6944431.338000,27.535915,480
509534.796700,6944431.364000,27.558734,480
509535.288500,6944431.453000,27.610628,480
509535.780400,6944431.543000,27.683802,480
509536.272300,6944431.633000,27.741018,480
509536.764200,6944431.723000,27.801483,480
509537.256100,6944431.812000,27.863521,480
509537.748000,6944431.902000,27.914016,480
509538.239800,6944431.992000,27.970201,480
509538.731700,6944432.081000,28.024745,480
509538.825700,6944432.099000,28.033803,480
509539.223600,6944432.171000,28.070465,480
509539.715500,6944432.261000,28.112046,480
509540.207400,6944432.351000,28.153628,480
509540.699200,6944432.440000,28.195209,480
509541.191100,6944432.530000,28.222934,480
509542.174900,6944432.710000,28.252519,480
509542.666800,6944432.799000,28.267312,480
509543.158700,6944432.889000,28.263319,480
509543.650500,6944432.979000,28.228588,480
509544.142400,6944433.069000,28.193857,480
509544.634300,6944433.158000,28.159125,480
509545.126200,6944433.248000,28.110204,480
509545.530100,6944433.322000,28.033803,480
509545.618100,6944433.338000,28.016770,480
509546.109900,6944433.427000,27.922206,480
509546.601800,6944433.517000,27.826664,480
509547.093700,6944433.607000,27.728579,480
509547.585600,6944433.697000,27.591867,480
509547.786300,6944433.733000,27.535915,480
509548.077500,6944433.786000,27.438439,480
509548.569400,6944433.876000,27.278342,480
509549.061200,6944433.966000,27.117099,480
509549.305200,6944434.010000,27.038028,480
509549.553100,6944434.056000,26.957805,480
509550.045000,6944434.145000,26.798547,480
509550.536900,6944434.235000,26.639718,480
509550.845300,6944434.291000,26.540141,480
509551.028800,6944434.325000,26.481162,480
509551.520600,6944434.415000,26.334752,480
509552.012500,6944434.504000,26.197292,480
509552.504400,6944434.594000,26.058879,480
509552.562200,6944434.605000,26.042254,480
509552.996300,6944434.684000,25.922925,480
509553.488200,6944434.774000,25.808110,480
509553.980100,6944434.863000,25.701211,480
509554.471900,6944434.953000,25.594066,480
509554.698000,6944434.994000,25.544366,480
509554.963800,6944435.043000,25.487085,480
509555.455700,6944435.132000,25.393193,480
509555.947600,6944435.222000,25.308408,480
509556.439500,6944435.312000,25.221839,480
509556.931300,6944435.402000,25.139588,480
509557.423200,6944435.491000,25.065966,480
509557.565600,6944435.517000,25.046479,480
509557.915100,6944435.581000,25.001280,480
509558.407000,6944435.671000,24.937421,480
509558.898900,6944435.761000,24.877368,480
509559.390700,6944435.850000,24.822828,480
509559.882600,6944435.940000,24.781000,480
509560.374500,6944436.030000,24.738778,480
509560.866400,6944436.120000,24.697844,480
509561.358300,6944436.209000,24.659822,480
509561.850200,6944436.299000,24.639378,480
509562.342000,6944436.389000,24.618934,480
509562.833900,6944436.478000,24.598465,480
509563.325800,6944436.568000,24.578047,480
509504.300000,6944425.800000,28.315943,480
509505.283800,6944425.979000,28.258574,480
509562.833900,6944436.478000,31.405899,480
509562.342000,6944436.389000,31.463225,480
509561.863300,6944436.301000,31.519014,480
509561.850200,6944436.299000,31.520734,480
509561.358300,6944436.209000,31.582404,480
509560.866400,6944436.120000,31.716107,480
509560.374500,6944436.030000,31.867417,480
509559.882600,6944435.940000,32.016861,480
509559.882500,6944435.940000,32.016901,480
509559.390700,6944435.850000,32.171070,480
509558.898900,6944435.761000,32.411467,480
509558.689000,6944435.722000,32.514789,480
509558.407000,6944435.671000,32.891516,480
509558.326500,6944435.656000,33.012676,480
509557.979100,6944435.593000,33.510563,480
509557.915100,6944435.581000,33.756774,480
509557.851000,6944435.569000,34.008451,480
509557.836200,6944435.567000,34.506338,480
509557.830100,6944435.566000,35.004225,480
509557.915100,6944435.581000,35.226617,480
509557.986600,6944435.594000,35.502113,480
509563.325800,6944436.568000,31.348596,480
509505.775600,6944426.069000,28.059923,485
509506.250800,6944426.156000,28.033803,485
509506.267500,6944426.159000,28.032742,485
509506.759400,6944426.249000,27.971737,485
509507.251300,6944426.338000,27.912948,485
509507.743200,6944426.428000,27.849845,485
509508.235100,6944426.518000,27.779056,485
509508.726900,6944426.608000,27.710980,485
509509.218800,6944426.697000,27.591304,485
509509.502400,6944426.749000,27.535915,485
509509.710700,6944426.787000,27.454242,485
509510.202600,6944426.877000,27.252393,485
509510.669600,6944426.962000,27.038028,485
509510.694500,6944426.967000,27.025926,485
509511.186300,6944427.056000,26.770724,485
509511.639100,6944427.139000,26.540141,485
509511.678200,6944427.146000,26.516152,485
509512.170100,6944427.236000,26.210970,485
509512.452500,6944427.287000,26.042254,485
509512.662000,6944427.325000,25.897277,485
509513.153900,6944427.415000,25.576118,485
509513.202500,6944427.424000,25.544366,485
509513.645800,6944427.505000,25.284662,485
509514.058600,6944427.580000,25.046479,485
509514.137600,6944427.595000,25.015692,485
509514.629500,6944427.684000,24.831459,485
509515.121400,6944427.774000,24.675071,485
509515.514500,6944427.846000,24.548592,485
509515.613300,6944427.864000,24.517047,485
509516.105200,6944427.954000,24.359362,485
509516.597000,6944428.043000,24.211114,485
509517.088900,6944428.133000,24.109164,485
509517.363400,6944428.183000,24.050704,485
509517.580800,6944428.223000,24.015436,485
509518.072700,6944428.313000,23.937226,485
509518.564600,6944428.402000,23.861370,485
509519.056500,6944428.492000,23.842674,485
509519.548300,6944428.582000,23.823998,485
509520.040200,6944428.672000,23.805336,485
509520.532100,6944428.761000,23.786682,485
509521.024000,6944428.851000,23.820183,485
509521.515900,6944428.941000,23.859744,485
509522.007700,6944429.030000,23.900548,485
509522.499600,6944429.120000,23.939057,485
509522.991500,6944429.210000,24.005573,485
509523.284100,6944429.263000,24.050704,485
509523.483400,6944429.300000,24.090988,485
509523.975300,6944429.389000,24.182818,485
509524.467100,6944429.479000,24.280871,485
509524.959000,6944429.569000,24.392201,485
509525.450900,6944429.659000,24.508687,485
509525.618900,6944429.689000,24.548592,485
509525.942800,6944429.748000,24.627832,485
509526.434700,6944429.838000,24.744918,485
509526.926600,6944429.928000,24.877496,485
509527.418400,6944430.018000,25.012564,485
509527.539900,6944430.040000,25.046479,485
509527.910300,6944430.107000,25.174557,485
509528.402200,6944430.197000,25.349286,485
509528.894100,6944430.287000,25.522099,485
509528.953800,6944430.298000,25.544366,485
509529.386000,6944430.376000,25.710478,485
509529.877800,6944430.466000,25.900039,485
509530.245100,6944430.533000,26.042254,485
509530.369700,6944430.556000,26.084621,485
509530.861600,6944430.646000,26.248937,485
509531.353500,6944430.735000,26.412514,485
509531.750200,6944430.808000,26.540141,485
509531.845400,6944430.825000,26.565611,485
509532.337300,6944430.915000,26.702294,485
509532.829100,6944431.005000,26.833423,485
509533.321000,6944431.094000,26.952562,485
509533.676100,6944431.159000,27.038028,485
509533.812900,6944431.184000,27.069540,485
509534.304800,6944431.274000,27.182260,485
509534.796700,6944431.364000,27.304891,485
509535.288500,6944431.453000,27.394735,485
509535.780400,6944431.543000,27.514002,485
509535.897400,6944431.564000,27.535915,485
509536.272300,6944431.633000,27.579323,485
509536.764200,6944431.723000,27.640484,485
509537.256100,6944431.812000,27.708962,485
509537.748000,6944431.902000,27.756859,485
509538.239800,6944431.992000,27.816934,485
509538.731700,6944432.081000,27.873080,485
509539.223600,6944432.171000,27.919746,485
509539.715500,6944432.261000,27.965907,485
509540.207400,6944432.351000,28.009724,485
509540.476000,6944432.400000,28.033803,485
509540.699200,6944432.440000,28.053033,485
509541.191100,6944432.530000,28.081035,485
509541.683000,6944432.620000,28.095479,485
509542.174900,6944432.710000,28.109924,485
509542.666800,6944432.799000,28.124369,485
509543.158700,6944432.889000,28.119333,485
509543.650500,6944432.979000,28.082419,485
509544.142400,6944433.069000,28.045505,485
509544.299900,6944433.097000,28.033803,485
509544.634300,6944433.158000,28.008215,485
509545.126200,6944433.248000,27.954447,485
509545.618100,6944433.338000,27.859940,485
509546.109900,6944433.427000,27.758852,485
509546.601800,6944433.517000,27.657935,485
509547.093700,6944433.607000,27.556321,485
509547.166600,6944433.620000,27.535915,485
509547.585600,6944433.697000,27.391040,485
509548.077500,6944433.786000,27.228121,485
509548.569400,6944433.876000,27.067740,485
509548.659400,6944433.893000,27.038028,485
509549.061200,6944433.966000,26.903786,485
509549.553100,6944434.056000,26.744810,485
509550.045000,6944434.145000,26.586358,485
509550.188600,6944434.172000,26.540141,485
509550.536900,6944434.235000,26.428602,485
509551.028800,6944434.325000,26.270887,485
509551.520600,6944434.415000,26.133251,485
509551.858000,6944434.476000,26.042254,485
509552.012500,6944434.504000,26.001400,485
509552.504400,6944434.594000,25.868440,485
509552.996300,6944434.684000,25.738486,485
509553.488200,6944434.774000,25.628274,485
509553.891400,6944434.847000,25.544366,485
509553.980100,6944434.863000,25.526253,485
509554.471900,6944434.953000,25.422605,485
509554.963800,6944435.043000,25.321502,485
509555.455700,6944435.132000,25.233342,485
509555.947600,6944435.222000,25.152278,485
509556.439500,6944435.312000,25.068835,485
509556.578700,6944435.337000,25.046479,485
509556.931300,6944435.402000,24.993173,485
509557.423200,6944435.491000,24.925510,485
509557.915100,6944435.581000,24.866095,485
509558.407000,6944435.671000,24.807121,485
509558.898900,6944435.761000,24.750692,485
509559.390700,6944435.850000,24.699378,485
509559.882600,6944435.940000,24.660975,485
509560.374500,6944436.030000,24.622486,485
509560.866400,6944436.120000,24.584546,485
509561.358300,6944436.209000,24.549158,485
509561.373000,6944436.212000,24.548592,485
509561.850200,6944436.299000,24.530585,485
509562.342000,6944436.389000,24.512012,485
509562.833900,6944436.478000,24.493440,485
509563.325800,6944436.568000,24.474867,485
509504.300000,6944425.800000,28.141010,485
509505.283800,6944425.979000,28.086952,485
509562.833900,6944436.478000,31.505937,485
509562.726400,6944436.459000,31.519014,485
509562.342000,6944436.389000,31.571626,485
509561.850200,6944436.299000,31.638298,485
509561.358300,6944436.209000,31.704968,485
509560.866400,6944436.120000,31.846943,485
509560.374500,6944436.030000,32.011731,485
509560.357500,6944436.027000,32.016901,485
509559.882600,6944435.940000,32.167404,485
509559.390700,6944435.850000,32.343556,485
509559.052400,6944435.789000,32.514789,485
509558.898900,6944435.761000,32.706287,485
509558.659900,6944435.717000,33.012676,485
509558.407000,6944435.671000,33.352277,485
509558.294800,6944435.650000,33.510563,485
509558.160400,6944435.626000,34.008451,485
509558.146900,6944435.623000,34.506338,485
509558.141600,6944435.622000,35.004225,485
509558.198200,6944435.633000,35.502113,485
509563.325800,6944436.568000,31.443954,485
509505.283800,6944425.979000,27.907773,490
509505.775600,6944426.069000,27.875988,490
509506.267500,6944426.159000,27.836324,490
509506.759400,6944426.249000,27.780790,490
509507.251300,6944426.338000,27.734859,490
509507.743200,6944426.428000,27.673256,490
509508.235100,6944426.518000,27.598992,490
509508.726900,6944426.608000,27.546362,490
509508.769100,6944426.615000,27.535915,490
509509.218800,6944426.697000,27.297672,490
509509.710700,6944426.787000,27.109555,490
509509.884800,6944426.819000,27.038028,490
509510.202600,6944426.877000,26.897028,490
509510.694500,6944426.967000,26.659358,490
509510.926600,6944427.009000,26.540141,490
509511.186300,6944427.056000,26.379006,490
509511.678200,6944427.146000,26.079349,490
509511.739100,6944427.157000,26.042254,490
509512.170100,6944427.236000,25.734472,490
509512.450700,6944427.287000,25.544366,490
509512.662000,6944427.325000,25.419609,490
509513.153900,6944427.415000,25.122040,490
509513.290400,6944427.440000,25.046479,490
509513.645800,6944427.505000,24.918039,490
509514.137600,6944427.595000,24.731245,490
509514.629500,6944427.684000,24.557235,490
509514.657400,6944427.690000,24.548592,490
509515.121400,6944427.774000,24.406687,490
509515.613300,6944427.864000,24.253683,490
509516.105200,6944427.954000,24.110840,490
509516.311500,6944427.991000,24.050704,490
509516.597000,6944428.043000,23.987769,490
509517.088900,6944428.133000,23.911348,490
509517.580800,6944428.223000,23.834282,490
509518.072700,6944428.313000,23.758710,490
509518.564600,6944428.402000,23.684984,490
509519.056500,6944428.492000,23.665950,490
509519.548300,6944428.582000,23.646918,490
509520.040200,6944428.672000,23.627883,490
509520.532100,6944428.761000,23.608839,490
509521.024000,6944428.851000,23.639527,490
509521.515900,6944428.941000,23.675905,490
509522.007700,6944429.030000,23.712812,490
509522.499600,6944429.120000,23.748643,490
509522.991500,6944429.210000,23.810640,490
509523.483400,6944429.300000,23.881730,490
509523.975300,6944429.389000,23.948712,490
509524.467100,6944429.479000,24.020500,490
509524.646100,6944429.512000,24.050704,490
509524.959000,6944429.569000,24.119236,490
509525.450900,6944429.659000,24.224551,490
509525.942800,6944429.748000,24.336262,490
509526.434700,6944429.838000,24.449192,490
509526.839300,6944429.912000,24.548592,490
509526.926600,6944429.928000,24.570900,490
509527.418400,6944430.018000,24.703250,490
509527.910300,6944430.107000,24.835373,490
509528.402200,6944430.197000,24.978510,490
509528.651600,6944430.243000,25.046479,490
509528.894100,6944430.287000,25.125021,490
509529.386000,6944430.376000,25.312917,490
509529.877800,6944430.466000,25.489598,490
509530.025400,6944430.493000,25.544366,490
509530.369700,6944430.556000,25.676014,490
509530.861600,6944430.646000,25.865589,490
509531.309700,6944430.727000,26.042254,490
509531.353500,6944430.735000,26.056996,490
509531.845400,6944430.825000,26.219701,490
509532.337300,6944430.915000,26.384489,490
509532.806500,6944431.001000,26.540141,490
509532.829100,6944431.005000,26.546229,490
509533.321000,6944431.094000,26.670876,490
509533.812900,6944431.184000,26.793211,490
509534.304800,6944431.274000,26.915297,490
509534.796700,6944431.364000,27.037079,490
509534.800900,6944431.364000,27.038028,490
509535.288500,6944431.453000,27.140643,490
509535.780400,6944431.543000,27.252230,490
509536.272300,6944431.633000,27.351546,490
509536.764200,6944431.723000,27.450034,490
509537.130900,6944431.789000,27.535915,490
509537.256100,6944431.812000,27.554402,490
509537.748000,6944431.902000,27.599702,490
509538.239800,6944431.992000,27.663666,490
509538.731700,6944432.081000,27.721416,490
509539.223600,6944432.171000,27.767094,490
509539.715500,6944432.261000,27.817303,490
509540.207400,6944432.351000,27.861790,490
509540.699200,6944432.440000,27.904553,490
509541.191100,6944432.530000,27.934663,490
509541.683000,6944432.620000,27.949975,490
509542.174900,6944432.710000,27.965343,490
509542.666800,6944432.799000,27.980279,490
509543.158700,6944432.889000,27.974195,490
509543.650500,6944432.979000,27.932440,490
509544.142400,6944433.069000,27.892558,490
509544.634300,6944433.158000,27.855431,490
509545.126200,6944433.248000,27.796188,490
509545.618100,6944433.338000,27.703111,490
509546.109900,6944433.427000,27.595498,490
509546.389600,6944433.479000,27.535915,490
509546.601800,6944433.517000,27.476896,490
509547.093700,6944433.607000,27.343967,490
509547.585600,6944433.697000,27.178182,490
509548.014800,6944433.775000,27.038028,490
509548.077500,6944433.786000,27.017238,490
509548.569400,6944433.876000,26.853618,490
509549.061200,6944433.966000,26.690464,490
509549.527300,6944434.051000,26.540141,490
509549.553100,6944434.056000,26.531581,490
509550.045000,6944434.145000,26.373460,490
509550.536900,6944434.235000,26.217530,490
509551.028800,6944434.325000,26.060613,490
509551.096300,6944434.337000,26.042254,490
509551.520600,6944434.415000,25.929986,490
509552.012500,6944434.504000,25.803814,490
509552.504400,6944434.594000,25.678259,490
509552.996300,6944434.684000,25.554046,490
509553.040300,6944434.692000,25.544366,490
509553.488200,6944434.774000,25.447552,490
509553.980100,6944434.863000,25.349718,490
509554.471900,6944434.953000,25.250081,490
509554.963800,6944435.043000,25.155920,490
509555.455700,6944435.132000,25.073490,490
509555.624900,6944435.163000,25.046479,490
509555.947600,6944435.222000,24.996575,490
509556.439500,6944435.312000,24.919908,490
509556.931300,6944435.402000,24.849155,490
509557.423200,6944435.491000,24.785458,490
509557.915100,6944435.581000,24.730911,490
509558.407000,6944435.671000,24.676820,490
509558.898900,6944435.761000,24.624015,490
509559.390700,6944435.850000,24.575928,490
509559.772800,6944435.920000,24.548592,490
509559.882600,6944435.940000,24.540938,490
509560.374500,6944436.030000,24.505949,490
509560.866400,6944436.120000,24.470960,490
509561.358300,6944436.209000,24.438493,490
509561.850200,6944436.299000,24.421792,490
509562.342000,6944436.389000,24.405090,490
509562.833900,6944436.478000,24.388389,490
509563.325800,6944436.568000,24.371687,490
509504.300000,6944425.800000,27.955748,490
509504.791900,6944425.890000,27.930798,490
509562.833900,6944436.478000,31.612518,490
509562.342000,6944436.389000,31.684190,490
509561.850200,6944436.299000,31.755862,490
509561.358300,6944436.209000,31.827533,490
509560.866400,6944436.120000,31.977779,490
509560.750000,6944436.098000,32.016901,490
509560.374500,6944436.030000,32.152062,490
509559.882600,6944435.940000,32.317945,490
509559.393500,6944435.851000,32.514789,490
509559.390700,6944435.850000,32.517713,490
509558.990000,6944435.777000,33.012676,490
509558.898900,6944435.761000,33.126902,490
509558.607300,6944435.707000,33.510563,490
509558.469800,6944435.682000,34.008451,490
509558.457700,6944435.680000,34.506338,490
509558.452700,6944435.679000,35.004225,490
509558.411400,6944435.672000,35.502113,490
509563.325800,6944436.568000,31.540846,490
509505.283800,6944425.979000,27.725205,495
509505.775600,6944426.069000,27.689518,495
509506.267500,6944426.159000,27.639907,495
509506.759400,6944426.249000,27.589842,495
509507.251300,6944426.338000,27.556771,495
509507.421000,6944426.369000,27.535915,495
509507.743200,6944426.428000,27.434206,495
509508.235100,6944426.518000,27.271941,495
509508.726900,6944426.608000,27.125230,495
509508.939300,6944426.646000,27.038028,495
509509.218800,6944426.697000,26.916594,495
509509.710700,6944426.787000,26.704517,495
509510.155500,6944426.868000,26.540141,495
509510.202600,6944426.877000,26.514254,495
509510.694500,6944426.967000,26.196967,495
509510.969600,6944427.017000,26.042254,495
509511.186300,6944427.056000,25.875324,495
509511.678200,6944427.146000,25.557509,495
509511.696900,6944427.149000,25.544366,495
509512.170100,6944427.236000,25.221020,495
509512.502100,6944427.296000,25.046479,495
509512.662000,6944427.325000,24.987373,495
509513.153900,6944427.415000,24.786696,495
509513.645800,6944427.505000,24.622256,495
509513.847600,6944427.542000,24.548592,495
509514.137600,6944427.595000,24.443916,495
509514.629500,6944427.684000,24.278380,495
509515.121400,6944427.774000,24.135634,495
509515.405400,6944427.826000,24.050704,495
509515.613300,6944427.864000,24.005135,495
509516.105200,6944427.954000,23.902911,495
509516.597000,6944428.043000,23.799807,495
509517.088900,6944428.133000,23.726576,495
509517.580800,6944428.223000,23.653129,495
509518.072700,6944428.313000,23.580194,495
509518.259400,6944428.347000,23.552817,495
509518.564600,6944428.402000,23.512868,495
509519.056500,6944428.492000,23.495374,495
509520.040200,6944428.672000,23.460387,495
509520.532100,6944428.761000,23.442893,495
509521.024000,6944428.851000,23.467919,495
509521.515900,6944428.941000,23.497852,495
509522.007700,6944429.030000,23.527785,495
509522.420300,6944429.106000,23.552817,495
509522.499600,6944429.120000,23.558228,495
509522.991500,6944429.210000,23.615707,495
509523.483400,6944429.300000,23.681112,495
509523.975300,6944429.389000,23.744577,495
509524.467100,6944429.479000,23.810174,495
509524.959000,6944429.569000,23.887661,495
509525.450900,6944429.659000,23.964782,495
509525.942800,6944429.748000,24.046294,495
509525.968300,6944429.753000,24.050704,495
509526.434700,6944429.838000,24.154772,495
509526.926600,6944429.928000,24.267156,495
509527.418400,6944430.018000,24.393416,495
509527.910300,6944430.107000,24.517746,495
509528.033400,6944430.130000,24.548592,495
509528.402200,6944430.197000,24.644481,495
509528.894100,6944430.287000,24.777174,495
509529.386000,6944430.376000,24.936654,495
509529.759600,6944430.445000,25.046479,495
509529.877800,6944430.466000,25.086794,495
509530.369700,6944430.556000,25.273455,495
509530.861600,6944430.646000,25.450721,495
509531.104000,6944430.690000,25.544366,495
509531.353500,6944430.735000,25.642193,495
509531.845400,6944430.825000,25.834855,495
509532.337300,6944430.915000,26.028126,495
509532.373100,6944430.921000,26.042254,495
509532.829100,6944431.005000,26.193108,495
509533.321000,6944431.094000,26.351893,495
509533.812900,6944431.184000,26.510003,495
509533.905600,6944431.201000,26.540141,495
509534.304800,6944431.274000,26.642477,495
509534.796700,6944431.364000,26.766891,495
509535.288500,6944431.453000,26.879367,495
509535.780400,6944431.543000,26.990397,495
509535.990400,6944431.581000,27.038028,495
509536.272300,6944431.633000,27.099520,495
509536.764200,6944431.723000,27.205006,495
509537.256100,6944431.812000,27.312660,495
509537.748000,6944431.902000,27.393389,495
509538.239800,6944431.992000,27.495587,495
509538.450000,6944432.030000,27.535915,495
509538.731700,6944432.081000,27.569752,495
509539.223600,6944432.171000,27.614443,495
509539.715500,6944432.261000,27.668699,495
509540.207400,6944432.351000,27.713856,495
509540.699200,6944432.440000,27.755087,495
509541.191100,6944432.530000,27.786060,495
509541.683000,6944432.620000,27.801978,495
509542.174900,6944432.710000,27.818488,495
509542.666800,6944432.799000,27.834206,495
509543.158700,6944432.889000,27.827375,495
509543.650500,6944432.979000,27.780563,495
509544.142400,6944433.069000,27.739218,495
509544.634300,6944433.158000,27.702647,495
509545.126200,6944433.248000,27.637928,495
509545.618100,6944433.338000,27.546281,495
509545.664400,6944433.346000,27.535915,495
509546.109900,6944433.427000,27.400120,495
509546.601800,6944433.517000,27.263698,495
509547.093700,6944433.607000,27.126225,495
509547.360600,6944433.656000,27.038028,495
509547.585600,6944433.697000,26.963755,495
509548.077500,6944433.786000,26.801040,495
509548.569400,6944433.876000,26.638918,495
509548.868900,6944433.931000,26.540141,495
509549.061200,6944433.966000,26.471619,495
509549.553100,6944434.056000,26.312615,495
509550.045000,6944434.145000,26.160364,495
509550.421600,6944434.214000,26.042254,495
509550.536900,6944434.235000,26.005480,495
509551.028800,6944434.325000,25.850041,495
509551.520600,6944434.415000,25.725270,495
509552.012500,6944434.504000,25.606228,495
509552.265400,6944434.550000,25.544366,495
509552.504400,6944434.594000,25.485989,495
509552.996300,6944434.684000,25.366186,495
509553.488200,6944434.774000,25.266058,495
509553.980100,6944434.863000,25.173183,495
509554.471900,6944434.953000,25.077556,495
509554.642600,6944434.984000,25.046479,495
509554.963800,6944435.043000,24.990070,495
509555.455700,6944435.132000,24.912477,495
509555.947600,6944435.222000,24.841773,495
509556.439500,6944435.312000,24.771678,495
509556.931300,6944435.402000,24.705138,495
509557.423200,6944435.491000,24.645406,495
509557.915100,6944435.581000,24.595726,495
509558.385500,6944435.667000,24.548592,495
509558.407000,6944435.671000,24.546499,495
509558.898900,6944435.761000,24.497046,495
509559.390700,6944435.850000,24.452475,495
509559.882600,6944435.940000,24.420728,495
509560.374500,6944436.030000,24.388987,495
509560.866400,6944436.120000,24.357241,495
509561.358300,6944436.209000,24.327829,495
509561.850200,6944436.299000,24.312999,495
509562.342000,6944436.389000,24.298168,495
509563.325800,6944436.568000,24.268507,495
509504.300000,6944425.800000,27.754134,495
509504.791900,6944425.890000,27.739083,495
509562.833900,6944436.478000,31.720083,495
509562.342000,6944436.389000,31.796755,495
509561.850200,6944436.299000,31.873426,495
509561.358300,6944436.209000,31.950097,495
509561.143100,6944436.170000,32.016901,495
509560.866400,6944436.120000,32.110424,495
509560.374500,6944436.030000,32.292245,495
509559.882600,6944435.940000,32.468486,495
509559.767600,6944435.919000,32.514789,495
509559.390700,6944435.850000,32.920357,495
509559.316000,6944435.837000,33.012676,495
509558.918300,6944435.764000,33.510563,495
509558.898900,6944435.761000,33.578677,495
509558.779300,6944435.739000,34.008451,495
509558.768500,6944435.737000,34.506338,495
509558.762100,6944435.736000,35.004225,495
509558.740300,6944435.732000,35.502113,495
509563.325800,6944436.568000,31.643411,495
509505.283800,6944425.979000,27.542636,500
509505.368700,6944425.995000,27.535915,500
509505.775600,6944426.069000,27.407601,500
509506.267500,6944426.159000,27.277347,500
509506.759400,6944426.249000,27.181677,500
509507.251300,6944426.338000,27.092455,500
509507.471000,6944426.378000,27.038028,500
509507.743200,6944426.428000,26.957535,500
509508.235100,6944426.518000,26.743485,500
509508.726900,6944426.608000,26.598938,500
509508.905400,6944426.640000,26.540141,500
509509.218800,6944426.697000,26.369999,500
509509.710700,6944426.787000,26.120486,500
509509.866000,6944426.815000,26.042254,500
509510.202600,6944426.877000,25.825530,500
509510.620900,6944426.953000,25.544366,500
509510.694500,6944426.967000,25.505237,500
509511.186300,6944427.056000,25.172944,500
509511.431400,6944427.101000,25.046479,500
509511.678200,6944427.146000,24.971984,500
509512.170100,6944427.236000,24.792087,500
509512.662000,6944427.325000,24.625680,500
509512.895200,6944427.368000,24.548592,500
509513.153900,6944427.415000,24.467528,500
509513.645800,6944427.505000,24.301619,500
509514.137600,6944427.595000,24.151418,500
509514.458200,6944427.653000,24.050704,500
509514.629500,6944427.684000,24.011217,500
509515.121400,6944427.774000,23.908671,500
509515.613300,6944427.864000,23.806390,500
509516.105200,6944427.954000,23.707939,500
509516.597000,6944428.043000,23.611846,500
509517.010500,6944428.119000,23.552817,500
509517.088900,6944428.133000,23.542812,500
509517.580800,6944428.223000,23.479185,500
509518.072700,6944428.313000,23.415557,500
509518.564600,6944428.402000,23.353511,500
509519.056500,6944428.492000,23.335737,500
509520.040200,6944428.672000,23.300191,500
509520.532100,6944428.761000,23.282418,500
509521.024000,6944428.851000,23.304662,500
509521.515900,6944428.941000,23.331523,500
509522.007700,6944429.030000,23.358385,500
509522.499600,6944429.120000,23.385246,500
509522.991500,6944429.210000,23.432911,500
509523.483400,6944429.300000,23.487195,500
509523.975300,6944429.389000,23.541478,500
509524.080200,6944429.409000,23.552817,500
509524.467100,6944429.479000,23.599847,500
509524.959000,6944429.569000,23.669961,500
509525.450900,6944429.659000,23.743424,500
509525.942800,6944429.748000,23.818349,500
509526.434700,6944429.838000,23.897212,500
509526.926600,6944429.928000,23.980671,500
509527.287300,6944429.994000,24.050704,500
509527.418400,6944430.018000,24.083061,500
509527.910300,6944430.107000,24.195880,500
509528.402200,6944430.197000,24.311654,500
509528.894100,6944430.287000,24.441626,500
509529.253800,6944430.352000,24.548592,500
509529.386000,6944430.376000,24.589324,500
509529.877800,6944430.466000,24.731959,500
509530.369700,6944430.556000,24.886961,500
509530.861600,6944430.646000,25.040102,500
509530.879200,6944430.649000,25.046479,500
509531.353500,6944430.735000,25.230685,500
509531.845400,6944430.825000,25.416728,500
509532.179400,6944430.886000,25.544366,500
509532.337300,6944430.915000,25.605844,500
509532.829100,6944431.005000,25.798304,500
509533.321000,6944431.094000,25.992147,500
509533.444900,6944431.117000,26.042254,500
509533.812900,6944431.184000,26.164111,500
509534.304800,6944431.274000,26.322499,500
509534.796700,6944431.364000,26.484130,500
509534.978300,6944431.397000,26.540141,500
509535.288500,6944431.453000,26.613223,500
509535.780400,6944431.543000,26.728287,500
509536.272300,6944431.633000,26.842091,500
509536.764200,6944431.723000,26.956550,500
509537.154400,6944431.794000,27.038028,500
509537.256100,6944431.812000,27.059075,500
509537.748000,6944431.902000,27.153495,500
509538.239800,6944431.992000,27.253359,500
509538.731700,6944432.081000,27.350229,500
509539.223600,6944432.171000,27.423496,500
509539.715500,6944432.261000,27.510679,500
509539.884800,6944432.292000,27.535915,500
509540.207400,6944432.351000,27.565922,500
509540.699200,6944432.440000,27.605620,500
509541.191100,6944432.530000,27.637456,500
509541.683000,6944432.620000,27.653980,500
509542.174900,6944432.710000,27.671634,500
509542.666800,6944432.799000,27.688134,500
509543.158700,6944432.889000,27.680554,500
509543.650500,6944432.979000,27.628686,500
509544.142400,6944433.069000,27.585877,500
509544.634300,6944433.158000,27.549863,500
509544.734800,6944433.177000,27.535915,500
509545.126200,6944433.248000,27.458855,500
509545.618100,6944433.338000,27.329734,500
509546.109900,6944433.427000,27.186355,500
509546.601800,6944433.517000,27.050499,500
509546.645900,6944433.525000,27.038028,500
509547.093700,6944433.607000,26.908355,500
509547.585600,6944433.697000,26.746301,500
509548.077500,6944433.786000,26.584841,500
509548.213700,6944433.811000,26.540141,500
509548.569400,6944433.876000,26.414037,500
509549.061200,6944433.966000,26.239596,500
509549.553100,6944434.056000,26.093648,500
509549.722800,6944434.087000,26.042254,500
509550.045000,6944434.145000,25.941170,500
509550.536900,6944434.235000,25.788639,500
509551.028800,6944434.325000,25.639441,500
509551.419900,6944434.396000,25.544366,500
509551.520600,6944434.415000,25.519970,500
509552.012500,6944434.504000,25.404888,500
509552.504400,6944434.594000,25.288750,500
509552.996300,6944434.684000,25.178136,500
509553.488200,6944434.774000,25.084563,500
509553.697900,6944434.812000,25.046479,500
509553.980100,6944434.863000,24.995704,500
509554.471900,6944434.953000,24.906060,500
509554.963800,6944435.043000,24.823699,500
509555.455700,6944435.132000,24.751227,500
509555.947600,6944435.222000,24.686971,500
509556.439500,6944435.312000,24.623448,500
509556.931300,6944435.402000,24.561120,500
509557.039500,6944435.421000,24.548592,500
509557.423200,6944435.491000,24.505338,500
509557.915100,6944435.581000,24.460112,500
509558.407000,6944435.671000,24.414883,500
509558.898900,6944435.761000,24.369647,500
509559.390700,6944435.850000,24.329022,500
509559.882600,6944435.940000,24.300517,500
509560.374500,6944436.030000,24.272024,500
509560.866400,6944436.120000,24.243523,500
509561.358300,6944436.209000,24.217165,500
509561.850200,6944436.299000,24.204205,500
509562.342000,6944436.389000,24.191246,500
509562.833900,6944436.478000,24.178287,500
509563.325800,6944436.568000,24.165328,500
509504.300000,6944425.800000,27.552521,500
509504.791900,6944425.890000,27.547368,500
509562.833900,6944436.478000,31.827648,500
509562.342000,6944436.389000,31.909319,500
509561.850200,6944436.299000,31.990990,500
509561.689600,6944436.270000,32.016901,500
509561.358300,6944436.209000,32.077464,500
509560.866400,6944436.120000,32.243840,500
509560.374500,6944436.030000,32.432429,500
509560.148700,6944435.989000,32.514789,500
509559.882600,6944435.940000,32.783850,500
509559.669600,6944435.901000,33.012676,500
509559.390700,6944435.850000,33.317171,500
509559.235500,6944435.822000,33.510563,500
509559.092900,6944435.796000,34.008451,500
509559.085800,6944435.795000,34.506338,500
509559.166600,6944435.809000,35.004225,500
509559.140100,6944435.805000,35.502113,500
509563.325800,6944436.568000,31.745977,500
509504.791900,6944425.890000,24.033693,500
509504.814500,6944425.894000,24.050704,500
509504.791900,6944425.890000,24.151644,500
509504.675600,6944425.869000,24.548592,500
509504.485800,6944425.834000,25.046479,500
509504.300000,6944425.800000,25.168301,500
509504.300000,6944425.800000,23.804201,500
509504.300000,6944425.800000,26.633565,505
509504.791900,6944425.890000,26.619540,505
509505.283800,6944425.979000,26.605330,505
509505.775600,6944426.069000,26.590744,505
509506.267500,6944426.159000,26.575935,505
509506.517000,6944426.204000,26.540141,505
509506.759400,6944426.249000,26.316155,505
509506.979000,6944426.289000,26.042254,505
509506.759400,6944426.249000,25.923203,505
509506.267500,6944426.159000,25.782408,505
509505.775600,6944426.069000,25.892266,505
509505.283800,6944425.979000,25.979486,505
509504.892400,6944425.908000,26.042254,505
509504.791900,6944425.890000,26.104748,505
509504.300000,6944425.800000,26.281387,505
509504.300000,6944425.800000,23.239644,505
509504.791900,6944425.890000,23.373351,505
509505.283800,6944425.979000,23.518659,505
509505.421900,6944426.005000,23.552817,505
509505.775600,6944426.069000,23.736455,505
509506.267500,6944426.159000,23.921716,505
509506.759400,6944426.249000,24.039241,505
509506.780100,6944426.252000,24.050704,505
509507.251300,6944426.338000,24.547153,505
509507.253200,6944426.339000,24.548592,505
509507.667400,6944426.414000,25.046479,505
509507.743200,6944426.428000,25.111762,505
509508.095800,6944426.492000,25.544366,505
509508.235100,6944426.518000,25.632351,505
509508.671600,6944426.598000,25.544366,505
509508.726900,6944426.608000,25.530252,505
509509.218800,6944426.697000,25.136292,505
509509.664200,6944426.779000,25.046479,505
509509.710700,6944426.787000,25.041121,505
509510.202600,6944426.877000,24.981629,505
509510.694500,6944426.967000,24.856731,505
509511.186300,6944427.056000,24.686969,505
509511.678200,6944427.146000,24.558032,505
509511.707000,6944427.151000,24.548592,505
509512.170100,6944427.236000,24.403969,505
509512.662000,6944427.325000,24.259878,505
509513.153900,6944427.415000,24.124540,505
509513.388000,6944427.458000,24.050704,505
509513.645800,6944427.505000,23.994353,505
509514.137600,6944427.595000,23.900268,505
509514.629500,6944427.684000,23.796584,505
509515.121400,6944427.774000,23.701828,505
509515.613300,6944427.864000,23.607646,505
509515.895800,6944427.915000,23.552817,505
509516.105200,6944427.954000,23.516773,505
509516.597000,6944428.043000,23.435692,505
509517.088900,6944428.133000,23.374939,505
509517.580800,6944428.223000,23.314187,505
509518.072700,6944428.313000,23.253434,505
509518.564600,6944428.402000,23.194153,505
509519.056500,6944428.492000,23.176101,505
509519.548300,6944428.582000,23.158048,505
509520.040200,6944428.672000,23.139996,505
509520.532100,6944428.761000,23.121943,505
509521.024000,6944428.851000,23.141405,505
509521.515900,6944428.941000,23.165195,505
509522.007700,6944429.030000,23.188985,505
509522.499600,6944429.120000,23.212775,505
509522.991500,6944429.210000,23.255895,505
509523.483400,6944429.300000,23.305166,505
509523.975300,6944429.389000,23.354436,505
509524.467100,6944429.479000,23.403707,505
509524.959000,6944429.569000,23.461432,505
509525.450900,6944429.659000,23.524451,505
509525.675800,6944429.700000,23.552817,505
509525.942800,6944429.748000,23.590403,505
509526.434700,6944429.838000,23.659803,505
509526.926600,6944429.928000,23.736540,505
509527.418400,6944430.018000,23.824311,505
509527.910300,6944430.107000,23.908440,505
509528.402200,6944430.197000,23.993377,505
509528.679500,6944430.248000,24.050704,505
509528.894100,6944430.287000,24.106422,505
509529.386000,6944430.376000,24.236429,505
509529.877800,6944430.466000,24.373846,505
509530.369700,6944430.556000,24.514612,505
509530.488700,6944430.578000,24.548592,505
509530.861600,6944430.646000,24.658671,505
509531.353500,6944430.735000,24.831967,505
509531.845400,6944430.825000,25.004246,505
509531.964500,6944430.847000,25.046479,505
509532.337300,6944430.915000,25.185739,505
509532.829100,6944431.005000,25.371942,505
509533.257700,6944431.083000,25.544366,505
509533.321000,6944431.094000,25.569479,505
509533.812900,6944431.184000,25.764788,505
509534.304800,6944431.274000,25.958577,505
509534.512000,6944431.312000,26.042254,505
509534.796700,6944431.364000,26.135742,505
509535.288500,6944431.453000,26.290454,505
509535.780400,6944431.543000,26.444215,505
509536.090800,6944431.600000,26.540141,505
509536.272300,6944431.633000,26.582917,505
509536.764200,6944431.723000,26.700757,505
509537.256100,6944431.812000,26.805377,505
509537.748000,6944431.902000,26.908638,505
509538.239800,6944431.992000,27.010655,505
509538.370700,6944432.016000,27.038028,505
509538.731700,6944432.081000,27.111219,505
509539.223600,6944432.171000,27.191978,505
509539.715500,6944432.261000,27.273643,505
509540.207400,6944432.351000,27.349222,505
509540.699200,6944432.440000,27.415312,505
509541.191100,6944432.530000,27.464445,505
509541.683000,6944432.620000,27.490066,505
509542.174900,6944432.710000,27.518561,505
509542.491200,6944432.767000,27.535915,505
509542.666800,6944432.799000,27.542061,505
509543.030200,6944432.866000,27.535915,505
509543.158700,6944432.889000,27.532525,505
509543.650500,6944432.979000,27.450724,505
509544.142400,6944433.069000,27.388294,505
509544.634300,6944433.158000,27.332063,505
509545.126200,6944433.248000,27.242033,505
509545.618100,6944433.338000,27.108961,505
509545.870000,6944433.384000,27.038028,505
509546.109900,6944433.427000,26.970366,505
509546.601800,6944433.517000,26.831433,505
509547.093700,6944433.607000,26.690396,505
509547.551100,6944433.690000,26.540141,505
509547.585600,6944433.697000,26.527672,505
509548.077500,6944433.786000,26.353472,505
509548.569400,6944433.876000,26.180482,505
509548.962100,6944433.948000,26.042254,505
509549.061200,6944433.966000,26.005405,505
509549.553100,6944434.056000,25.859505,505
509550.045000,6944434.145000,25.714391,505
509550.536900,6944434.235000,25.571798,505
509550.629100,6944434.252000,25.544366,505
509551.028800,6944434.325000,25.425084,505
509551.520600,6944434.415000,25.310232,505
509552.012500,6944434.504000,25.201838,505
509552.504400,6944434.594000,25.091510,505
509552.717000,6944434.633000,25.046479,505
509552.996300,6944434.684000,24.987684,505
509553.488200,6944434.774000,24.897638,505
509553.980100,6944434.863000,24.815824,505
509554.471900,6944434.953000,24.734791,505
509554.963800,6944435.043000,24.657328,505
509555.455700,6944435.132000,24.589978,505
509555.803700,6944435.196000,24.548592,505
509555.947600,6944435.222000,24.532048,505
509556.439500,6944435.312000,24.474143,505
509556.931300,6944435.402000,24.416226,505
509557.423200,6944435.491000,24.365235,505
509557.915100,6944435.581000,24.324268,505
509558.407000,6944435.671000,24.283266,505
509558.898900,6944435.761000,24.242248,505
509559.390700,6944435.850000,24.205569,505
509559.882600,6944435.940000,24.180307,505
509560.374500,6944436.030000,24.155062,505
509560.866400,6944436.120000,24.129804,505
509561.358300,6944436.209000,24.106500,505
509561.850200,6944436.299000,24.095412,505
509562.342000,6944436.389000,24.084324,505
509563.325800,6944436.568000,24.062148,505
509562.833900,6944436.478000,31.935213,505
509562.369100,6944436.394000,32.016901,505
509562.342000,6944436.389000,32.022066,505
509561.850200,6944436.299000,32.113194,505
509561.358300,6944436.209000,32.210585,505
509560.866400,6944436.120000,32.377257,505
509560.515100,6944436.055000,32.514789,505
509560.374500,6944436.030000,32.660911,505
509560.026700,6944435.966000,33.012676,505
509559.882600,6944435.940000,33.162813,505
509559.562400,6944435.882000,33.510563,505
509559.410300,6944435.854000,34.008451,505
509559.409500,6944435.854000,34.506338,505
509559.533900,6944435.876000,35.004225,505
509559.510800,6944435.872000,35.502113,505
509563.325800,6944436.568000,31.848542,505
509504.300000,6944425.800000,22.807013,510
509504.791900,6944425.890000,22.914533,510
509505.283800,6944425.979000,23.023327,510
509505.418100,6944426.004000,23.054930,510
509505.775600,6944426.069000,23.158141,510
509506.267500,6944426.159000,23.298171,510
509506.759400,6944426.249000,23.459176,510
509507.060900,6944426.304000,23.552817,510
509507.251300,6944426.338000,23.643672,510
509507.743200,6944426.428000,23.868065,510
509508.235100,6944426.518000,24.023193,510
509508.357500,6944426.540000,24.050704,510
509508.726900,6944426.608000,24.206083,510
509509.218800,6944426.697000,24.260725,510
509509.710700,6944426.787000,24.311282,510
509510.202600,6944426.877000,24.352438,510
509510.694500,6944426.967000,24.314737,510
509511.186300,6944427.056000,24.220640,510
509511.678200,6944427.146000,24.117907,510
509511.973000,6944427.200000,24.050704,510
509512.170100,6944427.236000,24.021137,510
509512.662000,6944427.325000,23.936730,510
509513.153900,6944427.415000,23.850652,510
509513.645800,6944427.505000,23.756648,510
509514.137600,6944427.595000,23.670833,510
509514.629500,6944427.684000,23.581951,510
509514.790300,6944427.714000,23.552817,510
509515.121400,6944427.774000,23.499854,510
509515.613300,6944427.864000,23.420305,510
509516.105200,6944427.954000,23.340417,510
509516.597000,6944428.043000,23.264944,510
509517.088900,6944428.133000,23.207066,510
509517.580800,6944428.223000,23.149188,510
509518.072700,6944428.313000,23.091310,510
509518.387400,6944428.370000,23.054930,510
509518.564600,6944428.402000,23.035633,510
509519.056500,6944428.492000,23.018079,510
509519.548300,6944428.582000,23.000555,510
509520.040200,6944428.672000,22.982995,510
509520.532100,6944428.761000,22.965455,510
509521.024000,6944428.851000,22.981411,510
509521.515900,6944428.941000,23.001249,510
509522.007700,6944429.030000,23.021121,510
509522.499600,6944429.120000,23.040945,510
509522.689100,6944429.155000,23.054930,510
509522.991500,6944429.210000,23.078879,510
509523.483400,6944429.300000,23.123137,510
509523.975300,6944429.389000,23.167394,510
509524.467100,6944429.479000,23.211652,510
509524.959000,6944429.569000,23.263585,510
509525.450900,6944429.659000,23.320271,510
509525.942800,6944429.748000,23.376995,510
509526.434700,6944429.838000,23.433681,510
509526.926600,6944429.928000,23.497433,510
509527.305000,6944429.997000,23.552817,510
509527.418400,6944430.018000,23.571566,510
509527.910300,6944430.107000,23.649284,510
509528.402200,6944430.197000,23.726517,510
509528.894100,6944430.287000,23.816968,510
509529.386000,6944430.376000,23.915196,510
509529.877800,6944430.466000,24.015100,510
509530.035200,6944430.495000,24.050704,510
509530.369700,6944430.556000,24.145622,510
509530.861600,6944430.646000,24.275166,510
509531.353500,6944430.735000,24.439796,510
509531.675200,6944430.794000,24.548592,510
509531.845400,6944430.825000,24.606093,510
509532.337300,6944430.915000,24.768190,510
509532.829100,6944431.005000,24.940671,510
509533.090500,6944431.052000,25.046479,510
509533.321000,6944431.094000,25.138357,510
509533.812900,6944431.184000,25.333455,510
509534.304800,6944431.274000,25.529944,510
509534.340800,6944431.280000,25.544366,510
509534.796700,6944431.364000,25.725076,510
509535.288500,6944431.453000,25.921592,510
509535.585900,6944431.508000,26.042254,510
509535.780400,6944431.543000,26.104275,510
509536.272300,6944431.633000,26.257596,510
509536.764200,6944431.723000,26.413182,510
509537.202500,6944431.802000,26.540141,510
509537.256100,6944431.812000,26.551668,510
509537.748000,6944431.902000,26.659175,510
509538.239800,6944431.992000,26.764145,510
509538.731700,6944432.081000,26.868698,510
509539.223600,6944432.171000,26.956905,510
509539.715500,6944432.261000,27.036586,510
509539.724300,6944432.263000,27.038028,510
509540.207400,6944432.351000,27.115025,510
509540.699200,6944432.440000,27.189312,510
509541.191100,6944432.530000,27.238773,510
509541.683000,6944432.620000,27.263369,510
509542.174900,6944432.710000,27.289710,510
509542.666800,6944432.799000,27.315592,510
509543.158700,6944432.889000,27.304396,510
509543.650500,6944432.979000,27.231818,510
509544.142400,6944433.069000,27.169330,510
509544.634300,6944433.158000,27.107732,510
509545.047600,6944433.234000,27.038028,510
509545.126200,6944433.248000,27.024809,510
509545.618100,6944433.338000,26.886891,510
509546.109900,6944433.427000,26.749336,510
509546.601800,6944433.517000,26.612003,510
509546.854300,6944433.563000,26.540141,510
509547.093700,6944433.607000,26.460075,510
509547.585600,6944433.697000,26.287583,510
509548.077500,6944433.786000,26.118148,510
509548.294600,6944433.826000,26.042254,510
509548.569400,6944433.876000,25.939261,510
509549.061200,6944433.966000,25.758876,510
509549.553100,6944434.056000,25.620707,510
509549.829000,6944434.106000,25.544366,510
509550.045000,6944434.145000,25.484312,510
509550.536900,6944434.235000,25.343032,510
509551.028800,6944434.325000,25.207636,510
509551.520600,6944434.415000,25.100494,510
509551.777900,6944434.462000,25.046479,510
509552.012500,6944434.504000,24.996260,510
509552.504400,6944434.594000,24.890314,510
509552.996300,6944434.684000,24.791625,510
509553.488200,6944434.774000,24.709272,510
509553.980100,6944434.863000,24.635944,510
509554.471900,6944434.953000,24.563521,510
509554.570800,6944434.971000,24.548592,510
509554.963800,6944435.043000,24.490547,510
509555.455700,6944435.132000,24.428595,510
509555.947600,6944435.222000,24.376098,510
509556.439500,6944435.312000,24.323742,510
509556.931300,6944435.402000,24.271249,510
509557.423200,6944435.491000,24.225132,510
509557.915100,6944435.581000,24.188424,510
509558.407000,6944435.671000,24.151649,510
509558.898900,6944435.761000,24.114849,510
509559.390700,6944435.850000,24.082116,510
509559.882600,6944435.940000,24.060097,510
509560.089400,6944435.978000,24.050704,510
509560.374500,6944436.030000,24.036972,510
509560.866400,6944436.120000,24.012929,510
509561.358300,6944436.209000,23.990738,510
509561.850200,6944436.299000,23.980512,510
509562.342000,6944436.389000,23.970246,510
509562.833900,6944436.478000,23.959940,510
509563.325800,6944436.568000,23.949596,510
509562.968100,6944436.503000,32.016901,510
509562.833900,6944436.478000,32.044007,510
509562.342000,6944436.389000,32.138771,510
509561.850200,6944436.299000,32.236711,510
509561.358300,6944436.209000,32.343705,510
509560.866400,6944436.120000,32.510674,510
509560.855900,6944436.118000,32.514789,510
509560.376900,6944436.030000,33.012676,510
509560.374500,6944436.030000,33.015067,510
509559.898300,6944435.943000,33.510563,510
509559.882600,6944435.940000,33.562420,510
509559.745100,6944435.915000,34.008451,510
509559.762500,6944435.918000,34.506338,510
509559.802400,6944435.925000,35.004225,510
509559.770500,6944435.920000,35.502113,510
509563.325800,6944436.568000,31.951108,510
509504.300000,6944425.800000,22.468682,515
509504.791900,6944425.890000,22.538959,515
509504.925800,6944425.914000,22.557042,515
509505.283800,6944425.979000,22.634182,515
509505.775600,6944426.069000,22.755632,515
509506.267500,6944426.159000,22.875341,515
509506.759400,6944426.249000,23.007788,515
509506.917700,6944426.278000,23.054930,515
509507.251300,6944426.338000,23.173134,515
509507.743200,6944426.428000,23.344364,515
509508.235100,6944426.518000,23.513118,515
509508.445200,6944426.556000,23.552817,515
509508.726900,6944426.608000,23.620402,515
509509.218800,6944426.697000,23.705501,515
509509.710700,6944426.787000,23.785969,515
509510.202600,6944426.877000,23.859134,515
509510.694500,6944426.967000,23.864754,515
509511.186300,6944427.056000,23.823375,515
509511.678200,6944427.146000,23.777419,515
509512.170100,6944427.236000,23.731168,515
509512.662000,6944427.325000,23.671620,515
509513.153900,6944427.415000,23.595720,515
509513.420200,6944427.464000,23.552817,515
509513.645800,6944427.505000,23.521967,515
509514.137600,6944427.595000,23.453132,515
509514.629500,6944427.684000,23.383546,515
509515.121400,6944427.774000,23.310428,515
509515.613300,6944427.864000,23.237310,515
509516.105200,6944427.954000,23.164062,515
509516.597000,6944428.043000,23.094197,515
509516.946500,6944428.107000,23.054930,515
509517.088900,6944428.133000,23.039845,515
509517.580800,6944428.223000,22.987012,515
509518.072700,6944428.313000,22.934211,515
509518.564600,6944428.402000,22.882906,515
509519.056500,6944428.492000,22.865143,515
509519.548300,6944428.582000,22.847461,515
509520.040200,6944428.672000,22.829611,515
509520.532100,6944428.761000,22.811826,515
509521.024000,6944428.851000,22.825094,515
509521.515900,6944428.941000,22.841988,515
509522.007700,6944429.030000,22.859084,515
509522.499600,6944429.120000,22.876038,515
509522.991500,6944429.210000,22.908490,515
509523.483400,6944429.300000,22.946046,515
509523.975300,6944429.389000,22.983599,515
509524.467100,6944429.479000,23.021142,515
509524.846400,6944429.548000,23.054930,515
509524.959000,6944429.569000,23.065738,515
509525.450900,6944429.659000,23.116090,515
509525.942800,6944429.748000,23.166458,515
509526.434700,6944429.838000,23.216817,515
509526.926600,6944429.928000,23.273609,515
509527.418400,6944430.018000,23.337927,515
509527.910300,6944430.107000,23.402039,515
509528.402200,6944430.197000,23.466152,515
509528.894100,6944430.287000,23.537968,515
509528.980800,6944430.303000,23.552817,515
509529.386000,6944430.376000,23.629801,515
509529.877800,6944430.466000,23.720804,515
509530.369700,6944430.556000,23.818397,515
509530.861600,6944430.646000,23.916400,515
509531.353500,6944430.735000,24.042628,515
509531.384100,6944430.741000,24.050704,515
509531.845400,6944430.825000,24.198464,515
509532.337300,6944430.915000,24.342762,515
509532.829100,6944431.005000,24.501931,515
509532.947400,6944431.026000,24.548592,515
509533.321000,6944431.094000,24.697139,515
509533.812900,6944431.184000,24.891936,515
509534.188700,6944431.253000,25.046479,515
509534.304800,6944431.274000,25.092369,515
509534.796700,6944431.364000,25.279407,515
509535.288500,6944431.453000,25.486841,515
509535.428600,6944431.479000,25.544366,515
509535.780400,6944431.543000,25.684951,515
509536.272300,6944431.633000,25.882259,515
509536.669100,6944431.705000,26.042254,515
509536.764200,6944431.723000,26.071972,515
509537.256100,6944431.812000,26.219316,515
509537.748000,6944431.902000,26.364553,515
509538.239800,6944431.992000,26.509652,515
509538.342500,6944432.010000,26.540141,515
509538.731700,6944432.081000,26.624626,515
509539.223600,6944432.171000,26.714775,515
509539.715500,6944432.261000,26.796068,515
509540.207400,6944432.351000,26.878562,515
509540.699200,6944432.440000,26.960114,515
509541.191100,6944432.530000,27.012138,515
509541.683000,6944432.620000,27.036636,515
509541.710800,6944432.625000,27.038028,515
509542.174900,6944432.710000,27.060859,515
509542.666800,6944432.799000,27.085591,515
509543.158700,6944432.889000,27.076268,515
509543.450700,6944432.942000,27.038028,515
509543.650500,6944432.979000,27.011914,515
509544.142400,6944433.069000,26.947536,515
509544.634300,6944433.158000,26.883128,515
509545.126200,6944433.248000,26.801182,515
509545.618100,6944433.338000,26.664207,515
509546.066800,6944433.420000,26.540141,515
509546.109900,6944433.427000,26.526042,515
509546.601800,6944433.517000,26.363877,515
509547.093700,6944433.607000,26.202317,515
509547.585600,6944433.697000,26.047493,515
509547.600900,6944433.699000,26.042254,515
509548.077500,6944433.786000,25.861346,515
509548.569400,6944433.876000,25.686925,515
509548.969300,6944433.949000,25.544366,515
509549.061200,6944433.966000,25.510874,515
509549.553100,6944434.056000,25.375622,515
509550.045000,6944434.145000,25.244347,515
509550.536900,6944434.235000,25.112540,515
509550.795300,6944434.282000,25.046479,515
509551.028800,6944434.325000,24.984722,515
509551.520600,6944434.415000,24.878724,515
509552.012500,6944434.504000,24.782448,515
509552.504400,6944434.594000,24.687946,515
509552.996300,6944434.684000,24.595565,515
509553.301100,6944434.739000,24.548592,515
509553.488200,6944434.774000,24.520631,515
509553.980100,6944434.863000,24.454528,515
509554.471900,6944434.953000,24.388897,515
509554.963800,6944435.043000,24.322992,515
509555.455700,6944435.132000,24.267166,515
509555.947600,6944435.222000,24.220149,515
509556.439500,6944435.312000,24.173341,515
509556.931300,6944435.402000,24.126272,515
509557.423200,6944435.491000,24.085029,515
509557.915100,6944435.581000,24.052580,515
509557.942600,6944435.586000,24.050704,515
509558.407000,6944435.671000,24.017406,515
509558.898900,6944435.761000,23.982060,515
509559.390700,6944435.850000,23.950797,515
509559.882600,6944435.940000,23.930196,515
509560.374500,6944436.030000,23.909552,515
509560.866400,6944436.120000,23.888842,515
509561.358300,6944436.209000,23.869791,515
509561.850200,6944436.299000,23.861352,515
509562.342000,6944436.389000,23.852885,515
509562.833900,6944436.478000,23.844392,515
509563.325800,6944436.568000,23.835875,515
509562.833900,6944436.478000,32.156684,515
509562.342000,6944436.389000,32.255475,515
509561.850200,6944436.299000,32.360227,515
509561.358300,6944436.209000,32.476825,515
509561.246400,6944436.189000,32.514789,515
509560.866400,6944436.120000,32.857167,515
509560.716800,6944436.092000,33.012676,515
509560.374500,6944436.030000,33.355880,515
509560.225800,6944436.003000,33.510563,515
509560.080200,6944435.976000,34.008451,515
509560.116100,6944435.983000,34.506338,515
509560.139900,6944435.987000,35.004225,515
509560.132900,6944435.986000,35.502113,515
509563.325800,6944436.568000,32.056741,515
509504.300000,6944425.800000,22.222590,520
509504.791900,6944425.890000,22.295202,520
509505.283800,6944425.979000,22.364614,520
509505.775600,6944426.069000,22.440883,520
509506.267500,6944426.159000,22.521221,520
509506.456900,6944426.193000,22.557042,520
509506.759400,6944426.249000,22.642219,520
509507.251300,6944426.338000,22.804395,520
509507.743200,6944426.428000,22.949408,520
509508.082200,6944426.490000,23.054930,520
509508.235100,6944426.518000,23.110014,520
509508.726900,6944426.608000,23.220035,520
509509.218800,6944426.697000,23.305235,520
509509.710700,6944426.787000,23.390436,520
509510.202600,6944426.877000,23.475947,520
509510.694500,6944426.967000,23.501806,520
509511.186300,6944427.056000,23.486304,520
509511.678200,6944427.146000,23.470803,520
509512.170100,6944427.236000,23.455302,520
509512.662000,6944427.325000,23.420927,520
509513.153900,6944427.415000,23.363322,520
509513.645800,6944427.505000,23.305481,520
509514.137600,6944427.595000,23.247860,520
509514.629500,6944427.684000,23.187689,520
509515.121400,6944427.774000,23.121001,520
509515.608600,6944427.863000,23.054930,520
509515.613300,6944427.864000,23.054339,520
509516.105200,6944427.954000,22.990194,520
509516.597000,6944428.043000,22.928868,520
509517.088900,6944428.133000,22.878924,520
509517.580800,6944428.223000,22.828595,520
509518.072700,6944428.313000,22.778566,520
509518.564600,6944428.402000,22.730178,520
509519.056500,6944428.492000,22.712208,520
509519.548300,6944428.582000,22.694367,520
509520.040200,6944428.672000,22.676227,520
509520.532100,6944428.761000,22.658197,520
509521.024000,6944428.851000,22.668777,520
509521.515900,6944428.941000,22.682728,520
509522.007700,6944429.030000,22.697046,520
509522.499600,6944429.120000,22.711130,520
509522.991500,6944429.210000,22.739137,520
509523.483400,6944429.300000,22.771914,520
509523.975300,6944429.389000,22.804701,520
509524.467100,6944429.479000,22.837489,520
509524.959000,6944429.569000,22.875805,520
509525.450900,6944429.659000,22.918410,520
509525.942800,6944429.748000,22.960292,520
509526.434700,6944429.838000,23.002395,520
509526.926600,6944429.928000,23.050002,520
509526.973200,6944429.936000,23.054930,520
509527.418400,6944430.018000,23.105819,520
509527.910300,6944430.107000,23.161857,520
509528.402200,6944430.197000,23.217896,520
509528.894100,6944430.287000,23.280750,520
509529.386000,6944430.376000,23.356908,520
509529.877800,6944430.466000,23.432975,520
509530.369700,6944430.556000,23.509042,520
509530.637600,6944430.605000,23.552817,520
509530.861600,6944430.646000,23.593545,520
509531.353500,6944430.735000,23.705921,520
509531.845400,6944430.825000,23.823715,520
509532.337300,6944430.915000,23.931750,520
509532.794400,6944430.998000,24.050704,520
509532.829100,6944431.005000,24.061717,520
509533.321000,6944431.094000,24.246511,520
509533.812900,6944431.184000,24.426482,520
509534.124600,6944431.241000,24.548592,520
509534.304800,6944431.274000,24.616794,520
509534.796700,6944431.364000,24.801670,520
509535.288500,6944431.453000,25.036111,520
509535.311500,6944431.457000,25.046479,520
509535.780400,6944431.543000,25.233225,520
509536.272300,6944431.633000,25.438305,520
509536.529200,6944431.680000,25.544366,520
509536.764200,6944431.723000,25.638281,520
509537.256100,6944431.812000,25.832479,520
509537.748000,6944431.902000,26.024380,520
509537.793000,6944431.910000,26.042254,520
509538.239800,6944431.992000,26.175696,520
509538.731700,6944432.081000,26.318873,520
509539.223600,6944432.171000,26.447231,520
509539.623600,6944432.244000,26.540141,520
509539.715500,6944432.261000,26.555550,520
509540.207400,6944432.351000,26.640989,520
509540.699200,6944432.440000,26.724438,520
509541.191100,6944432.530000,26.777756,520
509541.683000,6944432.620000,26.803833,520
509542.174900,6944432.710000,26.829757,520
509542.666800,6944432.799000,26.855613,520
509543.158700,6944432.889000,26.847665,520
509543.650500,6944432.979000,26.784307,520
509544.142400,6944433.069000,26.721505,520
509544.634300,6944433.158000,26.658400,520
509545.126200,6944433.248000,26.577555,520
509545.261100,6944433.273000,26.540141,520
509545.618100,6944433.338000,26.420275,520
509546.109900,6944433.427000,26.262723,520
509546.601800,6944433.517000,26.101778,520
509546.786100,6944433.551000,26.042254,520
509547.093700,6944433.607000,25.929168,520
509547.585600,6944433.697000,25.760904,520
509548.077500,6944433.786000,25.594320,520
509548.225400,6944433.813000,25.544366,520
509548.569400,6944433.876000,25.423148,520
509549.061200,6944433.966000,25.253011,520
509549.553100,6944434.056000,25.127583,520
509549.873200,6944434.114000,25.046479,520
509550.045000,6944434.145000,25.000481,520
509550.536900,6944434.235000,24.870612,520
509551.028800,6944434.325000,24.746161,520
509551.520600,6944434.415000,24.652779,520
509552.012500,6944434.504000,24.568637,520
509552.126400,6944434.525000,24.548592,520
509552.504400,6944434.594000,24.483422,520
509552.996300,6944434.684000,24.397912,520
509553.488200,6944434.774000,24.330397,520
509553.980100,6944434.863000,24.271662,520
509554.471900,6944434.953000,24.213952,520
509554.963800,6944435.043000,24.155437,520
509555.455700,6944435.132000,24.105737,520
509555.947600,6944435.222000,24.064200,520
509556.104600,6944435.251000,24.050704,520
509556.439500,6944435.312000,24.020445,520
509556.931300,6944435.402000,23.975200,520
509557.423200,6944435.491000,23.935852,520
509557.915100,6944435.581000,23.905225,520
509558.407000,6944435.671000,23.874521,520
509558.898900,6944435.761000,23.843806,520
509559.390700,6944435.850000,23.816794,520
509559.882600,6944435.940000,23.799474,520
509560.374500,6944436.030000,23.782132,520
509560.866400,6944436.120000,23.764755,520
509561.358300,6944436.209000,23.748844,520
509561.850200,6944436.299000,23.742191,520
509562.342000,6944436.389000,23.735524,520
509562.833900,6944436.478000,23.728845,520
509563.325800,6944436.568000,23.722155,520
509562.833900,6944436.478000,32.269360,520
509562.342000,6944436.389000,32.372179,520
509561.850200,6944436.299000,32.483744,520
509561.722200,6944436.276000,32.514789,520
509561.358300,6944436.209000,32.739701,520
509561.059300,6944436.155000,33.012676,520
509560.866400,6944436.120000,33.194197,520
509560.551000,6944436.062000,33.510563,520
509560.415500,6944436.037000,34.008451,520
509560.470100,6944436.047000,34.506338,520
509560.481200,6944436.049000,35.004225,520
509560.490700,6944436.051000,35.502113,520
509563.325800,6944436.568000,32.167864,520
509504.300000,6944425.800000,21.978518,525
509504.791900,6944425.890000,22.051585,525
509504.843000,6944425.899000,22.059155,525
509505.283800,6944425.979000,22.124611,525
509505.775600,6944426.069000,22.198854,525
509506.267500,6944426.159000,22.275673,525
509506.759400,6944426.249000,22.373582,525
509507.251300,6944426.338000,22.488960,525
509507.589900,6944426.400000,22.557042,525
509507.743200,6944426.428000,22.601305,525
509508.235100,6944426.518000,22.763386,525
509508.726900,6944426.608000,22.870643,525
509509.218800,6944426.697000,22.959836,525
509509.710700,6944426.787000,23.048764,525
509509.742200,6944426.793000,23.054930,525
509510.202600,6944426.877000,23.154770,525
509510.694500,6944426.967000,23.197667,525
509511.186300,6944427.056000,23.199103,525
509511.678200,6944427.146000,23.200538,525
509512.170100,6944427.236000,23.201974,525
509512.662000,6944427.325000,23.181940,525
509513.153900,6944427.415000,23.135484,525
509513.645800,6944427.505000,23.088996,525
509514.001700,6944427.570000,23.054930,525
509514.137600,6944427.595000,23.043146,525
509514.629500,6944427.684000,22.994684,525
509515.121400,6944427.774000,22.936875,525
509515.613300,6944427.864000,22.878768,525
509516.105200,6944427.954000,22.820366,525
509516.597000,6944428.043000,22.765158,525
509517.088900,6944428.133000,22.718004,525
509517.580800,6944428.223000,22.670178,525
509518.072700,6944428.313000,22.622921,525
509518.564600,6944428.402000,22.577450,525
509519.056500,6944428.492000,22.559272,525
509519.117500,6944428.503000,22.557042,525
509519.548300,6944428.582000,22.543275,525
509520.040200,6944428.672000,22.527230,525
509520.532100,6944428.761000,22.511341,525
509521.024000,6944428.851000,22.518255,525
509521.515900,6944428.941000,22.527854,525
509522.007700,6944429.030000,22.537864,525
509522.499600,6944429.120000,22.547624,525
509522.728800,6944429.162000,22.557042,525
509522.991500,6944429.210000,22.569784,525
509523.483400,6944429.300000,22.597783,525
509523.975300,6944429.389000,22.625802,525
509524.467100,6944429.479000,22.653836,525
509524.959000,6944429.569000,22.686330,525
509525.450900,6944429.659000,22.723510,525
509525.942800,6944429.748000,22.759052,525
509526.434700,6944429.838000,22.795169,525
509526.926600,6944429.928000,22.835623,525
509527.418400,6944430.018000,22.881157,525
509527.910300,6944430.107000,22.927347,525
509528.402200,6944430.197000,22.973831,525
509528.894100,6944430.287000,23.025054,525
509529.136500,6944430.331000,23.054930,525
509529.386000,6944430.376000,23.088632,525
509529.877800,6944430.466000,23.153745,525
509530.369700,6944430.556000,23.218858,525
509530.861600,6944430.646000,23.289343,525
509531.353500,6944430.735000,23.380785,525
509531.845400,6944430.825000,23.474082,525
509532.253300,6944430.900000,23.552817,525
509532.337300,6944430.915000,23.570474,525
509532.829100,6944431.005000,23.672736,525
509533.321000,6944431.094000,23.817334,525
509533.812900,6944431.184000,23.950915,525
509534.136200,6944431.243000,24.050704,525
509534.304800,6944431.274000,24.114876,525
509534.796700,6944431.364000,24.292491,525
509535.288500,6944431.453000,24.512907,525
509535.366100,6944431.467000,24.548592,525
509535.780400,6944431.543000,24.730267,525
509536.272300,6944431.633000,24.964654,525
509536.444500,6944431.664000,25.046479,525
509536.764200,6944431.723000,25.171840,525
509537.256100,6944431.812000,25.374339,525
509537.654100,6944431.885000,25.544366,525
509537.748000,6944431.902000,25.580971,525
509538.239800,6944431.992000,25.772971,525
509538.731700,6944432.081000,25.960970,525
509538.957600,6944432.123000,26.042254,525
509539.223600,6944432.171000,26.113933,525
509539.715500,6944432.261000,26.231622,525
509540.207400,6944432.351000,26.349006,525
509540.699200,6944432.440000,26.468243,525
509541.161900,6944432.525000,26.540141,525
509541.191100,6944432.530000,26.543373,525
509541.683000,6944432.620000,26.571029,525
509542.174900,6944432.710000,26.598407,525
509542.666800,6944432.799000,26.625641,525
509543.158700,6944432.889000,26.618966,525
509543.650500,6944432.979000,26.556701,525
509543.782900,6944433.003000,26.540141,525
509544.142400,6944433.069000,26.481060,525
509544.634300,6944433.158000,26.400636,525
509545.126200,6944433.248000,26.300988,525
509545.618100,6944433.338000,26.149614,525
509545.966900,6944433.401000,26.042254,525
509546.109900,6944433.427000,25.989341,525
509546.601800,6944433.517000,25.806242,525
509547.093700,6944433.607000,25.630802,525
509547.359100,6944433.655000,25.544366,525
509547.585600,6944433.697000,25.468917,525
509548.077500,6944433.786000,25.305597,525
509548.569400,6944433.876000,25.144512,525
509548.883500,6944433.933000,25.046479,525
509549.061200,6944433.966000,24.985482,525
509549.553100,6944434.056000,24.856569,525
509550.045000,6944434.145000,24.738275,525
509550.536900,6944434.235000,24.624090,525
509550.852000,6944434.293000,24.548592,525
509551.028800,6944434.325000,24.506992,525
509551.520600,6944434.415000,24.423717,525
509552.012500,6944434.504000,24.348085,525
509552.504400,6944434.594000,24.274126,525
509552.996300,6944434.684000,24.199758,525
509553.488200,6944434.774000,24.140162,525
509553.980100,6944434.863000,24.088795,525
509554.352400,6944434.931000,24.050704,525
509554.471900,6944434.953000,24.037824,525
509554.963800,6944435.043000,23.981726,525
509555.455700,6944435.132000,23.934452,525
509555.947600,6944435.222000,23.895357,525
509556.439500,6944435.312000,23.856530,525
509556.931300,6944435.402000,23.817492,525
509557.423200,6944435.491000,23.783729,525
509557.915100,6944435.581000,23.757708,525
509558.407000,6944435.671000,23.731636,525
509558.898900,6944435.761000,23.705552,525
509559.390700,6944435.850000,23.682790,525
509559.882600,6944435.940000,23.668753,525
509560.374500,6944436.030000,23.654712,525
509560.866400,6944436.120000,23.640668,525
509561.358300,6944436.209000,23.627897,525
509561.850200,6944436.299000,23.623030,525
509562.342000,6944436.389000,23.618163,525
509562.833900,6944436.478000,23.613297,525
509563.325800,6944436.568000,23.608434,525
509562.833900,6944436.478000,32.382037,525
509562.342000,6944436.389000,32.488883,525
509562.229500,6944436.368000,32.514789,525
509561.850200,6944436.299000,32.751578,525
509561.426300,6944436.222000,33.012676,525
509561.358300,6944436.209000,33.055269,525
509560.874700,6944436.121000,33.510563,525
509560.866400,6944436.120000,33.543391,525
509560.750800,6944436.098000,34.008451,525
509560.824100,6944436.112000,34.506338,525
509560.777100,6944436.103000,35.004225,525
509560.748100,6944436.098000,35.502113,525
509563.325800,6944436.568000,32.278987,525
509504.300000,6944425.800000,21.738440,530
509504.791900,6944425.890000,21.812255,530
509505.283800,6944425.979000,21.885962,530
509505.775600,6944426.069000,21.957710,530
509506.267500,6944426.159000,22.030793,530
509506.401900,6944426.183000,22.059155,530
509506.759400,6944426.249000,22.134392,530
509507.251300,6944426.338000,22.246601,530
509507.743200,6944426.428000,22.351206,530
509508.235100,6944426.518000,22.464767,530
509508.726900,6944426.608000,22.549837,530
509508.771000,6944426.616000,22.557042,530
509509.218800,6944426.697000,22.653734,530
509509.710700,6944426.787000,22.758635,530
509510.202600,6944426.877000,22.856532,530
509510.694500,6944426.967000,22.908785,530
509511.186300,6944427.056000,22.925102,530
509511.678200,6944427.146000,22.940942,530
509512.170100,6944427.236000,22.956740,530
509512.662000,6944427.325000,22.950096,530
509513.153900,6944427.415000,22.915611,530
509513.645800,6944427.505000,22.881204,530
509514.137600,6944427.595000,22.847157,530
509514.629500,6944427.684000,22.807680,530
509515.121400,6944427.774000,22.755586,530
509515.613300,6944427.864000,22.703197,530
509516.105200,6944427.954000,22.650539,530
509516.597000,6944428.043000,22.601449,530
509517.088900,6944428.133000,22.557083,530
509517.089400,6944428.133000,22.557042,530
509517.580800,6944428.223000,22.517577,530
509518.072700,6944428.313000,22.478832,530
509518.564600,6944428.402000,22.441438,530
509519.056500,6944428.492000,22.425464,530
509519.548300,6944428.582000,22.409611,530
509520.040200,6944428.672000,22.393520,530
509520.532100,6944428.761000,22.377542,530
509521.024000,6944428.851000,22.382257,530
509521.515900,6944428.941000,22.389397,530
509522.007700,6944429.030000,22.396828,530
509522.499600,6944429.120000,22.404082,530
509522.991500,6944429.210000,22.420964,530
509523.483400,6944429.300000,22.441196,530
509523.975300,6944429.389000,22.461429,530
509524.467100,6944429.479000,22.481661,530
509524.959000,6944429.569000,22.504979,530
509525.450900,6944429.659000,22.532321,530
509525.930200,6944429.746000,22.557042,530
509525.942800,6944429.748000,22.557811,530
509526.434700,6944429.838000,22.587942,530
509526.926600,6944429.928000,22.621244,530
509527.418400,6944430.018000,22.658585,530
509527.910300,6944430.107000,22.697388,530
509528.402200,6944430.197000,22.737771,530
509528.894100,6944430.287000,22.780308,530
509529.386000,6944430.376000,22.830984,530
509529.877800,6944430.466000,22.882713,530
509530.369700,6944430.556000,22.934462,530
509530.861600,6944430.646000,22.991087,530
509531.290200,6944430.724000,23.054930,530
509531.353500,6944430.735000,23.065295,530
509531.845400,6944430.825000,23.142532,530
509532.337300,6944430.915000,23.220714,530
509532.829100,6944431.005000,23.300876,530
509533.321000,6944431.094000,23.416337,530
509533.812900,6944431.184000,23.540923,530
509533.863600,6944431.193000,23.552817,530
509534.304800,6944431.274000,23.663396,530
509534.796700,6944431.364000,23.793227,530
509535.288500,6944431.453000,23.965059,530
509535.504000,6944431.493000,24.050704,530
509535.780400,6944431.543000,24.176437,530
509536.272300,6944431.633000,24.385520,530
509536.636300,6944431.699000,24.548592,530
509536.764200,6944431.723000,24.606222,530
509537.256100,6944431.812000,24.850275,530
509537.597300,6944431.875000,25.046479,530
509537.748000,6944431.902000,25.113800,530
509538.239800,6944431.992000,25.303551,530
509538.731700,6944432.081000,25.514119,530
509538.814400,6944432.097000,25.544366,530
509539.223600,6944432.171000,25.687805,530
509539.715500,6944432.261000,25.849888,530
509540.207400,6944432.351000,26.007960,530
509540.309400,6944432.369000,26.042254,530
509540.699200,6944432.440000,26.138441,530
509541.191100,6944432.530000,26.216414,530
509541.683000,6944432.620000,26.257576,530
509542.174900,6944432.710000,26.296411,530
509542.666800,6944432.799000,26.337917,530
509543.158700,6944432.889000,26.333836,530
509543.650500,6944432.979000,26.257409,530
509544.142400,6944433.069000,26.182085,530
509544.634300,6944433.158000,26.106177,530
509544.972000,6944433.220000,26.042254,530
509545.126200,6944433.248000,26.006124,530
509545.618100,6944433.338000,25.833470,530
509546.109900,6944433.427000,25.664182,530
509546.464700,6944433.492000,25.544366,530
509546.601800,6944433.517000,25.495026,530
509547.093700,6944433.607000,25.319335,530
509547.585600,6944433.697000,25.163653,530
509547.962000,6944433.765000,25.046479,530
509548.077500,6944433.786000,25.006868,530
509548.569400,6944433.876000,24.842495,530
509549.061200,6944433.966000,24.679061,530
509549.553100,6944434.056000,24.574393,530
509549.675300,6944434.078000,24.548592,530
509550.045000,6944434.145000,24.470657,530
509550.536900,6944434.235000,24.366835,530
509551.028800,6944434.325000,24.264897,530
509551.520600,6944434.415000,24.191990,530
509552.012500,6944434.504000,24.126836,530
509552.504400,6944434.594000,24.064831,530
509552.609700,6944434.613000,24.050704,530
509552.996300,6944434.684000,23.995973,530
509553.488200,6944434.774000,23.939472,530
509553.980100,6944434.863000,23.891683,530
509554.471900,6944434.953000,23.845193,530
509554.963800,6944435.043000,23.797754,530
509555.455700,6944435.132000,23.758068,530
509555.947600,6944435.222000,23.725293,530
509556.439500,6944435.312000,23.692615,530
509556.931300,6944435.402000,23.659783,530
509557.423200,6944435.491000,23.631607,530
509557.915100,6944435.581000,23.610191,530
509558.407000,6944435.671000,23.588750,530
509558.898900,6944435.761000,23.567298,530
509559.281000,6944435.830000,23.552817,530
509559.390700,6944435.850000,23.548619,530
509559.882600,6944435.940000,23.537408,530
509560.374500,6944436.030000,23.526196,530
509560.866400,6944436.120000,23.514985,530
509561.358300,6944436.209000,23.504870,530
509561.850200,6944436.299000,23.501602,530
509562.342000,6944436.389000,23.498334,530
509563.325800,6944436.568000,23.491798,530
509562.833900,6944436.478000,32.494713,530
509562.742300,6944436.462000,32.514789,530
509562.342000,6944436.389000,32.763921,530
509561.940400,6944436.315000,33.012676,530
509561.850200,6944436.299000,33.067624,530
509561.358300,6944436.209000,33.376909,530
509561.216300,6944436.183000,33.510563,530
509561.123100,6944436.166000,34.008451,530
509561.234900,6944436.187000,34.506338,530
509561.268100,6944436.193000,35.004225,530
509561.358300,6944436.209000,35.148466,530
509561.850200,6944436.299000,35.293799,530
509562.342000,6944436.389000,35.415985,530
509562.833900,6944436.478000,35.469668,530
509562.927100,6944436.495000,35.502113,530
509563.325800,6944436.568000,32.390110,530
509504.300000,6944425.800000,21.512036,535
509504.714800,6944425.876000,21.561268,535
509504.791900,6944425.890000,21.572926,535
509505.283800,6944425.979000,21.647821,535
509505.775600,6944426.069000,21.717775,535
509506.267500,6944426.159000,21.790892,535
509506.759400,6944426.249000,21.896738,535
509507.251300,6944426.338000,22.005639,535
509507.491000,6944426.382000,22.059155,535
509507.743200,6944426.428000,22.115384,535
509508.235100,6944426.518000,22.227527,535
509508.726900,6944426.608000,22.317856,535
509509.218800,6944426.697000,22.401605,535
509509.710700,6944426.787000,22.488619,535
509510.145200,6944426.866000,22.557042,535
509510.202600,6944426.877000,22.568641,535
509510.694500,6944426.967000,22.633394,535
509511.186300,6944427.056000,22.664408,535
509511.678200,6944427.146000,22.693809,535
509512.170100,6944427.236000,22.722706,535
509512.662000,6944427.325000,22.726352,535
509513.153900,6944427.415000,22.700093,535
509513.645800,6944427.505000,22.675035,535
509514.137600,6944427.595000,22.651168,535
509514.629500,6944427.684000,22.620676,535
509515.121400,6944427.774000,22.574298,535
509515.299600,6944427.807000,22.557042,535
509515.613300,6944427.864000,22.531588,535
509516.105200,6944427.954000,22.490937,535
509516.597000,6944428.043000,22.452680,535
509517.088900,6944428.133000,22.416336,535
509517.580800,6944428.223000,22.379508,535
509518.072700,6944428.313000,22.343223,535
509518.564600,6944428.402000,22.308003,535
509519.056500,6944428.492000,22.291938,535
509519.548300,6944428.582000,22.275948,535
509520.040200,6944428.672000,22.259810,535
509520.532100,6944428.761000,22.243743,535
509521.024000,6944428.851000,22.246259,535
509521.515900,6944428.941000,22.250941,535
509522.007700,6944429.030000,22.255791,535
509522.499600,6944429.120000,22.260540,535
509522.991500,6944429.210000,22.273814,535
509523.483400,6944429.300000,22.289969,535
509524.467100,6944429.479000,22.322278,535
509524.959000,6944429.569000,22.341079,535
509525.450900,6944429.659000,22.362858,535
509525.942800,6944429.748000,22.383387,535
509526.434700,6944429.838000,22.404366,535
509526.926600,6944429.928000,22.427484,535
509527.418400,6944430.018000,22.453156,535
509527.910300,6944430.107000,22.479992,535
509528.402200,6944430.197000,22.508915,535
509528.894100,6944430.287000,22.538393,535
509529.168500,6944430.337000,22.557042,535
509529.386000,6944430.376000,22.574862,535
509529.877800,6944430.466000,22.616171,535
509530.369700,6944430.556000,22.657580,535
509530.861600,6944430.646000,22.704193,535
509531.353500,6944430.735000,22.765065,535
509531.845400,6944430.825000,22.823366,535
509532.337300,6944430.915000,22.880721,535
509532.829100,6944431.005000,22.941567,535
509533.321000,6944431.094000,23.032706,535
509533.447600,6944431.117000,23.054930,535
509533.812900,6944431.184000,23.125752,535
509534.304800,6944431.274000,23.222124,535
509534.796700,6944431.364000,23.319868,535
509535.288500,6944431.453000,23.471994,535
509535.545400,6944431.500000,23.552817,535
509535.780400,6944431.543000,23.633400,535
509536.272300,6944431.633000,23.797365,535
509536.764200,6944431.723000,23.971938,535
509536.932000,6944431.753000,24.050704,535
509537.256100,6944431.812000,24.214459,535
509537.748000,6944431.902000,24.491605,535
509537.852000,6944431.921000,24.548592,535
509538.239800,6944431.992000,24.733043,535
509538.731700,6944432.081000,25.040563,535
509538.744100,6944432.084000,25.046479,535
509539.223600,6944432.171000,25.194144,535
509539.715500,6944432.261000,25.374132,535
509540.162600,6944432.342000,25.544366,535
509540.207400,6944432.351000,25.558947,535
509540.699200,6944432.440000,25.720926,535
509541.191100,6944432.530000,25.830442,535
509541.683000,6944432.620000,25.891087,535
509542.174900,6944432.710000,25.946665,535
509542.666800,6944432.799000,26.007223,535
509543.158700,6944432.889000,26.011171,535
509543.650500,6944432.979000,25.922708,535
509544.142400,6944433.069000,25.834151,535
509544.634300,6944433.158000,25.746695,535
509545.126200,6944433.248000,25.641628,535
509545.430400,6944433.304000,25.544366,535
509545.618100,6944433.338000,25.481357,535
509546.109900,6944433.427000,25.309774,535
509546.601800,6944433.517000,25.148542,535
509546.936200,6944433.578000,25.046479,535
509547.093700,6944433.607000,24.987109,535
509547.585600,6944433.697000,24.816870,535
509548.077500,6944433.786000,24.670596,535
509548.493500,6944433.862000,24.548592,535
509548.569400,6944433.876000,24.525281,535
509549.061200,6944433.966000,24.369253,535
509549.553100,6944434.056000,24.277691,535
509550.045000,6944434.145000,24.188882,535
509550.536900,6944434.235000,24.104842,535
509550.852600,6944434.293000,24.050704,535
509551.028800,6944434.325000,24.018811,535
509551.520600,6944434.415000,23.949526,535
509552.012500,6944434.504000,23.889964,535
509552.504400,6944434.594000,23.833222,535
509552.996300,6944434.684000,23.775097,535
509553.488200,6944434.774000,23.729501,535
509553.980100,6944434.863000,23.690823,535
509554.471900,6944434.953000,23.652561,535
509554.963800,6944435.043000,23.613781,535
509555.455700,6944435.132000,23.581684,535
509555.947600,6944435.222000,23.555229,535
509555.990800,6944435.230000,23.552817,535
509556.439500,6944435.312000,23.527599,535
509556.931300,6944435.402000,23.499854,535
509557.423200,6944435.491000,23.476353,535
509557.915100,6944435.581000,23.458864,535
509558.407000,6944435.671000,23.441376,535
509558.898900,6944435.761000,23.423888,535
509559.390700,6944435.850000,23.409052,535
509560.374500,6944436.030000,23.393305,535
509560.866400,6944436.120000,23.385431,535
509561.358300,6944436.209000,23.378435,535
509561.850200,6944436.299000,23.376919,535
509562.342000,6944436.389000,23.375404,535
509563.325800,6944436.568000,23.372372,535
509563.325800,6944436.568000,32.501233,535
509563.262200,6944436.557000,32.514789,535
509562.833900,6944436.478000,32.769753,535
509562.451100,6944436.409000,33.012676,535
509562.342000,6944436.389000,33.079905,535
509561.850200,6944436.299000,33.382540,535
509561.648400,6944436.262000,33.510563,535
509561.566000,6944436.247000,34.008451,535
509561.834300,6944436.296000,34.506338,535
509561.850200,6944436.299000,34.523507,535
509562.342000,6944436.389000,35.004225,535
509562.342000,6944436.389000,35.004233,535
509562.833900,6944436.478000,35.171384,535
509563.325800,6944436.568000,35.340446,535
509563.325800,6944436.568000,35.502113,535
509563.325800,6944436.568000,32.777659,540
509562.940400,6944436.498000,33.012676,540
509562.833900,6944436.478000,33.077388,540
509562.342000,6944436.389000,33.381168,540
509562.135500,6944436.351000,33.510563,540
509562.111400,6944436.347000,34.008451,540
509562.342000,6944436.389000,34.304525,540
509562.525800,6944436.422000,34.506338,540
509562.833900,6944436.478000,34.760224,540
509563.225700,6944436.550000,35.004225,540
509563.325800,6944436.568000,35.038177,540
509504.300000,6944425.800000,21.324148,540
509504.791900,6944425.890000,21.381786,540
509505.283800,6944425.979000,21.440365,540
509505.775600,6944426.069000,21.495372,540
509506.267500,6944426.159000,21.553110,540
509506.313500,6944426.167000,21.561268,540
509506.759400,6944426.249000,21.659790,540
509507.251300,6944426.338000,21.769443,540
509507.743200,6944426.428000,21.881523,540
509508.235100,6944426.518000,21.991361,540
509508.587200,6944426.582000,22.059155,540
509508.726900,6944426.608000,22.085874,540
509509.218800,6944426.697000,22.174397,540
509509.710700,6944426.787000,22.264401,540
509510.202600,6944426.877000,22.349332,540
509510.694500,6944426.967000,22.404541,540
509511.186300,6944427.056000,22.436571,540
509511.678200,6944427.146000,22.468394,540
509512.170100,6944427.236000,22.500829,540
509512.662000,6944427.325000,22.511819,540
509513.153900,6944427.415000,22.496842,540
509513.645800,6944427.505000,22.483169,540
509514.137600,6944427.595000,22.470364,540
509514.629500,6944427.684000,22.450648,540
509515.121400,6944427.774000,22.415290,540
509515.613300,6944427.864000,22.379661,540
509516.105200,6944427.954000,22.343860,540
509516.597000,6944428.043000,22.309473,540
509517.088900,6944428.133000,22.275594,540
509517.580800,6944428.223000,22.241440,540
509518.072700,6944428.313000,22.207614,540
509518.564600,6944428.402000,22.174568,540
509519.056500,6944428.492000,22.158412,540
509519.548300,6944428.582000,22.142285,540
509520.040200,6944428.672000,22.126100,540
509520.532100,6944428.761000,22.109943,540
509521.024000,6944428.851000,22.110260,540
509521.515900,6944428.941000,22.112484,540
509522.007700,6944429.030000,22.114755,540
509522.499600,6944429.120000,22.116998,540
509522.991500,6944429.210000,22.126664,540
509523.483400,6944429.300000,22.138741,540
509523.975300,6944429.389000,22.150818,540
509524.467100,6944429.479000,22.162894,540
509524.959000,6944429.569000,22.177180,540
509525.450900,6944429.659000,22.193394,540
509525.942800,6944429.748000,22.209065,540
509526.434700,6944429.838000,22.224935,540
509526.926600,6944429.928000,22.242538,540
509527.418400,6944430.018000,22.262108,540
509527.910300,6944430.107000,22.282274,540
509528.402200,6944430.197000,22.303585,540
509528.894100,6944430.287000,22.325899,540
509529.386000,6944430.376000,22.351895,540
509529.877800,6944430.466000,22.378726,540
509530.369700,6944430.556000,22.405573,540
509530.861600,6944430.646000,22.436156,540
509531.353500,6944430.735000,22.476866,540
509531.845400,6944430.825000,22.514875,540
509532.337300,6944430.915000,22.550156,540
509532.429300,6944430.932000,22.557042,540
509532.829100,6944431.005000,22.593582,540
509533.321000,6944431.094000,22.656542,540
509533.812900,6944431.184000,22.727976,540
509534.304800,6944431.274000,22.801951,540
509534.796700,6944431.364000,22.872008,540
509535.288500,6944431.453000,22.982276,540
509535.597000,6944431.510000,23.054930,540
509535.780400,6944431.543000,23.103300,540
509536.272300,6944431.633000,23.222302,540
509536.764200,6944431.723000,23.349799,540
509537.256100,6944431.812000,23.543962,540
509537.278000,6944431.816000,23.552817,540
509537.748000,6944431.902000,23.754616,540
509538.239800,6944431.992000,23.981921,540
509538.379900,6944432.017000,24.050704,540
509538.731700,6944432.081000,24.234207,540
509539.223600,6944432.171000,24.521583,540
509539.270000,6944432.180000,24.548592,540
509539.715500,6944432.261000,24.766263,540
509540.142900,6944432.339000,25.046479,540
509540.207400,6944432.351000,25.074056,540
509540.699200,6944432.440000,25.206830,540
509541.191100,6944432.530000,25.332091,540
509541.683000,6944432.620000,25.422598,540
509542.174900,6944432.710000,25.508272,540
509542.417200,6944432.754000,25.544366,540
509542.666800,6944432.799000,25.577471,540
509543.158700,6944432.889000,25.589921,540
509543.460100,6944432.944000,25.544366,540
509543.650500,6944432.979000,25.513834,540
509544.142400,6944433.069000,25.428570,540
509544.634300,6944433.158000,25.336482,540
509545.126200,6944433.248000,25.231983,540
509545.618100,6944433.338000,25.098447,540
509545.774400,6944433.366000,25.046479,540
509546.109900,6944433.427000,24.909194,540
509546.601800,6944433.517000,24.731733,540
509547.093700,6944433.607000,24.559186,540
509547.133700,6944433.614000,24.548592,540
509547.585600,6944433.697000,24.430463,540
509548.077500,6944433.786000,24.298354,540
509548.569400,6944433.876000,24.172660,540
509549.061200,6944433.966000,24.056932,540
509549.099200,6944433.973000,24.050704,540
509549.553100,6944434.056000,23.969785,540
509550.045000,6944434.145000,23.890773,540
509550.536900,6944434.235000,23.816411,540
509551.028800,6944434.325000,23.742085,540
509551.520600,6944434.415000,23.690293,540
509552.012500,6944434.504000,23.644896,540
509552.504400,6944434.594000,23.599997,540
509552.996300,6944434.684000,23.554220,540
509553.015200,6944434.687000,23.552817,540
509553.488200,6944434.774000,23.517553,540
509553.980100,6944434.863000,23.486271,540
509554.471900,6944434.953000,23.454988,540
509554.963800,6944435.043000,23.423706,540
509555.455700,6944435.132000,23.398120,540
509555.947600,6944435.222000,23.377160,540
509556.439500,6944435.312000,23.356201,540
509556.931300,6944435.402000,23.335241,540
509557.423200,6944435.491000,23.317733,540
509557.915100,6944435.581000,23.305113,540
509558.407000,6944435.671000,23.292494,540
509558.898900,6944435.761000,23.279874,540
509559.390700,6944435.850000,23.269485,540
509560.374500,6944436.030000,23.260413,540
509560.866400,6944436.120000,23.255878,540
509561.358300,6944436.209000,23.252000,540
509561.850200,6944436.299000,23.252237,540
509562.342000,6944436.389000,23.252473,540
509562.833900,6944436.478000,23.252710,540
509563.325800,6944436.568000,23.252947,540
509563.325800,6944436.568000,33.077230,545
509562.833900,6944436.478000,33.375618,545
509562.616300,6944436.439000,33.510563,545
509562.654800,6944436.446000,34.008451,545
509562.833900,6944436.478000,34.201412,545
509563.169800,6944436.540000,34.506338,545
509563.325800,6944436.568000,34.616418,545
509504.300000,6944425.800000,21.136259,545
509504.791900,6944425.890000,21.193114,545
509505.283800,6944425.979000,21.250430,545
509505.775600,6944426.069000,21.305859,545
509506.267500,6944426.159000,21.362677,545
509506.759400,6944426.249000,21.449769,545
509507.251300,6944426.338000,21.538715,545
509507.370000,6944426.360000,21.561268,545
509507.743200,6944426.428000,21.648276,545
509508.235100,6944426.518000,21.757820,545
509508.726900,6944426.608000,21.857311,545
509509.218800,6944426.697000,21.948951,545
509509.710700,6944426.787000,22.040694,545
509509.808500,6944426.805000,22.059155,545
509510.202600,6944426.877000,22.132902,545
509510.694500,6944426.967000,22.193539,545
509511.186300,6944427.056000,22.231741,545
509511.678200,6944427.146000,22.269892,545
509512.170100,6944427.236000,22.308410,545
509512.662000,6944427.325000,22.325936,545
509513.153900,6944427.415000,22.317805,545
509513.645800,6944427.505000,22.310440,545
509514.137600,6944427.595000,22.303590,545
509514.629500,6944427.684000,22.289376,545
509515.121400,6944427.774000,22.258627,545
509515.613300,6944427.864000,22.227735,545
509516.105200,6944427.954000,22.196783,545
509516.597000,6944428.043000,22.166265,545
509517.088900,6944428.133000,22.134852,545
509517.580800,6944428.223000,22.103371,545
509518.072700,6944428.313000,22.072005,545
509518.275500,6944428.350000,22.059155,545
509518.564600,6944428.402000,22.041134,545
509519.056500,6944428.492000,22.024887,545
509519.548300,6944428.582000,22.008639,545
509520.040200,6944428.672000,21.992392,545
509520.532100,6944428.761000,21.976146,545
509521.024000,6944428.851000,21.974247,545
509521.515900,6944428.941000,21.973997,545
509522.007700,6944429.030000,21.973751,545
509522.499600,6944429.120000,21.973506,545
509522.991500,6944429.210000,21.979514,545
509523.483400,6944429.300000,21.987513,545
509523.975300,6944429.389000,21.995512,545
509524.467100,6944429.479000,22.003511,545
509524.959000,6944429.569000,22.013224,545
509525.942800,6944429.748000,22.034743,545
509526.434700,6944429.838000,22.045503,545
509526.926600,6944429.928000,22.057591,545
509526.985300,6944429.939000,22.059155,545
509527.418400,6944430.018000,22.071061,545
509527.910300,6944430.107000,22.084555,545
509528.402200,6944430.197000,22.098255,545
509528.894100,6944430.287000,22.113405,545
509529.386000,6944430.376000,22.131408,545
509529.877800,6944430.466000,22.149576,545
509530.369700,6944430.556000,22.167747,545
509530.861600,6944430.646000,22.187976,545
509531.353500,6944430.735000,22.214787,545
509531.845400,6944430.825000,22.240650,545
509532.337300,6944430.915000,22.265349,545
509532.829100,6944431.005000,22.291477,545
509533.321000,6944431.094000,22.327735,545
509533.812900,6944431.184000,22.368744,545
509534.304800,6944431.274000,22.414300,545
509534.796700,6944431.364000,22.456836,545
509535.288500,6944431.453000,22.516692,545
509535.645300,6944431.518000,22.557042,545
509535.780400,6944431.543000,22.576923,545
509536.272300,6944431.633000,22.655415,545
509536.764200,6944431.723000,22.746647,545
509537.256100,6944431.812000,22.890725,545
509537.748000,6944431.902000,23.050346,545
509537.762900,6944431.905000,23.054930,545
509538.239800,6944431.992000,23.213505,545
509538.731700,6944432.081000,23.380623,545
509539.092500,6944432.147000,23.552817,545
509539.223600,6944432.171000,23.619242,545
509539.715500,6944432.261000,23.885337,545
509539.988500,6944432.311000,24.050704,545
509540.207400,6944432.351000,24.169515,545
509540.699200,6944432.440000,24.460860,545
509540.868200,6944432.471000,24.548592,545
509541.191100,6944432.530000,24.659737,545
509541.683000,6944432.620000,24.796750,545
509542.174900,6944432.710000,25.004987,545
509542.319700,6944432.736000,25.046479,545
509542.666800,6944432.799000,25.096832,545
509543.158700,6944432.889000,25.110311,545
509543.650500,6944432.979000,25.067033,545
509543.768300,6944433.000000,25.046479,545
509544.142400,6944433.069000,24.939682,545
509544.634300,6944433.158000,24.823306,545
509545.126200,6944433.248000,24.718950,545
509545.618100,6944433.338000,24.583377,545
509545.724500,6944433.357000,24.548592,545
509546.109900,6944433.427000,24.410861,545
509546.601800,6944433.517000,24.246282,545
509547.093700,6944433.607000,24.106461,545
509547.365500,6944433.657000,24.050704,545
509547.585600,6944433.697000,24.001556,545
509548.077500,6944433.786000,23.886342,545
509548.569400,6944433.876000,23.784688,545
509549.061200,6944433.966000,23.688205,545
509549.553100,6944434.056000,23.630809,545
509550.045000,6944434.145000,23.576949,545
509550.250200,6944434.183000,23.552817,545
509550.536900,6944434.235000,23.518161,545
509551.028800,6944434.325000,23.459199,545
509551.520600,6944434.415000,23.421571,545
509552.012500,6944434.504000,23.387849,545
509552.504400,6944434.594000,23.354127,545
509552.996300,6944434.684000,23.320405,545
509553.488200,6944434.774000,23.295111,545
509553.980100,6944434.863000,23.273610,545
509554.471900,6944434.953000,23.252109,545
509554.963800,6944435.043000,23.230608,545
509555.455700,6944435.132000,23.213149,545
509555.947600,6944435.222000,23.198976,545
509556.439500,6944435.312000,23.184802,545
509556.931300,6944435.402000,23.170629,545
509557.423200,6944435.491000,23.159113,545
509557.915100,6944435.581000,23.151362,545
509558.407000,6944435.671000,23.143611,545
509558.898900,6944435.761000,23.135861,545
509559.390700,6944435.850000,23.129918,545
509559.882600,6944435.940000,23.128720,545
509560.374500,6944436.030000,23.127522,545
509560.866400,6944436.120000,23.126324,545
509561.358300,6944436.209000,23.125566,545
509561.850200,6944436.299000,23.127554,545
509562.342000,6944436.389000,23.129543,545
509563.325800,6944436.568000,23.133521,545
509563.325800,6944436.568000,33.377451,550
509563.105700,6944436.528000,33.510563,550
509563.174100,6944436.541000,34.008451,550
509563.325800,6944436.568000,34.148568,550
509504.300000,6944425.800000,20.955553,550
509504.791900,6944425.890000,21.008117,550
509505.283800,6944425.979000,21.060681,550
509505.309100,6944425.984000,21.063380,550
509505.775600,6944426.069000,21.116345,550
509506.267500,6944426.159000,21.172244,550
509506.759400,6944426.249000,21.258913,550
509507.251300,6944426.338000,21.348609,550
509507.743200,6944426.428000,21.441211,550
509508.235100,6944426.518000,21.530952,550
509508.405800,6944426.549000,21.561268,550
509508.726900,6944426.608000,21.629192,550
509509.218800,6944426.697000,21.725318,550
509509.710700,6944426.787000,21.822506,550
509510.202600,6944426.877000,21.917104,550
509510.694500,6944426.967000,21.982617,550
509511.186300,6944427.056000,22.027197,550
509511.539800,6944427.121000,22.059155,550
509511.678200,6944427.146000,22.071390,550
509512.170100,6944427.236000,22.115991,550
509512.662000,6944427.325000,22.140054,550
509513.153900,6944427.415000,22.138768,550
509513.645800,6944427.505000,22.137711,550
509514.137600,6944427.595000,22.136815,550
509514.629500,6944427.684000,22.128103,550
509515.121400,6944427.774000,22.101963,550
509515.613300,6944427.864000,22.075809,550
509515.923400,6944427.920000,22.059155,550
509516.105200,6944427.954000,22.049682,550
509516.597000,6944428.043000,22.023054,550
509517.088900,6944428.133000,21.994109,550
509517.580800,6944428.223000,21.965161,550
509518.072700,6944428.313000,21.936213,550
509518.564600,6944428.402000,21.907699,550
509519.056500,6944428.492000,21.891361,550
509519.548300,6944428.582000,21.875023,550
509520.040200,6944428.672000,21.858685,550
509520.532100,6944428.761000,21.842351,550
509521.024000,6944428.851000,21.838224,550
509521.515900,6944428.941000,21.835492,550
509522.007700,6944429.030000,21.832769,550
509522.499600,6944429.120000,21.830047,550
509522.991500,6944429.210000,21.832365,550
509523.483400,6944429.300000,21.836286,550
509524.467100,6944429.479000,21.844128,550
509524.959000,6944429.569000,21.849122,550
509525.942800,6944429.748000,21.860422,550
509526.434700,6944429.838000,21.866072,550
509526.926600,6944429.928000,21.872391,550
509527.418400,6944430.018000,21.879427,550
509527.910300,6944430.107000,21.886463,550
509528.402200,6944430.197000,21.893500,550
509528.894100,6944430.287000,21.901382,550
509529.386000,6944430.376000,21.910871,550
509529.877800,6944430.466000,21.920360,550
509530.369700,6944430.556000,21.929850,550
509530.861600,6944430.646000,21.940217,550
509531.353500,6944430.735000,21.953871,550
509531.845400,6944430.825000,21.967472,550
509532.337300,6944430.915000,21.981031,550
509532.829100,6944431.005000,21.995057,550
509533.321000,6944431.094000,22.015795,550
509533.812900,6944431.184000,22.036415,550
509534.304800,6944431.274000,22.056927,550
509534.360900,6944431.284000,22.059155,550
509534.796700,6944431.364000,22.077999,550
509535.288500,6944431.453000,22.112417,550
509535.780400,6944431.543000,22.146333,550
509536.272300,6944431.633000,22.180816,550
509536.764200,6944431.723000,22.220003,550
509537.256100,6944431.812000,22.292244,550
509537.748000,6944431.902000,22.368776,550
509538.239800,6944431.992000,22.439800,550
509538.731700,6944432.081000,22.504383,550
509539.038200,6944432.137000,22.557042,550
509539.223600,6944432.171000,22.599144,550
509539.715500,6944432.261000,22.770122,550
509540.207400,6944432.351000,23.013992,550
509540.296900,6944432.367000,23.054930,550
509540.699200,6944432.440000,23.254075,550
509541.187400,6944432.529000,23.552817,550
509541.191100,6944432.530000,23.554938,550
509541.683000,6944432.620000,23.771303,550
509542.174900,6944432.710000,24.007211,550
509542.299200,6944432.732000,24.050704,550
509542.666800,6944432.799000,24.133960,550
509543.158700,6944432.889000,24.193302,550
509543.650500,6944432.979000,24.163199,550
509544.142400,6944433.069000,24.130216,550
509544.634300,6944433.158000,24.099353,550
509545.126200,6944433.248000,24.057444,550
509545.151700,6944433.253000,24.050704,550
509545.618100,6944433.338000,23.893214,550
509546.109900,6944433.427000,23.769094,550
509546.601800,6944433.517000,23.666921,550
509547.093700,6944433.607000,23.573925,550
509547.241400,6944433.634000,23.552817,550
509547.585600,6944433.697000,23.500428,550
509548.077500,6944433.786000,23.424918,550
509548.569400,6944433.876000,23.357766,550
509549.061200,6944433.966000,23.295628,550
509549.553100,6944434.056000,23.261791,550
509550.045000,6944434.145000,23.228910,550
509550.536900,6944434.235000,23.195530,550
509551.028800,6944434.325000,23.162984,550
509551.520600,6944434.415000,23.142135,550
509552.504400,6944434.594000,23.105050,550
509552.996300,6944434.684000,23.086508,550
509553.488200,6944434.774000,23.072670,550
509553.980100,6944434.863000,23.060950,550
509554.226900,6944434.908000,23.054930,550
509554.471900,6944434.953000,23.049034,550
509554.963800,6944435.043000,23.036908,550
509555.455700,6944435.132000,23.027258,550
509555.947600,6944435.222000,23.019625,550
509556.439500,6944435.312000,23.011951,550
509556.931300,6944435.402000,23.004235,550
509557.423200,6944435.491000,22.998454,550
509557.915100,6944435.581000,22.995428,550
509558.407000,6944435.671000,22.992415,550
509558.898900,6944435.761000,22.989420,550
509559.390700,6944435.850000,22.987892,550
509559.882600,6944435.940000,22.990108,550
509560.374500,6944436.030000,22.992289,550
509560.866400,6944436.120000,22.994462,550
509561.358300,6944436.209000,22.996862,550
509561.850200,6944436.299000,23.000732,550
509562.342000,6944436.389000,23.004598,550
509562.833900,6944436.478000,23.008462,550
509563.325800,6944436.568000,23.012326,550
509504.300000,6944425.800000,20.779399,555
509504.791900,6944425.890000,20.831207,555
509505.283800,6944425.979000,20.883016,555
509505.775600,6944426.069000,20.934825,555
509506.267500,6944426.159000,20.986634,555
509506.732800,6944426.244000,21.063380,555
509506.759400,6944426.249000,21.068057,555
509507.251300,6944426.338000,21.158503,555
509507.743200,6944426.428000,21.249724,555
509508.235100,6944426.518000,21.339549,555
509508.726900,6944426.608000,21.427348,555
509509.218800,6944426.697000,21.511088,555
509509.501400,6944426.749000,21.561268,555
509509.710700,6944426.787000,21.604318,555
509510.202600,6944426.877000,21.701633,555
509510.694500,6944426.967000,21.771835,555
509511.186300,6944427.056000,21.824176,555
509511.678200,6944427.146000,21.874765,555
509512.170100,6944427.236000,21.924740,555
509512.662000,6944427.325000,21.954690,555
509513.153900,6944427.415000,21.959885,555
509513.645800,6944427.505000,21.965021,555
509514.137600,6944427.595000,21.970068,555
509514.629500,6944427.684000,21.966831,555
509515.121400,6944427.774000,21.945300,555
509515.613300,6944427.864000,21.923768,555
509516.105200,6944427.954000,21.902236,555
509516.597000,6944428.043000,21.879832,555
509517.088900,6944428.133000,21.853367,555
509517.580800,6944428.223000,21.826884,555
509518.072700,6944428.313000,21.800401,555
509518.564600,6944428.402000,21.774265,555
509519.056500,6944428.492000,21.757836,555
509519.548300,6944428.582000,21.741407,555
509520.040200,6944428.672000,21.724977,555
509520.532100,6944428.761000,21.708555,555
509521.024000,6944428.851000,21.702201,555
509521.515900,6944428.941000,21.696986,555
509522.007700,6944429.030000,21.691788,555
509522.499600,6944429.120000,21.686589,555
509522.991500,6944429.210000,21.685215,555
509523.483400,6944429.300000,21.685058,555
509523.975300,6944429.389000,21.684901,555
509524.467100,6944429.479000,21.684744,555
509524.959000,6944429.569000,21.685020,555
509525.450900,6944429.659000,21.685560,555
509525.942800,6944429.748000,21.686100,555
509526.434700,6944429.838000,21.686640,555
509526.926600,6944429.928000,21.687191,555
509527.418400,6944430.018000,21.687754,555
509527.910300,6944430.107000,21.688317,555
509528.402200,6944430.197000,21.688880,555
509528.894100,6944430.287000,21.689521,555
509529.386000,6944430.376000,21.690311,555
509529.877800,6944430.466000,21.691101,555
509530.369700,6944430.556000,21.691891,555
509530.861600,6944430.646000,21.692913,555
509531.353500,6944430.735000,21.694656,555
509531.845400,6944430.825000,21.696341,555
509532.337300,6944430.915000,21.697994,555
509532.829100,6944431.005000,21.699724,555
509533.321000,6944431.094000,21.702838,555
509533.812900,6944431.184000,21.705872,555
509534.304800,6944431.274000,21.708836,555
509534.796700,6944431.364000,21.711740,555
509535.288500,6944431.453000,21.717795,555
509535.780400,6944431.543000,21.723918,555
509536.272300,6944431.633000,21.729891,555
509536.764200,6944431.723000,21.735734,555
509537.256100,6944431.812000,21.748880,555
509537.748000,6944431.902000,21.763500,555
509538.239800,6944431.992000,21.777666,555
509538.731700,6944432.081000,21.791418,555
509539.223600,6944432.171000,21.820059,555
509539.715500,6944432.261000,21.860577,555
509540.207400,6944432.351000,21.905563,555
509540.699200,6944432.440000,21.947791,555
509541.191100,6944432.530000,22.016013,555
509541.387500,6944432.566000,22.059155,555
509541.683000,6944432.620000,22.155191,555
509542.174900,6944432.710000,22.303283,555
509542.666800,6944432.799000,22.423485,555
509543.158700,6944432.889000,22.533092,555
509543.245900,6944432.905000,22.557042,555
509543.650500,6944432.979000,22.675261,555
509544.142400,6944433.069000,22.765927,555
509544.634300,6944433.158000,22.853561,555
509545.126200,6944433.248000,22.927322,555
509545.618100,6944433.338000,22.925038,555
509546.109900,6944433.427000,22.923625,555
509546.601800,6944433.517000,22.923177,555
509547.093700,6944433.607000,22.922662,555
509547.585600,6944433.697000,22.912484,555
509548.077500,6944433.786000,22.902356,555
509548.569400,6944433.876000,22.892285,555
509549.061200,6944433.966000,22.882283,555
509549.553100,6944434.056000,22.876551,555
509550.045000,6944434.145000,22.871037,555
509550.536900,6944434.235000,22.865603,555
509551.028800,6944434.325000,22.860268,555
509551.520600,6944434.415000,22.856426,555
509552.012500,6944434.504000,22.852907,555
509552.504400,6944434.594000,22.849371,555
509552.996300,6944434.684000,22.845814,555
509553.488200,6944434.774000,22.843302,555
509553.980100,6944434.863000,22.841260,555
509554.471900,6944434.953000,22.839206,555
509554.963800,6944435.043000,22.837140,555
509555.455700,6944435.132000,22.835914,555
509555.947600,6944435.222000,22.835354,555
509556.439500,6944435.312000,22.834559,555
509556.931300,6944435.402000,22.833629,555
509557.423200,6944435.491000,22.833894,555
509557.915100,6944435.581000,22.835823,555
509558.407000,6944435.671000,22.837811,555
509558.898900,6944435.761000,22.839865,555
509559.390700,6944435.850000,22.843011,555
509559.882600,6944435.940000,22.848680,555
509560.374500,6944436.030000,22.854238,555
509560.866400,6944436.120000,22.859766,555
509561.358300,6944436.209000,22.865287,555
509561.850200,6944436.299000,22.870923,555
509562.342000,6944436.389000,22.876541,555
509562.833900,6944436.478000,22.882142,555
509563.325800,6944436.568000,22.887729,555
509504.300000,6944425.800000,20.603244,560
509506.267500,6944426.159000,20.807458,560
509506.759400,6944426.249000,20.888000,560
509507.743200,6944426.428000,21.058520,560
509507.771300,6944426.433000,21.063380,560
509508.235100,6944426.518000,21.148145,560
509508.726900,6944426.608000,21.236644,560
509509.218800,6944426.697000,21.322745,560
509509.710700,6944426.787000,21.410633,560
509510.202600,6944426.877000,21.496439,560
509510.694500,6944426.967000,21.561082,560
509510.696200,6944426.967000,21.561268,560
509511.186300,6944427.056000,21.621156,560
509511.678200,6944427.146000,21.678264,560
509512.170100,6944427.236000,21.733979,560
509512.662000,6944427.325000,21.769725,560
509513.153900,6944427.415000,21.781125,560
509513.645800,6944427.505000,21.792362,560
509514.137600,6944427.595000,21.803345,560
509514.629500,6944427.684000,21.805559,560
509516.105200,6944427.954000,21.754790,560
509516.597000,6944428.043000,21.736611,560
509517.088900,6944428.133000,21.712625,560
509517.580800,6944428.223000,21.688607,560
509518.072700,6944428.313000,21.664589,560
509518.564600,6944428.402000,21.640830,560
509519.056500,6944428.492000,21.624311,560
509519.548300,6944428.582000,21.607791,560
509520.040200,6944428.672000,21.591270,560
509520.532100,6944428.761000,21.574760,560
509521.024000,6944428.851000,21.566177,560
509521.339800,6944428.909000,21.561268,560
509521.515900,6944428.941000,21.558565,560
509522.007700,6944429.030000,21.551136,560
509522.499600,6944429.120000,21.543727,560
509522.991500,6944429.210000,21.538883,560
509523.483400,6944429.300000,21.534865,560
509523.975300,6944429.389000,21.530862,560
509524.467100,6944429.479000,21.526871,560
509524.959000,6944429.569000,21.522723,560
509525.450900,6944429.659000,21.518486,560
509525.942800,6944429.748000,21.514264,560
509526.434700,6944429.838000,21.510054,560
509526.926600,6944429.928000,21.505289,560
509527.418400,6944430.018000,21.499938,560
509527.910300,6944430.107000,21.494605,560
509528.402200,6944430.197000,21.489286,560
509528.894100,6944430.287000,21.483411,560
509529.386000,6944430.376000,21.476480,560
509529.877800,6944430.466000,21.469573,560
509530.369700,6944430.556000,21.462683,560
509530.861600,6944430.646000,21.455443,560
509531.353500,6944430.735000,21.446664,560
509531.845400,6944430.825000,21.437836,560
509532.337300,6944430.915000,21.428977,560
509532.829100,6944431.005000,21.419863,560
509533.321000,6944431.094000,21.407719,560
509533.812900,6944431.184000,21.395488,560
509534.304800,6944431.274000,21.383164,560
509534.796700,6944431.364000,21.370740,560
509535.288500,6944431.453000,21.353448,560
509535.780400,6944431.543000,21.335564,560
509536.272300,6944431.633000,21.317424,560
509536.764200,6944431.723000,21.299015,560
509537.256100,6944431.812000,21.273939,560
509537.748000,6944431.902000,21.246450,560
509538.239800,6944431.992000,21.218114,560
509538.731700,6944432.081000,21.188882,560
509539.223600,6944432.171000,21.155659,560
509539.715500,6944432.261000,21.118262,560
509540.207400,6944432.351000,21.077795,560
509540.413700,6944432.388000,21.063380,560
509540.699200,6944432.440000,21.046667,560
509541.191100,6944432.530000,21.039165,560
509541.683000,6944432.620000,21.047215,560
509542.174900,6944432.710000,21.054207,560
509542.666800,6944432.799000,21.060391,560
509542.698500,6944432.805000,21.063380,560
509543.158700,6944432.889000,21.134750,560
509543.650500,6944432.979000,21.289379,560
509544.142400,6944433.069000,21.404205,560
509544.634300,6944433.158000,21.494255,560
509544.870700,6944433.201000,21.561268,560
509545.126200,6944433.248000,21.662592,560
509545.618100,6944433.338000,21.829388,560
509546.109900,6944433.427000,21.958677,560
509546.478000,6944433.495000,22.059155,560
509546.601800,6944433.517000,22.093648,560
509547.093700,6944433.607000,22.228493,560
509547.585600,6944433.697000,22.282857,560
509548.077500,6944433.786000,22.337635,560
509548.569400,6944433.876000,22.393026,560
509549.061200,6944433.966000,22.449352,560
509549.553100,6944434.056000,22.475608,560
509550.045000,6944434.145000,22.501091,560
509550.536900,6944434.235000,22.526987,560
509551.028800,6944434.325000,22.553415,560
509551.136500,6944434.344000,22.557042,560
509551.520600,6944434.415000,22.567869,560
509552.012500,6944434.504000,22.579964,560
509552.504400,6944434.594000,22.592028,560
509552.996300,6944434.684000,22.604060,560
509553.488200,6944434.774000,22.613334,560
509553.980100,6944434.863000,22.621365,560
509554.471900,6944434.953000,22.629379,560
509554.963800,6944435.043000,22.637373,560
509555.455700,6944435.132000,22.644571,560
509555.947600,6944435.222000,22.651083,560
509556.439500,6944435.312000,22.657166,560
509556.931300,6944435.402000,22.663023,560
509557.423200,6944435.491000,22.669334,560
509557.915100,6944435.581000,22.676217,560
509558.407000,6944435.671000,22.683207,560
509558.898900,6944435.761000,22.690311,560
509559.390700,6944435.850000,22.698130,560
509559.882600,6944435.940000,22.707253,560
509560.374500,6944436.030000,22.716187,560
509560.866400,6944436.120000,22.725070,560
509561.358300,6944436.209000,22.733712,560
509561.850200,6944436.299000,22.741114,560
509562.342000,6944436.389000,22.748483,560
509562.833900,6944436.478000,22.755822,560
509563.325800,6944436.568000,22.763131,560
509504.300000,6944425.800000,20.431728,565
509504.791900,6944425.890000,20.480309,565
509505.283800,6944425.979000,20.528930,565
509505.653900,6944426.047000,20.565493,565
509505.775600,6944426.069000,20.577985,565
509506.267500,6944426.159000,20.628283,565
509506.759400,6944426.249000,20.708214,565
509507.743200,6944426.428000,20.877559,565
509508.235100,6944426.518000,20.962228,565
509508.726900,6944426.608000,21.046820,565
509508.822900,6944426.625000,21.063380,565
509509.218800,6944426.697000,21.134403,565
509509.710700,6944426.787000,21.222970,565
509510.202600,6944426.877000,21.310453,565
509510.694500,6944426.967000,21.378290,565
509511.186300,6944427.056000,21.434489,565
509511.678200,6944427.146000,21.489829,565
509512.170100,6944427.236000,21.544868,565
509512.380100,6944427.274000,21.561268,565
509512.662000,6944427.325000,21.584760,565
509513.153900,6944427.415000,21.602365,565
509513.645800,6944427.505000,21.619704,565
509514.137600,6944427.595000,21.636622,565
509514.629500,6944427.684000,21.644287,565
509516.105200,6944427.954000,21.607343,565
509516.597000,6944428.043000,21.593389,565
509517.088900,6944428.133000,21.571883,565
509517.329000,6944428.177000,21.561268,565
509517.580800,6944428.223000,21.550639,565
509518.072700,6944428.313000,21.529647,565
509518.564600,6944428.402000,21.508768,565
509519.056500,6944428.492000,21.492607,565
509519.548300,6944428.582000,21.476454,565
509520.040200,6944428.672000,21.460308,565
509520.532100,6944428.761000,21.444177,565
509521.024000,6944428.851000,21.433864,565
509521.515900,6944428.941000,21.424218,565
509522.007700,6944429.030000,21.414600,565
509522.499600,6944429.120000,21.404993,565
509522.991500,6944429.210000,21.396921,565
509523.483400,6944429.300000,21.389341,565
509523.975300,6944429.389000,21.381765,565
509524.467100,6944429.479000,21.374190,565
509524.959000,6944429.569000,21.365959,565
509525.450900,6944429.659000,21.357329,565
509525.942800,6944429.748000,21.348699,565
509526.434700,6944429.838000,21.340066,565
509526.926600,6944429.928000,21.330392,565
509527.418400,6944430.018000,21.319607,565
509527.910300,6944430.107000,21.308818,565
509528.402200,6944430.197000,21.298022,565
509528.894100,6944430.287000,21.286122,565
509529.386000,6944430.376000,21.272138,565
509529.877800,6944430.466000,21.258141,565
509530.369700,6944430.556000,21.244124,565
509530.861600,6944430.646000,21.229167,565
509531.353500,6944430.735000,21.210568,565
509531.845400,6944430.825000,21.191865,565
509532.337300,6944430.915000,21.173062,565
509532.829100,6944431.005000,21.153655,565
509533.321000,6944431.094000,21.127335,565
509533.812900,6944431.184000,21.100782,565
509534.304800,6944431.274000,21.073989,565
509534.503200,6944431.310000,21.063380,565
509534.796700,6944431.364000,21.047839,565
509535.288500,6944431.453000,21.011700,565
509535.780400,6944431.543000,20.974746,565
509536.272300,6944431.633000,20.937446,565
509536.764200,6944431.723000,20.900243,565
509537.256100,6944431.812000,20.849019,565
509537.748000,6944431.902000,20.794012,565
509538.239800,6944431.992000,20.738652,565
509538.731700,6944432.081000,20.682893,565
509539.223600,6944432.171000,20.615417,565
509539.541600,6944432.229000,20.565493,565
509539.715500,6944432.261000,20.540307,565
509540.207400,6944432.351000,20.479697,565
509540.699200,6944432.440000,20.420327,565
509541.191100,6944432.530000,20.380869,565
509541.683000,6944432.620000,20.360952,565
509542.174900,6944432.710000,20.339862,565
509542.666800,6944432.799000,20.317162,565
509543.158700,6944432.889000,20.348150,565
509543.650500,6944432.979000,20.452148,565
509544.142400,6944433.069000,20.547619,565
509544.218000,6944433.082000,20.565493,565
509544.634300,6944433.158000,20.688971,565
509545.126200,6944433.248000,20.835007,565
509545.618100,6944433.338000,20.997439,565
509545.806600,6944433.372000,21.063380,565
509546.109900,6944433.427000,21.178462,565
509546.601800,6944433.517000,21.363627,565
509547.093700,6944433.607000,21.516367,565
509547.285100,6944433.642000,21.561268,565
509547.585600,6944433.697000,21.638321,565
509548.077500,6944433.786000,21.765111,565
509548.569400,6944433.876000,21.879323,565
509549.061200,6944433.966000,21.988024,565
509549.553100,6944434.056000,22.044775,565
509549.676600,6944434.078000,22.059155,565
509550.045000,6944434.145000,22.098961,565
509550.536900,6944434.235000,22.153484,565
509551.028800,6944434.325000,22.208534,565
509551.520600,6944434.415000,22.243674,565
509552.996300,6944434.684000,22.336527,565
509553.488200,6944434.774000,22.360181,565
509554.963800,6944435.043000,22.421294,565
509555.455700,6944435.132000,22.438858,565
509555.947600,6944435.222000,22.454119,565
509556.439500,6944435.312000,22.468918,565
509556.931300,6944435.402000,22.483434,565
509557.423200,6944435.491000,22.497518,565
509557.915100,6944435.581000,22.510947,565
509558.407000,6944435.671000,22.524557,565
509558.898900,6944435.761000,22.538387,565
509559.390700,6944435.850000,22.552679,565
509559.536600,6944435.877000,22.557042,565
509559.882600,6944435.940000,22.565825,565
509560.374500,6944436.030000,22.578136,565
509560.866400,6944436.120000,22.590374,565
509561.358300,6944436.209000,22.602136,565
509561.850200,6944436.299000,22.611305,565
509562.342000,6944436.389000,22.620426,565
509562.833900,6944436.478000,22.629502,565
509563.325800,6944436.568000,22.638533,565
509504.300000,6944425.800000,20.261477,570
509504.791900,6944425.890000,20.309263,570
509505.283800,6944425.979000,20.357107,570
509505.775600,6944426.069000,20.404993,570
509506.267500,6944426.159000,20.452850,570
509506.759400,6944426.249000,20.529597,570
509506.976600,6944426.288000,20.565493,570
509507.251300,6944426.338000,20.612514,570
509507.743200,6944426.428000,20.696599,570
509508.235100,6944426.518000,20.780673,570
509508.726900,6944426.608000,20.865746,570
509509.218800,6944426.697000,20.951146,570
509509.710700,6944426.787000,21.036561,570
509509.864600,6944426.815000,21.063380,570
509510.202600,6944426.877000,21.124467,570
509510.694500,6944426.967000,21.195498,570
509511.186300,6944427.056000,21.254665,570
509511.678200,6944427.146000,21.313266,570
509512.170100,6944427.236000,21.371542,570
509512.662000,6944427.325000,21.413081,570
509513.153900,6944427.415000,21.433799,570
509513.645800,6944427.505000,21.454510,570
509514.137600,6944427.595000,21.475093,570
509514.629500,6944427.684000,21.486887,570
509515.121400,6944427.774000,21.479175,570
509515.613300,6944427.864000,21.471385,570
509516.105200,6944427.954000,21.463512,570
509516.597000,6944428.043000,21.453676,570
509517.088900,6944428.133000,21.435012,570
509517.580800,6944428.223000,21.416263,570
509518.072700,6944428.313000,21.397471,570
509518.564600,6944428.402000,21.378735,570
509519.056500,6944428.492000,21.362532,570
509519.548300,6944428.582000,21.346334,570
509520.040200,6944428.672000,21.330140,570
509520.532100,6944428.761000,21.313955,570
509521.024000,6944428.851000,21.301690,570
509521.515900,6944428.941000,21.289871,570
509522.007700,6944429.030000,21.278064,570
509522.499600,6944429.120000,21.266258,570
509522.991500,6944429.210000,21.254959,570
509523.483400,6944429.300000,21.243818,570
509523.975300,6944429.389000,21.232668,570
509524.467100,6944429.479000,21.221509,570
509524.959000,6944429.569000,21.209196,570
509525.450900,6944429.659000,21.196172,570
509525.942800,6944429.748000,21.183133,570
509526.434700,6944429.838000,21.170078,570
509526.926600,6944429.928000,21.155495,570
509527.418400,6944430.018000,21.139276,570
509527.910300,6944430.107000,21.123031,570
509528.402200,6944430.197000,21.106757,570
509528.894100,6944430.287000,21.088834,570
509529.386000,6944430.376000,21.067796,570
509529.491800,6944430.396000,21.063380,570
509529.877800,6944430.466000,21.047088,570
509530.369700,6944430.556000,21.026476,570
509530.861600,6944430.646000,21.004450,570
509532.337300,6944430.915000,20.922119,570
509532.829100,6944431.005000,20.893968,570
509533.321000,6944431.094000,20.856002,570
509533.812900,6944431.184000,20.817780,570
509534.796700,6944431.364000,20.741618,570
509535.288500,6944431.453000,20.688563,570
509535.780400,6944431.543000,20.633397,570
509536.272300,6944431.633000,20.576847,570
509536.376400,6944431.652000,20.565493,570
509536.764200,6944431.723000,20.524035,570
509537.256100,6944431.812000,20.454406,570
509537.748000,6944431.902000,20.383187,570
509538.239800,6944431.992000,20.310338,570
509538.731700,6944432.081000,20.231329,570
509539.223600,6944432.171000,20.143864,570
509539.653800,6944432.250000,20.067606,570
509539.715500,6944432.261000,20.058446,570
509540.207400,6944432.351000,19.994909,570
509540.699200,6944432.440000,19.924581,570
509541.191100,6944432.530000,19.873804,570
509541.683000,6944432.620000,19.844517,570
509542.174900,6944432.710000,19.814949,570
509542.666800,6944432.799000,19.785313,570
509543.158700,6944432.889000,19.802485,570
509543.650500,6944432.979000,19.893827,570
509544.142400,6944433.069000,19.975853,570
509544.634300,6944433.158000,20.044174,570
509544.758600,6944433.181000,20.067606,570
509545.126200,6944433.248000,20.162714,570
509545.618100,6944433.338000,20.361807,570
509546.109900,6944433.427000,20.531873,570
509546.197900,6944433.444000,20.565493,570
509546.601800,6944433.517000,20.740085,570
509547.093700,6944433.607000,20.932115,570
509547.519900,6944433.685000,21.063380,570
509547.585600,6944433.697000,21.082743,570
509548.077500,6944433.786000,21.235451,570
509548.569400,6944433.876000,21.386846,570
509549.061200,6944433.966000,21.524470,570
509549.267800,6944434.004000,21.561268,570
509549.553100,6944434.056000,21.611615,570
509550.045000,6944434.145000,21.700582,570
509550.536900,6944434.235000,21.787411,570
509551.028800,6944434.325000,21.865012,570
509551.520600,6944434.415000,21.918226,570
509552.012500,6944434.504000,21.966995,570
509552.504400,6944434.594000,22.015394,570
509552.957300,6944434.677000,22.059155,570
509552.996300,6944434.684000,22.062770,570
509553.488200,6944434.774000,22.099514,570
509554.963800,6944435.043000,22.194244,570
509555.455700,6944435.132000,22.221029,570
509555.947600,6944435.222000,22.243926,570
509556.439500,6944435.312000,22.266606,570
509556.931300,6944435.402000,22.289115,570
509557.423200,6944435.491000,22.310112,570
509557.915100,6944435.581000,22.328982,570
509558.407000,6944435.671000,22.347957,570
509558.898900,6944435.761000,22.367075,570
509559.390700,6944435.850000,22.386032,570
509559.882600,6944435.940000,22.403890,570
509560.866400,6944436.120000,22.439317,570
509561.358300,6944436.209000,22.456310,570
509563.325800,6944436.568000,22.506296,570
509504.300000,6944425.800000,20.091226,575
509504.791900,6944425.890000,20.138217,575
509505.283800,6944425.979000,20.185284,575
509505.775600,6944426.069000,20.232411,575
509506.267500,6944426.159000,20.279436,575
509506.759400,6944426.249000,20.355478,575
509507.251300,6944426.338000,20.436336,575
509507.743200,6944426.428000,20.517141,575
509508.037300,6944426.482000,20.565493,575
509508.235100,6944426.518000,20.599117,575
509508.726900,6944426.608000,20.684671,575
509509.218800,6944426.697000,20.770969,575
509509.710700,6944426.787000,20.857272,575
509510.202600,6944426.877000,20.943583,575
509510.694500,6944426.967000,21.014458,575
509511.094400,6944427.040000,21.063380,575
509511.186300,6944427.056000,21.074840,575
509511.678200,6944427.146000,21.136703,575
509512.170100,6944427.236000,21.198217,575
509512.662000,6944427.325000,21.243335,575
509513.153900,6944427.415000,21.268276,575
509513.645800,6944427.505000,21.293135,575
509514.137600,6944427.595000,21.317847,575
509514.629500,6944427.684000,21.333596,575
509515.121400,6944427.774000,21.329559,575
509515.613300,6944427.864000,21.325469,575
509516.105200,6944427.954000,21.321324,575
509516.597000,6944428.043000,21.314976,575
509517.088900,6944428.133000,21.298458,575
509517.580800,6944428.223000,21.281888,575
509518.072700,6944428.313000,21.265296,575
509518.564600,6944428.402000,21.248701,575
509519.056500,6944428.492000,21.232456,575
509519.548300,6944428.582000,21.216214,575
509520.040200,6944428.672000,21.199972,575
509520.532100,6944428.761000,21.183732,575
509521.024000,6944428.851000,21.169516,575
509521.515900,6944428.941000,21.155524,575
509522.007700,6944429.030000,21.141528,575
509522.499600,6944429.120000,21.127523,575
509522.991500,6944429.210000,21.112997,575
509523.483400,6944429.300000,21.098294,575
509523.975300,6944429.389000,21.083571,575
509524.467100,6944429.479000,21.068828,575
509524.633500,6944429.509000,21.063380,575
509524.959000,6944429.569000,21.052579,575
509526.434700,6944429.838000,21.001087,575
509526.926600,6944429.928000,20.981974,575
509528.402200,6944430.197000,20.918368,575
509528.894100,6944430.287000,20.895065,575
509530.369700,6944430.556000,20.813180,575
509530.861600,6944430.646000,20.784009,575
509532.337300,6944430.915000,20.674906,575
509532.829100,6944431.005000,20.637626,575
509533.321000,6944431.094000,20.587343,575
509533.537900,6944431.134000,20.565493,575
509533.812900,6944431.184000,20.537729,575
509534.304800,6944431.274000,20.489657,575
509534.796700,6944431.364000,20.440722,575
509535.288500,6944431.453000,20.375221,575
509535.780400,6944431.543000,20.309807,575
509536.272300,6944431.633000,20.242271,575
509536.764200,6944431.723000,20.170797,575
509537.256100,6944431.812000,20.082219,575
509537.341900,6944431.828000,20.067606,575
509537.748000,6944431.902000,20.004699,575
509538.239800,6944431.992000,19.924208,575
509538.731700,6944432.081000,19.840389,575
509539.223600,6944432.171000,19.754717,575
509539.715500,6944432.261000,19.668389,575
509540.207400,6944432.351000,19.581520,575
509540.274500,6944432.363000,19.569718,575
509540.699200,6944432.440000,19.494680,575
509541.191100,6944432.530000,19.434236,575
509541.683000,6944432.620000,19.400805,575
509542.174900,6944432.710000,19.368347,575
509542.666800,6944432.799000,19.335925,575
509543.158700,6944432.889000,19.344395,575
509543.650500,6944432.979000,19.420013,575
509544.142400,6944433.069000,19.500260,575
509544.555400,6944433.144000,19.569718,575
509544.634300,6944433.158000,19.583194,575
509545.126200,6944433.248000,19.685628,575
509545.618100,6944433.338000,19.856884,575
509546.109900,6944433.427000,20.019759,575
509546.257900,6944433.454000,20.067606,575
509546.601800,6944433.517000,20.199934,575
509547.093700,6944433.607000,20.395112,575
509547.585600,6944433.697000,20.549238,575
509547.630900,6944433.705000,20.565493,575
509548.077500,6944433.786000,20.741583,575
509548.569400,6944433.876000,20.916857,575
509548.991300,6944433.953000,21.063380,575
509549.061200,6944433.966000,21.087065,575
509549.553100,6944434.056000,21.200817,575
509550.045000,6944434.145000,21.309553,575
509550.536900,6944434.235000,21.420402,575
509551.028800,6944434.325000,21.522172,575
509551.293000,6944434.373000,21.561268,575
509551.520600,6944434.415000,21.592957,575
509552.012500,6944434.504000,21.660940,575
509552.504400,6944434.594000,21.729912,575
509552.996300,6944434.684000,21.790778,575
509553.488200,6944434.774000,21.838749,575
509553.980100,6944434.863000,21.882184,575
509554.471900,6944434.953000,21.925935,575
509554.963800,6944435.043000,21.967666,575
509555.455700,6944435.132000,22.003198,575
509555.947600,6944435.222000,22.033794,575
509556.354100,6944435.296000,22.059155,575
509556.439500,6944435.312000,22.064294,575
509556.931300,6944435.402000,22.094795,575
509557.423200,6944435.491000,22.122707,575
509557.915100,6944435.581000,22.147018,575
509558.407000,6944435.671000,22.171358,575
509558.898900,6944435.761000,22.195763,575
509559.390700,6944435.850000,22.219386,575
509559.882600,6944435.940000,22.240597,575
509560.866400,6944436.120000,22.282878,575
509561.358300,6944436.209000,22.303053,575
509563.325800,6944436.568000,22.359618,575
509504.300000,6944425.800000,19.931266,580
509504.791900,6944425.890000,19.974180,580
509505.283800,6944425.979000,20.017198,580
509505.775600,6944426.069000,20.060356,580
509505.858800,6944426.084000,20.067606,580
509506.267500,6944426.159000,20.106022,580
509506.759400,6944426.249000,20.181360,580
509507.251300,6944426.338000,20.261638,580
509507.743200,6944426.428000,20.341635,580
509508.235100,6944426.518000,20.421733,580
509508.726900,6944426.608000,20.505341,580
509509.075600,6944426.671000,20.565493,580
509509.218800,6944426.697000,20.590791,580
509509.710700,6944426.787000,20.677983,580
509510.202600,6944426.877000,20.765196,580
509510.694500,6944426.967000,20.837986,580
509512.170100,6944427.236000,21.025965,580
509512.557200,6944427.306000,21.063380,580
509512.662000,6944427.325000,21.073589,580
509513.153900,6944427.415000,21.102753,580
509513.645800,6944427.505000,21.131759,580
509514.137600,6944427.595000,21.160602,580
509514.629500,6944427.684000,21.180305,580
509515.121400,6944427.774000,21.179943,580
509515.613300,6944427.864000,21.179554,580
509516.105200,6944427.954000,21.179136,580
509516.597000,6944428.043000,21.176277,580
509517.088900,6944428.133000,21.161904,580
509517.580800,6944428.223000,21.147512,580
509518.072700,6944428.313000,21.133120,580
509518.564600,6944428.402000,21.118667,580
509519.056500,6944428.492000,21.102381,580
509519.548300,6944428.582000,21.086094,580
509520.040200,6944428.672000,21.069804,580
509520.234200,6944428.707000,21.063380,580
509520.532100,6944428.761000,21.053590,580
509521.024000,6944428.851000,21.037563,580
509522.499600,6944429.120000,20.989530,580
509522.991500,6944429.210000,20.972010,580
509524.467100,6944429.479000,20.918011,580
509524.959000,6944429.569000,20.897914,580
509526.434700,6944429.838000,20.833780,580
509526.926600,6944429.928000,20.809983,580
509528.402200,6944430.197000,20.730821,580
509528.894100,6944430.287000,20.701817,580
509530.369700,6944430.556000,20.599885,580
509530.836300,6944430.641000,20.565493,580
509530.861600,6944430.646000,20.563588,580
509531.353500,6944430.735000,20.519094,580
509531.845400,6944430.825000,20.475201,580
509532.337300,6944430.915000,20.431319,580
509532.829100,6944431.005000,20.385505,580
509533.321000,6944431.094000,20.326556,580
509533.812900,6944431.184000,20.268554,580
509534.304800,6944431.274000,20.209630,580
509534.796700,6944431.364000,20.147036,580
509535.288500,6944431.453000,20.067904,580
509535.290500,6944431.454000,20.067606,580
509535.780400,6944431.543000,19.997265,580
509536.272300,6944431.633000,19.923614,580
509536.764200,6944431.723000,19.847869,580
509537.256100,6944431.812000,19.758241,580
509537.748000,6944431.902000,19.666187,580
509538.239800,6944431.992000,19.572042,580
509538.252400,6944431.994000,19.569718,580
509538.731700,6944432.081000,19.480103,580
509539.223600,6944432.171000,19.383337,580
509539.715500,6944432.261000,19.290202,580
509540.207400,6944432.351000,19.192307,580
509540.699200,6944432.440000,19.078972,580
509540.749100,6944432.450000,19.071831,580
509541.191100,6944432.530000,19.021177,580
509541.683000,6944432.620000,18.992115,580
509542.174900,6944432.710000,18.962890,580
509542.666800,6944432.799000,18.932257,580
509543.158700,6944432.889000,18.936110,580
509543.650500,6944432.979000,18.993643,580
509544.142400,6944433.069000,19.052731,580
509544.267700,6944433.091000,19.071831,580
509544.634300,6944433.158000,19.143772,580
509545.126200,6944433.248000,19.253983,580
509545.618100,6944433.338000,19.415818,580
509546.071300,6944433.420000,19.569718,580
509546.109900,6944433.427000,19.583278,580
509546.601800,6944433.517000,19.759191,580
509547.093700,6944433.607000,19.936760,580
509547.476900,6944433.677000,20.067606,580
509547.585600,6944433.697000,20.107593,580
509548.077500,6944433.786000,20.294905,580
509548.569400,6944433.876000,20.474906,580
509548.813100,6944433.921000,20.565493,580
509549.061200,6944433.966000,20.659420,580
509549.553100,6944434.056000,20.791735,580
509550.045000,6944434.145000,20.921654,580
509550.536900,6944434.235000,21.048276,580
509550.592800,6944434.245000,21.063380,580
509551.028800,6944434.325000,21.176552,580
509551.520600,6944434.415000,21.267323,580
509552.012500,6944434.504000,21.350432,580
509552.504400,6944434.594000,21.437479,580
509552.996300,6944434.684000,21.516720,580
509553.345100,6944434.747000,21.561268,580
509553.488200,6944434.774000,21.577966,580
509553.980100,6944434.863000,21.633503,580
509554.471900,6944434.953000,21.690375,580
509554.963800,6944435.043000,21.741782,580
509555.455700,6944435.132000,21.785364,580
509555.947600,6944435.222000,21.824107,580
509556.439500,6944435.312000,21.863399,580
509556.931300,6944435.402000,21.900928,580
509557.423200,6944435.491000,21.935083,580
509557.915100,6944435.581000,21.964926,580
509558.407000,6944435.671000,21.994894,580
509558.898900,6944435.761000,22.024493,580
509559.390700,6944435.850000,22.052736,580
509559.517300,6944435.873000,22.059155,580
509559.882600,6944435.940000,22.077304,580
509560.866400,6944436.120000,22.126440,580
509561.358300,6944436.209000,22.149796,580
509563.325800,6944436.568000,22.212940,580
509504.300000,6944425.800000,19.772963,585
509504.791900,6944425.890000,19.815071,585
509505.283800,6944425.979000,19.857236,585
509505.775600,6944426.069000,19.899495,585
509506.267500,6944426.159000,19.941704,585
509506.759400,6944426.249000,20.011216,585
509507.132300,6944426.317000,20.067606,585
509507.251300,6944426.338000,20.086939,585
509507.743200,6944426.428000,20.166130,585
509508.235100,6944426.518000,20.245297,585
509508.726900,6944426.608000,20.329369,585
509509.218800,6944426.697000,20.414955,585
509509.710700,6944426.787000,20.500381,585
509510.083100,6944426.855000,20.565493,585
509510.202600,6944426.877000,20.586809,585
509510.694500,6944426.967000,20.661514,585
509512.170100,6944427.236000,20.857476,585
509512.662000,6944427.325000,20.907928,585
509514.137600,6944427.595000,21.004386,585
509514.629500,6944427.684000,21.027561,585
509516.105200,6944427.954000,21.037242,585
509516.597000,6944428.043000,21.037823,585
509518.072700,6944428.313000,21.001471,585
509518.564600,6944428.402000,20.989213,585
509520.532100,6944428.761000,20.924429,585
509521.024000,6944428.851000,20.906514,585
509522.499600,6944429.120000,20.852175,585
509522.991500,6944429.210000,20.831547,585
509524.467100,6944429.479000,20.767262,585
509524.959000,6944429.569000,20.743249,585
509526.434700,6944429.838000,20.666472,585
509526.926600,6944429.928000,20.637993,585
509527.910300,6944430.107000,20.574848,585
509528.059000,6944430.134000,20.565493,585
509528.402200,6944430.197000,20.543286,585
509528.894100,6944430.287000,20.508630,585
509529.386000,6944430.376000,20.468447,585
509529.877800,6944430.466000,20.428680,585
509530.369700,6944430.556000,20.388658,585
509530.861600,6944430.646000,20.345545,585
509531.353500,6944430.735000,20.293706,585
509531.845400,6944430.825000,20.242623,585
509532.337300,6944430.915000,20.190610,585
509532.829100,6944431.005000,20.135038,585
509533.313100,6944431.093000,20.067606,585
509533.321000,6944431.094000,20.066526,585
509533.812900,6944431.184000,20.002954,585
509534.304800,6944431.274000,19.937860,585
509534.796700,6944431.364000,19.870750,585
509535.288500,6944431.453000,19.788272,585
509535.780400,6944431.543000,19.705612,585
509536.272300,6944431.633000,19.621508,585
509536.578500,6944431.689000,19.569718,585
509536.764200,6944431.723000,19.537881,585
509537.256100,6944431.812000,19.439296,585
509537.748000,6944431.902000,19.337028,585
509538.239800,6944431.992000,19.234521,585
509538.731700,6944432.081000,19.124530,585
509538.972000,6944432.125000,19.071831,585
509539.223600,6944432.171000,19.023357,585
509539.715500,6944432.261000,18.937725,585
509540.207400,6944432.351000,18.845959,585
509540.699200,6944432.440000,18.750503,585
509541.191100,6944432.530000,18.688389,585
509541.683000,6944432.620000,18.652918,585
509542.174900,6944432.710000,18.616649,585
509542.666800,6944432.799000,18.579379,585
509543.158700,6944432.889000,18.581532,585
509543.650500,6944432.979000,18.647532,585
509544.142400,6944433.069000,18.711954,585
509544.634300,6944433.158000,18.781672,585
509545.126200,6944433.248000,18.872085,585
509545.618100,6944433.338000,19.009801,585
509545.813300,6944433.373000,19.071831,585
509546.109900,6944433.427000,19.183895,585
509546.601800,6944433.517000,19.354505,585
509547.093700,6944433.607000,19.529000,585
509547.207300,6944433.628000,19.569718,585
509547.585600,6944433.697000,19.707362,585
509548.077500,6944433.786000,19.888780,585
509548.569400,6944433.876000,20.057401,585
509548.597300,6944433.881000,20.067606,585
509549.061200,6944433.966000,20.255038,585
509549.553100,6944434.056000,20.401458,585
509550.045000,6944434.145000,20.536353,585
509550.142100,6944434.163000,20.565493,585
509550.536900,6944434.235000,20.688786,585
509551.028800,6944434.325000,20.833372,585
509551.520600,6944434.415000,20.940283,585
509552.012500,6944434.504000,21.037642,585
509552.138900,6944434.527000,21.063380,585
509552.504400,6944434.594000,21.135010,585
509552.996300,6944434.684000,21.231355,585
509553.488200,6944434.774000,21.307014,585
509553.980100,6944434.863000,21.375275,585
509554.471900,6944434.953000,21.446357,585
509554.963800,6944435.043000,21.512444,585
509555.394100,6944435.121000,21.561268,585
509555.455700,6944435.132000,21.567530,585
509555.947600,6944435.222000,21.614419,585
509556.439500,6944435.312000,21.662540,585
509556.931300,6944435.402000,21.707163,585
509557.423200,6944435.491000,21.747345,585
509557.915100,6944435.581000,21.782715,585
509558.407000,6944435.671000,21.818667,585
509558.898900,6944435.761000,21.853382,585
509559.390700,6944435.850000,21.886016,585
509559.882600,6944435.940000,21.914008,585
509560.374500,6944436.030000,21.942246,585
509560.866400,6944436.120000,21.970136,585
509561.358300,6944436.209000,21.996539,585
509561.850200,6944436.299000,22.013970,585
509562.342000,6944436.389000,22.031392,585
509562.833900,6944436.478000,22.048836,585
509563.123900,6944436.531000,22.059155,585
509563.325800,6944436.568000,22.066262,585
509504.300000,6944425.800000,19.614661,590
509504.791900,6944425.890000,19.655962,590
509505.283800,6944425.979000,19.697274,590
509505.775600,6944426.069000,19.738633,590
509506.267500,6944426.159000,19.779973,590
509506.759400,6944426.249000,19.848563,590
509507.251300,6944426.338000,19.921896,590
509507.743200,6944426.428000,19.995226,590
509508.227200,6944426.516000,20.067606,590
509508.235100,6944426.518000,20.068862,590
509508.726900,6944426.608000,20.153398,590
509509.218800,6944426.697000,20.239827,590
509509.710700,6944426.787000,20.325619,590
509510.202600,6944426.877000,20.411558,590
509510.694500,6944426.967000,20.486559,590
509511.186300,6944427.056000,20.553254,590
509511.275400,6944427.073000,20.565493,590
509511.678200,6944427.146000,20.621005,590
509512.170100,6944427.236000,20.688986,590
509512.662000,6944427.325000,20.742528,590
509514.137600,6944427.595000,20.849835,590
509514.629500,6944427.684000,20.876579,590
509516.105200,6944427.954000,20.896634,590
509516.597000,6944428.043000,20.900441,590
509518.072700,6944428.313000,20.870411,590
509518.564600,6944428.402000,20.860187,590
509520.532100,6944428.761000,20.795268,590
509521.024000,6944428.851000,20.775465,590
509522.499600,6944429.120000,20.714820,590
509522.991500,6944429.210000,20.691083,590
509524.467100,6944429.479000,20.616513,590
509524.959000,6944429.569000,20.588584,590
509525.342400,6944429.639000,20.565493,590
509525.450900,6944429.659000,20.558703,590
509525.942800,6944429.748000,20.528664,590
509526.434700,6944429.838000,20.498633,590
509526.926600,6944429.928000,20.465321,590
509527.418400,6944430.018000,20.428745,590
509527.910300,6944430.107000,20.392475,590
509528.402200,6944430.197000,20.355836,590
509528.894100,6944430.287000,20.315590,590
509529.386000,6944430.376000,20.269620,590
509529.877800,6944430.466000,20.224206,590
509530.369700,6944430.556000,20.177829,590
509530.861600,6944430.646000,20.127502,590
509531.353500,6944430.735000,20.068318,590
509531.359700,6944430.737000,20.067606,590
509531.845400,6944430.825000,20.011554,590
509532.337300,6944430.915000,19.953736,590
509532.829100,6944431.005000,19.893412,590
509533.321000,6944431.094000,19.820305,590
509533.812900,6944431.184000,19.747882,590
509534.304800,6944431.274000,19.674588,590
509534.796700,6944431.364000,19.600915,590
509534.966900,6944431.395000,19.569718,590
509535.288500,6944431.453000,19.509633,590
509535.780400,6944431.543000,19.417982,590
509536.272300,6944431.633000,19.325380,590
509536.764200,6944431.723000,19.231622,590
509537.256100,6944431.812000,19.124676,590
509537.490100,6944431.855000,19.071831,590
509537.748000,6944431.902000,19.017104,590
509538.239800,6944431.992000,18.914995,590
509538.731700,6944432.081000,18.809968,590
509539.223600,6944432.171000,18.710894,590
509539.715500,6944432.261000,18.615652,590
509539.928800,6944432.300000,18.573944,590
509540.207400,6944432.351000,18.521209,590
509540.699200,6944432.440000,18.428328,590
509541.191100,6944432.530000,18.364004,590
509542.666800,6944432.799000,18.252056,590
509543.158700,6944432.889000,18.252978,590
509544.142400,6944433.069000,18.379965,590
509544.634300,6944433.158000,18.443474,590
509545.126200,6944433.248000,18.526539,590
509545.287100,6944433.277000,18.573944,590
509545.618100,6944433.338000,18.674877,590
509546.109900,6944433.427000,18.829313,590
509546.601800,6944433.517000,18.976871,590
509546.910400,6944433.574000,19.071831,590
509547.093700,6944433.607000,19.138587,590
509547.585600,6944433.697000,19.328614,590
509548.077500,6944433.786000,19.509715,590
509548.237100,6944433.816000,19.569718,590
509548.569400,6944433.876000,19.697500,590
509549.061200,6944433.966000,19.883484,590
509549.553100,6944434.056000,20.037182,590
509549.651100,6944434.074000,20.067606,590
509550.045000,6944434.145000,20.190756,590
509550.536900,6944434.235000,20.341548,590
509551.028800,6944434.325000,20.493762,590
509551.329300,6944434.380000,20.565493,590
509551.520600,6944434.415000,20.610951,590
509552.012500,6944434.504000,20.723377,590
509552.504400,6944434.594000,20.834370,590
509552.996300,6944434.684000,20.945554,590
509553.488200,6944434.774000,21.034844,590
509553.661300,6944434.805000,21.063380,590
509553.980100,6944434.863000,21.113137,590
509554.471900,6944434.953000,21.192080,590
509554.963800,6944435.043000,21.269364,590
509555.455700,6944435.132000,21.334723,590
509555.947600,6944435.222000,21.392505,590
509556.439500,6944435.312000,21.452177,590
509556.931300,6944435.402000,21.508829,590
509557.423200,6944435.491000,21.559454,590
509557.442600,6944435.495000,21.561268,590
509557.915100,6944435.581000,21.600504,590
509558.407000,6944435.671000,21.642439,590
509558.898900,6944435.761000,21.682271,590
509559.390700,6944435.850000,21.719296,590
509559.882600,6944435.940000,21.750712,590
509560.374500,6944436.030000,21.782708,590
509560.866400,6944436.120000,21.813934,590
509561.358300,6944436.209000,21.843282,590
509561.850200,6944436.299000,21.862358,590
509562.342000,6944436.389000,21.881379,590
509562.833900,6944436.478000,21.900572,590
509563.325800,6944436.568000,21.919584,590
509504.300000,6944425.800000,19.456347,595
509504.791900,6944425.890000,19.496804,595
509505.283800,6944425.979000,19.537290,595
509505.678200,6944426.051000,19.569718,595
509505.775600,6944426.069000,19.577771,595
509506.267500,6944426.159000,19.618243,595
509506.759400,6944426.249000,19.685910,595
509507.251300,6944426.338000,19.758054,595
509507.743200,6944426.428000,19.830213,595
509508.235100,6944426.518000,19.902536,595
509508.726900,6944426.608000,19.982114,595
509509.218800,6944426.697000,20.064828,595
509509.235400,6944426.700000,20.067606,595
509509.710700,6944426.787000,20.150857,595
509510.202600,6944426.877000,20.236733,595
509510.694500,6944426.967000,20.313414,595
509511.186300,6944427.056000,20.382658,595
509511.678200,6944427.146000,20.451567,595
509512.170100,6944427.236000,20.520868,595
509512.559400,6944427.307000,20.565493,595
509512.662000,6944427.325000,20.577127,595
509514.137600,6944427.595000,20.695285,595
509514.629500,6944427.684000,20.725596,595
509516.105200,6944427.954000,20.756027,595
509516.597000,6944428.043000,20.763059,595
509518.072700,6944428.313000,20.739351,595
509518.564600,6944428.402000,20.731161,595
509520.532100,6944428.761000,20.666107,595
509521.024000,6944428.851000,20.644416,595
509522.499600,6944429.120000,20.577465,595
509522.721700,6944429.161000,20.565493,595
509522.991500,6944429.210000,20.550331,595
509523.483400,6944429.300000,20.521583,595
509523.975300,6944429.389000,20.492944,595
509524.467100,6944429.479000,20.464255,595
509524.959000,6944429.569000,20.432137,595
509525.450900,6944429.659000,20.398067,595
509525.942800,6944429.748000,20.364199,595
509526.434700,6944429.838000,20.329986,595
509526.926600,6944429.928000,20.292153,595
509527.418400,6944430.018000,20.250921,595
509527.910300,6944430.107000,20.210102,595
509528.402200,6944430.197000,20.168386,595
509528.894100,6944430.287000,20.122551,595
509529.386000,6944430.376000,20.070792,595
509529.417500,6944430.382000,20.067606,595
509529.877800,6944430.466000,20.019924,595
509530.369700,6944430.556000,19.968023,595
509530.861600,6944430.646000,19.912773,595
509531.353500,6944430.735000,19.848631,595
509531.845400,6944430.825000,19.785074,595
509532.337300,6944430.915000,19.720870,595
509532.829100,6944431.005000,19.655045,595
509533.321000,6944431.094000,19.574084,595
509533.348300,6944431.099000,19.569718,595
509533.812900,6944431.184000,19.494453,595
509534.304800,6944431.274000,19.413321,595
509534.796700,6944431.364000,19.331201,595
509535.288500,6944431.453000,19.234454,595
509535.780400,6944431.543000,19.133863,595
509536.080000,6944431.598000,19.071831,595
509536.272300,6944431.633000,19.033123,595
509536.764200,6944431.723000,18.936467,595
509537.256100,6944431.812000,18.830659,595
509537.748000,6944431.902000,18.721428,595
509538.239800,6944431.992000,18.612133,595
509538.412900,6944432.023000,18.573944,595
509538.731700,6944432.081000,18.504782,595
509539.223600,6944432.171000,18.404203,595
509539.715500,6944432.261000,18.306811,595
509540.207400,6944432.351000,18.209469,595
509540.699200,6944432.440000,18.111752,595
509540.959800,6944432.488000,18.076056,595
509541.191100,6944432.530000,18.045825,595
509541.683000,6944432.620000,18.008711,595
509542.174900,6944432.710000,17.971797,595
509542.666800,6944432.799000,17.934955,595
509543.158700,6944432.889000,17.934935,595
509543.650500,6944432.979000,17.995172,595
509544.142400,6944433.069000,18.055403,595
509544.310500,6944433.099000,18.076056,595
509544.634300,6944433.158000,18.118495,595
509545.126200,6944433.248000,18.202889,595
509545.618100,6944433.338000,18.350089,595
509546.109900,6944433.427000,18.497160,595
509546.367400,6944433.474000,18.573944,595
509546.601800,6944433.517000,18.647026,595
509547.093700,6944433.607000,18.802992,595
509547.585600,6944433.697000,18.974884,595
509547.858200,6944433.746000,19.071831,595
509548.077500,6944433.786000,19.158085,595
509548.569400,6944433.876000,19.345035,595
509549.061200,6944433.966000,19.536193,595
509549.166500,6944433.985000,19.569718,595
509549.553100,6944434.056000,19.693904,595
509550.045000,6944434.145000,19.852666,595
509550.536900,6944434.235000,20.005251,595
509550.736400,6944434.272000,20.067606,595
509551.028800,6944434.325000,20.162768,595
509551.520600,6944434.415000,20.296621,595
509552.012500,6944434.504000,20.417616,595
509552.504400,6944434.594000,20.535539,595
509552.623100,6944434.616000,20.565493,595
509552.996300,6944434.684000,20.659126,595
509553.488200,6944434.774000,20.758123,595
509553.980100,6944434.863000,20.847406,595
509554.471900,6944434.953000,20.936943,595
509554.963800,6944435.043000,21.025728,595
509555.201400,6944435.086000,21.063380,595
509555.455700,6944435.132000,21.101473,595
509555.947600,6944435.222000,21.166441,595
509556.439500,6944435.312000,21.232149,595
509556.931300,6944435.402000,21.296567,595
509557.423200,6944435.491000,21.354335,595
509557.915100,6944435.581000,21.404458,595
509558.407000,6944435.671000,21.455914,595
509558.898900,6944435.761000,21.505648,595
509559.390700,6944435.850000,21.551631,595
509559.511600,6944435.872000,21.561268,595
509559.882600,6944435.940000,21.587416,595
509560.374500,6944436.030000,21.623170,595
509560.866400,6944436.120000,21.657732,595
509561.358300,6944436.209000,21.690025,595
509561.850200,6944436.299000,21.710745,595
509562.342000,6944436.389000,21.731365,595
509562.833900,6944436.478000,21.752309,595
509563.325800,6944436.568000,21.772906,595
509504.300000,6944425.800000,19.298029,600
509504.791900,6944425.890000,19.337588,600
509505.283800,6944425.979000,19.377222,600
509505.775600,6944426.069000,19.416853,600
509506.267500,6944426.159000,19.456494,600
509506.759400,6944426.249000,19.523172,600
509507.082300,6944426.308000,19.569718,600
509507.251300,6944426.338000,19.594212,600
509507.743200,6944426.428000,19.665200,600
509508.235100,6944426.518000,19.736283,600
509508.726900,6944426.608000,19.815291,600
509509.218800,6944426.697000,19.897510,600
509509.710700,6944426.787000,19.979736,600
509510.202600,6944426.877000,20.062118,600
509510.238000,6944426.883000,20.067606,600
509510.694500,6944426.967000,20.140269,600
509511.186300,6944427.056000,20.212063,600
509511.678200,6944427.146000,20.282951,600
509512.170100,6944427.236000,20.353771,600
509512.662000,6944427.325000,20.412340,600
509513.153900,6944427.415000,20.455144,600
509513.645800,6944427.505000,20.497777,600
509514.137600,6944427.595000,20.540606,600
509514.494800,6944427.660000,20.565493,600
509514.629500,6944427.684000,20.574613,600
509516.105200,6944427.954000,20.615419,600
509516.597000,6944428.043000,20.625677,600
509518.072700,6944428.313000,20.608292,600
509518.564600,6944428.402000,20.602134,600
509519.548300,6944428.582000,20.569540,600
509519.670500,6944428.604000,20.565493,600
509520.040200,6944428.672000,20.552933,600
509520.532100,6944428.761000,20.536222,600
509521.024000,6944428.851000,20.512118,600
509521.515900,6944428.941000,20.487205,600
509522.007700,6944429.030000,20.462336,600
509522.499600,6944429.120000,20.437419,600
509522.991500,6944429.210000,20.407134,600
509523.483400,6944429.300000,20.375185,600
509523.975300,6944429.389000,20.343342,600
509524.467100,6944429.479000,20.311224,600
509524.959000,6944429.569000,20.275377,600
509525.450900,6944429.659000,20.237431,600
509525.942800,6944429.748000,20.199734,600
509526.434700,6944429.838000,20.161339,600
509526.926600,6944429.928000,20.118984,600
509527.418400,6944430.018000,20.073096,600
509527.479300,6944430.029000,20.067606,600
509527.910300,6944430.107000,20.027157,600
509528.402200,6944430.197000,19.980191,600
509528.894100,6944430.287000,19.929382,600
509529.386000,6944430.376000,19.872561,600
509529.877800,6944430.466000,19.816266,600
509530.369700,6944430.556000,19.759337,600
509530.861600,6944430.646000,19.699301,600
509531.353500,6944430.735000,19.628963,600
509531.769600,6944430.811000,19.569718,600
509531.845400,6944430.825000,19.558694,600
509532.337300,6944430.915000,19.488834,600
509532.829100,6944431.005000,19.416793,600
509533.321000,6944431.094000,19.331018,600
509533.812900,6944431.184000,19.244833,600
509534.304800,6944431.274000,19.153383,600
509534.743200,6944431.354000,19.071831,600
509534.796700,6944431.364000,19.061950,600
509535.288500,6944431.453000,18.963327,600
509535.780400,6944431.543000,18.860174,600
509536.272300,6944431.633000,18.757025,600
509536.764200,6944431.723000,18.653425,600
509537.113700,6944431.786000,18.573944,600
509537.256100,6944431.812000,18.541870,600
509537.748000,6944431.902000,18.430591,600
509538.239800,6944431.992000,18.318536,600
509538.731700,6944432.081000,18.207006,600
509539.223600,6944432.171000,18.102015,600
509539.350100,6944432.194000,18.076056,600
509539.715500,6944432.261000,18.003759,600
509540.207400,6944432.351000,17.907584,600
509540.699200,6944432.440000,17.811048,600
509541.191100,6944432.530000,17.743839,600
509541.683000,6944432.620000,17.705837,600
509542.174900,6944432.710000,17.667702,600
509542.666800,6944432.799000,17.629309,600
509543.158700,6944432.889000,17.628535,600
509543.650500,6944432.979000,17.689687,600
509544.142400,6944433.069000,17.750715,600
509544.634300,6944433.158000,17.812109,600
509545.126200,6944433.248000,17.892276,600
509545.618100,6944433.338000,18.032959,600
509545.766600,6944433.365000,18.076056,600
509546.109900,6944433.427000,18.181634,600
509546.601800,6944433.517000,18.331491,600
509547.093700,6944433.607000,18.483095,600
509547.353800,6944433.654000,18.573944,600
509547.585600,6944433.697000,18.657089,600
509548.077500,6944433.786000,18.833875,600
509548.569400,6944433.876000,19.005577,600
509548.752500,6944433.910000,19.071831,600
509549.061200,6944433.966000,19.195664,600
509549.553100,6944434.056000,19.360074,600
509550.045000,6944434.145000,19.521965,600
509550.188400,6944434.172000,19.569718,600
509550.536900,6944434.235000,19.687567,600
509551.028800,6944434.325000,19.850295,600
509551.520600,6944434.415000,19.987868,600
509551.815400,6944434.468000,20.067606,600
509552.012500,6944434.504000,20.120441,600
509552.504400,6944434.594000,20.247414,600
509552.996300,6944434.684000,20.375452,600
509553.488200,6944434.774000,20.483715,600
509553.901700,6944434.849000,20.565493,600
509553.980100,6944434.863000,20.580833,600
509554.471900,6944434.953000,20.680925,600
509554.963800,6944435.043000,20.779005,600
509555.455700,6944435.132000,20.863396,600
509556.439500,6944435.312000,21.011020,600
509556.785100,6944435.375000,21.063380,600
509556.931300,6944435.402000,21.084305,600
509557.423200,6944435.491000,21.149216,600
509557.915100,6944435.581000,21.204615,600
509558.407000,6944435.671000,21.260594,600
509558.898900,6944435.761000,21.315713,600
509559.390700,6944435.850000,21.366777,600
509559.882600,6944435.940000,21.408943,600
509560.374500,6944436.030000,21.452086,600
509560.866400,6944436.120000,21.494329,600
509561.358300,6944436.209000,21.533807,600
509561.850200,6944436.299000,21.558872,600
509561.897000,6944436.308000,21.561268,600
509562.342000,6944436.389000,21.581351,600
509562.833900,6944436.478000,21.604045,600
509563.325800,6944436.568000,21.626228,600
509504.300000,6944425.800000,19.139711,605
509504.791900,6944425.890000,19.178373,605
509505.283800,6944425.979000,19.217153,605
509505.775600,6944426.069000,19.255932,605
509506.267500,6944426.159000,19.294738,605
509506.759400,6944426.249000,19.360221,605
509507.251300,6944426.338000,19.430101,605
509507.743200,6944426.428000,19.500000,605
509508.232900,6944426.517000,19.569718,605
509508.235100,6944426.518000,19.570031,605
509508.726900,6944426.608000,19.648467,605
509509.218800,6944426.697000,19.730192,605
509509.710700,6944426.787000,19.811928,605
509510.202600,6944426.877000,19.893771,605
509510.694500,6944426.967000,19.970007,605
509511.186300,6944427.056000,20.041961,605
509511.361500,6944427.088000,20.067606,605
509511.678200,6944427.146000,20.114335,605
509512.170100,6944427.236000,20.186674,605
509512.662000,6944427.325000,20.247600,605
509513.153900,6944427.415000,20.293965,605
509513.645800,6944427.505000,20.339713,605
509514.137600,6944427.595000,20.385251,605
509514.629500,6944427.684000,20.422166,605
509515.121400,6944427.774000,20.439235,605
509515.613300,6944427.864000,20.456266,605
509516.105200,6944427.954000,20.473294,605
509516.597000,6944428.043000,20.486747,605
509517.088900,6944428.133000,20.482889,605
509517.580800,6944428.223000,20.479018,605
509518.072700,6944428.313000,20.475134,605
509518.564600,6944428.402000,20.470794,605
509519.056500,6944428.492000,20.454043,605
509519.548300,6944428.582000,20.437290,605
509520.040200,6944428.672000,20.420538,605
509520.532100,6944428.761000,20.403786,605
509521.024000,6944428.851000,20.377931,605
509521.515900,6944428.941000,20.351022,605
509522.007700,6944429.030000,20.324146,605
509522.499600,6944429.120000,20.297117,605
509522.991500,6944429.210000,20.263938,605
509523.483400,6944429.300000,20.228786,605
509523.975300,6944429.389000,20.193741,605
509524.467100,6944429.479000,20.158194,605
509524.959000,6944429.569000,20.118617,605
509525.450900,6944429.659000,20.076795,605
509525.561800,6944429.679000,20.067606,605
509525.942800,6944429.748000,20.034305,605
509526.434700,6944429.838000,19.990841,605
509526.926600,6944429.928000,19.943505,605
509527.418400,6944430.018000,19.892612,605
509527.910300,6944430.107000,19.842168,605
509528.402200,6944430.197000,19.791130,605
509528.894100,6944430.287000,19.736162,605
509529.386000,6944430.376000,19.674339,605
509529.877800,6944430.466000,19.612608,605
509530.220900,6944430.529000,19.569718,605
509530.369700,6944430.556000,19.550702,605
509530.861600,6944430.646000,19.486077,605
509531.353500,6944430.735000,19.410733,605
509531.845400,6944430.825000,19.334232,605
509532.337300,6944430.915000,19.258332,605
509532.829100,6944431.005000,19.178605,605
509533.321000,6944431.094000,19.088009,605
509533.408700,6944431.110000,19.071831,605
509533.812900,6944431.184000,18.995067,605
509534.304800,6944431.274000,18.898102,605
509534.796700,6944431.364000,18.803909,605
509535.288500,6944431.453000,18.698054,605
509535.780400,6944431.543000,18.589399,605
509535.851700,6944431.556000,18.573944,605
509536.272300,6944431.633000,18.482466,605
509536.764200,6944431.723000,18.375168,605
509537.256100,6944431.812000,18.261368,605
509537.748000,6944431.902000,18.144570,605
509538.035400,6944431.954000,18.076056,605
509538.239800,6944431.992000,18.028260,605
509538.731700,6944432.081000,17.915412,605
509539.223600,6944432.171000,17.811243,605
509539.715500,6944432.261000,17.712289,605
509540.207400,6944432.351000,17.613073,605
509540.379400,6944432.382000,17.578169,605
509540.699200,6944432.440000,17.516842,605
509541.191100,6944432.530000,17.452500,605
509542.666800,6944432.799000,17.346387,605
509543.158700,6944432.889000,17.345723,605
509543.650500,6944432.979000,17.401846,605
509544.142400,6944433.069000,17.457950,605
509544.634300,6944433.158000,17.514607,605
509545.054200,6944433.235000,17.578169,605
509545.126200,6944433.248000,17.590064,605
509545.618100,6944433.338000,17.735242,605
509546.109900,6944433.427000,17.879013,605
509546.601800,6944433.517000,18.022998,605
509546.780300,6944433.550000,18.076056,605
509547.093700,6944433.607000,18.173760,605
509547.585600,6944433.697000,18.348190,605
509548.077500,6944433.786000,18.521582,605
509548.226100,6944433.814000,18.573944,605
509548.569400,6944433.876000,18.698507,605
509549.061200,6944433.966000,18.879268,605
509549.553100,6944434.056000,19.035901,605
509549.660400,6944434.075000,19.071831,605
509550.045000,6944434.145000,19.209212,605
509550.536900,6944434.235000,19.377017,605
509551.028800,6944434.325000,19.545521,605
509551.111900,6944434.340000,19.569718,605
509551.520600,6944434.415000,19.687888,605
509552.012500,6944434.504000,19.826135,605
509552.504400,6944434.594000,19.961096,605
509552.901000,6944434.666000,20.067606,605
509552.996300,6944434.684000,20.093114,605
509553.488200,6944434.774000,20.214605,605
509553.980100,6944434.863000,20.321405,605
509554.471900,6944434.953000,20.427334,605
509554.963800,6944435.043000,20.532350,605
509555.137600,6944435.074000,20.565493,605
509555.455700,6944435.132000,20.624375,605
509556.439500,6944435.312000,20.786267,605
509556.931300,6944435.402000,20.867548,605
509557.423200,6944435.491000,20.940493,605
509557.915100,6944435.581000,21.002911,605
509558.391200,6944435.668000,21.063380,605
509558.407000,6944435.671000,21.065275,605
509558.898900,6944435.761000,21.125779,605
509559.390700,6944435.850000,21.181924,605
509559.882600,6944435.940000,21.227578,605
509560.374500,6944436.030000,21.273682,605
509560.866400,6944436.120000,21.319300,605
509561.358300,6944436.209000,21.362027,605
509561.850200,6944436.299000,21.388738,605
509562.342000,6944436.389000,21.415355,605
509562.833900,6944436.478000,21.442430,605
509563.325800,6944436.568000,21.469109,605
509504.300000,6944425.800000,18.980848,610
509504.791900,6944425.890000,19.018864,610
509505.283800,6944425.979000,19.057001,610
509505.475600,6944426.014000,19.071831,610
509505.775600,6944426.069000,19.095010,610
509506.267500,6944426.159000,19.132981,610
509506.759400,6944426.249000,19.197271,610
509507.251300,6944426.338000,19.265941,610
509507.743200,6944426.428000,19.334542,610
509508.235100,6944426.518000,19.403660,610
509508.726900,6944426.608000,19.481534,610
509509.218800,6944426.697000,19.562865,610
509509.260400,6944426.705000,19.569718,610
509509.710700,6944426.787000,19.644120,610
509510.202600,6944426.877000,19.725424,610
509510.694500,6944426.967000,19.801830,610
509511.186300,6944427.056000,19.874587,610
509511.678200,6944427.146000,19.947230,610
509512.170100,6944427.236000,20.019968,610
509512.542100,6944427.304000,20.067606,610
509512.662000,6944427.325000,20.082859,610
509513.153900,6944427.415000,20.132786,610
509513.645800,6944427.505000,20.181650,610
509514.137600,6944427.595000,20.229896,610
509514.629500,6944427.684000,20.269625,610
509515.121400,6944427.774000,20.289991,610
509515.613300,6944427.864000,20.310215,610
509516.105200,6944427.954000,20.330334,610
509516.597000,6944428.043000,20.346611,610
509517.088900,6944428.133000,20.344740,610
509517.580800,6944428.223000,20.342856,610
509518.072700,6944428.313000,20.340959,610
509518.564600,6944428.402000,20.338536,610
509519.056500,6944428.492000,20.321737,610
509519.548300,6944428.582000,20.304939,610
509520.040200,6944428.672000,20.288142,610
509520.532100,6944428.761000,20.271349,610
509521.024000,6944428.851000,20.243743,610
509521.515900,6944428.941000,20.214839,610
509522.007700,6944429.030000,20.185956,610
509522.499600,6944429.120000,20.156815,610
509522.991500,6944429.210000,20.120742,610
509523.483400,6944429.300000,20.082388,610
509523.676000,6944429.335000,20.067606,610
509523.975300,6944429.389000,20.043114,610
509524.467100,6944429.479000,20.002719,610
509524.959000,6944429.569000,19.958182,610
509525.450900,6944429.659000,19.911391,610
509525.942800,6944429.748000,19.864934,610
509526.434700,6944429.838000,19.818026,610
509526.926600,6944429.928000,19.767052,610
509527.418400,6944430.018000,19.712043,610
509527.910300,6944430.107000,19.657178,610
509528.402200,6944430.197000,19.602069,610
509528.674000,6944430.247000,19.569718,610
509528.894100,6944430.287000,19.542932,610
509529.386000,6944430.376000,19.476792,610
509529.877800,6944430.466000,19.410886,610
509530.369700,6944430.556000,19.342564,610
509530.861600,6944430.646000,19.273237,610
509531.353500,6944430.735000,19.193033,610
509531.845400,6944430.825000,19.109770,610
509532.076400,6944430.867000,19.071831,610
509532.337300,6944430.915000,19.027061,610
509532.829100,6944431.005000,18.940222,610
509533.321000,6944431.094000,18.843494,610
509533.812900,6944431.184000,18.744970,610
509534.304800,6944431.274000,18.644951,610
509534.659200,6944431.339000,18.573944,610
509534.796700,6944431.364000,18.546057,610
509535.288500,6944431.453000,18.435363,610
509535.780400,6944431.543000,18.322866,610
509536.272300,6944431.633000,18.210938,610
509536.764200,6944431.723000,18.098777,610
509536.860100,6944431.740000,18.076056,610
509537.256100,6944431.812000,17.982516,610
509537.748000,6944431.902000,17.864846,610
509538.239800,6944431.992000,17.747650,610
509538.731700,6944432.081000,17.628670,610
509538.964900,6944432.124000,17.578169,610
509539.223600,6944432.171000,17.524216,610
509539.715500,6944432.261000,17.428809,610
509540.207400,6944432.351000,17.333610,610
509540.699200,6944432.440000,17.238493,610
509541.191100,6944432.530000,17.174100,610
509542.174900,6944432.710000,17.103387,610
509542.496300,6944432.768000,17.080282,610
509542.666800,6944432.799000,17.068060,610
509543.158700,6944432.889000,17.067584,610
509543.269200,6944432.909000,17.080282,610
509543.650500,6944432.979000,17.124149,610
509544.142400,6944433.069000,17.180754,610
509544.634300,6944433.158000,17.237561,610
509545.126200,6944433.248000,17.312880,610
509545.618100,6944433.338000,17.447993,610
509546.093900,6944433.425000,17.578169,610
509546.109900,6944433.427000,17.582881,610
509546.601800,6944433.517000,17.728046,610
509547.093700,6944433.607000,17.875612,610
509547.585600,6944433.697000,18.044638,610
509547.675100,6944433.713000,18.076056,610
509548.077500,6944433.786000,18.223393,610
509548.569400,6944433.876000,18.400034,610
509549.053900,6944433.965000,18.573944,610
509549.061200,6944433.966000,18.576664,610
509549.553100,6944434.056000,18.742547,610
509550.045000,6944434.145000,18.908124,610
509550.536900,6944434.235000,19.070754,610
509550.540100,6944434.236000,19.071831,610
509551.028800,6944434.325000,19.243342,610
509551.520600,6944434.415000,19.391516,610
509552.012500,6944434.504000,19.534064,610
509552.135300,6944434.527000,19.569718,610
509552.504400,6944434.594000,19.677779,610
509552.996300,6944434.684000,19.819794,610
509553.488200,6944434.774000,19.946088,610
509553.980100,6944434.863000,20.062356,610
509554.002000,6944434.867000,20.067606,610
509554.471900,6944434.953000,20.175734,610
509554.963800,6944435.043000,20.286137,610
509555.455700,6944435.132000,20.386559,610
509555.947600,6944435.222000,20.474193,610
509556.439500,6944435.312000,20.561535,610
509556.460800,6944435.316000,20.565493,610
509556.931300,6944435.402000,20.650300,610
509557.423200,6944435.491000,20.729176,610
509558.898900,6944435.761000,20.931819,610
509559.390700,6944435.850000,20.994754,610
509559.882600,6944435.940000,21.045582,610
509560.052900,6944435.971000,21.063380,610
509560.374500,6944436.030000,21.095278,610
509560.866400,6944436.120000,21.144272,610
509561.358300,6944436.209000,21.190247,610
509561.850200,6944436.299000,21.218604,610
509562.342000,6944436.389000,21.246888,610
509562.833900,6944436.478000,21.275402,610
509563.325800,6944436.568000,21.303689,610
509504.300000,6944425.800000,18.821576,615
509504.791900,6944425.890000,18.858761,615
509505.283800,6944425.979000,18.896020,615
509505.775600,6944426.069000,18.933285,615
509506.267500,6944426.159000,18.970600,615
509506.759400,6944426.249000,19.034106,615
509507.033800,6944426.299000,19.071831,615
509507.251300,6944426.338000,19.101782,615
509507.743200,6944426.428000,19.169084,615
509508.235100,6944426.518000,19.237289,615
509508.726900,6944426.608000,19.314504,615
509509.218800,6944426.697000,19.395314,615
509509.710700,6944426.787000,19.476165,615
509510.202600,6944426.877000,19.557070,615
509510.283700,6944426.892000,19.569718,615
509510.694500,6944426.967000,19.633653,615
509511.186300,6944427.056000,19.707214,615
509511.678200,6944427.146000,19.780703,615
509512.170100,6944427.236000,19.854233,615
509512.662000,6944427.325000,19.918345,615
509513.153900,6944427.415000,19.970755,615
509513.645800,6944427.505000,20.022880,615
509514.069700,6944427.582000,20.067606,615
509514.137600,6944427.595000,20.074541,615
509514.629500,6944427.684000,20.117083,615
509515.121400,6944427.774000,20.140746,615
509515.613300,6944427.864000,20.164163,615
509516.105200,6944427.954000,20.187374,615
509516.597000,6944428.043000,20.206475,615
509517.088900,6944428.133000,20.206591,615
509517.580800,6944428.223000,20.206694,615
509518.072700,6944428.313000,20.206784,615
509518.564600,6944428.402000,20.206278,615
509519.056500,6944428.492000,20.189431,615
509519.548300,6944428.582000,20.172587,615
509520.040200,6944428.672000,20.155747,615
509520.532100,6944428.761000,20.138913,615
509521.024000,6944428.851000,20.109555,615
509521.515900,6944428.941000,20.078656,615
509521.693500,6944428.973000,20.067606,615
509522.007700,6944429.030000,20.046675,615
509522.499600,6944429.120000,20.013856,615
509522.991500,6944429.210000,19.973127,615
509523.483400,6944429.300000,19.929939,615
509523.975300,6944429.389000,19.886970,615
509524.467100,6944429.479000,19.843698,615
509524.959000,6944429.569000,19.795975,615
509525.450900,6944429.659000,19.745698,615
509525.942800,6944429.748000,19.695564,615
509526.434700,6944429.838000,19.645211,615
509526.926600,6944429.928000,19.590598,615
509527.102900,6944429.960000,19.569718,615
509527.418400,6944430.018000,19.531743,615
509527.910300,6944430.107000,19.472310,615
509528.402200,6944430.197000,19.413328,615
509528.894100,6944430.287000,19.349643,615
509529.386000,6944430.376000,19.279998,615
509529.877800,6944430.466000,19.209680,615
509530.369700,6944430.556000,19.134426,615
509530.787100,6944430.632000,19.071831,615
509530.861600,6944430.646000,19.059913,615
509531.353500,6944430.735000,18.971507,615
509531.845400,6944430.825000,18.881008,615
509532.337300,6944430.915000,18.792537,615
509532.829100,6944431.005000,18.701681,615
509533.321000,6944431.094000,18.598872,615
509533.440900,6944431.116000,18.573944,615
509533.812900,6944431.184000,18.495732,615
509534.304800,6944431.274000,18.392748,615
509534.796700,6944431.364000,18.289753,615
509535.288500,6944431.453000,18.174943,615
509535.701000,6944431.529000,18.076056,615
509535.780400,6944431.543000,18.056875,615
509536.272300,6944431.633000,17.942093,615
509536.764200,6944431.723000,17.825903,615
509537.256100,6944431.812000,17.706880,615
509537.748000,6944431.902000,17.587105,615
509537.784900,6944431.909000,17.578169,615
509538.239800,6944431.992000,17.469732,615
509538.731700,6944432.081000,17.351634,615
509539.223600,6944432.171000,17.248191,615
509539.715500,6944432.261000,17.152140,615
509540.084000,6944432.328000,17.080282,615
509540.207400,6944432.351000,17.056261,615
509540.699200,6944432.440000,16.960657,615
509541.191100,6944432.530000,16.896006,615
509541.683000,6944432.620000,16.860356,615
509542.174900,6944432.710000,16.825064,615
509542.666800,6944432.799000,16.790378,615
509543.158700,6944432.889000,16.790155,615
509543.650500,6944432.979000,16.846633,615
509544.142400,6944433.069000,16.904141,615
509544.634300,6944433.158000,16.961232,615
509545.126200,6944433.248000,17.036909,615
509545.283800,6944433.277000,17.080282,615
509545.618100,6944433.338000,17.172433,615
509546.109900,6944433.427000,17.308053,615
509546.601800,6944433.517000,17.443663,615
509547.078900,6944433.604000,17.578169,615
509547.093700,6944433.607000,17.582628,615
509547.585600,6944433.697000,17.758852,615
509548.077500,6944433.786000,17.932594,615
509548.483300,6944433.860000,18.076056,615
509548.569400,6944433.876000,18.107427,615
509549.061200,6944433.966000,18.286280,615
509549.553100,6944434.056000,18.452240,615
509549.920200,6944434.123000,18.573944,615
509550.045000,6944434.145000,18.616175,615
509550.536900,6944434.235000,18.785228,615
509551.028800,6944434.325000,18.951442,615
509551.438000,6944434.400000,19.071831,615
509551.520600,6944434.415000,19.097491,615
509552.012500,6944434.504000,19.253102,615
509552.504400,6944434.594000,19.400630,615
509552.996300,6944434.684000,19.547559,615
509553.079100,6944434.699000,19.569718,615
509553.488200,6944434.774000,19.678284,615
509553.980100,6944434.863000,19.800501,615
509554.471900,6944434.953000,19.922146,615
509554.963800,6944435.043000,20.039902,615
509555.085100,6944435.065000,20.067606,615
509555.455700,6944435.132000,20.149136,615
509555.947600,6944435.222000,20.244218,615
509556.439500,6944435.312000,20.337954,615
509556.931300,6944435.402000,20.432174,615
509557.423200,6944435.491000,20.517472,615
509557.742900,6944435.550000,20.565493,615
509557.915100,6944435.581000,20.590536,615
509558.898900,6944435.761000,20.735888,615
509559.390700,6944435.850000,20.803444,615
509560.374500,6944436.030000,20.911674,615
509560.866400,6944436.120000,20.965795,615
509561.358300,6944436.209000,21.016736,615
509561.850200,6944436.299000,21.047883,615
509562.093800,6944436.343000,21.063380,615
509562.342000,6944436.389000,21.078421,615
509562.833900,6944436.478000,21.108373,615
509563.325800,6944436.568000,21.138270,615
509504.300000,6944425.800000,18.662303,620
509504.791900,6944425.890000,18.698658,620
509505.283800,6944425.979000,18.735039,620
509505.775600,6944426.069000,18.771423,620
509506.267500,6944426.159000,18.807838,620
509506.759400,6944426.249000,18.870225,620
509507.251300,6944426.338000,18.936813,620
509507.743200,6944426.428000,19.003237,620
509508.235100,6944426.518000,19.070909,620
509508.240900,6944426.519000,19.071831,620
509508.726900,6944426.608000,19.147473,620
509509.218800,6944426.697000,19.227764,620
509509.710700,6944426.787000,19.308094,620
509510.202600,6944426.877000,19.388636,620
509510.694500,6944426.967000,19.465489,620
509511.186300,6944427.056000,19.539899,620
509511.383400,6944427.092000,19.569718,620
509511.678200,6944427.146000,19.614177,620
509512.170100,6944427.236000,19.688498,620
509512.662000,6944427.325000,19.753854,620
509513.153900,6944427.415000,19.808146,620
509513.645800,6944427.505000,19.862277,620
509514.137600,6944427.595000,19.916178,620
509514.629500,6944427.684000,19.961943,620
509516.105200,6944427.954000,20.043422,620
509516.597000,6944428.043000,20.066279,620
509516.891600,6944428.097000,20.067606,620
509517.088900,6944428.133000,20.068442,620
509517.580800,6944428.223000,20.070532,620
509518.072700,6944428.313000,20.072610,620
509518.564600,6944428.402000,20.074020,620
509518.751400,6944428.436000,20.067606,620
509519.056500,6944428.492000,20.056496,620
509520.532100,6944428.761000,20.002774,620
509521.024000,6944428.851000,19.969928,620
509521.515900,6944428.941000,19.935357,620
509522.007700,6944429.030000,19.900881,620
509522.499600,6944429.120000,19.866258,620
509522.991500,6944429.210000,19.822904,620
509523.483400,6944429.300000,19.776809,620
509523.975300,6944429.389000,19.730826,620
509524.467100,6944429.479000,19.684677,620
509524.959000,6944429.569000,19.633767,620
509525.450900,6944429.659000,19.580005,620
509525.546600,6944429.676000,19.569718,620
509525.942800,6944429.748000,19.526485,620
509526.434700,6944429.838000,19.472310,620
509526.926600,6944429.928000,19.414749,620
509527.418400,6944430.018000,19.352443,620
509527.910300,6944430.107000,19.287550,620
509528.402200,6944430.197000,19.224652,620
509528.894100,6944430.287000,19.156353,620
509529.386000,6944430.376000,19.083205,620
509529.462200,6944430.390000,19.071831,620
509529.877800,6944430.466000,19.004124,620
509530.369700,6944430.556000,18.920083,620
509530.861600,6944430.646000,18.838057,620
509531.353500,6944430.735000,18.745173,620
509531.845400,6944430.825000,18.651371,620
509532.254800,6944430.900000,18.573944,620
509532.337300,6944430.915000,18.558002,620
509532.829100,6944431.005000,18.463173,620
509533.321000,6944431.094000,18.356059,620
509533.812900,6944431.184000,18.248350,620
509534.304800,6944431.274000,18.140914,620
509534.603700,6944431.328000,18.076056,620
509534.796700,6944431.364000,18.033090,620
509535.288500,6944431.453000,17.914301,620
509535.780400,6944431.543000,17.794481,620
509536.272300,6944431.633000,17.675897,620
509536.666400,6944431.705000,17.578169,620
509536.764200,6944431.723000,17.553650,620
509537.256100,6944431.812000,17.433948,620
509537.748000,6944431.902000,17.314871,620
509538.239800,6944431.992000,17.195920,620
509538.716900,6944432.079000,17.080282,620
509538.731700,6944432.081000,17.076681,620
509539.223600,6944432.171000,16.972508,620
509539.715500,6944432.261000,16.876084,620
509540.207400,6944432.351000,16.779867,620
509540.699200,6944432.440000,16.683499,620
509541.191100,6944432.530000,16.618069,620
509541.677200,6944432.619000,16.582394,620
509541.683000,6944432.620000,16.581981,620
509542.174900,6944432.710000,16.547993,620
509542.666800,6944432.799000,16.515041,620
509543.158700,6944432.889000,16.515146,620
509543.650500,6944432.979000,16.569655,620
509543.761100,6944432.999000,16.582394,620
509544.142400,6944433.069000,16.627858,620
509544.634300,6944433.158000,16.685843,620
509545.126200,6944433.248000,16.761938,620
509545.618100,6944433.338000,16.897939,620
509546.109900,6944433.427000,17.033874,620
509546.277700,6944433.458000,17.080282,620
509546.601800,6944433.517000,17.170200,620
509547.093700,6944433.607000,17.309804,620
509547.585600,6944433.697000,17.478154,620
509547.878500,6944433.750000,17.578169,620
509548.077500,6944433.786000,17.649014,620
509548.569400,6944433.876000,17.823965,620
509549.061200,6944433.966000,17.998666,620
509549.291100,6944434.008000,18.076056,620
509549.553100,6944434.056000,18.166051,620
509550.045000,6944434.145000,18.334444,620
509550.536900,6944434.235000,18.502659,620
509550.744500,6944434.273000,18.573944,620
509551.028800,6944434.325000,18.673033,620
509551.520600,6944434.415000,18.824642,620
509552.012500,6944434.504000,18.976304,620
509552.325500,6944434.561000,19.071831,620
509552.504400,6944434.594000,19.127283,620
509552.996300,6944434.684000,19.277432,620
509553.488200,6944434.774000,19.413041,620
509553.980100,6944434.863000,19.539607,620
509554.096700,6944434.885000,19.569718,620
509554.471900,6944434.953000,19.667061,620
509554.963800,6944435.043000,19.793489,620
509555.455700,6944435.132000,19.908896,620
509555.947600,6944435.222000,20.012694,620
509556.206300,6944435.269000,20.067606,620
509556.439500,6944435.312000,20.114373,620
509556.931300,6944435.402000,20.213484,620
509557.423200,6944435.491000,20.304433,620
509557.915100,6944435.581000,20.383409,620
509558.407000,6944435.671000,20.460970,620
509558.898900,6944435.761000,20.539563,620
509559.070200,6944435.792000,20.565493,620
509559.390700,6944435.850000,20.612133,620
509560.374500,6944436.030000,20.726937,620
509560.866400,6944436.120000,20.784354,620
509561.358300,6944436.209000,20.838335,620
509563.325800,6944436.568000,20.969161,620
509504.300000,6944425.800000,18.502945,625
509504.791900,6944425.890000,18.538502,625
509505.282200,6944425.979000,18.573944,625
509505.283800,6944425.979000,18.574058,625
509505.775600,6944426.069000,18.609562,625
509506.267500,6944426.159000,18.645077,625
509506.759400,6944426.249000,18.706344,625
509507.251300,6944426.338000,18.771664,625
509507.743200,6944426.428000,18.836834,625
509508.235100,6944426.518000,18.902785,625
509508.726900,6944426.608000,18.979314,625
509509.218800,6944426.697000,19.060040,625
509509.290600,6944426.710000,19.071831,625
509509.710700,6944426.787000,19.140022,625
509510.202600,6944426.877000,19.220202,625
509510.694500,6944426.967000,19.297333,625
509511.186300,6944427.056000,19.372859,625
509511.678200,6944427.146000,19.447709,625
509512.170100,6944427.236000,19.522814,625
509512.516100,6944427.299000,19.569718,625
509512.662000,6944427.325000,19.589363,625
509513.153900,6944427.415000,19.645538,625
509513.645800,6944427.505000,19.701674,625
509514.137600,6944427.595000,19.757674,625
509514.629500,6944427.684000,19.805554,625
509516.105200,6944427.954000,19.894353,625
509516.597000,6944428.043000,19.919516,625
509518.072700,6944428.313000,19.931123,625
509518.564600,6944428.402000,19.934239,625
509520.532100,6944428.761000,19.862317,625
509521.024000,6944428.851000,19.827827,625
509521.515900,6944428.941000,19.791431,625
509522.007700,6944429.030000,19.755088,625
509522.499600,6944429.120000,19.718660,625
509522.991500,6944429.210000,19.672681,625
509523.483400,6944429.300000,19.623680,625
509523.975300,6944429.389000,19.574683,625
509524.025900,6944429.399000,19.569718,625
509524.467100,6944429.479000,19.525678,625
509524.959000,6944429.569000,19.471761,625
509525.450900,6944429.659000,19.414826,625
509525.942800,6944429.748000,19.358246,625
509526.434700,6944429.838000,19.299342,625
509526.926600,6944429.928000,19.238982,625
509527.418400,6944430.018000,19.173144,625
509527.910300,6944430.107000,19.102790,625
509528.140800,6944430.149000,19.071831,625
509528.402200,6944430.197000,19.033257,625
509528.894100,6944430.287000,18.955777,625
509529.386000,6944430.376000,18.873176,625
509529.877800,6944430.466000,18.789103,625
509530.369700,6944430.556000,18.703071,625
509530.861600,6944430.646000,18.616201,625
509531.077500,6944430.685000,18.573944,625
509531.353500,6944430.735000,18.518738,625
509531.845400,6944430.825000,18.421076,625
509532.337300,6944430.915000,18.323331,625
509532.829100,6944431.005000,18.224702,625
509533.321000,6944431.094000,18.113452,625
509533.486700,6944431.125000,18.076056,625
509533.812900,6944431.184000,18.000609,625
509534.304800,6944431.274000,17.888625,625
509534.796700,6944431.364000,17.774625,625
509535.288500,6944431.453000,17.653524,625
509535.594500,6944431.509000,17.578169,625
509535.780400,6944431.543000,17.531462,625
509536.272300,6944431.633000,17.408529,625
509536.764200,6944431.723000,17.284458,625
509537.256100,6944431.812000,17.163386,625
509537.595700,6944431.874000,17.080282,625
509537.748000,6944431.902000,17.042958,625
509538.239800,6944431.992000,16.922678,625
509538.731700,6944432.081000,16.802292,625
509539.223600,6944432.171000,16.697356,625
509539.715500,6944432.261000,16.600242,625
509539.806400,6944432.278000,16.582394,625
509540.207400,6944432.351000,16.504682,625
509540.699200,6944432.440000,16.409700,625
509541.191100,6944432.530000,16.346185,625
509541.683000,6944432.620000,16.312513,625
509542.174900,6944432.710000,16.279422,625
509542.666800,6944432.799000,16.246704,625
509543.158700,6944432.889000,16.247348,625
509543.650500,6944432.979000,16.302744,625
509544.142400,6944433.069000,16.359135,625
509544.634300,6944433.158000,16.415494,625
509545.126200,6944433.248000,16.489824,625
509545.468400,6944433.310000,16.582394,625
509545.618100,6944433.338000,16.623981,625
509546.109900,6944433.427000,16.761178,625
509546.601800,6944433.517000,16.897526,625
509547.093700,6944433.607000,17.037405,625
509547.218700,6944433.630000,17.080282,625
509547.585600,6944433.697000,17.206203,625
509548.077500,6944433.786000,17.375270,625
509548.569400,6944433.876000,17.543408,625
509548.670800,6944433.895000,17.578169,625
509549.061200,6944433.966000,17.718033,625
509549.553100,6944434.056000,17.888458,625
509550.045000,6944434.145000,18.055245,625
509550.105000,6944434.156000,18.076056,625
509550.536900,6944434.235000,18.228507,625
509551.028800,6944434.325000,18.399252,625
509551.520600,6944434.415000,18.554021,625
509551.584900,6944434.426000,18.573944,625
509552.012500,6944434.504000,18.707079,625
509552.504400,6944434.594000,18.860302,625
509552.996300,6944434.684000,19.010045,625
509553.216400,6944434.724000,19.071831,625
509553.488200,6944434.774000,19.149544,625
509553.980100,6944434.863000,19.285844,625
509554.471900,6944434.953000,19.416495,625
509554.963800,6944435.043000,19.547321,625
509555.055100,6944435.059000,19.569718,625
509555.455700,6944435.132000,19.667182,625
509555.947600,6944435.222000,19.776043,625
509556.439500,6944435.312000,19.884676,625
509556.931300,6944435.402000,19.992489,625
509557.299700,6944435.469000,20.067606,625
509557.423200,6944435.491000,20.091393,625
509557.915100,6944435.581000,20.176151,625
509558.407000,6944435.671000,20.257611,625
509558.898900,6944435.761000,20.340611,625
509559.390700,6944435.850000,20.418077,625
509559.882600,6944435.940000,20.480118,625
509560.374500,6944436.030000,20.541799,625
509560.561100,6944436.064000,20.565493,625
509560.866400,6944436.120000,20.602914,625
509561.358300,6944436.209000,20.659934,625
509563.325800,6944436.568000,20.797001,625
509504.300000,6944425.800000,18.343481,630
509506.267500,6944426.159000,18.482193,630
509506.759400,6944426.249000,18.542375,630
509507.002100,6944426.293000,18.573944,630
509507.251300,6944426.338000,18.606515,630
509507.743200,6944426.428000,18.670431,630
509508.235100,6944426.518000,18.734660,630
509508.726900,6944426.608000,18.810221,630
509509.218800,6944426.697000,18.889994,630
509509.710700,6944426.787000,18.970041,630
509510.202600,6944426.877000,19.051227,630
509510.329900,6944426.900000,19.071831,630
509510.694500,6944426.967000,19.129177,630
509511.186300,6944427.056000,19.205819,630
509511.678200,6944427.146000,19.281264,630
509512.170100,6944427.236000,19.357259,630
509512.662000,6944427.325000,19.424778,630
509513.153900,6944427.415000,19.483300,630
509513.645800,6944427.505000,19.541195,630
509513.886700,6944427.549000,19.569718,630
509514.137600,6944427.595000,19.599170,630
509514.629500,6944427.684000,19.649166,630
509516.105200,6944427.954000,19.745283,630
509516.597000,6944428.043000,19.772752,630
509518.072700,6944428.313000,19.789353,630
509518.564600,6944428.402000,19.794074,630
509520.532100,6944428.761000,19.721860,630
509521.024000,6944428.851000,19.685725,630
509521.515900,6944428.941000,19.647504,630
509522.007700,6944429.030000,19.609294,630
509522.499600,6944429.120000,19.571062,630
509522.513500,6944429.123000,19.569718,630
509522.991500,6944429.210000,19.522613,630
509523.483400,6944429.300000,19.471061,630
509523.975300,6944429.389000,19.418421,630
509524.467100,6944429.479000,19.366736,630
509524.959000,6944429.569000,19.309886,630
509525.450900,6944429.659000,19.249682,630
509525.942800,6944429.748000,19.190006,630
509526.434700,6944429.838000,19.126374,630
509526.860400,6944429.916000,19.071831,630
509526.926600,6944429.928000,19.062312,630
509527.418400,6944430.018000,18.985896,630
509527.910300,6944430.107000,18.906066,630
509528.402200,6944430.197000,18.830270,630
509528.894100,6944430.287000,18.749538,630
509529.386000,6944430.376000,18.662335,630
509529.877800,6944430.466000,18.574083,630
509529.878600,6944430.466000,18.573944,630
509530.369700,6944430.556000,18.485042,630
509530.861600,6944430.646000,18.393547,630
509531.353500,6944430.735000,18.291989,630
509531.845400,6944430.825000,18.190446,630
509532.337300,6944430.915000,18.088660,630
509532.398600,6944430.926000,18.076056,630
509532.829100,6944431.005000,17.983783,630
509533.321000,6944431.094000,17.867428,630
509533.812900,6944431.184000,17.752045,630
509534.304800,6944431.274000,17.636178,630
509534.545400,6944431.318000,17.578169,630
509534.796700,6944431.364000,17.515196,630
509535.288500,6944431.453000,17.390417,630
509535.780400,6944431.543000,17.265504,630
509536.272300,6944431.633000,17.140481,630
509536.509300,6944431.676000,17.080282,630
509536.764200,6944431.723000,17.015108,630
509537.256100,6944431.812000,16.893079,630
509537.748000,6944431.902000,16.771910,630
509538.239800,6944431.992000,16.649852,630
509538.512600,6944432.041000,16.582394,630
509538.731700,6944432.081000,16.527625,630
509539.223600,6944432.171000,16.422409,630
509539.715500,6944432.261000,16.327042,630
509540.207400,6944432.351000,16.232524,630
509540.699200,6944432.440000,16.137830,630
509541.117800,6944432.517000,16.084507,630
509541.191100,6944432.530000,16.075222,630
509542.666800,6944432.799000,15.978840,630
509543.158700,6944432.889000,15.980096,630
509543.650500,6944432.979000,16.035979,630
509544.077600,6944433.057000,16.084507,630
509544.142400,6944433.069000,16.091901,630
509544.634300,6944433.158000,16.148176,630
509545.126200,6944433.248000,16.223083,630
509545.618100,6944433.338000,16.356582,630
509546.109900,6944433.427000,16.490588,630
509546.447600,6944433.489000,16.582394,630
509546.601800,6944433.517000,16.625239,630
509547.093700,6944433.607000,16.765608,630
509547.585600,6944433.697000,16.935522,630
509548.006400,6944433.773000,17.080282,630
509548.077500,6944433.786000,17.104803,630
509548.569400,6944433.876000,17.275002,630
509549.061200,6944433.966000,17.444389,630
509549.449500,6944434.037000,17.578169,630
509549.553100,6944434.056000,17.614808,630
509550.045000,6944434.145000,17.785647,630
509550.536900,6944434.235000,17.956811,630
509550.880500,6944434.298000,18.076056,630
509551.028800,6944434.325000,18.128029,630
509551.520600,6944434.415000,18.285934,630
509552.012500,6944434.504000,18.441166,630
509552.437800,6944434.582000,18.573944,630
509552.504400,6944434.594000,18.594942,630
509552.996300,6944434.684000,18.751390,630
509553.488200,6944434.774000,18.893399,630
509553.980100,6944434.863000,19.032489,630
509554.120700,6944434.889000,19.071831,630
509554.471900,6944434.953000,19.168717,630
509554.963800,6944435.043000,19.303579,630
509555.455700,6944435.132000,19.427046,630
509555.947600,6944435.222000,19.539966,630
509556.076300,6944435.246000,19.569718,630
509556.439500,6944435.312000,19.653360,630
509556.931300,6944435.402000,19.766877,630
509557.423200,6944435.491000,19.871434,630
509557.915100,6944435.581000,19.964124,630
509558.407000,6944435.671000,20.053675,630
509558.480800,6944435.684000,20.067606,630
509558.898900,6944435.761000,20.141658,630
509559.390700,6944435.850000,20.223134,630
509559.882600,6944435.940000,20.288975,630
509560.374500,6944436.030000,20.353879,630
509560.866400,6944436.120000,20.418392,630
509561.358300,6944436.209000,20.479559,630
509561.850200,6944436.299000,20.516250,630
509562.342000,6944436.389000,20.552901,630
509562.510000,6944436.419000,20.565493,630
509562.833900,6944436.478000,20.589013,630
509563.325800,6944436.568000,20.624840,630
509504.300000,6944425.800000,18.184017,635
509506.267500,6944426.159000,18.319215,635
509506.759400,6944426.249000,18.378037,635
509508.235100,6944426.518000,18.566513,635
509508.284200,6944426.527000,18.573944,635
509508.726900,6944426.608000,18.641128,635
509509.218800,6944426.697000,18.719949,635
509509.710700,6944426.787000,18.798758,635
509510.202600,6944426.877000,18.878249,635
509510.694500,6944426.967000,18.957500,635
509511.186300,6944427.056000,19.037433,635
509511.399700,6944427.095000,19.071831,635
509511.678200,6944427.146000,19.114818,635
509512.170100,6944427.236000,19.191705,635
509512.662000,6944427.325000,19.260182,635
509513.153900,6944427.415000,19.321387,635
509513.645800,6944427.505000,19.381290,635
509514.137600,6944427.595000,19.440653,635
509514.629500,6944427.684000,19.492778,635
509515.121400,6944427.774000,19.527256,635
509515.613300,6944427.864000,19.561723,635
509515.725800,6944427.884000,19.569718,635
509516.105200,6944427.954000,19.596213,635
509516.597000,6944428.043000,19.625989,635
509518.072700,6944428.313000,19.647584,635
509518.564600,6944428.402000,19.653909,635
509520.532100,6944428.761000,19.581403,635
509520.685500,6944428.789000,19.569718,635
509521.024000,6944428.851000,19.543586,635
509521.515900,6944428.941000,19.503656,635
509522.007700,6944429.030000,19.463674,635
509522.499600,6944429.120000,19.423222,635
509522.991500,6944429.210000,19.372884,635
509523.483400,6944429.300000,19.318721,635
509523.975300,6944429.389000,19.262155,635
509524.467100,6944429.479000,19.207794,635
509524.959000,6944429.569000,19.148012,635
509525.450900,6944429.659000,19.084537,635
509525.552000,6944429.677000,19.071831,635
509525.942800,6944429.748000,19.015777,635
509526.434700,6944429.838000,18.941713,635
509526.926600,6944429.928000,18.868123,635
509527.418400,6944430.018000,18.788321,635
509527.910300,6944430.107000,18.706933,635
509528.402200,6944430.197000,18.627283,635
509528.716400,6944430.254000,18.573944,635
509528.894100,6944430.287000,18.542865,635
509529.386000,6944430.376000,18.450497,635
509529.877800,6944430.466000,18.358079,635
509530.369700,6944430.556000,18.265518,635
509530.861600,6944430.646000,18.170704,635
509531.303800,6944430.726000,18.076056,635
509531.353500,6944430.735000,18.064895,635
509531.845400,6944430.825000,17.957028,635
509532.337300,6944430.915000,17.849154,635
509532.829100,6944431.005000,17.738816,635
509533.321000,6944431.094000,17.620781,635
509533.500600,6944431.127000,17.578169,635
509533.812900,6944431.184000,17.500143,635
509534.304800,6944431.274000,17.376772,635
509534.796700,6944431.364000,17.252716,635
509535.288500,6944431.453000,17.126362,635
509535.468100,6944431.486000,17.080282,635
509535.780400,6944431.543000,16.999593,635
509536.272300,6944431.633000,16.873322,635
509536.764200,6944431.723000,16.745259,635
509537.256100,6944431.812000,16.622885,635
509537.419600,6944431.842000,16.582394,635
509537.748000,6944431.902000,16.499249,635
509538.239800,6944431.992000,16.375160,635
509538.731700,6944432.081000,16.251841,635
509539.223600,6944432.171000,16.147611,635
509539.554600,6944432.232000,16.084507,635
509539.715500,6944432.261000,16.053917,635
509540.207400,6944432.351000,15.960129,635
509540.699200,6944432.440000,15.866421,635
509541.191100,6944432.530000,15.805074,635
509542.666800,6944432.799000,15.711698,635
509543.158700,6944432.889000,15.713690,635
509544.142400,6944433.069000,15.826054,635
509544.634300,6944433.158000,15.882242,635
509545.126200,6944433.248000,15.957017,635
509545.596600,6944433.334000,16.084507,635
509545.618100,6944433.338000,16.090357,635
509546.109900,6944433.427000,16.224006,635
509546.601800,6944433.517000,16.357583,635
509547.093700,6944433.607000,16.495311,635
509547.345800,6944433.653000,16.582394,635
509547.585600,6944433.697000,16.665936,635
509548.077500,6944433.786000,16.836859,635
509548.569400,6944433.876000,17.007036,635
509548.780400,6944433.915000,17.080282,635
509549.061200,6944433.966000,17.177687,635
509549.553100,6944434.056000,17.347661,635
509550.045000,6944434.145000,17.517236,635
509550.222100,6944434.178000,17.578169,635
509550.536900,6944434.235000,17.688194,635
509551.028800,6944434.325000,17.860302,635
509551.520600,6944434.415000,18.019474,635
509551.696600,6944434.447000,18.076056,635
509552.012500,6944434.504000,18.178494,635
509552.504400,6944434.594000,18.336770,635
509552.996300,6944434.684000,18.494115,635
509553.264300,6944434.733000,18.573944,635
509553.488200,6944434.774000,18.640330,635
509553.980100,6944434.863000,18.781330,635
509554.471900,6944434.953000,18.921307,635
509554.963800,6944435.043000,19.059903,635
509555.009100,6944435.051000,19.071831,635
509555.455700,6944435.132000,19.187976,635
509555.947600,6944435.222000,19.307788,635
509556.439500,6944435.312000,19.425063,635
509556.931300,6944435.402000,19.541588,635
509557.057300,6944435.425000,19.569718,635
509557.423200,6944435.491000,19.650605,635
509557.915100,6944435.581000,19.746853,635
509558.407000,6944435.671000,19.841549,635
509558.898900,6944435.761000,19.937024,635
509559.390700,6944435.850000,20.026289,635
509559.666800,6944435.901000,20.067606,635
509559.882600,6944435.940000,20.097832,635
509560.374500,6944436.030000,20.165958,635
509560.866400,6944436.120000,20.233069,635
509561.358300,6944436.209000,20.296965,635
509561.850200,6944436.299000,20.335333,635
509562.342000,6944436.389000,20.373552,635
509562.833900,6944436.478000,20.411639,635
509563.325800,6944436.568000,20.449894,635
509504.300000,6944425.800000,18.023081,640
509504.791900,6944425.890000,18.056942,640
509505.070200,6944425.941000,18.076056,640
509505.283800,6944425.979000,18.090395,640
509506.267500,6944426.159000,18.156238,640
509506.759400,6944426.249000,18.213699,640
509508.235100,6944426.518000,18.397862,640
509508.726900,6944426.608000,18.471458,640
509509.218800,6944426.697000,18.549707,640
509509.372000,6944426.725000,18.573944,640
509509.710700,6944426.787000,18.627475,640
509510.202600,6944426.877000,18.705272,640
509510.694500,6944426.967000,18.784000,640
509511.186300,6944427.056000,18.863590,640
509511.678200,6944427.146000,18.942687,640
509512.170100,6944427.236000,19.023489,640
509512.493100,6944427.295000,19.071831,640
509512.662000,6944427.325000,19.095585,640
509513.153900,6944427.415000,19.159475,640
509513.645800,6944427.505000,19.221384,640
509514.137600,6944427.595000,19.282132,640
509514.629500,6944427.684000,19.336389,640
509515.121400,6944427.774000,19.373307,640
509515.613300,6944427.864000,19.409979,640
509516.105200,6944427.954000,19.447381,640
509516.597000,6944428.043000,19.479225,640
509517.580800,6944428.223000,19.496951,640
509518.072700,6944428.313000,19.505735,640
509518.564600,6944428.402000,19.513602,640
509519.056500,6944428.492000,19.495508,640
509519.548300,6944428.582000,19.477345,640
509520.532100,6944428.761000,19.440946,640
509521.024000,6944428.851000,19.401278,640
509521.515900,6944428.941000,19.359898,640
509522.007700,6944429.030000,19.318118,640
509522.499600,6944429.120000,19.275379,640
509522.991500,6944429.210000,19.223155,640
509523.483400,6944429.300000,19.166380,640
509523.975300,6944429.389000,19.105888,640
509524.271000,6944429.443000,19.071831,640
509524.467100,6944429.479000,19.045894,640
509524.959000,6944429.569000,18.975325,640
509525.450900,6944429.659000,18.901027,640
509525.942800,6944429.748000,18.827406,640
509526.434700,6944429.838000,18.751667,640
509526.926600,6944429.928000,18.673934,640
509527.418400,6944430.018000,18.590745,640
509527.518700,6944430.036000,18.573944,640
509527.910300,6944430.107000,18.506468,640
509528.402200,6944430.197000,18.421933,640
509528.894100,6944430.287000,18.333707,640
509529.386000,6944430.376000,18.237940,640
509529.877800,6944430.466000,18.142074,640
509530.217500,6944430.528000,18.076056,640
509530.369700,6944430.556000,18.044806,640
509530.861600,6944430.646000,17.942343,640
509531.353500,6944430.735000,17.830929,640
509531.845400,6944430.825000,17.720868,640
509532.337300,6944430.915000,17.609374,640
509532.472200,6944430.940000,17.578169,640
509532.829100,6944431.005000,17.490093,640
509533.321000,6944431.094000,17.365154,640
509533.812900,6944431.184000,17.240469,640
509534.304800,6944431.274000,17.115290,640
509534.442900,6944431.299000,17.080282,640
509534.796700,6944431.364000,16.989531,640
509535.288500,6944431.453000,16.862726,640
509535.780400,6944431.543000,16.733791,640
509536.272300,6944431.633000,16.606420,640
509536.363300,6944431.649000,16.582394,640
509536.764200,6944431.723000,16.471820,640
509537.256100,6944431.812000,16.346116,640
509537.748000,6944431.902000,16.222836,640
509538.239800,6944431.992000,16.099854,640
509538.300900,6944432.003000,16.084507,640
509538.731700,6944432.081000,15.975850,640
509539.223600,6944432.171000,15.872496,640
509539.715500,6944432.261000,15.779942,640
509540.207400,6944432.351000,15.687454,640
509540.699200,6944432.440000,15.595125,640
509540.768500,6944432.453000,15.586620,640
509541.191100,6944432.530000,15.534410,640
509541.683000,6944432.620000,15.504084,640
509542.174900,6944432.710000,15.473803,640
509542.666800,6944432.799000,15.443548,640
509543.158700,6944432.889000,15.446343,640
509543.650500,6944432.979000,15.503201,640
509544.142400,6944433.069000,15.560061,640
509544.371900,6944433.110000,15.586620,640
509544.634300,6944433.158000,15.616741,640
509545.126200,6944433.248000,15.691680,640
509545.618100,6944433.338000,15.824716,640
509546.109900,6944433.427000,15.957707,640
509546.578700,6944433.513000,16.084507,640
509546.601800,6944433.517000,16.090791,640
509547.093700,6944433.607000,16.228116,640
509547.585600,6944433.697000,16.398483,640
509548.077500,6944433.786000,16.569218,640
509548.115400,6944433.793000,16.582394,640
509548.569400,6944433.876000,16.740231,640
509549.061200,6944433.966000,16.910948,640
509549.549500,6944434.055000,17.080282,640
509549.553100,6944434.056000,17.081519,640
509550.045000,6944434.145000,17.252793,640
509550.536900,6944434.235000,17.423507,640
509550.985400,6944434.317000,17.578169,640
509551.028800,6944434.325000,17.593403,640
509551.520600,6944434.415000,17.758880,640
509552.012500,6944434.504000,17.919131,640
509552.494700,6944434.592000,18.076056,640
509552.504400,6944434.594000,18.079215,640
509552.996300,6944434.684000,18.239858,640
509553.488200,6944434.774000,18.388246,640
509553.980100,6944434.863000,18.530741,640
509554.128000,6944434.890000,18.573944,640
509554.471900,6944434.953000,18.674133,640
509554.963800,6944435.043000,18.817509,640
509555.455700,6944435.132000,18.949691,640
509555.932500,6944435.219000,19.071831,640
509555.947600,6944435.222000,19.075609,640
509556.439500,6944435.312000,19.198477,640
509556.931300,6944435.402000,19.318532,640
509557.423200,6944435.491000,19.430741,640
509557.915100,6944435.581000,19.530008,640
509558.110000,6944435.617000,19.569718,640
509558.407000,6944435.671000,19.629423,640
509558.898900,6944435.761000,19.729021,640
509559.390700,6944435.850000,19.821934,640
509559.882600,6944435.940000,19.897618,640
509560.374500,6944436.030000,19.972744,640
509560.866400,6944436.120000,20.046641,640
509561.011500,6944436.146000,20.067606,640
509561.358300,6944436.209000,20.114371,640
509561.850200,6944436.299000,20.154415,640
509562.342000,6944436.389000,20.194203,640
509562.833900,6944436.478000,20.233691,640
509563.325800,6944436.568000,20.273481,640
509504.300000,6944425.800000,17.859058,645
509504.791900,6944425.890000,17.892001,645
509505.283800,6944425.979000,17.924969,645
509505.775600,6944426.069000,17.957925,645
509506.267500,6944426.159000,17.990882,645
509506.759400,6944426.249000,18.048579,645
509506.979500,6944426.289000,18.076056,645
509507.251300,6944426.338000,18.109310,645
509508.235100,6944426.518000,18.229210,645
509508.726900,6944426.608000,18.301408,645
509509.218800,6944426.697000,18.378272,645
509509.710700,6944426.787000,18.455117,645
509510.202600,6944426.877000,18.531993,645
509510.464900,6944426.925000,18.573944,645
509510.694500,6944426.967000,18.610501,645
509511.186300,6944427.056000,18.689746,645
509511.678200,6944427.146000,18.768575,645
509512.170100,6944427.236000,18.848291,645
509512.662000,6944427.325000,18.922204,645
509513.153900,6944427.415000,18.991781,645
509513.645800,6944427.505000,19.060573,645
509513.727100,6944427.520000,19.071831,645
509514.137600,6944427.595000,19.123611,645
509514.629500,6944427.684000,19.180001,645
509515.121400,6944427.774000,19.219359,645
509515.613300,6944427.864000,19.258236,645
509516.105200,6944427.954000,19.298600,645
509516.597000,6944428.043000,19.332461,645
509517.580800,6944428.223000,19.353517,645
509518.072700,6944428.313000,19.363790,645
509518.564600,6944428.402000,19.373083,645
509519.056500,6944428.492000,19.355200,645
509519.548300,6944428.582000,19.337034,645
509520.532100,6944428.761000,19.300489,645
509521.024000,6944428.851000,19.258970,645
509521.515900,6944428.941000,19.216141,645
509522.007700,6944429.030000,19.172562,645
509522.499600,6944429.120000,19.127536,645
509522.991500,6944429.210000,19.073425,645
509523.004900,6944429.212000,19.071831,645
509523.483400,6944429.300000,19.005371,645
509523.975300,6944429.389000,18.933924,645
509524.467100,6944429.479000,18.866491,645
509524.959000,6944429.569000,18.793025,645
509525.450900,6944429.659000,18.715985,645
509525.942800,6944429.748000,18.639036,645
509526.357000,6944429.824000,18.573944,645
509526.434700,6944429.838000,18.561340,645
509526.926600,6944429.928000,18.478335,645
509527.418400,6944430.018000,18.390908,645
509527.910300,6944430.107000,18.303326,645
509528.402200,6944430.197000,18.215740,645
509528.894100,6944430.287000,18.124549,645
509529.136600,6944430.331000,18.076056,645
509529.386000,6944430.376000,18.022959,645
509529.877800,6944430.466000,17.919971,645
509530.369700,6944430.556000,17.816605,645
509530.861600,6944430.646000,17.709906,645
509531.353500,6944430.735000,17.596962,645
509531.436500,6944430.751000,17.578169,645
509531.845400,6944430.825000,17.477941,645
509532.337300,6944430.915000,17.356455,645
509532.829100,6944431.005000,17.234213,645
509533.321000,6944431.094000,17.107653,645
509533.427800,6944431.114000,17.080282,645
509533.812900,6944431.184000,16.980564,645
509534.304800,6944431.274000,16.854777,645
509534.796700,6944431.364000,16.724998,645
509535.288500,6944431.453000,16.599179,645
509535.351900,6944431.465000,16.582394,645
509535.780400,6944431.543000,16.462369,645
509536.272300,6944431.633000,16.328375,645
509536.764200,6944431.723000,16.192918,645
509537.191500,6944431.800000,16.084507,645
509537.256100,6944431.812000,16.068047,645
509537.748000,6944431.902000,15.945093,645
509538.239800,6944431.992000,15.822397,645
509538.731700,6944432.081000,15.699539,645
509539.223600,6944432.171000,15.597286,645
509539.280800,6944432.182000,15.586620,645
509539.715500,6944432.261000,15.504913,645
509540.207400,6944432.351000,15.412881,645
509540.699200,6944432.440000,15.320930,645
509541.191100,6944432.530000,15.261567,645
509541.683000,6944432.620000,15.232573,645
509542.174900,6944432.710000,15.203561,645
509542.666800,6944432.799000,15.174509,645
509543.158700,6944432.889000,15.178138,645
509543.650500,6944432.979000,15.235282,645
509544.142400,6944433.069000,15.292389,645
509544.634300,6944433.158000,15.349488,645
509545.126200,6944433.248000,15.425083,645
509545.618100,6944433.338000,15.558865,645
509545.720300,6944433.356000,15.586620,645
509546.109900,6944433.427000,15.691717,645
509546.601800,6944433.517000,15.824504,645
509547.093700,6944433.607000,15.961264,645
509547.448800,6944433.672000,16.084507,645
509547.585600,6944433.697000,16.131986,645
509548.077500,6944433.786000,16.302567,645
509548.569400,6944433.876000,16.473307,645
509548.883200,6944433.933000,16.582394,645
509549.061200,6944433.966000,16.644187,645
509549.553100,6944434.056000,16.818151,645
509550.045000,6944434.145000,16.989317,645
509550.304900,6944434.193000,17.080282,645
509550.536900,6944434.235000,17.161546,645
509551.028800,6944434.325000,17.333335,645
509551.520600,6944434.415000,17.498774,645
509551.759200,6944434.458000,17.578169,645
509552.012500,6944434.504000,17.661884,645
509552.504400,6944434.594000,17.823205,645
509552.996300,6944434.684000,17.985693,645
509553.289900,6944434.737000,18.076056,645
509553.488200,6944434.774000,18.136512,645
509553.980100,6944434.863000,18.282859,645
509554.471900,6944434.953000,18.429543,645
509554.959900,6944435.042000,18.573944,645
509554.963800,6944435.043000,18.575115,645
509555.455700,6944435.132000,18.712145,645
509555.947600,6944435.222000,18.840607,645
509556.439500,6944435.312000,18.969504,645
509556.836000,6944435.384000,19.071831,645
509556.931300,6944435.402000,19.095476,645
509557.423200,6944435.491000,19.211433,645
509557.915100,6944435.581000,19.315044,645
509558.407000,6944435.671000,19.419227,645
509558.898900,6944435.761000,19.521277,645
509559.144800,6944435.805000,19.569718,645
509559.390700,6944435.850000,19.617580,645
509559.882600,6944435.940000,19.695700,645
509560.374500,6944436.030000,19.773718,645
509560.866400,6944436.120000,19.851013,645
509561.358300,6944436.209000,19.924099,645
509561.850200,6944436.299000,19.967997,645
509562.342000,6944436.389000,20.011728,645
509562.833900,6944436.478000,20.055054,645
509562.974200,6944436.504000,20.067606,645
509563.325800,6944436.568000,20.097069,645
509504.300000,6944425.800000,17.695034,650
509504.791900,6944425.890000,17.727061,650
509505.283800,6944425.979000,17.759132,650
509505.775600,6944426.069000,17.791179,650
509506.267500,6944426.159000,17.823225,650
509506.759400,6944426.249000,17.879432,650
509507.251300,6944426.338000,17.939681,650
509507.743200,6944426.428000,17.999840,650
509508.235100,6944426.518000,18.060079,650
509508.343400,6944426.538000,18.076056,650
509508.726900,6944426.608000,18.131357,650
509509.218800,6944426.697000,18.206837,650
509509.710700,6944426.787000,18.282270,650
509510.202600,6944426.877000,18.357763,650
509510.694500,6944426.967000,18.435660,650
509511.186300,6944427.056000,18.515211,650
509511.549900,6944427.123000,18.573944,650
509511.678200,6944427.146000,18.594464,650
509512.170100,6944427.236000,18.673093,650
509512.662000,6944427.325000,18.747341,650
509513.153900,6944427.415000,18.817265,650
509513.645800,6944427.505000,18.886673,650
509514.137600,6944427.595000,18.955308,650
509514.629500,6944427.684000,19.018599,650
509515.121400,6944427.774000,19.064703,650
509515.197300,6944427.788000,19.071831,650
509515.613300,6944427.864000,19.106493,650
509516.105200,6944427.954000,19.149819,650
509516.597000,6944428.043000,19.185698,650
509517.580800,6944428.223000,19.210082,650
509518.072700,6944428.313000,19.221845,650
509518.564600,6944428.402000,19.232564,650
509519.056500,6944428.492000,19.214893,650
509519.548300,6944428.582000,19.196723,650
509520.532100,6944428.761000,19.160032,650
509521.024000,6944428.851000,19.116662,650
509521.515900,6944428.941000,19.072384,650
509521.521900,6944428.942000,19.071831,650
509522.007700,6944429.030000,19.019915,650
509522.499600,6944429.120000,18.966051,650
509522.991500,6944429.210000,18.901037,650
509523.483400,6944429.300000,18.830182,650
509523.975300,6944429.389000,18.757585,650
509524.467100,6944429.479000,18.687089,650
509524.959000,6944429.569000,18.610725,650
509525.187600,6944429.611000,18.573944,650
509525.450900,6944429.659000,18.530042,650
509525.942800,6944429.748000,18.448480,650
509526.434700,6944429.838000,18.366957,650
509526.926600,6944429.928000,18.281241,650
509527.418400,6944430.018000,18.190861,650
509527.910300,6944430.107000,18.100183,650
509528.042700,6944430.131000,18.076056,650
509528.402200,6944430.197000,18.005814,650
509528.894100,6944430.287000,17.906247,650
509529.386000,6944430.376000,17.800231,650
509529.877800,6944430.466000,17.695182,650
509530.369700,6944430.556000,17.588404,650
509530.415900,6944430.564000,17.578169,650
509530.861600,6944430.646000,17.470072,650
509531.353500,6944430.735000,17.347231,650
509531.845400,6944430.825000,17.224680,650
509532.337300,6944430.915000,17.101571,650
509532.422500,6944430.930000,17.080282,650
509532.829100,6944431.005000,16.977163,650
509533.321000,6944431.094000,16.850696,650
509533.812900,6944431.184000,16.720288,650
509534.304800,6944431.274000,16.594415,650
509534.349600,6944431.282000,16.582394,650
509534.796700,6944431.364000,16.452602,650
509535.288500,6944431.453000,16.318781,650
509535.780400,6944431.543000,16.183510,650
509536.143200,6944431.609000,16.084507,650
509536.272300,6944431.633000,16.048826,650
509536.764200,6944431.723000,15.912630,650
509537.256100,6944431.812000,15.787722,650
509537.748000,6944431.902000,15.666016,650
509538.069600,6944431.961000,15.586620,650
509538.239800,6944431.992000,15.543909,650
509538.731700,6944432.081000,15.419765,650
509539.223600,6944432.171000,15.317663,650
509539.715500,6944432.261000,15.227355,650
509540.207400,6944432.351000,15.137194,650
509540.470000,6944432.399000,15.088732,650
509540.699200,6944432.440000,15.046093,650
509541.191100,6944432.530000,14.987564,650
509542.666800,6944432.799000,14.903922,650
509543.158700,6944432.889000,14.908551,650
509543.650500,6944432.979000,14.966372,650
509544.142400,6944433.069000,15.024179,650
509544.634300,6944433.158000,15.081954,650
509544.678000,6944433.166000,15.088732,650
509545.126200,6944433.248000,15.157661,650
509545.618100,6944433.338000,15.291095,650
509546.109900,6944433.427000,15.424457,650
509546.601800,6944433.517000,15.557960,650
509546.704100,6944433.536000,15.586620,650
509547.093700,6944433.607000,15.694808,650
509547.585600,6944433.697000,15.865262,650
509548.077500,6944433.786000,16.035794,650
509548.218000,6944433.812000,16.084507,650
509548.569400,6944433.876000,16.206209,650
509549.061200,6944433.966000,16.376722,650
509549.553100,6944434.056000,16.554370,650
509549.631200,6944434.070000,16.582394,650
509550.045000,6944434.145000,16.727655,650
509550.536900,6944434.235000,16.900689,650
509551.028800,6944434.325000,17.073687,650
509551.048300,6944434.328000,17.080282,650
509551.520600,6944434.415000,17.239773,650
509552.012500,6944434.504000,17.404518,650
509552.504400,6944434.594000,17.567270,650
509552.536900,6944434.600000,17.578169,650
509552.996300,6944434.684000,17.731694,650
509553.488200,6944434.774000,17.886930,650
509553.980100,6944434.863000,18.035492,650
509554.111200,6944434.887000,18.076056,650
509554.471900,6944434.953000,18.186714,650
509554.963800,6944435.043000,18.335611,650
509555.455700,6944435.132000,18.474752,650
509555.827900,6944435.200000,18.573944,650
509555.947600,6944435.222000,18.605558,650
509556.439500,6944435.312000,18.737509,650
509556.931300,6944435.402000,18.868182,650
509557.423200,6944435.491000,18.990416,650
509557.784500,6944435.557000,19.071831,650
509557.915100,6944435.581000,19.100080,650
509558.407000,6944435.671000,19.209788,650
509558.898900,6944435.761000,19.314383,650
509559.390700,6944435.850000,19.413479,650
509559.882600,6944435.940000,19.494051,650
509560.343900,6944436.024000,19.569718,650
509560.374500,6944436.030000,19.574692,650
509560.866400,6944436.120000,19.655384,650
509561.358300,6944436.209000,19.731184,650
509561.850200,6944436.299000,19.776505,650
509562.342000,6944436.389000,19.821752,650
509562.833900,6944436.478000,19.866752,650
509563.325800,6944436.568000,19.912000,650
509504.300000,6944425.800000,17.528818,655
509504.791900,6944425.890000,17.561376,655
509505.045800,6944425.936000,17.578169,655
509505.283800,6944425.979000,17.593295,655
509505.775600,6944426.069000,17.624432,655
509506.267500,6944426.159000,17.655567,655
509506.759400,6944426.249000,17.710285,655
509507.251300,6944426.338000,17.769085,655
509507.743200,6944426.428000,17.827640,655
509508.235100,6944426.518000,17.886210,655
509508.726900,6944426.608000,17.957593,655
509509.218800,6944426.697000,18.034044,655
509509.490000,6944426.747000,18.076056,655
509509.710700,6944426.787000,18.109424,655
509510.202600,6944426.877000,18.183534,655
509510.694500,6944426.967000,18.260462,655
509511.678200,6944427.146000,18.418127,655
509512.170100,6944427.236000,18.496948,655
509512.662000,6944427.325000,18.572456,655
509512.672200,6944427.327000,18.573944,655
509513.153900,6944427.415000,18.642750,655
509513.645800,6944427.505000,18.712772,655
509514.137600,6944427.595000,18.782259,655
509514.629500,6944427.684000,18.845949,655
509515.121400,6944427.774000,18.893817,655
509515.613300,6944427.864000,18.941324,655
509516.105200,6944427.954000,18.991574,655
509516.597000,6944428.043000,19.034309,655
509517.088900,6944428.133000,19.050018,655
509517.580800,6944428.223000,19.065864,655
509517.772000,6944428.258000,19.071831,655
509518.072700,6944428.313000,19.079900,655
509518.564600,6944428.402000,19.092044,655
509519.056500,6944428.492000,19.074586,655
509519.131000,6944428.506000,19.071831,655
509519.548300,6944428.582000,19.053852,655
509520.040200,6944428.672000,19.032350,655
509520.532100,6944428.761000,19.010824,655
509521.024000,6944428.851000,18.958858,655
509521.515900,6944428.941000,18.905551,655
509522.007700,6944429.030000,18.851333,655
509522.499600,6944429.120000,18.796318,655
509522.991500,6944429.210000,18.728405,655
509523.483400,6944429.300000,18.654992,655
509523.975300,6944429.389000,18.581246,655
509524.024900,6944429.398000,18.573944,655
509524.467100,6944429.479000,18.506043,655
509524.959000,6944429.569000,18.425251,655
509525.450900,6944429.659000,18.341120,655
509525.942800,6944429.748000,18.256771,655
509526.434700,6944429.838000,18.172573,655
509526.926600,6944429.928000,18.084147,655
509526.969800,6944429.936000,18.076056,655
509527.418400,6944430.018000,17.985492,655
509527.910300,6944430.107000,17.887127,655
509528.402200,6944430.197000,17.788045,655
509528.894100,6944430.287000,17.685184,655
509529.382900,6944430.376000,17.578169,655
509529.386000,6944430.376000,17.577436,655
509529.877800,6944430.466000,17.459725,655
509530.369700,6944430.556000,17.340818,655
509530.861600,6944430.646000,17.220560,655
509531.353500,6944430.735000,17.096122,655
509531.416400,6944430.747000,17.080282,655
509531.845400,6944430.825000,16.970773,655
509532.337300,6944430.915000,16.847335,655
509532.829100,6944431.005000,16.718347,655
509533.321000,6944431.094000,16.593804,655
509533.363500,6944431.102000,16.582394,655
509533.812900,6944431.184000,16.450178,655
509534.304800,6944431.274000,16.312434,655
509534.796700,6944431.364000,16.171008,655
509535.114700,6944431.422000,16.084507,655
509535.288500,6944431.453000,16.036644,655
509535.780400,6944431.543000,15.901529,655
509536.272300,6944431.633000,15.766497,655
509536.764200,6944431.723000,15.631461,655
509536.941600,6944431.755000,15.586620,655
509537.256100,6944431.812000,15.505439,655
509537.748000,6944431.902000,15.383208,655
509538.239800,6944431.992000,15.260319,655
509538.731700,6944432.081000,15.137598,655
509538.971700,6944432.125000,15.088732,655
509539.223600,6944432.171000,15.036732,655
509539.715500,6944432.261000,14.947009,655
509540.207400,6944432.351000,14.857588,655
509540.699200,6944432.440000,14.768232,655
509541.191100,6944432.530000,14.711556,655
509542.666800,6944432.799000,14.632609,655
509543.158700,6944432.889000,14.638272,655
509543.650500,6944432.979000,14.696264,655
509544.142400,6944433.069000,14.754253,655
509544.634300,6944433.158000,14.812227,655
509545.126200,6944433.248000,14.888550,655
509545.618100,6944433.338000,15.022669,655
509545.860000,6944433.382000,15.088732,655
509546.109900,6944433.427000,15.156367,655
509546.601800,6944433.517000,15.289154,655
509547.093700,6944433.607000,15.426292,655
509547.551300,6944433.690000,15.586620,655
509547.585600,6944433.697000,15.598488,655
509548.077500,6944433.786000,15.768476,655
509548.569400,6944433.876000,15.938778,655
509548.990300,6944433.953000,16.084507,655
509549.061200,6944433.966000,16.109045,655
509549.553100,6944434.056000,16.286948,655
509550.045000,6944434.145000,16.463807,655
509550.372900,6944434.205000,16.582394,655
509550.536900,6944434.235000,16.640329,655
509551.028800,6944434.325000,16.814237,655
509551.520600,6944434.415000,16.981132,655
509551.814200,6944434.468000,17.080282,655
509552.012500,6944434.504000,17.147095,655
509552.504400,6944434.594000,17.312599,655
509552.996300,6944434.684000,17.478224,655
509553.302200,6944434.740000,17.578169,655
509553.488200,6944434.774000,17.638030,655
509553.980100,6944434.863000,17.790713,655
509554.471900,6944434.953000,17.943538,655
509554.898200,6944435.031000,18.076056,655
509554.963800,6944435.043000,18.096120,655
509555.455700,6944435.132000,18.237570,655
509555.947600,6944435.222000,18.371999,655
509556.439500,6944435.312000,18.506175,655
509556.686800,6944435.357000,18.573944,655
509556.931300,6944435.402000,18.640385,655
509557.423200,6944435.491000,18.766405,655
509557.915100,6944435.581000,18.880176,655
509558.407000,6944435.671000,18.997044,655
509558.733800,6944435.730000,19.071831,655
509558.898900,6944435.761000,19.107489,655
509559.390700,6944435.850000,19.209457,655
509559.882600,6944435.940000,19.292850,655
509560.374500,6944436.030000,19.377225,655
509560.866400,6944436.120000,19.460363,655
509561.358300,6944436.209000,19.538222,655
509561.688400,6944436.270000,19.569718,655
509561.850200,6944436.299000,19.585013,655
509562.342000,6944436.389000,19.631775,655
509562.833900,6944436.478000,19.678450,655
509563.325800,6944436.568000,19.725196,655
509504.300000,6944425.800000,17.357168,660
509504.791900,6944425.890000,17.388778,660
509505.283800,6944425.979000,17.420431,660
509506.267500,6944426.159000,17.483693,660
509506.759400,6944426.249000,17.539394,660
509507.078000,6944426.307000,17.578169,660
509507.251300,6944426.338000,17.598489,660
509507.743200,6944426.428000,17.655440,660
509508.235100,6944426.518000,17.712341,660
509508.726900,6944426.608000,17.782039,660
509509.218800,6944426.697000,17.856886,660
509509.710700,6944426.787000,17.931894,660
509510.202600,6944426.877000,18.006817,660
509510.635100,6944426.956000,18.076056,660
509510.694500,6944426.967000,18.085264,660
509511.678200,6944427.146000,18.241493,660
509512.170100,6944427.236000,18.319571,660
509512.662000,6944427.325000,18.394846,660
509513.153900,6944427.415000,18.466548,660
509513.645800,6944427.505000,18.538249,660
509513.890400,6944427.550000,18.573944,660
509514.137600,6944427.595000,18.609210,660
509514.629500,6944427.684000,18.673300,660
509515.121400,6944427.774000,18.722930,660
509515.613300,6944427.864000,18.772180,660
509516.105200,6944427.954000,18.822904,660
509516.597000,6944428.043000,18.866908,660
509517.088900,6944428.133000,18.883784,660
509517.580800,6944428.223000,18.900729,660
509518.072700,6944428.313000,18.917278,660
509518.564600,6944428.402000,18.932535,660
509519.056500,6944428.492000,18.911735,660
509519.548300,6944428.582000,18.890250,660
509520.040200,6944428.672000,18.868553,660
509520.532100,6944428.761000,18.846845,660
509521.024000,6944428.851000,18.793928,660
509521.515900,6944428.941000,18.738629,660
509522.007700,6944429.030000,18.682751,660
509522.499600,6944429.120000,18.626585,660
509522.866900,6944429.187000,18.573944,660
509522.991500,6944429.210000,18.555323,660
509523.483400,6944429.300000,18.477642,660
509523.975300,6944429.389000,18.399899,660
509524.467100,6944429.479000,18.322191,660
509524.959000,6944429.569000,18.238974,660
509525.450900,6944429.659000,18.152197,660
509525.881500,6944429.737000,18.076056,660
509525.942800,6944429.748000,18.064306,660
509526.434700,6944429.838000,17.971260,660
509526.926600,6944429.928000,17.873983,660
509527.418400,6944430.018000,17.772955,660
509527.910300,6944430.107000,17.672734,660
509528.364900,6944430.190000,17.578169,660
509528.402200,6944430.197000,17.569390,660
509528.894100,6944430.287000,17.452582,660
509529.386000,6944430.376000,17.332477,660
509529.877800,6944430.466000,17.212684,660
509530.369700,6944430.556000,17.092323,660
509530.418700,6944430.565000,17.080282,660
509530.861600,6944430.646000,16.969538,660
509531.353500,6944430.735000,16.845394,660
509531.845400,6944430.825000,16.716008,660
509532.337300,6944430.915000,16.593159,660
509532.377500,6944430.922000,16.582394,660
509532.829100,6944431.005000,16.447501,660
509533.321000,6944431.094000,16.309982,660
509533.812900,6944431.184000,16.168990,660
509534.111400,6944431.239000,16.084507,660
509534.304800,6944431.274000,16.028627,660
509534.796700,6944431.364000,15.886440,660
509535.288500,6944431.453000,15.751572,660
509535.780400,6944431.543000,15.617831,660
509535.894900,6944431.564000,15.586620,660
509536.272300,6944431.633000,15.480402,660
509536.764200,6944431.723000,15.341861,660
509537.256100,6944431.812000,15.218182,660
509537.748000,6944431.902000,15.098916,660
509537.788900,6944431.909000,15.088732,660
509538.239800,6944431.992000,14.973586,660
509538.731700,6944432.081000,14.850112,660
509539.223600,6944432.171000,14.750721,660
509539.715500,6944432.261000,14.663881,660
509540.129100,6944432.336000,14.590845,660
509540.207400,6944432.351000,14.577099,660
509540.699200,6944432.440000,14.490271,660
509541.191100,6944432.530000,14.435595,660
509541.683000,6944432.620000,14.410806,660
509542.174900,6944432.710000,14.385958,660
509542.666800,6944432.799000,14.361234,660
509543.158700,6944432.889000,14.368058,660
509543.650500,6944432.979000,14.426329,660
509544.142400,6944433.069000,14.484474,660
509544.634300,6944433.158000,14.542559,660
509544.945700,6944433.215000,14.590845,660
509545.126200,6944433.248000,14.618853,660
509545.618100,6944433.338000,14.752215,660
509546.109900,6944433.427000,14.885685,660
509546.601800,6944433.517000,15.019348,660
509546.849600,6944433.562000,15.088732,660
509547.093700,6944433.607000,15.156369,660
509547.585600,6944433.697000,15.328195,660
509548.077500,6944433.786000,15.500096,660
509548.325100,6944433.832000,15.586620,660
509548.569400,6944433.876000,15.671067,660
509549.061200,6944433.966000,15.841187,660
509549.553100,6944434.056000,16.019372,660
509549.732600,6944434.088000,16.084507,660
509550.045000,6944434.145000,16.197229,660
509550.536900,6944434.235000,16.374843,660
509551.028800,6944434.325000,16.553874,660
509551.109100,6944434.339000,16.582394,660
509551.520600,6944434.415000,16.723068,660
509552.012500,6944434.504000,16.891329,660
509552.504400,6944434.594000,17.058120,660
509552.569600,6944434.606000,17.080282,660
509552.996300,6944434.684000,17.225562,660
509553.488200,6944434.774000,17.386870,660
509553.980100,6944434.863000,17.545192,660
509554.082500,6944434.882000,17.578169,660
509554.471900,6944434.953000,17.700071,660
509554.963800,6944435.043000,17.854001,660
509555.455700,6944435.132000,18.000045,660
509555.722900,6944435.181000,18.076056,660
509555.947600,6944435.222000,18.138673,660
509556.439500,6944435.312000,18.276420,660
509556.931300,6944435.402000,18.413459,660
509557.423200,6944435.491000,18.542351,660
509557.554300,6944435.515000,18.573944,660
509557.915100,6944435.581000,18.659525,660
509558.407000,6944435.671000,18.777921,660
509558.898900,6944435.761000,18.893885,660
509559.390700,6944435.850000,19.002887,660
509559.768300,6944435.919000,19.071831,660
509559.882600,6944435.940000,19.091648,660
509560.374500,6944436.030000,19.179799,660
509560.866400,6944436.120000,19.265814,660
509561.358300,6944436.209000,19.345021,660
509561.850200,6944436.299000,19.393886,660
509562.342000,6944436.389000,19.442056,660
509562.833900,6944436.478000,19.490038,660
509563.325800,6944436.568000,19.538356,660
509504.300000,6944425.800000,17.185518,665
509504.791900,6944425.890000,17.216180,665
509505.283800,6944425.979000,17.246861,665
509506.267500,6944426.159000,17.308203,665
509506.759400,6944426.249000,17.362279,665
509507.251300,6944426.338000,17.420438,665
509508.235100,6944426.518000,17.536443,665
509508.523300,6944426.570000,17.578169,665
509508.726900,6944426.608000,17.606484,665
509509.218800,6944426.697000,17.679728,665
509509.710700,6944426.787000,17.753243,665
509510.202600,6944426.877000,17.826096,665
509510.694500,6944426.967000,17.903415,665
509511.186300,6944427.056000,17.983825,665
509511.678200,6944427.146000,18.064363,665
509511.749700,6944427.159000,18.076056,665
509512.170100,6944427.236000,18.142193,665
509512.662000,6944427.325000,18.217237,665
509513.153900,6944427.415000,18.289248,665
509513.645800,6944427.505000,18.361259,665
509514.137600,6944427.595000,18.433271,665
509514.629500,6944427.684000,18.499177,665
509515.121400,6944427.774000,18.551515,665
509515.331400,6944427.812000,18.573944,665
509515.613300,6944427.864000,18.603036,665
509516.105200,6944427.954000,18.654233,665
509516.597000,6944428.043000,18.699508,665
509517.088900,6944428.133000,18.717550,665
509517.580800,6944428.223000,18.735595,665
509518.072700,6944428.313000,18.753410,665
509518.564600,6944428.402000,18.769834,665
509519.056500,6944428.492000,18.748432,665
509519.548300,6944428.582000,18.726647,665
509520.040200,6944428.672000,18.704756,665
509520.532100,6944428.761000,18.682866,665
509521.024000,6944428.851000,18.628998,665
509521.496900,6944428.937000,18.573944,665
509521.515900,6944428.941000,18.571640,665
509522.499600,6944429.120000,18.453295,665
509522.991500,6944429.210000,18.378416,665
509523.483400,6944429.300000,18.298430,665
509523.975300,6944429.389000,18.218335,665
509524.467100,6944429.479000,18.138339,665
509524.826100,6944429.545000,18.076056,665
509524.959000,6944429.569000,18.050805,665
509525.450900,6944429.659000,17.954869,665
509525.942800,6944429.748000,17.859432,665
509526.434700,6944429.838000,17.763112,665
509526.926600,6944429.928000,17.663261,665
509527.334100,6944430.002000,17.578169,665
509527.418400,6944430.018000,17.558207,665
509527.910300,6944430.107000,17.443431,665
509528.402200,6944430.197000,17.327146,665
509528.894100,6944430.287000,17.209155,665
509529.386000,6944430.376000,17.087518,665
509529.415400,6944430.382000,17.080282,665
509529.877800,6944430.466000,16.964569,665
509530.369700,6944430.556000,16.843857,665
509530.861600,6944430.646000,16.716576,665
509531.353500,6944430.735000,16.594691,665
509531.399500,6944430.744000,16.582394,665
509531.845400,6944430.825000,16.447518,665
509532.337300,6944430.915000,16.307894,665
509532.829100,6944431.005000,16.163343,665
509533.109600,6944431.056000,16.084507,665
509533.321000,6944431.094000,16.023913,665
509533.812900,6944431.184000,15.882755,665
509534.304800,6944431.274000,15.741597,665
509534.796700,6944431.364000,15.600553,665
509534.847700,6944431.373000,15.586620,665
509535.288500,6944431.453000,15.461960,665
509535.780400,6944431.543000,15.325222,665
509536.272300,6944431.633000,15.187697,665
509536.627000,6944431.697000,15.088732,665
509536.764200,6944431.723000,15.049195,665
509537.256100,6944431.812000,14.924148,665
509537.748000,6944431.902000,14.803287,665
509538.239800,6944431.992000,14.682039,665
509538.611100,6944432.059000,14.590845,665
509538.731700,6944432.081000,14.561361,665
509539.223600,6944432.171000,14.464294,665
509539.715500,6944432.261000,14.379197,665
509540.207400,6944432.351000,14.295655,665
509540.699200,6944432.440000,14.212132,665
509541.191100,6944432.530000,14.159672,665
509541.683000,6944432.620000,14.136376,665
509542.174900,6944432.710000,14.112962,665
509542.600300,6944432.787000,14.092958,665
509542.666800,6944432.799000,14.089875,665
509542.857200,6944432.834000,14.092958,665
509543.158700,6944432.889000,14.097857,665
509543.650500,6944432.979000,14.156505,665
509544.142400,6944433.069000,14.214921,665
509544.634300,6944433.158000,14.273160,665
509545.126200,6944433.248000,14.348935,665
509545.618100,6944433.338000,14.481591,665
509546.023700,6944433.412000,14.590845,665
509546.109900,6944433.427000,14.614127,665
509546.601800,6944433.517000,14.746606,665
509547.093700,6944433.607000,14.883588,665
509547.585600,6944433.697000,15.057276,665
509547.674400,6944433.713000,15.088732,665
509548.077500,6944433.786000,15.229456,665
509548.569400,6944433.876000,15.400966,665
509549.061200,6944433.966000,15.573020,665
509549.098000,6944433.973000,15.586620,665
509549.553100,6944434.056000,15.751319,665
509550.045000,6944434.145000,15.929624,665
509550.472100,6944434.223000,16.084507,665
509550.536900,6944434.235000,16.107890,665
509551.028800,6944434.325000,16.285844,665
509551.520600,6944434.415000,16.461308,665
509551.856800,6944434.476000,16.582394,665
509552.012500,6944434.504000,16.636144,665
509552.504400,6944434.594000,16.805650,665
509552.996300,6944434.684000,16.972460,665
509553.321800,6944434.743000,17.080282,665
509553.488200,6944434.774000,17.134994,665
509553.980100,6944434.863000,17.294781,665
509554.471900,6944434.953000,17.454138,665
509554.857200,6944435.023000,17.578169,665
509554.963800,6944435.043000,17.611642,665
509555.455700,6944435.132000,17.761791,665
509555.947600,6944435.222000,17.904334,665
509556.439500,6944435.312000,18.046247,665
509556.541400,6944435.331000,18.076056,665
509556.931300,6944435.402000,18.186892,665
509557.423200,6944435.491000,18.318031,665
509557.915100,6944435.581000,18.438395,665
509558.407000,6944435.671000,18.558858,665
509558.468000,6944435.682000,18.573944,665
509558.898900,6944435.761000,18.678883,665
509559.390700,6944435.850000,18.791035,665
509559.882600,6944435.940000,18.883401,665
509560.374500,6944436.030000,18.977818,665
509560.866400,6944436.120000,19.071234,665
509560.869800,6944436.120000,19.071831,665
509561.358300,6944436.209000,19.151819,665
509561.850200,6944436.299000,19.202790,665
509562.342000,6944436.389000,19.252460,665
509562.833900,6944436.478000,19.301475,665
509563.325800,6944436.568000,19.351338,665
509504.300000,6944425.800000,17.013466,670
509504.791900,6944425.890000,17.043423,670
509505.283800,6944425.979000,17.073284,670
509505.400000,6944426.001000,17.080282,670
509505.775600,6944426.069000,17.103002,670
509506.267500,6944426.159000,17.132713,670
509506.759400,6944426.249000,17.185164,670
509507.251300,6944426.338000,17.241379,670
509508.235100,6944426.518000,17.353693,670
509508.726900,6944426.608000,17.423197,670
509509.218800,6944426.697000,17.498281,670
509509.710700,6944426.787000,17.574365,670
509509.735800,6944426.792000,17.578169,670
509510.202600,6944426.877000,17.645375,670
509510.694500,6944426.967000,17.721198,670
509511.186300,6944427.056000,17.800685,670
509511.678200,6944427.146000,17.879918,670
509512.170100,6944427.236000,17.959358,670
509512.662000,6944427.325000,18.037653,670
509512.909500,6944427.371000,18.076056,670
509513.153900,6944427.415000,18.111948,670
509513.645800,6944427.505000,18.184270,670
509514.137600,6944427.595000,18.256593,670
509514.629500,6944427.684000,18.323056,670
509516.105200,6944427.954000,18.483406,670
509516.597000,6944428.043000,18.531032,670
509517.580800,6944428.223000,18.570361,670
509517.670000,6944428.239000,18.573944,670
509518.072700,6944428.313000,18.589543,670
509518.564600,6944428.402000,18.607134,670
509519.056500,6944428.492000,18.585130,670
509519.305800,6944428.538000,18.573944,670
509519.548300,6944428.582000,18.562716,670
509520.532100,6944428.761000,18.517204,670
509521.024000,6944428.851000,18.460463,670
509521.515900,6944428.941000,18.399766,670
509522.499600,6944429.120000,18.278406,670
509522.991500,6944429.210000,18.201509,670
509523.483400,6944429.300000,18.119219,670
509523.742500,6944429.347000,18.076056,670
509523.975300,6944429.389000,18.033551,670
509524.467100,6944429.479000,17.944305,670
509524.959000,6944429.569000,17.849435,670
509525.450900,6944429.659000,17.751864,670
509525.942800,6944429.748000,17.654559,670
509526.321500,6944429.817000,17.578169,670
509526.434700,6944429.838000,17.551818,670
509526.926600,6944429.928000,17.436495,670
509527.418400,6944430.018000,17.319200,670
509527.910300,6944430.107000,17.202361,670
509528.402200,6944430.197000,17.084902,670
509528.421400,6944430.201000,17.080282,670
509528.894100,6944430.287000,16.963933,670
509529.386000,6944430.376000,16.842529,670
509529.877800,6944430.466000,16.715212,670
509530.369700,6944430.556000,16.595392,670
509530.419000,6944430.565000,16.582394,670
509530.861600,6944430.646000,16.447791,670
509531.353500,6944430.735000,16.308173,670
509531.845400,6944430.825000,16.163891,670
509532.120400,6944430.875000,16.084507,670
509532.337300,6944430.915000,16.020121,670
509532.829100,6944431.005000,15.874501,670
509533.321000,6944431.094000,15.734077,670
509533.812900,6944431.184000,15.594353,670
509533.840000,6944431.189000,15.586620,670
509534.304800,6944431.274000,15.447464,670
509534.796700,6944431.364000,15.300571,670
509535.288500,6944431.453000,15.166114,670
509535.570400,6944431.505000,15.088732,670
509535.780400,6944431.543000,15.028331,670
509536.272300,6944431.633000,14.886695,670
509536.764200,6944431.723000,14.746787,670
509537.256100,6944431.812000,14.624553,670
509537.396200,6944431.838000,14.590845,670
509537.748000,6944431.902000,14.506732,670
509538.239800,6944431.992000,14.387765,670
509538.731700,6944432.081000,14.271284,670
509539.223600,6944432.171000,14.177338,670
509539.715500,6944432.261000,14.093971,670
509539.721600,6944432.262000,14.092958,670
509540.207400,6944432.351000,14.014564,670
509540.699200,6944432.440000,13.934385,670
509541.191100,6944432.530000,13.884441,670
509541.683000,6944432.620000,13.863197,670
509542.174900,6944432.710000,13.841950,670
509542.666800,6944432.799000,13.820898,670
509543.158700,6944432.889000,13.829946,670
509543.650500,6944432.979000,13.888188,670
509544.142400,6944433.069000,13.946371,670
509544.634300,6944433.158000,14.004401,670
509545.126200,6944433.248000,14.079138,670
509545.178500,6944433.258000,14.092958,670
509545.618100,6944433.338000,14.210717,670
509546.109900,6944433.427000,14.341656,670
509546.601800,6944433.517000,14.473834,670
509547.025200,6944433.594000,14.590845,670
509547.093700,6944433.607000,14.609852,670
509547.585600,6944433.697000,14.782789,670
509548.077500,6944433.786000,14.956003,670
509548.451500,6944433.855000,15.088732,670
509548.569400,6944433.876000,15.129764,670
509549.061200,6944433.966000,15.299304,670
509549.553100,6944434.056000,15.480910,670
509549.838900,6944434.108000,15.586620,670
509550.045000,6944434.145000,15.661265,670
509550.536900,6944434.235000,15.839400,670
509551.028800,6944434.325000,16.017635,670
509551.213000,6944434.358000,16.084507,670
509551.520600,6944434.415000,16.195119,670
509552.012500,6944434.504000,16.372157,670
509552.504400,6944434.594000,16.551405,670
509552.591500,6944434.610000,16.582394,670
509552.996300,6944434.684000,16.718764,670
509553.488200,6944434.774000,16.883221,670
509553.980100,6944434.863000,17.044794,670
509554.088800,6944434.883000,17.080282,670
509554.471900,6944434.953000,17.205732,670
509554.963800,6944435.043000,17.366125,670
509555.455700,6944435.132000,17.521965,670
509555.637900,6944435.166000,17.578169,670
509555.947600,6944435.222000,17.669624,670
509556.439500,6944435.312000,17.813224,670
509556.931300,6944435.402000,17.957770,670
509557.357600,6944435.479000,18.076056,670
509557.423200,6944435.491000,18.093710,670
509557.915100,6944435.581000,18.216962,670
509558.407000,6944435.671000,18.340607,670
509558.898900,6944435.761000,18.463766,670
509559.368100,6944435.846000,18.573944,670
509559.390700,6944435.850000,18.579184,670
509559.882600,6944435.940000,18.674384,670
509560.374500,6944436.030000,18.770341,670
509560.866400,6944436.120000,18.866020,670
509561.358300,6944436.209000,18.953595,670
509561.850200,6944436.299000,19.008606,670
509562.342000,6944436.389000,19.062400,670
509562.429800,6944436.405000,19.071831,670
509562.833900,6944436.478000,19.112912,670
509563.325800,6944436.568000,19.164321,670
509504.300000,6944425.800000,16.840777,675
509504.791900,6944425.890000,16.870080,675
509505.283800,6944425.979000,16.899540,675
509505.775600,6944426.069000,16.928376,675
509506.267500,6944426.159000,16.956765,675
509506.759400,6944426.249000,17.007466,675
509507.251300,6944426.338000,17.062205,675
509507.415100,6944426.368000,17.080282,675
509507.743200,6944426.428000,17.116631,675
509508.235100,6944426.518000,17.170942,675
509508.726900,6944426.608000,17.238422,675
509509.218800,6944426.697000,17.311073,675
509509.710700,6944426.787000,17.384322,675
509510.202600,6944426.877000,17.457211,675
509510.694500,6944426.967000,17.536263,675
509510.940400,6944427.011000,17.578169,675
509511.186300,6944427.056000,17.617546,675
509511.678200,6944427.146000,17.695474,675
509512.170100,6944427.236000,17.773278,675
509512.662000,6944427.325000,17.850422,675
509513.153900,6944427.415000,17.926986,675
509513.645800,6944427.505000,18.003326,675
509514.111500,6944427.590000,18.076056,675
509514.137600,6944427.595000,18.079915,675
509514.629500,6944427.684000,18.146935,675
509516.105200,6944427.954000,18.310621,675
509516.597000,6944428.043000,18.359325,675
509518.072700,6944428.313000,18.421080,675
509518.564600,6944428.402000,18.440163,675
509520.532100,6944428.761000,18.348214,675
509521.024000,6944428.851000,18.290120,675
509521.515900,6944428.941000,18.227893,675
509522.499600,6944429.120000,18.103517,675
509522.672100,6944429.152000,18.076056,675
509522.991500,6944429.210000,18.019863,675
509523.483400,6944429.300000,17.928347,675
509523.975300,6944429.389000,17.837107,675
509524.467100,6944429.479000,17.745055,675
509524.959000,6944429.569000,17.648064,675
509525.306400,6944429.632000,17.578169,675
509525.450900,6944429.659000,17.544437,675
509525.942800,6944429.748000,17.430539,675
509526.434700,6944429.838000,17.315443,675
509526.926600,6944429.928000,17.198864,675
509527.418100,6944430.017000,17.080282,675
509527.418400,6944430.018000,17.080194,675
509527.910300,6944430.107000,16.959811,675
509528.402200,6944430.197000,16.841751,675
509528.894100,6944430.287000,16.716694,675
509529.386000,6944430.376000,16.597538,675
509529.443400,6944430.387000,16.582394,675
509529.877800,6944430.466000,16.448623,675
509530.369700,6944430.556000,16.307569,675
509530.861600,6944430.646000,16.161128,675
509531.129000,6944430.694000,16.084507,675
509531.353500,6944430.735000,16.018386,675
509531.845400,6944430.825000,15.873414,675
509532.337300,6944430.915000,15.728348,675
509532.819700,6944431.003000,15.586620,675
509532.829100,6944431.005000,15.583670,675
509533.321000,6944431.094000,15.436696,675
509533.812900,6944431.184000,15.291103,675
509534.304800,6944431.274000,15.144994,675
509534.494800,6944431.309000,15.088732,675
509534.796700,6944431.364000,14.994494,675
509535.288500,6944431.453000,14.856062,675
509535.780400,6944431.543000,14.718301,675
509536.238100,6944431.627000,14.590845,675
509536.272300,6944431.633000,14.581306,675
509536.764200,6944431.723000,14.443629,675
509537.256100,6944431.812000,14.324423,675
509537.748000,6944431.902000,14.208892,675
509538.236800,6944431.991000,14.092958,675
509538.239800,6944431.992000,14.092253,675
509538.731700,6944432.081000,13.980621,675
509539.223600,6944432.171000,13.889875,675
509539.715500,6944432.261000,13.811204,675
509540.207400,6944432.351000,13.734378,675
509540.699200,6944432.440000,13.656933,675
509541.191100,6944432.530000,13.609432,675
509541.558800,6944432.597000,13.595070,675
509541.683000,6944432.620000,13.590253,675
509542.666800,6944432.799000,13.551897,675
509543.158700,6944432.889000,13.562081,675
509543.437200,6944432.940000,13.595070,675
509543.650500,6944432.979000,13.620336,675
509544.142400,6944433.069000,13.678649,675
509544.634300,6944433.158000,13.736935,675
509545.126200,6944433.248000,13.812021,675
509545.618100,6944433.338000,13.941328,675
509546.109900,6944433.427000,14.069427,675
509546.199000,6944433.444000,14.092958,675
509546.601800,6944433.517000,14.201022,675
509547.093700,6944433.607000,14.335874,675
509547.585600,6944433.697000,14.507741,675
509547.823600,6944433.740000,14.590845,675
509548.077500,6944433.786000,14.679502,675
509548.569400,6944433.876000,14.851822,675
509549.061200,6944433.966000,15.023985,675
509549.232900,6944433.997000,15.088732,675
509549.553100,6944434.056000,15.206744,675
509550.045000,6944434.145000,15.388571,675
509550.536900,6944434.235000,15.570383,675
509550.580700,6944434.243000,15.586620,675
509551.028800,6944434.325000,15.748885,675
509551.520600,6944434.415000,15.927359,675
509551.953300,6944434.494000,16.084507,675
509552.012500,6944434.504000,16.105822,675
509552.504400,6944434.594000,16.283602,675
509552.996300,6944434.684000,16.459162,675
509553.342300,6944434.747000,16.582394,675
509553.488200,6944434.774000,16.631476,675
509553.980100,6944434.863000,16.797343,675
509554.471900,6944434.953000,16.957543,675
509554.842600,6944435.021000,17.080282,675
509554.963800,6944435.043000,17.120103,675
509555.455700,6944435.132000,17.276857,675
509555.947600,6944435.222000,17.429300,675
509556.432500,6944435.311000,17.578169,675
509556.439500,6944435.312000,17.580202,675
509556.931300,6944435.402000,17.726201,675
509557.423200,6944435.491000,17.865493,675
509557.915100,6944435.581000,17.994226,675
509558.225800,6944435.638000,18.076056,675
509558.407000,6944435.671000,18.122356,675
509558.898900,6944435.761000,18.248539,675
509559.390700,6944435.850000,18.366108,675
509559.882600,6944435.940000,18.464461,675
509560.374500,6944436.030000,18.562826,675
509560.429600,6944436.040000,18.573944,675
509560.866400,6944436.120000,18.660806,675
509561.358300,6944436.209000,18.751822,675
509561.850200,6944436.299000,18.807696,675
509562.342000,6944436.389000,18.862979,675
509562.833900,6944436.478000,18.917394,675
509563.325800,6944436.568000,18.972717,675
509504.300000,6944425.800000,16.668088,680
509504.791900,6944425.890000,16.696736,680
509505.283800,6944425.979000,16.725796,680
509505.775600,6944426.069000,16.753735,680
509506.267500,6944426.159000,16.780621,680
509506.759400,6944426.249000,16.828920,680
509507.251300,6944426.338000,16.881999,680
509507.743200,6944426.428000,16.935301,680
509508.235100,6944426.518000,16.987597,680
509508.726900,6944426.608000,17.053363,680
509508.915000,6944426.642000,17.080282,680
509509.218800,6944426.697000,17.123865,680
509509.710700,6944426.787000,17.194279,680
509510.202600,6944426.877000,17.264641,680
509510.694500,6944426.967000,17.341414,680
509511.186300,6944427.056000,17.423183,680
509511.678200,6944427.146000,17.505288,680
509512.112300,6944427.225000,17.578169,680
509512.170100,6944427.236000,17.587198,680
509512.662000,6944427.325000,17.663191,680
509513.153900,6944427.415000,17.740078,680
509513.645800,6944427.505000,17.816161,680
509514.137600,6944427.595000,17.891935,680
509514.629500,6944427.684000,17.963155,680
509515.121400,6944427.774000,18.022839,680
509515.559000,6944427.854000,18.076056,680
509515.613300,6944427.864000,18.082163,680
509516.105200,6944427.954000,18.137836,680
509516.597000,6944428.043000,18.187619,680
509518.072700,6944428.313000,18.252134,680
509518.564600,6944428.402000,18.272097,680
509520.532100,6944428.761000,18.179223,680
509521.024000,6944428.851000,18.119778,680
509521.362200,6944428.913000,18.076056,680
509521.515900,6944428.941000,18.054070,680
509522.007700,6944429.030000,17.984284,680
509522.499600,6944429.120000,17.914363,680
509522.991500,6944429.210000,17.826663,680
509523.483400,6944429.300000,17.733774,680
509523.975300,6944429.389000,17.640664,680
509524.300900,6944429.449000,17.578169,680
509524.467100,6944429.479000,17.540624,680
509524.959000,6944429.569000,17.426555,680
509525.450900,6944429.659000,17.310798,680
509525.942800,6944429.748000,17.195137,680
509526.429600,6944429.837000,17.080282,680
509526.434700,6944429.838000,17.079059,680
509526.926600,6944429.928000,16.959214,680
509527.418400,6944430.018000,16.840506,680
509527.910300,6944430.107000,16.715741,680
509528.402200,6944430.197000,16.598582,680
509528.464800,6944430.208000,16.582394,680
509528.894100,6944430.287000,16.450223,680
509529.386000,6944430.376000,16.308962,680
509529.877800,6944430.466000,16.162395,680
509530.144000,6944430.515000,16.084507,680
509530.369700,6944430.556000,16.016039,680
509530.861600,6944430.646000,15.867917,680
509531.353500,6944430.735000,15.723680,680
509531.823500,6944430.821000,15.586620,680
509531.845400,6944430.825000,15.579813,680
509532.337300,6944430.915000,15.425619,680
509532.829100,6944431.005000,15.272857,680
509533.321000,6944431.094000,15.131502,680
509533.466500,6944431.121000,15.088732,680
509533.812900,6944431.184000,14.979779,680
509534.304800,6944431.274000,14.827168,680
509534.796700,6944431.364000,14.675608,680
509535.105000,6944431.420000,14.590845,680
509535.288500,6944431.453000,14.540423,680
509535.780400,6944431.543000,14.405001,680
509536.272300,6944431.633000,14.271228,680
509536.764200,6944431.723000,14.139670,680
509536.961700,6944431.759000,14.092958,680
509537.256100,6944431.812000,14.022732,680
509537.748000,6944431.902000,13.909765,680
509538.239800,6944431.992000,13.798371,680
509538.731700,6944432.081000,13.689023,680
509539.223600,6944432.171000,13.602199,680
509539.270400,6944432.180000,13.595070,680
509539.715500,6944432.261000,13.527769,680
509540.207400,6944432.351000,13.453344,680
509540.699200,6944432.440000,13.379273,680
509541.191100,6944432.530000,13.334453,680
509542.666800,6944432.799000,13.282769,680
509543.158700,6944432.889000,13.294247,680
509543.650500,6944432.979000,13.352701,680
509544.142400,6944433.069000,13.411175,680
509544.634300,6944433.158000,13.469616,680
509545.126200,6944433.248000,13.544871,680
509545.319200,6944433.283000,13.595070,680
509545.618100,6944433.338000,13.673080,680
509546.109900,6944433.427000,13.800619,680
509546.601800,6944433.517000,13.929364,680
509547.093700,6944433.607000,14.062050,680
509547.184500,6944433.624000,14.092958,680
509547.585600,6944433.697000,14.231391,680
509548.077500,6944433.786000,14.401160,680
509548.569400,6944433.876000,14.572651,680
509548.622000,6944433.886000,14.590845,680
509549.061200,6944433.966000,14.743324,680
509549.553100,6944434.056000,14.928543,680
509549.976100,6944434.133000,15.088732,680
509550.045000,6944434.145000,15.114207,680
509550.536900,6944434.235000,15.295336,680
509551.028800,6944434.325000,15.476726,680
509551.322500,6944434.378000,15.586620,680
509551.520600,6944434.415000,15.658482,680
509552.012500,6944434.504000,15.836928,680
509552.504400,6944434.594000,16.015409,680
509552.694900,6944434.629000,16.084507,680
509552.996300,6944434.684000,16.192696,680
509553.488200,6944434.774000,16.368337,680
509553.980100,6944434.863000,16.547227,680
509554.080300,6944434.882000,16.582394,680
509554.471900,6944434.953000,16.709576,680
509554.963800,6944435.043000,16.873392,680
509555.455700,6944435.132000,17.031989,680
509555.610600,6944435.161000,17.080282,680
509555.947600,6944435.222000,17.185392,680
509556.439500,6944435.312000,17.338557,680
509556.931300,6944435.402000,17.491637,680
509557.218500,6944435.454000,17.578169,680
509557.423200,6944435.491000,17.636943,680
509557.915100,6944435.581000,17.769212,680
509558.407000,6944435.671000,17.900335,680
509558.898900,6944435.761000,18.031950,680
509559.073400,6944435.792000,18.076056,680
509559.390700,6944435.850000,18.153001,680
509559.882600,6944435.940000,18.253701,680
509560.374500,6944436.030000,18.354630,680
509560.866400,6944436.120000,18.455244,680
509561.358300,6944436.209000,18.549804,680
509561.564900,6944436.247000,18.573944,680
509561.850200,6944436.299000,18.606786,680
509562.342000,6944436.389000,18.663559,680
509562.833900,6944436.478000,18.719940,680
509563.325800,6944436.568000,18.776624,680
509504.300000,6944425.800000,16.486966,685
509504.791900,6944425.890000,16.517405,685
509505.283800,6944425.979000,16.548730,685
509505.775600,6944426.069000,16.578729,685
509505.840100,6944426.081000,16.582394,685
509506.267500,6944426.159000,16.604478,685
509506.759400,6944426.249000,16.650375,685
509507.251300,6944426.338000,16.701794,685
509507.743200,6944426.428000,16.753865,685
509508.235100,6944426.518000,16.803669,685
509508.726900,6944426.608000,16.866621,685
509509.218800,6944426.697000,16.935574,685
509509.710700,6944426.787000,17.003512,685
509510.202600,6944426.877000,17.071996,685
509510.257400,6944426.887000,17.080282,685
509510.694500,6944426.967000,17.146566,685
509511.186300,6944427.056000,17.225746,685
509511.678200,6944427.146000,17.305071,685
509512.170100,6944427.236000,17.384810,685
509512.662000,6944427.325000,17.466021,685
509513.153900,6944427.415000,17.550401,685
509513.316200,6944427.445000,17.578169,685
509513.645800,6944427.505000,17.628996,685
509514.137600,6944427.595000,17.703702,685
509514.629500,6944427.684000,17.774216,685
509515.121400,6944427.774000,17.834945,685
509515.613300,6944427.864000,17.895336,685
509516.105200,6944427.954000,17.955821,685
509516.597000,6944428.043000,18.010421,685
509517.088900,6944428.133000,18.034834,685
509517.580800,6944428.223000,18.059304,685
509517.915700,6944428.284000,18.076056,685
509518.072700,6944428.313000,18.083188,685
509518.564600,6944428.402000,18.104031,685
509519.056500,6944428.492000,18.080582,685
509519.151500,6944428.509000,18.076056,685
509519.548300,6944428.582000,18.055162,685
509520.040200,6944428.672000,18.029257,685
509520.532100,6944428.761000,18.003345,685
509521.024000,6944428.851000,17.936608,685
509521.515900,6944428.941000,17.865482,685
509522.007700,6944429.030000,17.794257,685
509522.499600,6944429.120000,17.722553,685
509522.991500,6944429.210000,17.633462,685
509523.280900,6944429.263000,17.578169,685
509523.483400,6944429.300000,17.532343,685
509523.975300,6944429.389000,17.421214,685
509524.467100,6944429.479000,17.309485,685
509524.959000,6944429.569000,17.194340,685
509525.437900,6944429.656000,17.080282,685
509525.450900,6944429.659000,17.077140,685
509525.942800,6944429.748000,16.957969,685
509526.434700,6944429.838000,16.840767,685
509526.926600,6944429.928000,16.717551,685
509527.418400,6944430.018000,16.600819,685
509527.489700,6944430.031000,16.582394,685
509527.910300,6944430.107000,16.451277,685
509528.402200,6944430.197000,16.308746,685
509528.894100,6944430.287000,16.160885,685
509529.157000,6944430.335000,16.084507,685
509529.386000,6944430.376000,16.015615,685
509529.877800,6944430.466000,15.867555,685
509530.369700,6944430.556000,15.719392,685
509530.813600,6944430.637000,15.586620,685
509530.861600,6944430.646000,15.571077,685
509531.353500,6944430.735000,15.417972,685
509531.845400,6944430.825000,15.265337,685
509532.337300,6944430.915000,15.112542,685
509532.414600,6944430.929000,15.088732,685
509532.829100,6944431.005000,14.951178,685
509533.321000,6944431.094000,14.802124,685
509533.812900,6944431.184000,14.653142,685
509534.019000,6944431.222000,14.590845,685
509534.304800,6944431.274000,14.503963,685
509534.796700,6944431.364000,14.354732,685
509535.288500,6944431.453000,14.221831,685
509535.767200,6944431.541000,14.092958,685
509535.780400,6944431.543000,14.089372,685
509536.272300,6944431.633000,13.958956,685
509536.764200,6944431.723000,13.828266,685
509537.256100,6944431.812000,13.716014,685
509537.748000,6944431.902000,13.609818,685
509537.815600,6944431.914000,13.595070,685
509538.239800,6944431.992000,13.502880,685
509538.731700,6944432.081000,13.396580,685
509539.223600,6944432.171000,13.313161,685
509539.715500,6944432.261000,13.242133,685
509540.207400,6944432.351000,13.171470,685
509540.699200,6944432.440000,13.101553,685
509540.749900,6944432.450000,13.097183,685
509541.191100,6944432.530000,13.061519,685
509541.683000,6944432.620000,13.047109,685
509542.174900,6944432.710000,13.032719,685
509542.666800,6944432.799000,13.018346,685
509543.158700,6944432.889000,13.030433,685
509543.650500,6944432.979000,13.085778,685
509543.751800,6944432.997000,13.097183,685
509544.142400,6944433.069000,13.143814,685
509544.634300,6944433.158000,13.202463,685
509545.126200,6944433.248000,13.277580,685
509545.618100,6944433.338000,13.404532,685
509546.109900,6944433.427000,13.531436,685
509546.356600,6944433.472000,13.595070,685
509546.601800,6944433.517000,13.658462,685
509547.093700,6944433.607000,13.789583,685
509547.585600,6944433.697000,13.956341,685
509547.992800,6944433.771000,14.092958,685
509548.077500,6944433.786000,14.121950,685
509548.569400,6944433.876000,14.293087,685
509549.061200,6944433.966000,14.462564,685
509549.402900,6944434.028000,14.590845,685
509549.553100,6944434.056000,14.647293,685
509550.045000,6944434.145000,14.831812,685
509550.536900,6944434.235000,15.017445,685
509550.725800,6944434.270000,15.088732,685
509551.028800,6944434.325000,15.199372,685
509551.520600,6944434.415000,15.382764,685
509552.012500,6944434.504000,15.567166,685
509552.064500,6944434.514000,15.586620,685
509552.504400,6944434.594000,15.746081,685
509552.996300,6944434.684000,15.924471,685
509553.438000,6944434.764000,16.084507,685
509553.488200,6944434.774000,16.102437,685
509553.980100,6944434.863000,16.279489,685
509554.471900,6944434.953000,16.453079,685
509554.831700,6944435.019000,16.582394,685
509554.963800,6944435.043000,16.626548,685
509555.455700,6944435.132000,16.788100,685
509555.947600,6944435.222000,16.941486,685
509556.386600,6944435.302000,17.080282,685
509556.439500,6944435.312000,17.096837,685
509556.931300,6944435.402000,17.251765,685
509557.423200,6944435.491000,17.400881,685
509557.915100,6944435.581000,17.542322,685
509558.039800,6944435.604000,17.578169,685
509558.407000,6944435.671000,17.677299,685
509558.898900,6944435.761000,17.809865,685
509559.390700,6944435.850000,17.935702,685
509559.882600,6944435.940000,18.042005,685
509560.038700,6944435.969000,18.076056,685
509560.374500,6944436.030000,18.146434,685
509560.866400,6944436.120000,18.249424,685
509561.358300,6944436.209000,18.345957,685
509562.342000,6944436.389000,18.463278,685
509562.833900,6944436.478000,18.521947,685
509563.269600,6944436.558000,18.573944,685
509563.325800,6944436.568000,18.580532,685
509504.300000,6944425.800000,16.297538,690
509504.791900,6944425.890000,16.326470,690
509505.283800,6944425.979000,16.355961,690
509505.775600,6944426.069000,16.384720,690
509506.267500,6944426.159000,16.412265,690
509506.759400,6944426.249000,16.461098,690
509507.251300,6944426.338000,16.515403,690
509507.743200,6944426.428000,16.571308,690
509507.847900,6944426.447000,16.582394,690
509508.235100,6944426.518000,16.619741,690
509508.726900,6944426.608000,16.679879,690
509509.218800,6944426.697000,16.746955,690
509509.710700,6944426.787000,16.811660,690
509510.202600,6944426.877000,16.877661,690
509510.694500,6944426.967000,16.951163,690
509511.186300,6944427.056000,17.027623,690
509511.521800,6944427.117000,17.080282,690
509511.678200,6944427.146000,17.104855,690
509512.170100,6944427.236000,17.181591,690
509512.662000,6944427.325000,17.260584,690
509513.153900,6944427.415000,17.342787,690
509513.645800,6944427.505000,17.425246,690
509514.137600,6944427.595000,17.507520,690
509514.579600,6944427.675000,17.578169,690
509514.629500,6944427.684000,17.585277,690
509515.121400,6944427.774000,17.647051,690
509515.613300,6944427.864000,17.708039,690
509516.105200,6944427.954000,17.768670,690
509516.597000,6944428.043000,17.823035,690
509517.088900,6944428.133000,17.848179,690
509517.580800,6944428.223000,17.873230,690
509518.072700,6944428.313000,17.898251,690
509518.564600,6944428.402000,17.921535,690
509519.056500,6944428.492000,17.895315,690
509519.548300,6944428.582000,17.869091,690
509520.040200,6944428.672000,17.842873,690
509520.532100,6944428.761000,17.816669,690
509521.024000,6944428.851000,17.749009,690
509521.515900,6944428.941000,17.676894,690
509522.007700,6944429.030000,17.604230,690
509522.183200,6944429.062000,17.578169,690
509522.499600,6944429.120000,17.522184,690
509522.991500,6944429.210000,17.415810,690
509523.483400,6944429.300000,17.303521,690
509523.975300,6944429.389000,17.191029,690
509524.458700,6944429.478000,17.080282,690
509524.467100,6944429.479000,17.078321,690
509524.959000,6944429.569000,16.960109,690
509525.450900,6944429.659000,16.842043,690
509525.942800,6944429.748000,16.719118,690
509526.434700,6944429.838000,16.602475,690
509526.513600,6944429.852000,16.582394,690
509526.926600,6944429.928000,16.453602,690
509527.418400,6944430.018000,16.310639,690
509527.910300,6944430.107000,16.162254,690
509528.172800,6944430.155000,16.084507,690
509528.402200,6944430.197000,16.013580,690
509528.894100,6944430.287000,15.863171,690
509529.386000,6944430.376000,15.715903,690
509529.820000,6944430.456000,15.586620,690
509529.877800,6944430.466000,15.567885,690
509530.369700,6944430.556000,15.407227,690
509530.861600,6944430.646000,15.249849,690
509531.353500,6944430.735000,15.102697,690
509531.398600,6944430.744000,15.088732,690
509531.845400,6944430.825000,14.937519,690
509532.337300,6944430.915000,14.774865,690
509532.829100,6944431.005000,14.613709,690
509532.905900,6944431.019000,14.590845,690
509533.321000,6944431.094000,14.467192,690
509533.812900,6944431.184000,14.320498,690
509534.304800,6944431.274000,14.175557,690
509534.587500,6944431.325000,14.092958,690
509534.796700,6944431.364000,14.030167,690
509535.288500,6944431.453000,13.897602,690
509535.780400,6944431.543000,13.769622,690
509536.272300,6944431.633000,13.643715,690
509536.458000,6944431.667000,13.595070,690
509536.764200,6944431.723000,13.515209,690
509537.256100,6944431.812000,13.407748,690
509537.748000,6944431.902000,13.305455,690
509538.239800,6944431.992000,13.203773,690
509538.731700,6944432.081000,13.103735,690
509538.771700,6944432.089000,13.097183,690
509539.223600,6944432.171000,13.027945,690
509539.715500,6944432.261000,12.964327,690
509540.207400,6944432.351000,12.901233,690
509540.699200,6944432.440000,12.838378,690
509541.191100,6944432.530000,12.801444,690
509541.683000,6944432.620000,12.789087,690
509542.174900,6944432.710000,12.776732,690
509542.666800,6944432.799000,12.764377,690
509543.158700,6944432.889000,12.777814,690
509543.650500,6944432.979000,12.833449,690
509544.142400,6944433.069000,12.889122,690
509544.634300,6944433.158000,12.944737,690
509545.126200,6944433.248000,13.015384,690
509545.467100,6944433.310000,13.097183,690
509545.618100,6944433.338000,13.135860,690
509546.109900,6944433.427000,13.261032,690
509546.601800,6944433.517000,13.387118,690
509547.093700,6944433.607000,13.517098,690
509547.326000,6944433.649000,13.595070,690
509547.585600,6944433.697000,13.682596,690
509548.077500,6944433.786000,13.847001,690
509548.569400,6944433.876000,14.013867,690
509548.802300,6944433.919000,14.092958,690
509549.061200,6944433.966000,14.181688,690
509549.553100,6944434.056000,14.363278,690
509550.045000,6944434.145000,14.548057,690
509550.160000,6944434.166000,14.590845,690
509550.536900,6944434.235000,14.730970,690
509551.028800,6944434.325000,14.915164,690
509551.478100,6944434.407000,15.088732,690
509551.520600,6944434.415000,15.104551,690
509552.012500,6944434.504000,15.288804,690
509552.504400,6944434.594000,15.472774,690
509552.807600,6944434.649000,15.586620,690
509552.996300,6944434.684000,15.655044,690
509553.488200,6944434.774000,15.833160,690
509553.980100,6944434.863000,16.011195,690
509554.182600,6944434.900000,16.084507,690
509554.471900,6944434.953000,16.187601,690
509554.963800,6944435.043000,16.363592,690
509555.455700,6944435.132000,16.540455,690
509555.578200,6944435.155000,16.582394,690
509555.947600,6944435.222000,16.697581,690
509556.439500,6944435.312000,16.855759,690
509556.931300,6944435.402000,17.011940,690
509557.154500,6944435.442000,17.080282,690
509557.423200,6944435.491000,17.162218,690
509557.915100,6944435.581000,17.304882,690
509558.407000,6944435.671000,17.447213,690
509558.863300,6944435.754000,17.578169,690
509558.898900,6944435.761000,17.587779,690
509559.390700,6944435.850000,17.716033,690
509559.882600,6944435.940000,17.825294,690
509560.374500,6944436.030000,17.933801,690
509560.866400,6944436.120000,18.042390,690
509561.027400,6944436.149000,18.076056,690
509561.358300,6944436.209000,18.142110,690
509562.342000,6944436.389000,18.262297,690
509562.833900,6944436.478000,18.322429,690
509563.325800,6944436.568000,18.382483,690
509504.300000,6944425.800000,16.108110,695
509504.791900,6944425.890000,16.135534,695
509505.283800,6944425.979000,16.163191,695
509505.775600,6944426.069000,16.190710,695
509506.267500,6944426.159000,16.217749,695
509506.759400,6944426.249000,16.265223,695
509507.251300,6944426.338000,16.316864,695
509507.743200,6944426.428000,16.369467,695
509508.235100,6944426.518000,16.420055,695
509508.726900,6944426.608000,16.483760,695
509509.218800,6944426.697000,16.555488,695
509509.413300,6944426.733000,16.582394,695
509509.710700,6944426.787000,16.619808,695
509510.202600,6944426.877000,16.683325,695
509510.694500,6944426.967000,16.755474,695
509511.186300,6944427.056000,16.827581,695
509511.678200,6944427.146000,16.902198,695
509512.170100,6944427.236000,16.978039,695
509512.662000,6944427.325000,17.054767,695
509512.817600,6944427.354000,17.080282,695
509513.153900,6944427.415000,17.135174,695
509513.645800,6944427.505000,17.215314,695
509514.137600,6944427.595000,17.295422,695
509514.629500,6944427.684000,17.372304,695
509515.121400,6944427.774000,17.442000,695
509515.613300,6944427.864000,17.511887,695
509516.078000,6944427.949000,17.578169,695
509516.105200,6944427.954000,17.581518,695
509516.597000,6944428.043000,17.635649,695
509517.088900,6944428.133000,17.661525,695
509517.580800,6944428.223000,17.687157,695
509518.072700,6944428.313000,17.712609,695
509518.564600,6944428.402000,17.736156,695
509519.056500,6944428.492000,17.709579,695
509519.548300,6944428.582000,17.683020,695
509520.040200,6944428.672000,17.656489,695
509520.532100,6944428.761000,17.629994,695
509520.904200,6944428.829000,17.578169,695
509521.024000,6944428.851000,17.558185,695
509521.515900,6944428.941000,17.471057,695
509522.007700,6944429.030000,17.383458,695
509522.499600,6944429.120000,17.295759,695
509522.991500,6944429.210000,17.188355,695
509523.459400,6944429.295000,17.080282,695
509523.483400,6944429.300000,17.074642,695
509523.975300,6944429.389000,16.958956,695
509524.467100,6944429.479000,16.844229,695
509524.959000,6944429.569000,16.723931,695
509525.450900,6944429.659000,16.606945,695
509525.547500,6944429.676000,16.582394,695
509525.942800,6944429.748000,16.457410,695
509526.434700,6944429.838000,16.311183,695
509526.926600,6944429.928000,16.161372,695
509527.188000,6944429.976000,16.084507,695
509527.418400,6944430.018000,16.013822,695
509527.910300,6944430.107000,15.862920,695
509528.402200,6944430.197000,15.711901,695
509528.814300,6944430.272000,15.586620,695
509528.894100,6944430.287000,15.559915,695
509529.386000,6944430.376000,15.400703,695
509529.877800,6944430.466000,15.241810,695
509530.350400,6944430.552000,15.088732,695
509530.369700,6944430.556000,15.081806,695
509530.861600,6944430.646000,14.910085,695
509531.353500,6944430.735000,14.750576,695
509531.845400,6944430.825000,14.592612,695
509531.850800,6944430.826000,14.590845,695
509532.337300,6944430.915000,14.431299,695
509532.829100,6944431.005000,14.270808,695
509533.321000,6944431.094000,14.129467,695
509533.445600,6944431.117000,14.092958,695
509533.812900,6944431.184000,13.982687,695
509534.304800,6944431.274000,13.837600,695
509534.796700,6944431.364000,13.692612,695
509535.184200,6944431.434000,13.595070,695
509535.288500,6944431.453000,13.568982,695
509535.780400,6944431.543000,13.446497,695
509536.272300,6944431.633000,13.323795,695
509536.764200,6944431.723000,13.201270,695
509537.256100,6944431.812000,13.098474,695
509537.262500,6944431.813000,13.097183,695
509537.748000,6944431.902000,13.006256,695
509538.239800,6944431.992000,12.915374,695
509538.731700,6944432.081000,12.824771,695
509539.223600,6944432.171000,12.754123,695
509539.715500,6944432.261000,12.694587,695
509540.207400,6944432.351000,12.635159,695
509540.501300,6944432.404000,12.599296,695
509540.699200,6944432.440000,12.576399,695
509541.191100,6944432.530000,12.543732,695
509542.666800,6944432.799000,12.514169,695
509543.158700,6944432.889000,12.528376,695
509543.650500,6944432.979000,12.581913,695
509543.810100,6944433.008000,12.599296,695
509544.142400,6944433.069000,12.637107,695
509544.634300,6944433.158000,12.693141,695
509545.126200,6944433.248000,12.763767,695
509545.618100,6944433.338000,12.880716,695
509546.109900,6944433.427000,12.997253,695
509546.529500,6944433.504000,13.097183,695
509546.601800,6944433.517000,13.115639,695
509547.093700,6944433.607000,13.244568,695
509547.585600,6944433.697000,13.408071,695
509548.077500,6944433.786000,13.572186,695
509548.146300,6944433.799000,13.595070,695
509548.569400,6944433.876000,13.735516,695
509549.061200,6944433.966000,13.899941,695
509549.553100,6944434.056000,14.078670,695
509549.592100,6944434.063000,14.092958,695
509550.045000,6944434.145000,14.261233,695
509550.536900,6944434.235000,14.443637,695
509550.933200,6944434.307000,14.590845,695
509551.028800,6944434.325000,14.626406,695
509551.520600,6944434.415000,14.815787,695
509552.012500,6944434.504000,15.006791,695
509552.223000,6944434.543000,15.088732,695
509552.504400,6944434.594000,15.193692,695
509552.996300,6944434.684000,15.376938,695
509553.488200,6944434.774000,15.562534,695
509553.551800,6944434.785000,15.586620,695
509553.980100,6944434.863000,15.741411,695
509554.471900,6944434.953000,15.919344,695
509554.928500,6944435.036000,16.084507,695
509554.963800,6944435.043000,16.097126,695
509555.455700,6944435.132000,16.272583,695
509555.947600,6944435.222000,16.442734,695
509556.339800,6944435.294000,16.582394,695
509556.439500,6944435.312000,16.614727,695
509556.931300,6944435.402000,16.772229,695
509557.423200,6944435.491000,16.922239,695
509557.915100,6944435.581000,17.067521,695
509557.958700,6944435.589000,17.080282,695
509558.407000,6944435.671000,17.211488,695
509558.898900,6944435.761000,17.354832,695
509559.390700,6944435.850000,17.491713,695
509559.748000,6944435.916000,17.578169,695
509559.882600,6944435.940000,17.608583,695
509560.374500,6944436.030000,17.718901,695
509560.866400,6944436.120000,17.828860,695
509561.358300,6944436.209000,17.932880,695
509561.850200,6944436.299000,17.996814,695
509562.342000,6944436.389000,18.060733,695
509562.459100,6944436.410000,18.076056,695
509562.833900,6944436.478000,18.122912,695
509563.325800,6944436.568000,18.184367,695
509504.300000,6944425.800000,15.916245,700
509506.267500,6944426.159000,16.022480,700
509506.759400,6944426.249000,16.069083,700
509506.913100,6944426.277000,16.084507,700
509507.251300,6944426.338000,16.118325,700
509507.743200,6944426.428000,16.167627,700
509508.235100,6944426.518000,16.216354,700
509508.726900,6944426.608000,16.277399,700
509509.218800,6944426.697000,16.344543,700
509509.710700,6944426.787000,16.409933,700
509510.202600,6944426.877000,16.477196,700
509510.694500,6944426.967000,16.556404,700
509510.861000,6944426.997000,16.582394,700
509511.186300,6944427.056000,16.627540,700
509511.678200,6944427.146000,16.699200,700
509512.170100,6944427.236000,16.774156,700
509512.662000,6944427.325000,16.846226,700
509513.153900,6944427.415000,16.925205,700
509513.645800,6944427.505000,17.004969,700
509514.118600,6944427.591000,17.080282,700
509514.137600,6944427.595000,17.083324,700
509514.629500,6944427.684000,17.158392,700
509515.121400,6944427.774000,17.227018,700
509515.613300,6944427.864000,17.295706,700
509516.105200,6944427.954000,17.364564,700
509516.597000,6944428.043000,17.426651,700
509518.072700,6944428.313000,17.517443,700
509518.564600,6944428.402000,17.545557,700
509520.532100,6944428.761000,17.417139,700
509521.024000,6944428.851000,17.334490,700
509521.515900,6944428.941000,17.246270,700
509522.007700,6944429.030000,17.157800,700
509522.438900,6944429.109000,17.080282,700
509522.499600,6944429.120000,17.069168,700
509522.991500,6944429.210000,16.958820,700
509523.483400,6944429.300000,16.843448,700
509523.975300,6944429.389000,16.725130,700
509524.467100,6944429.479000,16.610137,700
509524.579400,6944429.500000,16.582394,700
509524.959000,6944429.569000,16.463842,700
509525.450900,6944429.659000,16.316486,700
509525.942800,6944429.748000,16.165101,700
509526.208500,6944429.797000,16.084507,700
509526.434700,6944429.838000,16.012497,700
509526.926600,6944429.928000,15.858990,700
509527.418400,6944430.018000,15.708946,700
509527.821400,6944430.091000,15.586620,700
509527.910300,6944430.107000,15.556652,700
509528.402200,6944430.197000,15.388809,700
509528.894100,6944430.287000,15.227588,700
509529.337400,6944430.368000,15.088732,700
509529.386000,6944430.376000,15.071526,700
509529.877800,6944430.466000,14.894650,700
509530.369700,6944430.556000,14.721515,700
509530.747700,6944430.625000,14.590845,700
509530.861600,6944430.646000,14.550878,700
509531.353500,6944430.735000,14.393754,700
509531.845400,6944430.825000,14.235602,700
509532.304900,6944430.909000,14.092958,700
509532.337300,6944430.915000,14.082454,700
509532.829100,6944431.005000,13.916873,700
509533.321000,6944431.094000,13.776003,700
509533.812900,6944431.184000,13.636863,700
509533.957900,6944431.211000,13.595070,700
509534.304800,6944431.274000,13.494672,700
509534.796700,6944431.364000,13.353398,700
509535.288500,6944431.453000,13.233719,700
509535.780400,6944431.543000,13.119314,700
509535.872500,6944431.560000,13.097183,700
509536.272300,6944431.633000,13.006928,700
509536.764200,6944431.723000,12.896436,700
509537.256100,6944431.812000,12.804855,700
509537.748000,6944431.902000,12.718719,700
509538.239800,6944431.992000,12.632902,700
509538.428700,6944432.026000,12.599296,700
509538.731700,6944432.081000,12.548145,700
509539.223600,6944432.171000,12.484638,700
509540.207400,6944432.351000,12.377624,700
509540.699200,6944432.440000,12.324069,700
509541.191100,6944432.530000,12.294266,700
509542.666800,6944432.799000,12.270947,700
509543.158700,6944432.889000,12.286607,700
509543.650500,6944432.979000,12.340594,700
509544.142400,6944433.069000,12.394572,700
509544.634300,6944433.158000,12.448559,700
509545.126200,6944433.248000,12.516093,700
509545.497100,6944433.316000,12.599296,700
509545.618100,6944433.338000,12.627845,700
509546.109900,6944433.427000,12.743660,700
509546.601800,6944433.517000,12.859819,700
509547.093700,6944433.607000,12.979559,700
509547.476400,6944433.677000,13.097183,700
509547.585600,6944433.697000,13.133178,700
509548.077500,6944433.786000,13.293336,700
509548.569400,6944433.876000,13.455661,700
509548.992500,6944433.953000,13.595070,700
509549.061200,6944433.966000,13.617792,700
509549.553100,6944434.056000,13.795959,700
509550.045000,6944434.145000,13.975242,700
509550.367500,6944434.204000,14.092958,700
509550.536900,6944434.235000,14.155481,700
509551.028800,6944434.325000,14.337593,700
509551.520600,6944434.415000,14.525670,700
509551.689100,6944434.445000,14.590845,700
509552.012500,6944434.504000,14.715450,700
509552.504400,6944434.594000,14.905101,700
509552.977000,6944434.680000,15.088732,700
509552.996300,6944434.684000,15.095879,700
509553.488200,6944434.774000,15.280045,700
509553.980100,6944434.863000,15.466154,700
509554.298500,6944434.921000,15.586620,700
509554.471900,6944434.953000,15.649324,700
509554.963800,6944435.043000,15.827154,700
509555.455700,6944435.132000,16.004009,700
509555.680600,6944435.173000,16.084507,700
509555.947600,6944435.222000,16.178093,700
509556.439500,6944435.312000,16.351904,700
509556.931300,6944435.402000,16.526770,700
509557.096400,6944435.432000,16.582394,700
509557.423200,6944435.491000,16.681571,700
509557.915100,6944435.581000,16.831556,700
509558.407000,6944435.671000,16.975912,700
509558.759000,6944435.735000,17.080282,700
509558.898900,6944435.761000,17.121394,700
509559.390700,6944435.850000,17.259555,700
509559.882600,6944435.940000,17.379620,700
509560.374500,6944436.030000,17.499065,700
509560.701500,6944436.089000,17.578169,700
509560.866400,6944436.120000,17.615331,700
509561.358300,6944436.209000,17.721069,700
509561.850200,6944436.299000,17.786506,700
509562.342000,6944436.389000,17.851824,700
509562.833900,6944436.478000,17.917140,700
509563.325800,6944436.568000,17.982415,700
509504.300000,6944425.800000,15.724033,705
509506.267500,6944426.159000,15.825573,705
509506.759400,6944426.249000,15.869790,705
509507.743200,6944426.428000,15.964248,705
509508.235100,6944426.518000,16.011475,705
509508.726900,6944426.608000,16.070742,705
509508.834700,6944426.627000,16.084507,705
509509.218800,6944426.697000,16.133599,705
509509.710700,6944426.787000,16.195691,705
509510.202600,6944426.877000,16.258323,705
509510.694500,6944426.967000,16.331450,705
509511.186300,6944427.056000,16.406160,705
509511.678200,6944427.146000,16.483491,705
509512.170100,6944427.236000,16.568006,705
509512.260200,6944427.252000,16.582394,705
509512.662000,6944427.325000,16.637685,705
509513.153900,6944427.415000,16.714388,705
509513.645800,6944427.505000,16.793882,705
509514.137600,6944427.595000,16.867267,705
509514.629500,6944427.684000,16.942516,705
509515.121400,6944427.774000,17.011872,705
509515.613300,6944427.864000,17.079511,705
509515.618800,6944427.865000,17.080282,705
509516.105200,6944427.954000,17.147067,705
509516.597000,6944428.043000,17.208089,705
509518.072700,6944428.313000,17.297272,705
509518.564600,6944428.402000,17.324849,705
509520.532100,6944428.761000,17.194222,705
509521.024000,6944428.851000,17.110794,705
509521.192600,6944428.882000,17.080282,705
509521.515900,6944428.941000,17.021675,705
509522.007700,6944429.030000,16.928268,705
509522.499600,6944429.120000,16.839296,705
509522.991500,6944429.210000,16.727403,705
509523.483400,6944429.300000,16.612255,705
509523.605900,6944429.322000,16.582394,705
509523.975300,6944429.389000,16.466819,705
509524.467100,6944429.479000,16.318727,705
509524.959000,6944429.569000,16.167993,705
509525.236100,6944429.619000,16.084507,705
509525.450900,6944429.659000,16.016613,705
509525.942800,6944429.748000,15.861132,705
509526.434700,6944429.838000,15.705602,705
509526.817900,6944429.908000,15.586620,705
509526.926600,6944429.928000,15.548789,705
509527.418400,6944430.018000,15.382694,705
509527.910300,6944430.107000,15.218049,705
509528.289900,6944430.177000,15.088732,705
509528.402200,6944430.197000,15.045520,705
509528.894100,6944430.287000,14.866162,705
509529.386000,6944430.376000,14.695906,705
509529.692200,6944430.432000,14.590845,705
509529.877800,6944430.466000,14.526276,705
509530.369700,6944430.556000,14.351607,705
509530.861600,6944430.646000,14.185207,705
509531.160600,6944430.700000,14.092958,705
509531.353500,6944430.735000,14.029677,705
509531.845400,6944430.825000,13.866579,705
509532.337300,6944430.915000,13.709027,705
509532.690900,6944430.979000,13.595070,705
509532.829100,6944431.005000,13.550757,705
509533.321000,6944431.094000,13.414729,705
509533.812900,6944431.184000,13.278771,705
509534.304800,6944431.274000,13.147408,705
509534.486800,6944431.307000,13.097183,705
509534.796700,6944431.364000,13.016376,705
509535.288500,6944431.453000,12.908211,705
509535.780400,6944431.543000,12.804200,705
509536.272300,6944431.633000,12.699463,705
509536.748700,6944431.720000,12.599296,705
509536.764200,6944431.723000,12.596225,705
509537.256100,6944431.812000,12.513946,705
509538.239800,6944431.992000,12.358124,705
509538.731700,6944432.081000,12.280090,705
509539.223600,6944432.171000,12.220794,705
509540.207400,6944432.351000,12.121419,705
509540.403700,6944432.386000,12.101408,705
509540.699200,6944432.440000,12.072547,705
509541.191100,6944432.530000,12.046609,705
509541.683000,6944432.620000,12.041117,705
509542.174900,6944432.710000,12.035628,705
509542.666800,6944432.799000,12.030141,705
509543.158700,6944432.889000,12.046522,705
509543.650500,6944432.979000,12.099325,705
509543.669800,6944432.982000,12.101408,705
509544.142400,6944433.069000,12.153712,705
509544.634300,6944433.158000,12.208148,705
509545.126200,6944433.248000,12.275861,705
509545.618100,6944433.338000,12.385395,705
509546.109900,6944433.427000,12.495013,705
509546.576900,6944433.513000,12.599296,705
509546.601800,6944433.517000,12.605141,705
509547.093700,6944433.607000,12.723408,705
509547.585600,6944433.697000,12.872109,705
509548.077500,6944433.786000,13.020085,705
509548.333200,6944433.833000,13.097183,705
509548.569400,6944433.876000,13.174274,705
509549.061200,6944433.966000,13.335328,705
509549.553100,6944434.056000,13.512281,705
509549.781200,6944434.097000,13.595070,705
509550.045000,6944434.145000,13.690432,705
509550.536900,6944434.235000,13.867038,705
509551.028800,6944434.325000,14.047883,705
509551.147900,6944434.347000,14.092958,705
509551.520600,6944434.415000,14.233056,705
509552.012500,6944434.504000,14.421340,705
509552.452400,6944434.585000,14.590845,705
509552.504400,6944434.594000,14.610778,705
509552.996300,6944434.684000,14.798776,705
509553.488200,6944434.774000,14.992497,705
509553.729400,6944434.818000,15.088732,705
509553.980100,6944434.863000,15.183528,705
509554.471900,6944434.953000,15.369574,705
509554.963800,6944435.043000,15.555359,705
509555.046200,6944435.058000,15.586620,705
509555.455700,6944435.132000,15.733781,705
509555.947600,6944435.222000,15.909699,705
509556.436100,6944435.311000,16.084507,705
509556.439500,6944435.312000,16.085705,705
509556.931300,6944435.402000,16.259429,705
509557.423200,6944435.491000,16.426881,705
509557.872400,6944435.573000,16.582394,705
509557.915100,6944435.581000,16.595590,705
509558.407000,6944435.671000,16.740525,705
509558.898900,6944435.761000,16.886359,705
509559.390700,6944435.850000,17.027501,705
509559.604600,6944435.889000,17.080282,705
509559.882600,6944435.940000,17.148657,705
509560.374500,6944436.030000,17.269862,705
509560.866400,6944436.120000,17.390540,705
509561.358300,6944436.209000,17.504742,705
509561.850200,6944436.299000,17.576063,705
509561.864600,6944436.302000,17.578169,705
509562.342000,6944436.389000,17.642914,705
509562.833900,6944436.478000,17.709449,705
509563.325800,6944436.568000,17.775837,705
509504.300000,6944425.800000,15.528412,710
509504.791900,6944425.890000,15.554121,710
509505.283800,6944425.979000,15.579843,710
509505.413900,6944426.003000,15.586620,710
509505.775600,6944426.069000,15.604455,710
509506.267500,6944426.159000,15.628667,710
509506.759400,6944426.249000,15.670497,710
509507.743200,6944426.428000,15.759794,710
509508.235100,6944426.518000,15.804434,710
509508.726900,6944426.608000,15.859861,710
509509.710700,6944426.787000,15.978902,710
509510.202600,6944426.877000,16.038420,710
509510.536100,6944426.938000,16.084507,710
509510.694500,6944426.967000,16.106496,710
509511.186300,6944427.056000,16.178561,710
509511.678200,6944427.146000,16.250559,710
509512.170100,6944427.236000,16.325992,710
509512.662000,6944427.325000,16.402599,710
509513.153900,6944427.415000,16.489221,710
509513.643300,6944427.505000,16.582394,710
509513.645800,6944427.505000,16.582796,710
509514.137600,6944427.595000,16.651153,710
509514.629500,6944427.684000,16.725510,710
509515.121400,6944427.774000,16.796371,710
509515.613300,6944427.864000,16.858905,710
509516.105200,6944427.954000,16.926648,710
509516.597000,6944428.043000,16.989525,710
509517.088900,6944428.133000,17.018717,710
509517.580800,6944428.223000,17.047510,710
509518.072700,6944428.313000,17.077028,710
509518.130700,6944428.323000,17.080282,710
509518.564600,6944428.402000,17.104140,710
509518.918200,6944428.467000,17.080282,710
509519.056500,6944428.492000,17.070734,710
509519.548300,6944428.582000,17.037465,710
509520.040200,6944428.672000,17.004542,710
509520.532100,6944428.761000,16.969614,710
509521.024000,6944428.851000,16.881722,710
509521.515900,6944428.941000,16.797621,710
509522.007700,6944429.030000,16.696709,710
509522.499600,6944429.120000,16.609425,710
509522.617400,6944429.142000,16.582394,710
509522.991500,6944429.210000,16.470342,710
509523.483400,6944429.300000,16.321290,710
509523.975300,6944429.389000,16.170139,710
509524.256100,6944429.441000,16.084507,710
509524.467100,6944429.479000,16.016664,710
509524.959000,6944429.569000,15.860662,710
509525.450900,6944429.659000,15.706168,710
509525.833600,6944429.728000,15.586620,710
509525.942800,6944429.748000,15.547887,710
509526.434700,6944429.838000,15.370416,710
509526.926600,6944429.928000,15.204623,710
509527.276300,6944429.992000,15.088732,710
509527.418400,6944430.018000,15.034218,710
509527.910300,6944430.107000,14.847980,710
509528.402200,6944430.197000,14.663050,710
509528.600300,6944430.233000,14.590845,710
509528.894100,6944430.287000,14.483273,710
509529.386000,6944430.376000,14.311527,710
509529.877800,6944430.466000,14.145373,710
509530.028700,6944430.494000,14.092958,710
509530.369700,6944430.556000,13.966631,710
509530.861600,6944430.646000,13.792954,710
509531.353500,6944430.735000,13.640959,710
509531.499500,6944430.762000,13.595070,710
509531.845400,6944430.825000,13.485157,710
509532.337300,6944430.915000,13.329327,710
509532.829100,6944431.005000,13.179137,710
509533.133700,6944431.060000,13.097183,710
509533.321000,6944431.094000,13.049750,710
509533.812900,6944431.184000,12.928528,710
509534.304800,6944431.274000,12.808547,710
509534.796700,6944431.364000,12.688127,710
509535.238000,6944431.444000,12.599296,710
509535.288500,6944431.453000,12.589620,710
509535.780400,6944431.543000,12.493658,710
509536.272300,6944431.633000,12.399439,710
509536.764200,6944431.723000,12.305974,710
509537.256100,6944431.812000,12.229211,710
509537.748000,6944431.902000,12.156798,710
509538.122400,6944431.970000,12.101408,710
509538.239800,6944431.992000,12.084928,710
509538.731700,6944432.081000,12.015262,710
509539.223600,6944432.171000,11.961335,710
509539.715500,6944432.261000,11.914591,710
509540.207400,6944432.351000,11.869813,710
509540.699200,6944432.440000,11.827094,710
509541.191100,6944432.530000,11.805112,710
509541.683000,6944432.620000,11.801709,710
509542.174900,6944432.710000,11.798303,710
509542.666800,6944432.799000,11.794894,710
509543.158700,6944432.889000,11.811949,710
509543.650500,6944432.979000,11.863568,710
509544.142400,6944433.069000,11.918201,710
509544.634300,6944433.158000,11.972563,710
509545.126200,6944433.248000,12.037664,710
509545.424400,6944433.302000,12.101408,710
509545.618100,6944433.338000,12.144271,710
509546.109900,6944433.427000,12.252903,710
509546.601800,6944433.517000,12.361656,710
509547.093700,6944433.607000,12.473434,710
509547.539400,6944433.688000,12.599296,710
509547.585600,6944433.697000,12.613124,710
509548.077500,6944433.786000,12.760114,710
509548.569400,6944433.876000,12.907268,710
509549.061200,6944433.966000,13.055600,710
509549.188200,6944433.989000,13.097183,710
509549.553100,6944434.056000,13.226226,710
509550.045000,6944434.145000,13.402060,710
509550.536900,6944434.235000,13.578191,710
509550.584400,6944434.244000,13.595070,710
509551.028800,6944434.325000,13.753260,710
509551.520600,6944434.415000,13.938609,710
509551.927600,6944434.489000,14.092958,710
509552.012500,6944434.504000,14.125161,710
509552.504400,6944434.594000,14.313399,710
509552.996300,6944434.684000,14.500816,710
509553.224800,6944434.725000,14.590845,710
509553.488200,6944434.774000,14.694331,710
509553.980100,6944434.863000,14.889429,710
509554.471900,6944434.953000,15.086742,710
509554.476900,6944434.954000,15.088732,710
509554.963800,6944435.043000,15.270160,710
509555.455700,6944435.132000,15.455945,710
509555.800300,6944435.195000,15.586620,710
509555.947600,6944435.222000,15.639249,710
509556.439500,6944435.312000,15.815000,710
509556.931300,6944435.402000,15.990868,710
509557.197000,6944435.450000,16.084507,710
509557.423200,6944435.491000,16.162361,710
509557.915100,6944435.581000,16.330426,710
509558.407000,6944435.671000,16.495295,710
509558.667500,6944435.718000,16.582394,710
509558.898900,6944435.761000,16.650984,710
509559.390700,6944435.850000,16.795800,710
509559.882600,6944435.940000,16.916396,710
509560.374500,6944436.030000,17.040945,710
509560.532400,6944436.059000,17.080282,710
509560.866400,6944436.120000,17.163375,710
509561.358300,6944436.209000,17.279048,710
509561.850200,6944436.299000,17.351484,710
509562.342000,6944436.389000,17.423950,710
509562.833900,6944436.478000,17.496366,710
509563.325800,6944436.568000,17.568630,710
509504.300000,6944425.800000,15.324245,715
509504.791900,6944425.890000,15.348651,715
509505.283800,6944425.979000,15.373053,715
509505.775600,6944426.069000,15.397456,715
509506.267500,6944426.159000,15.421868,715
509506.759400,6944426.249000,15.463692,715
509507.251300,6944426.338000,15.508430,715
509507.743200,6944426.428000,15.553227,715
509508.110200,6944426.495000,15.586620,715
509508.235100,6944426.518000,15.597392,715
509508.726900,6944426.608000,15.648980,715
509509.710700,6944426.787000,15.759363,715
509510.202600,6944426.877000,15.814543,715
509510.694500,6944426.967000,15.877698,715
509511.678200,6944427.146000,16.015211,715
509512.170100,6944427.236000,16.083967,715
509512.173700,6944427.236000,16.084507,715
509512.662000,6944427.325000,16.157935,715
509513.153900,6944427.415000,16.240023,715
509513.645800,6944427.505000,16.324837,715
509514.137600,6944427.595000,16.404192,715
509514.629500,6944427.684000,16.490566,715
509515.121400,6944427.774000,16.580431,715
509515.134800,6944427.777000,16.582394,715
509515.613300,6944427.864000,16.638299,715
509516.105200,6944427.954000,16.704933,715
509516.597000,6944428.043000,16.770956,715
509517.088900,6944428.133000,16.799613,715
509517.580800,6944428.223000,16.825161,715
509518.072700,6944428.313000,16.851820,715
509518.564600,6944428.402000,16.877574,715
509519.056500,6944428.492000,16.844814,715
509519.548300,6944428.582000,16.814309,715
509520.040200,6944428.672000,16.782260,715
509520.532100,6944428.761000,16.743239,715
509521.024000,6944428.851000,16.651800,715
509521.459100,6944428.930000,16.582394,715
509521.515900,6944428.941000,16.570136,715
509522.007700,6944429.030000,16.431094,715
509522.499600,6944429.120000,16.314229,715
509522.991500,6944429.210000,16.170247,715
509523.274800,6944429.262000,16.084507,715
509523.483400,6944429.300000,16.017924,715
509523.975300,6944429.389000,15.860940,715
509524.467100,6944429.479000,15.703971,715
509524.838900,6944429.547000,15.586620,715
509524.959000,6944429.569000,15.543290,715
509525.450900,6944429.659000,15.367932,715
509525.942800,6944429.748000,15.195466,715
509526.237700,6944429.802000,15.088732,715
509526.434700,6944429.838000,15.006239,715
509526.926600,6944429.928000,14.817035,715
509527.418400,6944430.018000,14.635926,715
509527.541300,6944430.040000,14.590845,715
509527.910300,6944430.107000,14.451467,715
509528.402200,6944430.197000,14.262317,715
509528.894100,6944430.287000,14.098895,715
509528.910900,6944430.290000,14.092958,715
509529.386000,6944430.376000,13.907380,715
509529.877800,6944430.466000,13.734441,715
509530.269900,6944430.538000,13.595070,715
509530.369700,6944430.556000,13.559114,715
509530.861600,6944430.646000,13.386070,715
509531.353500,6944430.735000,13.238730,715
509531.828500,6944430.822000,13.097183,715
509531.845400,6944430.825000,13.092411,715
509532.337300,6944430.915000,12.951099,715
509532.829100,6944431.005000,12.814417,715
509533.321000,6944431.094000,12.700176,715
509533.762200,6944431.175000,12.599296,715
509533.812900,6944431.184000,12.588116,715
509534.304800,6944431.274000,12.475328,715
509534.796700,6944431.364000,12.366597,715
509535.288500,6944431.453000,12.277729,715
509535.780400,6944431.543000,12.190042,715
509536.272300,6944431.633000,12.103010,715
509536.281200,6944431.634000,12.101408,715
509536.764200,6944431.723000,12.018825,715
509537.256100,6944431.812000,11.947302,715
509537.748000,6944431.902000,11.881446,715
509538.239800,6944431.992000,11.819913,715
509538.731700,6944432.081000,11.756887,715
509539.223600,6944432.171000,11.705499,715
509539.715500,6944432.261000,11.659361,715
509540.207400,6944432.351000,11.618595,715
509540.405300,6944432.387000,11.603521,715
509540.699200,6944432.440000,11.585016,715
509541.191100,6944432.530000,11.569502,715
509541.683000,6944432.620000,11.568393,715
509542.174900,6944432.710000,11.567280,715
509542.666800,6944432.799000,11.566162,715
509543.158700,6944432.889000,11.581412,715
509543.414300,6944432.936000,11.603521,715
509543.650500,6944432.979000,11.627812,715
509544.142400,6944433.069000,11.684174,715
509544.634300,6944433.158000,11.740831,715
509545.126200,6944433.248000,11.804863,715
509545.618100,6944433.338000,11.907591,715
509546.109900,6944433.427000,12.013849,715
509546.524300,6944433.503000,12.101408,715
509546.601800,6944433.517000,12.118434,715
509547.093700,6944433.607000,12.229266,715
509547.585600,6944433.697000,12.366722,715
509548.077500,6944433.786000,12.504732,715
509548.413200,6944433.848000,12.599296,715
509548.569400,6944433.876000,12.645689,715
509549.061200,6944433.966000,12.790713,715
509549.553100,6944434.056000,12.949941,715
509550.003400,6944434.138000,13.097183,715
509550.045000,6944434.145000,13.111895,715
509550.536900,6944434.235000,13.284035,715
509551.028800,6944434.325000,13.458284,715
509551.394300,6944434.392000,13.595070,715
509551.520600,6944434.415000,13.642479,715
509552.012500,6944434.504000,13.828046,715
509552.504400,6944434.594000,14.014845,715
509552.709000,6944434.631000,14.092958,715
509552.996300,6944434.684000,14.201836,715
509553.488200,6944434.774000,14.393852,715
509553.980100,6944434.863000,14.589514,715
509553.983400,6944434.864000,14.590845,715
509554.471900,6944434.953000,14.782609,715
509554.963800,6944435.043000,14.977151,715
509555.241900,6944435.093000,15.088732,715
509555.455700,6944435.132000,15.169011,715
509555.947600,6944435.222000,15.355177,715
509556.439500,6944435.312000,15.541650,715
509556.558000,6944435.334000,15.586620,715
509556.931300,6944435.402000,15.719998,715
509557.423200,6944435.491000,15.893316,715
509557.915100,6944435.581000,16.063204,715
509557.976800,6944435.592000,16.084507,715
509558.407000,6944435.671000,16.229921,715
509558.898900,6944435.761000,16.394987,715
509559.390700,6944435.850000,16.561229,715
509559.466400,6944435.864000,16.582394,715
509559.882600,6944435.940000,16.683588,715
509560.374500,6944436.030000,16.813398,715
509560.866400,6944436.120000,16.934789,715
509561.358300,6944436.209000,17.053215,715
509561.537800,6944436.242000,17.080282,715
509561.850200,6944436.299000,17.126906,715
509562.342000,6944436.389000,17.200471,715
509562.833900,6944436.478000,17.274021,715
509563.325800,6944436.568000,17.347485,715
509504.300000,6944425.800000,15.120077,720
509504.791900,6944425.890000,15.143181,720
509505.283800,6944425.979000,15.166262,720
509505.775600,6944426.069000,15.189327,720
509506.267500,6944426.159000,15.212382,720
509506.759400,6944426.249000,15.251427,720
509507.251300,6944426.338000,15.293229,720
509507.743200,6944426.428000,15.334957,720
509508.235100,6944426.518000,15.376638,720
509508.726900,6944426.608000,15.427272,720
509509.218800,6944426.697000,15.481517,720
509509.710700,6944426.787000,15.536087,720
509510.164100,6944426.870000,15.586620,720
509510.202600,6944426.877000,15.590667,720
509510.694500,6944426.967000,15.648483,720
509511.678200,6944427.146000,15.773863,720
509512.170100,6944427.236000,15.836540,720
509512.662000,6944427.325000,15.906843,720
509513.645800,6944427.505000,16.066131,720
509513.761500,6944427.526000,16.084507,720
509514.137600,6944427.595000,16.142838,720
509514.629500,6944427.684000,16.220875,720
509515.121400,6944427.774000,16.302803,720
509515.613300,6944427.864000,16.376109,720
509516.105200,6944427.954000,16.455915,720
509516.597000,6944428.043000,16.541625,720
509517.088900,6944428.133000,16.579815,720
509517.131100,6944428.141000,16.582394,720
509517.580800,6944428.223000,16.602812,720
509518.072700,6944428.313000,16.626612,720
509518.564600,6944428.402000,16.650297,720
509519.056500,6944428.492000,16.618893,720
509519.548300,6944428.582000,16.591154,720
509519.686100,6944428.607000,16.582394,720
509520.040200,6944428.672000,16.550796,720
509520.532100,6944428.761000,16.493412,720
509521.024000,6944428.851000,16.372661,720
509521.515900,6944428.941000,16.259010,720
509522.007700,6944429.030000,16.132275,720
509522.202400,6944429.066000,16.084507,720
509522.499600,6944429.120000,16.006594,720
509522.991500,6944429.210000,15.857084,720
509523.483400,6944429.300000,15.701277,720
509523.847400,6944429.366000,15.586620,720
509523.975300,6944429.389000,15.539821,720
509524.467100,6944429.479000,15.356085,720
509524.959000,6944429.569000,15.185849,720
509525.233700,6944429.619000,15.088732,720
509525.450900,6944429.659000,14.997513,720
509525.942800,6944429.748000,14.797984,720
509526.434700,6944429.838000,14.598374,720
509526.454200,6944429.842000,14.590845,720
509526.926600,6944429.928000,14.402055,720
509527.418400,6944430.018000,14.218226,720
509527.764300,6944430.081000,14.092958,720
509527.910300,6944430.107000,14.035155,720
509528.402200,6944430.197000,13.830915,720
509528.894100,6944430.287000,13.646153,720
509529.040500,6944430.313000,13.595070,720
509529.386000,6944430.376000,13.474246,720
509529.877800,6944430.466000,13.302506,720
509530.369700,6944430.556000,13.137871,720
509530.489700,6944430.578000,13.097183,720
509530.861600,6944430.646000,12.976220,720
509531.353500,6944430.735000,12.841744,720
509531.845400,6944430.825000,12.709760,720
509532.260300,6944430.901000,12.599296,720
509532.337300,6944430.915000,12.579787,720
509532.829100,6944431.005000,12.454618,720
509533.321000,6944431.094000,12.352844,720
509533.812900,6944431.184000,12.250968,720
509534.304800,6944431.274000,12.149002,720
509534.532800,6944431.315000,12.101408,720
509534.796700,6944431.364000,12.049653,720
509535.288500,6944431.453000,11.967780,720
509535.780400,6944431.543000,11.889880,720
509536.272300,6944431.633000,11.816000,720
509536.764200,6944431.723000,11.739080,720
509537.256100,6944431.812000,11.667693,720
509537.748000,6944431.902000,11.607056,720
509537.780200,6944431.908000,11.603521,720
509538.239800,6944431.992000,11.562048,720
509538.731700,6944432.081000,11.513072,720
509539.223600,6944432.171000,11.472625,720
509539.715500,6944432.261000,11.437687,720
509540.207400,6944432.351000,11.406770,720
509540.699200,6944432.440000,11.377432,720
509541.191100,6944432.530000,11.363624,720
509541.683000,6944432.620000,11.364368,720
509542.174900,6944432.710000,11.365111,720
509542.666800,6944432.799000,11.365851,720
509543.158700,6944432.889000,11.383046,720
509543.650500,6944432.979000,11.427198,720
509544.142400,6944433.069000,11.474557,720
509544.634300,6944433.158000,11.523109,720
509545.126200,6944433.248000,11.577031,720
509545.282500,6944433.277000,11.603521,720
509545.618100,6944433.338000,11.671872,720
509546.109900,6944433.427000,11.779904,720
509546.601800,6944433.517000,11.880248,720
509547.093700,6944433.607000,11.989501,720
509547.515000,6944433.684000,12.101408,720
509547.585600,6944433.697000,12.121029,720
509548.077500,6944433.786000,12.256795,720
509548.569400,6944433.876000,12.393072,720
509549.061200,6944433.966000,12.529215,720
509549.294700,6944434.008000,12.599296,720
509549.553100,6944434.056000,12.681684,720
509550.045000,6944434.145000,12.840657,720
509550.536900,6944434.235000,12.997918,720
509550.842400,6944434.291000,13.097183,720
509551.028800,6944434.325000,13.162898,720
509551.520600,6944434.415000,13.344866,720
509552.012500,6944434.504000,13.529373,720
509552.187000,6944434.536000,13.595070,720
509552.504400,6944434.594000,13.713566,720
509552.996300,6944434.684000,13.897757,720
509553.488200,6944434.774000,14.092119,720
509553.490300,6944434.774000,14.092958,720
509553.980100,6944434.863000,14.283378,720
509554.471900,6944434.953000,14.477226,720
509554.760800,6944435.006000,14.590845,720
509554.963800,6944435.043000,14.670484,720
509555.455700,6944435.132000,14.867143,720
509555.947600,6944435.222000,15.066237,720
509556.002800,6944435.232000,15.088732,720
509556.439500,6944435.312000,15.254151,720
509556.931300,6944435.402000,15.439903,720
509557.321700,6944435.473000,15.586620,720
509557.423200,6944435.491000,15.622383,720
509557.915100,6944435.581000,15.792134,720
509558.407000,6944435.671000,15.961902,720
509558.762200,6944435.736000,16.084507,720
509558.898900,6944435.761000,16.130510,720
509559.390700,6944435.850000,16.293177,720
509559.882600,6944435.940000,16.433720,720
509560.361600,6944436.027000,16.582394,720
509560.374500,6944436.030000,16.585850,720
509560.866400,6944436.120000,16.705382,720
509561.358300,6944436.209000,16.826361,720
509561.850200,6944436.299000,16.899744,720
509562.342000,6944436.389000,16.976689,720
509562.833900,6944436.478000,17.051532,720
509563.021700,6944436.513000,17.080282,720
509563.325800,6944436.568000,17.126339,720
509504.300000,6944425.800000,14.903183,725
509506.267500,6944426.159000,14.996387,725
509506.759400,6944426.249000,15.035320,725
509507.251300,6944426.338000,15.077165,725
509507.388900,6944426.364000,15.088732,725
509507.743200,6944426.428000,15.116688,725
509508.235100,6944426.518000,15.155131,725
509508.726900,6944426.608000,15.201017,725
509509.218800,6944426.697000,15.249903,725
509509.710700,6944426.787000,15.299016,725
509510.202600,6944426.877000,15.348166,725
509510.694500,6944426.967000,15.404172,725
509511.186300,6944427.056000,15.465247,725
509511.678200,6944427.146000,15.526873,725
509512.148900,6944427.232000,15.586620,725
509512.170100,6944427.236000,15.589114,725
509512.662000,6944427.325000,15.652994,725
509513.645800,6944427.505000,15.798506,725
509514.137600,6944427.595000,15.871184,725
509514.629500,6944427.684000,15.945524,725
509515.121400,6944427.774000,16.023132,725
509515.512100,6944427.845000,16.084507,725
509515.613300,6944427.864000,16.099802,725
509516.105200,6944427.954000,16.173163,725
509516.597000,6944428.043000,16.244655,725
509517.088900,6944428.133000,16.280091,725
509517.580800,6944428.223000,16.311843,725
509518.072700,6944428.313000,16.343470,725
509518.564600,6944428.402000,16.373152,725
509519.056500,6944428.492000,16.328650,725
509519.548300,6944428.582000,16.284871,725
509520.040200,6944428.672000,16.237469,725
509520.532100,6944428.761000,16.186024,725
509520.969900,6944428.841000,16.084507,725
509521.024000,6944428.851000,16.071326,725
509521.515900,6944428.941000,15.942900,725
509522.007700,6944429.030000,15.815387,725
509522.499600,6944429.120000,15.687399,725
509522.832700,6944429.181000,15.586620,725
509522.991500,6944429.210000,15.530486,725
509523.483400,6944429.300000,15.349226,725
509523.975300,6944429.389000,15.171736,725
509524.196700,6944429.430000,15.088732,725
509524.467100,6944429.479000,14.967696,725
509524.959000,6944429.569000,14.767091,725
509525.404300,6944429.650000,14.590845,725
509525.450900,6944429.659000,14.572073,725
509525.942800,6944429.748000,14.364512,725
509526.434700,6944429.838000,14.169056,725
509526.630900,6944429.874000,14.092958,725
509526.926600,6944429.928000,13.960206,725
509527.418400,6944430.018000,13.762817,725
509527.858400,6944430.098000,13.595070,725
509527.910300,6944430.107000,13.574182,725
509528.402200,6944430.197000,13.368284,725
509528.894100,6944430.287000,13.185616,725
509529.154100,6944430.334000,13.097183,725
509529.386000,6944430.376000,13.022739,725
509529.877800,6944430.466000,12.868209,725
509530.369700,6944430.556000,12.715921,725
509530.765900,6944430.628000,12.599296,725
509530.861600,6944430.646000,12.572460,725
509531.353500,6944430.735000,12.450941,725
509531.845400,6944430.825000,12.332681,725
509532.337300,6944430.915000,12.215371,725
509532.819300,6944431.003000,12.101408,725
509532.829100,6944431.005000,12.099246,725
509533.321000,6944431.094000,12.007458,725
509533.812900,6944431.184000,11.917298,725
509534.304800,6944431.274000,11.831816,725
509534.796700,6944431.364000,11.743016,725
509535.288500,6944431.453000,11.660354,725
509535.690400,6944431.527000,11.603521,725
509535.780400,6944431.543000,11.593223,725
509536.272300,6944431.633000,11.539597,725
509536.764200,6944431.723000,11.479428,725
509537.256100,6944431.812000,11.424670,725
509537.748000,6944431.902000,11.378828,725
509538.239800,6944431.992000,11.336002,725
509538.731700,6944432.081000,11.290521,725
509539.223600,6944432.171000,11.254970,725
509539.715500,6944432.261000,11.225410,725
509540.207400,6944432.351000,11.197460,725
509540.699200,6944432.440000,11.169848,725
509541.191100,6944432.530000,11.157746,725
509541.683000,6944432.620000,11.160344,725
509542.174900,6944432.710000,11.162941,725
509542.666800,6944432.799000,11.165539,725
509543.158700,6944432.889000,11.184680,725
509543.650500,6944432.979000,11.230621,725
509544.142400,6944433.069000,11.277777,725
509544.634300,6944433.158000,11.325762,725
509545.126200,6944433.248000,11.381002,725
509545.618100,6944433.338000,11.464967,725
509546.109900,6944433.427000,11.554960,725
509546.405300,6944433.481000,11.603521,725
509546.601800,6944433.517000,11.642441,725
509547.093700,6944433.607000,11.754578,725
509547.585600,6944433.697000,11.878885,725
509548.077500,6944433.786000,12.011834,725
509548.419600,6944433.849000,12.101408,725
509548.569400,6944433.876000,12.142387,725
509549.061200,6944433.966000,12.276547,725
509549.553100,6944434.056000,12.423038,725
509550.045000,6944434.145000,12.571762,725
509550.136900,6944434.162000,12.599296,725
509550.536900,6944434.235000,12.725800,725
509551.028800,6944434.325000,12.882180,725
509551.520600,6944434.415000,13.049731,725
509551.661000,6944434.440000,13.097183,725
509552.012500,6944434.504000,13.225460,725
509552.504400,6944434.594000,13.407762,725
509552.996300,6944434.684000,13.590705,725
509553.007600,6944434.686000,13.595070,725
509553.488200,6944434.774000,13.781357,725
509553.980100,6944434.863000,13.975344,725
509554.276300,6944434.917000,14.092958,725
509554.471900,6944434.953000,14.169713,725
509554.963800,6944435.043000,14.362977,725
509555.455700,6944435.132000,14.558941,725
509555.534000,6944435.147000,14.590845,725
509555.947600,6944435.222000,14.757220,725
509556.439500,6944435.312000,14.955819,725
509556.766000,6944435.372000,15.088732,725
509556.931300,6944435.402000,15.150858,725
509557.423200,6944435.491000,15.333178,725
509557.915100,6944435.581000,15.516064,725
509558.105300,6944435.616000,15.586620,725
509558.407000,6944435.671000,15.690678,725
509558.898900,6944435.761000,15.860368,725
509559.390700,6944435.850000,16.024396,725
509559.589100,6944435.887000,16.084507,725
509559.882600,6944435.940000,16.170735,725
509560.374500,6944436.030000,16.319109,725
509560.866400,6944436.120000,16.460277,725
509561.289500,6944436.197000,16.582394,725
509561.358300,6944436.209000,16.599507,725
509561.850200,6944436.299000,16.671906,725
509562.342000,6944436.389000,16.752554,725
509562.833900,6944436.478000,16.828064,725
509563.325800,6944436.568000,16.902258,725
509504.300000,6944425.800000,14.683981,730
509506.267500,6944426.159000,14.771015,730
509506.759400,6944426.249000,14.806602,730
509507.251300,6944426.338000,14.844596,730
509507.743200,6944426.428000,14.882601,730
509508.235100,6944426.518000,14.920540,730
509508.726900,6944426.608000,14.964702,730
509509.218800,6944426.697000,15.011649,730
509509.710700,6944426.787000,15.059236,730
509510.017200,6944426.843000,15.088732,730
509510.202600,6944426.877000,15.105324,730
509510.694500,6944426.967000,15.154280,730
509511.186300,6944427.056000,15.207346,730
509511.678200,6944427.146000,15.260359,730
509512.170100,6944427.236000,15.313565,730
509512.662000,6944427.325000,15.376562,730
509513.153900,6944427.415000,15.449593,730
509513.645800,6944427.505000,15.523183,730
509514.064700,6944427.581000,15.586620,730
509514.137600,6944427.595000,15.596570,730
509514.629500,6944427.684000,15.664384,730
509516.105200,6944427.954000,15.879061,730
509516.597000,6944428.043000,15.944014,730
509518.072700,6944428.313000,16.043743,730
509518.564600,6944428.402000,16.074063,730
509519.056500,6944428.492000,16.022538,730
509519.548300,6944428.582000,15.971013,730
509520.040200,6944428.672000,15.919149,730
509520.532100,6944428.761000,15.867909,730
509521.024000,6944428.851000,15.748502,730
509521.515900,6944428.941000,15.620425,730
509521.647900,6944428.965000,15.586620,730
509522.007700,6944429.030000,15.476971,730
509522.499600,6944429.120000,15.321830,730
509522.991500,6944429.210000,15.157554,730
509523.178800,6944429.244000,15.088732,730
509523.483400,6944429.300000,14.950839,730
509523.975300,6944429.389000,14.738861,730
509524.318300,6944429.452000,14.590845,730
509524.467100,6944429.479000,14.525269,730
509524.959000,6944429.569000,14.309805,730
509525.450900,6944429.659000,14.122801,730
509525.521600,6944429.671000,14.092958,730
509525.942800,6944429.748000,13.888193,730
509526.434700,6944429.838000,13.665505,730
509526.600700,6944429.868000,13.595070,730
509526.926600,6944429.928000,13.454757,730
509527.418400,6944430.018000,13.266162,730
509527.857300,6944430.098000,13.097183,730
509527.910300,6944430.107000,13.077574,730
509528.402200,6944430.197000,12.892413,730
509528.894100,6944430.287000,12.727318,730
509529.341700,6944430.368000,12.599296,730
509529.386000,6944430.376000,12.586925,730
509529.877800,6944430.466000,12.440728,730
509530.369700,6944430.556000,12.302246,730
509530.861600,6944430.646000,12.170605,730
509531.176500,6944430.703000,12.101408,730
509531.353500,6944430.735000,12.064070,730
509531.845400,6944430.825000,11.958715,730
509532.337300,6944430.915000,11.859634,730
509532.829100,6944431.005000,11.759207,730
509533.321000,6944431.094000,11.664817,730
509533.702600,6944431.164000,11.603521,730
509533.812900,6944431.184000,11.589353,730
509534.304800,6944431.274000,11.528450,730
509534.796700,6944431.364000,11.459480,730
509535.288500,6944431.453000,11.397319,730
509535.780400,6944431.543000,11.344705,730
509536.272300,6944431.633000,11.293311,730
509536.764200,6944431.723000,11.238666,730
509537.256100,6944431.812000,11.192544,730
509537.748000,6944431.902000,11.151203,730
509538.239800,6944431.992000,11.109955,730
509538.289800,6944432.001000,11.105634,730
509538.731700,6944432.081000,11.068489,730
509539.223600,6944432.171000,11.037808,730
509540.699200,6944432.440000,10.962932,730
509541.191100,6944432.530000,10.953178,730
509542.666800,6944432.799000,10.966488,730
509543.158700,6944432.889000,10.987078,730
509543.650500,6944432.979000,11.034115,730
509544.142400,6944433.069000,11.081133,730
509544.398300,6944433.115000,11.105634,730
509544.634300,6944433.158000,11.128414,730
509545.126200,6944433.248000,11.184973,730
509545.618100,6944433.338000,11.269829,730
509546.109900,6944433.427000,11.357600,730
509546.601800,6944433.517000,11.440023,730
509547.093700,6944433.607000,11.532690,730
509547.448000,6944433.672000,11.603521,730
509547.585600,6944433.697000,11.637049,730
509548.077500,6944433.786000,11.771868,730
509548.569400,6944433.876000,11.896103,730
509549.061200,6944433.966000,12.027019,730
509549.325500,6944434.014000,12.101408,730
509549.553100,6944434.056000,12.168653,730
509550.045000,6944434.145000,12.314007,730
509550.536900,6944434.235000,12.459506,730
509551.008500,6944434.321000,12.599296,730
509551.028800,6944434.325000,12.605660,730
509551.520600,6944434.415000,12.768214,730
509552.012500,6944434.504000,12.933551,730
509552.499400,6944434.593000,13.097183,730
509552.504400,6944434.594000,13.099023,730
509552.996300,6944434.684000,13.279986,730
509553.488200,6944434.774000,13.469784,730
509553.804600,6944434.831000,13.595070,730
509553.980100,6944434.863000,13.664189,730
509554.471900,6944434.953000,13.856236,730
509554.963800,6944435.043000,14.053252,730
509555.062500,6944435.061000,14.092958,730
509555.455700,6944435.132000,14.246037,730
509555.947600,6944435.222000,14.444839,730
509556.309300,6944435.288000,14.590845,730
509556.439500,6944435.312000,14.642809,730
509556.931300,6944435.402000,14.839603,730
509557.423200,6944435.491000,15.036975,730
509557.550800,6944435.515000,15.088732,730
509557.915100,6944435.581000,15.224321,730
509558.407000,6944435.671000,15.406662,730
509558.891900,6944435.759000,15.586620,730
509558.898900,6944435.761000,15.589033,730
509559.390700,6944435.850000,15.753051,730
509559.882600,6944435.940000,15.902181,730
509560.374500,6944436.030000,16.051293,730
509560.484100,6944436.050000,16.084507,730
509560.866400,6944436.120000,16.197030,730
509561.358300,6944436.209000,16.336718,730
509561.850200,6944436.299000,16.423326,730
509562.342000,6944436.389000,16.518566,730
509562.690300,6944436.452000,16.582394,730
509562.833900,6944436.478000,16.604596,730
509563.325800,6944436.568000,16.677404,730
509504.300000,6944425.800000,14.463221,735
509504.791900,6944425.890000,14.483859,735
509505.283800,6944425.979000,14.504490,735
509505.775600,6944426.069000,14.525073,735
509506.267500,6944426.159000,14.545555,735
509506.759400,6944426.249000,14.577797,735
509506.948100,6944426.283000,14.590845,735
509507.251300,6944426.338000,14.612028,735
509507.743200,6944426.428000,14.646191,735
509508.235100,6944426.518000,14.680348,735
509508.726900,6944426.608000,14.718476,735
509509.218800,6944426.697000,14.758208,735
509509.710700,6944426.787000,14.798200,735
509510.202600,6944426.877000,14.838351,735
509510.694500,6944426.967000,14.883243,735
509511.186300,6944427.056000,14.931882,735
509511.678200,6944427.146000,14.980954,735
509512.170100,6944427.236000,15.030429,735
509512.632100,6944427.320000,15.088732,735
509512.662000,6944427.325000,15.092136,735
509513.153900,6944427.415000,15.155794,735
509513.645800,6944427.505000,15.218598,735
509514.137600,6944427.595000,15.281425,735
509514.629500,6944427.684000,15.348157,735
509515.121400,6944427.774000,15.426265,735
509515.613300,6944427.864000,15.501818,735
509516.105200,6944427.954000,15.578491,735
509516.162900,6944427.964000,15.586620,735
509516.597000,6944428.043000,15.639078,735
509518.072700,6944428.313000,15.727597,735
509518.564600,6944428.402000,15.754281,735
509519.056500,6944428.492000,15.701922,735
509519.548300,6944428.582000,15.649498,735
509520.040200,6944428.672000,15.596067,735
509520.130400,6944428.688000,15.586620,735
509520.532100,6944428.761000,15.535229,735
509521.024000,6944428.851000,15.388820,735
509521.515900,6944428.941000,15.242185,735
509522.007700,6944429.030000,15.093360,735
509522.022200,6944429.033000,15.088732,735
509522.499600,6944429.120000,14.898777,735
509522.991500,6944429.210000,14.697833,735
509523.241100,6944429.255000,14.590845,735
509523.483400,6944429.300000,14.483393,735
509523.975300,6944429.389000,14.261962,735
509524.391300,6944429.465000,14.092958,735
509524.467100,6944429.479000,14.054804,735
509524.959000,6944429.569000,13.795956,735
509525.441700,6944429.657000,13.595070,735
509525.450900,6944429.659000,13.590853,735
509525.942800,6944429.748000,13.349398,735
509526.434700,6944429.838000,13.133292,735
509526.520100,6944429.854000,13.097183,735
509526.926600,6944429.928000,12.926993,735
509527.418400,6944430.018000,12.755022,735
509527.872500,6944430.100000,12.599296,735
509527.910300,6944430.107000,12.586786,735
509528.402200,6944430.197000,12.417429,735
509528.894100,6944430.287000,12.265772,735
509529.386000,6944430.376000,12.139583,735
509529.532700,6944430.403000,12.101408,735
509529.877800,6944430.466000,12.015556,735
509530.369700,6944430.556000,11.898212,735
509530.861600,6944430.646000,11.785114,735
509531.353500,6944430.735000,11.678167,735
509531.749700,6944430.808000,11.603521,735
509531.845400,6944430.825000,11.589286,735
509532.337300,6944430.915000,11.521258,735
509532.829100,6944431.005000,11.444164,735
509533.321000,6944431.094000,11.374493,735
509533.812900,6944431.184000,11.315506,735
509534.304800,6944431.274000,11.257132,735
509534.796700,6944431.364000,11.195226,735
509535.288500,6944431.453000,11.144352,735
509535.682600,6944431.525000,11.105634,735
509535.780400,6944431.543000,11.096173,735
509536.764200,6944431.723000,10.999325,735
509537.256100,6944431.812000,10.959850,735
509537.748000,6944431.902000,10.922722,735
509538.239800,6944431.992000,10.885646,735
509538.731700,6944432.081000,10.849004,735
509539.223600,6944432.171000,10.821722,735
509540.699200,6944432.440000,10.756317,735
509541.191100,6944432.530000,10.749054,735
509542.666800,6944432.799000,10.767974,735
509543.158700,6944432.889000,10.789983,735
509543.650500,6944432.979000,10.837731,735
509544.142400,6944433.069000,10.885446,735
509544.634300,6944433.158000,10.933120,735
509545.126200,6944433.248000,10.989779,735
509545.618100,6944433.338000,11.074715,735
509545.797300,6944433.370000,11.105634,735
509546.109900,6944433.427000,11.160239,735
509546.601800,6944433.517000,11.244530,735
509547.093700,6944433.607000,11.334282,735
509547.585600,6944433.697000,11.434323,735
509548.077500,6944433.786000,11.543774,735
509548.376700,6944433.841000,11.603521,735
509548.569400,6944433.876000,11.650679,735
509549.061200,6944433.966000,11.784585,735
509549.553100,6944434.056000,11.916960,735
509550.045000,6944434.145000,12.057604,735
509550.202800,6944434.174000,12.101408,735
509550.536900,6944434.235000,12.198272,735
509551.028800,6944434.325000,12.341390,735
509551.520600,6944434.415000,12.492995,735
509551.859600,6944434.476000,12.599296,735
509552.012500,6944434.504000,12.650411,735
509552.504400,6944434.594000,12.813669,735
509552.996300,6944434.684000,12.978053,735
509553.332200,6944434.745000,13.097183,735
509553.488200,6944434.774000,13.156996,735
509553.980100,6944434.863000,13.346237,735
509554.471900,6944434.953000,13.539119,735
509554.615800,6944434.979000,13.595070,735
509554.963800,6944435.043000,13.729792,735
509555.455700,6944435.132000,13.926519,735
509555.858800,6944435.206000,14.092958,735
509555.947600,6944435.222000,14.128533,735
509556.439500,6944435.312000,14.324621,735
509556.931300,6944435.402000,14.521533,735
509557.102900,6944435.433000,14.590845,735
509557.423200,6944435.491000,14.719068,735
509557.915100,6944435.581000,14.917545,735
509558.336900,6944435.658000,15.088732,735
509558.407000,6944435.671000,15.114684,735
509558.898900,6944435.761000,15.295250,735
509559.390700,6944435.850000,15.471968,735
509559.736600,6944435.913000,15.586620,735
509559.882600,6944435.940000,15.630910,735
509560.374500,6944436.030000,15.780109,735
509560.866400,6944436.120000,15.929276,735
509561.358300,6944436.209000,16.070725,735
509561.431000,6944436.223000,16.084507,735
509561.850200,6944436.299000,16.161322,735
509562.342000,6944436.389000,16.253512,735
509562.833900,6944436.478000,16.344268,735
509563.325800,6944436.568000,16.431486,735
509504.300000,6944425.800000,14.241309,740
509504.791900,6944425.890000,14.260744,740
509505.283800,6944425.979000,14.280333,740
509505.775600,6944426.069000,14.300035,740
509506.267500,6944426.159000,14.319745,740
509506.759400,6944426.249000,14.347541,740
509507.251300,6944426.338000,14.377154,740
509507.743200,6944426.428000,14.407212,740
509508.235100,6944426.518000,14.437631,740
509508.726900,6944426.608000,14.469889,740
509509.218800,6944426.697000,14.502920,740
509509.710700,6944426.787000,14.536049,740
509510.202600,6944426.877000,14.569205,740
509510.504600,6944426.932000,14.590845,740
509510.694500,6944426.967000,14.604687,740
509511.186300,6944427.056000,14.641461,740
509511.678200,6944427.146000,14.678236,740
509512.170100,6944427.236000,14.715111,740
509512.662000,6944427.325000,14.762308,740
509513.153900,6944427.415000,14.821148,740
509513.645800,6944427.505000,14.880142,740
509514.137600,6944427.595000,14.939532,740
509514.629500,6944427.684000,15.004227,740
509515.098400,6944427.770000,15.088732,740
509515.121400,6944427.774000,15.092229,740
509515.613300,6944427.864000,15.158139,740
509516.105200,6944427.954000,15.223066,740
509516.597000,6944428.043000,15.281295,740
509517.088900,6944428.133000,15.308958,740
509517.580800,6944428.223000,15.337841,740
509518.072700,6944428.313000,15.367822,740
509518.564600,6944428.402000,15.395338,740
509519.056500,6944428.492000,15.329868,740
509519.548300,6944428.582000,15.270103,740
509520.040200,6944428.672000,15.205436,740
509520.532100,6944428.761000,15.140604,740
509520.704500,6944428.793000,15.088732,740
509521.024000,6944428.851000,14.967038,740
509521.515900,6944428.941000,14.788086,740
509522.007700,6944429.030000,14.604901,740
509522.044500,6944429.037000,14.590845,740
509522.499600,6944429.120000,14.400820,740
509522.991500,6944429.210000,14.194808,740
509523.229900,6944429.253000,14.092958,740
509523.483400,6944429.300000,13.958481,740
509523.975300,6944429.389000,13.699893,740
509524.181800,6944429.427000,13.595070,740
509524.467100,6944429.479000,13.439877,740
509524.959000,6944429.569000,13.203183,740
509525.193700,6944429.612000,13.097183,740
509525.450900,6944429.659000,12.985507,740
509525.942800,6944429.748000,12.776674,740
509526.371700,6944429.827000,12.599296,740
509526.434700,6944429.838000,12.574097,740
509526.926600,6944429.928000,12.393322,740
509527.418400,6944430.018000,12.239635,740
509527.884800,6944430.103000,12.101408,740
509527.910300,6944430.107000,12.094046,740
509528.402200,6944430.197000,11.949094,740
509528.894100,6944430.287000,11.820353,740
509529.386000,6944430.376000,11.699052,740
509529.807400,6944430.453000,11.603521,740
509529.877800,6944430.466000,11.591059,740
509530.369700,6944430.556000,11.514862,740
509530.861600,6944430.646000,11.429479,740
509531.353500,6944430.735000,11.351531,740
509531.845400,6944430.825000,11.284458,740
509532.337300,6944430.915000,11.218787,740
509532.829100,6944431.005000,11.150229,740
509533.226500,6944431.077000,11.105634,740
509533.321000,6944431.094000,11.095460,740
509533.812900,6944431.184000,11.041418,740
509534.304800,6944431.274000,10.987369,740
509534.796700,6944431.364000,10.933929,740
509535.288500,6944431.453000,10.890613,740
509535.780400,6944431.543000,10.847268,740
509536.764200,6944431.723000,10.761737,740
509537.256100,6944431.812000,10.726816,740
509537.748000,6944431.902000,10.694027,740
509538.239800,6944431.992000,10.661370,740
509538.731700,6944432.081000,10.629519,740
509539.179500,6944432.163000,10.607746,740
509539.223600,6944432.171000,10.605974,740
509539.715500,6944432.261000,10.590299,740
509540.207400,6944432.351000,10.574604,740
509540.699200,6944432.440000,10.558890,740
509541.191100,6944432.530000,10.554864,740
509541.683000,6944432.620000,10.561758,740
509542.174900,6944432.710000,10.568649,740
509542.666800,6944432.799000,10.575538,740
509543.158700,6944432.889000,10.595250,740
509543.309100,6944432.917000,10.607746,740
509543.650500,6944432.979000,10.641347,740
509544.142400,6944433.069000,10.689759,740
509544.634300,6944433.158000,10.738095,740
509545.126200,6944433.248000,10.795153,740
509545.618100,6944433.338000,10.879732,740
509546.109900,6944433.427000,10.964356,740
509546.601800,6944433.517000,11.048991,740
509546.924100,6944433.576000,11.105634,740
509547.093700,6944433.607000,11.135874,740
509547.585600,6944433.697000,11.237891,740
509548.077500,6944433.786000,11.343586,740
509548.569400,6944433.876000,11.443044,740
509549.061200,6944433.966000,11.552208,740
509549.308600,6944434.011000,11.603521,740
509549.553100,6944434.056000,11.666236,740
509550.045000,6944434.145000,11.807567,740
509550.536900,6944434.235000,11.941623,740
509551.028800,6944434.325000,12.078337,740
509551.108000,6944434.339000,12.101408,740
509551.520600,6944434.415000,12.227225,740
509552.012500,6944434.504000,12.378820,740
509552.504400,6944434.594000,12.531414,740
509552.723700,6944434.634000,12.599296,740
509552.996300,6944434.684000,12.688674,740
509553.488200,6944434.774000,12.858223,740
509553.980100,6944434.863000,13.031324,740
509554.167600,6944434.897000,13.097183,740
509554.471900,6944434.953000,13.214036,740
509554.963800,6944435.043000,13.404021,740
509555.441600,6944435.130000,13.595070,740
509555.455700,6944435.132000,13.600666,740
509555.947600,6944435.222000,13.801634,740
509556.439500,6944435.312000,14.002139,740
509556.660400,6944435.352000,14.092958,740
509556.931300,6944435.402000,14.200796,740
509557.423200,6944435.491000,14.398646,740
509557.898000,6944435.578000,14.590845,740
509557.915100,6944435.581000,14.597717,740
509558.407000,6944435.671000,14.793361,740
509558.898900,6944435.761000,14.991086,740
509559.146900,6944435.806000,15.088732,740
509559.390700,6944435.850000,15.175436,740
509559.882600,6944435.940000,15.338038,740
509560.374500,6944436.030000,15.501565,740
509560.630600,6944436.077000,15.586620,740
509560.866400,6944436.120000,15.658159,740
509561.358300,6944436.209000,15.799660,740
509561.850200,6944436.299000,15.893036,740
509562.342000,6944436.389000,15.986406,740
509562.833900,6944436.478000,16.079766,740
509562.858900,6944436.483000,16.084507,740
509563.325800,6944436.568000,16.170155,740
509504.300000,6944425.800000,14.012455,745
509504.791900,6944425.890000,14.032155,745
509505.283800,6944425.979000,14.052304,745
509505.775600,6944426.069000,14.072962,745
509506.242200,6944426.154000,14.092958,745
509506.267500,6944426.159000,14.093935,745
509506.759400,6944426.249000,14.117286,745
509507.251300,6944426.338000,14.142048,745
509507.743200,6944426.428000,14.167449,745
509508.235100,6944426.518000,14.193415,745
509508.726900,6944426.608000,14.218762,745
509509.218800,6944426.697000,14.244043,745
509509.710700,6944426.787000,14.269596,745
509510.202600,6944426.877000,14.295356,745
509510.694500,6944426.967000,14.320994,745
509511.186300,6944427.056000,14.346494,745
509511.678200,6944427.146000,14.371983,745
509512.170100,6944427.236000,14.397415,745
509512.662000,6944427.325000,14.430372,745
509513.153900,6944427.415000,14.471588,745
509513.645800,6944427.505000,14.513632,745
509514.137600,6944427.595000,14.556726,745
509514.466800,6944427.655000,14.590845,745
509514.629500,6944427.684000,14.607515,745
509515.121400,6944427.774000,14.673299,745
509515.613300,6944427.864000,14.738855,745
509516.105200,6944427.954000,14.804411,745
509516.597000,6944428.043000,14.862829,745
509517.088900,6944428.133000,14.888997,745
509517.580800,6944428.223000,14.915781,745
509518.072700,6944428.313000,14.943522,745
509518.564600,6944428.402000,14.968572,745
509519.056500,6944428.492000,14.886315,745
509519.548300,6944428.582000,14.807957,745
509520.040200,6944428.672000,14.722120,745
509520.532100,6944428.761000,14.635843,745
509520.659500,6944428.785000,14.590845,745
509521.024000,6944428.851000,14.452933,745
509521.515900,6944428.941000,14.256272,745
509522.007700,6944429.030000,14.095378,745
509522.013200,6944429.031000,14.092958,745
509522.499600,6944429.120000,13.809995,745
509522.948400,6944429.202000,13.595070,745
509522.991500,6944429.210000,13.572099,745
509523.483400,6944429.300000,13.300829,745
509523.883400,6944429.373000,13.097183,745
509523.975300,6944429.389000,13.049782,745
509524.467100,6944429.479000,12.791037,745
509524.934600,6944429.564000,12.599296,745
509524.959000,6944429.569000,12.588983,745
509525.450900,6944429.659000,12.382856,745
509525.942800,6944429.748000,12.201120,745
509526.204500,6944429.796000,12.101408,745
509526.434700,6944429.838000,12.019311,745
509526.926600,6944429.928000,11.868249,745
509527.418400,6944430.018000,11.728294,745
509527.866100,6944430.099000,11.603521,745
509527.910300,6944430.107000,11.594006,745
509528.402200,6944430.197000,11.507637,745
509528.894100,6944430.287000,11.412193,745
509529.386000,6944430.376000,11.324765,745
509529.877800,6944430.466000,11.247554,745
509530.369700,6944430.556000,11.172937,745
509530.808900,6944430.636000,11.105634,745
509530.861600,6944430.646000,11.097964,745
509531.353500,6944430.735000,11.038655,745
509531.845400,6944430.825000,10.979782,745
509532.337300,6944430.915000,10.919903,745
509532.829100,6944431.005000,10.860715,745
509533.321000,6944431.094000,10.813609,745
509533.812900,6944431.184000,10.766542,745
509534.304800,6944431.274000,10.719572,745
509534.796700,6944431.364000,10.674151,745
509535.288500,6944431.453000,10.636735,745
509535.658300,6944431.521000,10.607746,745
509535.780400,6944431.543000,10.599945,745
509536.272300,6944431.633000,10.569021,745
509536.764200,6944431.723000,10.537993,745
509537.256100,6944431.812000,10.512586,745
509537.748000,6944431.902000,10.488719,745
509538.239800,6944431.992000,10.464915,745
509538.731700,6944432.081000,10.441538,745
509539.223600,6944432.171000,10.424452,745
509539.715500,6944432.261000,10.411306,745
509540.207400,6944432.351000,10.398148,745
509540.699200,6944432.440000,10.384981,745
509541.191100,6944432.530000,10.383021,745
509541.683000,6944432.620000,10.391527,745
509542.174900,6944432.710000,10.400032,745
509542.666800,6944432.799000,10.408537,745
509543.158700,6944432.889000,10.429506,745
509543.650500,6944432.979000,10.470916,745
509544.142400,6944433.069000,10.512275,745
509544.634300,6944433.158000,10.553504,745
509545.126200,6944433.248000,10.601702,745
509545.168400,6944433.256000,10.607746,745
509545.618100,6944433.338000,10.684750,745
509546.109900,6944433.427000,10.769038,745
509546.601800,6944433.517000,10.853340,745
509547.093700,6944433.607000,10.939512,745
509547.585600,6944433.697000,11.041221,745
509547.897400,6944433.754000,11.105634,745
509548.077500,6944433.786000,11.143399,745
509548.569400,6944433.876000,11.244398,745
509549.061200,6944433.966000,11.349504,745
509549.553100,6944434.056000,11.452926,745
509550.045000,6944434.145000,11.565878,745
509550.220600,6944434.177000,11.603521,745
509550.536900,6944434.235000,11.687678,745
509551.028800,6944434.325000,11.824569,745
509551.520600,6944434.415000,11.965560,745
509551.985100,6944434.499000,12.101408,745
509552.012500,6944434.504000,12.109773,745
509552.504400,6944434.594000,12.258116,745
509552.996300,6944434.684000,12.407890,745
509553.488200,6944434.774000,12.564820,745
509553.593700,6944434.793000,12.599296,745
509553.980100,6944434.863000,12.733924,745
509554.471900,6944434.953000,12.905822,745
509554.963800,6944435.043000,13.078074,745
509555.016300,6944435.052000,13.097183,745
509555.455700,6944435.132000,13.270709,745
509555.947600,6944435.222000,13.470923,745
509556.251400,6944435.278000,13.595070,745
509556.439500,6944435.312000,13.671016,745
509556.931300,6944435.402000,13.868374,745
509557.423200,6944435.491000,14.075268,745
509557.466300,6944435.499000,14.092958,745
509557.915100,6944435.581000,14.268167,745
509558.407000,6944435.671000,14.466668,745
509558.717300,6944435.727000,14.590845,745
509558.898900,6944435.761000,14.662890,745
509559.390700,6944435.850000,14.854825,745
509559.882600,6944435.940000,15.035434,745
509560.026100,6944435.966000,15.088732,745
509560.374500,6944436.030000,15.204692,745
509560.866400,6944436.120000,15.366884,745
509561.358300,6944436.209000,15.522094,745
509561.663300,6944436.265000,15.586620,745
509561.850200,6944436.299000,15.622143,745
509562.342000,6944436.389000,15.715690,745
509562.833900,6944436.478000,15.809208,745
509563.325800,6944436.568000,15.902716,745
509504.300000,6944425.800000,13.769603,750
509504.791900,6944425.890000,13.786960,750
509505.283800,6944425.979000,13.804550,750
509505.775600,6944426.069000,13.822423,750
509506.267500,6944426.159000,13.840562,750
509506.759400,6944426.249000,13.863162,750
509507.251300,6944426.338000,13.886602,750
509507.743200,6944426.428000,13.910266,750
509508.235100,6944426.518000,13.934247,750
509508.726900,6944426.608000,13.953975,750
509509.218800,6944426.697000,13.972484,750
509509.710700,6944426.787000,13.991615,750
509510.202600,6944426.877000,14.011427,750
509510.694500,6944426.967000,14.027839,750
509511.186300,6944427.056000,14.042304,750
509511.678200,6944427.146000,14.057796,750
509512.170100,6944427.236000,14.074326,750
509512.564900,6944427.308000,14.092958,750
509512.662000,6944427.325000,14.096756,750
509513.153900,6944427.415000,14.116423,750
509513.645800,6944427.505000,14.135918,750
509514.137600,6944427.595000,14.155535,750
509514.629500,6944427.684000,14.181566,750
509515.121400,6944427.774000,14.223283,750
509515.613300,6944427.864000,14.267697,750
509516.105200,6944427.954000,14.314619,750
509516.597000,6944428.043000,14.358560,750
509517.088900,6944428.133000,14.378193,750
509517.580800,6944428.223000,14.398124,750
509518.072700,6944428.313000,14.418341,750
509518.564600,6944428.402000,14.434528,750
509519.056500,6944428.492000,14.333044,750
509519.548300,6944428.582000,14.242180,750
509520.040200,6944428.672000,14.166188,750
509520.532100,6944428.761000,14.105750,750
509520.563300,6944428.767000,14.092958,750
509521.024000,6944428.851000,13.826817,750
509521.515900,6944428.941000,13.608014,750
509521.542600,6944428.946000,13.595070,750
509522.007700,6944429.030000,13.329653,750
509522.482700,6944429.117000,13.097183,750
509522.499600,6944429.120000,13.088256,750
509522.991500,6944429.210000,12.813976,750
509523.469700,6944429.297000,12.599296,750
509523.483400,6944429.300000,12.592790,750
509523.975300,6944429.389000,12.337644,750
509524.467100,6944429.479000,12.115833,750
509524.502200,6944429.486000,12.101408,750
509524.959000,6944429.569000,11.934836,750
509525.450900,6944429.659000,11.769084,750
509525.920300,6944429.744000,11.603521,750
509525.942800,6944429.748000,11.597509,750
509526.434700,6944429.838000,11.497907,750
509526.926600,6944429.928000,11.390036,750
509527.418400,6944430.018000,11.290652,750
509527.910300,6944430.107000,11.200979,750
509528.402200,6944430.197000,11.114300,750
509528.452100,6944430.206000,11.105634,750
509528.894100,6944430.287000,11.034226,750
509529.386000,6944430.376000,10.967572,750
509529.877800,6944430.466000,10.901788,750
509530.369700,6944430.556000,10.836036,750
509530.861600,6944430.646000,10.773116,750
509531.353500,6944430.735000,10.724103,750
509531.845400,6944430.825000,10.675323,750
509532.337300,6944430.915000,10.623164,750
509532.482600,6944430.941000,10.607746,750
509532.829100,6944431.005000,10.578472,750
509533.321000,6944431.094000,10.545423,750
509533.812900,6944431.184000,10.512353,750
509534.304800,6944431.274000,10.479278,750
509534.796700,6944431.364000,10.447110,750
509535.288500,6944431.453000,10.420275,750
509535.780400,6944431.543000,10.393020,750
509536.272300,6944431.633000,10.366402,750
509536.764200,6944431.723000,10.339747,750
509537.256100,6944431.812000,10.318001,750
509537.748000,6944431.902000,10.297580,750
509538.239800,6944431.992000,10.277202,750
509538.731700,6944432.081000,10.257025,750
509539.223600,6944432.171000,10.242929,750
509539.715500,6944432.261000,10.232312,750
509540.207400,6944432.351000,10.221692,750
509540.699200,6944432.440000,10.211072,750
509541.191100,6944432.530000,10.211178,750
509541.683000,6944432.620000,10.221296,750
509542.174900,6944432.710000,10.231416,750
509542.666800,6944432.799000,10.241536,750
509543.158700,6944432.889000,10.263761,750
509543.650500,6944432.979000,10.305842,750
509544.142400,6944433.069000,10.347924,750
509544.634300,6944433.158000,10.389943,750
509545.126200,6944433.248000,10.438735,750
509545.618100,6944433.338000,10.509076,750
509546.109900,6944433.427000,10.579338,750
509546.309500,6944433.464000,10.607746,750
509546.601800,6944433.517000,10.657689,750
509547.093700,6944433.607000,10.743517,750
509547.585600,6944433.697000,10.844060,750
509548.077500,6944433.786000,10.944685,750
509548.569400,6944433.876000,11.045514,750
509548.863200,6944433.930000,11.105634,750
509549.061200,6944433.966000,11.146800,750
509549.553100,6944434.056000,11.252097,750
509550.045000,6944434.145000,11.361230,750
509550.536900,6944434.235000,11.466520,750
509551.028800,6944434.325000,11.576719,750
509551.147900,6944434.347000,11.603521,750
509551.520600,6944434.415000,11.707586,750
509552.012500,6944434.504000,11.846390,750
509552.504400,6944434.594000,11.989264,750
509552.897900,6944434.666000,12.101408,750
509552.996300,6944434.684000,12.130948,750
509553.488200,6944434.774000,12.285984,750
509553.980100,6944434.863000,12.444762,750
509554.449600,6944434.949000,12.599296,750
509554.471900,6944434.953000,12.607075,750
509554.963800,6944435.043000,12.774092,750
509555.455700,6944435.132000,12.949869,750
509555.850900,6944435.205000,13.097183,750
509555.947600,6944435.222000,13.136017,750
509556.439500,6944435.312000,13.329920,750
509556.931300,6944435.402000,13.528552,750
509557.095200,6944435.432000,13.595070,750
509557.423200,6944435.491000,13.728539,750
509557.915100,6944435.581000,13.931413,750
509558.300500,6944435.651000,14.092958,750
509558.407000,6944435.671000,14.135803,750
509558.898900,6944435.761000,14.331039,750
509559.390700,6944435.850000,14.522928,750
509559.573200,6944435.884000,14.590845,750
509559.882600,6944435.940000,14.704034,750
509560.374500,6944436.030000,14.884137,750
509560.866400,6944436.120000,15.065498,750
509560.932700,6944436.132000,15.088732,750
509561.358300,6944436.209000,15.220654,750
509561.850200,6944436.299000,15.324167,750
509562.342000,6944436.389000,15.428899,750
509562.833900,6944436.478000,15.532942,750
509563.085800,6944436.524000,15.586620,750
509563.325800,6944436.568000,15.632298,750
509504.300000,6944425.800000,13.525961,755
509506.267500,6944426.159000,13.587070,755
509506.474700,6944426.197000,13.595070,755
509506.759400,6944426.249000,13.606218,755
509507.251300,6944426.338000,13.625789,755
509507.743200,6944426.428000,13.645232,755
509508.235100,6944426.518000,13.664632,755
509508.726900,6944426.608000,13.675475,755
509509.218800,6944426.697000,13.683149,755
509509.710700,6944426.787000,13.690962,755
509510.202600,6944426.877000,13.698946,755
509510.694500,6944426.967000,13.697206,755
509511.186300,6944427.056000,13.688685,755
509511.678200,6944427.146000,13.680320,755
509512.170100,6944427.236000,13.672044,755
509512.662000,6944427.325000,13.665293,755
509513.153900,6944427.415000,13.659828,755
509513.645800,6944427.505000,13.654652,755
509514.137600,6944427.595000,13.649732,755
509514.629500,6944427.684000,13.654506,755
509515.121400,6944427.774000,13.679370,755
509515.613300,6944427.864000,13.703261,755
509516.105200,6944427.954000,13.726821,755
509516.597000,6944428.043000,13.746978,755
509517.088900,6944428.133000,13.750214,755
509517.580800,6944428.223000,13.753554,755
509518.072700,6944428.313000,13.756996,755
509518.564600,6944428.402000,13.753647,755
509519.056500,6944428.492000,13.639152,755
509519.230800,6944428.524000,13.595070,755
509519.548300,6944428.582000,13.488665,755
509520.040200,6944428.672000,13.335997,755
509520.532100,6944428.761000,13.202860,755
509520.761900,6944428.803000,13.097183,755
509521.024000,6944428.851000,12.959438,755
509521.515900,6944428.941000,12.707011,755
509521.734400,6944428.981000,12.599296,755
509522.007700,6944429.030000,12.459881,755
509522.499600,6944429.120000,12.216848,755
509522.742800,6944429.165000,12.101408,755
509522.991500,6944429.210000,11.999500,755
509523.483400,6944429.300000,11.798001,755
509523.944500,6944429.384000,11.603521,755
509523.975300,6944429.389000,11.593716,755
509524.467100,6944429.479000,11.478176,755
509524.959000,6944429.569000,11.356865,755
509525.450900,6944429.659000,11.242372,755
509525.942800,6944429.748000,11.138417,755
509526.097800,6944429.777000,11.105634,755
509526.434700,6944429.838000,11.035657,755
509526.926600,6944429.928000,10.947364,755
509527.418400,6944430.018000,10.872721,755
509527.910300,6944430.107000,10.803092,755
509528.402200,6944430.197000,10.734757,755
509528.894100,6944430.287000,10.668288,755
509529.386000,6944430.376000,10.608613,755
509529.393600,6944430.378000,10.607746,755
509529.877800,6944430.466000,10.564956,755
509530.369700,6944430.556000,10.521244,755
509530.861600,6944430.646000,10.479073,755
509531.353500,6944430.735000,10.445996,755
509531.845400,6944430.825000,10.412425,755
509532.337300,6944430.915000,10.376803,755
509532.829100,6944431.005000,10.342069,755
509533.321000,6944431.094000,10.314258,755
509533.812900,6944431.184000,10.286464,755
509534.304800,6944431.274000,10.258701,755
509534.796700,6944431.364000,10.231311,755
509535.288500,6944431.453000,10.208637,755
509535.780400,6944431.543000,10.186095,755
509536.272300,6944431.633000,10.163783,755
509536.764200,6944431.723000,10.141501,755
509537.256100,6944431.812000,10.123416,755
509537.647500,6944431.884000,10.109859,755
509537.748000,6944431.902000,10.106723,755
509538.731700,6944432.081000,10.075595,755
509539.223600,6944432.171000,10.065352,755
509540.699200,6944432.440000,10.043024,755
509541.191100,6944432.530000,10.045013,755
509542.666800,6944432.799000,10.077388,755
509543.158700,6944432.889000,10.098977,755
509543.294500,6944432.914000,10.109859,755
509543.650500,6944432.979000,10.140768,755
509544.142400,6944433.069000,10.183574,755
509544.634300,6944433.158000,10.226383,755
509545.126200,6944433.248000,10.275769,755
509545.618100,6944433.338000,10.346003,755
509546.109900,6944433.427000,10.416265,755
509546.601800,6944433.517000,10.486389,755
509547.093700,6944433.607000,10.557699,755
509547.392500,6944433.661000,10.607746,755
509547.585600,6944433.697000,10.646899,755
509548.077500,6944433.786000,10.746314,755
509548.569400,6944433.876000,10.846077,755
509549.061200,6944433.966000,10.946074,755
509549.553100,6944434.056000,11.051006,755
509549.809400,6944434.102000,11.105634,755
509550.045000,6944434.145000,11.156582,755
509550.536900,6944434.235000,11.261614,755
509551.028800,6944434.325000,11.368851,755
509551.520600,6944434.415000,11.478761,755
509552.012500,6944434.504000,11.587331,755
509552.082300,6944434.517000,11.603521,755
509552.504400,6944434.594000,11.726385,755
509552.996300,6944434.684000,11.862356,755
509553.488200,6944434.774000,12.010957,755
509553.788300,6944434.828000,12.101408,755
509553.980100,6944434.863000,12.162413,755
509554.471900,6944434.953000,12.318998,755
509554.963800,6944435.043000,12.475395,755
509555.341500,6944435.112000,12.599296,755
509555.455700,6944435.132000,12.639219,755
509555.947600,6944435.222000,12.818207,755
509556.439500,6944435.312000,12.994898,755
509556.718600,6944435.363000,13.097183,755
509556.931300,6944435.402000,13.182512,755
509557.423200,6944435.491000,13.380533,755
509557.915100,6944435.581000,13.586412,755
509557.935900,6944435.585000,13.595070,755
509558.407000,6944435.671000,13.787122,755
509558.898900,6944435.761000,13.990480,755
509559.149000,6944435.806000,14.092958,755
509559.390700,6944435.850000,14.185738,755
509559.882600,6944435.940000,14.365355,755
509560.374500,6944436.030000,14.546954,755
509560.494300,6944436.052000,14.590845,755
509560.866400,6944436.120000,14.724648,755
509561.358300,6944436.209000,14.895179,755
509561.850200,6944436.299000,15.012615,755
509562.161000,6944436.356000,15.088732,755
509562.342000,6944436.389000,15.127462,755
509562.833900,6944436.478000,15.230188,755
509563.325800,6944436.568000,15.332322,755
509504.300000,6944425.800000,13.280301,760
509506.267500,6944426.159000,13.333577,760
509506.759400,6944426.249000,13.347980,760
509507.251300,6944426.338000,13.362550,760
509507.743200,6944426.428000,13.377100,760
509508.235100,6944426.518000,13.391658,760
509508.726900,6944426.608000,13.393079,760
509509.218800,6944426.697000,13.389553,760
509510.202600,6944426.877000,13.382388,760
509510.694500,6944426.967000,13.362868,760
509511.186300,6944427.056000,13.332010,760
509511.678200,6944427.146000,13.300988,760
509512.170100,6944427.236000,13.268790,760
509512.662000,6944427.325000,13.225783,760
509513.153900,6944427.415000,13.178961,760
509513.645800,6944427.505000,13.135866,760
509514.125000,6944427.592000,13.097183,760
509514.137600,6944427.595000,13.095906,760
509514.629500,6944427.684000,13.050356,760
509515.121400,6944427.774000,13.019446,760
509515.613300,6944427.864000,12.987923,760
509516.105200,6944427.954000,12.956561,760
509516.597000,6944428.043000,12.925155,760
509517.088900,6944428.133000,12.891449,760
509517.580800,6944428.223000,12.859656,760
509518.072700,6944428.313000,12.829631,760
509518.564600,6944428.402000,12.780264,760
509519.056500,6944428.492000,12.636408,760
509519.166600,6944428.512000,12.599296,760
509519.548300,6944428.582000,12.453815,760
509520.040200,6944428.672000,12.286733,760
509520.532100,6944428.761000,12.115826,760
509520.562500,6944428.767000,12.101408,760
509521.024000,6944428.851000,11.901021,760
509521.515900,6944428.941000,11.663555,760
509521.700900,6944428.974000,11.603521,760
509522.007700,6944429.030000,11.530080,760
509522.499600,6944429.120000,11.402608,760
509522.991500,6944429.210000,11.272439,760
509523.483400,6944429.300000,11.147532,760
509523.652200,6944429.330000,11.105634,760
509523.975300,6944429.389000,11.028390,760
509524.467100,6944429.479000,10.920362,760
509524.959000,6944429.569000,10.835059,760
509525.450900,6944429.659000,10.757545,760
509525.942800,6944429.748000,10.674042,760
509526.304700,6944429.814000,10.607746,760
509526.434700,6944429.838000,10.589857,760
509526.926600,6944429.928000,10.534741,760
509527.418400,6944430.018000,10.487855,760
509527.910300,6944430.107000,10.445945,760
509528.402200,6944430.197000,10.402489,760
509528.894100,6944430.287000,10.359214,760
509529.386000,6944430.376000,10.321513,760
509529.877800,6944430.466000,10.286182,760
509530.369700,6944430.556000,10.250838,760
509530.861600,6944430.646000,10.216972,760
509531.353500,6944430.735000,10.189286,760
509531.845400,6944430.825000,10.161384,760
509532.337300,6944430.915000,10.133203,760
509532.752300,6944430.991000,10.109859,760
509532.829100,6944431.005000,10.106048,760
509534.796700,6944431.364000,10.023891,760
509535.288500,6944431.453000,10.007032,760
509536.764200,6944431.723000,9.957274,760
509537.256100,6944431.812000,9.943904,760
509538.731700,6944432.081000,9.906308,760
509539.223600,6944432.171000,9.898608,760
509540.699200,6944432.440000,9.883137,760
509541.191100,6944432.530000,9.887005,760
509542.666800,6944432.799000,9.923879,760
509543.158700,6944432.889000,9.946684,760
509544.634300,6944433.158000,10.066712,760
509545.097100,6944433.243000,10.109859,760
509545.126200,6944433.248000,10.112803,760
509545.618100,6944433.338000,10.182931,760
509546.109900,6944433.427000,10.253193,760
509546.601800,6944433.517000,10.323435,760
509547.093700,6944433.607000,10.394820,760
509547.585600,6944433.697000,10.476687,760
509548.077500,6944433.786000,10.558316,760
509548.376100,6944433.841000,10.607746,760
509548.569400,6944433.876000,10.646641,760
509549.061200,6944433.966000,10.745851,760
509549.553100,6944434.056000,10.849210,760
509550.045000,6944434.145000,10.952821,760
509550.536900,6944434.235000,11.056691,760
509550.769400,6944434.278000,11.105634,760
509551.028800,6944434.325000,11.160982,760
509551.520600,6944434.415000,11.269644,760
509552.012500,6944434.504000,11.377757,760
509552.504400,6944434.594000,11.490063,760
509552.996300,6944434.684000,11.596543,760
509553.025300,6944434.689000,11.603521,760
509553.488200,6944434.774000,11.743387,760
509553.980100,6944434.863000,11.882900,760
509554.471900,6944434.953000,12.034502,760
509554.699700,6944434.995000,12.101408,760
509554.963800,6944435.043000,12.183849,760
509555.455700,6944435.132000,12.343331,760
509555.947600,6944435.222000,12.508198,760
509556.217700,6944435.271000,12.599296,760
509556.439500,6944435.312000,12.678776,760
509556.931300,6944435.402000,12.854351,760
509557.423200,6944435.491000,13.035290,760
509557.589700,6944435.522000,13.097183,760
509557.915100,6944435.581000,13.228448,760
509558.407000,6944435.671000,13.428650,760
509558.810800,6944435.745000,13.595070,760
509558.898900,6944435.761000,13.630634,760
509559.390700,6944435.850000,13.826496,760
509559.882600,6944435.940000,14.017309,760
509560.079100,6944435.976000,14.092958,760
509560.374500,6944436.030000,14.199744,760
509560.866400,6944436.120000,14.380125,760
509561.358300,6944436.209000,14.549956,760
509561.526700,6944436.240000,14.590845,760
509561.850200,6944436.299000,14.667536,760
509562.342000,6944436.389000,14.784631,760
509562.833900,6944436.478000,14.901469,760
509563.325800,6944436.568000,15.016797,760
509504.300000,6944425.800000,13.033247,765
509504.791900,6944425.890000,13.044857,765
509505.283800,6944425.979000,13.056468,765
509505.775600,6944426.069000,13.068081,765
509506.267500,6944426.159000,13.079697,765
509506.759400,6944426.249000,13.089506,765
509507.157500,6944426.321000,13.097183,765
509507.251300,6944426.338000,13.098987,765
509507.743200,6944426.428000,13.108246,765
509508.235100,6944426.518000,13.117515,765
509508.726900,6944426.608000,13.109102,765
509509.120700,6944426.679000,13.097183,765
509509.218800,6944426.697000,13.093983,765
509509.710700,6944426.787000,13.078244,765
509510.202600,6944426.877000,13.062433,765
509510.694500,6944426.967000,13.022817,765
509511.186300,6944427.056000,12.964669,765
509511.678200,6944427.146000,12.905907,765
509512.170100,6944427.236000,12.847006,765
509512.662000,6944427.325000,12.763061,765
509513.153900,6944427.415000,12.659740,765
509513.448100,6944427.469000,12.599296,765
509513.645800,6944427.505000,12.550894,765
509514.137600,6944427.595000,12.436691,765
509514.629500,6944427.684000,12.319959,765
509515.121400,6944427.774000,12.191861,765
509515.460300,6944427.836000,12.101408,765
509515.613300,6944427.864000,12.058169,765
509516.105200,6944427.954000,11.933887,765
509516.597000,6944428.043000,11.810721,765
509517.088900,6944428.133000,11.710196,765
509517.574900,6944428.222000,11.603521,765
509517.580800,6944428.223000,11.602392,765
509518.072700,6944428.313000,11.531010,765
509518.564600,6944428.402000,11.457218,765
509519.056500,6944428.492000,11.373950,765
509519.548300,6944428.582000,11.281827,765
509520.040200,6944428.672000,11.180060,765
509520.388300,6944428.735000,11.105634,765
509520.532100,6944428.761000,11.082862,765
509521.024000,6944428.851000,10.997097,765
509521.515900,6944428.941000,10.900877,765
509522.007700,6944429.030000,10.809706,765
509522.499600,6944429.120000,10.708395,765
509522.957100,6944429.204000,10.607746,765
509522.991500,6944429.210000,10.602355,765
509523.483400,6944429.300000,10.542484,765
509523.975300,6944429.389000,10.482413,765
509524.467100,6944429.479000,10.434411,765
509524.959000,6944429.569000,10.386510,765
509525.450900,6944429.659000,10.339280,765
509525.942800,6944429.748000,10.289719,765
509526.434700,6944429.838000,10.240498,765
509526.926600,6944429.928000,10.199419,765
509527.418400,6944430.018000,10.164043,765
509527.910300,6944430.107000,10.129280,765
509528.177000,6944430.156000,10.109859,765
509528.402200,6944430.197000,10.095739,765
509528.894100,6944430.287000,10.066842,765
509530.369700,6944430.556000,9.993223,765
509530.861600,6944430.646000,9.969687,765
509532.337300,6944430.915000,9.910624,765
509532.829100,6944431.005000,9.891192,765
509534.796700,6944431.364000,9.827258,765
509535.288500,6944431.453000,9.814208,765
509536.764200,6944431.723000,9.775710,765
509537.256100,6944431.812000,9.765520,765
509538.731700,6944432.081000,9.737020,765
509539.223600,6944432.171000,9.731863,765
509540.699200,6944432.440000,9.723250,765
509541.191100,6944432.530000,9.728997,765
509542.666800,6944432.799000,9.770369,765
509543.158700,6944432.889000,9.794391,765
509544.634300,6944433.158000,9.916676,765
509545.126200,6944433.248000,9.963128,765
509546.109900,6944433.427000,10.091806,765
509546.247900,6944433.453000,10.109859,765
509546.601800,6944433.517000,10.160481,765
509547.093700,6944433.607000,10.231942,765
509547.585600,6944433.697000,10.313154,765
509548.077500,6944433.786000,10.394353,765
509548.569400,6944433.876000,10.475492,765
509549.061200,6944433.966000,10.556674,765
509549.362300,6944434.021000,10.607746,765
509549.553100,6944434.056000,10.647414,765
509550.045000,6944434.145000,10.749355,765
509550.536900,6944434.235000,10.851717,765
509551.028800,6944434.325000,10.954395,765
509551.520600,6944434.415000,11.060819,765
509551.727000,6944434.452000,11.105634,765
509552.012500,6944434.504000,11.168184,765
509552.504400,6944434.594000,11.277043,765
509552.996300,6944434.684000,11.383390,765
509553.488200,6944434.774000,11.499734,765
509553.977700,6944434.863000,11.603521,765
509553.980100,6944434.863000,11.604167,765
509554.471900,6944434.953000,11.760221,765
509554.963800,6944435.043000,11.898951,765
509555.455700,6944435.132000,12.052140,765
509555.615100,6944435.162000,12.101408,765
509555.947600,6944435.222000,12.210778,765
509556.439500,6944435.312000,12.372687,765
509556.931300,6944435.402000,12.534980,765
509557.124800,6944435.437000,12.599296,765
509557.423200,6944435.491000,12.705463,765
509557.915100,6944435.581000,12.885402,765
509558.407000,6944435.671000,13.064468,765
509558.496300,6944435.687000,13.097183,765
509558.898900,6944435.761000,13.259826,765
509559.390700,6944435.850000,13.456607,765
509559.746400,6944435.915000,13.595070,765
509559.882600,6944435.940000,13.647520,765
509560.374500,6944436.030000,13.833702,765
509560.866400,6944436.120000,14.026371,765
509561.048100,6944436.153000,14.092958,765
509561.358300,6944436.209000,14.196760,765
509561.850200,6944436.299000,14.312672,765
509562.342000,6944436.389000,14.433534,765
509562.833900,6944436.478000,14.548722,765
509563.010600,6944436.511000,14.590845,765
509563.325800,6944436.568000,14.664022,765
509504.300000,6944425.800000,12.782113,770
509504.791900,6944425.890000,12.791699,770
509505.283800,6944425.979000,12.801286,770
509505.775600,6944426.069000,12.810873,770
509506.267500,6944426.159000,12.820461,770
509506.759400,6944426.249000,12.825118,770
509507.251300,6944426.338000,12.828989,770
509507.743200,6944426.428000,12.832847,770
509508.235100,6944426.518000,12.836718,770
509508.726900,6944426.608000,12.816899,770
509509.218800,6944426.697000,12.788142,770
509509.710700,6944426.787000,12.759405,770
509510.202600,6944426.877000,12.730793,770
509510.694500,6944426.967000,12.667437,770
509511.080600,6944427.037000,12.599296,770
509511.186300,6944427.056000,12.578635,770
509511.678200,6944427.146000,12.488454,770
509512.170100,6944427.236000,12.398685,770
509512.662000,6944427.325000,12.274656,770
509513.138800,6944427.412000,12.101408,770
509513.153900,6944427.415000,12.095982,770
509513.645800,6944427.505000,11.938694,770
509514.137600,6944427.595000,11.764894,770
509514.537000,6944427.668000,11.603521,770
509514.629500,6944427.684000,11.566282,770
509515.121400,6944427.774000,11.390096,770
509515.613300,6944427.864000,11.185429,770
509515.812800,6944427.900000,11.105634,770
509516.105200,6944427.954000,11.001761,770
509516.597000,6944428.043000,10.839605,770
509517.088900,6944428.133000,10.714839,770
509517.459600,6944428.201000,10.607746,770
509517.580800,6944428.223000,10.584131,770
509518.072700,6944428.313000,10.512624,770
509518.564600,6944428.402000,10.452695,770
509519.056500,6944428.492000,10.426513,770
509519.548300,6944428.582000,10.398133,770
509520.040200,6944428.672000,10.367604,770
509520.532100,6944428.761000,10.335098,770
509521.024000,6944428.851000,10.295920,770
509521.515900,6944428.941000,10.254547,770
509522.007700,6944429.030000,10.212557,770
509522.499600,6944429.120000,10.171431,770
509522.991500,6944429.210000,10.131576,770
509523.278500,6944429.262000,10.109859,770
509523.483400,6944429.300000,10.096951,770
509523.975300,6944429.389000,10.062562,770
509524.467100,6944429.479000,10.030419,770
509524.959000,6944429.569000,10.000911,770
509526.434700,6944429.838000,9.916165,770
509526.926600,6944429.928000,9.890696,770
509527.910300,6944430.107000,9.845713,770
509528.402200,6944430.197000,9.823189,770
509528.894100,6944430.287000,9.802408,770
509530.369700,6944430.556000,9.749540,770
509530.861600,6944430.646000,9.732641,770
509532.337300,6944430.915000,9.690273,770
509532.829100,6944431.005000,9.676336,770
509534.796700,6944431.364000,9.630626,770
509535.288500,6944431.453000,9.621384,770
509535.780400,6944431.543000,9.612305,770
509535.798100,6944431.546000,9.611972,770
509536.272300,6944431.633000,9.603736,770
509536.764200,6944431.723000,9.595170,770
509537.256100,6944431.812000,9.588546,770
509537.748000,6944431.902000,9.582425,770
509538.239800,6944431.992000,9.576294,770
509538.731700,6944432.081000,9.570155,770
509539.223600,6944432.171000,9.567661,770
509539.715500,6944432.261000,9.567084,770
509540.207400,6944432.351000,9.566497,770
509540.699200,6944432.440000,9.565900,770
509541.191100,6944432.530000,9.573108,770
509541.683000,6944432.620000,9.587608,770
509542.174900,6944432.710000,9.602108,770
509542.508500,6944432.770000,9.611972,770
509542.666800,6944432.799000,9.616860,770
509543.158700,6944432.889000,9.642097,770
509544.634300,6944433.158000,9.766640,770
509545.126200,6944433.248000,9.813698,770
509546.601800,6944433.517000,10.007148,770
509547.093700,6944433.607000,10.072566,770
509547.343300,6944433.652000,10.109859,770
509547.585600,6944433.697000,10.149620,770
509548.077500,6944433.786000,10.230389,770
509548.569400,6944433.876000,10.311196,770
509549.061200,6944433.966000,10.392053,770
509549.553100,6944434.056000,10.474740,770
509550.045000,6944434.145000,10.557212,770
509550.347500,6944434.201000,10.607746,770
509550.536900,6944434.235000,10.646743,770
509551.028800,6944434.325000,10.748273,770
509551.520600,6944434.415000,10.853055,770
509552.012500,6944434.504000,10.958561,770
509552.504400,6944434.594000,11.064353,770
509552.697200,6944434.629000,11.105634,770
509552.996300,6944434.684000,11.170237,770
509553.488200,6944434.774000,11.282275,770
509553.980100,6944434.863000,11.389339,770
509554.471900,6944434.953000,11.508703,770
509554.915600,6944435.034000,11.603521,770
509554.963800,6944435.043000,11.616674,770
509555.455700,6944435.132000,11.772718,770
509555.947600,6944435.222000,11.915592,770
509556.439500,6944435.312000,12.071444,770
509556.539500,6944435.330000,12.101408,770
509556.931300,6944435.402000,12.226756,770
509557.423200,6944435.491000,12.388191,770
509557.915100,6944435.581000,12.553707,770
509558.050700,6944435.606000,12.599296,770
509558.407000,6944435.671000,12.727285,770
509558.898900,6944435.761000,12.904494,770
509559.390700,6944435.850000,13.083648,770
509559.430600,6944435.858000,13.097183,770
509559.882600,6944435.940000,13.264740,770
509560.374500,6944436.030000,13.451835,770
509560.747800,6944436.098000,13.595070,770
509560.866400,6944436.120000,13.639642,770
509561.358300,6944436.209000,13.814149,770
509561.850200,6944436.299000,13.939976,770
509562.342000,6944436.389000,14.077625,770
509562.404300,6944436.400000,14.092958,770
509562.833900,6944436.478000,14.186429,770
509563.325800,6944436.568000,14.299334,770
509504.300000,6944425.800000,12.529758,775
509506.267500,6944426.159000,12.560534,775
509506.759400,6944426.249000,12.559996,775
509508.235100,6944426.518000,12.554432,775
509508.726900,6944426.608000,12.522563,775
509510.202600,6944426.877000,12.392653,775
509510.694500,6944426.967000,12.306213,775
509511.186300,6944427.056000,12.184969,775
509511.518100,6944427.117000,12.101408,775
509511.678200,6944427.146000,12.061114,775
509512.170100,6944427.236000,11.943575,775
509512.662000,6944427.325000,11.792044,775
509513.152200,6944427.415000,11.603521,775
509513.153900,6944427.415000,11.602760,775
509513.645800,6944427.505000,11.368375,775
509514.137600,6944427.595000,11.136867,775
509514.208200,6944427.608000,11.105634,775
509514.629500,6944427.684000,10.915468,775
509515.121400,6944427.774000,10.691297,775
509515.303800,6944427.807000,10.607746,775
509515.613300,6944427.864000,10.486909,775
509516.105200,6944427.954000,10.300516,775
509516.579200,6944428.040000,10.109859,775
509516.597000,6944428.043000,10.103886,775
509517.088900,6944428.133000,10.042720,775
509517.580800,6944428.223000,9.970696,775
509518.072700,6944428.313000,9.890879,775
509518.564600,6944428.402000,9.818566,775
509520.532100,6944428.761000,9.775443,775
509521.024000,6944428.851000,9.765419,775
509522.499600,6944429.120000,9.735610,775
509522.991500,6944429.210000,9.720956,775
509523.483400,6944429.300000,9.704974,775
509523.975300,6944429.389000,9.688498,775
509524.467100,6944429.479000,9.672433,775
509524.959000,6944429.569000,9.656149,775
509525.942800,6944429.748000,9.623237,775
509526.275500,6944429.809000,9.611972,775
509526.434700,6944429.838000,9.607272,775
509526.926600,6944429.928000,9.593518,775
509527.418400,6944430.018000,9.580995,775
509527.910300,6944430.107000,9.568398,775
509528.402200,6944430.197000,9.555727,775
509528.894100,6944430.287000,9.543941,775
509529.386000,6944430.376000,9.533926,775
509529.877800,6944430.466000,9.523866,775
509530.369700,6944430.556000,9.513762,775
509530.861600,6944430.646000,9.504037,775
509531.353500,6944430.735000,9.495903,775
509531.845400,6944430.825000,9.487742,775
509532.337300,6944430.915000,9.479552,775
509532.829100,6944431.005000,9.471447,775
509533.321000,6944431.094000,9.464836,775
509533.812900,6944431.184000,9.458208,775
509534.304800,6944431.274000,9.451562,775
509534.796700,6944431.364000,9.444898,775
509535.288500,6944431.453000,9.439621,775
509535.780400,6944431.543000,9.434437,775
509536.272300,6944431.633000,9.429242,775
509536.764200,6944431.723000,9.424036,775
509537.256100,6944431.812000,9.420285,775
509537.748000,6944431.902000,9.416908,775
509538.239800,6944431.992000,9.413525,775
509538.731700,6944432.081000,9.410134,775
509539.223600,6944432.171000,9.409964,775
509539.715500,6944432.261000,9.411465,775
509540.207400,6944432.351000,9.412930,775
509540.699200,6944432.440000,9.414361,775
509541.191100,6944432.530000,9.423270,775
509541.683000,6944432.620000,9.439194,775
509542.174900,6944432.710000,9.455118,775
509542.666800,6944432.799000,9.471042,775
509543.158700,6944432.889000,9.496150,775
509543.650500,6944432.979000,9.536271,775
509544.142400,6944433.069000,9.576293,775
509544.580200,6944433.148000,9.611972,775
509544.634300,6944433.158000,9.616604,775
509545.126200,6944433.248000,9.664268,775
509546.601800,6944433.517000,9.858152,775
509547.093700,6944433.607000,9.923675,775
509547.585600,6944433.697000,9.996982,775
509548.077500,6944433.786000,10.070288,775
509548.343200,6944433.835000,10.109859,775
509548.569400,6944433.876000,10.146900,775
509549.061200,6944433.966000,10.227432,775
509549.553100,6944434.056000,10.309191,775
509550.045000,6944434.145000,10.390994,775
509550.536900,6944434.235000,10.472717,775
509551.028800,6944434.325000,10.554509,775
509551.342500,6944434.382000,10.607746,775
509551.520600,6944434.415000,10.645291,775
509552.012500,6944434.504000,10.748916,775
509552.504400,6944434.594000,10.853018,775
509552.996300,6944434.684000,10.957378,775
509553.488200,6944434.774000,11.065428,775
509553.669500,6944434.807000,11.105634,775
509553.980100,6944434.863000,11.174660,775
509554.471900,6944434.953000,11.287524,775
509554.963800,6944435.043000,11.394266,775
509555.455700,6944435.132000,11.514419,775
509555.880900,6944435.210000,11.603521,775
509555.947600,6944435.222000,11.621705,775
509556.439500,6944435.312000,11.782941,775
509556.931300,6944435.402000,11.924315,775
509557.423200,6944435.491000,12.078236,775
509557.498900,6944435.505000,12.101408,775
509557.915100,6944435.581000,12.238085,775
509558.407000,6944435.671000,12.399683,775
509558.898900,6944435.761000,12.563464,775
509559.010000,6944435.781000,12.599296,775
509559.390700,6944435.850000,12.730669,775
509559.882600,6944435.940000,12.894775,775
509560.374500,6944436.030000,13.060048,775
509560.483600,6944436.050000,13.097183,775
509560.866400,6944436.120000,13.240694,775
509561.358300,6944436.209000,13.414590,775
509561.850200,6944436.299000,13.541451,775
509562.059300,6944436.337000,13.595070,775
509562.342000,6944436.389000,13.667400,775
509562.833900,6944436.478000,13.788625,775
509563.325800,6944436.568000,13.910418,775
509504.300000,6944425.800000,12.274141,780
509506.267500,6944426.159000,12.296591,780
509506.759400,6944426.249000,12.290582,780
509508.235100,6944426.518000,12.266974,780
509508.726900,6944426.608000,12.223083,780
509509.710700,6944426.787000,12.107857,780
509509.767900,6944426.798000,12.101408,780
509510.202600,6944426.877000,12.051180,780
509510.694500,6944426.967000,11.944907,780
509511.186300,6944427.056000,11.802776,780
509511.678200,6944427.146000,11.667904,780
509511.887300,6944427.184000,11.603521,780
509512.170100,6944427.236000,11.509038,780
509512.662000,6944427.325000,11.321458,780
509513.065000,6944427.399000,11.105634,780
509513.153900,6944427.415000,11.060877,780
509513.645800,6944427.505000,10.830330,780
509514.035100,6944427.576000,10.607746,780
509514.137600,6944427.595000,10.557733,780
509514.629500,6944427.684000,10.346698,780
509515.121400,6944427.774000,10.119937,780
509515.146000,6944427.779000,10.109859,780
509515.613300,6944427.864000,9.944573,780
509516.105200,6944427.954000,9.751016,780
509516.493100,6944428.024000,9.611972,780
509516.597000,6944428.043000,9.578143,780
509517.088900,6944428.133000,9.512699,780
509517.580800,6944428.223000,9.449869,780
509518.072700,6944428.313000,9.384819,780
509518.564600,6944428.402000,9.313687,780
509519.056500,6944428.492000,9.315628,780
509519.548300,6944428.582000,9.317463,780
509520.040200,6944428.672000,9.319189,780
509520.532100,6944428.761000,9.320803,780
509521.024000,6944428.851000,9.328476,780
509521.515900,6944428.941000,9.336403,780
509522.007700,6944429.030000,9.343870,780
509522.499600,6944429.120000,9.350889,780
509522.991500,6944429.210000,9.351583,780
509523.483400,6944429.300000,9.350254,780
509523.975300,6944429.389000,9.348806,780
509524.467100,6944429.479000,9.347225,780
509524.959000,6944429.569000,9.343303,780
509525.450900,6944429.659000,9.337968,780
509525.942800,6944429.748000,9.332581,780
509526.434700,6944429.838000,9.327138,780
509526.926600,6944429.928000,9.321757,780
509527.418400,6944430.018000,9.316466,780
509527.910300,6944430.107000,9.311143,780
509528.402200,6944430.197000,9.305788,780
509528.894100,6944430.287000,9.300825,780
509529.386000,6944430.376000,9.296646,780
509529.877800,6944430.466000,9.292449,780
509530.369700,6944430.556000,9.288232,780
509530.861600,6944430.646000,9.284185,780
509531.353500,6944430.735000,9.280848,780
509531.845400,6944430.825000,9.277500,780
509532.337300,6944430.915000,9.274139,780
509532.829100,6944431.005000,9.270820,780
509533.321000,6944431.094000,9.268205,780
509533.812900,6944431.184000,9.265582,780
509534.304800,6944431.274000,9.262951,780
509534.796700,6944431.364000,9.260314,780
509535.288500,6944431.453000,9.258426,780
509535.780400,6944431.543000,9.256590,780
509536.272300,6944431.633000,9.254749,780
509536.764200,6944431.723000,9.252903,780
509537.256100,6944431.812000,9.252023,780
509537.748000,6944431.902000,9.251392,780
509538.239800,6944431.992000,9.250755,780
509538.731700,6944432.081000,9.250112,780
509539.223600,6944432.171000,9.252267,780
509539.715500,6944432.261000,9.255846,780
509540.207400,6944432.351000,9.259364,780
509540.699200,6944432.440000,9.262821,780
509541.191100,6944432.530000,9.273432,780
509541.683000,6944432.620000,9.290779,780
509542.174900,6944432.710000,9.308128,780
509542.666800,6944432.799000,9.325478,780
509543.158700,6944432.889000,9.351768,780
509543.650500,6944432.979000,9.392696,780
509544.142400,6944433.069000,9.433341,780
509544.634300,6944433.158000,9.474181,780
509545.126200,6944433.248000,9.520033,780
509545.618100,6944433.338000,9.581325,780
509545.863700,6944433.383000,9.611972,780
509546.109900,6944433.427000,9.644382,780
509546.601800,6944433.517000,9.709155,780
509547.093700,6944433.607000,9.774783,780
509547.585600,6944433.697000,9.847845,780
509548.569400,6944433.876000,9.993966,780
509549.061200,6944433.966000,10.067027,780
509549.348200,6944434.018000,10.109859,780
509549.553100,6944434.056000,10.143642,780
509550.045000,6944434.145000,10.224775,780
509550.536900,6944434.235000,10.305962,780
509551.028800,6944434.325000,10.387221,780
509551.520600,6944434.415000,10.469880,780
509552.012500,6944434.504000,10.552530,780
509552.342300,6944434.564000,10.607746,780
509552.504400,6944434.594000,10.641684,780
509552.996300,6944434.684000,10.744646,780
509553.488200,6944434.774000,10.851225,780
509553.980100,6944434.863000,10.958761,780
509554.471900,6944434.953000,11.066895,780
509554.649300,6944434.985000,11.105634,780
509554.963800,6944435.043000,11.174783,780
509555.455700,6944435.132000,11.288544,780
509555.947600,6944435.222000,11.395214,780
509556.439500,6944435.312000,11.516670,780
509556.850100,6944435.387000,11.603521,780
509556.931300,6944435.402000,11.625837,780
509557.423200,6944435.491000,11.784146,780
509557.915100,6944435.581000,11.924367,780
509558.407000,6944435.671000,12.079057,780
509558.482800,6944435.685000,12.101408,780
509558.898900,6944435.761000,12.233480,780
509559.390700,6944435.850000,12.389359,780
509559.882600,6944435.940000,12.539575,780
509560.077900,6944435.976000,12.599296,780
509560.374500,6944436.030000,12.696359,780
509560.866400,6944436.120000,12.857741,780
509561.358300,6944436.209000,13.014228,780
509561.716700,6944436.275000,13.097183,780
509561.850200,6944436.299000,13.130409,780
509562.342000,6944436.389000,13.249606,780
509562.833900,6944436.478000,13.368704,780
509563.325800,6944436.568000,13.490433,780
509504.300000,6944425.800000,12.019709,785
509504.791900,6944425.890000,12.023211,785
509505.283800,6944425.979000,12.026711,785
509505.775600,6944426.069000,12.030210,785
509506.267500,6944426.159000,12.033707,785
509506.759400,6944426.249000,12.022459,785
509507.251300,6944426.338000,12.008806,785
509507.743200,6944426.428000,11.995075,785
509508.235100,6944426.518000,11.981240,785
509508.726900,6944426.608000,11.927111,785
509509.218800,6944426.697000,11.857583,785
509509.710700,6944426.787000,11.787457,785
509510.202600,6944426.877000,11.715039,785
509510.629300,6944426.955000,11.603521,785
509510.694500,6944426.967000,11.586627,785
509511.186300,6944427.056000,11.426503,785
509511.678200,6944427.146000,11.258976,785
509512.107400,6944427.224000,11.105634,785
509512.170100,6944427.236000,11.083678,785
509512.662000,6944427.325000,10.875668,785
509513.153900,6944427.415000,10.621214,785
509513.179100,6944427.420000,10.607746,785
509513.645800,6944427.505000,10.369807,785
509514.137600,6944427.595000,10.119482,785
509514.157000,6944427.598000,10.109859,785
509514.629500,6944427.684000,9.885209,785
509515.121400,6944427.774000,9.679744,785
509515.285300,6944427.804000,9.611972,785
509515.613300,6944427.864000,9.489490,785
509516.105200,6944427.954000,9.308328,785
509516.596600,6944428.043000,9.114085,785
509516.597000,6944428.043000,9.113956,785
509517.088900,6944428.133000,9.077782,785
509517.580800,6944428.223000,9.033953,785
509518.072700,6944428.313000,8.982609,785
509518.564600,6944428.402000,8.927177,785
509519.056500,6944428.492000,8.934174,785
509519.548300,6944428.582000,8.941155,785
509520.040200,6944428.672000,8.948118,785
509520.532100,6944428.761000,8.955060,785
509521.024000,6944428.851000,8.969967,785
509521.515900,6944428.941000,8.985614,785
509522.007700,6944429.030000,9.001035,785
509522.499600,6944429.120000,9.016188,785
509522.991500,6944429.210000,9.025799,785
509523.483400,6944429.300000,9.033667,785
509523.975300,6944429.389000,9.041492,785
509524.467100,6944429.479000,9.049272,785
509524.959000,6944429.569000,9.053968,785
509525.450900,6944429.659000,9.056800,785
509525.942800,6944429.748000,9.059634,785
509526.434700,6944429.838000,9.062471,785
509526.926600,6944429.928000,9.064603,785
509527.418400,6944430.018000,9.065975,785
509527.910300,6944430.107000,9.067346,785
509528.402200,6944430.197000,9.068716,785
509528.894100,6944430.287000,9.070026,785
509529.386000,6944430.376000,9.071220,785
509529.877800,6944430.466000,9.072414,785
509530.369700,6944430.556000,9.073609,785
509530.861600,6944430.646000,9.074780,785
509531.353500,6944430.735000,9.075853,785
509531.845400,6944430.825000,9.076927,785
509532.337300,6944430.915000,9.078003,785
509532.829100,6944431.005000,9.079077,785
509533.321000,6944431.094000,9.080114,785
509533.812900,6944431.184000,9.081152,785
509534.304800,6944431.274000,9.082193,785
509534.796700,6944431.364000,9.083235,785
509535.288500,6944431.453000,9.084394,785
509535.780400,6944431.543000,9.085563,785
509536.272300,6944431.633000,9.086734,785
509536.764200,6944431.723000,9.087908,785
509537.256100,6944431.812000,9.089486,785
509537.748000,6944431.902000,9.091170,785
509538.239800,6944431.992000,9.092855,785
509538.731700,6944432.081000,9.094540,785
509539.223600,6944432.171000,9.098175,785
509539.715500,6944432.261000,9.102783,785
509540.207400,6944432.351000,9.107325,785
509540.699200,6944432.440000,9.111799,785
509540.810200,6944432.461000,9.114085,785
509541.191100,6944432.530000,9.123594,785
509541.683000,6944432.620000,9.142365,785
509542.174900,6944432.710000,9.161138,785
509542.666800,6944432.799000,9.179913,785
509543.158700,6944432.889000,9.207386,785
509543.650500,6944432.979000,9.249121,785
509544.142400,6944433.069000,9.290389,785
509544.634300,6944433.158000,9.332000,785
509545.126200,6944433.248000,9.378595,785
509545.618100,6944433.338000,9.439951,785
509546.109900,6944433.427000,9.501440,785
509546.601800,6944433.517000,9.562931,785
509546.989500,6944433.588000,9.611972,785
509547.093700,6944433.607000,9.625891,785
509547.585600,6944433.697000,9.698707,785
509548.569400,6944433.876000,9.844339,785
509549.061200,6944433.966000,9.917155,785
509549.553100,6944434.056000,9.990248,785
509550.045000,6944434.145000,10.063350,785
509550.358300,6944434.203000,10.109859,785
509550.536900,6944434.235000,10.139206,785
509551.028800,6944434.325000,10.219933,785
509551.520600,6944434.415000,10.301606,785
509552.012500,6944434.504000,10.383479,785
509552.504400,6944434.594000,10.465310,785
509552.996300,6944434.684000,10.547060,785
509553.351800,6944434.749000,10.607746,785
509553.488200,6944434.774000,10.637022,785
509553.980100,6944434.863000,10.742284,785
509554.471900,6944434.953000,10.848818,785
509554.963800,6944435.043000,10.954985,785
509555.455700,6944435.132000,11.063537,785
509555.645000,6944435.167000,11.105634,785
509555.947600,6944435.222000,11.173168,785
509556.439500,6944435.312000,11.286965,785
509556.931300,6944435.402000,11.393289,785
509557.423200,6944435.491000,11.512811,785
509557.882400,6944435.575000,11.603521,785
509557.915100,6944435.581000,11.612104,785
509558.407000,6944435.671000,11.772594,785
509558.898900,6944435.761000,11.911504,785
509559.390700,6944435.850000,12.057738,785
509559.550600,6944435.879000,12.101408,785
509559.882600,6944435.940000,12.199544,785
509560.374500,6944436.030000,12.344210,785
509560.866400,6944436.120000,12.489672,785
509561.250800,6944436.190000,12.599296,785
509561.358300,6944436.209000,12.632116,785
509561.850200,6944436.299000,12.738085,785
509562.342000,6944436.389000,12.844744,785
509562.833900,6944436.478000,12.950803,785
509563.325800,6944436.568000,13.059827,785
509504.300000,6944425.800000,11.767744,790
509504.791900,6944425.890000,11.769265,790
509505.283800,6944425.979000,11.770786,790
509505.775600,6944426.069000,11.772306,790
509506.267500,6944426.159000,11.773825,790
509506.759400,6944426.249000,11.757381,790
509507.251300,6944426.338000,11.737830,790
509507.743200,6944426.428000,11.717997,790
509508.235100,6944426.518000,11.697849,790
509508.726900,6944426.608000,11.633539,790
509508.911200,6944426.641000,11.603521,790
509509.218800,6944426.697000,11.554214,790
509509.710700,6944426.787000,11.475263,790
509510.202600,6944426.877000,11.394838,790
509510.694500,6944426.967000,11.253336,790
509511.068200,6944427.035000,11.105634,790
509511.186300,6944427.056000,11.059631,790
509511.678200,6944427.146000,10.879550,790
509512.170100,6944427.236000,10.680012,790
509512.329800,6944427.265000,10.607746,790
509512.662000,6944427.325000,10.469501,790
509513.153900,6944427.415000,10.212562,790
509513.349700,6944427.451000,10.109859,790
509513.645800,6944427.505000,9.963020,790
509514.137600,6944427.595000,9.709733,790
509514.338000,6944427.631000,9.611972,790
509514.629500,6944427.684000,9.480168,790
509515.121400,6944427.774000,9.291786,790
509515.564800,6944427.855000,9.114085,790
509515.613300,6944427.864000,9.098902,790
509516.105200,6944427.954000,8.950387,790
509516.597000,6944428.043000,8.810388,790
509517.088900,6944428.133000,8.762244,790
509517.580800,6944428.223000,8.709996,790
509518.072700,6944428.313000,8.655358,790
509518.441300,6944428.380000,8.616197,790
509518.564600,6944428.402000,8.603622,790
509519.056500,6944428.492000,8.614695,790
509519.122100,6944428.504000,8.616197,790
509519.548300,6944428.582000,8.626078,790
509520.040200,6944428.672000,8.637511,790
509520.532100,6944428.761000,8.648949,790
509521.024000,6944428.851000,8.671261,790
509521.515900,6944428.941000,8.694832,790
509522.007700,6944429.030000,8.718362,790
509522.499600,6944429.120000,8.741804,790
509522.991500,6944429.210000,8.759653,790
509523.483400,6944429.300000,8.775686,790
509523.975300,6944429.389000,8.791648,790
509524.467100,6944429.479000,8.807536,790
509524.959000,6944429.569000,8.819287,790
509525.450900,6944429.659000,8.828522,790
509525.942800,6944429.748000,8.837735,790
509526.434700,6944429.838000,8.846929,790
509526.926600,6944429.928000,8.854778,790
509527.418400,6944430.018000,8.861197,790
509527.910300,6944430.107000,8.867604,790
509528.402200,6944430.197000,8.874001,790
509528.894100,6944430.287000,8.880021,790
509529.386000,6944430.376000,8.885338,790
509529.877800,6944430.466000,8.890649,790
509530.369700,6944430.556000,8.895955,790
509530.861600,6944430.646000,8.901092,790
509531.353500,6944430.735000,8.905597,790
509531.845400,6944430.825000,8.910099,790
509532.337300,6944430.915000,8.914598,790
509532.829100,6944431.005000,8.919056,790
509533.321000,6944431.094000,8.922987,790
509533.812900,6944431.184000,8.926918,790
509534.304800,6944431.274000,8.930847,790
509534.796700,6944431.364000,8.934775,790
509535.288500,6944431.453000,8.938417,790
509535.780400,6944431.543000,8.942037,790
509536.272300,6944431.633000,8.945657,790
509536.764200,6944431.723000,8.949278,790
509537.256100,6944431.812000,8.952989,790
509537.748000,6944431.902000,8.956723,790
509538.239800,6944431.992000,8.960457,790
509538.731700,6944432.081000,8.964190,790
509539.223600,6944432.171000,8.969604,790
509539.715500,6944432.261000,8.975865,790
509540.207400,6944432.351000,8.982075,790
509540.699200,6944432.440000,8.988232,790
509541.191100,6944432.530000,8.999694,790
509542.666800,6944432.799000,9.049097,790
509543.158700,6944432.889000,9.072456,790
509543.650500,6944432.979000,9.107125,790
509543.750500,6944432.997000,9.114085,790
509544.142400,6944433.069000,9.147436,790
509544.634300,6944433.158000,9.189819,790
509545.126200,6944433.248000,9.237157,790
509545.618100,6944433.338000,9.298576,790
509546.109900,6944433.427000,9.360218,790
509546.601800,6944433.517000,9.421908,790
509547.093700,6944433.607000,9.484365,790
509547.585600,6944433.697000,9.552960,790
509548.008600,6944433.774000,9.611972,790
509548.077500,6944433.786000,9.622141,790
509548.569400,6944433.876000,9.694713,790
509549.061200,6944433.966000,9.767284,790
509549.553100,6944434.056000,9.839970,790
509551.028800,6944434.325000,10.058040,790
509551.378100,6944434.389000,10.109859,790
509551.520600,6944434.415000,10.133332,790
509552.012500,6944434.504000,10.214428,790
509552.504400,6944434.594000,10.295625,790
509552.996300,6944434.684000,10.376820,790
509553.488200,6944434.774000,10.459796,790
509553.980100,6944434.863000,10.542600,790
509554.364800,6944434.933000,10.607746,790
509554.471900,6944434.953000,10.630741,790
509554.963800,6944435.043000,10.735042,790
509555.455700,6944435.132000,10.842230,790
509555.947600,6944435.222000,10.949705,790
509556.439500,6944435.312000,11.057997,790
509556.656800,6944435.352000,11.105634,790
509556.931300,6944435.402000,11.166068,790
509557.423200,6944435.491000,11.277699,790
509557.915100,6944435.581000,11.379113,790
509558.407000,6944435.671000,11.496036,790
509558.898900,6944435.761000,11.597011,790
509558.927300,6944435.766000,11.603521,790
509559.390700,6944435.850000,11.743306,790
509559.882600,6944435.940000,11.870755,790
509560.374500,6944436.030000,11.997797,790
509560.754900,6944436.099000,12.101408,790
509560.866400,6944436.120000,12.133017,790
509561.358300,6944436.209000,12.265789,790
509561.850200,6944436.299000,12.360558,790
509562.342000,6944436.389000,12.455723,790
509562.833900,6944436.478000,12.553121,790
509563.073400,6944436.522000,12.599296,790
509563.325800,6944436.568000,12.650914,790
509504.300000,6944425.800000,11.520746,795
509504.791900,6944425.890000,11.520370,795
509505.283800,6944425.979000,11.519995,795
509505.775600,6944426.069000,11.519619,795
509506.267500,6944426.159000,11.519243,795
509506.759400,6944426.249000,11.498963,795
509507.251300,6944426.338000,11.475290,795
509507.743200,6944426.428000,11.451437,795
509508.235100,6944426.518000,11.427453,795
509508.726900,6944426.608000,11.356221,795
509509.218800,6944426.697000,11.265439,795
509509.710700,6944426.787000,11.173931,795
509510.081600,6944426.855000,11.105634,795
509510.202600,6944426.877000,11.082760,795
509510.694500,6944426.967000,10.929121,795
509511.186300,6944427.056000,10.731235,795
509511.484100,6944427.111000,10.607746,795
509511.678200,6944427.146000,10.530237,795
509512.170100,6944427.236000,10.337377,795
509512.640800,6944427.322000,10.109859,795
509512.662000,6944427.325000,10.100127,795
509513.153900,6944427.415000,9.857300,795
509513.591900,6944427.495000,9.611972,795
509513.645800,6944427.505000,9.584779,795
509514.137600,6944427.595000,9.355449,795
509514.607100,6944427.680000,9.114085,795
509514.629500,6944427.684000,9.104951,795
509515.121400,6944427.774000,8.962216,795
509515.613300,6944427.864000,8.802728,795
509516.105200,6944427.954000,8.643950,795
509516.204000,6944427.972000,8.616197,795
509516.597000,6944428.043000,8.508742,795
509517.088900,6944428.133000,8.453235,795
509517.580800,6944428.223000,8.396248,795
509518.072700,6944428.313000,8.340950,795
509518.564600,6944428.402000,8.289231,795
509519.056500,6944428.492000,8.303680,795
509519.548300,6944428.582000,8.319205,795
509520.040200,6944428.672000,8.334725,795
509520.532100,6944428.761000,8.350240,795
509521.024000,6944428.851000,8.379383,795
509521.515900,6944428.941000,8.410828,795
509522.007700,6944429.030000,8.442827,795
509522.499600,6944429.120000,8.472912,795
509522.991500,6944429.210000,8.497064,795
509523.483400,6944429.300000,8.520305,795
509523.975300,6944429.389000,8.543558,795
509524.467100,6944429.479000,8.566819,795
509524.959000,6944429.569000,8.585217,795
509525.450900,6944429.659000,8.600590,795
509525.942800,6944429.748000,8.615844,795
509525.953900,6944429.750000,8.616197,795
509526.434700,6944429.838000,8.631386,795
509526.926600,6944429.928000,8.644954,795
509527.418400,6944430.018000,8.656419,795
509527.910300,6944430.107000,8.667862,795
509528.402200,6944430.197000,8.679285,795
509528.894100,6944430.287000,8.690016,795
509529.386000,6944430.376000,8.699456,795
509529.877800,6944430.466000,8.708885,795
509530.369700,6944430.556000,8.718301,795
509530.861600,6944430.646000,8.727404,795
509531.353500,6944430.735000,8.735341,795
509531.845400,6944430.825000,8.743271,795
509532.337300,6944430.915000,8.751194,795
509532.829100,6944431.005000,8.759035,795
509533.321000,6944431.094000,8.765861,795
509533.812900,6944431.184000,8.772683,795
509534.304800,6944431.274000,8.779501,795
509534.796700,6944431.364000,8.786316,795
509535.288500,6944431.453000,8.792440,795
509535.780400,6944431.543000,8.798511,795
509536.272300,6944431.633000,8.804580,795
509536.764200,6944431.723000,8.810648,795
509537.256100,6944431.812000,8.816492,795
509537.748000,6944431.902000,8.822276,795
509538.239800,6944431.992000,8.828058,795
509538.731700,6944432.081000,8.833840,795
509539.223600,6944432.171000,8.841034,795
509539.715500,6944432.261000,8.848947,795
509540.207400,6944432.351000,8.856825,795
509540.699200,6944432.440000,8.864664,795
509541.191100,6944432.530000,8.877550,795
509542.666800,6944432.799000,8.930457,795
509543.158700,6944432.889000,8.954789,795
509543.650500,6944432.979000,8.990110,795
509544.142400,6944433.069000,9.024976,795
509544.634300,6944433.158000,9.060101,795
509545.126200,6944433.248000,9.099155,795
509545.273100,6944433.275000,9.114085,795
509545.618100,6944433.338000,9.157202,795
509546.109900,6944433.427000,9.218997,795
509546.601800,6944433.517000,9.280885,795
509547.093700,6944433.607000,9.343599,795
509547.585600,6944433.697000,9.411925,795
509548.077500,6944433.786000,9.480358,795
509548.569400,6944433.876000,9.548792,795
509549.024300,6944433.959000,9.611972,795
509549.061200,6944433.966000,9.617412,795
509549.553100,6944434.056000,9.689692,795
509551.028800,6944434.325000,9.906526,795
509551.520600,6944434.415000,9.979093,795
509552.012500,6944434.504000,10.051720,795
509552.406500,6944434.576000,10.109859,795
509552.504400,6944434.594000,10.125940,795
509552.996300,6944434.684000,10.206579,795
509553.488200,6944434.774000,10.288424,795
509553.980100,6944434.863000,10.370489,795
509554.471900,6944434.953000,10.453004,795
509554.963800,6944435.043000,10.534705,795
509555.394800,6944435.121000,10.607746,795
509555.455700,6944435.132000,10.620924,795
509555.947600,6944435.222000,10.725624,795
509556.439500,6944435.312000,10.831789,795
509556.931300,6944435.402000,10.938179,795
509557.423200,6944435.491000,11.043976,795
509557.714200,6944435.544000,11.105634,795
509557.915100,6944435.581000,11.148362,795
509558.407000,6944435.671000,11.256280,795
509558.898900,6944435.761000,11.358682,795
509559.390700,6944435.850000,11.467028,795
509559.882600,6944435.940000,11.559886,795
509560.148100,6944435.989000,11.603521,795
509560.374500,6944436.030000,11.654933,795
509560.866400,6944436.120000,11.798703,795
509561.358300,6944436.209000,11.912942,795
509561.850200,6944436.299000,11.993793,795
509562.342000,6944436.389000,12.080181,795
509562.469000,6944436.412000,12.101408,795
509562.833900,6944436.478000,12.167511,795
509563.325800,6944436.568000,12.256866,795
509504.300000,6944425.800000,11.283041,800
509504.791900,6944425.890000,11.280966,800
509505.283800,6944425.979000,11.278891,800
509505.775600,6944426.069000,11.276814,800
509506.267500,6944426.159000,11.274737,800
509506.759400,6944426.249000,11.249758,800
509507.251300,6944426.338000,11.221037,800
509507.743200,6944426.428000,11.192282,800
509508.235100,6944426.518000,11.163540,800
509508.583500,6944426.581000,11.105634,800
509508.726900,6944426.608000,11.081319,800
509509.218800,6944426.697000,10.980158,800
509509.710700,6944426.787000,10.876011,800
509510.202600,6944426.877000,10.773318,800
509510.694500,6944426.967000,10.612128,800
509510.705100,6944426.969000,10.607746,800
509511.186300,6944427.056000,10.413184,800
509511.678200,6944427.146000,10.214162,800
509511.932200,6944427.192000,10.109859,800
509512.170100,6944427.236000,10.014203,800
509512.662000,6944427.325000,9.787570,800
509512.992900,6944427.386000,9.611972,800
509513.153900,6944427.415000,9.529625,800
509513.645800,6944427.505000,9.280368,800
509513.969400,6944427.564000,9.114085,800
509514.137600,6944427.595000,9.039233,800
509514.629500,6944427.684000,8.837769,800
509515.121400,6944427.774000,8.676143,800
509515.299200,6944427.807000,8.616197,800
509515.613300,6944427.864000,8.514053,800
509516.105200,6944427.954000,8.351265,800
509516.597000,6944428.043000,8.210507,800
509517.088900,6944428.133000,8.149851,800
509517.336900,6944428.178000,8.118310,800
509517.580800,6944428.223000,8.095450,800
509518.072700,6944428.313000,8.053363,800
509518.564600,6944428.402000,8.014252,800
509519.056500,6944428.492000,8.027324,800
509519.548300,6944428.582000,8.041410,800
509520.040200,6944428.672000,8.055589,800
509520.532100,6944428.761000,8.069879,800
509521.024000,6944428.851000,8.096696,800
509521.378200,6944428.916000,8.118310,800
509521.515900,6944428.941000,8.129338,800
509522.007700,6944429.030000,8.171332,800
509522.499600,6944429.120000,8.208657,800
509522.991500,6944429.210000,8.238634,800
509523.483400,6944429.300000,8.269134,800
509523.975300,6944429.389000,8.299605,800
509524.467100,6944429.479000,8.329970,800
509524.959000,6944429.569000,8.355073,800
509525.450900,6944429.659000,8.377266,800
509525.942800,6944429.748000,8.398274,800
509526.434700,6944429.838000,8.418821,800
509526.926600,6944429.928000,8.437399,800
509528.402200,6944430.197000,8.485860,800
509528.894100,6944430.287000,8.501152,800
509529.386000,6944430.376000,8.514634,800
509529.877800,6944430.466000,8.527905,800
509530.369700,6944430.556000,8.541234,800
509530.861600,6944430.646000,8.554118,800
509532.337300,6944430.915000,8.587932,800
509532.829100,6944431.005000,8.599096,800
509533.321000,6944431.094000,8.608769,800
509533.697300,6944431.163000,8.616197,800
509533.812900,6944431.184000,8.618448,800
509534.304800,6944431.274000,8.628155,800
509534.796700,6944431.364000,8.637856,800
509535.288500,6944431.453000,8.646463,800
509535.780400,6944431.543000,8.654985,800
509536.272300,6944431.633000,8.663504,800
509536.764200,6944431.723000,8.672019,800
509537.256100,6944431.812000,8.679995,800
509537.748000,6944431.902000,8.687828,800
509538.239800,6944431.992000,8.695660,800
509538.731700,6944432.081000,8.703489,800
509539.223600,6944432.171000,8.712464,800
509539.715500,6944432.261000,8.722029,800
509540.207400,6944432.351000,8.731575,800
509540.699200,6944432.440000,8.741097,800
509541.191100,6944432.530000,8.755407,800
509542.666800,6944432.799000,8.811817,800
509543.158700,6944432.889000,8.837122,800
509543.650500,6944432.979000,8.873094,800
509544.142400,6944433.069000,8.908753,800
509544.634300,6944433.158000,8.944588,800
509545.126200,6944433.248000,8.984183,800
509545.618100,6944433.338000,9.034439,800
509546.109900,6944433.427000,9.084715,800
509546.397400,6944433.480000,9.114085,800
509546.601800,6944433.517000,9.139862,800
509547.093700,6944433.607000,9.202833,800
509547.585600,6944433.697000,9.270890,800
509548.077500,6944433.786000,9.339130,800
509548.569400,6944433.876000,9.407456,800
509549.061200,6944433.966000,9.475807,800
509549.553100,6944434.056000,9.543538,800
509550.045000,6944434.145000,9.611320,800
509550.049700,6944434.146000,9.611972,800
509550.536900,6944434.235000,9.683147,800
509551.028800,6944434.325000,9.755013,800
509551.520600,6944434.415000,9.827130,800
509552.996300,6944434.684000,10.043639,800
509553.444600,6944434.766000,10.109859,800
509553.488200,6944434.774000,10.117052,800
509553.980100,6944434.863000,10.198379,800
509554.471900,6944434.953000,10.280021,800
509554.963800,6944435.043000,10.361308,800
509555.455700,6944435.132000,10.443478,800
509555.947600,6944435.222000,10.524597,800
509556.439500,6944435.312000,10.606059,800
509556.449700,6944435.314000,10.607746,800
509556.931300,6944435.402000,10.710048,800
509557.423200,6944435.491000,10.814044,800
509557.915100,6944435.581000,10.915699,800
509558.407000,6944435.671000,11.017933,800
509558.828800,6944435.748000,11.105634,800
509558.898900,6944435.761000,11.120352,800
509559.390700,6944435.850000,11.221288,800
509559.882600,6944435.940000,11.311650,800
509560.374500,6944436.030000,11.394964,800
509560.866400,6944436.120000,11.497227,800
509561.358300,6944436.209000,11.578265,800
509561.616700,6944436.256000,11.603521,800
509561.850200,6944436.299000,11.635232,800
509562.342000,6944436.389000,11.724245,800
509562.833900,6944436.478000,11.809382,800
509563.325800,6944436.568000,11.884759,800
509504.300000,6944425.800000,11.045683,805
509506.267500,6944426.159000,11.030706,805
509506.759400,6944426.249000,11.001383,805
509507.251300,6944426.338000,10.967955,805
509507.743200,6944426.428000,10.934526,805
509508.235100,6944426.518000,10.901051,805
509508.726900,6944426.608000,10.812115,805
509509.218800,6944426.697000,10.699208,805
509509.598200,6944426.767000,10.607746,805
509509.710700,6944426.787000,10.583316,805
509510.202600,6944426.877000,10.485469,805
509510.694500,6944426.967000,10.324624,805
509511.169100,6944427.053000,10.109859,805
509511.186300,6944427.056000,10.102679,805
509511.678200,6944427.146000,9.911211,805
509512.170100,6944427.236000,9.704780,805
509512.370000,6944427.272000,9.611972,805
509512.662000,6944427.325000,9.482354,805
509513.153900,6944427.415000,9.228365,805
509513.377800,6944427.456000,9.114085,805
509513.645800,6944427.505000,8.996501,805
509514.137600,6944427.595000,8.775612,805
509514.521200,6944427.665000,8.616197,805
509514.629500,6944427.684000,8.571326,805
509515.121400,6944427.774000,8.406271,805
509515.613300,6944427.864000,8.238134,805
509515.949900,6944427.925000,8.118310,805
509516.105200,6944427.954000,8.075300,805
509516.597000,6944428.043000,7.964453,805
509517.088900,6944428.133000,7.918153,805
509517.580800,6944428.223000,7.871842,805
509518.072700,6944428.313000,7.827790,805
509518.564600,6944428.402000,7.786227,805
509519.056500,6944428.492000,7.802101,805
509519.548300,6944428.582000,7.818371,805
509520.040200,6944428.672000,7.834657,805
509520.532100,6944428.761000,7.850978,805
509521.024000,6944428.851000,7.882251,805
509521.515900,6944428.941000,7.916077,805
509522.007700,6944429.030000,7.951385,805
509522.499600,6944429.120000,7.984674,805
509522.991500,6944429.210000,8.012779,805
509523.483400,6944429.300000,8.041318,805
509523.975300,6944429.389000,8.069998,805
509524.467100,6944429.479000,8.098785,805
509524.854300,6944429.550000,8.118310,805
509524.959000,6944429.569000,8.124929,805
509525.450900,6944429.659000,8.153942,805
509525.942800,6944429.748000,8.180704,805
509526.434700,6944429.838000,8.206482,805
509526.926600,6944429.928000,8.230204,805
509528.402200,6944430.197000,8.293054,805
509528.894100,6944430.287000,8.313014,805
509529.386000,6944430.376000,8.330672,805
509529.877800,6944430.466000,8.347742,805
509530.369700,6944430.556000,8.364959,805
509530.861600,6944430.646000,8.381546,805
509532.337300,6944430.915000,8.425346,805
509532.829100,6944431.005000,8.439833,805
509533.321000,6944431.094000,8.452354,805
509533.812900,6944431.184000,8.464864,805
509534.304800,6944431.274000,8.477344,805
509534.796700,6944431.364000,8.489803,805
509535.288500,6944431.453000,8.500824,805
509536.272300,6944431.633000,8.522656,805
509536.764200,6944431.723000,8.533572,805
509537.256100,6944431.812000,8.543645,805
509538.731700,6944432.081000,8.573207,805
509539.223600,6944432.171000,8.583940,805
509540.207400,6944432.351000,8.606333,805
509540.640000,6944432.430000,8.616197,805
509540.699200,6944432.440000,8.617530,805
509541.191100,6944432.530000,8.633264,805
509542.666800,6944432.799000,8.693177,805
509543.158700,6944432.889000,8.719455,805
509543.650500,6944432.979000,8.756079,805
509544.142400,6944433.069000,8.792529,805
509544.634300,6944433.158000,8.829075,805
509545.126200,6944433.248000,8.869211,805
509545.618100,6944433.338000,8.919842,805
509546.109900,6944433.427000,8.970483,805
509546.601800,6944433.517000,9.021045,805
509547.093700,6944433.607000,9.072132,805
509547.471300,6944433.676000,9.114085,805
509547.585600,6944433.697000,9.129855,805
509548.077500,6944433.786000,9.197902,805
509548.569400,6944433.876000,9.266120,805
509549.061200,6944433.966000,9.334512,805
509549.553100,6944434.056000,9.401801,805
509550.045000,6944434.145000,9.469231,805
509550.536900,6944434.235000,9.536719,805
509551.028800,6944434.325000,9.604008,805
509551.087100,6944434.335000,9.611972,805
509551.520600,6944434.415000,9.675167,805
509552.996300,6944434.684000,9.890304,805
509553.488200,6944434.774000,9.962502,805
509554.471900,6944434.953000,10.107336,805
509554.489100,6944434.956000,10.109859,805
509554.963800,6944435.043000,10.187911,805
509555.455700,6944435.132000,10.268810,805
509555.947600,6944435.222000,10.349160,805
509556.439500,6944435.312000,10.429772,805
509556.931300,6944435.402000,10.510151,805
509557.423200,6944435.491000,10.589433,805
509557.542500,6944435.513000,10.607746,805
509557.915100,6944435.581000,10.682603,805
509558.407000,6944435.671000,10.781968,805
509558.898900,6944435.761000,10.882607,805
509559.390700,6944435.850000,10.978265,805
509559.882600,6944435.940000,11.064130,805
509560.122100,6944435.984000,11.105634,805
509560.374500,6944436.030000,11.149619,805
509560.866400,6944436.120000,11.239451,805
509561.358300,6944436.209000,11.320342,805
509561.850200,6944436.299000,11.369842,805
509562.342000,6944436.389000,11.428987,805
509562.833900,6944436.478000,11.490331,805
509563.325800,6944436.568000,11.544057,805
509504.300000,6944425.800000,10.809343,810
509506.267500,6944426.159000,10.787742,810
509506.759400,6944426.249000,10.754148,810
509507.251300,6944426.338000,10.715845,810
509507.743200,6944426.428000,10.677472,810
509508.235100,6944426.518000,10.638963,810
509508.397800,6944426.548000,10.607746,810
509508.726900,6944426.608000,10.550321,810
509509.218800,6944426.697000,10.441025,810
509509.710700,6944426.787000,10.330184,810
509510.202600,6944426.877000,10.222470,810
509510.512300,6944426.933000,10.109859,810
509510.694500,6944426.967000,10.046982,810
509511.186300,6944427.056000,9.838978,810
509511.678200,6944427.146000,9.614723,810
509511.684700,6944427.147000,9.611972,810
509512.170100,6944427.236000,9.423635,810
509512.662000,6944427.325000,9.186548,810
509512.801200,6944427.351000,9.114085,810
509513.153900,6944427.415000,8.962865,810
509513.645800,6944427.505000,8.737364,810
509513.912300,6944427.554000,8.616197,810
509514.137600,6944427.595000,8.516935,810
509514.629500,6944427.684000,8.308475,810
509515.121400,6944427.774000,8.140694,810
509515.185200,6944427.786000,8.118310,810
509515.613300,6944427.864000,7.998382,810
509516.105200,6944427.954000,7.860612,810
509516.597000,6944428.043000,7.741749,810
509517.088900,6944428.133000,7.694773,810
509517.580800,6944428.223000,7.648234,810
509517.879100,6944428.277000,7.620423,810
509518.072700,6944428.313000,7.603934,810
509518.564600,6944428.402000,7.564257,810
509520.040200,6944428.672000,7.614334,810
509520.218700,6944428.704000,7.620423,810
509520.532100,6944428.761000,7.632077,810
509521.024000,6944428.851000,7.667807,810
509521.515900,6944428.941000,7.705598,810
509522.007700,6944429.030000,7.743947,810
509522.499600,6944429.120000,7.781612,810
509522.991500,6944429.210000,7.815306,810
509523.483400,6944429.300000,7.848606,810
509523.975300,6944429.389000,7.881897,810
509524.467100,6944429.479000,7.915189,810
509524.959000,6944429.569000,7.943868,810
509525.450900,6944429.659000,7.970249,810
509525.942800,6944429.748000,7.995508,810
509526.434700,6944429.838000,8.020095,810
509526.926600,6944429.928000,8.042752,810
509527.418400,6944430.018000,8.062996,810
509527.910300,6944430.107000,8.083345,810
509528.402200,6944430.197000,8.103833,810
509528.760600,6944430.262000,8.118310,810
509528.894100,6944430.287000,8.124875,810
509529.386000,6944430.376000,8.146709,810
509529.877800,6944430.466000,8.167579,810
509530.369700,6944430.556000,8.188685,810
509530.861600,6944430.646000,8.208975,810
509532.337300,6944430.915000,8.262760,810
509532.829100,6944431.005000,8.280570,810
509533.321000,6944431.094000,8.295940,810
509533.812900,6944431.184000,8.311288,810
509534.304800,6944431.274000,8.326579,810
509534.796700,6944431.364000,8.341819,810
509535.288500,6944431.453000,8.355274,810
509536.272300,6944431.633000,8.381924,810
509536.764200,6944431.723000,8.395249,810
509537.256100,6944431.812000,8.407426,810
509538.731700,6944432.081000,8.443062,810
509539.223600,6944432.171000,8.455554,810
509540.207400,6944432.351000,8.481185,810
509540.699200,6944432.440000,8.494004,810
509541.191100,6944432.530000,8.511121,810
509542.666800,6944432.799000,8.574538,810
509543.158700,6944432.889000,8.601790,810
509543.348200,6944432.924000,8.616197,810
509543.650500,6944432.979000,8.639063,810
509544.142400,6944433.069000,8.676305,810
509544.634300,6944433.158000,8.713562,810
509545.126200,6944433.248000,8.754239,810
509545.618100,6944433.338000,8.805246,810
509546.109900,6944433.427000,8.856251,810
509546.601800,6944433.517000,8.907196,810
509547.093700,6944433.607000,8.958605,810
509547.585600,6944433.697000,9.013366,810
509548.077500,6944433.786000,9.068049,810
509548.492100,6944433.862000,9.114085,810
509548.569400,6944433.876000,9.124785,810
509549.061200,6944433.966000,9.193218,810
509549.553100,6944434.056000,9.260064,810
509550.045000,6944434.145000,9.327143,810
509550.536900,6944434.235000,9.394453,810
509551.028800,6944434.325000,9.461596,810
509551.520600,6944434.415000,9.528600,810
509552.012500,6944434.504000,9.595513,810
509552.133700,6944434.526000,9.611972,810
509552.504400,6944434.594000,9.665713,810
509552.996300,6944434.684000,9.736968,810
509553.488200,6944434.774000,9.808689,810
509554.963800,6944435.043000,10.024480,810
509555.455700,6944435.132000,10.095840,810
509555.553200,6944435.150000,10.109859,810
509555.947600,6944435.222000,10.173723,810
509556.439500,6944435.312000,10.253486,810
509556.931300,6944435.402000,10.333209,810
509557.423200,6944435.491000,10.411259,810
509557.915100,6944435.581000,10.485957,810
509558.407000,6944435.671000,10.560526,810
509558.714900,6944435.727000,10.607746,810
509558.898900,6944435.761000,10.644900,810
509559.390700,6944435.850000,10.737656,810
509559.882600,6944435.940000,10.820104,810
509560.374500,6944436.030000,10.902953,810
509560.866400,6944436.120000,10.984711,810
509561.358300,6944436.209000,11.063040,810
509561.774100,6944436.285000,11.105634,810
509561.850200,6944436.299000,11.113492,810
509562.342000,6944436.389000,11.164873,810
509562.833900,6944436.478000,11.218177,810
509563.325800,6944436.568000,11.269786,810
509504.300000,6944425.800000,10.576953,815
509504.791900,6944425.890000,10.570752,815
509505.283800,6944425.979000,10.564565,815
509505.775600,6944426.069000,10.558392,815
509506.267500,6944426.159000,10.552231,815
509506.759400,6944426.249000,10.518971,815
509507.251300,6944426.338000,10.481228,815
509507.743200,6944426.428000,10.443487,815
509508.235100,6944426.518000,10.405679,815
509508.726900,6944426.608000,10.311885,815
509509.218800,6944426.697000,10.193830,815
509509.574900,6944426.762000,10.109859,815
509509.710700,6944426.787000,10.079207,815
509510.202600,6944426.877000,9.970039,815
509510.694500,6944426.967000,9.797398,815
509511.108700,6944427.042000,9.611972,815
509511.186300,6944427.056000,9.578432,815
509511.678200,6944427.146000,9.368669,815
509512.170100,6944427.236000,9.154606,815
509512.251900,6944427.251000,9.114085,815
509512.662000,6944427.325000,8.945217,815
509513.153900,6944427.415000,8.719222,815
509513.371600,6944427.455000,8.616197,815
509513.645800,6944427.505000,8.493192,815
509514.137600,6944427.595000,8.265819,815
509514.472100,6944427.656000,8.118310,815
509514.629500,6944427.684000,8.062966,815
509515.121400,6944427.774000,7.927841,815
509515.613300,6944427.864000,7.786393,815
509516.105200,6944427.954000,7.645925,815
509516.207000,6944427.972000,7.620423,815
509516.597000,6944428.043000,7.529693,815
509517.088900,6944428.133000,7.486343,815
509518.072700,6944428.313000,7.399643,815
509518.564600,6944428.402000,7.358421,815
509520.532100,6944428.761000,7.431854,815
509521.024000,6944428.851000,7.467935,815
509522.499600,6944429.120000,7.582311,815
509522.991500,6944429.210000,7.618048,815
509523.024200,6944429.216000,7.620423,815
509523.483400,6944429.300000,7.655893,815
509523.975300,6944429.389000,7.693796,815
509524.467100,6944429.479000,7.731593,815
509524.959000,6944429.569000,7.764261,815
509525.450900,6944429.659000,7.794079,815
509525.942800,6944429.748000,7.823330,815
509526.434700,6944429.838000,7.852136,815
509526.926600,6944429.928000,7.878482,815
509527.418400,6944430.018000,7.902036,815
509527.910300,6944430.107000,7.925631,815
509528.402200,6944430.197000,7.949300,815
509528.894100,6944430.287000,7.971993,815
509529.386000,6944430.376000,7.992367,815
509529.877800,6944430.466000,8.012191,815
509530.369700,6944430.556000,8.032223,815
509530.861600,6944430.646000,8.051586,815
509531.353500,6944430.735000,8.068797,815
509531.845400,6944430.825000,8.086071,815
509532.337300,6944430.915000,8.103425,815
509532.758100,6944430.992000,8.118310,815
509532.829100,6944431.005000,8.121307,815
509533.321000,6944431.094000,8.139526,815
509533.812900,6944431.184000,8.157713,815
509534.304800,6944431.274000,8.175814,815
509534.796700,6944431.364000,8.193836,815
509535.288500,6944431.453000,8.209724,815
509536.272300,6944431.633000,8.241192,815
509536.764200,6944431.723000,8.256926,815
509537.256100,6944431.812000,8.271207,815
509538.731700,6944432.081000,8.312917,815
509539.223600,6944432.171000,8.327168,815
509540.207400,6944432.351000,8.356037,815
509540.699200,6944432.440000,8.370479,815
509541.191100,6944432.530000,8.388978,815
509542.666800,6944432.799000,8.455898,815
509543.158700,6944432.889000,8.484145,815
509544.142400,6944433.069000,8.560081,815
509544.634300,6944433.158000,8.598052,815
509544.850300,6944433.198000,8.616197,815
509545.126200,6944433.248000,8.639267,815
509545.618100,6944433.338000,8.690650,815
509546.109900,6944433.427000,8.742019,815
509546.601800,6944433.517000,8.793346,815
509547.093700,6944433.607000,8.845078,815
509547.585600,6944433.697000,8.899967,815
509548.077500,6944433.786000,8.954803,815
509548.569400,6944433.876000,9.009571,815
509549.061200,6944433.966000,9.064405,815
509549.521800,6944434.050000,9.114085,815
509549.553100,6944434.056000,9.118327,815
509550.045000,6944434.145000,9.185054,815
509550.536900,6944434.235000,9.252188,815
509551.028800,6944434.325000,9.319185,815
509551.520600,6944434.415000,9.385874,815
509552.012500,6944434.504000,9.452269,815
509552.504400,6944434.594000,9.518902,815
509552.996300,6944434.684000,9.585421,815
509553.192300,6944434.720000,9.611972,815
509553.488200,6944434.774000,9.654876,815
509554.963800,6944435.043000,9.869207,815
509555.455700,6944435.132000,9.940048,815
509555.947600,6944435.222000,10.010423,815
509556.439500,6944435.312000,10.080791,815
509556.643100,6944435.349000,10.109859,815
509556.931300,6944435.402000,10.156267,815
509557.423200,6944435.491000,10.233086,815
509557.915100,6944435.581000,10.306554,815
509558.407000,6944435.671000,10.380064,815
509558.898900,6944435.761000,10.454337,815
509559.390700,6944435.850000,10.523647,815
509559.882600,6944435.940000,10.583771,815
509560.078900,6944435.976000,10.607746,815
509560.374500,6944436.030000,10.655998,815
509560.866400,6944436.120000,10.733250,815
509561.358300,6944436.209000,10.808824,815
509561.850200,6944436.299000,10.856307,815
509562.342000,6944436.389000,10.904730,815
509562.833900,6944436.478000,10.951378,815
509563.325800,6944436.568000,10.998758,815
509504.300000,6944425.800000,10.367487,820
509504.791900,6944425.890000,10.360117,820
509505.283800,6944425.979000,10.352752,820
509505.775600,6944426.069000,10.345388,820
509506.267500,6944426.159000,10.338026,820
509506.759400,6944426.249000,10.301303,820
509507.251300,6944426.338000,10.259742,820
509507.743200,6944426.428000,10.218089,820
509508.235100,6944426.518000,10.176289,820
509508.557100,6944426.577000,10.109859,820
509508.726900,6944426.608000,10.076299,820
509509.218800,6944426.697000,9.959423,820
509509.710700,6944426.787000,9.842707,820
509510.202600,6944426.877000,9.725523,820
509510.519200,6944426.935000,9.611972,820
509510.694500,6944426.967000,9.550525,820
509511.186300,6944427.056000,9.337402,820
509511.678200,6944427.146000,9.123087,820
509511.698600,6944427.150000,9.114085,820
509512.170100,6944427.236000,8.929340,820
509512.662000,6944427.325000,8.721559,820
509512.883000,6944427.366000,8.616197,820
509513.153900,6944427.415000,8.489504,820
509513.645800,6944427.505000,8.262162,820
509513.941600,6944427.559000,8.118310,820
509514.137600,6944427.595000,8.039161,820
509514.629500,6944427.684000,7.862825,820
509515.121400,6944427.774000,7.719842,820
509515.459700,6944427.836000,7.620423,820
509515.613300,6944427.864000,7.578943,820
509516.105200,6944427.954000,7.447779,820
509516.597000,6944428.043000,7.330380,820
509517.088900,6944428.133000,7.285371,820
509518.072700,6944428.313000,7.195352,820
509518.564600,6944428.402000,7.152585,820
509520.532100,6944428.761000,7.232683,820
509521.024000,6944428.851000,7.272197,820
509522.499600,6944429.120000,7.397487,820
509522.991500,6944429.210000,7.437044,820
509524.467100,6944429.479000,7.553611,820
509524.959000,6944429.569000,7.587405,820
509525.450900,6944429.659000,7.618105,820
509525.487300,6944429.665000,7.620423,820
509525.942800,6944429.748000,7.651151,820
509526.434700,6944429.838000,7.684177,820
509526.926600,6944429.928000,7.714211,820
509527.418400,6944430.018000,7.741077,820
509527.910300,6944430.107000,7.767918,820
509528.402200,6944430.197000,7.794768,820
509528.894100,6944430.287000,7.820386,820
509529.386000,6944430.376000,7.843433,820
509529.877800,6944430.466000,7.866128,820
509530.369700,6944430.556000,7.888928,820
509530.861600,6944430.646000,7.911003,820
509531.353500,6944430.735000,7.930629,820
509531.845400,6944430.825000,7.950284,820
509532.337300,6944430.915000,7.969986,820
509532.829100,6944431.005000,7.989618,820
509533.321000,6944431.094000,8.006736,820
509533.812900,6944431.184000,8.023877,820
509534.304800,6944431.274000,8.041005,820
509534.796700,6944431.364000,8.058122,820
509535.288500,6944431.453000,8.073272,820
509535.780400,6944431.543000,8.088315,820
509536.272300,6944431.633000,8.103406,820
509536.756100,6944431.721000,8.118310,820
509536.764200,6944431.723000,8.118604,820
509537.256100,6944431.812000,8.134988,820
509538.731700,6944432.081000,8.182772,820
509539.223600,6944432.171000,8.198782,820
509540.207400,6944432.351000,8.230890,820
509540.699200,6944432.440000,8.246953,820
509541.191100,6944432.530000,8.266835,820
509542.666800,6944432.799000,8.337258,820
509543.158700,6944432.889000,8.366499,820
509544.142400,6944433.069000,8.443857,820
509544.634300,6944433.158000,8.482555,820
509545.126200,6944433.248000,8.524361,820
509545.618100,6944433.338000,8.576072,820
509545.999500,6944433.407000,8.616197,820
509546.109900,6944433.427000,8.627788,820
509546.601800,6944433.517000,8.679496,820
509547.093700,6944433.607000,8.731550,820
509547.585600,6944433.697000,8.786568,820
509548.077500,6944433.786000,8.841557,820
509548.569400,6944433.876000,8.896497,820
509549.061200,6944433.966000,8.951480,820
509549.553100,6944434.056000,9.004615,820
509550.045000,6944434.145000,9.057646,820
509550.536900,6944434.235000,9.110787,820
509550.567500,6944434.241000,9.114085,820
509551.028800,6944434.325000,9.176773,820
509551.520600,6944434.415000,9.243149,820
509552.012500,6944434.504000,9.309025,820
509552.504400,6944434.594000,9.375378,820
509552.996300,6944434.684000,9.441763,820
509553.488200,6944434.774000,9.508103,820
509553.980100,6944434.863000,9.574558,820
509554.257400,6944434.914000,9.611972,820
509554.471900,6944434.953000,9.642977,820
509554.963800,6944435.043000,9.713934,820
509555.455700,6944435.132000,9.784255,820
509555.947600,6944435.222000,9.854072,820
509556.931300,6944435.402000,9.993697,820
509557.423200,6944435.491000,10.061107,820
509557.798000,6944435.560000,10.109859,820
509557.915100,6944435.581000,10.127151,820
509558.407000,6944435.671000,10.199602,820
509558.898900,6944435.761000,10.272507,820
509559.390700,6944435.850000,10.340853,820
509559.882600,6944435.940000,10.399018,820
509560.374500,6944436.030000,10.457561,820
509560.866400,6944436.120000,10.513909,820
509561.358300,6944436.209000,10.568291,820
509561.850200,6944436.299000,10.601347,820
509561.941900,6944436.316000,10.607746,820
509562.342000,6944436.389000,10.645735,820
509562.833900,6944436.478000,10.688354,820
509563.325800,6944436.568000,10.732564,820
509504.300000,6944425.800000,10.158020,825
509504.791900,6944425.890000,10.149483,825
509505.283800,6944425.979000,10.140938,825
509505.775600,6944426.069000,10.132385,825
509506.267500,6944426.159000,10.123821,825
509506.440200,6944426.190000,10.109859,825
509506.759400,6944426.249000,10.085285,825
509508.235100,6944426.518000,9.958033,825
509508.726900,6944426.608000,9.856528,825
509509.218800,6944426.697000,9.731594,825
509509.688900,6944426.783000,9.611972,825
509509.710700,6944426.787000,9.606690,825
509510.202600,6944426.877000,9.490880,825
509510.694500,6944426.967000,9.311486,825
509511.146100,6944427.049000,9.114085,825
509511.186300,6944427.056000,9.098978,825
509511.678200,6944427.146000,8.906767,825
509512.170100,6944427.236000,8.711833,825
509512.393400,6944427.276000,8.616197,825
509512.662000,6944427.325000,8.501112,825
509513.153900,6944427.415000,8.269989,825
509513.472000,6944427.473000,8.118310,825
509513.645800,6944427.505000,8.046879,825
509514.137600,6944427.595000,7.847326,825
509514.629500,6944427.684000,7.662685,825
509514.771200,6944427.710000,7.620423,825
509515.121400,6944427.774000,7.523352,825
509515.613300,6944427.864000,7.387863,825
509516.105200,6944427.954000,7.251862,825
509516.597000,6944428.043000,7.131068,825
509516.687600,6944428.060000,7.122535,825
509517.088900,6944428.133000,7.087682,825
509517.580800,6944428.223000,7.045052,825
509518.072700,6944428.313000,7.002429,825
509518.564600,6944428.402000,6.961952,825
509519.056500,6944428.492000,6.981724,825
509519.548300,6944428.582000,7.001387,825
509520.040200,6944428.672000,7.021107,825
509520.532100,6944428.761000,7.040851,825
509521.024000,6944428.851000,7.080296,825
509521.515900,6944428.941000,7.121916,825
509521.523000,6944428.942000,7.122535,825
509522.007700,6944429.030000,7.167261,825
509522.499600,6944429.120000,7.212662,825
509522.991500,6944429.210000,7.256040,825
509524.467100,6944429.479000,7.384244,825
509524.959000,6944429.569000,7.421608,825
509526.434700,6944429.838000,7.523852,825
509526.926600,6944429.928000,7.554981,825
509527.910300,6944430.107000,7.610911,825
509528.075400,6944430.137000,7.620423,825
509528.402200,6944430.197000,7.640235,825
509528.894100,6944430.287000,7.668779,825
509529.386000,6944430.376000,7.694498,825
509529.877800,6944430.466000,7.720066,825
509530.369700,6944430.556000,7.745633,825
509530.861600,6944430.646000,7.770419,825
509531.353500,6944430.735000,7.792461,825
509531.845400,6944430.825000,7.814497,825
509532.337300,6944430.915000,7.836546,825
509532.829100,6944431.005000,7.858458,825
509533.321000,6944431.094000,7.877654,825
509533.812900,6944431.184000,7.896853,825
509534.304800,6944431.274000,7.916034,825
509534.796700,6944431.364000,7.935199,825
509535.288500,6944431.453000,7.952183,825
509535.780400,6944431.543000,7.969027,825
509536.272300,6944431.633000,7.985900,825
509536.764200,6944431.723000,8.002813,825
509537.256100,6944431.812000,8.018147,825
509537.748000,6944431.902000,8.033082,825
509538.239800,6944431.992000,8.048044,825
509538.731700,6944432.081000,8.063040,825
509539.223600,6944432.171000,8.077953,825
509539.715500,6944432.261000,8.092822,825
509540.207400,6944432.351000,8.107709,825
509540.555600,6944432.414000,8.118310,825
509540.699200,6944432.440000,8.123428,825
509541.191100,6944432.530000,8.144692,825
509542.666800,6944432.799000,8.218618,825
509543.158700,6944432.889000,8.248854,825
509544.142400,6944433.069000,8.327633,825
509544.634300,6944433.158000,8.367059,825
509545.126200,6944433.248000,8.409470,825
509545.618100,6944433.338000,8.461529,825
509546.109900,6944433.427000,8.513612,825
509546.601800,6944433.517000,8.565658,825
509547.076500,6944433.604000,8.616197,825
509547.093700,6944433.607000,8.618023,825
509547.585600,6944433.697000,8.673169,825
509548.077500,6944433.786000,8.728311,825
509548.569400,6944433.876000,8.783423,825
509549.061200,6944433.966000,8.838556,825
509549.553100,6944434.056000,8.891768,825
509550.045000,6944434.145000,8.944887,825
509550.536900,6944434.235000,8.998092,825
509551.028800,6944434.325000,9.051068,825
509551.520600,6944434.415000,9.103310,825
509551.623700,6944434.433000,9.114085,825
509552.012500,6944434.504000,9.165780,825
509552.504400,6944434.594000,9.231855,825
509552.996300,6944434.684000,9.298104,825
509553.488200,6944434.774000,9.364053,825
509553.980100,6944434.863000,9.430061,825
509554.471900,6944434.953000,9.496170,825
509554.963800,6944435.043000,9.562194,825
509555.339800,6944435.111000,9.611972,825
509555.455700,6944435.132000,9.628462,825
509555.947600,6944435.222000,9.697721,825
509556.931300,6944435.402000,9.836237,825
509557.423200,6944435.491000,9.903022,825
509557.915100,6944435.581000,9.966337,825
509558.898900,6944435.761000,10.092948,825
509559.039400,6944435.786000,10.109859,825
509559.390700,6944435.850000,10.158060,825
509559.882600,6944435.940000,10.214265,825
509560.374500,6944436.030000,10.270906,825
509560.866400,6944436.120000,10.326573,825
509561.358300,6944436.209000,10.379539,825
509561.850200,6944436.299000,10.411050,825
509562.342000,6944436.389000,10.443607,825
509562.833900,6944436.478000,10.473875,825
509563.325800,6944436.568000,10.504698,825
509504.300000,6944425.800000,9.958106,830
509506.267500,6944426.159000,9.921925,830
509506.759400,6944426.249000,9.881311,830
509508.235100,6944426.518000,9.744314,830
509508.726900,6944426.608000,9.636757,830
509508.821300,6944426.625000,9.611972,830
509509.218800,6944426.697000,9.512163,830
509509.710700,6944426.787000,9.389959,830
509510.202600,6944426.877000,9.264797,830
509510.592600,6944426.948000,9.114085,830
509510.694500,6944426.967000,9.080883,830
509511.186300,6944427.056000,8.893410,830
509511.678200,6944427.146000,8.691561,830
509511.867400,6944427.181000,8.616197,830
509512.170100,6944427.236000,8.496951,830
509512.662000,6944427.325000,8.283524,830
509513.011600,6944427.389000,8.118310,830
509513.153900,6944427.415000,8.060627,830
509513.645800,6944427.505000,7.857582,830
509514.137600,6944427.595000,7.655490,830
509514.230200,6944427.612000,7.620423,830
509514.629500,6944427.684000,7.477230,830
509515.121400,6944427.774000,7.337401,830
509515.613300,6944427.864000,7.196783,830
509515.875700,6944427.912000,7.122535,830
509516.105200,6944427.954000,7.062526,830
509516.597000,6944428.043000,6.948113,830
509517.088900,6944428.133000,6.904013,830
509517.580800,6944428.223000,6.859915,830
509518.072700,6944428.313000,6.815803,830
509518.564600,6944428.402000,6.773917,830
509519.056500,6944428.492000,6.795154,830
509519.548300,6944428.582000,6.816100,830
509520.040200,6944428.672000,6.837114,830
509520.532100,6944428.761000,6.858100,830
509521.024000,6944428.851000,6.900858,830
509521.515900,6944428.941000,6.945619,830
509522.007700,6944429.030000,6.990258,830
509522.499600,6944429.120000,7.035135,830
509522.991500,6944429.210000,7.078709,830
509523.483400,6944429.300000,7.121717,830
509523.492500,6944429.301000,7.122535,830
509523.975300,6944429.389000,7.168264,830
509524.467100,6944429.479000,7.214878,830
509524.959000,6944429.569000,7.255812,830
509526.434700,6944429.838000,7.368198,830
509526.926600,6944429.928000,7.402457,830
509528.402200,6944430.197000,7.494936,830
509528.894100,6944430.287000,7.524245,830
509530.369700,6944430.556000,7.603527,830
509530.691100,6944430.615000,7.620423,830
509530.861600,6944430.646000,7.629835,830
509531.353500,6944430.735000,7.654293,830
509531.845400,6944430.825000,7.678710,830
509532.337300,6944430.915000,7.703106,830
509532.829100,6944431.005000,7.727298,830
509533.321000,6944431.094000,7.748571,830
509533.812900,6944431.184000,7.769830,830
509534.304800,6944431.274000,7.791064,830
509534.796700,6944431.364000,7.812275,830
509535.288500,6944431.453000,7.831094,830
509535.780400,6944431.543000,7.849739,830
509536.272300,6944431.633000,7.868394,830
509536.764200,6944431.723000,7.887071,830
509537.256100,6944431.812000,7.904009,830
509537.748000,6944431.902000,7.920498,830
509538.239800,6944431.992000,7.937003,830
509538.731700,6944432.081000,7.953529,830
509539.223600,6944432.171000,7.969817,830
509539.715500,6944432.261000,7.985978,830
509540.207400,6944432.351000,8.002152,830
509540.699200,6944432.440000,8.018350,830
509541.191100,6944432.530000,8.037437,830
509541.683000,6944432.620000,8.059232,830
509542.174900,6944432.710000,8.081029,830
509542.666800,6944432.799000,8.102827,830
509542.954500,6944432.852000,8.118310,830
509543.158700,6944432.889000,8.131208,830
509544.142400,6944433.069000,8.211409,830
509544.634300,6944433.158000,8.251562,830
509545.126200,6944433.248000,8.294580,830
509545.618100,6944433.338000,8.346986,830
509546.109900,6944433.427000,8.399444,830
509546.601800,6944433.517000,8.451834,830
509547.093700,6944433.607000,8.504499,830
509547.585600,6944433.697000,8.559782,830
509548.077500,6944433.786000,8.615066,830
509548.087500,6944433.788000,8.616197,830
509548.569400,6944433.876000,8.670348,830
509549.061200,6944433.966000,8.725631,830
509549.553100,6944434.056000,8.778922,830
509550.045000,6944434.145000,8.832129,830
509550.536900,6944434.235000,8.885396,830
509551.028800,6944434.325000,8.938501,830
509551.520600,6944434.415000,8.990743,830
509552.012500,6944434.504000,9.042236,830
509552.504400,6944434.594000,9.093928,830
509552.696100,6944434.629000,9.114085,830
509552.996300,6944434.684000,9.154446,830
509553.488200,6944434.774000,9.220004,830
509553.980100,6944434.863000,9.285565,830
509554.471900,6944434.953000,9.351362,830
509554.963800,6944435.043000,9.417212,830
509555.455700,6944435.132000,9.482005,830
509555.947600,6944435.222000,9.546138,830
509556.439500,6944435.312000,9.610202,830
509556.453100,6944435.314000,9.611972,830
509556.931300,6944435.402000,9.678777,830
509557.423200,6944435.491000,9.744936,830
509557.915100,6944435.581000,9.807507,830
509558.898900,6944435.761000,9.932639,830
509559.390700,6944435.850000,9.991222,830
509560.374500,6944436.030000,10.087475,830
509560.604000,6944436.072000,10.109859,830
509560.866400,6944436.120000,10.139236,830
509561.358300,6944436.209000,10.190787,830
509561.850200,6944436.299000,10.220753,830
509562.342000,6944436.389000,10.251255,830
509562.833900,6944436.478000,10.280846,830
509563.325800,6944436.568000,10.310670,830
509504.300000,6944425.800000,9.761043,835
509506.267500,6944426.159000,9.720888,835
509506.759400,6944426.249000,9.677336,835
509507.251300,6944426.338000,9.628423,835
509507.418400,6944426.369000,9.611972,835
509507.743200,6944426.428000,9.581233,835
509508.235100,6944426.518000,9.534791,835
509508.726900,6944426.608000,9.428927,835
509509.218800,6944426.697000,9.302015,835
509509.710700,6944426.787000,9.173228,835
509509.932100,6944426.827000,9.114085,835
509510.202600,6944426.877000,9.052515,835
509510.694500,6944426.967000,8.890278,835
509511.186300,6944427.056000,8.687843,835
509511.358100,6944427.088000,8.616197,835
509511.678200,6944427.146000,8.488185,835
509512.170100,6944427.236000,8.284128,835
509512.545900,6944427.304000,8.118310,835
509512.662000,6944427.325000,8.075688,835
509513.153900,6944427.415000,7.873964,835
509513.645800,6944427.505000,7.668285,835
509513.762000,6944427.526000,7.620423,835
509514.137600,6944427.595000,7.473949,835
509514.629500,6944427.684000,7.295706,835
509515.121400,6944427.774000,7.151450,835
509515.221100,6944427.792000,7.122535,835
509515.613300,6944427.864000,7.017200,835
509516.105200,6944427.954000,6.885971,835
509516.597000,6944428.043000,6.765890,835
509517.088900,6944428.133000,6.720344,835
509517.580800,6944428.223000,6.674778,835
509518.072700,6944428.313000,6.629176,835
509518.124500,6944428.322000,6.624648,835
509518.564600,6944428.402000,6.593233,835
509519.056500,6944428.492000,6.611588,835
509519.411200,6944428.557000,6.624648,835
509519.548300,6944428.582000,6.630813,835
509520.040200,6944428.672000,6.653122,835
509520.532100,6944428.761000,6.675349,835
509521.024000,6944428.851000,6.721419,835
509521.515900,6944428.941000,6.769323,835
509522.007700,6944429.030000,6.816821,835
509522.499600,6944429.120000,6.864555,835
509522.991500,6944429.210000,6.911700,835
509523.483400,6944429.300000,6.958018,835
509523.975300,6944429.389000,7.004498,835
509524.467100,6944429.479000,7.051055,835
509524.959000,6944429.569000,7.092327,835
509525.349000,6944429.640000,7.122535,835
509525.450900,6944429.659000,7.130858,835
509526.434700,6944429.838000,7.212544,835
509526.926600,6944429.928000,7.249933,835
509528.402200,6944430.197000,7.350995,835
509528.894100,6944430.287000,7.383024,835
509530.369700,6944430.556000,7.469660,835
509530.861600,6944430.646000,7.497742,835
509532.337300,6944430.915000,7.572833,835
509532.829100,6944431.005000,7.597647,835
509533.321000,6944431.094000,7.619546,835
509533.340400,6944431.098000,7.620423,835
509533.812900,6944431.184000,7.642806,835
509534.304800,6944431.274000,7.666093,835
509534.796700,6944431.364000,7.689352,835
509535.288500,6944431.453000,7.710005,835
509535.780400,6944431.543000,7.730450,835
509536.272300,6944431.633000,7.750888,835
509536.764200,6944431.723000,7.771328,835
509537.256100,6944431.812000,7.789871,835
509537.748000,6944431.902000,7.807915,835
509538.239800,6944431.992000,7.825961,835
509538.731700,6944432.081000,7.844017,835
509539.223600,6944432.171000,7.861680,835
509539.715500,6944432.261000,7.879134,835
509540.207400,6944432.351000,7.896594,835
509540.699200,6944432.440000,7.914070,835
509541.191100,6944432.530000,7.934283,835
509541.683000,6944432.620000,7.957062,835
509542.174900,6944432.710000,7.979841,835
509542.666800,6944432.799000,8.002621,835
509543.158700,6944432.889000,8.029849,835
509543.650500,6944432.979000,8.064338,835
509544.142400,6944433.069000,8.098800,835
509544.419900,6944433.119000,8.118310,835
509544.634300,6944433.158000,8.136066,835
509545.126200,6944433.248000,8.179690,835
509545.618100,6944433.338000,8.232442,835
509546.109900,6944433.427000,8.285275,835
509546.601800,6944433.517000,8.338011,835
509547.093700,6944433.607000,8.390976,835
509547.585600,6944433.697000,8.446409,835
509548.077500,6944433.786000,8.501854,835
509548.569400,6944433.876000,8.557282,835
509549.061200,6944433.966000,8.612707,835
509549.093400,6944433.972000,8.616197,835
509549.553100,6944434.056000,8.666075,835
509550.045000,6944434.145000,8.719370,835
509550.536900,6944434.235000,8.772700,835
509551.028800,6944434.325000,8.825934,835
509551.520600,6944434.415000,8.878175,835
509552.012500,6944434.504000,8.929817,835
509552.504400,6944434.594000,8.981595,835
509552.996300,6944434.684000,9.033373,835
509553.488200,6944434.774000,9.084390,835
509553.776600,6944434.826000,9.114085,835
509553.980100,6944434.863000,9.141068,835
509554.471900,6944434.953000,9.206553,835
509554.963800,6944435.043000,9.272230,835
509555.455700,6944435.132000,9.336653,835
509555.947600,6944435.222000,9.400348,835
509556.439500,6944435.312000,9.463947,835
509556.931300,6944435.402000,9.527634,835
509557.423200,6944435.491000,9.588631,835
509557.623600,6944435.528000,9.611972,835
509557.915100,6944435.581000,9.648677,835
509558.898900,6944435.761000,9.772331,835
509559.390700,6944435.850000,9.830099,835
509560.866400,6944436.120000,9.971443,835
509561.358300,6944436.209000,10.015515,835
509562.833900,6944436.478000,10.090697,835
509563.210500,6944436.547000,10.109859,835
509563.325800,6944436.568000,10.116642,835
509504.300000,6944425.800000,9.566146,840
509504.791900,6944425.890000,9.555643,840
509505.283800,6944425.979000,9.545145,840
509505.775600,6944426.069000,9.534650,840
509506.267500,6944426.159000,9.524155,840
509506.759400,6944426.249000,9.480616,840
509507.251300,6944426.338000,9.431526,840
509507.743200,6944426.428000,9.381943,840
509508.235100,6944426.518000,9.332091,840
509508.726900,6944426.608000,9.222614,840
509509.136500,6944426.682000,9.114085,840
509509.218800,6944426.697000,9.095406,840
509509.710700,6944426.787000,8.982346,840
509510.202600,6944426.877000,8.867828,840
509510.694500,6944426.967000,8.699672,840
509510.892200,6944427.003000,8.616197,840
509511.186300,6944427.056000,8.494124,840
509511.678200,6944427.146000,8.291184,840
509512.071200,6944427.218000,8.118310,840
509512.170100,6944427.236000,8.081456,840
509512.662000,6944427.325000,7.898613,840
509513.153900,6944427.415000,7.687301,840
509513.313300,6944427.444000,7.620423,840
509513.645800,6944427.505000,7.490903,840
509514.137600,6944427.595000,7.294710,840
509514.607000,6944427.680000,7.122535,840
509514.629500,6944427.684000,7.114818,840
509515.121400,6944427.774000,6.978768,840
509515.613300,6944427.864000,6.844923,840
509516.105200,6944427.954000,6.709416,840
509516.440100,6944428.015000,6.624648,840
509516.597000,6944428.043000,6.591383,840
509518.072700,6944428.313000,6.477008,840
509518.564600,6944428.402000,6.440853,840
509519.056500,6944428.492000,6.459901,840
509519.548300,6944428.582000,6.478761,840
509520.532100,6944428.761000,6.516671,840
509521.024000,6944428.851000,6.556627,840
509521.515900,6944428.941000,6.598539,840
509521.822800,6944428.997000,6.624648,840
509522.007700,6944429.030000,6.643385,840
509522.499600,6944429.120000,6.693974,840
509522.991500,6944429.210000,6.744691,840
509523.483400,6944429.300000,6.794318,840
509523.975300,6944429.389000,6.844132,840
509524.467100,6944429.479000,6.893878,840
509524.959000,6944429.569000,6.938317,840
509525.450900,6944429.659000,6.979358,840
509525.942800,6944429.748000,7.020322,840
509526.434700,6944429.838000,7.061327,840
509526.926600,6944429.928000,7.099089,840
509527.262700,6944429.989000,7.122535,840
509527.418400,6944430.018000,7.133957,840
509528.402200,6944430.197000,7.207054,840
509528.894100,6944430.287000,7.241803,840
509530.369700,6944430.556000,7.335792,840
509530.861600,6944430.646000,7.366258,840
509532.337300,6944430.915000,7.447717,840
509532.829100,6944431.005000,7.474635,840
509534.796700,6944431.364000,7.569645,840
509535.288500,6944431.453000,7.590771,840
509535.780400,6944431.543000,7.611702,840
509535.983600,6944431.580000,7.620423,840
509536.272300,6944431.633000,7.633382,840
509536.764200,6944431.723000,7.655585,840
509537.256100,6944431.812000,7.675733,840
509537.748000,6944431.902000,7.695331,840
509538.239800,6944431.992000,7.714920,840
509538.731700,6944432.081000,7.734505,840
509539.223600,6944432.171000,7.753543,840
509539.715500,6944432.261000,7.772290,840
509540.207400,6944432.351000,7.791037,840
509540.699200,6944432.440000,7.809790,840
509541.191100,6944432.530000,7.831130,840
509541.683000,6944432.620000,7.854891,840
509542.174900,6944432.710000,7.878653,840
509542.666800,6944432.799000,7.902416,840
509543.158700,6944432.889000,7.930494,840
509543.650500,6944432.979000,7.965626,840
509544.142400,6944433.069000,8.000741,840
509544.634300,6944433.158000,8.035877,840
509545.126200,6944433.248000,8.073224,840
509545.618100,6944433.338000,8.117964,840
509545.621900,6944433.338000,8.118310,840
509546.109900,6944433.427000,8.171106,840
509546.601800,6944433.517000,8.224187,840
509547.093700,6944433.607000,8.277453,840
509547.585600,6944433.697000,8.333035,840
509548.077500,6944433.786000,8.388642,840
509548.569400,6944433.876000,8.444222,840
509549.061200,6944433.966000,8.499784,840
509549.553100,6944434.056000,8.553236,840
509550.045000,6944434.145000,8.606613,840
509550.133300,6944434.161000,8.616197,840
509550.536900,6944434.235000,8.660005,840
509551.028800,6944434.325000,8.713366,840
509551.520600,6944434.415000,8.765608,840
509552.012500,6944434.504000,8.817397,840
509552.504400,6944434.594000,8.869262,840
509552.996300,6944434.684000,8.921124,840
509553.488200,6944434.774000,8.972208,840
509553.980100,6944434.863000,9.022909,840
509554.471900,6944434.953000,9.073591,840
509554.865100,6944435.025000,9.114085,840
509554.963800,6944435.043000,9.127248,840
509555.455700,6944435.132000,9.191301,840
509555.947600,6944435.222000,9.254558,840
509556.439500,6944435.312000,9.317692,840
509556.931300,6944435.402000,9.381147,840
509557.423200,6944435.491000,9.441745,840
509557.915100,6944435.581000,9.498497,840
509558.407000,6944435.671000,9.555335,840
509558.898500,6944435.761000,9.611972,840
509558.898900,6944435.761000,9.612022,840
509559.390700,6944435.850000,9.668976,840
509560.866400,6944436.120000,9.807283,840
509561.358300,6944436.209000,9.850361,840
509563.325800,6944436.568000,9.947047,840
509504.300000,6944425.800000,9.377977,845
509504.791900,6944425.890000,9.366630,845
509505.283800,6944425.979000,9.355271,845
509505.775600,6944426.069000,9.343899,845
509506.267500,6944426.159000,9.332509,845
509506.759400,6944426.249000,9.287315,845
509507.251300,6944426.338000,9.235519,845
509507.743200,6944426.428000,9.182654,845
509508.235100,6944426.518000,9.129392,845
509508.302700,6944426.530000,9.114085,845
509508.726900,6944426.608000,9.033087,845
509509.218800,6944426.697000,8.918731,845
509509.710700,6944426.787000,8.801166,845
509510.202600,6944426.877000,8.683141,845
509510.395400,6944426.912000,8.616197,845
509510.694500,6944426.967000,8.512469,845
509511.186300,6944427.056000,8.306745,845
509511.624800,6944427.136000,8.118310,845
509511.678200,6944427.146000,8.098075,845
509512.170100,6944427.236000,7.914595,845
509512.662000,6944427.325000,7.721539,845
509512.893600,6944427.368000,7.620423,845
509513.153900,6944427.415000,7.515446,845
509513.645800,6944427.505000,7.317552,845
509514.121000,6944427.592000,7.122535,845
509514.137600,6944427.595000,7.116252,845
509514.629500,6944427.684000,6.947136,845
509515.121400,6944427.774000,6.808530,845
509515.613300,6944427.864000,6.672646,845
509515.784900,6944427.895000,6.624648,845
509516.105200,6944427.954000,6.548385,845
509516.597000,6944428.043000,6.443468,845
509518.072700,6944428.313000,6.325696,845
509518.564600,6944428.402000,6.288472,845
509519.056500,6944428.492000,6.308214,845
509519.548300,6944428.582000,6.327853,845
509520.532100,6944428.761000,6.367235,845
509521.024000,6944428.851000,6.408982,845
509521.515900,6944428.941000,6.452978,845
509522.007700,6944429.030000,6.496746,845
509522.499600,6944429.120000,6.540755,845
509522.991500,6944429.210000,6.585521,845
509523.426900,6944429.289000,6.624648,845
509523.483400,6944429.300000,6.630618,845
509523.975300,6944429.389000,6.683766,845
509524.467100,6944429.479000,6.736701,845
509524.959000,6944429.569000,6.784307,845
509525.450900,6944429.659000,6.828447,845
509525.942800,6944429.748000,6.872369,845
509526.434700,6944429.838000,6.916194,845
509526.926600,6944429.928000,6.956761,845
509527.418400,6944430.018000,6.993527,845
509527.910300,6944430.107000,7.030166,845
509528.402200,6944430.197000,7.066910,845
509528.894100,6944430.287000,7.101965,845
509529.211800,6944430.345000,7.122535,845
509529.386000,6944430.376000,7.134363,845
509530.369700,6944430.556000,7.201925,845
509530.861600,6944430.646000,7.234774,845
509532.337300,6944430.915000,7.322601,845
509532.829100,6944431.005000,7.351623,845
509534.796700,6944431.364000,7.454045,845
509535.288500,6944431.453000,7.476810,845
509536.764200,6944431.723000,7.544474,845
509537.256100,6944431.812000,7.564947,845
509538.239800,6944431.992000,7.604807,845
509538.624100,6944432.062000,7.620423,845
509538.731700,6944432.081000,7.624993,845
509539.223600,6944432.171000,7.645407,845
509539.715500,6944432.261000,7.665447,845
509540.207400,6944432.351000,7.685479,845
509540.699200,6944432.440000,7.705510,845
509541.191100,6944432.530000,7.727976,845
509541.683000,6944432.620000,7.752721,845
509542.174900,6944432.710000,7.777466,845
509542.666800,6944432.799000,7.802211,845
509543.158700,6944432.889000,7.831139,845
509543.650500,6944432.979000,7.866914,845
509544.142400,6944433.069000,7.902682,845
509544.634300,6944433.158000,7.938469,845
509545.126200,6944433.248000,7.976422,845
509545.618100,6944433.338000,8.021526,845
509546.109900,6944433.427000,8.066668,845
509546.601800,6944433.517000,8.111632,845
509546.674600,6944433.531000,8.118310,845
509547.093700,6944433.607000,8.163929,845
509547.585600,6944433.697000,8.219661,845
509548.077500,6944433.786000,8.275431,845
509548.569400,6944433.876000,8.331162,845
509549.061200,6944433.966000,8.386860,845
509549.553100,6944434.056000,8.440402,845
509550.045000,6944434.145000,8.493874,845
509550.536900,6944434.235000,8.547338,845
509551.028800,6944434.325000,8.600799,845
509551.173700,6944434.351000,8.616197,845
509551.520600,6944434.415000,8.653040,845
509552.012500,6944434.504000,8.704978,845
509552.504400,6944434.594000,8.756929,845
509552.996300,6944434.684000,8.808876,845
509553.488200,6944434.774000,8.860026,845
509553.980100,6944434.863000,8.910799,845
509554.471900,6944434.953000,8.961556,845
509554.963800,6944435.043000,9.012296,845
509555.455700,6944435.132000,9.061632,845
509555.947600,6944435.222000,9.110004,845
509555.989400,6944435.230000,9.114085,845
509556.439500,6944435.312000,9.171437,845
509556.931300,6944435.402000,9.234660,845
509557.423200,6944435.491000,9.294859,845
509557.915100,6944435.581000,9.350916,845
509558.407000,6944435.671000,9.407271,845
509558.898900,6944435.761000,9.463505,845
509559.390700,6944435.850000,9.515704,845
509559.882600,6944435.940000,9.557448,845
509560.374500,6944436.030000,9.599101,845
509560.527200,6944436.058000,9.611972,845
509560.866400,6944436.120000,9.643124,845
509561.358300,6944436.209000,9.685206,845
509563.325800,6944436.568000,9.778337,845
509504.300000,6944425.800000,9.189807,850
509504.791900,6944425.890000,9.177616,850
509505.283800,6944425.979000,9.165397,850
509505.775600,6944426.069000,9.153148,850
509506.267500,6944426.159000,9.140864,850
509506.549700,6944426.210000,9.114085,850
509506.759400,6944426.249000,9.097349,850
509507.251300,6944426.338000,9.052057,850
509507.743200,6944426.428000,9.006114,850
509508.235100,6944426.518000,8.960411,850
509508.726900,6944426.608000,8.862189,850
509509.218800,6944426.697000,8.742055,850
509509.710700,6944426.787000,8.619985,850
509509.726300,6944426.790000,8.616197,850
509510.202600,6944426.877000,8.499825,850
509510.694500,6944426.967000,8.327916,850
509511.186300,6944427.056000,8.119366,850
509511.188800,6944427.057000,8.118310,850
509511.678200,6944427.146000,7.932847,850
509512.170100,6944427.236000,7.747734,850
509512.485000,6944427.293000,7.620423,850
509512.662000,6944427.325000,7.552030,850
509513.153900,6944427.415000,7.351857,850
509513.645800,6944427.505000,7.144202,850
509513.698600,6944427.515000,7.122535,850
509514.137600,6944427.595000,6.956841,850
509514.629500,6944427.684000,6.779454,850
509515.121400,6944427.774000,6.638292,850
509515.170600,6944427.783000,6.624648,850
509515.613300,6944427.864000,6.520519,850
509516.105200,6944427.954000,6.401691,850
509516.597000,6944428.043000,6.295553,850
509518.072700,6944428.313000,6.174385,850
509518.564600,6944428.402000,6.136092,850
509519.056500,6944428.492000,6.156528,850
509519.548300,6944428.582000,6.176946,850
509520.532100,6944428.761000,6.217799,850
509521.024000,6944428.851000,6.261336,850
509521.515900,6944428.941000,6.307418,850
509522.007700,6944429.030000,6.353352,850
509522.499600,6944429.120000,6.399421,850
509522.991500,6944429.210000,6.446386,850
509523.483400,6944429.300000,6.493012,850
509524.467100,6944429.479000,6.586803,850
509524.903300,6944429.559000,6.624648,850
509524.959000,6944429.569000,6.630298,850
509525.450900,6944429.659000,6.677537,850
509525.942800,6944429.748000,6.724416,850
509526.434700,6944429.838000,6.771060,850
509526.926600,6944429.928000,6.814432,850
509527.418400,6944430.018000,6.853860,850
509527.910300,6944430.107000,6.892962,850
509528.402200,6944430.197000,6.932167,850
509528.894100,6944430.287000,6.969643,850
509529.386000,6944430.376000,7.003552,850
509529.877800,6944430.466000,7.037430,850
509530.369700,6944430.556000,7.071366,850
509530.861600,6944430.646000,7.104437,850
509531.161200,6944430.700000,7.122535,850
509531.353500,6944430.735000,7.134688,850
509532.337300,6944430.915000,7.197485,850
509532.829100,6944431.005000,7.228611,850
509534.796700,6944431.364000,7.338445,850
509535.288500,6944431.453000,7.362849,850
509536.764200,6944431.723000,7.435384,850
509537.256100,6944431.812000,7.457315,850
509538.731700,6944432.081000,7.521347,850
509539.223600,6944432.171000,7.541896,850
509540.699200,6944432.440000,7.602286,850
509541.098600,6944432.513000,7.620423,850
509541.191100,6944432.530000,7.624823,850
509541.683000,6944432.620000,7.650551,850
509542.174900,6944432.710000,7.676278,850
509542.666800,6944432.799000,7.702006,850
509543.158700,6944432.889000,7.731785,850
509543.650500,6944432.979000,7.768202,850
509544.142400,6944433.069000,7.804623,850
509544.634300,6944433.158000,7.841061,850
509545.126200,6944433.248000,7.879620,850
509545.618100,6944433.338000,7.925088,850
509546.109900,6944433.427000,7.970600,850
509546.601800,6944433.517000,8.015981,850
509547.093700,6944433.607000,8.061355,850
509547.585600,6944433.697000,8.108237,850
509547.691200,6944433.716000,8.118310,850
509548.077500,6944433.786000,8.162219,850
509548.569400,6944433.876000,8.218102,850
509549.061200,6944433.966000,8.273937,850
509549.553100,6944434.056000,8.327568,850
509550.045000,6944434.145000,8.381135,850
509550.536900,6944434.235000,8.434690,850
509551.028800,6944434.325000,8.488234,850
509551.520600,6944434.415000,8.540527,850
509552.012500,6944434.504000,8.592561,850
509552.235900,6944434.545000,8.616197,850
509552.504400,6944434.594000,8.644595,850
509552.996300,6944434.684000,8.696627,850
509553.488200,6944434.774000,8.747845,850
509553.980100,6944434.863000,8.798688,850
509554.471900,6944434.953000,8.849522,850
509554.963800,6944435.043000,8.900342,850
509555.455700,6944435.132000,8.949737,850
509555.947600,6944435.222000,8.998111,850
509556.439500,6944435.312000,9.046134,850
509556.931300,6944435.402000,9.094320,850
509557.144800,6944435.441000,9.114085,850
509557.423200,6944435.491000,9.147973,850
509557.915100,6944435.581000,9.203336,850
509558.407000,6944435.671000,9.259206,850
509558.898900,6944435.761000,9.314993,850
509559.390700,6944435.850000,9.366730,850
509559.882600,6944435.940000,9.407686,850
509560.374500,6944436.030000,9.448457,850
509560.866400,6944436.120000,9.489391,850
509561.358300,6944436.209000,9.527456,850
509561.850200,6944436.299000,9.548115,850
509562.342000,6944436.389000,9.568732,850
509562.833900,6944436.478000,9.589288,850
509563.325800,6944436.568000,9.609825,850
509504.300000,6944425.800000,9.020212,855
509506.267500,6944426.159000,8.977232,855
509506.759400,6944426.249000,8.936157,855
509507.251300,6944426.338000,8.889023,855
509507.743200,6944426.428000,8.841507,855
509508.235100,6944426.518000,8.794185,855
509508.726900,6944426.608000,8.691291,855
509509.024200,6944426.662000,8.616197,855
509509.218800,6944426.697000,8.566912,855
509509.710700,6944426.787000,8.443020,855
509510.202600,6944426.877000,8.317289,855
509510.694500,6944426.967000,8.143363,855
509510.753500,6944426.977000,8.118310,855
509511.186300,6944427.056000,7.955919,855
509511.678200,6944427.146000,7.767620,855
509512.066700,6944427.217000,7.620423,855
509512.170100,6944427.236000,7.582989,855
509512.662000,6944427.325000,7.392592,855
509513.153900,6944427.415000,7.188269,855
509513.308700,6944427.443000,7.122535,855
509513.645800,6944427.505000,6.988523,855
509514.137600,6944427.595000,6.797429,855
509514.597000,6944427.679000,6.624648,855
509514.629500,6944427.684000,6.614046,855
509515.121400,6944427.774000,6.494990,855
509515.613300,6944427.864000,6.376174,855
509516.105200,6944427.954000,6.254997,855
509516.597000,6944428.043000,6.147639,855
509516.845300,6944428.089000,6.126761,855
509517.088900,6944428.133000,6.106163,855
509517.580800,6944428.223000,6.064612,855
509518.072700,6944428.313000,6.023101,855
509518.564600,6944428.402000,5.983858,855
509519.056500,6944428.492000,6.004892,855
509519.548300,6944428.582000,6.026050,855
509520.040200,6944428.672000,6.047207,855
509520.532100,6944428.761000,6.068364,855
509521.024000,6944428.851000,6.113732,855
509521.156100,6944428.875000,6.126761,855
509521.515900,6944428.941000,6.161857,855
509522.007700,6944429.030000,6.209959,855
509522.499600,6944429.120000,6.258088,855
509522.991500,6944429.210000,6.307252,855
509523.483400,6944429.300000,6.356394,855
509524.467100,6944429.479000,6.454981,855
509524.959000,6944429.569000,6.499828,855
509525.450900,6944429.659000,6.541904,855
509525.942800,6944429.748000,6.583881,855
509526.421700,6944429.836000,6.624648,855
509526.434700,6944429.838000,6.625927,855
509526.926600,6944429.928000,6.672104,855
509527.418400,6944430.018000,6.714192,855
509527.910300,6944430.107000,6.755759,855
509528.402200,6944430.197000,6.797425,855
509528.894100,6944430.287000,6.837321,855
509529.386000,6944430.376000,6.873483,855
509529.877800,6944430.466000,6.909535,855
509530.369700,6944430.556000,6.945628,855
509530.861600,6944430.646000,6.980795,855
509531.353500,6944430.735000,7.012283,855
509531.845400,6944430.825000,7.043769,855
509532.337300,6944430.915000,7.075276,855
509532.829100,6944431.005000,7.106562,855
509533.111500,6944431.056000,7.122535,855
509533.321000,6944431.094000,7.134911,855
509534.796700,6944431.364000,7.222845,855
509535.288500,6944431.453000,7.248889,855
509536.764200,6944431.723000,7.326295,855
509537.256100,6944431.812000,7.349682,855
509538.731700,6944432.081000,7.417957,855
509539.223600,6944432.171000,7.439775,855
509540.699200,6944432.440000,7.503746,855
509541.191100,6944432.530000,7.527097,855
509542.666800,6944432.799000,7.602823,855
509542.964800,6944432.854000,7.620423,855
509543.158700,6944432.889000,7.632430,855
509543.650500,6944432.979000,7.669491,855
509544.142400,6944433.069000,7.706564,855
509544.634300,6944433.158000,7.743653,855
509545.126200,6944433.248000,7.782817,855
509545.618100,6944433.338000,7.828651,855
509546.109900,6944433.427000,7.874533,855
509546.601800,6944433.517000,7.920329,855
509547.093700,6944433.607000,7.966136,855
509547.585600,6944433.697000,8.013240,855
509548.077500,6944433.786000,8.060312,855
509548.569400,6944433.876000,8.107226,855
509548.685800,6944433.897000,8.118310,855
509549.061200,6944433.966000,8.161013,855
509549.553100,6944434.056000,8.214735,855
509550.045000,6944434.145000,8.268396,855
509550.536900,6944434.235000,8.322041,855
509551.028800,6944434.325000,8.375669,855
509551.520600,6944434.415000,8.428041,855
509552.012500,6944434.504000,8.480158,855
509552.504400,6944434.594000,8.532271,855
509552.996300,6944434.684000,8.584380,855
509553.301400,6944434.739000,8.616197,855
509553.488200,6944434.774000,8.635663,855
509553.980100,6944434.863000,8.686577,855
509554.471900,6944434.953000,8.737488,855
509554.963800,6944435.043000,8.788389,855
509555.455700,6944435.132000,8.837841,855
509555.947600,6944435.222000,8.886218,855
509556.439500,6944435.312000,8.934347,855
509556.931300,6944435.402000,8.982590,855
509557.423200,6944435.491000,9.028156,855
509557.915100,6944435.581000,9.069935,855
509558.407000,6944435.671000,9.111864,855
509558.433200,6944435.676000,9.114085,855
509558.898900,6944435.761000,9.166480,855
509559.390700,6944435.850000,9.217757,855
509559.882600,6944435.940000,9.257925,855
509560.374500,6944436.030000,9.297813,855
509560.866400,6944436.120000,9.338100,855
509561.358300,6944436.209000,9.375606,855
509561.850200,6944436.299000,9.395611,855
509562.342000,6944436.389000,9.415585,855
509562.833900,6944436.478000,9.435410,855
509563.325800,6944436.568000,9.455368,855
509504.300000,6944425.800000,8.863125,860
509506.267500,6944426.159000,8.818150,860
509506.759400,6944426.249000,8.774964,860
509507.251300,6944426.338000,8.725990,860
509507.743200,6944426.428000,8.676900,860
509508.235100,6944426.518000,8.627959,860
509508.290200,6944426.528000,8.616197,860
509508.726900,6944426.608000,8.522129,860
509509.218800,6944426.697000,8.395564,860
509509.710700,6944426.787000,8.266145,860
509510.202600,6944426.877000,8.134752,860
509510.249000,6944426.885000,8.118310,860
509510.694500,6944426.967000,7.982954,860
509511.186300,6944427.056000,7.792608,860
509511.632100,6944427.138000,7.620423,860
509511.678200,6944427.146000,7.603671,860
509512.170100,6944427.236000,7.425058,860
509512.662000,6944427.325000,7.233155,860
509512.926100,6944427.374000,7.122535,860
509513.153900,6944427.415000,7.031347,860
509513.645800,6944427.505000,6.835367,860
509514.137600,6944427.595000,6.638018,860
509514.173200,6944427.601000,6.624648,860
509514.629500,6944427.684000,6.475980,860
509515.121400,6944427.774000,6.354036,860
509515.613300,6944427.864000,6.231829,860
509516.032700,6944427.940000,6.126761,860
509516.105200,6944427.954000,6.108518,860
509516.597000,6944428.043000,5.999752,860
509517.088900,6944428.133000,5.957446,860
509517.580800,6944428.223000,5.914474,860
509518.072700,6944428.313000,5.871830,860
509518.564600,6944428.402000,5.831633,860
509519.056500,6944428.492000,5.853269,860
509519.548300,6944428.582000,5.875161,860
509520.040200,6944428.672000,5.897047,860
509520.532100,6944428.761000,5.918929,860
509521.024000,6944428.851000,5.966551,860
509521.515900,6944428.941000,6.016663,860
509522.007700,6944429.030000,6.066748,860
509522.499600,6944429.120000,6.116763,860
509522.594200,6944429.137000,6.126761,860
509522.991500,6944429.210000,6.168118,860
509523.483400,6944429.300000,6.219775,860
509524.467100,6944429.479000,6.323160,860
509524.959000,6944429.569000,6.370255,860
509525.450900,6944429.659000,6.414514,860
509525.942800,6944429.748000,6.458706,860
509526.434700,6944429.838000,6.502799,860
509526.926600,6944429.928000,6.544053,860
509527.418400,6944430.018000,6.581937,860
509527.910300,6944430.107000,6.619451,860
509527.977200,6944430.119000,6.624648,860
509528.402200,6944430.197000,6.662682,860
509528.894100,6944430.287000,6.704998,860
509529.386000,6944430.376000,6.743413,860
509529.877800,6944430.466000,6.781641,860
509530.369700,6944430.556000,6.819890,860
509530.861600,6944430.646000,6.857152,860
509531.353500,6944430.735000,6.890599,860
509531.845400,6944430.825000,6.924014,860
509532.337300,6944430.915000,6.957410,860
509532.829100,6944431.005000,6.990541,860
509533.321000,6944431.094000,7.019920,860
509533.812900,6944431.184000,7.049283,860
509534.304800,6944431.274000,7.078659,860
509534.796700,6944431.364000,7.108079,860
509535.066600,6944431.413000,7.122535,860
509535.288500,6944431.453000,7.134928,860
509536.764200,6944431.723000,7.217205,860
509537.256100,6944431.812000,7.242050,860
509538.731700,6944432.081000,7.314566,860
509539.223600,6944432.171000,7.337654,860
509540.699200,6944432.440000,7.405206,860
509541.191100,6944432.530000,7.429612,860
509542.666800,6944432.799000,7.508122,860
509543.158700,6944432.889000,7.537885,860
509544.142400,6944433.069000,7.609166,860
509544.297000,6944433.097000,7.620423,860
509544.634300,6944433.158000,7.646245,860
509545.126200,6944433.248000,7.686015,860
509545.618100,6944433.338000,7.732213,860
509546.109900,6944433.427000,7.778465,860
509546.601800,6944433.517000,7.824678,860
509547.093700,6944433.607000,7.870917,860
509547.585600,6944433.697000,7.918244,860
509548.077500,6944433.786000,7.965568,860
509548.569400,6944433.876000,8.012778,860
509549.061200,6944433.966000,8.059793,860
509549.553100,6944434.056000,8.104653,860
509549.703200,6944434.083000,8.118310,860
509550.045000,6944434.145000,8.155657,860
509550.536900,6944434.235000,8.209393,860
509551.028800,6944434.325000,8.263105,860
509551.520600,6944434.415000,8.315554,860
509552.012500,6944434.504000,8.367755,860
509552.504400,6944434.594000,8.419950,860
509552.996300,6944434.684000,8.472135,860
509553.488200,6944434.774000,8.523488,860
509553.980100,6944434.863000,8.574471,860
509554.382600,6944434.937000,8.616197,860
509554.471900,6944434.953000,8.625454,860
509554.963800,6944435.043000,8.676435,860
509555.455700,6944435.132000,8.725945,860
509555.947600,6944435.222000,8.774325,860
509556.439500,6944435.312000,8.822560,860
509556.931300,6944435.402000,8.870860,860
509557.423200,6944435.491000,8.916458,860
509557.915100,6944435.581000,8.958232,860
509558.407000,6944435.671000,9.000122,860
509558.898900,6944435.761000,9.041783,860
509559.390700,6944435.850000,9.080104,860
509559.882600,6944435.940000,9.109660,860
509559.957700,6944435.954000,9.114085,860
509560.374500,6944436.030000,9.147169,860
509560.866400,6944436.120000,9.186809,860
509561.358300,6944436.209000,9.223755,860
509561.850200,6944436.299000,9.243108,860
509562.342000,6944436.389000,9.262439,860
509562.833900,6944436.478000,9.281531,860
509563.325800,6944436.568000,9.300911,860
509504.300000,6944425.800000,8.706038,865
509506.267500,6944426.159000,8.659068,865
509506.733400,6944426.244000,8.616197,865
509506.759400,6944426.249000,8.613782,865
509507.251300,6944426.338000,8.563179,865
509507.743200,6944426.428000,8.512558,865
509508.235100,6944426.518000,8.461910,865
509508.726900,6944426.608000,8.354327,865
509509.218800,6944426.697000,8.224215,865
509509.607500,6944426.768000,8.118310,865
509509.710700,6944426.787000,8.094109,865
509510.202600,6944426.877000,7.982072,865
509510.694500,6944426.967000,7.826338,865
509511.186300,6944427.056000,7.629296,865
509511.209300,6944427.060000,7.620423,865
509511.678200,6944427.146000,7.450167,865
509512.170100,6944427.236000,7.267128,865
509512.538700,6944427.303000,7.122535,865
509512.662000,6944427.325000,7.076354,865
509513.153900,6944427.415000,6.878902,865
509513.645800,6944427.505000,6.682212,865
509513.788800,6944427.531000,6.624648,865
509514.137600,6944427.595000,6.499086,865
509514.629500,6944427.684000,6.337914,865
509515.121400,6944427.774000,6.213081,865
509515.462000,6944427.836000,6.126761,865
509515.613300,6944427.864000,6.088324,865
509516.105200,6944427.954000,5.963526,865
509516.597000,6944428.043000,5.851871,865
509517.088900,6944428.133000,5.808730,865
509517.580800,6944428.223000,5.764336,865
509518.072700,6944428.313000,5.720560,865
509518.564600,6944428.402000,5.679408,865
509519.056500,6944428.492000,5.701646,865
509519.548300,6944428.582000,5.724271,865
509520.040200,6944428.672000,5.746887,865
509520.532100,6944428.761000,5.769495,865
509521.024000,6944428.851000,5.819370,865
509521.515900,6944428.941000,5.871586,865
509522.007700,6944429.030000,5.923789,865
509522.499600,6944429.120000,5.975552,865
509522.991500,6944429.210000,6.029067,865
509523.483400,6944429.300000,6.083288,865
509523.878500,6944429.372000,6.126761,865
509523.975300,6944429.389000,6.137247,865
509524.467100,6944429.479000,6.191338,865
509524.959000,6944429.569000,6.240683,865
509525.450900,6944429.659000,6.287124,865
509525.942800,6944429.748000,6.333530,865
509526.434700,6944429.838000,6.379868,865
509526.926600,6944429.928000,6.423142,865
509527.418400,6944430.018000,6.462922,865
509527.910300,6944430.107000,6.502425,865
509528.402200,6944430.197000,6.542049,865
509528.894100,6944430.287000,6.580160,865
509529.386000,6944430.376000,6.614951,865
509529.521900,6944430.401000,6.624648,865
509529.877800,6944430.466000,6.653746,865
509530.369700,6944430.556000,6.694152,865
509530.861600,6944430.646000,6.733509,865
509531.353500,6944430.735000,6.768915,865
509531.845400,6944430.825000,6.804258,865
509532.337300,6944430.915000,6.839544,865
509532.829100,6944431.005000,6.874521,865
509533.321000,6944431.094000,6.905632,865
509533.812900,6944431.184000,6.936689,865
509534.304800,6944431.274000,6.967726,865
509534.796700,6944431.364000,6.998781,865
509535.288500,6944431.453000,7.026501,865
509535.780400,6944431.543000,7.053929,865
509536.272300,6944431.633000,7.081386,865
509536.764200,6944431.723000,7.108873,865
509537.032200,6944431.771000,7.122535,865
509537.256100,6944431.812000,7.134417,865
509538.731700,6944432.081000,7.211176,865
509539.223600,6944432.171000,7.235533,865
509540.699200,6944432.440000,7.306666,865
509541.191100,6944432.530000,7.332128,865
509542.666800,6944432.799000,7.413421,865
509543.158700,6944432.889000,7.444000,865
509544.634300,6944433.158000,7.552824,865
509545.126200,6944433.248000,7.590953,865
509545.455500,6944433.308000,7.620423,865
509545.618100,6944433.338000,7.635775,865
509546.109900,6944433.427000,7.682398,865
509546.601800,6944433.517000,7.729026,865
509547.093700,6944433.607000,7.775698,865
509547.585600,6944433.697000,7.823248,865
509548.077500,6944433.786000,7.870823,865
509548.569400,6944433.876000,7.918330,865
509549.061200,6944433.966000,7.965689,865
509549.553100,6944434.056000,8.010740,865
509550.045000,6944434.145000,8.055656,865
509550.536900,6944434.235000,8.100425,865
509550.734000,6944434.271000,8.118310,865
509551.028800,6944434.325000,8.150540,865
509551.520600,6944434.415000,8.203068,865
509552.012500,6944434.504000,8.255352,865
509552.504400,6944434.594000,8.307630,865
509552.996300,6944434.684000,8.359889,865
509553.488200,6944434.774000,8.411315,865
509553.980100,6944434.863000,8.462372,865
509554.471900,6944434.953000,8.513432,865
509554.963800,6944435.043000,8.564484,865
509555.455700,6944435.132000,8.614050,865
509555.477500,6944435.136000,8.616197,865
509555.947600,6944435.222000,8.662432,865
509556.439500,6944435.312000,8.710772,865
509556.931300,6944435.402000,8.759130,865
509557.423200,6944435.491000,8.804760,865
509557.915100,6944435.581000,8.846529,865
509558.407000,6944435.671000,8.888380,865
509558.898900,6944435.761000,8.930069,865
509559.390700,6944435.850000,8.968358,865
509559.882600,6944435.940000,8.997746,865
509560.374500,6944436.030000,9.026713,865
509560.866400,6944436.120000,9.055888,865
509561.358300,6944436.209000,9.082926,865
509561.850200,6944436.299000,9.096787,865
509562.342000,6944436.389000,9.110565,865
509562.470900,6944436.412000,9.114085,865
509562.833900,6944436.478000,9.127652,865
509563.325800,6944436.568000,9.146454,865
509504.300000,6944425.800000,8.548951,870
509506.267500,6944426.159000,8.499986,870
509506.759400,6944426.249000,8.453268,870
509507.251300,6944426.338000,8.400828,870
509507.743200,6944426.428000,8.348370,870
509508.235100,6944426.518000,8.295875,870
509508.726900,6944426.608000,8.186525,870
509508.980500,6944426.654000,8.118310,870
509509.218800,6944426.697000,8.062806,870
509509.710700,6944426.787000,7.946708,870
509510.202600,6944426.877000,7.832346,870
509510.694500,6944426.967000,7.669722,870
509510.817300,6944426.989000,7.620423,870
509511.186300,6944427.056000,7.481930,870
509511.678200,6944427.146000,7.296663,870
509512.136000,6944427.230000,7.122535,870
509512.170100,6944427.236000,7.110413,870
509512.662000,6944427.325000,6.925527,870
509513.153900,6944427.415000,6.726457,870
509513.408100,6944427.462000,6.624648,870
509513.645800,6944427.505000,6.540272,870
509514.137600,6944427.595000,6.362029,870
509514.629500,6944427.684000,6.199849,870
509514.913500,6944427.736000,6.126761,870
509515.121400,6944427.774000,6.073040,870
509515.613300,6944427.864000,5.947065,870
509516.105200,6944427.954000,5.818534,870
509516.597000,6944428.043000,5.703989,870
509517.088900,6944428.133000,5.660013,870
509517.424300,6944428.194000,5.628873,870
509517.580800,6944428.223000,5.616352,870
509518.072700,6944428.313000,5.578045,870
509518.564600,6944428.402000,5.542015,870
509519.056500,6944428.492000,5.561550,870
509519.548300,6944428.582000,5.581430,870
509520.040200,6944428.672000,5.601349,870
509520.532100,6944428.761000,5.621315,870
509520.614200,6944428.776000,5.628873,870
509521.024000,6944428.851000,5.672189,870
509521.515900,6944428.941000,5.726509,870
509522.007700,6944429.030000,5.780831,870
509522.499600,6944429.120000,5.834342,870
509522.991500,6944429.210000,5.890050,870
509523.483400,6944429.300000,5.947082,870
509523.975300,6944429.389000,6.003543,870
509524.467100,6944429.479000,6.059651,870
509524.959000,6944429.569000,6.111113,870
509525.115500,6944429.597000,6.126761,870
509525.450900,6944429.659000,6.159734,870
509525.942800,6944429.748000,6.208354,870
509526.434700,6944429.838000,6.256936,870
509526.926600,6944429.928000,6.302232,870
509527.418400,6944430.018000,6.343907,870
509527.910300,6944430.107000,6.385399,870
509528.402200,6944430.197000,6.426965,870
509528.894100,6944430.287000,6.466891,870
509529.386000,6944430.376000,6.503376,870
509529.877800,6944430.466000,6.539781,870
509530.369700,6944430.556000,6.576270,870
509530.861600,6944430.646000,6.611912,870
509531.054300,6944430.681000,6.624648,870
509531.353500,6944430.735000,6.647231,870
509531.845400,6944430.825000,6.684503,870
509532.337300,6944430.915000,6.721678,870
509532.829100,6944431.005000,6.758501,870
509533.321000,6944431.094000,6.791344,870
509533.812900,6944431.184000,6.824095,870
509534.304800,6944431.274000,6.856792,870
509534.796700,6944431.364000,6.889484,870
509535.288500,6944431.453000,6.918748,870
509535.780400,6944431.543000,6.947653,870
509536.272300,6944431.633000,6.976584,870
509536.764200,6944431.723000,7.005522,870
509537.256100,6944431.812000,7.031795,870
509537.748000,6944431.902000,7.057364,870
509538.239800,6944431.992000,7.082941,870
509538.731700,6944432.081000,7.108539,870
509539.013300,6944432.133000,7.122535,870
509539.223600,6944432.171000,7.133412,870
509540.699200,6944432.440000,7.208125,870
509541.191100,6944432.530000,7.234644,870
509542.666800,6944432.799000,7.318720,870
509543.158700,6944432.889000,7.350115,870
509544.634300,6944433.158000,7.460842,870
509545.126200,6944433.248000,7.499550,870
509546.109900,6944433.427000,7.588273,870
509546.466000,6944433.492000,7.620423,870
509546.601800,6944433.517000,7.633374,870
509547.093700,6944433.607000,7.680479,870
509547.585600,6944433.697000,7.728252,870
509548.077500,6944433.786000,7.776079,870
509548.569400,6944433.876000,7.823882,870
509549.061200,6944433.966000,7.871585,870
509549.553100,6944434.056000,7.916828,870
509550.045000,6944434.145000,7.961965,870
509550.536900,6944434.235000,8.006999,870
509551.028800,6944434.325000,8.051856,870
509551.520600,6944434.415000,8.095408,870
509551.781000,6944434.462000,8.118310,870
509552.012500,6944434.504000,8.142949,870
509552.504400,6944434.594000,8.195309,870
509552.996300,6944434.684000,8.247644,870
509553.488200,6944434.774000,8.299142,870
509553.980100,6944434.863000,8.350274,870
509554.471900,6944434.953000,8.401411,870
509554.963800,6944435.043000,8.452534,870
509555.455700,6944435.132000,8.502159,870
509555.947600,6944435.222000,8.550573,870
509556.439500,6944435.312000,8.598987,870
509556.614300,6944435.344000,8.616197,870
509556.931300,6944435.402000,8.647400,870
509557.423200,6944435.491000,8.693062,870
509557.915100,6944435.581000,8.734826,870
509558.407000,6944435.671000,8.776638,870
509558.898900,6944435.761000,8.818355,870
509559.390700,6944435.850000,8.856613,870
509559.882600,6944435.940000,8.885832,870
509560.374500,6944436.030000,8.914754,870
509560.866400,6944436.120000,8.943823,870
509561.358300,6944436.209000,8.970751,870
509561.850200,6944436.299000,8.984440,870
509562.342000,6944436.389000,8.998067,870
509562.833900,6944436.478000,9.011436,870
509563.325800,6944436.568000,9.024997,870
509504.300000,6944425.800000,8.391865,875
509506.267500,6944426.159000,8.340904,875
509506.759400,6944426.249000,8.292755,875
509507.251300,6944426.338000,8.238477,875
509507.743200,6944426.428000,8.184182,875
509508.235100,6944426.518000,8.129840,875
509508.286600,6944426.527000,8.118310,875
509508.726900,6944426.608000,8.033853,875
509509.218800,6944426.697000,7.917481,875
509509.710700,6944426.787000,7.799308,875
509510.202600,6944426.877000,7.682621,875
509510.388200,6944426.911000,7.620423,875
509510.694500,6944426.967000,7.522843,875
509511.186300,6944427.056000,7.335479,875
509511.678200,6944427.146000,7.143159,875
509511.732400,6944427.156000,7.122535,875
509512.170100,6944427.236000,6.966878,875
509512.662000,6944427.325000,6.774701,875
509513.030800,6944427.393000,6.624648,875
509513.153900,6944427.415000,6.581100,875
509513.645800,6944427.505000,6.405085,875
509514.137600,6944427.595000,6.224972,875
509514.434500,6944427.649000,6.126761,875
509514.629500,6944427.684000,6.062157,875
509515.121400,6944427.774000,5.934443,875
509515.613300,6944427.864000,5.805807,875
509516.105200,6944427.954000,5.673542,875
509516.294600,6944427.988000,5.628873,875
509516.597000,6944428.043000,5.566763,875
509517.088900,6944428.133000,5.528169,875
509517.580800,6944428.223000,5.488252,875
509518.072700,6944428.313000,5.449003,875
509518.564600,6944428.402000,5.411992,875
509519.056500,6944428.492000,5.432093,875
509519.548300,6944428.582000,5.452423,875
509520.040200,6944428.672000,5.472779,875
509520.532100,6944428.761000,5.493166,875
509521.024000,6944428.851000,5.539314,875
509521.515900,6944428.941000,5.587869,875
509521.928300,6944429.016000,5.628873,875
509522.007700,6944429.030000,5.637872,875
509522.499600,6944429.120000,5.693131,875
509522.991500,6944429.210000,5.751033,875
509523.483400,6944429.300000,5.810875,875
509523.975300,6944429.389000,5.869883,875
509524.467100,6944429.479000,5.928093,875
509524.959000,6944429.569000,5.981569,875
509525.450900,6944429.659000,6.032557,875
509525.942800,6944429.748000,6.083349,875
509526.363500,6944429.825000,6.126761,875
509526.434700,6944429.838000,6.134004,875
509526.926600,6944429.928000,6.181321,875
509527.418400,6944430.018000,6.224892,875
509527.910300,6944430.107000,6.268373,875
509528.402200,6944430.197000,6.311881,875
509528.894100,6944430.287000,6.353622,875
509529.386000,6944430.376000,6.391800,875
509529.877800,6944430.466000,6.429919,875
509530.369700,6944430.556000,6.468097,875
509530.861600,6944430.646000,6.505381,875
509531.353500,6944430.735000,6.539109,875
509532.337300,6944430.915000,6.606609,875
509532.600400,6944430.963000,6.624648,875
509532.829100,6944431.005000,6.642480,875
509533.321000,6944431.094000,6.677055,875
509533.812900,6944431.184000,6.711501,875
509534.304800,6944431.274000,6.745859,875
509534.796700,6944431.364000,6.780187,875
509535.288500,6944431.453000,6.810996,875
509535.780400,6944431.543000,6.841377,875
509536.272300,6944431.633000,6.871782,875
509536.764200,6944431.723000,6.902171,875
509537.256100,6944431.812000,6.929794,875
509537.748000,6944431.902000,6.956675,875
509538.239800,6944431.992000,6.983550,875
509538.731700,6944432.081000,7.010429,875
509539.223600,6944432.171000,7.035927,875
509539.715500,6944432.261000,7.060690,875
509540.207400,6944432.351000,7.085457,875
509540.699200,6944432.440000,7.110234,875
509540.928900,6944432.482000,7.122535,875
509541.191100,6944432.530000,7.137160,875
509542.666800,6944432.799000,7.224020,875
509543.158700,6944432.889000,7.256231,875
509544.634300,6944433.158000,7.368859,875
509545.126200,6944433.248000,7.408146,875
509546.601800,6944433.517000,7.542447,875
509547.093700,6944433.607000,7.587264,875
509547.453800,6944433.673000,7.620423,875
509547.585600,6944433.697000,7.633256,875
509548.077500,6944433.786000,7.681335,875
509548.569400,6944433.876000,7.729434,875
509549.061200,6944433.966000,7.777481,875
509549.553100,6944434.056000,7.822915,875
509550.045000,6944434.145000,7.868274,875
509550.536900,6944434.235000,7.913573,875
509551.028800,6944434.325000,7.958742,875
509551.520600,6944434.415000,8.002500,875
509552.012500,6944434.504000,8.045933,875
509552.504400,6944434.594000,8.089239,875
509552.835800,6944434.655000,8.118310,875
509552.996300,6944434.684000,8.135399,875
509553.488200,6944434.774000,8.186968,875
509553.980100,6944434.863000,8.238175,875
509554.471900,6944434.953000,8.289391,875
509554.963800,6944435.043000,8.340584,875
509555.455700,6944435.132000,8.390268,875
509555.947600,6944435.222000,8.438736,875
509556.439500,6944435.312000,8.487208,875
509556.931300,6944435.402000,8.535674,875
509557.423200,6944435.491000,8.581363,875
509557.833500,6944435.566000,8.616197,875
509557.915100,6944435.581000,8.623122,875
509558.407000,6944435.671000,8.664896,875
509558.898900,6944435.761000,8.706641,875
509559.390700,6944435.850000,8.744868,875
509559.882600,6944435.940000,8.773918,875
509560.374500,6944436.030000,8.802795,875
509560.866400,6944436.120000,8.831758,875
509561.358300,6944436.209000,8.858577,875
509561.850200,6944436.299000,8.872094,875
509562.342000,6944436.389000,8.885569,875
509562.833900,6944436.478000,8.898861,875
509563.325800,6944436.568000,8.912289,875
509504.300000,6944425.800000,8.234778,880
509506.267500,6944426.159000,8.181822,880
509506.759400,6944426.249000,8.132241,880
509506.882600,6944426.271000,8.118310,880
509507.251300,6944426.338000,8.082787,880
509507.743200,6944426.428000,8.035749,880
509508.235100,6944426.518000,7.988849,880
509508.726900,6944426.608000,7.891544,880
509509.218800,6944426.697000,7.772155,880
509509.710700,6944426.787000,7.651907,880
509509.842300,6944426.811000,7.620423,880
509510.202600,6944426.877000,7.538204,880
509510.694500,6944426.967000,7.380437,880
509511.186300,6944427.056000,7.189028,880
509511.355600,6944427.087000,7.122535,880
509511.678200,6944427.146000,7.003045,880
509512.170100,6944427.236000,6.823343,880
509512.660200,6944427.325000,6.624648,880
509512.662000,6944427.325000,6.624002,880
509513.153900,6944427.415000,6.449996,880
509513.645800,6944427.505000,6.269899,880
509514.033800,6944427.576000,6.126761,880
509514.137600,6944427.595000,6.088712,880
509514.629500,6944427.684000,5.924886,880
509515.121400,6944427.774000,5.795847,880
509515.613300,6944427.864000,5.664548,880
509515.744800,6944427.888000,5.628873,880
509516.105200,6944427.954000,5.542596,880
509516.597000,6944428.043000,5.440538,880
509517.088900,6944428.133000,5.400794,880
509517.580800,6944428.223000,5.360151,880
509518.072700,6944428.313000,5.319961,880
509518.564600,6944428.402000,5.281970,880
509519.056500,6944428.492000,5.302635,880
509519.548300,6944428.582000,5.323417,880
509520.040200,6944428.672000,5.344208,880
509520.532100,6944428.761000,5.365016,880
509521.024000,6944428.851000,5.412404,880
509521.515900,6944428.941000,5.462477,880
509522.007700,6944429.030000,5.512726,880
509522.499600,6944429.120000,5.562231,880
509522.991500,6944429.210000,5.614276,880
509523.121900,6944429.234000,5.628873,880
509523.483400,6944429.300000,5.674669,880
509523.975300,6944429.389000,5.736222,880
509524.467100,6944429.479000,5.796535,880
509524.959000,6944429.569000,5.852026,880
509525.450900,6944429.659000,5.905454,880
509525.942800,6944429.748000,5.958662,880
509526.434700,6944429.838000,6.011357,880
509526.926600,6944429.928000,6.060437,880
509527.418400,6944430.018000,6.105893,880
509527.642300,6944430.058000,6.126761,880
509527.910300,6944430.107000,6.151347,880
509528.402200,6944430.197000,6.196796,880
509528.894100,6944430.287000,6.240352,880
509529.386000,6944430.376000,6.280224,880
509529.877800,6944430.466000,6.320057,880
509530.369700,6944430.556000,6.359924,880
509530.861600,6944430.646000,6.398850,880
509531.353500,6944430.735000,6.434077,880
509532.337300,6944430.915000,6.504562,880
509532.829100,6944431.005000,6.539539,880
509533.321000,6944431.094000,6.570914,880
509533.812900,6944431.184000,6.602264,880
509534.162900,6944431.248000,6.624648,880
509534.304800,6944431.274000,6.634925,880
509534.796700,6944431.364000,6.670890,880
509535.288500,6944431.453000,6.703243,880
509535.780400,6944431.543000,6.735101,880
509536.272300,6944431.633000,6.766979,880
509536.764200,6944431.723000,6.798820,880
509537.256100,6944431.812000,6.827793,880
509537.748000,6944431.902000,6.855987,880
509538.239800,6944431.992000,6.884159,880
509538.731700,6944432.081000,6.912320,880
509539.223600,6944432.171000,6.938993,880
509539.715500,6944432.261000,6.964875,880
509540.207400,6944432.351000,6.990753,880
509540.699200,6944432.440000,7.016633,880
509541.191100,6944432.530000,7.043818,880
509541.683000,6944432.620000,7.072203,880
509542.174900,6944432.710000,7.100590,880
509542.554300,6944432.779000,7.122535,880
509542.666800,6944432.799000,7.129319,880
509543.158700,6944432.889000,7.162346,880
509544.634300,6944433.158000,7.276877,880
509545.126200,6944433.248000,7.316743,880
509546.601800,6944433.517000,7.452260,880
509547.093700,6944433.607000,7.497471,880
509548.077500,6944433.786000,7.588576,880
509548.421000,6944433.849000,7.620423,880
509548.569400,6944433.876000,7.634986,880
509549.061200,6944433.966000,7.683377,880
509549.553100,6944434.056000,7.729003,880
509550.045000,6944434.145000,7.774583,880
509550.536900,6944434.235000,7.820148,880
509551.028800,6944434.325000,7.865628,880
509551.520600,6944434.415000,7.909592,880
509552.012500,6944434.504000,7.953237,880
509552.504400,6944434.594000,7.996797,880
509552.996300,6944434.684000,8.040195,880
509553.488200,6944434.774000,8.082650,880
509553.905500,6944434.850000,8.118310,880
509553.980100,6944434.863000,8.126076,880
509554.471900,6944434.953000,8.177370,880
509554.963800,6944435.043000,8.228634,880
509555.455700,6944435.132000,8.278378,880
509555.947600,6944435.222000,8.326899,880
509556.439500,6944435.312000,8.375429,880
509556.931300,6944435.402000,8.423949,880
509557.423200,6944435.491000,8.469665,880
509558.407000,6944435.671000,8.553172,880
509558.898900,6944435.761000,8.594926,880
509559.172800,6944435.811000,8.616197,880
509559.390700,6944435.850000,8.633122,880
509559.882600,6944435.940000,8.662004,880
509560.374500,6944436.030000,8.690836,880
509560.866400,6944436.120000,8.719693,880
509561.358300,6944436.209000,8.746402,880
509561.850200,6944436.299000,8.759747,880
509562.342000,6944436.389000,8.773071,880
509562.833900,6944436.478000,8.786287,880
509563.325800,6944436.568000,8.799581,880
509504.300000,6944425.800000,8.083794,885
509504.791900,6944425.890000,8.072175,885
509505.283800,6944425.979000,8.060579,885
509505.775600,6944426.069000,8.049005,885
509506.267500,6944426.159000,8.037448,885
509506.759400,6944426.249000,7.994437,885
509507.251300,6944426.338000,7.946072,885
509507.743200,6944426.428000,7.897873,885
509508.235100,6944426.518000,7.849727,885
509508.726900,6944426.608000,7.749235,885
509509.218800,6944426.697000,7.626830,885
509509.244900,6944426.702000,7.620423,885
509509.710700,6944426.787000,7.511851,885
509510.202600,6944426.877000,7.397559,885
509510.694500,6944426.967000,7.238031,885
509510.988400,6944427.020000,7.122535,885
509511.186300,6944427.056000,7.047944,885
509511.678200,6944427.146000,6.865009,885
509512.170100,6944427.236000,6.679807,885
509512.306200,6944427.261000,6.624648,885
509512.662000,6944427.325000,6.498031,885
509513.153900,6944427.415000,6.318892,885
509513.645800,6944427.505000,6.134712,885
509513.667300,6944427.509000,6.126761,885
509514.137600,6944427.595000,5.954467,885
509514.629500,6944427.684000,5.787615,885
509515.121400,6944427.774000,5.657250,885
509515.227200,6944427.793000,5.628873,885
509515.613300,6944427.864000,5.536464,885
509516.105200,6944427.954000,5.417904,885
509516.597000,6944428.043000,5.314312,885
509517.088900,6944428.133000,5.273419,885
509517.580800,6944428.223000,5.232051,885
509518.072700,6944428.313000,5.190919,885
509518.564600,6944428.402000,5.151947,885
509519.056500,6944428.492000,5.173178,885
509519.548300,6944428.582000,5.194411,885
509520.040200,6944428.672000,5.215638,885
509520.532100,6944428.761000,5.236867,885
509521.024000,6944428.851000,5.285494,885
509521.515900,6944428.941000,5.337084,885
509522.007700,6944429.030000,5.388777,885
509522.499600,6944429.120000,5.439941,885
509522.991500,6944429.210000,5.493891,885
509523.483400,6944429.300000,5.550015,885
509523.975300,6944429.389000,5.605824,885
509524.180700,6944429.427000,5.628873,885
509524.467100,6944429.479000,5.664978,885
509524.959000,6944429.569000,5.722482,885
509525.450900,6944429.659000,5.778352,885
509525.942800,6944429.748000,5.833975,885
509526.434700,6944429.838000,5.888728,885
509526.926600,6944429.928000,5.939575,885
509527.418400,6944430.018000,5.986974,885
509527.910300,6944430.107000,6.034577,885
509528.402200,6944430.197000,6.081806,885
509528.890500,6944430.286000,6.126761,885
509528.894100,6944430.287000,6.127083,885
509529.386000,6944430.376000,6.168648,885
509529.877800,6944430.466000,6.210195,885
509530.369700,6944430.556000,6.251750,885
509530.861600,6944430.646000,6.292319,885
509531.353500,6944430.735000,6.329045,885
509532.337300,6944430.915000,6.402516,885
509532.829100,6944431.005000,6.438974,885
509533.321000,6944431.094000,6.471672,885
509533.812900,6944431.184000,6.504351,885
509534.304800,6944431.274000,6.537015,885
509534.796700,6944431.364000,6.569696,885
509535.288500,6944431.453000,6.599193,885
509535.718000,6944431.532000,6.624648,885
509535.780400,6944431.543000,6.628825,885
509536.272300,6944431.633000,6.662177,885
509536.764200,6944431.723000,6.695469,885
509537.256100,6944431.812000,6.725793,885
509537.748000,6944431.902000,6.755298,885
509538.239800,6944431.992000,6.784768,885
509538.731700,6944432.081000,6.814211,885
509539.223600,6944432.171000,6.842060,885
509539.715500,6944432.261000,6.869061,885
509540.207400,6944432.351000,6.896049,885
509540.699200,6944432.440000,6.923032,885
509541.191100,6944432.530000,6.951206,885
509541.683000,6944432.620000,6.980470,885
509542.174900,6944432.710000,7.009731,885
509542.666800,6944432.799000,7.038998,885
509543.158700,6944432.889000,7.071154,885
509543.650500,6944432.979000,7.108033,885
509543.843200,6944433.014000,7.122535,885
509544.142400,6944433.069000,7.146084,885
509544.634300,6944433.158000,7.184895,885
509545.126200,6944433.248000,7.225339,885
509546.601800,6944433.517000,7.362072,885
509547.093700,6944433.607000,7.407679,885
509549.061200,6944433.966000,7.591103,885
509549.395400,6944434.027000,7.620423,885
509549.553100,6944434.056000,7.635090,885
509550.045000,6944434.145000,7.680892,885
509550.536900,6944434.235000,7.726722,885
509551.028800,6944434.325000,7.772514,885
509551.520600,6944434.415000,7.816684,885
509552.012500,6944434.504000,7.860542,885
509552.504400,6944434.594000,7.904355,885
509552.996300,6944434.684000,7.948051,885
509553.488200,6944434.774000,7.990727,885
509553.980100,6944434.863000,8.032945,885
509554.471900,6944434.953000,8.075061,885
509554.963800,6944435.043000,8.116985,885
509554.979900,6944435.046000,8.118310,885
509555.455700,6944435.132000,8.166487,885
509555.947600,6944435.222000,8.215063,885
509556.439500,6944435.312000,8.263650,885
509556.931300,6944435.402000,8.312224,885
509557.423200,6944435.491000,8.357966,885
509558.407000,6944435.671000,8.441464,885
509558.898900,6944435.761000,8.483212,885
509559.390700,6944435.850000,8.521375,885
509559.882600,6944435.940000,8.550126,885
509560.374500,6944436.030000,8.578876,885
509560.866400,6944436.120000,8.607627,885
509561.025000,6944436.148000,8.616197,885
509561.358300,6944436.209000,8.634228,885
509561.850200,6944436.299000,8.647400,885
509562.342000,6944436.389000,8.660573,885
509562.833900,6944436.478000,8.673712,885
509563.325800,6944436.568000,8.686874,885
509504.300000,6944425.800000,7.950309,890
509504.791900,6944425.890000,7.938425,890
509505.283800,6944425.979000,7.926555,890
509505.775600,6944426.069000,7.914697,890
509506.267500,6944426.159000,7.902849,890
509506.759400,6944426.249000,7.858791,890
509507.251300,6944426.338000,7.809356,890
509507.743200,6944426.428000,7.759996,890
509508.235100,6944426.518000,7.710605,890
509508.664200,6944426.596000,7.620423,890
509508.726900,6944426.608000,7.607818,890
509509.218800,6944426.697000,7.490792,890
509509.710700,6944426.787000,7.373790,890
509510.202600,6944426.877000,7.256915,890
509510.613200,6944426.952000,7.122535,890
509510.694500,6944426.967000,7.096917,890
509511.186300,6944427.056000,6.911322,890
509511.678200,6944427.146000,6.726973,890
509511.946900,6944427.195000,6.624648,890
509512.170100,6944427.236000,6.547808,890
509512.662000,6944427.325000,6.372059,890
509513.153900,6944427.415000,6.187788,890
509513.316600,6944427.445000,6.126761,890
509513.645800,6944427.505000,6.005519,890
509514.137600,6944427.595000,5.820222,890
509514.629500,6944427.684000,5.650343,890
509514.710400,6944427.699000,5.628873,890
509515.121400,6944427.774000,5.531930,890
509515.613300,6944427.864000,5.412831,890
509516.105200,6944427.954000,5.293211,890
509516.597000,6944428.043000,5.188086,890
509517.088900,6944428.133000,5.146044,890
509517.265500,6944428.165000,5.130986,890
509517.580800,6944428.223000,5.104846,890
509518.072700,6944428.313000,5.064170,890
509518.564600,6944428.402000,5.025620,890
509520.532100,6944428.761000,5.109428,890
509520.750600,6944428.801000,5.130986,890
509521.024000,6944428.851000,5.158585,890
509521.515900,6944428.941000,5.211692,890
509522.007700,6944429.030000,5.264828,890
509522.499600,6944429.120000,5.317650,890
509522.991500,6944429.210000,5.373507,890
509523.483400,6944429.300000,5.431213,890
509523.975300,6944429.389000,5.488737,890
509524.467100,6944429.479000,5.545363,890
509524.959000,6944429.569000,5.597495,890
509525.259900,6944429.624000,5.628873,890
509525.450900,6944429.659000,5.651250,890
509525.942800,6944429.748000,5.709288,890
509526.434700,6944429.838000,5.766099,890
509526.926600,6944429.928000,5.818714,890
509527.418400,6944430.018000,5.868054,890
509527.910300,6944430.107000,5.917876,890
509528.402200,6944430.197000,5.966960,890
509528.894100,6944430.287000,6.013843,890
509529.386000,6944430.376000,6.057088,890
509529.877800,6944430.466000,6.100377,890
509530.176600,6944430.521000,6.126761,890
509530.369700,6944430.556000,6.143577,890
509530.861600,6944430.646000,6.185787,890
509531.353500,6944430.735000,6.224013,890
509532.337300,6944430.915000,6.300470,890
509532.829100,6944431.005000,6.338408,890
509533.321000,6944431.094000,6.372429,890
509533.812900,6944431.184000,6.406437,890
509534.304800,6944431.274000,6.440434,890
509534.796700,6944431.364000,6.474443,890
509535.288500,6944431.453000,6.505122,890
509535.780400,6944431.543000,6.535429,890
509536.764200,6944431.723000,6.596164,890
509537.256100,6944431.812000,6.623898,890
509537.269600,6944431.815000,6.624648,890
509537.748000,6944431.902000,6.654609,890
509538.239800,6944431.992000,6.685376,890
509538.731700,6944432.081000,6.716102,890
509539.223600,6944432.171000,6.745127,890
509539.715500,6944432.261000,6.773246,890
509540.207400,6944432.351000,6.801345,890
509540.699200,6944432.440000,6.829430,890
509541.191100,6944432.530000,6.858595,890
509541.683000,6944432.620000,6.888737,890
509542.174900,6944432.710000,6.918872,890
509542.666800,6944432.799000,6.949016,890
509543.158700,6944432.889000,6.981944,890
509543.650500,6944432.979000,7.019431,890
509544.142400,6944433.069000,7.056918,890
509544.634300,6944433.158000,7.094398,890
509544.988900,6944433.223000,7.122535,890
509545.126200,6944433.248000,7.133935,890
509546.601800,6944433.517000,7.271885,890
509547.093700,6944433.607000,7.317886,890
509549.061200,6944433.966000,7.502526,890
509549.553100,6944434.056000,7.545920,890
509550.045000,6944434.145000,7.589216,890
509550.399200,6944434.210000,7.620423,890
509550.536900,6944434.235000,7.633296,890
509551.028800,6944434.325000,7.679399,890
509551.520600,6944434.415000,7.723775,890
509552.012500,6944434.504000,7.767846,890
509552.504400,6944434.594000,7.811913,890
509552.996300,6944434.684000,7.855908,890
509553.488200,6944434.774000,7.898804,890
509553.980100,6944434.863000,7.941225,890
509554.471900,6944434.953000,7.983582,890
509554.963800,6944435.043000,8.025790,890
509555.455700,6944435.132000,8.066512,890
509555.947600,6944435.222000,8.106067,890
509556.100000,6944435.250000,8.118310,890
509556.439500,6944435.312000,8.151871,890
509556.931300,6944435.402000,8.200499,890
509557.423200,6944435.491000,8.246267,890
509558.407000,6944435.671000,8.329755,890
509558.898900,6944435.761000,8.371498,890
509559.390700,6944435.850000,8.409628,890
509559.882600,6944435.940000,8.438273,890
509560.374500,6944436.030000,8.466916,890
509560.866400,6944436.120000,8.495560,890
509561.358300,6944436.209000,8.522053,890
509563.325800,6944436.568000,8.574166,890
509504.300000,6944425.800000,7.816824,895
509504.791900,6944425.890000,7.804675,895
509505.283800,6944425.979000,7.792531,895
509505.775600,6944426.069000,7.780390,895
509506.267500,6944426.159000,7.768250,895
509506.759400,6944426.249000,7.723145,895
509507.251300,6944426.338000,7.672641,895
509507.743200,6944426.428000,7.622120,895
509507.759800,6944426.431000,7.620423,895
509508.235100,6944426.518000,7.574300,895
509508.726900,6944426.608000,7.474913,895
509509.218800,6944426.697000,7.355182,895
509509.710700,6944426.787000,7.235729,895
509510.177200,6944426.872000,7.122535,895
509510.202600,6944426.877000,7.116675,895
509510.694500,6944426.967000,6.961346,895
509511.186300,6944427.056000,6.774700,895
509511.584500,6944427.129000,6.624648,895
509511.678200,6944427.146000,6.592731,895
509512.170100,6944427.236000,6.423009,895
509512.662000,6944427.325000,6.246088,895
509512.976400,6944427.383000,6.126761,895
509513.153900,6944427.415000,6.059609,895
509513.645800,6944427.505000,5.876702,895
509514.137600,6944427.595000,5.685978,895
509514.302500,6944427.625000,5.628873,895
509514.629500,6944427.684000,5.528224,895
509515.121400,6944427.774000,5.410029,895
509515.613300,6944427.864000,5.289198,895
509516.105200,6944427.954000,5.168519,895
509516.279600,6944427.985000,5.130986,895
509516.597000,6944428.043000,5.064146,895
509518.072700,6944428.313000,4.939411,895
509518.564600,6944428.402000,4.900003,895
509520.532100,6944428.761000,4.985372,895
509521.024000,6944428.851000,5.034930,895
509521.515900,6944428.941000,5.087744,895
509521.917700,6944429.014000,5.130986,895
509522.007700,6944429.030000,5.140879,895
509522.499600,6944429.120000,5.195360,895
509522.991500,6944429.210000,5.253123,895
509523.483400,6944429.300000,5.312411,895
509523.975300,6944429.389000,5.371650,895
509524.467100,6944429.479000,5.430265,895
509524.959000,6944429.569000,5.484381,895
509525.450900,6944429.659000,5.536990,895
509525.942800,6944429.748000,5.589835,895
509526.311200,6944429.816000,5.628873,895
509526.434700,6944429.838000,5.643470,895
509526.926600,6944429.928000,5.697852,895
509527.418400,6944430.018000,5.749135,895
509527.910300,6944430.107000,5.801175,895
509528.402200,6944430.197000,5.852114,895
509528.894100,6944430.287000,5.900604,895
509529.386000,6944430.376000,5.945537,895
509529.877800,6944430.466000,5.990700,895
509530.369700,6944430.556000,6.035578,895
509530.861600,6944430.646000,6.079259,895
509531.353500,6944430.735000,6.118981,895
509531.448700,6944430.753000,6.126761,895
509531.845400,6944430.825000,6.158702,895
509532.337300,6944430.915000,6.198423,895
509532.829100,6944431.005000,6.237843,895
509533.321000,6944431.094000,6.273187,895
509533.812900,6944431.184000,6.308524,895
509534.304800,6944431.274000,6.343853,895
509534.796700,6944431.364000,6.379190,895
509535.288500,6944431.453000,6.411051,895
509535.780400,6944431.543000,6.442560,895
509536.764200,6944431.723000,6.505669,895
509537.256100,6944431.812000,6.534490,895
509537.748000,6944431.902000,6.562591,895
509538.731700,6944432.081000,6.618799,895
509538.839100,6944432.101000,6.624648,895
509539.223600,6944432.171000,6.648194,895
509539.715500,6944432.261000,6.677432,895
509540.207400,6944432.351000,6.706641,895
509540.699200,6944432.440000,6.735829,895
509541.191100,6944432.530000,6.765984,895
509541.683000,6944432.620000,6.797004,895
509542.174900,6944432.710000,6.828013,895
509542.666800,6944432.799000,6.859034,895
509543.158700,6944432.889000,6.892734,895
509543.650500,6944432.979000,6.930828,895
509544.142400,6944433.069000,6.968929,895
509544.634300,6944433.158000,7.007030,895
509545.126200,6944433.248000,7.046565,895
509545.618100,6944433.338000,7.090619,895
509545.974100,6944433.403000,7.122535,895
509546.109900,6944433.427000,7.135309,895
509546.601800,6944433.517000,7.181698,895
509547.093700,6944433.607000,7.228094,895
509549.061200,6944433.966000,7.413950,895
509549.553100,6944434.056000,7.457628,895
509551.028800,6944434.325000,7.588365,895
509551.405200,6944434.394000,7.620423,895
509551.520600,6944434.415000,7.630867,895
509552.012500,6944434.504000,7.675151,895
509552.504400,6944434.594000,7.719471,895
509552.996300,6944434.684000,7.763764,895
509553.488200,6944434.774000,7.806881,895
509553.980100,6944434.863000,7.849505,895
509554.471900,6944434.953000,7.892102,895
509554.963800,6944435.043000,7.934595,895
509555.455700,6944435.132000,7.975547,895
509555.947600,6944435.222000,8.015292,895
509556.439500,6944435.312000,8.054947,895
509556.931300,6944435.402000,8.094442,895
509557.248600,6944435.460000,8.118310,895
509557.423200,6944435.491000,8.134569,895
509558.407000,6944435.671000,8.218046,895
509558.898900,6944435.761000,8.259783,895
509559.390700,6944435.850000,8.297881,895
509559.882600,6944435.940000,8.326420,895
509560.374500,6944436.030000,8.354955,895
509560.866400,6944436.120000,8.383493,895
509561.358300,6944436.209000,8.409878,895
509563.325800,6944436.568000,8.461458,895
509504.300000,6944425.800000,7.683340,900
509504.791900,6944425.890000,7.670924,900
509505.283800,6944425.979000,7.658506,900
509505.775600,6944426.069000,7.646083,900
509506.267500,6944426.159000,7.633651,900
509506.409300,6944426.185000,7.620423,900
509506.759400,6944426.249000,7.589317,900
509508.235100,6944426.518000,7.443188,900
509508.726900,6944426.608000,7.342009,900
509509.218800,6944426.697000,7.219571,900
509509.611800,6944426.769000,7.122535,900
509509.710700,6944426.787000,7.099365,900
509510.202600,6944426.877000,6.985138,900
509510.694500,6944426.967000,6.825776,900
509511.186300,6944427.056000,6.638077,900
509511.222000,6944427.063000,6.624648,900
509511.678200,6944427.146000,6.469361,900
509512.170100,6944427.236000,6.298209,900
509512.643800,6944427.322000,6.126761,900
509512.662000,6944427.325000,6.120173,900
509513.153900,6944427.415000,5.933978,900
509513.645800,6944427.505000,5.747884,900
509513.949000,6944427.560000,5.628873,900
509514.137600,6944427.595000,5.561890,900
509514.629500,6944427.684000,5.408913,900
509515.121400,6944427.774000,5.288128,900
509515.613300,6944427.864000,5.165565,900
509515.753900,6944427.890000,5.130986,900
509516.105200,6944427.954000,5.046780,900
509516.597000,6944428.043000,4.942096,900
509518.072700,6944428.313000,4.814652,900
509518.564600,6944428.402000,4.774385,900
509520.532100,6944428.761000,4.861315,900
509521.024000,6944428.851000,4.912180,900
509522.499600,6944429.120000,5.074858,900
509522.976800,6944429.207000,5.130986,900
509522.991500,6944429.210000,5.132739,900
509523.483400,6944429.300000,5.193609,900
509523.975300,6944429.389000,5.254563,900
509524.467100,6944429.479000,5.315167,900
509524.959000,6944429.569000,5.371267,900
509525.450900,6944429.659000,5.425475,900
509525.942800,6944429.748000,5.479887,900
509526.434700,6944429.838000,5.533594,900
509526.926600,6944429.928000,5.583244,900
509527.405800,6944430.015000,5.628873,900
509527.418400,6944430.018000,5.630215,900
509527.910300,6944430.107000,5.684474,900
509528.402200,6944430.197000,5.737268,900
509528.894100,6944430.287000,5.787364,900
509529.386000,6944430.376000,5.833986,900
509529.877800,6944430.466000,5.881022,900
509530.369700,6944430.556000,5.927611,900
509530.861600,6944430.646000,5.972734,900
509531.353500,6944430.735000,6.013949,900
509531.845400,6944430.825000,6.055212,900
509532.337300,6944430.915000,6.096426,900
509532.701300,6944430.981000,6.126761,900
509532.829100,6944431.005000,6.137277,900
509533.321000,6944431.094000,6.173945,900
509533.812900,6944431.184000,6.210611,900
509534.304800,6944431.274000,6.247273,900
509534.796700,6944431.364000,6.283938,900
509535.288500,6944431.453000,6.316980,900
509535.780400,6944431.543000,6.349691,900
509536.764200,6944431.723000,6.415174,900
509537.256100,6944431.812000,6.445082,900
509537.748000,6944431.902000,6.474246,900
509538.731700,6944432.081000,6.532579,900
509539.223600,6944432.171000,6.560112,900
509540.207400,6944432.351000,6.613458,900
509540.412400,6944432.388000,6.624648,900
509540.699200,6944432.440000,6.642227,900
509541.191100,6944432.530000,6.673372,900
509541.683000,6944432.620000,6.705271,900
509542.174900,6944432.710000,6.737154,900
509542.666800,6944432.799000,6.769052,900
509543.158700,6944432.889000,6.803524,900
509543.650500,6944432.979000,6.842225,900
509544.142400,6944433.069000,6.880940,900
509544.634300,6944433.158000,6.919661,900
509545.126200,6944433.248000,6.959770,900
509545.618100,6944433.338000,7.004218,900
509546.109900,6944433.427000,7.048659,900
509546.601800,6944433.517000,7.093094,900
509546.927500,6944433.577000,7.122535,900
509547.093700,6944433.607000,7.138301,900
509549.061200,6944433.966000,7.325373,900
509549.553100,6944434.056000,7.369336,900
509551.028800,6944434.325000,7.500924,900
509551.520600,6944434.415000,7.543060,900
509552.012500,6944434.504000,7.584836,900
509552.431300,6944434.581000,7.620423,900
509552.504400,6944434.594000,7.627029,900
509552.996300,6944434.684000,7.671620,900
509553.488200,6944434.774000,7.714958,900
509553.980100,6944434.863000,7.757786,900
509554.471900,6944434.953000,7.800623,900
509554.963800,6944435.043000,7.843400,900
509555.455700,6944435.132000,7.884582,900
509555.947600,6944435.222000,7.924516,900
509556.439500,6944435.312000,7.964397,900
509556.931300,6944435.402000,8.004157,900
509557.423200,6944435.491000,8.041364,900
509557.915100,6944435.581000,8.075090,900
509558.407000,6944435.671000,8.108696,900
509558.548100,6944435.697000,8.118310,900
509558.898900,6944435.761000,8.148069,900
509559.390700,6944435.850000,8.186134,900
509559.882600,6944435.940000,8.214566,900
509560.374500,6944436.030000,8.242995,900
509560.866400,6944436.120000,8.271426,900
509561.358300,6944436.209000,8.297703,900
509563.325800,6944436.568000,8.348750,900
509504.300000,6944425.800000,7.553610,905
509506.267500,6944426.159000,7.505657,905
509506.759400,6944426.249000,7.461162,905
509508.235100,6944426.518000,7.312076,905
509508.726900,6944426.608000,7.209104,905
509509.069300,6944426.670000,7.122535,905
509509.218800,6944426.697000,7.086449,905
509509.710700,6944426.787000,6.970728,905
509510.202600,6944426.877000,6.853601,905
509510.694500,6944426.967000,6.690205,905
509510.866200,6944426.998000,6.624648,905
509511.186300,6944427.056000,6.516265,905
509511.678200,6944427.146000,6.345990,905
509512.170100,6944427.236000,6.173410,905
509512.299000,6944427.259000,6.126761,905
509512.662000,6944427.325000,5.995265,905
509513.153900,6944427.415000,5.808347,905
509513.620900,6944427.500000,5.628873,905
509513.645800,6944427.505000,5.620019,905
509514.137600,6944427.595000,5.445321,905
509514.629500,6944427.684000,5.289603,905
509515.121400,6944427.774000,5.166227,905
509515.262300,6944427.800000,5.130986,905
509515.613300,6944427.864000,5.045509,905
509516.105200,6944427.954000,4.926314,905
509516.597000,6944428.043000,4.820046,905
509518.072700,6944428.313000,4.689893,905
509518.564600,6944428.402000,4.648768,905
509520.532100,6944428.761000,4.737259,905
509521.024000,6944428.851000,4.789430,905
509522.499600,6944429.120000,4.956344,905
509522.991500,6944429.210000,5.015835,905
509523.483400,6944429.300000,5.076553,905
509523.923700,6944429.380000,5.130986,905
509523.975300,6944429.389000,5.137476,905
509524.467100,6944429.479000,5.200070,905
509524.959000,6944429.569000,5.258153,905
509525.450900,6944429.659000,5.313960,905
509525.942800,6944429.748000,5.369939,905
509526.434700,6944429.838000,5.425441,905
509526.926600,6944429.928000,5.476952,905
509527.418400,6944430.018000,5.525330,905
509527.910300,6944430.107000,5.574730,905
509528.402200,6944430.197000,5.623152,905
509528.462800,6944430.208000,5.628873,905
509528.894100,6944430.287000,5.674124,905
509529.386000,6944430.376000,5.722435,905
509529.877800,6944430.466000,5.771345,905
509530.369700,6944430.556000,5.819644,905
509530.861600,6944430.646000,5.866210,905
509531.353500,6944430.735000,5.908917,905
509531.845400,6944430.825000,5.951744,905
509532.337300,6944430.915000,5.994545,905
509532.829100,6944431.005000,6.036716,905
509533.321000,6944431.094000,6.074715,905
509533.812900,6944431.184000,6.112702,905
509533.993400,6944431.217000,6.126761,905
509534.304800,6944431.274000,6.150692,905
509534.796700,6944431.364000,6.188685,905
509535.288500,6944431.453000,6.222909,905
509535.780400,6944431.543000,6.256822,905
509536.764200,6944431.723000,6.324679,905
509537.256100,6944431.812000,6.355675,905
509537.748000,6944431.902000,6.385901,905
509538.731700,6944432.081000,6.446358,905
509539.223600,6944432.171000,6.474869,905
509540.699200,6944432.440000,6.557691,905
509541.191100,6944432.530000,6.585980,905
509541.683000,6944432.620000,6.614858,905
509541.848800,6944432.650000,6.624648,905
509542.174900,6944432.710000,6.646295,905
509542.666800,6944432.799000,6.679070,905
509543.158700,6944432.889000,6.714314,905
509543.650500,6944432.979000,6.753622,905
509544.142400,6944433.069000,6.792951,905
509544.634300,6944433.158000,6.832293,905
509545.126200,6944433.248000,6.872974,905
509545.618100,6944433.338000,6.917817,905
509546.109900,6944433.427000,6.962656,905
509546.601800,6944433.517000,7.007512,905
509547.093700,6944433.607000,7.052330,905
509547.585600,6944433.697000,7.096976,905
509547.866800,6944433.748000,7.122535,905
509548.077500,6944433.786000,7.142652,905
509549.061200,6944433.966000,7.236796,905
509549.553100,6944434.056000,7.281043,905
509551.028800,6944434.325000,7.413483,905
509551.520600,6944434.415000,7.455898,905
509552.996300,6944434.684000,7.582062,905
509553.458600,6944434.768000,7.620423,905
509553.488200,6944434.774000,7.623034,905
509553.980100,6944434.863000,7.666066,905
509554.471900,6944434.953000,7.709144,905
509554.963800,6944435.043000,7.752205,905
509555.455700,6944435.132000,7.793617,905
509555.947600,6944435.222000,7.833741,905
509556.439500,6944435.312000,7.873847,905
509556.931300,6944435.402000,7.913872,905
509557.423200,6944435.491000,7.951310,905
509557.915100,6944435.581000,7.985196,905
509558.407000,6944435.671000,8.018999,905
509558.898900,6944435.761000,8.052677,905
509559.390700,6944435.850000,8.083230,905
509559.882600,6944435.940000,8.105881,905
509560.153600,6944435.990000,8.118310,905
509560.374500,6944436.030000,8.131034,905
509560.866400,6944436.120000,8.159359,905
509561.358300,6944436.209000,8.185528,905
509563.325800,6944436.568000,8.236042,905
509504.300000,6944425.800000,7.427229,910
509506.267500,6944426.159000,7.378383,910
509506.759400,6944426.249000,7.333007,910
509508.235100,6944426.518000,7.180964,910
509508.511000,6944426.568000,7.122535,910
509508.726900,6944426.608000,7.078732,910
509509.218800,6944426.697000,6.959586,910
509509.710700,6944426.787000,6.842092,910
509510.202600,6944426.877000,6.722064,910
509510.492400,6944426.930000,6.624648,910
509510.694500,6944426.967000,6.564706,910
509511.186300,6944427.056000,6.396066,910
509511.678200,6944427.146000,6.222620,910
509511.950600,6944427.196000,6.126761,910
509512.170100,6944427.236000,6.049757,910
509512.662000,6944427.325000,5.870357,910
509513.153900,6944427.415000,5.682716,910
509513.294000,6944427.441000,5.628873,910
509513.645800,6944427.505000,5.503726,910
509514.137600,6944427.595000,5.328753,910
509514.629500,6944427.684000,5.170293,910
509514.785300,6944427.713000,5.130986,910
509515.121400,6944427.774000,5.048043,910
509515.613300,6944427.864000,4.926840,910
509516.105200,6944427.954000,4.805848,910
509516.597000,6944428.043000,4.697995,910
509517.088900,6944428.133000,4.653708,910
509517.318700,6944428.175000,4.633099,910
509517.580800,6944428.223000,4.610044,910
509518.072700,6944428.313000,4.566933,910
509518.564600,6944428.402000,4.526043,910
509519.056500,6944428.492000,4.547949,910
509519.548300,6944428.582000,4.569858,910
509520.040200,6944428.672000,4.591775,910
509520.532100,6944428.761000,4.613705,910
509520.713900,6944428.794000,4.633099,910
509521.024000,6944428.851000,4.666680,910
509522.499600,6944429.120000,4.837830,910
509522.991500,6944429.210000,4.898983,910
509523.975300,6944429.389000,5.023900,910
509524.467100,6944429.479000,5.086360,910
509524.842400,6944429.548000,5.130986,910
509524.959000,6944429.569000,5.145039,910
509525.450900,6944429.659000,5.202445,910
509525.942800,6944429.748000,5.259991,910
509526.434700,6944429.838000,5.317288,910
509526.926600,6944429.928000,5.370660,910
509527.418400,6944430.018000,5.420605,910
509527.910300,6944430.107000,5.471319,910
509528.402200,6944430.197000,5.521301,910
509528.894100,6944430.287000,5.568708,910
509529.386000,6944430.376000,5.612939,910
509529.558300,6944430.408000,5.628873,910
509529.877800,6944430.466000,5.661667,910
509530.369700,6944430.556000,5.711677,910
509530.861600,6944430.646000,5.759685,910
509531.353500,6944430.735000,5.803885,910
509531.845400,6944430.825000,5.848276,910
509532.337300,6944430.915000,5.892663,910
509532.829100,6944431.005000,5.936154,910
509533.321000,6944431.094000,5.975495,910
509533.812900,6944431.184000,6.014815,910
509534.304800,6944431.274000,6.054205,910
509534.796700,6944431.364000,6.093438,910
509535.259300,6944431.448000,6.126761,910
509535.288500,6944431.453000,6.128838,910
509535.780400,6944431.543000,6.163954,910
509536.764200,6944431.723000,6.234184,910
509537.256100,6944431.812000,6.266267,910
509537.748000,6944431.902000,6.297557,910
509538.731700,6944432.081000,6.360137,910
509539.223600,6944432.171000,6.389627,910
509540.699200,6944432.440000,6.475250,910
509541.191100,6944432.530000,6.504383,910
509541.683000,6944432.620000,6.534029,910
509542.174900,6944432.710000,6.563663,910
509542.666800,6944432.799000,6.593312,910
509543.152400,6944432.888000,6.624648,910
509543.158700,6944432.889000,6.625104,910
509543.650500,6944432.979000,6.665019,910
509544.142400,6944433.069000,6.704962,910
509544.634300,6944433.158000,6.744924,910
509545.126200,6944433.248000,6.786179,910
509545.618100,6944433.338000,6.831416,910
509546.109900,6944433.427000,6.876654,910
509546.601800,6944433.517000,6.921930,910
509547.093700,6944433.607000,6.967172,910
509547.585600,6944433.697000,7.012122,910
509548.077500,6944433.786000,7.057054,910
509548.569400,6944433.876000,7.101982,910
509548.794100,6944433.917000,7.122535,910
509549.061200,6944433.966000,7.148219,910
509549.553100,6944434.056000,7.192751,910
509551.028800,6944434.325000,7.326042,910
509551.520600,6944434.415000,7.368737,910
509552.996300,6944434.684000,7.495736,910
509553.488200,6944434.774000,7.536815,910
509554.471900,6944434.953000,7.617844,910
509554.503100,6944434.959000,7.620423,910
509554.963800,6944435.043000,7.661010,910
509555.455700,6944435.132000,7.702652,910
509555.947600,6944435.222000,7.742965,910
509556.439500,6944435.312000,7.783296,910
509556.931300,6944435.402000,7.823587,910
509557.423200,6944435.491000,7.861256,910
509557.915100,6944435.581000,7.895302,910
509558.407000,6944435.671000,7.929301,910
509558.898900,6944435.761000,7.963212,910
509559.390700,6944435.850000,7.993982,910
509559.882600,6944435.940000,8.016746,910
509560.374500,6944436.030000,8.039431,910
509560.866400,6944436.120000,8.062021,910
509561.358300,6944436.209000,8.082780,910
509561.850200,6944436.299000,8.092704,910
509562.342000,6944436.389000,8.102592,910
509562.833900,6944436.478000,8.112441,910
509563.128200,6944436.532000,8.118310,910
509563.325800,6944436.568000,8.123334,910
509504.300000,6944425.800000,7.300849,915
509506.267500,6944426.159000,7.251108,915
509506.759400,6944426.249000,7.204853,915
509507.251300,6944426.338000,7.153186,915
509507.544000,6944426.392000,7.122535,915
509507.743200,6944426.428000,7.102655,915
509508.235100,6944426.518000,7.053787,915
509508.726900,6944426.608000,6.953091,915
509509.218800,6944426.697000,6.832723,915
509509.710700,6944426.787000,6.713455,915
509510.068200,6944426.852000,6.624648,915
509510.202600,6944426.877000,6.594996,915
509510.694500,6944426.967000,6.448636,915
509511.186300,6944427.056000,6.275868,915
509511.603300,6944427.132000,6.126761,915
509511.678200,6944427.146000,6.100324,915
509512.170100,6944427.236000,5.926789,915
509512.662000,6944427.325000,5.745449,915
509512.967100,6944427.381000,5.628873,915
509513.153900,6944427.415000,5.563382,915
509513.645800,6944427.505000,5.387434,915
509514.137600,6944427.595000,5.212184,915
509514.388300,6944427.640000,5.130986,915
509514.629500,6944427.684000,5.053901,915
509515.121400,6944427.774000,4.931371,915
509515.613300,6944427.864000,4.808172,915
509516.105200,6944427.954000,4.685381,915
509516.341800,6944427.997000,4.633099,915
509516.597000,6944428.043000,4.577437,915
509517.088900,6944428.133000,4.533436,915
509517.580800,6944428.223000,4.489447,915
509518.072700,6944428.313000,4.445477,915
509518.564600,6944428.402000,4.403730,915
509519.056500,6944428.492000,4.425995,915
509519.548300,6944428.582000,4.448255,915
509520.040200,6944428.672000,4.470515,915
509520.532100,6944428.761000,4.492778,915
509521.024000,6944428.851000,4.546241,915
509521.515900,6944428.941000,4.603163,915
509521.772800,6944428.988000,4.633099,915
509522.007700,6944429.030000,4.660854,915
509522.499600,6944429.120000,4.719316,915
509522.991500,6944429.210000,4.782131,915
509523.975300,6944429.389000,4.910530,915
509524.467100,6944429.479000,4.974734,915
509524.959000,6944429.569000,5.034700,915
509525.450900,6944429.659000,5.092086,915
509525.782700,6944429.719000,5.130986,915
509525.942800,6944429.748000,5.150044,915
509526.434700,6944429.838000,5.209135,915
509526.926600,6944429.928000,5.264368,915
509527.418400,6944430.018000,5.315879,915
509527.910300,6944430.107000,5.367908,915
509528.402200,6944430.197000,5.419449,915
509528.894100,6944430.287000,5.468499,915
509529.386000,6944430.376000,5.514132,915
509529.877800,6944430.466000,5.560470,915
509530.369700,6944430.556000,5.606440,915
509530.618400,6944430.601000,5.628873,915
509530.861600,6944430.646000,5.653160,915
509531.353500,6944430.735000,5.698853,915
509531.845400,6944430.825000,5.744807,915
509532.337300,6944430.915000,5.790782,915
509532.829100,6944431.005000,5.835593,915
509533.321000,6944431.094000,5.876276,915
509533.812900,6944431.184000,5.916929,915
509534.304800,6944431.274000,5.957749,915
509534.796700,6944431.364000,5.998202,915
509535.288500,6944431.453000,6.034806,915
509535.780400,6944431.543000,6.071108,915
509536.272300,6944431.633000,6.107405,915
509536.533200,6944431.680000,6.126761,915
509536.764200,6944431.723000,6.143689,915
509537.256100,6944431.812000,6.176860,915
509537.748000,6944431.902000,6.209212,915
509538.731700,6944432.081000,6.273917,915
509539.223600,6944432.171000,6.304384,915
509540.699200,6944432.440000,6.392810,915
509541.191100,6944432.530000,6.422786,915
509541.683000,6944432.620000,6.453200,915
509542.174900,6944432.710000,6.483604,915
509542.666800,6944432.799000,6.514020,915
509543.158700,6944432.889000,6.546448,915
509544.142400,6944433.069000,6.617891,915
509544.234900,6944433.085000,6.624648,915
509544.634300,6944433.158000,6.657556,915
509545.126200,6944433.248000,6.699383,915
509545.618100,6944433.338000,6.745015,915
509546.109900,6944433.427000,6.790651,915
509546.601800,6944433.517000,6.836347,915
509547.093700,6944433.607000,6.882014,915
509547.585600,6944433.697000,6.927268,915
509548.077500,6944433.786000,6.972501,915
509548.569400,6944433.876000,7.017766,915
509549.061200,6944433.966000,7.062995,915
509549.553100,6944434.056000,7.105425,915
509549.751600,6944434.092000,7.122535,915
509550.045000,6944434.145000,7.149173,915
509551.028800,6944434.325000,7.238601,915
509551.520600,6944434.415000,7.281575,915
509552.996300,6944434.684000,7.409411,915
509553.488200,6944434.774000,7.450763,915
509554.963800,6944435.043000,7.573121,915
509555.455700,6944435.132000,7.612262,915
509555.561600,6944435.152000,7.620423,915
509555.947600,6944435.222000,7.652190,915
509556.439500,6944435.312000,7.692746,915
509556.931300,6944435.402000,7.733302,915
509557.423200,6944435.491000,7.771201,915
509557.915100,6944435.581000,7.805409,915
509558.407000,6944435.671000,7.839604,915
509558.898900,6944435.761000,7.873747,915
509559.390700,6944435.850000,7.904734,915
509559.882600,6944435.940000,7.927612,915
509560.374500,6944436.030000,7.950438,915
509560.866400,6944436.120000,7.973196,915
509561.358300,6944436.209000,7.994128,915
509561.850200,6944436.299000,8.004114,915
509562.342000,6944436.389000,8.014073,915
509562.833900,6944436.478000,8.024003,915
509563.325800,6944436.568000,8.033900,915
509504.300000,6944425.800000,7.174468,920
509506.267500,6944426.159000,7.123834,920
509506.281200,6944426.161000,7.122535,920
509506.759400,6944426.249000,7.079091,920
509507.251300,6944426.338000,7.029296,920
509507.743200,6944426.428000,6.979563,920
509508.235100,6944426.518000,6.929774,920
509508.726900,6944426.608000,6.827451,920
509509.218800,6944426.697000,6.705859,920
509509.550300,6944426.758000,6.624648,920
509509.710700,6944426.787000,6.589607,920
509510.202600,6944426.877000,6.480686,920
509510.694500,6944426.967000,6.332567,920
509511.186300,6944427.056000,6.155669,920
509511.267200,6944427.071000,6.126761,920
509511.678200,6944427.146000,5.981772,920
509512.170100,6944427.236000,5.803821,920
509512.640000,6944427.321000,5.628873,920
509512.662000,6944427.325000,5.621451,920
509513.153900,6944427.415000,5.448771,920
509513.645800,6944427.505000,5.271141,920
509514.038700,6944427.577000,5.130986,920
509514.137600,6944427.595000,5.096477,920
509514.629500,6944427.684000,4.938944,920
509515.121400,6944427.774000,4.814699,920
509515.613300,6944427.864000,4.689503,920
509515.837800,6944427.905000,4.633099,920
509516.105200,6944427.954000,4.567109,920
509516.597000,6944428.043000,4.458572,920
509517.088900,6944428.133000,4.413704,920
509517.580800,6944428.223000,4.368849,920
509518.072700,6944428.313000,4.324020,920
509518.564600,6944428.402000,4.281418,920
509519.056500,6944428.492000,4.304042,920
509519.548300,6944428.582000,4.326653,920
509520.040200,6944428.672000,4.349254,920
509520.532100,6944428.761000,4.371852,920
509521.024000,6944428.851000,4.426672,920
509521.515900,6944428.941000,4.484871,920
509522.007700,6944429.030000,4.543184,920
509522.499600,6944429.120000,4.601566,920
509522.744300,6944429.165000,4.633099,920
509522.991500,6944429.210000,4.665278,920
509523.975300,6944429.389000,4.797159,920
509524.467100,6944429.479000,4.863109,920
509524.959000,6944429.569000,4.924754,920
509526.434700,6944429.838000,5.101857,920
509526.691000,6944429.885000,5.130986,920
509526.926600,6944429.928000,5.158076,920
509527.418400,6944430.018000,5.211154,920
509527.910300,6944430.107000,5.264497,920
509528.402200,6944430.197000,5.317598,920
509528.894100,6944430.287000,5.368290,920
509529.386000,6944430.376000,5.415325,920
509529.877800,6944430.466000,5.462890,920
509530.369700,6944430.556000,5.510186,920
509530.861600,6944430.646000,5.555699,920
509531.353500,6944430.735000,5.597659,920
509531.714900,6944430.801000,5.628873,920
509531.845400,6944430.825000,5.641339,920
509532.337300,6944430.915000,5.688900,920
509532.829100,6944431.005000,5.735031,920
509533.321000,6944431.094000,5.777056,920
509533.812900,6944431.184000,5.819042,920
509534.304800,6944431.274000,5.861293,920
509534.796700,6944431.364000,5.902965,920
509535.288500,6944431.453000,5.940774,920
509535.780400,6944431.543000,5.978278,920
509536.272300,6944431.633000,6.015810,920
509536.764200,6944431.723000,6.053223,920
509537.256100,6944431.812000,6.087459,920
509537.748000,6944431.902000,6.120870,920
509537.833900,6944431.918000,6.126761,920
509538.239800,6944431.992000,6.154282,920
509538.731700,6944432.081000,6.187696,920
509539.223600,6944432.171000,6.219142,920
509540.699200,6944432.440000,6.310369,920
509541.191100,6944432.530000,6.341189,920
509541.683000,6944432.620000,6.372371,920
509542.174900,6944432.710000,6.403544,920
509542.666800,6944432.799000,6.434727,920
509543.158700,6944432.889000,6.467846,920
509544.634300,6944433.158000,6.576713,920
509545.126200,6944433.248000,6.614036,920
509545.254600,6944433.271000,6.624648,920
509545.618100,6944433.338000,6.658614,920
509546.109900,6944433.427000,6.704648,920
509546.601800,6944433.517000,6.750765,920
509547.093700,6944433.607000,6.796856,920
509547.585600,6944433.697000,6.842413,920
509548.077500,6944433.786000,6.887948,920
509548.569400,6944433.876000,6.933550,920
509549.061200,6944433.966000,6.979139,920
509549.553100,6944434.056000,7.021855,920
509550.045000,6944434.145000,7.064459,920
509550.536900,6944434.235000,7.107050,920
509550.715500,6944434.268000,7.122535,920
509551.028800,6944434.325000,7.151160,920
509551.520600,6944434.415000,7.194414,920
509552.996300,6944434.684000,7.323085,920
509553.488200,6944434.774000,7.364711,920
509554.963800,6944435.043000,7.487882,920
509555.455700,6944435.132000,7.527290,920
509556.439500,6944435.312000,7.603424,920
509556.658700,6944435.352000,7.620423,920
509556.931300,6944435.402000,7.643017,920
509557.423200,6944435.491000,7.681147,920
509557.915100,6944435.581000,7.715515,920
509558.407000,6944435.671000,7.749907,920
509558.898900,6944435.761000,7.784282,920
509559.390700,6944435.850000,7.815486,920
509559.882600,6944435.940000,7.838477,920
509560.374500,6944436.030000,7.861445,920
509560.866400,6944436.120000,7.884371,920
509561.358300,6944436.209000,7.905476,920
509561.850200,6944436.299000,7.915524,920
509562.342000,6944436.389000,7.925554,920
509562.833900,6944436.478000,7.935564,920
509563.325800,6944436.568000,7.945551,920
509504.300000,6944425.800000,7.051767,925
509504.791900,6944425.890000,7.039559,925
509505.283800,6944425.979000,7.027357,925
509505.775600,6944426.069000,7.015157,925
509506.267500,6944426.159000,7.002959,925
509506.759400,6944426.249000,6.957626,925
509507.251300,6944426.338000,6.907041,925
509507.743200,6944426.428000,6.856471,925
509508.235100,6944426.518000,6.805761,925
509508.726900,6944426.608000,6.701810,925
509509.037100,6944426.664000,6.624648,925
509509.218800,6944426.697000,6.584564,925
509509.710700,6944426.787000,6.476437,925
509510.202600,6944426.877000,6.366376,925
509510.694500,6944426.967000,6.216498,925
509510.942600,6944427.012000,6.126761,925
509511.186300,6944427.056000,6.038951,925
509511.678200,6944427.146000,5.863220,925
509512.170100,6944427.236000,5.680852,925
509512.309700,6944427.261000,5.628873,925
509512.662000,6944427.325000,5.510186,925
509513.153900,6944427.415000,5.334161,925
509513.645800,6944427.505000,5.154848,925
509513.712700,6944427.517000,5.130986,925
509514.137600,6944427.595000,4.982747,925
509514.629500,6944427.684000,4.823986,925
509515.121400,6944427.774000,4.698027,925
509515.374600,6944427.820000,4.633099,925
509515.613300,6944427.864000,4.572839,925
509516.105200,6944427.954000,4.450519,925
509516.597000,6944428.043000,4.339708,925
509517.088900,6944428.133000,4.293972,925
509517.580800,6944428.223000,4.248252,925
509518.072700,6944428.313000,4.202563,925
509518.564600,6944428.402000,4.159105,925
509519.056500,6944428.492000,4.182088,925
509519.548300,6944428.582000,4.205050,925
509520.040200,6944428.672000,4.227994,925
509520.532100,6944428.761000,4.250926,925
509521.024000,6944428.851000,4.307104,925
509521.515900,6944428.941000,4.366580,925
509522.007700,6944429.030000,4.426193,925
509522.499600,6944429.120000,4.485856,925
509522.991500,6944429.210000,4.550526,925
509523.483400,6944429.300000,4.616517,925
509523.605500,6944429.322000,4.633099,925
509523.975300,6944429.389000,4.683789,925
509524.467100,6944429.479000,4.751484,925
509524.959000,6944429.569000,4.814808,925
509526.434700,6944429.838000,4.996855,925
509526.926600,6944429.928000,5.053909,925
509527.418400,6944430.018000,5.107074,925
509527.637900,6944430.058000,5.130986,925
509527.910300,6944430.107000,5.161086,925
509528.402200,6944430.197000,5.215746,925
509528.894100,6944430.287000,5.268081,925
509529.386000,6944430.376000,5.316518,925
509529.877800,6944430.466000,5.365311,925
509530.369700,6944430.556000,5.413933,925
509530.861600,6944430.646000,5.460916,925
509531.353500,6944430.735000,5.504127,925
509531.845400,6944430.825000,5.547642,925
509532.337300,6944430.915000,5.591395,925
509532.770500,6944430.994000,5.628873,925
509532.829100,6944431.005000,5.634470,925
509533.321000,6944431.094000,5.677837,925
509533.812900,6944431.184000,5.721155,925
509534.304800,6944431.274000,5.764837,925
509534.796700,6944431.364000,5.807729,925
509535.288500,6944431.453000,5.846742,925
509535.780400,6944431.543000,5.885449,925
509536.272300,6944431.633000,5.924215,925
509536.764200,6944431.723000,5.962764,925
509537.256100,6944431.812000,5.998066,925
509537.748000,6944431.902000,6.032569,925
509538.239800,6944431.992000,6.067033,925
509538.731700,6944432.081000,6.101488,925
509539.114300,6944432.151000,6.126761,925
509539.223600,6944432.171000,6.133899,925
509540.699200,6944432.440000,6.227929,925
509541.191100,6944432.530000,6.259592,925
509541.683000,6944432.620000,6.291541,925
509542.174900,6944432.710000,6.323485,925
509542.666800,6944432.799000,6.355434,925
509543.158700,6944432.889000,6.389245,925
509544.634300,6944433.158000,6.499813,925
509545.126200,6944433.248000,6.537662,925
509545.618100,6944433.338000,6.578549,925
509546.109900,6944433.427000,6.619376,925
509546.173100,6944433.439000,6.624648,925
509546.601800,6944433.517000,6.665183,925
509547.093700,6944433.607000,6.711698,925
509547.585600,6944433.697000,6.757559,925
509548.077500,6944433.786000,6.803395,925
509548.569400,6944433.876000,6.849335,925
509549.061200,6944433.966000,6.895283,925
509549.553100,6944434.056000,6.938285,925
509550.045000,6944434.145000,6.981175,925
509550.536900,6944434.235000,7.024086,925
509551.028800,6944434.325000,7.066960,925
509551.520600,6944434.415000,7.108098,925
509551.694400,6944434.446000,7.122535,925
509552.012500,6944434.504000,7.150421,925
509552.996300,6944434.684000,7.236759,925
509553.488200,6944434.774000,7.278659,925
509554.963800,6944435.043000,7.402644,925
509555.455700,6944435.132000,7.442317,925
509556.931300,6944435.402000,7.557303,925
509557.423200,6944435.491000,7.593086,925
509557.840900,6944435.568000,7.620423,925
509557.915100,6944435.581000,7.625621,925
509558.407000,6944435.671000,7.660210,925
509558.898900,6944435.761000,7.694818,925
509559.390700,6944435.850000,7.726237,925
509559.882600,6944435.940000,7.749342,925
509560.374500,6944436.030000,7.772452,925
509560.866400,6944436.120000,7.795546,925
509561.358300,6944436.209000,7.816824,925
509561.850200,6944436.299000,7.826934,925
509562.342000,6944436.389000,7.837036,925
509562.833900,6944436.478000,7.847126,925
509563.325800,6944436.568000,7.857202,925
509504.300000,6944425.800000,6.931634,930
509504.791900,6944425.890000,6.919267,930
509505.283800,6944425.979000,6.906899,930
509505.775600,6944426.069000,6.894528,930
509506.267500,6944426.159000,6.882150,930
509506.759400,6944426.249000,6.836162,930
509507.251300,6944426.338000,6.784785,930
509507.743200,6944426.428000,6.733379,930
509508.235100,6944426.518000,6.681749,930
509508.502700,6944426.567000,6.624648,930
509508.726900,6944426.608000,6.582366,930
509509.218800,6944426.697000,6.473176,930
509509.710700,6944426.787000,6.363267,930
509510.202600,6944426.877000,6.252066,930
509510.610100,6944426.951000,6.126761,930
509510.694500,6944426.967000,6.100761,930
509511.186300,6944427.056000,5.923335,930
509511.678200,6944427.146000,5.744667,930
509511.987400,6944427.202000,5.628873,930
509512.170100,6944427.236000,5.566455,930
509512.662000,6944427.325000,5.398922,930
509513.153900,6944427.415000,5.219550,930
509513.396300,6944427.459000,5.130986,930
509513.645800,6944427.505000,5.042548,930
509514.137600,6944427.595000,4.869017,930
509514.629500,6944427.684000,4.709029,930
509514.923800,6944427.738000,4.633099,930
509515.121400,6944427.774000,4.582530,930
509515.613300,6944427.864000,4.457992,930
509516.105200,6944427.954000,4.333928,930
509516.597000,6944428.043000,4.220844,930
509517.088900,6944428.133000,4.174239,930
509517.501500,6944428.208000,4.135211,930
509517.580800,6944428.223000,4.127999,930
509518.072700,6944428.313000,4.083563,930
509518.564600,6944428.402000,4.041302,930
509520.532100,6944428.761000,4.130229,930
509520.576200,6944428.769000,4.135211,930
509521.024000,6944428.851000,4.187535,930
509521.515900,6944428.941000,4.248288,930
509522.007700,6944429.030000,4.309202,930
509522.499600,6944429.120000,4.370145,930
509522.991500,6944429.210000,4.436573,930
509523.483400,6944429.300000,4.504183,930
509523.975300,6944429.389000,4.571856,930
509524.418600,6944429.470000,4.633099,930
509524.467100,6944429.479000,4.639858,930
509524.959000,6944429.569000,4.704862,930
509526.434700,6944429.838000,4.891854,930
509526.926600,6944429.928000,4.950468,930
509528.402200,6944430.197000,5.114367,930
509528.556200,6944430.225000,5.130986,930
509528.894100,6944430.287000,5.167872,930
509529.386000,6944430.376000,5.217711,930
509529.877800,6944430.466000,5.267731,930
509530.369700,6944430.556000,5.317679,930
509530.861600,6944430.646000,5.366132,930
509531.353500,6944430.735000,5.410595,930
509531.845400,6944430.825000,5.455283,930
509532.337300,6944430.915000,5.500167,930
509532.829100,6944431.005000,5.543959,930
509533.321000,6944431.094000,5.583892,930
509533.812900,6944431.184000,5.623852,930
509533.873200,6944431.195000,5.628873,930
509534.304800,6944431.274000,5.668381,930
509534.796700,6944431.364000,5.712492,930
509535.288500,6944431.453000,5.752710,930
509535.780400,6944431.543000,5.792619,930
509536.272300,6944431.633000,5.832620,930
509536.764200,6944431.723000,5.872305,930
509537.256100,6944431.812000,5.908674,930
509537.748000,6944431.902000,5.944268,930
509538.239800,6944431.992000,5.979799,930
509538.731700,6944432.081000,6.015309,930
509539.223600,6944432.171000,6.048657,930
509539.715500,6944432.261000,6.080955,930
509540.207400,6944432.351000,6.113219,930
509540.412500,6944432.388000,6.126761,930
509540.699200,6944432.440000,6.145489,930
509541.191100,6944432.530000,6.177995,930
509541.683000,6944432.620000,6.210712,930
509542.174900,6944432.710000,6.243425,930
509542.666800,6944432.799000,6.276142,930
509543.158700,6944432.889000,6.310643,930
509544.634300,6944433.158000,6.422913,930
509545.126200,6944433.248000,6.461288,930
509545.618100,6944433.338000,6.502587,930
509546.109900,6944433.427000,6.543835,930
509546.601800,6944433.517000,6.585106,930
509547.073800,6944433.603000,6.624648,930
509547.093700,6944433.607000,6.626541,930
509547.585600,6944433.697000,6.672704,930
509548.077500,6944433.786000,6.718842,930
509548.569400,6944433.876000,6.765119,930
509549.061200,6944433.966000,6.811427,930
509549.553100,6944434.056000,6.854714,930
509550.045000,6944434.145000,6.897891,930
509550.536900,6944434.235000,6.941121,930
509551.028800,6944434.325000,6.984338,930
509551.520600,6944434.415000,7.025764,930
509552.012500,6944434.504000,7.066819,930
509552.504400,6944434.594000,7.107859,930
509552.680100,6944434.626000,7.122535,930
509552.996300,6944434.684000,7.150433,930
509553.488200,6944434.774000,7.192607,930
509554.963800,6944435.043000,7.317406,930
509555.455700,6944435.132000,7.357345,930
509556.931300,6944435.402000,7.473115,930
509557.423200,6944435.491000,7.509152,930
509558.898900,6944435.761000,7.606406,930
509559.132900,6944435.803000,7.620423,930
509559.390700,6944435.850000,7.636989,930
509559.882600,6944435.940000,7.660208,930
509560.374500,6944436.030000,7.683458,930
509560.866400,6944436.120000,7.706721,930
509561.358300,6944436.209000,7.728172,930
509561.850200,6944436.299000,7.738344,930
509562.342000,6944436.389000,7.748517,930
509562.833900,6944436.478000,7.758688,930
509563.325800,6944436.568000,7.768853,930
509504.300000,6944425.800000,6.811500,935
509504.791900,6944425.890000,6.798976,935
509505.283800,6944425.979000,6.786442,935
509505.775600,6944426.069000,6.773898,935
509506.267500,6944426.159000,6.761340,935
509506.759400,6944426.249000,6.714698,935
509507.251300,6944426.338000,6.662530,935
509507.608600,6944426.404000,6.624648,935
509507.743200,6944426.428000,6.612073,935
509508.235100,6944426.518000,6.566198,935
509508.726900,6944426.608000,6.472785,935
509509.218800,6944426.697000,6.361787,935
509509.710700,6944426.787000,6.250097,935
509510.202600,6944426.877000,6.137756,935
509510.238300,6944426.883000,6.126761,935
509510.694500,6944426.967000,5.986159,935
509511.186300,6944427.056000,5.807719,935
509511.670900,6944427.145000,5.628873,935
509511.678200,6944427.146000,5.626368,935
509512.170100,6944427.236000,5.458333,935
509512.662000,6944427.325000,5.287657,935
509513.085500,6944427.403000,5.130986,935
509513.153900,6944427.415000,5.106397,935
509513.645800,6944427.505000,4.931279,935
509514.137600,6944427.595000,4.755287,935
509514.511400,6944427.663000,4.633099,935
509514.629500,6944427.684000,4.594913,935
509515.121400,6944427.774000,4.468508,935
509515.613300,6944427.864000,4.343144,935
509516.105200,6944427.954000,4.217338,935
509516.457300,6944428.018000,4.135211,935
509516.597000,6944428.043000,4.103490,935
509517.088900,6944428.133000,4.058182,935
509517.580800,6944428.223000,4.012891,935
509518.072700,6944428.313000,3.967620,935
509518.564600,6944428.402000,3.924595,935
509520.532100,6944428.761000,4.014624,935
509521.024000,6944428.851000,4.070765,935
509521.515900,6944428.941000,4.130215,935
509521.556700,6944428.948000,4.135211,935
509522.007700,6944429.030000,4.192211,935
509522.499600,6944429.120000,4.254435,935
509522.991500,6944429.210000,4.322620,935
509523.483400,6944429.300000,4.391850,935
509523.975300,6944429.389000,4.461087,935
509524.467100,6944429.479000,4.530525,935
509524.959000,6944429.569000,4.595783,935
509525.250800,6944429.622000,4.633099,935
509525.450900,6944429.659000,4.658895,935
509526.434700,6944429.838000,4.786852,935
509526.926600,6944429.928000,4.847027,935
509528.402200,6944430.197000,5.015328,935
509528.894100,6944430.287000,5.069295,935
509529.386000,6944430.376000,5.119208,935
509529.500800,6944430.397000,5.130986,935
509529.877800,6944430.466000,5.170151,935
509530.369700,6944430.556000,5.221425,935
509530.861600,6944430.646000,5.271348,935
509531.353500,6944430.735000,5.317064,935
509531.845400,6944430.825000,5.362924,935
509532.337300,6944430.915000,5.408938,935
509532.829100,6944431.005000,5.454039,935
509533.321000,6944431.094000,5.495087,935
509533.812900,6944431.184000,5.536149,935
509534.304800,6944431.274000,5.577686,935
509534.796700,6944431.364000,5.618439,935
509534.933400,6944431.389000,5.628873,935
509535.288500,6944431.453000,5.658678,935
509535.780400,6944431.543000,5.699789,935
509536.272300,6944431.633000,5.741025,935
509536.764200,6944431.723000,5.781845,935
509537.256100,6944431.812000,5.819281,935
509537.748000,6944431.902000,5.855967,935
509538.239800,6944431.992000,5.892566,935
509538.731700,6944432.081000,5.929130,935
509539.223600,6944432.171000,5.963414,935
509539.715500,6944432.261000,5.996684,935
509540.207400,6944432.351000,6.029895,935
509540.699200,6944432.440000,6.063079,935
509541.191100,6944432.530000,6.096400,935
509541.636700,6944432.611000,6.126761,935
509541.683000,6944432.620000,6.129883,935
509542.174900,6944432.710000,6.163366,935
509542.666800,6944432.799000,6.196849,935
509543.158700,6944432.889000,6.232042,935
509544.634300,6944433.158000,6.346014,935
509545.126200,6944433.248000,6.384914,935
509545.618100,6944433.338000,6.426625,935
509546.109900,6944433.427000,6.468295,935
509546.601800,6944433.517000,6.509983,935
509547.093700,6944433.607000,6.551593,935
509547.585600,6944433.697000,6.592399,935
509547.975100,6944433.768000,6.624648,935
509548.077500,6944433.786000,6.634288,935
509548.569400,6944433.876000,6.680903,935
509549.061200,6944433.966000,6.727572,935
509549.553100,6944434.056000,6.771144,935
509550.045000,6944434.145000,6.814606,935
509550.536900,6944434.235000,6.858156,935
509551.028800,6944434.325000,6.901716,935
509551.520600,6944434.415000,6.943429,935
509552.012500,6944434.504000,6.984767,935
509552.504400,6944434.594000,7.026117,935
509552.996300,6944434.684000,7.067435,935
509553.488200,6944434.774000,7.107470,935
509553.675500,6944434.808000,7.122535,935
509553.980100,6944434.863000,7.148425,935
509554.963800,6944435.043000,7.232168,935
509555.455700,6944435.132000,7.272373,935
509556.931300,6944435.402000,7.388927,935
509557.423200,6944435.491000,7.425217,935
509558.898900,6944435.761000,7.523197,935
509559.390700,6944435.850000,7.552846,935
509560.866400,6944436.120000,7.618079,935
509560.923800,6944436.130000,7.620423,935
509561.358300,6944436.209000,7.639520,935
509561.850200,6944436.299000,7.649754,935
509562.342000,6944436.389000,7.659998,935
509562.833900,6944436.478000,7.670249,935
509563.325800,6944436.568000,7.680505,935
509504.300000,6944425.800000,6.691367,940
509504.791900,6944425.890000,6.678684,940
509505.283800,6944425.979000,6.665985,940
509505.775600,6944426.069000,6.653268,940
509506.267500,6944426.159000,6.640531,940
509506.433300,6944426.189000,6.624648,940
509506.759400,6944426.249000,6.597055,940
509507.251300,6944426.338000,6.550644,940
509507.743200,6944426.428000,6.504286,940
509508.235100,6944426.518000,6.457868,940
509508.726900,6944426.608000,6.363203,940
509509.218800,6944426.697000,6.250399,940
509509.710700,6944426.787000,6.136927,940
509509.755200,6944426.795000,6.126761,940
509510.202600,6944426.877000,6.023824,940
509510.694500,6944426.967000,5.871556,940
509511.186300,6944427.056000,5.692103,940
509511.357700,6944427.088000,5.628873,940
509511.678200,6944427.146000,5.518673,940
509512.170100,6944427.236000,5.350210,940
509512.662000,6944427.325000,5.176393,940
509512.784700,6944427.348000,5.130986,940
509513.153900,6944427.415000,4.998202,940
509513.645800,6944427.505000,4.820010,940
509514.137600,6944427.595000,4.641557,940
509514.163500,6944427.599000,4.633099,940
509514.629500,6944427.684000,4.482433,940
509515.121400,6944427.774000,4.354486,940
509515.613300,6944427.864000,4.228297,940
509515.973700,6944427.930000,4.135211,940
509516.105200,6944427.954000,4.101906,940
509516.597000,6944428.043000,3.990032,940
509517.088900,6944428.133000,3.943902,940
509517.580800,6944428.223000,3.897784,940
509518.072700,6944428.313000,3.851677,940
509518.564600,6944428.402000,3.807887,940
509520.532100,6944428.761000,3.899020,940
509521.024000,6944428.851000,3.956173,940
509521.515900,6944428.941000,4.016873,940
509522.007700,6944429.030000,4.077705,940
509522.472100,6944429.115000,4.135211,940
509522.499600,6944429.120000,4.138724,940
509522.991500,6944429.210000,4.208666,940
509523.483400,6944429.300000,4.279516,940
509523.975300,6944429.389000,4.350317,940
509524.467100,6944429.479000,4.421340,940
509524.959000,6944429.569000,4.488334,940
509525.450900,6944429.659000,4.552389,940
509525.942800,6944429.748000,4.616578,940
509526.067800,6944429.771000,4.633099,940
509526.434700,6944429.838000,4.681851,940
509526.926600,6944429.928000,4.743587,940
509528.402200,6944430.197000,4.916289,940
509528.894100,6944430.287000,4.971668,940
509530.369700,6944430.556000,5.125325,940
509530.424600,6944430.566000,5.130986,940
509530.861600,6944430.646000,5.176564,940
509531.353500,6944430.735000,5.223532,940
509531.845400,6944430.825000,5.270565,940
509532.337300,6944430.915000,5.317710,940
509532.829100,6944431.005000,5.364120,940
509533.321000,6944431.094000,5.406281,940
509533.812900,6944431.184000,5.448445,940
509534.304800,6944431.274000,5.490988,940
509534.796700,6944431.364000,5.532898,940
509535.288500,6944431.453000,5.571136,940
509535.780400,6944431.543000,5.609152,940
509536.032600,6944431.589000,5.628873,940
509536.272300,6944431.633000,5.649430,940
509536.764200,6944431.723000,5.691386,940
509537.256100,6944431.812000,5.729888,940
509537.748000,6944431.902000,5.767666,940
509538.239800,6944431.992000,5.805332,940
509538.731700,6944432.081000,5.842951,940
509539.223600,6944432.171000,5.878172,940
509539.715500,6944432.261000,5.912414,940
509540.207400,6944432.351000,5.946570,940
509540.699200,6944432.440000,5.980678,940
509541.191100,6944432.530000,6.014807,940
509541.683000,6944432.620000,6.049080,940
509542.174900,6944432.710000,6.083334,940
509542.666800,6944432.799000,6.117561,940
509542.792100,6944432.822000,6.126761,940
509543.158700,6944432.889000,6.153440,940
509544.634300,6944433.158000,6.269114,940
509545.126200,6944433.248000,6.308540,940
509545.618100,6944433.338000,6.350663,940
509546.109900,6944433.427000,6.392755,940
509546.601800,6944433.517000,6.434859,940
509547.093700,6944433.607000,6.476877,940
509547.585600,6944433.697000,6.518033,940
509548.077500,6944433.786000,6.559088,940
509548.569400,6944433.876000,6.600200,940
509548.861300,6944433.929000,6.624648,940
509549.061200,6944433.966000,6.643716,940
509549.553100,6944434.056000,6.687573,940
509550.045000,6944434.145000,6.731322,940
509550.536900,6944434.235000,6.775191,940
509551.028800,6944434.325000,6.819094,940
509551.520600,6944434.415000,6.861094,940
509552.012500,6944434.504000,6.902714,940
509552.504400,6944434.594000,6.944375,940
509552.996300,6944434.684000,6.986025,940
509553.488200,6944434.774000,7.026349,940
509553.980100,6944434.863000,7.066090,940
509554.471900,6944434.953000,7.105817,940
509554.678700,6944434.991000,7.122535,940
509554.963800,6944435.043000,7.146929,940
509555.455700,6944435.132000,7.187400,940
509556.931300,6944435.402000,7.304740,940
509557.423200,6944435.491000,7.341282,940
509558.898900,6944435.761000,7.439988,940
509559.390700,6944435.850000,7.469866,940
509560.866400,6944436.120000,7.535692,940
509561.358300,6944436.209000,7.555930,940
509563.325800,6944436.568000,7.594270,940
509504.300000,6944425.800000,6.577537,945
509506.267500,6944426.159000,6.532401,945
509506.759400,6944426.249000,6.490367,945
509507.251300,6944426.338000,6.443414,945
509507.743200,6944426.428000,6.396499,945
509508.235100,6944426.518000,6.349539,945
509508.726900,6944426.608000,6.253622,945
509509.218800,6944426.697000,6.139010,945
509509.271800,6944426.707000,6.126761,945
509509.710700,6944426.787000,6.024934,945
509510.202600,6944426.877000,5.909932,945
509510.694500,6944426.967000,5.756953,945
509511.044400,6944427.030000,5.628873,945
509511.186300,6944427.056000,5.580634,945
509511.678200,6944427.146000,5.410978,945
509512.170100,6944427.236000,5.242088,945
509512.482200,6944427.293000,5.130986,945
509512.662000,6944427.325000,5.067922,945
509513.153900,6944427.415000,4.890006,945
509513.645800,6944427.505000,4.708741,945
509513.854000,6944427.543000,4.633099,945
509514.137600,6944427.595000,4.531993,945
509514.629500,6944427.684000,4.369954,945
509515.121400,6944427.774000,4.240465,945
509515.529500,6944427.849000,4.135211,945
509515.613300,6944427.864000,4.114140,945
509516.105200,6944427.954000,3.989235,945
509516.597000,6944428.043000,3.876573,945
509517.088900,6944428.133000,3.829621,945
509517.580800,6944428.223000,3.782676,945
509518.072700,6944428.313000,3.735734,945
509518.564600,6944428.402000,3.691180,945
509520.532100,6944428.761000,3.783415,945
509521.024000,6944428.851000,3.841581,945
509521.515900,6944428.941000,3.903531,945
509522.007700,6944429.030000,3.965560,945
509522.499600,6944429.120000,4.027620,945
509522.991500,6944429.210000,4.096232,945
509523.264600,6944429.260000,4.135211,945
509523.483400,6944429.300000,4.167182,945
509523.975300,6944429.389000,4.239548,945
509524.467100,6944429.479000,4.312155,945
509524.959000,6944429.569000,4.380885,945
509525.450900,6944429.659000,4.446443,945
509525.942800,6944429.748000,4.512170,945
509526.434700,6944429.838000,4.577987,945
509526.871100,6944429.918000,4.633099,945
509526.926600,6944429.928000,4.640146,945
509528.402200,6944430.197000,4.817250,945
509528.894100,6944430.287000,4.874040,945
509530.369700,6944430.556000,5.031614,945
509530.861600,6944430.646000,5.083001,945
509531.353500,6944430.735000,5.130024,945
509531.363400,6944430.737000,5.130986,945
509531.845400,6944430.825000,5.178206,945
509532.337300,6944430.915000,5.226482,945
509532.829100,6944431.005000,5.274201,945
509533.321000,6944431.094000,5.317475,945
509533.812900,6944431.184000,5.360742,945
509534.304800,6944431.274000,5.404290,945
509534.796700,6944431.364000,5.447357,945
509535.288500,6944431.453000,5.486606,945
509535.780400,6944431.543000,5.525610,945
509536.272300,6944431.633000,5.564815,945
509536.764200,6944431.723000,5.603669,945
509537.110400,6944431.786000,5.628873,945
509537.256100,6944431.812000,5.640496,945
509537.748000,6944431.902000,5.679365,945
509538.239800,6944431.992000,5.718099,945
509538.731700,6944432.081000,5.756772,945
509539.223600,6944432.171000,5.792929,945
509539.715500,6944432.261000,5.828143,945
509540.207400,6944432.351000,5.863246,945
509540.699200,6944432.440000,5.898278,945
509541.191100,6944432.530000,5.933214,945
509541.683000,6944432.620000,5.968278,945
509542.174900,6944432.710000,6.003324,945
509542.666800,6944432.799000,6.038309,945
509543.158700,6944432.889000,6.074839,945
509543.650500,6944432.979000,6.113967,945
509543.810600,6944433.008000,6.126761,945
509544.142400,6944433.069000,6.153089,945
509544.634300,6944433.158000,6.192214,945
509545.126200,6944433.248000,6.232166,945
509545.618100,6944433.338000,6.274701,945
509546.109900,6944433.427000,6.317215,945
509546.601800,6944433.517000,6.359736,945
509547.093700,6944433.607000,6.402161,945
509547.585600,6944433.697000,6.443667,945
509548.077500,6944433.786000,6.485092,945
509549.061200,6944433.966000,6.568032,945
509549.553100,6944434.056000,6.606630,945
509549.783300,6944434.098000,6.624648,945
509550.045000,6944434.145000,6.648038,945
509550.536900,6944434.235000,6.692226,945
509551.028800,6944434.325000,6.736472,945
509551.520600,6944434.415000,6.778760,945
509552.012500,6944434.504000,6.820662,945
509552.504400,6944434.594000,6.862633,945
509552.996300,6944434.684000,6.904616,945
509553.488200,6944434.774000,6.945227,945
509553.980100,6944434.863000,6.985245,945
509554.471900,6944434.953000,7.025270,945
509554.963800,6944435.043000,7.065268,945
509555.455700,6944435.132000,7.103619,945
509555.706500,6944435.178000,7.122535,945
509555.947600,6944435.222000,7.141803,945
509556.931300,6944435.402000,7.220552,945
509557.423200,6944435.491000,7.257348,945
509558.898900,6944435.761000,7.356778,945
509559.390700,6944435.850000,7.386886,945
509560.866400,6944436.120000,7.453306,945
509561.358300,6944436.209000,7.473730,945
509563.325800,6944436.568000,7.512531,945
509504.300000,6944425.800000,6.471582,950
509506.267500,6944426.159000,6.426189,950
509506.759400,6944426.249000,6.383680,950
509507.251300,6944426.338000,6.336184,950
509507.743200,6944426.428000,6.288711,950
509508.235100,6944426.518000,6.241210,950
509508.726900,6944426.608000,6.144040,950
509508.801000,6944426.621000,6.126761,950
509509.218800,6944426.697000,6.028846,950
509509.710700,6944426.787000,5.913058,950
509510.202600,6944426.877000,5.796040,950
509510.694500,6944426.967000,5.642351,950
509510.731300,6944426.973000,5.628873,950
509511.186300,6944427.056000,5.474172,950
509511.678200,6944427.146000,5.303283,950
509512.170100,6944427.236000,5.133966,950
509512.178500,6944427.237000,5.130986,950
509512.662000,6944427.325000,4.961379,950
509513.153900,6944427.415000,4.781811,950
509513.552800,6944427.488000,4.633099,950
509513.645800,6944427.505000,4.598885,950
509514.137600,6944427.595000,4.422764,950
509514.629500,6944427.684000,4.257474,950
509515.088900,6944427.768000,4.135211,950
509515.121400,6944427.774000,4.126817,950
509515.613300,6944427.864000,4.002939,950
509516.105200,6944427.954000,3.876564,950
509516.597000,6944428.043000,3.763115,950
509517.088900,6944428.133000,3.715341,950
509517.580800,6944428.223000,3.667569,950
509517.893000,6944428.280000,3.637324,950
509518.072700,6944428.313000,3.619770,950
509518.564600,6944428.402000,3.574472,950
509519.056500,6944428.492000,3.597807,950
509519.548300,6944428.582000,3.621115,950
509519.889200,6944428.644000,3.637324,950
509520.040200,6944428.672000,3.644476,950
509520.532100,6944428.761000,3.667811,950
509521.024000,6944428.851000,3.726988,950
509521.515900,6944428.941000,3.790188,950
509522.007700,6944429.030000,3.853415,950
509522.499600,6944429.120000,3.916660,950
509522.991500,6944429.210000,3.986554,950
509523.483400,6944429.300000,4.057859,950
509523.975300,6944429.389000,4.129023,950
509524.017400,6944429.397000,4.135211,950
509524.467100,6944429.479000,4.202970,950
509524.959000,6944429.569000,4.273436,950
509525.450900,6944429.659000,4.340497,950
509525.942800,6944429.748000,4.407761,950
509526.434700,6944429.838000,4.475109,950
509526.926600,6944429.928000,4.538677,950
509527.418400,6944430.018000,4.597941,950
509527.708500,6944430.070000,4.633099,950
509527.910300,6944430.107000,4.657710,950
509528.402200,6944430.197000,4.718212,950
509528.894100,6944430.287000,4.776413,950
509530.369700,6944430.556000,4.937904,950
509530.861600,6944430.646000,4.990567,950
509531.845400,6944430.825000,5.086953,950
509532.294300,6944430.907000,5.130986,950
509532.337300,6944430.915000,5.135253,950
509532.829100,6944431.005000,5.184282,950
509533.321000,6944431.094000,5.228670,950
509533.812900,6944431.184000,5.273039,950
509534.304800,6944431.274000,5.317592,950
509534.796700,6944431.364000,5.361816,950
509535.288500,6944431.453000,5.402076,950
509535.780400,6944431.543000,5.442068,950
509536.272300,6944431.633000,5.482220,950
509536.764200,6944431.723000,5.522087,950
509537.256100,6944431.812000,5.558720,950
509537.748000,6944431.902000,5.594724,950
509538.214900,6944431.987000,5.628873,950
509538.239800,6944431.992000,5.630865,950
509538.731700,6944432.081000,5.670593,950
509539.223600,6944432.171000,5.707687,950
509539.715500,6944432.261000,5.743873,950
509540.207400,6944432.351000,5.779922,950
509540.699200,6944432.440000,5.815877,950
509541.191100,6944432.530000,5.851621,950
509541.683000,6944432.620000,5.887475,950
509542.174900,6944432.710000,5.923314,950
509542.666800,6944432.799000,5.959057,950
509543.158700,6944432.889000,5.996237,950
509543.650500,6944432.979000,6.035951,950
509544.142400,6944433.069000,6.075649,950
509544.634300,6944433.158000,6.115321,950
509544.772700,6944433.184000,6.126761,950
509545.126200,6944433.248000,6.155793,950
509545.618100,6944433.338000,6.198739,950
509546.109900,6944433.427000,6.241675,950
509546.601800,6944433.517000,6.284613,950
509547.093700,6944433.607000,6.327445,950
509547.585600,6944433.697000,6.369302,950
509548.077500,6944433.786000,6.411096,950
509549.061200,6944433.966000,6.494753,950
509549.553100,6944434.056000,6.533696,950
509550.045000,6944434.145000,6.572455,950
509550.536900,6944434.235000,6.611253,950
509550.706200,6944434.266000,6.624648,950
509551.028800,6944434.325000,6.653850,950
509551.520600,6944434.415000,6.696425,950
509552.012500,6944434.504000,6.738610,950
509552.504400,6944434.594000,6.780890,950
509552.996300,6944434.684000,6.823206,950
509553.488200,6944434.774000,6.864106,950
509553.980100,6944434.863000,6.904399,950
509554.471900,6944434.953000,6.944723,950
509554.963800,6944435.043000,6.985041,950
509555.455700,6944435.132000,7.023681,950
509555.947600,6944435.222000,7.060985,950
509556.439500,6944435.312000,7.098276,950
509556.759400,6944435.370000,7.122535,950
509556.931300,6944435.402000,7.136364,950
509557.423200,6944435.491000,7.173413,950
509558.898900,6944435.761000,7.273569,950
509559.390700,6944435.850000,7.303907,950
509560.866400,6944436.120000,7.370919,950
509561.358300,6944436.209000,7.391529,950
509563.325800,6944436.568000,7.430791,950
509504.300000,6944425.800000,6.365627,955
509506.267500,6944426.159000,6.319978,955
509506.759400,6944426.249000,6.276992,955
509507.251300,6944426.338000,6.228954,955
509507.743200,6944426.428000,6.180924,955
509508.235100,6944426.518000,6.132880,955
509508.266000,6944426.524000,6.126761,955
509508.726900,6944426.608000,6.035065,955
509509.218800,6944426.697000,5.918834,955
509509.710700,6944426.787000,5.801182,955
509510.202600,6944426.877000,5.682148,955
509510.373000,6944426.908000,5.628873,955
509510.694500,6944426.967000,5.537221,955
509511.186300,6944427.056000,5.367710,955
509511.678200,6944427.146000,5.195589,955
509511.865900,6944427.180000,5.130986,955
509512.170100,6944427.236000,5.028198,955
509512.662000,6944427.325000,4.854835,955
509513.153900,6944427.415000,4.673616,955
509513.262600,6944427.435000,4.633099,955
509513.645800,6944427.505000,4.492030,955
509514.137600,6944427.595000,4.313535,955
509514.629500,6944427.684000,4.144995,955
509514.666300,6944427.691000,4.135211,955
509515.121400,6944427.774000,4.017659,955
509515.613300,6944427.864000,3.891739,955
509516.105200,6944427.954000,3.763893,955
509516.597000,6944428.043000,3.649656,955
509516.722500,6944428.066000,3.637324,955
509517.088900,6944428.133000,3.601094,955
509517.580800,6944428.223000,3.552617,955
509518.072700,6944428.313000,3.503685,955
509518.564600,6944428.402000,3.457765,955
509519.056500,6944428.492000,3.481375,955
509519.548300,6944428.582000,3.504766,955
509520.040200,6944428.672000,3.528383,955
509520.532100,6944428.761000,3.552209,955
509521.024000,6944428.851000,3.612388,955
509521.212900,6944428.885000,3.637324,955
509521.515900,6944428.941000,3.676846,955
509522.007700,6944429.030000,3.741271,955
509522.499600,6944429.120000,3.805699,955
509522.991500,6944429.210000,3.876876,955
509523.483400,6944429.300000,3.949733,955
509523.975300,6944429.389000,4.022463,955
509524.467100,6944429.479000,4.095353,955
509524.747400,6944429.530000,4.135211,955
509524.959000,6944429.569000,4.165987,955
509525.450900,6944429.659000,4.234551,955
509525.942800,6944429.748000,4.303353,955
509526.434700,6944429.838000,4.372231,955
509526.926600,6944429.928000,4.437352,955
509527.418400,6944430.018000,4.498052,955
509527.910300,6944430.107000,4.558668,955
509528.402200,6944430.197000,4.619433,955
509528.515800,6944430.218000,4.633099,955
509528.894100,6944430.287000,4.678786,955
509530.369700,6944430.556000,4.844193,955
509530.861600,6944430.646000,4.898134,955
509532.337300,6944430.915000,5.046220,955
509532.829100,6944431.005000,5.095240,955
509533.224100,6944431.077000,5.130986,955
509533.321000,6944431.094000,5.139864,955
509533.812900,6944431.184000,5.185336,955
509534.304800,6944431.274000,5.230894,955
509534.796700,6944431.364000,5.276275,955
509535.288500,6944431.453000,5.317546,955
509535.780400,6944431.543000,5.358526,955
509536.272300,6944431.633000,5.399625,955
509536.764200,6944431.723000,5.440505,955
509537.256100,6944431.812000,5.478081,955
509537.748000,6944431.902000,5.514970,955
509538.239800,6944431.992000,5.551813,955
509538.731700,6944432.081000,5.588650,955
509539.223600,6944432.171000,5.623059,955
509539.307900,6944432.187000,5.628873,955
509539.715500,6944432.261000,5.659602,955
509540.207400,6944432.351000,5.696597,955
509540.699200,6944432.440000,5.733477,955
509541.191100,6944432.530000,5.770028,955
509541.683000,6944432.620000,5.806673,955
509542.174900,6944432.710000,5.843305,955
509542.666800,6944432.799000,5.879804,955
509543.158700,6944432.889000,5.917636,955
509543.650500,6944432.979000,5.957935,955
509544.142400,6944433.069000,5.998223,955
509544.634300,6944433.158000,6.038466,955
509545.126200,6944433.248000,6.079422,955
509545.618100,6944433.338000,6.122778,955
509545.663000,6944433.346000,6.126761,955
509546.109900,6944433.427000,6.166135,955
509546.601800,6944433.517000,6.209490,955
509547.093700,6944433.607000,6.252729,955
509547.585600,6944433.697000,6.294936,955
509548.077500,6944433.786000,6.337100,955
509549.061200,6944433.966000,6.421474,955
509549.553100,6944434.056000,6.460761,955
509550.045000,6944434.145000,6.499878,955
509551.028800,6944434.325000,6.578177,955
509551.520600,6944434.415000,6.615475,955
509551.642600,6944434.437000,6.624648,955
509552.012500,6944434.504000,6.656558,955
509552.504400,6944434.594000,6.699148,955
509552.996300,6944434.684000,6.741797,955
509553.488200,6944434.774000,6.782985,955
509553.980100,6944434.863000,6.823553,955
509554.471900,6944434.953000,6.864176,955
509554.963800,6944435.043000,6.904814,955
509555.455700,6944435.132000,6.943743,955
509555.947600,6944435.222000,6.981313,955
509556.439500,6944435.312000,7.018890,955
509556.931300,6944435.402000,7.056447,955
509557.423200,6944435.491000,7.091505,955
509557.906700,6944435.580000,7.122535,955
509557.915100,6944435.581000,7.123106,955
509558.898900,6944435.761000,7.190360,955
509559.390700,6944435.850000,7.220927,955
509560.866400,6944436.120000,7.288532,955
509561.358300,6944436.209000,7.309329,955
509563.325800,6944436.568000,7.349051,955
509504.300000,6944425.800000,6.259671,960
509506.267500,6944426.159000,6.213766,960
509506.759400,6944426.249000,6.170304,960
509507.200500,6944426.329000,6.126761,960
509507.251300,6944426.338000,6.121728,960
509507.743200,6944426.428000,6.073157,960
509508.235100,6944426.518000,6.024565,960
509508.726900,6944426.608000,5.926203,960
509509.218800,6944426.697000,5.808822,960
509509.710700,6944426.787000,5.689305,960
509509.958500,6944426.832000,5.628873,960
509510.202600,6944426.877000,5.574944,960
509510.694500,6944426.967000,5.433354,960
509511.186300,6944427.056000,5.261248,960
509511.557000,6944427.124000,5.130986,960
509511.678200,6944427.146000,5.089458,960
509512.170100,6944427.236000,4.922497,960
509512.662000,6944427.325000,4.748291,960
509512.973600,6944427.382000,4.633099,960
509513.153900,6944427.415000,4.566434,960
509513.645800,6944427.505000,4.385174,960
509514.137600,6944427.595000,4.204306,960
509514.338900,6944427.631000,4.135211,960
509514.629500,6944427.684000,4.036962,960
509515.121400,6944427.774000,3.908501,960
509515.613300,6944427.864000,3.780538,960
509516.105200,6944427.954000,3.651221,960
509516.165000,6944427.965000,3.637324,960
509516.597000,6944428.043000,3.536156,960
509517.088900,6944428.133000,3.486919,960
509517.580800,6944428.223000,3.437720,960
509518.072700,6944428.313000,3.387600,960
509518.564600,6944428.402000,3.341057,960
509519.056500,6944428.492000,3.364944,960
509519.548300,6944428.582000,3.388418,960
509520.040200,6944428.672000,3.412276,960
509520.532100,6944428.761000,3.436608,960
509521.024000,6944428.851000,3.497757,960
509521.515900,6944428.941000,3.563798,960
509522.007700,6944429.030000,3.629141,960
509522.068600,6944429.042000,3.637324,960
509522.499600,6944429.120000,3.694739,960
509522.991500,6944429.210000,3.767198,960
509523.483400,6944429.300000,3.841608,960
509523.975300,6944429.389000,3.915903,960
509524.467100,6944429.479000,3.990298,960
509524.959000,6944429.569000,4.061203,960
509525.450900,6944429.659000,4.128839,960
509525.496500,6944429.667000,4.135211,960
509525.942800,6944429.748000,4.198944,960
509526.434700,6944429.838000,4.269353,960
509526.926600,6944429.928000,4.336028,960
509527.418400,6944430.018000,4.398164,960
509527.910300,6944430.107000,4.460102,960
509528.402200,6944430.197000,4.522242,960
509528.894100,6944430.287000,4.582123,960
509529.346200,6944430.369000,4.633099,960
509529.386000,6944430.376000,4.637600,960
509530.369700,6944430.556000,4.750482,960
509530.861600,6944430.646000,4.805701,960
509532.337300,6944430.915000,4.957294,960
509532.829100,6944431.005000,5.007475,960
509533.812900,6944431.184000,5.098410,960
509534.164100,6944431.248000,5.130986,960
509534.304800,6944431.274000,5.144197,960
509534.796700,6944431.364000,5.190734,960
509535.288500,6944431.453000,5.233016,960
509535.780400,6944431.543000,5.274984,960
509536.272300,6944431.633000,5.317030,960
509536.764200,6944431.723000,5.358924,960
509537.256100,6944431.812000,5.397443,960
509537.748000,6944431.902000,5.435215,960
509538.239800,6944431.992000,5.472951,960
509538.731700,6944432.081000,5.510681,960
509539.223600,6944432.171000,5.545965,960
509539.715500,6944432.261000,5.580389,960
509540.207400,6944432.351000,5.614735,960
509540.409000,6944432.387000,5.628873,960
509540.699200,6944432.440000,5.651076,960
509541.191100,6944432.530000,5.688435,960
509541.683000,6944432.620000,5.725871,960
509542.174900,6944432.710000,5.763295,960
509542.666800,6944432.799000,5.800552,960
509543.158700,6944432.889000,5.839034,960
509543.650500,6944432.979000,5.879919,960
509544.142400,6944433.069000,5.920797,960
509544.634300,6944433.158000,5.961611,960
509545.126200,6944433.248000,6.003052,960
509545.618100,6944433.338000,6.046826,960
509546.109900,6944433.427000,6.090603,960
509546.516000,6944433.502000,6.126761,960
509546.601800,6944433.517000,6.134367,960
509547.093700,6944433.607000,6.178013,960
509547.585600,6944433.697000,6.220571,960
509548.077500,6944433.786000,6.263103,960
509549.061200,6944433.966000,6.348196,960
509549.553100,6944434.056000,6.387827,960
509550.045000,6944434.145000,6.427302,960
509551.028800,6944434.325000,6.506303,960
509551.520600,6944434.415000,6.543942,960
509552.012500,6944434.504000,6.581146,960
509552.504400,6944434.594000,6.618372,960
509552.587000,6944434.609000,6.624648,960
509552.996300,6944434.684000,6.660387,960
509553.488200,6944434.774000,6.701863,960
509553.980100,6944434.863000,6.742708,960
509554.471900,6944434.953000,6.783629,960
509554.963800,6944435.043000,6.824587,960
509555.455700,6944435.132000,6.863804,960
509555.947600,6944435.222000,6.901641,960
509556.439500,6944435.312000,6.939505,960
509556.931300,6944435.402000,6.977369,960
509557.423200,6944435.491000,7.012716,960
509557.915100,6944435.581000,7.044531,960
509558.407000,6944435.671000,7.076340,960
509558.898900,6944435.761000,7.108117,960
509559.144300,6944435.805000,7.122535,960
509559.390700,6944435.850000,7.137947,960
509560.866400,6944436.120000,7.206146,960
509561.358300,6944436.209000,7.227129,960
509563.325800,6944436.568000,7.267311,960
509504.300000,6944425.800000,6.153716,965
509505.283800,6944425.979000,6.130635,965
509505.449000,6944426.010000,6.126761,965
509505.775600,6944426.069000,6.119095,965
509506.267500,6944426.159000,6.107555,965
509506.759400,6944426.249000,6.063662,965
509507.251300,6944426.338000,6.014578,965
509507.743200,6944426.428000,5.965410,965
509508.235100,6944426.518000,5.916250,965
509508.726900,6944426.608000,5.817341,965
509509.218800,6944426.697000,5.698810,965
509509.504200,6944426.749000,5.628873,965
509509.710700,6944426.787000,5.582635,965
509510.202600,6944426.877000,5.473617,965
509510.694500,6944426.967000,5.329487,965
509511.186300,6944427.056000,5.154786,965
509511.254100,6944427.069000,5.130986,965
509511.678200,6944427.146000,4.985673,965
509512.170100,6944427.236000,4.816796,965
509512.662000,6944427.325000,4.641747,965
509512.685400,6944427.330000,4.633099,965
509513.153900,6944427.415000,4.459859,965
509513.645800,6944427.505000,4.278318,965
509514.031700,6944427.575000,4.135211,965
509514.137600,6944427.595000,4.095879,965
509514.629500,6944427.684000,3.929353,965
509515.121400,6944427.774000,3.799343,965
509515.613300,6944427.864000,3.669337,965
509515.734900,6944427.886000,3.637324,965
509516.105200,6944427.954000,3.539619,965
509516.597000,6944428.043000,3.422651,965
509517.088900,6944428.133000,3.372744,965
509517.580800,6944428.223000,3.322823,965
509518.072700,6944428.313000,3.271515,965
509518.564600,6944428.402000,3.224350,965
509519.056500,6944428.492000,3.248512,965
509519.548300,6944428.582000,3.272069,965
509520.040200,6944428.672000,3.296169,965
509520.532100,6944428.761000,3.321006,965
509521.024000,6944428.851000,3.383127,965
509521.515900,6944428.941000,3.450907,965
509522.007700,6944429.030000,3.517197,965
509522.499600,6944429.120000,3.583832,965
509522.855600,6944429.185000,3.637324,965
509522.991500,6944429.210000,3.657520,965
509523.483400,6944429.300000,3.733483,965
509523.975300,6944429.389000,3.809344,965
509524.467100,6944429.479000,3.885244,965
509524.959000,6944429.569000,3.957488,965
509525.450900,6944429.659000,4.026648,965
509525.942800,6944429.748000,4.095968,965
509526.219100,6944429.799000,4.135211,965
509526.434700,6944429.838000,4.166476,965
509526.926600,6944429.928000,4.234703,965
509527.418400,6944430.018000,4.298275,965
509527.910300,6944430.107000,4.361535,965
509528.402200,6944430.197000,4.425051,965
509528.894100,6944430.287000,4.486307,965
509529.386000,6944430.376000,4.542980,965
509529.877800,6944430.466000,4.599632,965
509530.166400,6944430.519000,4.633099,965
509530.369700,6944430.556000,4.656772,965
509530.861600,6944430.646000,4.713268,965
509532.337300,6944430.915000,4.868368,965
509532.829100,6944431.005000,4.919710,965
509534.796700,6944431.364000,5.105792,965
509535.088300,6944431.417000,5.130986,965
509535.288500,6944431.453000,5.148486,965
509535.780400,6944431.543000,5.191442,965
509536.272300,6944431.633000,5.234436,965
509536.764200,6944431.723000,5.277342,965
509537.256100,6944431.812000,5.316805,965
509537.748000,6944431.902000,5.355461,965
509538.239800,6944431.992000,5.394090,965
509538.731700,6944432.081000,5.432713,965
509539.223600,6944432.171000,5.468871,965
509539.715500,6944432.261000,5.504078,965
509540.207400,6944432.351000,5.539222,965
509540.699200,6944432.440000,5.574299,965
509541.191100,6944432.530000,5.608911,965
509541.473400,6944432.582000,5.628873,965
509541.683000,6944432.620000,5.645069,965
509542.174900,6944432.710000,5.683285,965
509542.666800,6944432.799000,5.721300,965
509543.158700,6944432.889000,5.760433,965
509543.650500,6944432.979000,5.801903,965
509544.142400,6944433.069000,5.843370,965
509544.634300,6944433.158000,5.884755,965
509545.126200,6944433.248000,5.926683,965
509545.618100,6944433.338000,5.970874,965
509546.109900,6944433.427000,6.015080,965
509546.601800,6944433.517000,6.059281,965
509547.093700,6944433.607000,6.103297,965
509547.362100,6944433.656000,6.126761,965
509547.585600,6944433.697000,6.146205,965
509548.077500,6944433.786000,6.189107,965
509549.061200,6944433.966000,6.274917,965
509549.553100,6944434.056000,6.314892,965
509550.045000,6944434.145000,6.354726,965
509551.028800,6944434.325000,6.434429,965
509551.520600,6944434.415000,6.472409,965
509552.012500,6944434.504000,6.509960,965
509552.996300,6944434.684000,6.585098,965
509553.488200,6944434.774000,6.621269,965
509553.534700,6944434.782000,6.624648,965
509553.980100,6944434.863000,6.661862,965
509554.471900,6944434.953000,6.703082,965
509554.963800,6944435.043000,6.744359,965
509555.455700,6944435.132000,6.783866,965
509555.947600,6944435.222000,6.821969,965
509556.439500,6944435.312000,6.860120,965
509556.931300,6944435.402000,6.898291,965
509557.423200,6944435.491000,6.933927,965
509557.915100,6944435.581000,6.965992,965
509558.407000,6944435.671000,6.998071,965
509558.898900,6944435.761000,7.030138,965
509559.390700,6944435.850000,7.059266,965
509559.882600,6944435.940000,7.080755,965
509560.374500,6944436.030000,7.102230,965
509560.840100,6944436.115000,7.122535,965
509560.866400,6944436.120000,7.123759,965
509561.358300,6944436.209000,7.144928,965
509563.325800,6944436.568000,7.185571,965
509504.300000,6944425.800000,6.047760,970
509506.267500,6944426.159000,6.001343,970
509506.759400,6944426.249000,5.957050,970
509507.251300,6944426.338000,5.907428,970
509507.743200,6944426.428000,5.857663,970
509508.235100,6944426.518000,5.807936,970
509508.726900,6944426.608000,5.708479,970
509509.055300,6944426.668000,5.628873,970
509509.218800,6944426.697000,5.592524,970
509509.710700,6944426.787000,5.482081,970
509510.202600,6944426.877000,5.372290,970
509510.694500,6944426.967000,5.225621,970
509510.960000,6944427.015000,5.130986,970
509511.186300,6944427.056000,5.052366,970
509511.678200,6944427.146000,4.881888,970
509512.170100,6944427.236000,4.711095,970
509512.389200,6944427.276000,4.633099,970
509512.662000,6944427.325000,4.536270,970
509513.153900,6944427.415000,4.353284,970
509513.645800,6944427.505000,4.171463,970
509513.743500,6944427.523000,4.135211,970
509514.137600,6944427.595000,3.988833,970
509514.629500,6944427.684000,3.821744,970
509515.121400,6944427.774000,3.690185,970
509515.320500,6944427.810000,3.637324,970
509515.613300,6944427.864000,3.559545,970
509516.105200,6944427.954000,3.428166,970
509516.597000,6944428.043000,3.309147,970
509517.088900,6944428.133000,3.258569,970
509517.580800,6944428.223000,3.207926,970
509518.072700,6944428.313000,3.155431,970
509518.237900,6944428.343000,3.139437,970
509518.564600,6944428.402000,3.104121,970
509519.056500,6944428.492000,3.131266,970
509519.209400,6944428.520000,3.139437,970
509519.548300,6944428.582000,3.155721,970
509520.040200,6944428.672000,3.180062,970
509520.532100,6944428.761000,3.205405,970
509521.024000,6944428.851000,3.268497,970
509521.515900,6944428.941000,3.338015,970
509522.007700,6944429.030000,3.405253,970
509522.499600,6944429.120000,3.472980,970
509522.991500,6944429.210000,3.548203,970
509523.483400,6944429.300000,3.625442,970
509523.558500,6944429.313000,3.637324,970
509523.975300,6944429.389000,3.702784,970
509524.467100,6944429.479000,3.780190,970
509524.959000,6944429.569000,3.853774,970
509525.450900,6944429.659000,3.924457,970
509525.942800,6944429.748000,3.995236,970
509526.434700,6944429.838000,4.066089,970
509526.926600,6944429.928000,4.133438,970
509526.940200,6944429.930000,4.135211,970
509527.418400,6944430.018000,4.198386,970
509527.910300,6944430.107000,4.262969,970
509528.402200,6944430.197000,4.327860,970
509528.894100,6944430.287000,4.390492,970
509529.386000,6944430.376000,4.448444,970
509529.877800,6944430.466000,4.506307,970
509530.369700,6944430.556000,4.564269,970
509530.861600,6944430.646000,4.621042,970
509530.974600,6944430.666000,4.633099,970
509531.353500,6944430.735000,4.673703,970
509532.337300,6944430.915000,4.779442,970
509532.829100,6944431.005000,4.831945,970
509534.796700,6944431.364000,5.022238,970
509535.288500,6944431.453000,5.065492,970
509535.780400,6944431.543000,5.108425,970
509536.037500,6944431.590000,5.130986,970
509536.272300,6944431.633000,5.151841,970
509536.764200,6944431.723000,5.195760,970
509537.256100,6944431.812000,5.236167,970
509537.748000,6944431.902000,5.275706,970
509538.239800,6944431.992000,5.315228,970
509538.731700,6944432.081000,5.354744,970
509539.223600,6944432.171000,5.391776,970
509539.715500,6944432.261000,5.427766,970
509540.207400,6944432.351000,5.463709,970
509540.699200,6944432.440000,5.499596,970
509541.191100,6944432.530000,5.534982,970
509541.683000,6944432.620000,5.570296,970
509542.174900,6944432.710000,5.605303,970
509542.498600,6944432.769000,5.628873,970
509542.666800,6944432.799000,5.642048,970
509543.158700,6944432.889000,5.681831,970
509543.650500,6944432.979000,5.723887,970
509544.142400,6944433.069000,5.765944,970
509544.634300,6944433.158000,5.807900,970
509545.126200,6944433.248000,5.850314,970
509545.618100,6944433.338000,5.894922,970
509546.109900,6944433.427000,5.939558,970
509546.601800,6944433.517000,5.984200,970
509547.093700,6944433.607000,6.028584,970
509547.585600,6944433.697000,6.071847,970
509548.077500,6944433.786000,6.114982,970
509548.209500,6944433.811000,6.126761,970
509548.569400,6944433.876000,6.158374,970
509549.061200,6944433.966000,6.201638,970
509549.553100,6944434.056000,6.241958,970
509550.045000,6944434.145000,6.282149,970
509551.028800,6944434.325000,6.362555,970
509551.520600,6944434.415000,6.400876,970
509552.012500,6944434.504000,6.438774,970
509552.996300,6944434.684000,6.514598,970
509553.488200,6944434.774000,6.551095,970
509553.980100,6944434.863000,6.586717,970
509554.471900,6944434.953000,6.622775,970
509554.496800,6944434.958000,6.624648,970
509554.963800,6944435.043000,6.664132,970
509555.455700,6944435.132000,6.703928,970
509555.947600,6944435.222000,6.742297,970
509556.439500,6944435.312000,6.780735,970
509556.931300,6944435.402000,6.819214,970
509557.423200,6944435.491000,6.855138,970
509557.915100,6944435.581000,6.887453,970
509558.407000,6944435.671000,6.919802,970
509558.898900,6944435.761000,6.952158,970
509559.390700,6944435.850000,6.981566,970
509559.882600,6944435.940000,7.003272,970
509560.374500,6944436.030000,7.024980,970
509560.866400,6944436.120000,7.046675,970
509561.358300,6944436.209000,7.066686,970
509561.850200,6944436.299000,7.076301,970
509562.342000,6944436.389000,7.085861,970
509562.833900,6944436.478000,7.095325,970
509563.325800,6944436.568000,7.104895,970
509504.300000,6944425.800000,5.941805,975
509506.267500,6944426.159000,5.895132,975
509506.759400,6944426.249000,5.850439,975
509507.251300,6944426.338000,5.800277,975
509507.743200,6944426.428000,5.749917,975
509508.235100,6944426.518000,5.699621,975
509508.583500,6944426.581000,5.628873,975
509508.726900,6944426.608000,5.602385,975
509509.218800,6944426.697000,5.492741,975
509509.710700,6944426.787000,5.381526,975
509510.202600,6944426.877000,5.270964,975
509510.664700,6944426.961000,5.130986,975
509510.694500,6944426.967000,5.122128,975
509511.186300,6944427.056000,4.951110,975
509511.678200,6944427.146000,4.778103,975
509512.092400,6944427.222000,4.633099,975
509512.170100,6944427.236000,4.606285,975
509512.662000,6944427.325000,4.430886,975
509513.153900,6944427.415000,4.246709,975
509513.455300,6944427.470000,4.135211,975
509513.645800,6944427.505000,4.065266,975
509514.137600,6944427.595000,3.881787,975
509514.629500,6944427.684000,3.714135,975
509514.915100,6944427.737000,3.637324,975
509515.121400,6944427.774000,3.581635,975
509515.613300,6944427.864000,3.450324,975
509516.105200,6944427.954000,3.316714,975
509516.597000,6944428.043000,3.195642,975
509517.088900,6944428.133000,3.144394,975
509517.136700,6944428.142000,3.139437,975
509517.580800,6944428.223000,3.087679,975
509518.072700,6944428.313000,3.028572,975
509518.564600,6944428.402000,2.974488,975
509519.056500,6944428.492000,3.001945,975
509519.548300,6944428.582000,3.028688,975
509520.040200,6944428.672000,3.055954,975
509520.532100,6944428.761000,3.084316,975
509520.912500,6944428.831000,3.139437,975
509521.024000,6944428.851000,3.153866,975
509521.515900,6944428.941000,3.225124,975
509522.007700,6944429.030000,3.293309,975
509522.499600,6944429.120000,3.362129,975
509522.991500,6944429.210000,3.438969,975
509523.483400,6944429.300000,3.518087,975
509523.975300,6944429.389000,3.596419,975
509524.229700,6944429.436000,3.637324,975
509524.467100,6944429.479000,3.675135,975
509524.959000,6944429.569000,3.750059,975
509525.450900,6944429.659000,3.822266,975
509525.942800,6944429.748000,3.894504,975
509526.434700,6944429.838000,3.966789,975
509526.926600,6944429.928000,4.035432,975
509527.418400,6944430.018000,4.099661,975
509527.690800,6944430.067000,4.135211,975
509527.910300,6944430.107000,4.164402,975
509528.402200,6944430.197000,4.230669,975
509528.894100,6944430.287000,4.294677,975
509529.386000,6944430.376000,4.353907,975
509529.877800,6944430.466000,4.412982,975
509530.369700,6944430.556000,4.472175,975
509530.861600,6944430.646000,4.530173,975
509531.353500,6944430.735000,4.583283,975
509531.814200,6944430.819000,4.633099,975
509531.845400,6944430.825000,4.636477,975
509532.337300,6944430.915000,4.690516,975
509532.829100,6944431.005000,4.744180,975
509534.796700,6944431.364000,4.938685,975
509535.288500,6944431.453000,4.982898,975
509535.780400,6944431.543000,5.026785,975
509536.272300,6944431.633000,5.070398,975
509536.764200,6944431.723000,5.113921,975
509536.962700,6944431.759000,5.130986,975
509537.256100,6944431.812000,5.155529,975
509537.748000,6944431.902000,5.195952,975
509538.239800,6944431.992000,5.236367,975
509538.731700,6944432.081000,5.276776,975
509539.223600,6944432.171000,5.314682,975
509539.715500,6944432.261000,5.351455,975
509540.207400,6944432.351000,5.388196,975
509540.699200,6944432.440000,5.424893,975
509541.191100,6944432.530000,5.461053,975
509541.683000,6944432.620000,5.497034,975
509542.174900,6944432.710000,5.531632,975
509542.666800,6944432.799000,5.567232,975
509543.158700,6944432.889000,5.603623,975
509543.453600,6944432.943000,5.628873,975
509543.650500,6944432.979000,5.645871,975
509544.142400,6944433.069000,5.688518,975
509544.634300,6944433.158000,5.731045,975
509545.126200,6944433.248000,5.773945,975
509545.618100,6944433.338000,5.818970,975
509546.109900,6944433.427000,5.864035,975
509546.601800,6944433.517000,5.909119,975
509547.093700,6944433.607000,5.953870,975
509547.585600,6944433.697000,5.997492,975
509548.077500,6944433.786000,6.040169,975
509548.569400,6944433.876000,6.083475,975
509549.043100,6944433.963000,6.126761,975
509549.061200,6944433.966000,6.128359,975
509549.553100,6944434.056000,6.169023,975
509550.045000,6944434.145000,6.209573,975
509551.028800,6944434.325000,6.290681,975
509551.520600,6944434.415000,6.329343,975
509552.012500,6944434.504000,6.367588,975
509552.996300,6944434.684000,6.444099,975
509553.488200,6944434.774000,6.480921,975
509553.980100,6944434.863000,6.516434,975
509554.471900,6944434.953000,6.551401,975
509554.963800,6944435.043000,6.587611,975
509555.455700,6944435.132000,6.624021,975
509555.464100,6944435.134000,6.624648,975
509555.947600,6944435.222000,6.662625,975
509556.439500,6944435.312000,6.701350,975
509556.931300,6944435.402000,6.740136,975
509557.423200,6944435.491000,6.776349,975
509557.915100,6944435.581000,6.808914,975
509558.407000,6944435.671000,6.841533,975
509558.898900,6944435.761000,6.874178,975
509559.390700,6944435.850000,6.903865,975
509559.882600,6944435.940000,6.925790,975
509560.374500,6944436.030000,6.947729,975
509560.866400,6944436.120000,6.969671,975
509561.358300,6944436.209000,6.989925,975
509561.850200,6944436.299000,6.999679,975
509562.342000,6944436.389000,7.009281,975
509562.833900,6944436.478000,7.018469,975
509563.325800,6944436.568000,7.027804,975
509504.300000,6944425.800000,5.835849,980
509506.267500,6944426.159000,5.788920,980
509506.759400,6944426.249000,5.743828,980
509507.251300,6944426.338000,5.693127,980
509507.743200,6944426.428000,5.642170,980
509507.872300,6944426.452000,5.628873,980
509508.235100,6944426.518000,5.593587,980
509508.726900,6944426.608000,5.503821,980
509509.218800,6944426.697000,5.392958,980
509509.710700,6944426.787000,5.280972,980
509510.202600,6944426.877000,5.169637,980
509510.330200,6944426.900000,5.130986,980
509510.694500,6944426.967000,5.022478,980
509511.186300,6944427.056000,4.849854,980
509511.678200,6944427.146000,4.674318,980
509511.796000,6944427.168000,4.633099,980
509512.170100,6944427.236000,4.503980,980
509512.662000,6944427.325000,4.325503,980
509513.153900,6944427.415000,4.140134,980
509513.167200,6944427.418000,4.135211,980
509513.645800,6944427.505000,3.959408,980
509514.137600,6944427.595000,3.774742,980
509514.539800,6944427.668000,3.637324,980
509514.629500,6944427.684000,3.604652,980
509515.121400,6944427.774000,3.473657,980
509515.613300,6944427.864000,3.341102,980
509516.105200,6944427.954000,3.205261,980
509516.370400,6944428.002000,3.139437,980
509516.597000,6944428.043000,3.075790,980
509517.088900,6944428.133000,3.017818,980
509517.580800,6944428.223000,2.959535,980
509518.072700,6944428.313000,2.899992,980
509518.564600,6944428.402000,2.844855,980
509519.056500,6944428.492000,2.872624,980
509519.548300,6944428.582000,2.899917,980
509520.040200,6944428.672000,2.927538,980
509520.532100,6944428.761000,2.955934,980
509521.024000,6944428.851000,3.028394,980
509521.515900,6944428.941000,3.108971,980
509521.708400,6944428.976000,3.139437,980
509522.007700,6944429.030000,3.181365,980
509522.499600,6944429.120000,3.251278,980
509522.991500,6944429.210000,3.329734,980
509523.483400,6944429.300000,3.410731,980
509523.975300,6944429.389000,3.490364,980
509524.467100,6944429.479000,3.568968,980
509524.900200,6944429.558000,3.637324,980
509524.959000,6944429.569000,3.646345,980
509525.450900,6944429.659000,3.720074,980
509525.942800,6944429.748000,3.793771,980
509526.434700,6944429.838000,3.867490,980
509526.926600,6944429.928000,3.937426,980
509527.418400,6944430.018000,4.002937,980
509527.910300,6944430.107000,4.067464,980
509528.402200,6944430.197000,4.133428,980
509528.415100,6944430.199000,4.135211,980
509528.894100,6944430.287000,4.198862,980
509529.386000,6944430.376000,4.259371,980
509529.877800,6944430.466000,4.319657,980
509530.369700,6944430.556000,4.380080,980
509530.861600,6944430.646000,4.439304,980
509531.353500,6944430.735000,4.493538,980
509531.845400,6944430.825000,4.546379,980
509532.337300,6944430.915000,4.599257,980
509532.618400,6944430.966000,4.633099,980
509532.829100,6944431.005000,4.656415,980
509534.796700,6944431.364000,4.855131,980
509535.288500,6944431.453000,4.900305,980
509535.780400,6944431.543000,4.945145,980
509536.272300,6944431.633000,4.989345,980
509536.764200,6944431.723000,5.031090,980
509537.256100,6944431.812000,5.072467,980
509537.748000,6944431.902000,5.114275,980
509537.922800,6944431.934000,5.130986,980
509538.239800,6944431.992000,5.157505,980
509538.731700,6944432.081000,5.198807,980
509539.223600,6944432.171000,5.237588,980
509539.715500,6944432.261000,5.275144,980
509540.207400,6944432.351000,5.312683,980
509540.699200,6944432.440000,5.350190,980
509541.191100,6944432.530000,5.387124,980
509541.683000,6944432.620000,5.423772,980
509542.174900,6944432.710000,5.457960,980
509542.666800,6944432.799000,5.493301,980
509543.158700,6944432.889000,5.526227,980
509543.650500,6944432.979000,5.567053,980
509544.142400,6944433.069000,5.609001,980
509544.344500,6944433.105000,5.628873,980
509544.634300,6944433.158000,5.654190,980
509545.126200,6944433.248000,5.697576,980
509545.618100,6944433.338000,5.743018,980
509546.109900,6944433.427000,5.788513,980
509546.601800,6944433.517000,5.834039,980
509547.093700,6944433.607000,5.879156,980
509547.585600,6944433.697000,5.923137,980
509548.077500,6944433.786000,5.965356,980
509548.569400,6944433.876000,6.007626,980
509549.061200,6944433.966000,6.049583,980
509549.553100,6944434.056000,6.090338,980
509549.921500,6944434.123000,6.126761,980
509550.045000,6944434.145000,6.136997,980
509551.028800,6944434.325000,6.218807,980
509551.520600,6944434.415000,6.257810,980
509552.012500,6944434.504000,6.296402,980
509552.996300,6944434.684000,6.373599,980
509553.488200,6944434.774000,6.410747,980
509553.980100,6944434.863000,6.446151,980
509554.471900,6944434.953000,6.480026,980
509554.963800,6944435.043000,6.514680,980
509555.455700,6944435.132000,6.547942,980
509555.947600,6944435.222000,6.583256,980
509556.439500,6944435.312000,6.621755,980
509556.473100,6944435.318000,6.624648,980
509556.931300,6944435.402000,6.661058,980
509557.423200,6944435.491000,6.697560,980
509557.915100,6944435.581000,6.730374,980
509558.407000,6944435.671000,6.763263,980
509558.898900,6944435.761000,6.796199,980
509559.390700,6944435.850000,6.826165,980
509559.882600,6944435.940000,6.848307,980
509560.374500,6944436.030000,6.870478,980
509560.866400,6944436.120000,6.892667,980
509561.358300,6944436.209000,6.913165,980
509561.850200,6944436.299000,6.923058,980
509562.342000,6944436.389000,6.932702,980
509562.833900,6944436.478000,6.941612,980
509563.325800,6944436.568000,6.950713,980
509504.300000,6944425.800000,5.729894,985
509506.267500,6944426.159000,5.682709,985
509506.759400,6944426.249000,5.637216,985
509506.839800,6944426.263000,5.628873,985
509507.251300,6944426.338000,5.582716,985
509507.743200,6944426.428000,5.538145,985
509508.235100,6944426.518000,5.491848,985
509508.726900,6944426.608000,5.405257,985
509509.218800,6944426.697000,5.293175,985
509509.710700,6944426.787000,5.180417,985
509509.928500,6944426.827000,5.130986,985
509510.202600,6944426.877000,5.064965,985
509510.694500,6944426.967000,4.922827,985
509511.186300,6944427.056000,4.748598,985
509511.508200,6944427.115000,4.633099,985
509511.678200,6944427.146000,4.568188,985
509512.170100,6944427.236000,4.401675,985
509512.662000,6944427.325000,4.220119,985
509512.887200,6944427.367000,4.135211,985
509513.153900,6944427.415000,4.033192,985
509513.645800,6944427.505000,3.853550,985
509514.137600,6944427.595000,3.667696,985
509514.226500,6944427.611000,3.637324,985
509514.629500,6944427.684000,3.490498,985
509515.121400,6944427.774000,3.365679,985
509515.613300,6944427.864000,3.231880,985
509515.944800,6944427.924000,3.139437,985
509516.105200,6944427.954000,3.085952,985
509516.597000,6944428.043000,2.949713,985
509517.088900,6944428.133000,2.890680,985
509517.580800,6944428.223000,2.831391,985
509518.072700,6944428.313000,2.771411,985
509518.564600,6944428.402000,2.715221,985
509519.056500,6944428.492000,2.743303,985
509519.548300,6944428.582000,2.771146,985
509520.040200,6944428.672000,2.799123,985
509520.532100,6944428.761000,2.827551,985
509521.024000,6944428.851000,2.901361,985
509521.515900,6944428.941000,2.982545,985
509522.007700,6944429.030000,3.060884,985
509522.492700,6944429.119000,3.139437,985
509522.499600,6944429.120000,3.140426,985
509522.991500,6944429.210000,3.220499,985
509523.483400,6944429.300000,3.303375,985
509523.975300,6944429.389000,3.384308,985
509524.467100,6944429.479000,3.462174,985
509524.959000,6944429.569000,3.539417,985
509525.450900,6944429.659000,3.614704,985
509525.576800,6944429.682000,3.637324,985
509525.942800,6944429.748000,3.693039,985
509526.434700,6944429.838000,3.768191,985
509526.926600,6944429.928000,3.839420,985
509527.418400,6944430.018000,3.906214,985
509527.910300,6944430.107000,3.971210,985
509528.402200,6944430.197000,4.033411,985
509528.894100,6944430.287000,4.097239,985
509529.148500,6944430.333000,4.135211,985
509529.386000,6944430.376000,4.164835,985
509529.877800,6944430.466000,4.226332,985
509530.369700,6944430.556000,4.287986,985
509530.861600,6944430.646000,4.348435,985
509531.353500,6944430.735000,4.403793,985
509531.845400,6944430.825000,4.456281,985
509532.337300,6944430.915000,4.503747,985
509532.829100,6944431.005000,4.560606,985
509533.321000,6944431.094000,4.615495,985
509533.452800,6944431.118000,4.633099,985
509533.812900,6944431.184000,4.670114,985
509534.796700,6944431.364000,4.771578,985
509535.288500,6944431.453000,4.817711,985
509535.780400,6944431.543000,4.863505,985
509536.272300,6944431.633000,4.908292,985
509536.764200,6944431.723000,4.948259,985
509537.256100,6944431.812000,4.988344,985
509537.748000,6944431.902000,5.024150,985
509538.239800,6944431.992000,5.068733,985
509538.731700,6944432.081000,5.117085,985
509538.856500,6944432.104000,5.130986,985
509539.223600,6944432.171000,5.160493,985
509539.715500,6944432.261000,5.198833,985
509540.207400,6944432.351000,5.237170,985
509540.699200,6944432.440000,5.275487,985
509541.191100,6944432.530000,5.313194,985
509541.683000,6944432.620000,5.350511,985
509542.174900,6944432.710000,5.384288,985
509542.666800,6944432.799000,5.419370,985
509543.158700,6944432.889000,5.448831,985
509543.650500,6944432.979000,5.488012,985
509544.142400,6944433.069000,5.522470,985
509544.634300,6944433.158000,5.567960,985
509545.126200,6944433.248000,5.618344,985
509545.208000,6944433.263000,5.628873,985
509545.618100,6944433.338000,5.667066,985
509546.109900,6944433.427000,5.712990,985
509546.601800,6944433.517000,5.758958,985
509547.093700,6944433.607000,5.804443,985
509547.585600,6944433.697000,5.848782,985
509548.077500,6944433.786000,5.890542,985
509548.569400,6944433.876000,5.931776,985
509549.061200,6944433.966000,5.970685,985
509549.553100,6944434.056000,6.003730,985
509550.045000,6944434.145000,6.050030,985
509550.536900,6944434.235000,6.096453,985
509550.787700,6944434.281000,6.126761,985
509551.028800,6944434.325000,6.146932,985
509551.520600,6944434.415000,6.186277,985
509552.012500,6944434.504000,6.225216,985
509552.996300,6944434.684000,6.303100,985
509553.488200,6944434.774000,6.340572,985
509553.980100,6944434.863000,6.375868,985
509554.471900,6944434.953000,6.408652,985
509554.963800,6944435.043000,6.441750,985
509555.455700,6944435.132000,6.471864,985
509555.947600,6944435.222000,6.504163,985
509556.439500,6944435.312000,6.536146,985
509556.931300,6944435.402000,6.575693,985
509557.423200,6944435.491000,6.616920,985
509557.510400,6944435.507000,6.624648,985
509557.915100,6944435.581000,6.651835,985
509558.407000,6944435.671000,6.684994,985
509558.898900,6944435.761000,6.718219,985
509559.390700,6944435.850000,6.748465,985
509559.882600,6944435.940000,6.770824,985
509560.374500,6944436.030000,6.793227,985
509560.866400,6944436.120000,6.815663,985
509561.358300,6944436.209000,6.836404,985
509561.850200,6944436.299000,6.846436,985
509562.342000,6944436.389000,6.856122,985
509562.833900,6944436.478000,6.864756,985
509563.325800,6944436.568000,6.873621,985
509504.300000,6944425.800000,5.621668,990
509504.791900,6944425.890000,5.604697,990
509505.283800,6944425.979000,5.588236,990
509505.775600,6944426.069000,5.572302,990
509506.267500,6944426.159000,5.556907,990
509506.759400,6944426.249000,5.518963,990
509507.251300,6944426.338000,5.467421,990
509507.743200,6944426.428000,5.434644,990
509508.235100,6944426.518000,5.390109,990
509508.726900,6944426.608000,5.306693,990
509509.218800,6944426.697000,5.193392,990
509509.490100,6944426.747000,5.130986,990
509509.710700,6944426.787000,5.066002,990
509510.202600,6944426.877000,4.958230,990
509510.694500,6944426.967000,4.823176,990
509511.186300,6944427.056000,4.647342,990
509511.226000,6944427.064000,4.633099,990
509511.678200,6944427.146000,4.460513,990
509512.170100,6944427.236000,4.299370,990
509512.608900,6944427.316000,4.135211,990
509512.662000,6944427.325000,4.105552,990
509513.153900,6944427.415000,3.926231,990
509513.645800,6944427.505000,3.747692,990
509513.937300,6944427.558000,3.637324,990
509514.137600,6944427.595000,3.546098,990
509514.629500,6944427.684000,3.376343,990
509515.121400,6944427.774000,3.257701,990
509515.552800,6944427.853000,3.139437,990
509515.613300,6944427.864000,3.114435,990
509516.105200,6944427.954000,2.955308,990
509516.597000,6944428.043000,2.823635,990
509517.088900,6944428.133000,2.763541,990
509517.580800,6944428.223000,2.703247,990
509518.072700,6944428.313000,2.642831,990
509518.083800,6944428.315000,2.641549,990
509518.564600,6944428.402000,2.571666,990
509519.056500,6944428.492000,2.606220,990
509519.534000,6944428.579000,2.641549,990
509519.548300,6944428.582000,2.642375,990
509520.040200,6944428.672000,2.670708,990
509520.532100,6944428.761000,2.699168,990
509521.024000,6944428.851000,2.774328,990
509521.515900,6944428.941000,2.856119,990
509522.007700,6944429.030000,2.935292,990
509522.499600,6944429.120000,3.008682,990
509522.991500,6944429.210000,3.098226,990
509523.153100,6944429.239000,3.139437,990
509523.483400,6944429.300000,3.196019,990
509523.975300,6944429.389000,3.278253,990
509524.467100,6944429.479000,3.355381,990
509524.959000,6944429.569000,3.432183,990
509525.450900,6944429.659000,3.495804,990
509525.942800,6944429.748000,3.571359,990
509526.230200,6944429.801000,3.637324,990
509526.434700,6944429.838000,3.668891,990
509526.926600,6944429.928000,3.741414,990
509527.418400,6944430.018000,3.809491,990
509527.910300,6944430.107000,3.874956,990
509528.402200,6944430.197000,3.933395,990
509528.894100,6944430.287000,3.984124,990
509529.386000,6944430.376000,4.052199,990
509529.877800,6944430.466000,4.131628,990
509529.894900,6944430.469000,4.135211,990
509530.369700,6944430.556000,4.195891,990
509530.861600,6944430.646000,4.257566,990
509531.353500,6944430.735000,4.314049,990
509531.845400,6944430.825000,4.366183,990
509532.337300,6944430.915000,4.408238,990
509532.829100,6944431.005000,4.461886,990
509533.321000,6944431.094000,4.504211,990
509533.812900,6944431.184000,4.564605,990
509534.274600,6944431.268000,4.633099,990
509534.304800,6944431.274000,4.636239,990
509534.796700,6944431.364000,4.688024,990
509535.288500,6944431.453000,4.735118,990
509535.780400,6944431.543000,4.781865,990
509536.272300,6944431.633000,4.827239,990
509536.764200,6944431.723000,4.865429,990
509537.256100,6944431.812000,4.904221,990
509537.748000,6944431.902000,4.934025,990
509538.239800,6944431.992000,4.974939,990
509538.731700,6944432.081000,5.010280,990
509539.223600,6944432.171000,5.059985,990
509539.715500,6944432.261000,5.115005,990
509539.821000,6944432.280000,5.130986,990
509540.207400,6944432.351000,5.161657,990
509540.699200,6944432.440000,5.200784,990
509541.191100,6944432.530000,5.239265,990
509541.683000,6944432.620000,5.277249,990
509542.174900,6944432.710000,5.310617,990
509542.666800,6944432.799000,5.345439,990
509543.158700,6944432.889000,5.371434,990
509543.650500,6944432.979000,5.408971,990
509544.142400,6944433.069000,5.435940,990
509544.634300,6944433.158000,5.477124,990
509545.126200,6944433.248000,5.513456,990
509545.618100,6944433.338000,5.561788,990
509546.018300,6944433.411000,5.628873,990
509546.109900,6944433.427000,5.637467,990
509546.601800,6944433.517000,5.683877,990
509547.093700,6944433.607000,5.729729,990
509547.585600,6944433.697000,5.774427,990
509548.077500,6944433.786000,5.815729,990
509548.569400,6944433.876000,5.855927,990
509549.061200,6944433.966000,5.891786,990
509549.553100,6944434.056000,5.917122,990
509550.045000,6944434.145000,5.960702,990
509550.536900,6944434.235000,5.992632,990
509551.028800,6944434.325000,6.046650,990
509551.520600,6944434.415000,6.102949,990
509551.670600,6944434.442000,6.126761,990
509552.012500,6944434.504000,6.154029,990
509552.996300,6944434.684000,6.232600,990
509553.488200,6944434.774000,6.270398,990
509553.980100,6944434.863000,6.305585,990
509554.471900,6944434.953000,6.337278,990
509554.963800,6944435.043000,6.368819,990
509555.455700,6944435.132000,6.395785,990
509555.947600,6944435.222000,6.425071,990
509556.439500,6944435.312000,6.450537,990
509556.931300,6944435.402000,6.484963,990
509557.423200,6944435.491000,6.513320,990
509557.915100,6944435.581000,6.552194,990
509558.407000,6944435.671000,6.592874,990
509558.669600,6944435.719000,6.624648,990
509558.898900,6944435.761000,6.640240,990
509559.390700,6944435.850000,6.670764,990
509559.882600,6944435.940000,6.693341,990
509560.374500,6944436.030000,6.715977,990
509560.866400,6944436.120000,6.738659,990
509561.358300,6944436.209000,6.759643,990
509561.850200,6944436.299000,6.769815,990
509562.342000,6944436.389000,6.779542,990
509562.833900,6944436.478000,6.787899,990
509563.325800,6944436.568000,6.796530,990
509504.300000,6944425.800000,5.466959,995
509504.791900,6944425.890000,5.452084,995
509505.283800,6944425.979000,5.437794,995
509505.775600,6944426.069000,5.424091,995
509506.267500,6944426.159000,5.410969,995
509506.759400,6944426.249000,5.399721,995
509507.251300,6944426.338000,5.352126,995
509507.743200,6944426.428000,5.331143,995
509508.235100,6944426.518000,5.288370,995
509508.726900,6944426.608000,5.208129,995
509509.059600,6944426.668000,5.130986,995
509509.218800,6944426.697000,5.040338,995
509509.710700,6944426.787000,4.938185,995
509510.202600,6944426.877000,4.851494,995
509510.694500,6944426.967000,4.723525,995
509510.947100,6944427.013000,4.633099,995
509511.186300,6944427.056000,4.494350,995
509511.678200,6944427.146000,4.352838,995
509512.170100,6944427.236000,4.197065,995
509512.335400,6944427.266000,4.135211,995
509512.662000,6944427.325000,3.952897,995
509513.153900,6944427.415000,3.819271,995
509513.645800,6944427.505000,3.641833,995
509513.657700,6944427.507000,3.637324,995
509514.137600,6944427.595000,3.418736,995
509514.629500,6944427.684000,3.262189,995
509515.121400,6944427.774000,3.149723,995
509515.158900,6944427.781000,3.139437,995
509515.613300,6944427.864000,2.951689,995
509516.105200,6944427.954000,2.824664,995
509516.597000,6944428.043000,2.697558,995
509517.047800,6944428.126000,2.641549,995
509517.088900,6944428.133000,2.630124,995
509517.580800,6944428.223000,2.542002,995
509518.072700,6944428.313000,2.474147,995
509518.564600,6944428.402000,2.409783,995
509519.056500,6944428.492000,2.440486,995
509519.548300,6944428.582000,2.473595,995
509520.040200,6944428.672000,2.503336,995
509520.532100,6944428.761000,2.536644,995
509520.986700,6944428.844000,2.641549,995
509521.024000,6944428.851000,2.647295,995
509521.515900,6944428.941000,2.729693,995
509522.007700,6944429.030000,2.809699,995
509522.499600,6944429.120000,2.876749,995
509522.991500,6944429.210000,2.938437,995
509523.483400,6944429.300000,3.025433,995
509523.780900,6944429.354000,3.139437,995
509523.975300,6944429.389000,3.172198,995
509524.467100,6944429.479000,3.248587,995
509524.959000,6944429.569000,3.324949,995
509525.450900,6944429.659000,3.376903,995
509525.942800,6944429.748000,3.423751,995
509526.434700,6944429.838000,3.521491,995
509526.885500,6944429.920000,3.637324,995
509526.926600,6944429.928000,3.643407,995
509527.418400,6944430.018000,3.712768,995
509527.910300,6944430.107000,3.778702,995
509528.402200,6944430.197000,3.833379,995
509528.894100,6944430.287000,3.871009,995
509529.386000,6944430.376000,3.931302,995
509529.877800,6944430.466000,3.979942,995
509530.369700,6944430.556000,4.052631,995
509530.613700,6944430.600000,4.135211,995
509530.861600,6944430.646000,4.166697,995
509531.353500,6944430.735000,4.224304,995
509531.845400,6944430.825000,4.276085,995
509532.337300,6944430.915000,4.312729,995
509532.829100,6944431.005000,4.363166,995
509533.321000,6944431.094000,4.392926,995
509533.812900,6944431.184000,4.443992,995
509534.304800,6944431.274000,4.487290,995
509534.796700,6944431.364000,4.550894,995
509535.088300,6944431.417000,4.633099,995
509535.288500,6944431.453000,4.652525,995
509535.780400,6944431.543000,4.700225,995
509536.272300,6944431.633000,4.746186,995
509536.764200,6944431.723000,4.782598,995
509537.256100,6944431.812000,4.820098,995
509537.748000,6944431.902000,4.843900,995
509538.239800,6944431.992000,4.881146,995
509538.731700,6944432.081000,4.903474,995
509539.223600,6944432.171000,4.944959,995
509539.715500,6944432.261000,4.970923,995
509540.207400,6944432.351000,5.033541,995
509540.699200,6944432.440000,5.113791,995
509540.760100,6944432.452000,5.130986,995
509541.191100,6944432.530000,5.165336,995
509541.683000,6944432.620000,5.203987,995
509542.174900,6944432.710000,5.236945,995
509542.666800,6944432.799000,5.271508,995
509543.158700,6944432.889000,5.294038,995
509543.650500,6944432.979000,5.329929,995
509544.142400,6944433.069000,5.349410,995
509544.634300,6944433.158000,5.386289,995
509545.126200,6944433.248000,5.408569,995
509545.618100,6944433.338000,5.426849,995
509546.109900,6944433.427000,5.495701,995
509546.601800,6944433.517000,5.563801,995
509546.814900,6944433.556000,5.628873,995
509547.093700,6944433.607000,5.655015,995
509547.585600,6944433.697000,5.700072,995
509548.077500,6944433.786000,5.740916,995
509548.569400,6944433.876000,5.780078,995
509549.061200,6944433.966000,5.812888,995
509549.553100,6944434.056000,5.830515,995
509550.045000,6944434.145000,5.871373,995
509550.536900,6944434.235000,5.888811,995
509551.028800,6944434.325000,5.935283,995
509551.520600,6944434.415000,5.961206,995
509552.012500,6944434.504000,6.026861,995
509552.504400,6944434.594000,6.110918,995
509552.557400,6944434.604000,6.126761,995
509552.996300,6944434.684000,6.162101,995
509553.488200,6944434.774000,6.200224,995
509553.980100,6944434.863000,6.235302,995
509554.471900,6944434.953000,6.265903,995
509554.963800,6944435.043000,6.295888,995
509555.455700,6944435.132000,6.319706,995
509555.947600,6944435.222000,6.345978,995
509556.439500,6944435.312000,6.364927,995
509556.931300,6944435.402000,6.394234,995
509557.423200,6944435.491000,6.409719,995
509557.915100,6944435.581000,6.441381,995
509558.407000,6944435.671000,6.454116,995
509558.898900,6944435.761000,6.503170,995
509559.390700,6944435.850000,6.531708,995
509559.882600,6944435.940000,6.595732,995
509560.071300,6944435.975000,6.624648,995
509560.374500,6944436.030000,6.638726,995
509560.866400,6944436.120000,6.661655,995
509561.358300,6944436.209000,6.682883,995
509561.850200,6944436.299000,6.693193,995
509562.342000,6944436.389000,6.702963,995
509562.833900,6944436.478000,6.711043,995
509563.325800,6944436.568000,6.719439,995
509504.300000,6944425.800000,5.312251,1000
509504.791900,6944425.890000,5.299470,1000
509505.283800,6944425.979000,5.287352,1000
509505.775600,6944426.069000,5.275880,1000
509506.267500,6944426.159000,5.265032,1000
509506.759400,6944426.249000,5.280478,1000
509507.251300,6944426.338000,5.236831,1000
509507.743200,6944426.428000,5.227642,1000
509508.235100,6944426.518000,5.186631,1000
509508.587100,6944426.582000,5.130986,1000
509508.726900,6944426.608000,5.027930,1000
509509.218800,6944426.697000,4.798336,1000
509509.710700,6944426.787000,4.810367,1000
509510.202600,6944426.877000,4.744759,1000
509510.654500,6944426.959000,4.633099,1000
509510.694500,6944426.967000,4.583209,1000
509511.186300,6944427.056000,4.332889,1000
509511.678200,6944427.146000,4.245163,1000
509512.032800,6944427.211000,4.135211,1000
509512.170100,6944427.236000,3.973292,1000
509512.662000,6944427.325000,3.800243,1000
509513.153900,6944427.415000,3.712310,1000
509513.361800,6944427.453000,3.637324,1000
509513.645800,6944427.505000,3.364884,1000
509514.137600,6944427.595000,3.291374,1000
509514.629500,6944427.684000,3.148034,1000
509514.667300,6944427.691000,3.139437,1000
509515.121400,6944427.774000,2.870915,1000
509515.613300,6944427.864000,2.788942,1000
509516.105200,6944427.954000,2.694021,1000
509516.311500,6944427.991000,2.641549,1000
509516.597000,6944428.043000,2.432771,1000
509517.088900,6944428.133000,2.347871,1000
509517.580800,6944428.223000,2.350019,1000
509518.072700,6944428.313000,2.305059,1000
509518.564600,6944428.402000,2.247900,1000
509519.056500,6944428.492000,2.274752,1000
509519.548300,6944428.582000,2.304558,1000
509520.040200,6944428.672000,2.324519,1000
509520.532100,6944428.761000,2.346322,1000
509521.024000,6944428.851000,2.361752,1000
509521.515900,6944428.941000,2.502656,1000
509521.748000,6944428.983000,2.641549,1000
509522.007700,6944429.030000,2.684106,1000
509522.499600,6944429.120000,2.744816,1000
509522.991500,6944429.210000,2.778649,1000
509523.483400,6944429.300000,2.784385,1000
509523.975300,6944429.389000,2.908112,1000
509524.451900,6944429.476000,3.139437,1000
509524.467100,6944429.479000,3.141793,1000
509524.959000,6944429.569000,3.217715,1000
509525.450900,6944429.659000,3.258003,1000
509525.942800,6944429.748000,3.276144,1000
509526.434700,6944429.838000,3.351674,1000
509526.926600,6944429.928000,3.369497,1000
509527.418400,6944430.018000,3.533142,1000
509527.575500,6944430.046000,3.637324,1000
509527.910300,6944430.107000,3.682449,1000
509528.402200,6944430.197000,3.733363,1000
509528.894100,6944430.287000,3.757893,1000
509529.386000,6944430.376000,3.810406,1000
509529.877800,6944430.466000,3.828255,1000
509530.369700,6944430.556000,3.810540,1000
509530.861600,6944430.646000,3.916285,1000
509531.353500,6944430.735000,4.130989,1000
509531.359800,6944430.737000,4.135211,1000
509531.845400,6944430.825000,4.185987,1000
509532.337300,6944430.915000,4.217219,1000
509532.829100,6944431.005000,4.264445,1000
509533.321000,6944431.094000,4.281642,1000
509533.812900,6944431.184000,4.323379,1000
509534.304800,6944431.274000,4.335861,1000
509534.796700,6944431.364000,4.310972,1000
509535.288500,6944431.453000,4.395871,1000
509535.780400,6944431.543000,4.547435,1000
509535.933000,6944431.571000,4.633099,1000
509536.272300,6944431.633000,4.665133,1000
509536.764200,6944431.723000,4.699767,1000
509537.256100,6944431.812000,4.735975,1000
509537.748000,6944431.902000,4.753775,1000
509538.239800,6944431.992000,4.787353,1000
509538.731700,6944432.081000,4.796668,1000
509539.223600,6944432.171000,4.829933,1000
509539.715500,6944432.261000,4.826841,1000
509540.207400,6944432.351000,4.869446,1000
509540.699200,6944432.440000,4.851909,1000
509541.191100,6944432.530000,4.940487,1000
509541.683000,6944432.620000,5.128970,1000
509541.687000,6944432.621000,5.130986,1000
509542.174900,6944432.710000,5.163273,1000
509542.666800,6944432.799000,5.197577,1000
509543.158700,6944432.889000,5.216642,1000
509543.650500,6944432.979000,5.250888,1000
509544.142400,6944433.069000,5.262879,1000
509544.634300,6944433.158000,5.295454,1000
509545.126200,6944433.248000,5.303682,1000
509545.618100,6944433.338000,5.291910,1000
509546.109900,6944433.427000,5.345428,1000
509546.601800,6944433.517000,5.320462,1000
509547.093700,6944433.607000,5.414165,1000
509547.585600,6944433.697000,5.605697,1000
509547.624200,6944433.704000,5.628873,1000
509548.077500,6944433.786000,5.666103,1000
509548.569400,6944433.876000,5.704229,1000
509549.061200,6944433.966000,5.733989,1000
509549.553100,6944434.056000,5.743907,1000
509550.045000,6944434.145000,5.782044,1000
509550.536900,6944434.235000,5.784990,1000
509551.028800,6944434.325000,5.823917,1000
509551.520600,6944434.415000,5.819463,1000
509552.012500,6944434.504000,5.864932,1000
509552.504400,6944434.594000,5.849200,1000
509552.996300,6944434.684000,5.945053,1000
509553.445900,6944434.766000,6.126761,1000
509553.488200,6944434.774000,6.130050,1000
509553.980100,6944434.863000,6.165019,1000
509554.471900,6944434.953000,6.194529,1000
509554.963800,6944435.043000,6.222958,1000
509555.455700,6944435.132000,6.243627,1000
509555.947600,6944435.222000,6.266885,1000
509556.439500,6944435.312000,6.279318,1000
509556.931300,6944435.402000,6.303504,1000
509557.423200,6944435.491000,6.306118,1000
509557.915100,6944435.581000,6.330568,1000
509558.407000,6944435.671000,6.315359,1000
509558.898900,6944435.761000,6.351334,1000
509559.390700,6944435.850000,6.303066,1000
509559.882600,6944435.940000,6.340835,1000
509560.374500,6944436.030000,6.383580,1000
509560.866400,6944436.120000,6.439385,1000
509561.358300,6944436.209000,6.517589,1000
509561.850200,6944436.299000,6.571566,1000
509562.255000,6944436.373000,6.624648,1000
509562.342000,6944436.389000,6.626383,1000
509562.833900,6944436.478000,6.634186,1000
509563.325800,6944436.568000,6.642347,1000
509504.300000,6944425.800000,0.650000,1005
509563.325800,6944436.568000,0.650000,1005
509522.007700,6944429.030000,33.327176,245
509519.548300,6944428.582000,32.987808,250
509519.056500,6944428.492000,32.992155,250
509527.910300,6944430.107000,33.407821,250
509527.418400,6944430.018000,33.397696,250
509525.942800,6944429.748000,33.354619,250
509525.450900,6944429.659000,33.336122,250
509522.007700,6944429.030000,33.093946,250
509540.207400,6944432.351000,33.344000,255
509539.715500,6944432.261000,33.339612,255
509538.239800,6944431.992000,33.331264,255
509537.748000,6944431.902000,33.330457,255
509536.272300,6944431.633000,33.320117,255
509535.780400,6944431.543000,33.312748,255
509534.304800,6944431.274000,33.288583,255
509533.812900,6944431.184000,33.279288,255
509527.910300,6944430.107000,33.158241,255
509527.418400,6944430.018000,33.147662,255
509525.942800,6944429.748000,33.104878,255
509525.450900,6944429.659000,33.087017,255
509519.548300,6944428.582000,32.738902,255
509519.056500,6944428.492000,32.733791,255
509540.207400,6944432.351000,33.118636,260
509539.715500,6944432.261000,33.111399,260
509538.239800,6944431.992000,33.096116,260
509537.748000,6944431.902000,33.093658,260
509536.272300,6944431.633000,33.079460,260
509535.780400,6944431.543000,33.071347,260
509534.304800,6944431.274000,33.045181,260
509533.812900,6944431.184000,33.035360,260
509531.845400,6944430.825000,32.994804,260
509531.353500,6944430.735000,32.984325,260
509521.604300,6944428.957000,32.612879,260
509517.176400,6944428.149000,32.421703,265
509531.845400,6944430.825000,32.748884,265
509531.353500,6944430.735000,32.737938,265
509527.996500,6944430.123000,32.671909,265
509517.175500,6944428.149000,32.265324,270
509539.309800,6944432.187000,32.655153,270
509539.856300,6944432.287000,32.477821,275
509516.191600,6944427.969000,32.140670,275
509541.300700,6944432.550000,32.408419,280
509519.548300,6944428.582000,31.987276,280
509517.666800,6944428.239000,31.959566,280
509541.775000,6944432.637000,32.336800,285
509519.548300,6944428.582000,31.865393,285
509518.159100,6944428.328000,31.830339,285
509515.121400,6944427.774000,31.879064,285
509513.645800,6944427.505000,31.963838,285
509545.618100,6944433.338000,33.447205,290
509542.557900,6944432.779000,32.279169,290
509531.353500,6944430.735000,32.008467,290
509529.877800,6944430.466000,31.985795,290
509529.386000,6944430.376000,31.978108,290
509527.910300,6944430.107000,31.954543,290
509527.418400,6944430.018000,31.946550,290
509525.942800,6944429.748000,31.920818,290
509525.450900,6944429.659000,31.911669,290
509523.975300,6944429.389000,31.879873,290
509523.483400,6944429.300000,31.867571,290
509522.007700,6944429.030000,31.826105,290
509521.515900,6944428.941000,31.810129,290
509520.040200,6944428.672000,31.760777,290
509518.651400,6944428.418000,31.712022,290
509517.580800,6944428.223000,31.691112,290
509517.088900,6944428.133000,31.682327,290
509515.613300,6944427.864000,31.704007,290
509515.121400,6944427.774000,31.721505,290
509513.645800,6944427.505000,31.800907,290
509513.153900,6944427.415000,31.834330,290
509511.678200,6944427.146000,31.914774,290
509511.186300,6944427.056000,31.935421,290
509509.710700,6944426.787000,31.987349,290
509509.218800,6944426.697000,32.000914,290
509545.618100,6944433.338000,33.200979,295
509543.148600,6944432.887000,32.236710,295
509538.239800,6944431.992000,31.992322,295
509537.748000,6944431.902000,31.986154,295
509536.272300,6944431.633000,31.966652,295
509535.780400,6944431.543000,31.959657,295
509534.304800,6944431.274000,31.938136,295
509533.812900,6944431.184000,31.930640,295
509533.321000,6944431.094000,31.923143,295
509531.845400,6944430.825000,31.899925,295
509531.353500,6944430.735000,31.892051,295
509529.877800,6944430.466000,31.867826,295
509529.386000,6944430.376000,31.859616,295
509527.910300,6944430.107000,31.834448,295
509527.418400,6944430.018000,31.825913,295
509525.942800,6944429.748000,31.798965,295
509525.450900,6944429.659000,31.789545,295
509523.975300,6944429.389000,31.758015,295
509523.483400,6944429.300000,31.746224,295
509522.007700,6944429.030000,31.706248,295
509521.515900,6944428.941000,31.690748,295
509519.635200,6944428.598000,31.624961,295
509519.548300,6944428.582000,31.621627,295
509519.056500,6944428.492000,31.602741,295
509517.580800,6944428.223000,31.556844,295
509517.088900,6944428.133000,31.543433,295
509515.613300,6944427.864000,31.551131,295
509515.121400,6944427.774000,31.563946,295
509513.645800,6944427.505000,31.637976,295
509513.153900,6944427.415000,31.671851,295
509511.678200,6944427.146000,31.758761,295
509511.186300,6944427.056000,31.783153,295
509509.710700,6944426.787000,31.845086,295
509509.218800,6944426.697000,31.861527,295
509507.743200,6944426.428000,31.907054,295
509507.251300,6944426.338000,31.920520,295
509505.775600,6944426.069000,31.952380,295
509505.283800,6944425.979000,31.958342,295
509504.791900,6944425.890000,31.964304,295
509543.667400,6944432.982000,32.223146,300
509540.207400,6944432.351000,31.922180,300
509539.715500,6944432.261000,31.911124,300
509538.239800,6944431.992000,31.883600,300
509537.748000,6944431.902000,31.876740,300
509536.272300,6944431.633000,31.855358,300
509535.780400,6944431.543000,31.847834,300
509534.304800,6944431.274000,31.824753,300
509533.812900,6944431.184000,31.816754,300
509533.321000,6944431.094000,31.808755,300
509531.845400,6944430.825000,31.784017,300
509531.353500,6944430.735000,31.775634,300
509529.877800,6944430.466000,31.749857,300
509529.386000,6944430.376000,31.741123,300
509527.910300,6944430.107000,31.714353,300
509527.418400,6944430.018000,31.705276,300
509525.942800,6944429.748000,31.677112,300
509525.450900,6944429.659000,31.667421,300
509523.975300,6944429.389000,31.636157,300
509523.483400,6944429.300000,31.624877,300
509522.007700,6944429.030000,31.586390,300
509521.515900,6944428.941000,31.571366,300
509520.127000,6944428.687000,31.523863,300
509511.678200,6944427.146000,31.602748,300
509511.186300,6944427.056000,31.630885,300
509509.710700,6944426.787000,31.702823,300
509509.218800,6944426.697000,31.722139,300
509507.743200,6944426.428000,31.774211,300
509507.251300,6944426.338000,31.788921,300
509505.775600,6944426.069000,31.823349,300
509505.283800,6944425.979000,31.829532,300
509504.791900,6944425.890000,31.835715,300
509543.765300,6944433.000000,32.123040,305
509542.174900,6944432.710000,31.919396,305
509541.683000,6944432.620000,31.885420,305
509540.207400,6944432.351000,31.816370,305
509539.715500,6944432.261000,31.804568,305
509538.239800,6944431.992000,31.774877,305
509537.748000,6944431.902000,31.767326,305
509536.272300,6944431.633000,31.744065,305
509535.780400,6944431.543000,31.736011,305
509534.304800,6944431.274000,31.711370,305
509533.812900,6944431.184000,31.702868,305
509533.321000,6944431.094000,31.694367,305
509531.845400,6944430.825000,31.668109,305
509531.353500,6944430.735000,31.659218,305
509529.877800,6944430.466000,31.631887,305
509529.386000,6944430.376000,31.622630,305
509527.910300,6944430.107000,31.594258,305
509527.418400,6944430.018000,31.584638,305
509525.942800,6944429.748000,31.555259,305
509525.450900,6944429.659000,31.545297,305
509520.126900,6944428.687000,31.409220,305
509509.710700,6944426.787000,31.560560,305
509509.218800,6944426.697000,31.582752,305
509507.743200,6944426.428000,31.641368,305
509507.251300,6944426.338000,31.657322,305
509505.775600,6944426.069000,31.694318,305
509505.283800,6944425.979000,31.700722,305
509504.791900,6944425.890000,31.707125,305
509543.762700,6944432.999000,32.003708,310
509542.174900,6944432.710000,31.813727,310
509541.683000,6944432.620000,31.780135,310
509540.207400,6944432.351000,31.710560,310
509539.715500,6944432.261000,31.698011,310
509538.239800,6944431.992000,31.666155,310
509537.748000,6944431.902000,31.657912,310
509536.272300,6944431.633000,31.632772,310
509535.780400,6944431.543000,31.624188,310
509534.304800,6944431.274000,31.597987,310
509533.812900,6944431.184000,31.588983,310
509533.321000,6944431.094000,31.579978,310
509531.845400,6944430.825000,31.552202,310
509531.353500,6944430.735000,31.542802,310
509520.126900,6944428.687000,31.294775,310
509505.775600,6944426.069000,31.565286,310
509505.283800,6944425.979000,31.571911,310
509504.791900,6944425.890000,31.578536,310
509544.886200,6944433.204000,32.092028,315
509542.174900,6944432.710000,31.708058,315
509541.683000,6944432.620000,31.674850,315
509540.207400,6944432.351000,31.604750,315
509539.715500,6944432.261000,31.591455,315
509538.239800,6944431.992000,31.557432,315
509537.748000,6944431.902000,31.548498,315
509521.110400,6944428.867000,31.214133,315
509545.286300,6944433.277000,32.067992,320
509542.174900,6944432.710000,31.602389,320
509541.683000,6944432.620000,31.569565,320
509521.602200,6944428.956000,31.112700,320
509517.580800,6944428.223000,30.959485,320
509517.088900,6944428.133000,30.940363,320
509515.613300,6944427.864000,30.923170,320
509515.121400,6944427.774000,30.926029,320
509513.645800,6944427.505000,30.972573,320
509545.646500,6944433.343000,32.057704,325
509522.094000,6944429.046000,31.011142,325
509522.007700,6944429.030000,31.009025,325
509521.515900,6944428.941000,30.996952,325
509520.040200,6944428.672000,30.951593,325
509519.548300,6944428.582000,30.931236,325
509519.056500,6944428.492000,30.910879,325
509517.580800,6944428.223000,30.852509,325
509517.088900,6944428.133000,30.833526,325
509515.613300,6944427.864000,30.816939,325
509515.121400,6944427.774000,30.820041,325
509513.645800,6944427.505000,30.869091,325
509513.153900,6944427.415000,30.895715,325
509511.678200,6944427.146000,30.978895,325
509545.773300,6944433.366000,31.962826,330
509525.942800,6944429.748000,30.982628,330
509525.450900,6944429.659000,30.971626,330
509523.975300,6944429.389000,30.940720,330
509523.483400,6944429.300000,30.931241,330
509522.094000,6944429.046000,30.901905,330
509522.007700,6944429.030000,30.899822,330
509521.515900,6944428.941000,30.887939,330
509520.040200,6944428.672000,30.843314,330
509519.548300,6944428.582000,30.823296,330
509519.056500,6944428.492000,30.803278,330
509517.580800,6944428.223000,30.745532,330
509517.088900,6944428.133000,30.726689,330
509515.613300,6944427.864000,30.710709,330
509515.121400,6944427.774000,30.714054,330
509513.645800,6944427.505000,30.765610,330
509513.153900,6944427.415000,30.793528,330
509511.678200,6944427.146000,30.881958,330
509511.186300,6944427.056000,30.912889,330
509509.710700,6944426.787000,30.994149,330
509545.762100,6944433.364000,31.825105,335
509531.353500,6944430.735000,31.003121,335
509529.877800,6944430.466000,30.970068,335
509529.386000,6944430.376000,30.958788,335
509527.910300,6944430.107000,30.923789,335
509527.418400,6944430.018000,30.911808,335
509525.942800,6944429.748000,30.876298,335
509525.450900,6944429.659000,30.864602,335
509523.975300,6944429.389000,30.832142,335
509523.483400,6944429.300000,30.822351,335
509522.094000,6944429.046000,30.792669,335
509522.007700,6944429.030000,30.790619,335
509521.515900,6944428.941000,30.778926,335
509520.040200,6944428.672000,30.735035,335
509519.548300,6944428.582000,30.715357,335
509519.056500,6944428.492000,30.695678,335
509517.580800,6944428.223000,30.638556,335
509517.088900,6944428.133000,30.619852,335
509515.613300,6944427.864000,30.604479,335
509515.121400,6944427.774000,30.608067,335
509513.645800,6944427.505000,30.662128,335
509513.153900,6944427.415000,30.691342,335
509511.678200,6944427.146000,30.785021,335
509511.186300,6944427.056000,30.818126,335
509509.710700,6944426.787000,30.905342,335
509509.218800,6944426.697000,30.929888,335
509507.743200,6944426.428000,30.991531,335
509545.752100,6944433.362000,31.686988,340
509535.780400,6944431.543000,31.001657,340
509534.304800,6944431.274000,30.970620,340
509533.812900,6944431.184000,30.959951,340
509533.321000,6944431.094000,30.949282,340
509531.845400,6944430.825000,30.916051,340
509531.353500,6944430.735000,30.904747,340
509529.877800,6944430.466000,30.869599,340
509529.386000,6944430.376000,30.857605,340
509527.910300,6944430.107000,30.820391,340
509527.418400,6944430.018000,30.807653,340
509525.942800,6944429.748000,30.769967,340
509525.450900,6944429.659000,30.757577,340
509523.975300,6944429.389000,30.723564,340
509523.483400,6944429.300000,30.713461,340
509522.094000,6944429.046000,30.683433,340
509522.007700,6944429.030000,30.681416,340
509521.515900,6944428.941000,30.669913,340
509520.040200,6944428.672000,30.626756,340
509519.548300,6944428.582000,30.607417,340
509519.056500,6944428.492000,30.588078,340
509513.645800,6944427.505000,30.558647,340
509513.153900,6944427.415000,30.589155,340
509511.678200,6944427.146000,30.688084,340
509511.186300,6944427.056000,30.723364,340
509509.710700,6944426.787000,30.816535,340
509509.218800,6944426.697000,30.842854,340
509507.743200,6944426.428000,30.908808,340
509507.251300,6944426.338000,30.924934,340
509505.775600,6944426.069000,30.961751,340
509505.283800,6944425.979000,30.967715,340
509504.791900,6944425.890000,30.973680,340
509547.112000,6944433.610000,31.899337,345
509539.715500,6944432.261000,31.001154,345
509538.239800,6944431.992000,30.963206,345
509537.748000,6944431.902000,30.952345,345
509536.272300,6944431.633000,30.919863,345
509535.780400,6944431.543000,30.909086,345
509534.304800,6944431.274000,30.876185,345
509533.812900,6944431.184000,30.864877,345
509533.321000,6944431.094000,30.853569,345
509531.845400,6944430.825000,30.818351,345
509531.353500,6944430.735000,30.806374,345
509529.877800,6944430.466000,30.769131,345
509529.386000,6944430.376000,30.756423,345
509527.910300,6944430.107000,30.716994,345
509527.418400,6944430.018000,30.703498,345
509525.942800,6944429.748000,30.663636,345
509525.450900,6944429.659000,30.650553,345
509523.569700,6944429.315000,30.606398,345
509523.483400,6944429.300000,30.604571,345
509522.007700,6944429.030000,30.572213,345
509521.515900,6944428.941000,30.560899,345
509511.678200,6944427.146000,30.591147,345
509511.186300,6944427.056000,30.628602,345
509509.710700,6944426.787000,30.727729,345
509509.218800,6944426.697000,30.755820,345
509507.743200,6944426.428000,30.826084,345
509507.251300,6944426.338000,30.843194,345
509505.775600,6944426.069000,30.882361,345
509505.283800,6944425.979000,30.888783,345
509504.791900,6944425.890000,30.895205,345
509547.472500,6944433.676000,31.898036,350
509541.683000,6944432.620000,30.986558,350
509540.207400,6944432.351000,30.927510,350
509539.715500,6944432.261000,30.913026,350
509538.239800,6944431.992000,30.873646,350
509537.748000,6944431.902000,30.862190,350
509536.272300,6944431.633000,30.827903,350
509535.780400,6944431.543000,30.816514,350
509534.304800,6944431.274000,30.781751,350
509533.812900,6944431.184000,30.769803,350
509533.321000,6944431.094000,30.757856,350
509531.845400,6944430.825000,30.720652,350
509531.353500,6944430.735000,30.708000,350
509529.877800,6944430.466000,30.668662,350
509529.386000,6944430.376000,30.655240,350
509527.910300,6944430.107000,30.613597,350
509527.418400,6944430.018000,30.599343,350
509525.942800,6944429.748000,30.557306,350
509525.450900,6944429.659000,30.543529,350
509523.569700,6944429.315000,30.497284,350
509509.710700,6944426.787000,30.638922,350
509509.218800,6944426.697000,30.668787,350
509507.743200,6944426.428000,30.743361,350
509507.251300,6944426.338000,30.761453,350
509505.775600,6944426.069000,30.802971,350
509505.283800,6944425.979000,30.809851,350
509504.791900,6944425.890000,30.816730,350
509547.807100,6944433.737000,31.882896,355
509542.174900,6944432.710000,30.922531,355
509541.683000,6944432.620000,30.898406,355
509540.207400,6944432.351000,30.839763,355
509539.715500,6944432.261000,30.824898,355
509538.239800,6944431.992000,30.784087,355
509537.748000,6944431.902000,30.772035,355
509536.272300,6944431.633000,30.735942,355
509535.780400,6944431.543000,30.723942,355
509534.304800,6944431.274000,30.687316,355
509533.812900,6944431.184000,30.674729,355
509533.321000,6944431.094000,30.662142,355
509531.845400,6944430.825000,30.622953,355
509531.353500,6944430.735000,30.609626,355
509529.877800,6944430.466000,30.568194,355
509529.386000,6944430.376000,30.554057,355
509524.061700,6944429.405000,30.398358,355
509509.218800,6944426.697000,30.581753,355
509507.743200,6944426.428000,30.660637,355
509507.251300,6944426.338000,30.679712,355
509505.775600,6944426.069000,30.723581,355
509505.283800,6944425.979000,30.730918,355
509504.791900,6944425.890000,30.738256,355
509547.780900,6944433.732000,31.681753,360
509536.272300,6944431.633000,30.643981,360
509535.780400,6944431.543000,30.631371,360
509524.061800,6944429.405000,30.288598,360
509507.743200,6944426.428000,30.577913,360
509504.791900,6944425.890000,30.659781,360
509547.758300,6944433.728000,31.481488,365
509540.207400,6944432.351000,30.664268,365
509524.061900,6944429.405000,30.178838,365
509547.735600,6944433.724000,31.300535,370
509524.062000,6944429.405000,30.069078,370
509549.412900,6944434.030000,31.702977,375
509526.029500,6944429.764000,30.028393,375
509547.704300,6944433.718000,30.954575,380
509546.109900,6944433.427000,30.739791,380
509524.062700,6944429.405000,29.803887,380
509547.691000,6944433.716000,30.802766,385
509546.109900,6944433.427000,30.621528,385
509524.062800,6944429.405000,29.665616,385
509519.548300,6944428.582000,29.507661,385
509547.684100,6944433.715000,30.652487,390
509524.062900,6944429.405000,29.527382,390
509519.548300,6944428.582000,29.362466,390
509552.111700,6944434.522000,33.012676,395
509549.712400,6944434.085000,30.813633,395
509526.030900,6944429.764000,29.495919,395
509519.548300,6944428.582000,29.217272,395
509513.645800,6944427.505000,29.385287,395
509549.670200,6944434.077000,30.579966,400
509526.031300,6944429.764000,29.361695,400
509525.450900,6944429.659000,29.325609,400
509523.975300,6944429.389000,29.239954,400
509519.548300,6944428.582000,29.072078,400
509513.645800,6944427.505000,29.275862,400
509549.651200,6944434.074000,30.341377,405
509526.031500,6944429.765000,29.227472,405
509523.975300,6944429.389000,29.098263,405
509513.645800,6944427.505000,29.166437,405
509558.556500,6944435.698000,27.403254,405
509549.641500,6944434.072000,30.101881,410
509531.353500,6944430.735000,29.429158,410
509526.031800,6944429.765000,29.093252,410
509558.552200,6944435.697000,27.200916,410
509556.844900,6944435.386000,30.004551,415
509558.548600,6944435.697000,27.000534,415
509535.376100,6944431.469000,29.527503,415
509531.353500,6944430.735000,29.310832,415
509511.775800,6944427.164000,29.185174,415
509556.824400,6944435.382000,30.310223,420
509558.539500,6944435.695000,26.809030,420
509535.376200,6944431.469000,29.418768,420
509531.353500,6944430.735000,29.192506,420
509511.779900,6944427.165000,29.082759,420
509557.293300,6944435.468000,30.486402,425
509562.833900,6944436.478000,25.888160,425
509558.527700,6944435.693000,26.618002,425
509535.376400,6944431.469000,29.310066,425
509533.812900,6944431.184000,29.222895,425
509515.121400,6944427.774000,28.423472,425
509511.782800,6944427.165000,28.969986,425
509509.218800,6944426.697000,29.312231,425
509507.743200,6944426.428000,29.450714,425
509558.802800,6944435.743000,30.515253,430
509562.833900,6944436.478000,25.779026,430
509558.522400,6944435.692000,26.450463,430
509540.207400,6944432.351000,29.450589,430
509535.376500,6944431.469000,29.201365,430
509511.784000,6944427.165000,28.846131,430
509509.218800,6944426.697000,29.218141,430
509507.743200,6944426.428000,29.359473,430
509558.381400,6944435.666000,30.745694,435
509559.882600,6944435.940000,30.569888,435
509558.520100,6944435.692000,26.299334,435
509543.650500,6944432.979000,29.449043,435
509541.683000,6944432.620000,29.409548,435
509540.207400,6944432.351000,29.349705,435
509535.376700,6944431.469000,29.092665,435
509511.787800,6944427.166000,28.721807,435
509504.791900,6944425.890000,29.415685,435
509556.555900,6944435.333000,31.562427,440
509559.882600,6944435.940000,30.704041,440
509562.833900,6944436.478000,30.548992,440
509559.882600,6944435.940000,25.895960,440
509558.515400,6944435.691000,26.148736,440
509543.650500,6944432.979000,29.341781,440
509540.207400,6944432.351000,29.248822,440
509535.377400,6944431.470000,28.975110,440
509511.795800,6944427.167000,28.596672,440
509507.743200,6944426.428000,29.176992,440
509504.791900,6944425.890000,29.327251,440
509556.875500,6944435.391000,31.665259,445
509562.833900,6944436.478000,30.640602,445
509558.511900,6944435.690000,26.002920,445
509541.683000,6944432.620000,29.206810,445
509535.378100,6944431.470000,28.845273,445
509512.292800,6944427.258000,28.336772,445
509558.749600,6944435.733000,31.196258,450
509562.833900,6944436.478000,30.732212,450
509558.510400,6944435.690000,25.867926,450
509535.378400,6944431.470000,28.715408,450
509512.296400,6944427.259000,28.176291,450
509558.726700,6944435.729000,31.389399,455
509562.833900,6944436.478000,30.823823,455
509558.508900,6944435.689000,25.732900,455
509535.378700,6944431.470000,28.585545,455
509533.812900,6944431.184000,28.433797,455
509512.300000,6944427.259000,28.015017,455
509504.791900,6944425.890000,29.061947,455
509558.702400,6944435.725000,31.586272,460
509562.833900,6944436.478000,30.915433,460
509558.507400,6944435.689000,25.597776,460
509535.380500,6944431.470000,28.438787,460
509512.116900,6944427.226000,27.898280,460
509558.676300,6944435.720000,31.784800,465
509558.505900,6944435.689000,25.462564,465
509535.381900,6944431.470000,28.279956,465
509511.481200,6944427.110000,27.898373,465
509558.855700,6944435.753000,31.880417,470
509558.504500,6944435.689000,25.327041,470
509535.382500,6944431.470000,28.121055,470
509512.403900,6944427.278000,27.449716,470
509559.220500,6944435.819000,31.901499,475
509558.503100,6944435.688000,25.191500,475
509535.383500,6944431.471000,27.958418,475
509519.548300,6944428.582000,24.446296,475
509512.412200,6944427.280000,27.133804,475
509558.501300,6944435.688000,25.055705,480
509535.384700,6944431.471000,27.791746,480
509519.548300,6944428.582000,24.216268,480
509512.562700,6944427.307000,26.734368,480
509558.500300,6944435.688000,24.926030,485
509541.683000,6944432.620000,28.237727,485
509535.385400,6944431.471000,27.625034,485
509512.721000,6944427.336000,26.287192,485
509504.791900,6944425.890000,28.287258,485
509558.499400,6944435.688000,24.796524,490
509534.538400,6944431.316000,27.240501,490
509511.978500,6944427.201000,26.329837,490
509504.791900,6944425.890000,28.113981,490
509558.498500,6944435.688000,24.666998,495
509535.402800,6944431.474000,27.166556,495
509512.103800,6944427.224000,25.781809,495
509562.833900,6944436.478000,24.283338,500
509558.497700,6944435.687000,24.537380,500
509535.406000,6944431.475000,26.905882,500
509519.548300,6944428.582000,23.477880,500
509512.541700,6944427.304000,25.031826,500
509558.496900,6944435.687000,24.406617,505
509535.409500,6944431.475000,26.641517,505
509519.548300,6944428.582000,23.317964,505
509512.324600,6944427.264000,24.739816,505
509562.833900,6944436.478000,24.073236,510
509558.496100,6944435.687000,24.275833,510
509535.422600,6944431.478000,26.332356,510
509512.304600,6944427.260000,24.364562,510
509558.495500,6944435.687000,24.145030,515
509535.440400,6944431.481000,25.983224,515
509512.277300,6944427.255000,24.002741,515
509558.495200,6944435.687000,24.011066,520
509535.468800,6944431.486000,25.560440,520
509512.269700,6944427.254000,23.719116,520
509558.494600,6944435.687000,23.869048,525
509535.474700,6944431.487000,25.111494,525
509512.263200,6944427.253000,23.448794,525
509558.494100,6944435.687000,23.727015,530
509535.491800,6944431.490000,24.603716,530
509511.765700,6944427.162000,23.200793,530
509562.833900,6944436.478000,23.495066,535
509558.493700,6944435.687000,23.584967,535
509535.489000,6944431.490000,24.044726,535
509511.764500,6944427.162000,22.943712,535
509562.833900,6944436.478000,23.373888,540
509559.882600,6944435.940000,23.401178,540
509558.493400,6944435.687000,23.438303,540
509535.622000,6944431.514000,23.579098,540
509523.975300,6944429.389000,22.306123,540
509511.764200,6944427.162000,22.698859,540
509559.882600,6944435.940000,23.264949,545
509558.493200,6944435.687000,23.290283,545
509535.414800,6944431.476000,23.012016,545
509511.764400,6944427.162000,22.474074,545
509562.833900,6944436.478000,23.131532,550
509558.493000,6944435.687000,23.142256,550
509535.391200,6944431.472000,22.528302,550
509525.450900,6944429.659000,22.023983,550
509511.764800,6944427.162000,22.276669,550
509558.492900,6944435.687000,22.991892,555
509552.012500,6944434.504000,23.123593,555
509535.378100,6944431.470000,22.118591,555
509525.450900,6944429.659000,21.854772,555
509523.975300,6944429.389000,21.840207,555
509511.765400,6944427.162000,22.079295,555
509558.493000,6944435.687000,22.838170,560
509534.882700,6944431.379000,21.712800,560
509511.277400,6944427.073000,21.833543,560
509558.493100,6944435.687000,22.684451,565
509534.883500,6944431.379000,21.367687,565
509515.613300,6944427.864000,21.771713,565
509515.121400,6944427.774000,21.788636,565
509511.278900,6944427.073000,21.631905,565
509507.251300,6944426.338000,20.973260,565
509505.775600,6944426.069000,20.756405,565
509505.283800,6944425.979000,20.705351,565
509504.791900,6944425.890000,20.654298,565
509558.493500,6944435.687000,22.526988,570
509554.471900,6944434.953000,22.400923,570
509553.980100,6944434.863000,22.380552,570
509552.504400,6944434.594000,22.305576,570
509552.012500,6944434.504000,22.274625,570
509534.886400,6944431.380000,21.041248,570
509515.613300,6944427.864000,21.619658,570
509515.121400,6944427.774000,21.631972,570
509511.279100,6944427.073000,21.444927,570
509507.251300,6944426.338000,20.792887,570
509562.833900,6944436.478000,22.493800,575
509562.342000,6944436.389000,22.481303,575
509561.850200,6944436.299000,22.468807,575
509560.374500,6944436.030000,22.421603,575
509558.493900,6944435.687000,22.351335,575
509554.471900,6944434.953000,22.162667,575
509553.980100,6944434.863000,22.131090,575
509534.995000,6944431.400000,20.720222,575
509534.304800,6944431.274000,20.779699,575
509531.845400,6944430.825000,20.949563,575
509531.353500,6944430.735000,20.977007,575
509511.279900,6944427.073000,21.265807,575
509562.833900,6944436.478000,22.345477,580
509562.342000,6944436.389000,22.331336,580
509561.850200,6944436.299000,22.317195,580
509560.374500,6944436.030000,22.261738,580
509558.494400,6944435.687000,22.175695,580
509535.387300,6944431.471000,20.362088,580
509531.845400,6944430.825000,20.711274,580
509531.353500,6944430.735000,20.747641,580
509529.877800,6944430.466000,20.840475,580
509529.386000,6944430.376000,20.867770,580
509527.910300,6944430.107000,20.939570,580
509527.418400,6944430.018000,20.960772,580
509525.942800,6944429.748000,21.018251,580
509525.450900,6944429.659000,21.035415,580
509511.769200,6944427.163000,21.148083,580
509562.833900,6944436.478000,22.197154,585
509562.342000,6944436.389000,22.181368,585
509561.850200,6944436.299000,22.165582,585
509560.374500,6944436.030000,22.101872,585
509558.495000,6944435.687000,22.000191,585
509535.389300,6944431.472000,20.053424,585
509529.877800,6944430.466000,20.633862,585
509529.386000,6944430.376000,20.667839,585
509527.910300,6944430.107000,20.757209,585
509527.418400,6944430.018000,20.783596,585
509525.942800,6944429.748000,20.855158,585
509525.450900,6944429.659000,20.876536,585
509523.975300,6944429.389000,20.936011,585
509523.483400,6944429.300000,20.954010,585
509522.007700,6944429.030000,21.005541,585
509521.515900,6944428.941000,21.021552,585
509511.769900,6944427.163000,20.974981,585
509511.678200,6944427.146000,20.963305,585
509511.186300,6944427.056000,20.900646,585
509558.495700,6944435.687000,21.824928,590
509535.393500,6944431.472000,19.770636,590
509527.418400,6944430.018000,20.606420,590
509525.942800,6944429.748000,20.692064,590
509525.450900,6944429.659000,20.717657,590
509523.975300,6944429.389000,20.788690,590
509523.483400,6944429.300000,20.810119,590
509522.007700,6944429.030000,20.870288,590
509521.515900,6944428.941000,20.888401,590
509520.040200,6944428.672000,20.940625,590
509519.548300,6944428.582000,20.956821,590
509519.056500,6944428.492000,20.973017,590
509517.580800,6944428.223000,21.013588,590
509517.088900,6944428.133000,21.025706,590
509515.613300,6944427.864000,21.034015,590
509515.121400,6944427.774000,21.030788,590
509513.645800,6944427.505000,20.972233,590
509513.153900,6944427.415000,20.940080,590
509511.770600,6944427.163000,20.804422,590
509511.678200,6944427.146000,20.792155,590
509511.186300,6944427.056000,20.726835,590
509558.496500,6944435.687000,21.649688,595
509543.650500,6944432.979000,18.316472,595
509542.174900,6944432.710000,18.289372,595
509541.683000,6944432.620000,18.326688,595
509535.397800,6944431.473000,19.489274,595
509523.975300,6944429.389000,20.641370,595
509523.483400,6944429.300000,20.666227,595
509522.007700,6944429.030000,20.735035,595
509521.515900,6944428.941000,20.755250,595
509520.040200,6944428.672000,20.811498,595
509519.548300,6944428.582000,20.827727,595
509519.056500,6944428.492000,20.843957,595
509517.580800,6944428.223000,20.880421,595
509517.088900,6944428.133000,20.890431,595
509515.613300,6944427.864000,20.889949,595
509515.121400,6944427.774000,20.883264,595
509513.645800,6944427.505000,20.814066,595
509513.153900,6944427.415000,20.778297,595
509511.771500,6944427.163000,20.633890,595
509558.498200,6944435.688000,21.465132,600
509535.401100,6944431.474000,19.211440,600
509522.007700,6944429.030000,20.599782,600
509521.515900,6944428.941000,20.622099,600
509520.040200,6944428.672000,20.682370,600
509519.548300,6944428.582000,20.698634,600
509519.056500,6944428.492000,20.714897,600
509517.580800,6944428.223000,20.747254,600
509517.088900,6944428.133000,20.755157,600
509515.613300,6944427.864000,20.745883,600
509515.121400,6944427.774000,20.735739,600
509513.645800,6944427.505000,20.655899,600
509513.153900,6944427.415000,20.616513,600
509511.772200,6944427.163000,20.464809,600
509558.499600,6944435.688000,21.270971,605
509555.947600,6944435.222000,20.937208,605
509535.403200,6944431.474000,18.939272,605
509519.056500,6944428.492000,20.585837,605
509517.580800,6944428.223000,20.614087,605
509517.088900,6944428.133000,20.619882,605
509515.613300,6944427.864000,20.601817,605
509515.121400,6944427.774000,20.588215,605
509511.773000,6944427.163000,20.296591,605
509558.500900,6944435.688000,21.076824,610
509555.947600,6944435.222000,20.705321,610
509542.174900,6944432.710000,17.381758,610
509541.683000,6944432.620000,17.417129,610
509535.405600,6944431.475000,18.672204,610
509511.773800,6944427.163000,20.128385,610
509558.672500,6944435.719000,20.900726,615
509558.407000,6944435.671000,20.864271,615
509557.915100,6944435.581000,20.796724,615
509541.683000,6944432.620000,17.138743,615
509535.504300,6944431.493000,18.386022,615
509511.774400,6944427.164000,19.961458,615
509559.882600,6944435.940000,20.857559,620
509558.504300,6944435.689000,20.677585,620
509558.407000,6944435.671000,20.663212,620
509535.410600,6944431.476000,18.145687,620
509511.775000,6944427.164000,19.795163,620
509562.833900,6944436.478000,20.936455,625
509562.342000,6944436.389000,20.903748,625
509561.850200,6944436.299000,20.871042,625
509559.882600,6944435.940000,20.669535,625
509558.505900,6944435.689000,20.476781,625
509535.413000,6944431.476000,17.883978,625
509520.040200,6944428.672000,20.020682,625
509519.548300,6944428.582000,20.038589,625
509515.613300,6944427.864000,20.016262,625
509515.121400,6944427.774000,19.989103,625
509511.775400,6944427.164000,19.628862,625
509562.833900,6944436.478000,20.762734,630
509562.342000,6944436.389000,20.728467,630
509561.850200,6944436.299000,20.694201,630
509558.507700,6944435.689000,20.274609,630
509535.414900,6944431.476000,17.622413,630
509520.040200,6944428.672000,19.880298,630
509519.548300,6944428.582000,19.898278,630
509519.056500,6944428.492000,19.916258,630
509517.580800,6944428.223000,19.927254,630
509517.088900,6944428.133000,19.923385,630
509515.613300,6944427.864000,19.864753,630
509515.121400,6944427.774000,19.835154,630
509511.775900,6944427.164000,19.462620,630
509558.509300,6944435.690000,20.072667,635
509542.174900,6944432.710000,16.010967,635
509541.683000,6944432.620000,16.043095,635
509535.416100,6944431.477000,17.358032,635
509520.040200,6944428.672000,19.739914,635
509519.548300,6944428.582000,19.757967,635
509519.056500,6944428.492000,19.776020,635
509517.580800,6944428.223000,19.783820,635
509517.088900,6944428.133000,19.778286,635
509515.613300,6944427.864000,19.713244,635
509515.121400,6944427.774000,19.681205,635
509511.776400,6944427.164000,19.296431,635
509505.775600,6944426.069000,18.447515,635
509505.283800,6944425.979000,18.412837,635
509504.791900,6944425.890000,18.378159,635
509558.512400,6944435.690000,19.862018,640
509543.650500,6944432.979000,15.769872,640
509542.174900,6944432.710000,15.742824,640
509541.683000,6944432.620000,15.773949,640
509535.417300,6944431.477000,17.093308,640
509520.040200,6944428.672000,19.599530,640
509519.548300,6944428.582000,19.617656,640
509519.056500,6944428.492000,19.635782,640
509517.580800,6944428.223000,19.640385,640
509517.088900,6944428.133000,19.633187,640
509511.777000,6944427.164000,19.130251,640
509507.743200,6944426.428000,18.503688,640
509507.251300,6944426.338000,18.440862,640
509505.775600,6944426.069000,18.285416,640
509505.283800,6944425.979000,18.251616,640
509504.791900,6944425.890000,18.217817,640
509558.514300,6944435.690000,19.651143,645
509535.419500,6944431.477000,16.828399,645
509520.040200,6944428.672000,19.459146,645
509517.088900,6944428.133000,19.488088,645
509511.778200,6944427.164000,18.959115,645
509507.743200,6944426.428000,18.336474,645
509507.251300,6944426.338000,18.275086,645
509505.775600,6944426.069000,18.123316,645
509558.515600,6944435.691000,19.441757,650
509535.422900,6944431.478000,16.562517,650
509520.040200,6944428.672000,19.318762,650
509517.088900,6944428.133000,19.342989,650
509511.779200,6944427.164000,18.784933,650
509507.743200,6944426.428000,18.169260,650
509558.516800,6944435.691000,19.233150,655
509542.174900,6944432.710000,14.931802,655
509541.683000,6944432.620000,14.959683,655
509535.422800,6944431.478000,16.281857,655
509520.040200,6944428.672000,19.178378,655
509517.088900,6944428.133000,19.197890,655
509511.779100,6944427.164000,18.610594,655
509558.518600,6944435.691000,19.022586,660
509542.174900,6944432.710000,14.658925,660
509541.683000,6944432.620000,14.685240,660
509535.599100,6944431.510000,15.951348,660
509512.270100,6944427.254000,18.512302,660
509511.186300,6944427.056000,18.339295,660
509558.521900,6944435.692000,18.805001,665
509535.423800,6944431.478000,15.714796,665
509512.270500,6944427.254000,18.334939,665
509511.186300,6944427.056000,18.163379,665
509505.775600,6944426.069000,17.452062,665
509558.523800,6944435.692000,18.587525,670
509535.424400,6944431.478000,15.424204,670
509522.007700,6944429.030000,18.512468,670
509512.270600,6944427.254000,18.157524,670
509507.743200,6944426.428000,17.478441,670
509505.775600,6944426.069000,17.277532,670
509558.525500,6944435.692000,18.370287,675
509535.426200,6944431.478000,15.128341,675
509522.007700,6944429.030000,18.339086,675
509520.040200,6944428.672000,18.539960,675
509517.088900,6944428.133000,18.550696,675
509515.613300,6944427.864000,18.429956,675
509515.121400,6944427.774000,18.376506,675
509512.271300,6944427.254000,17.975470,675
509507.743200,6944426.428000,17.297536,675
509558.527100,6944435.693000,18.153170,680
509542.174900,6944432.710000,13.571075,680
509535.424200,6944431.478000,14.818067,680
509522.007700,6944429.030000,18.165705,680
509520.040200,6944428.672000,18.371201,680
509519.548300,6944428.582000,18.394188,680
509519.056500,6944428.492000,18.417175,680
509517.580800,6944428.223000,18.400495,680
509517.088900,6944428.133000,18.379910,680
509515.613300,6944427.864000,18.256059,680
509515.121400,6944427.774000,18.201497,680
509512.272100,6944427.254000,17.789275,680
509558.529200,6944435.693000,17.933041,685
509542.174900,6944432.710000,13.299997,685
509541.683000,6944432.620000,13.317225,685
509535.617200,6944431.513000,14.449950,685
509520.040200,6944428.672000,18.202442,685
509519.548300,6944428.582000,18.225660,685
509519.056500,6944428.492000,18.248879,685
509517.580800,6944428.223000,18.230629,685
509517.088900,6944428.133000,18.209124,685
509512.272000,6944427.254000,17.602938,685
509561.850200,6944436.299000,18.404618,690
509558.686000,6944435.722000,17.752488,690
509535.907200,6944431.566000,14.055766,690
509512.764900,6944427.344000,17.483676,690
509561.850200,6944436.299000,18.202203,695
509558.534200,6944435.694000,17.483714,695
509535.417500,6944431.477000,13.864040,695
509512.274100,6944427.255000,17.198294,695
509558.538500,6944435.695000,17.249815,700
509542.174900,6944432.710000,12.524024,700
509541.683000,6944432.620000,12.533878,700
509535.414500,6944431.476000,13.537626,700
509512.273200,6944427.255000,16.994121,700
509558.539900,6944435.695000,17.015330,705
509542.174900,6944432.710000,12.278720,705
509541.683000,6944432.620000,12.286493,705
509539.715500,6944432.261000,12.431131,705
509535.408300,6944431.475000,13.205877,705
509520.040200,6944428.672000,17.449243,705
509519.548300,6944428.582000,17.481348,705
509519.056500,6944428.492000,17.513452,705
509517.580800,6944428.223000,17.487179,705
509517.088900,6944428.133000,17.456915,705
509512.272400,6944427.254000,16.789140,705
509505.775600,6944426.069000,15.995921,705
509505.283800,6944425.979000,15.969362,705
509504.791900,6944425.890000,15.942804,705
509558.541000,6944435.695000,16.780266,710
509539.715500,6944432.261000,12.171107,710
509537.748000,6944431.902000,12.436035,710
509535.403600,6944431.474000,12.883879,710
509520.040200,6944428.672000,17.226878,710
509519.548300,6944428.582000,17.259535,710
509519.056500,6944428.492000,17.292192,710
509517.580800,6944428.223000,17.267544,710
509517.088900,6944428.133000,17.237817,710
509512.271500,6944427.254000,16.583948,710
509507.251300,6944426.338000,15.917019,710
509505.775600,6944426.069000,15.800188,710
509505.283800,6944425.979000,15.774803,710
509504.791900,6944425.890000,15.749418,710
509558.543000,6944435.696000,16.540755,715
509535.398600,6944431.473000,12.568141,715
509512.276300,6944427.255000,16.342532,715
509509.218800,6944426.697000,15.919381,715
509507.251300,6944426.338000,15.715146,715
509558.551300,6944435.697000,16.278365,720
509535.394700,6944431.473000,12.258805,720
509512.273800,6944427.255000,16.099572,720
509511.186300,6944427.056000,15.946454,720
509509.218800,6944426.697000,15.704171,720
509558.555900,6944435.698000,16.013306,725
509535.390300,6944431.472000,11.951661,725
509512.388200,6944427.276000,15.867718,725
509511.186300,6944427.056000,15.711173,725
509558.558200,6944435.698000,15.742852,730
509535.384300,6944431.471000,11.646812,730
509512.269600,6944427.254000,15.602031,730
509505.775600,6944426.069000,14.973086,730
509505.283800,6944425.979000,14.949785,730
509504.791900,6944425.890000,14.926484,730
509558.561500,6944435.699000,15.464003,735
509542.174900,6944432.710000,10.962051,735
509541.683000,6944432.620000,10.957615,735
509540.207400,6944432.351000,10.987891,735
509539.715500,6944432.261000,11.012849,735
509535.382200,6944431.470000,11.387300,735
509517.580800,6944428.223000,16.010500,735
509517.088900,6944428.133000,15.977257,735
509515.613300,6944427.864000,15.807502,735
509515.121400,6944427.774000,15.735943,735
509512.269600,6944427.254000,15.326311,735
509505.775600,6944426.069000,14.749256,735
509505.283800,6944425.979000,14.727498,735
509504.791900,6944425.890000,14.705740,735
509558.567700,6944435.700000,15.173697,740
509542.174900,6944432.710000,10.761667,740
509541.683000,6944432.620000,10.755361,740
509540.207400,6944432.351000,10.778119,740
509539.715500,6944432.261000,10.799920,740
509535.381000,6944431.470000,11.135272,740
509517.580800,6944428.223000,15.698091,740
509517.088900,6944428.133000,15.668584,740
509512.266900,6944427.253000,15.042643,740
509558.574700,6944435.701000,14.860762,745
509535.379600,6944431.470000,10.882590,745
509512.264600,6944427.253000,14.724174,745
509558.724500,6944435.729000,14.593696,750
509535.377400,6944431.470000,10.629767,750
509512.260300,6944427.252000,14.403458,750
509558.582400,6944435.703000,14.205422,755
509535.376500,6944431.469000,10.415401,755
509512.257200,6944427.252000,14.078437,755
509558.584700,6944435.703000,13.860589,760
509542.174900,6944432.710000,10.066597,760
509541.683000,6944432.620000,10.055805,760
509540.207400,6944432.351000,10.050467,760
509539.715500,6944432.261000,10.057909,760
509538.239800,6944431.992000,10.091159,760
509535.375900,6944431.469000,10.204635,760
509512.256200,6944427.251000,13.670863,760
509505.775600,6944426.069000,13.571792,760
509505.283800,6944425.979000,13.556515,760
509504.791900,6944425.890000,13.541238,760
509558.782900,6944435.739000,13.583569,765
509544.142400,6944433.069000,10.026702,765
509543.650500,6944432.979000,9.986693,765
509542.174900,6944432.710000,9.911588,765
509541.683000,6944432.620000,9.899296,765
509540.207400,6944432.351000,9.888294,765
509539.715500,6944432.261000,9.893451,765
509538.239800,6944431.992000,9.918840,765
509537.748000,6944431.902000,9.931372,765
509535.375300,6944431.469000,10.004108,765
509534.304800,6944431.274000,10.044430,765
509533.812900,6944431.184000,10.064969,765
509533.321000,6944431.094000,10.085508,765
509511.768900,6944427.163000,13.295054,765
509509.710700,6944426.787000,13.385970,765
509505.775600,6944426.069000,13.320258,765
509505.283800,6944425.979000,13.306939,765
509504.791900,6944425.890000,13.293620,765
509558.587900,6944435.704000,13.134200,770
509545.618100,6944433.338000,10.027467,770
509544.142400,6944433.069000,9.875914,770
509543.650500,6944432.979000,9.835152,770
509542.174900,6944432.710000,9.756579,770
509541.683000,6944432.620000,9.742788,770
509540.207400,6944432.351000,9.726121,770
509539.715500,6944432.261000,9.728992,770
509538.239800,6944431.992000,9.746520,770
509537.748000,6944431.902000,9.756020,770
509535.375000,6944431.469000,9.811954,770
509534.304800,6944431.274000,9.843242,770
509533.812900,6944431.184000,9.859225,770
509533.321000,6944431.094000,9.875209,770
509531.845400,6944430.825000,9.930312,770
509531.353500,6944430.735000,9.949999,770
509529.877800,6944430.466000,10.017762,770
509529.386000,6944430.376000,10.042302,770
509512.081800,6944427.220000,12.857575,770
509558.574600,6944435.701000,12.787667,775
509546.109900,6944433.427000,9.942665,775
509545.618100,6944433.338000,9.878182,775
509544.142400,6944433.069000,9.725126,775
509543.650500,6944432.979000,9.683611,775
509535.374700,6944431.469000,9.619794,775
509534.304800,6944431.274000,9.642053,775
509533.812900,6944431.184000,9.653481,775
509533.321000,6944431.094000,9.664909,775
509531.845400,6944430.825000,9.704396,775
509531.353500,6944430.735000,9.718519,775
509529.877800,6944430.466000,9.767163,775
509529.386000,6944430.376000,9.784786,775
509527.418400,6944430.018000,9.868204,775
509525.942800,6944429.748000,9.944414,775
509525.450900,6944429.659000,9.972663,775
509511.300500,6944427.077000,12.557709,775
509558.563100,6944435.699000,12.451658,780
509546.109900,6944433.427000,9.793524,780
509545.618100,6944433.338000,9.728896,780
509534.882700,6944431.379000,9.443975,780
509525.450900,6944429.659000,9.639693,780
509522.007700,6944429.030000,9.745547,780
509521.515900,6944428.941000,9.755483,780
509520.040200,6944428.672000,9.786224,780
509519.548300,6944428.582000,9.797005,780
509519.056500,6944428.492000,9.807785,780
509511.318100,6944427.080000,12.151777,780
509509.710700,6944426.787000,12.435956,780
509509.218800,6944426.697000,12.479260,780
509507.743200,6944426.428000,12.556287,780
509507.251300,6944426.338000,12.558141,780
509505.775600,6944426.069000,12.552840,780
509505.283800,6944425.979000,12.545146,780
509504.791900,6944425.890000,12.537452,780
509558.749000,6944435.733000,12.185908,785
509548.077500,6944433.786000,9.920906,785
509535.374500,6944431.469000,9.258105,785
509511.341100,6944427.085000,11.760350,785
509509.218800,6944426.697000,12.165470,785
509507.743200,6944426.428000,12.274843,785
509507.251300,6944426.338000,12.282712,785
509505.775600,6944426.069000,12.290979,785
509505.283800,6944425.979000,12.285366,785
509504.791900,6944425.890000,12.279754,785
509558.546300,6944435.696000,11.811931,790
509548.077500,6944433.786000,9.771523,790
509534.882600,6944431.379000,9.083438,790
509511.359300,6944427.088000,11.367602,790
509558.535800,6944435.694000,11.522487,795
509550.536900,6944434.235000,9.985350,795
509550.045000,6944434.145000,9.912660,795
509542.174900,6944432.710000,9.032629,795
509541.683000,6944432.620000,9.016161,795
509534.882700,6944431.379000,8.935412,795
509511.370900,6944427.090000,10.992070,795
509558.520500,6944435.692000,11.279913,800
509550.536900,6944434.235000,9.834248,800
509550.045000,6944434.145000,9.761970,800
509542.174900,6944432.710000,8.912821,800
509541.683000,6944432.620000,8.895186,800
509534.882700,6944431.379000,8.787387,800
509511.381900,6944427.092000,10.650104,800
509558.518700,6944435.691000,11.041152,805
509552.504400,6944434.594000,9.971469,805
509552.012500,6944434.504000,9.899300,805
509542.174900,6944432.710000,8.793014,805
509541.683000,6944432.620000,8.774211,805
509534.882800,6944431.379000,8.639363,805
509531.845400,6944430.825000,8.576660,805
509531.353500,6944430.735000,8.565389,805
509527.910300,6944430.107000,8.469707,805
509527.418400,6944430.018000,8.453553,805
509511.726700,6944427.155000,10.194239,805
509558.516600,6944435.691000,10.804401,810
509553.980100,6944434.863000,10.034919,810
509552.504400,6944434.594000,9.818591,810
509552.012500,6944434.504000,9.746879,810
509542.174900,6944432.710000,8.673206,810
509541.683000,6944432.620000,8.653235,810
509539.715500,6944432.261000,8.595137,810
509538.239800,6944431.992000,8.563353,810
509537.748000,6944431.902000,8.553499,810
509534.883000,6944431.379000,8.491736,810
509531.845400,6944430.825000,8.410746,810
509531.353500,6944430.735000,8.396146,810
509527.910300,6944430.107000,8.272104,810
509527.418400,6944430.018000,8.251154,810
509511.379900,6944427.092000,10.027342,810
509505.775600,6944426.069000,11.034451,810
509505.283800,6944425.979000,11.038195,810
509504.791900,6944425.890000,11.041939,810
509558.513700,6944435.690000,10.576889,815
509554.471900,6944434.953000,9.952549,815
509553.980100,6944434.863000,9.880619,815
509542.174900,6944432.710000,8.553399,815
509541.683000,6944432.620000,8.532260,815
509539.715500,6944432.261000,8.468370,815
509538.239800,6944431.992000,8.431184,815
509537.748000,6944431.902000,8.419305,815
509534.883100,6944431.379000,8.344184,815
509531.845400,6944430.825000,8.244832,815
509531.353500,6944430.735000,8.226904,815
509519.548300,6944428.582000,7.597641,815
509519.056500,6944428.492000,7.580949,815
509511.529100,6944427.119000,9.682727,815
509505.775600,6944426.069000,10.793142,815
509505.283800,6944425.979000,10.798542,815
509504.791900,6944425.890000,10.803942,815
509558.701000,6944435.725000,10.424459,820
509554.471900,6944434.953000,9.797763,820
509553.980100,6944434.863000,9.726320,820
509543.650500,6944432.979000,8.522113,820
509542.174900,6944432.710000,8.433591,820
509541.683000,6944432.620000,8.411285,820
509539.715500,6944432.261000,8.341603,820
509538.239800,6944431.992000,8.299014,820
509537.748000,6944431.902000,8.285111,820
509534.883300,6944431.379000,8.196634,820
509522.007700,6944429.030000,7.544186,820
509521.515900,6944428.941000,7.506060,820
509520.040200,6944428.672000,7.413496,820
509519.548300,6944428.582000,7.395138,820
509519.056500,6944428.492000,7.376779,820
509517.580800,6944428.223000,7.442993,820
509511.381900,6944427.092000,9.495043,820
509558.504900,6944435.689000,10.214114,825
509556.439500,6944435.312000,9.923885,825
509543.650500,6944432.979000,8.405178,825
509542.174900,6944432.710000,8.313784,825
509541.683000,6944432.620000,8.290309,825
509539.715500,6944432.261000,8.214836,825
509538.239800,6944431.992000,8.166844,825
509537.748000,6944431.902000,8.150916,825
509534.883300,6944431.379000,8.060789,825
509523.975300,6944429.389000,7.514755,825
509523.483400,6944429.300000,7.475900,825
509522.007700,6944429.030000,7.355723,825
509521.515900,6944428.941000,7.313960,825
509520.040200,6944428.672000,7.212658,825
509519.548300,6944428.582000,7.192634,825
509519.056500,6944428.492000,7.172610,825
509517.580800,6944428.223000,7.240361,825
509511.599400,6944427.132000,9.157431,825
509558.503300,6944435.688000,10.042039,830
509558.407000,6944435.671000,10.029643,830
509556.439500,6944435.312000,9.766979,830
509543.650500,6944432.979000,8.288244,830
509542.174900,6944432.710000,8.193976,830
509541.683000,6944432.620000,8.169334,830
509534.883400,6944431.379000,7.938194,830
509527.418400,6944430.018000,7.582946,830
509525.942800,6944429.748000,7.489771,830
509525.450900,6944429.659000,7.455689,830
509523.975300,6944429.389000,7.341510,830
509523.483400,6944429.300000,7.298775,830
509511.372000,6944427.090000,9.026442,830
509507.743200,6944426.428000,10.000450,830
509507.251300,6944426.338000,10.042868,830
509559.882600,6944435.940000,10.039349,835
509558.501600,6944435.688000,9.882105,835
509558.407000,6944435.671000,9.870073,835
509543.650500,6944432.979000,8.171309,835
509534.883600,6944431.379000,7.815601,835
509529.877800,6944430.466000,7.577100,835
509529.386000,6944430.376000,7.550672,835
509527.910300,6944430.107000,7.464109,835
509527.418400,6944430.018000,7.433283,835
509525.942800,6944429.748000,7.330736,835
509525.450900,6944429.659000,7.293274,835
509511.374800,6944427.091000,8.816062,835
509507.743200,6944426.428000,9.789979,835
509507.251300,6944426.338000,9.835645,835
509505.775600,6944426.069000,9.930970,835
509505.283800,6944425.979000,9.940016,835
509504.791900,6944425.890000,9.949061,835
509562.342000,6944436.389000,10.065636,840
509561.850200,6944436.299000,10.040576,840
509560.374500,6944436.030000,9.924328,840
509559.882600,6944435.940000,9.877213,840
509558.501300,6944435.688000,9.722360,840
509558.407000,6944435.671000,9.710504,840
509534.883800,6944431.379000,7.693010,840
509531.845400,6944430.825000,7.547802,840
509531.353500,6944430.735000,7.522772,840
509529.877800,6944430.466000,7.440781,840
509529.386000,6944430.376000,7.411903,840
509527.910300,6944430.107000,7.317308,840
509527.418400,6944430.018000,7.283620,840
509525.942800,6944429.748000,7.171701,840
509511.375300,6944427.091000,8.609318,840
509505.775600,6944426.069000,9.730927,840
509505.283800,6944425.979000,9.740966,840
509504.791900,6944425.890000,9.751004,840
509562.833900,6944436.478000,9.922875,845
509562.342000,6944436.389000,9.898704,845
509561.850200,6944436.299000,9.874532,845
509560.374500,6944436.030000,9.761181,845
509559.882600,6944435.940000,9.715078,845
509558.500700,6944435.688000,9.566133,845
509534.883900,6944431.379000,7.573391,845
509534.304800,6944431.274000,7.545893,845
509533.812900,6944431.184000,7.522140,845
509533.321000,6944431.094000,7.498387,845
509531.845400,6944430.825000,7.420564,845
509531.353500,6944430.735000,7.393411,845
509529.877800,6944430.466000,7.304462,845
509529.386000,6944430.376000,7.273133,845
509527.910300,6944430.107000,7.170506,845
509520.040200,6944428.672000,6.497716,845
509517.580800,6944428.223000,6.515133,845
509517.088900,6944428.133000,6.553258,845
509511.369800,6944427.090000,8.418431,845
509562.833900,6944436.478000,9.755054,850
509562.342000,6944436.389000,9.731771,850
509561.850200,6944436.299000,9.708489,850
509558.499700,6944435.688000,9.417875,850
509537.748000,6944431.902000,7.584877,850
509536.272300,6944431.633000,7.521920,850
509534.884000,6944431.380000,7.458089,850
509534.304800,6944431.274000,7.428439,850
509533.812900,6944431.184000,7.402834,850
509533.321000,6944431.094000,7.377229,850
509531.845400,6944430.825000,7.293325,850
509531.353500,6944430.735000,7.264049,850
509529.877800,6944430.466000,7.168144,850
509520.040200,6944428.672000,6.347544,850
509517.580800,6944428.223000,6.364954,850
509517.088900,6944428.133000,6.404211,850
509511.597500,6944427.131000,8.130056,850
509558.499600,6944435.688000,9.269708,855
509540.207400,6944432.351000,7.582156,855
509539.715500,6944432.261000,7.562026,855
509538.239800,6944431.992000,7.500003,855
509537.748000,6944431.902000,7.478659,855
509536.272300,6944431.633000,7.411206,855
509534.884300,6944431.380000,7.342790,855
509534.304800,6944431.274000,7.310986,855
509533.812900,6944431.184000,7.283528,855
509533.321000,6944431.094000,7.256070,855
509531.845400,6944430.825000,7.166086,855
509523.975300,6944429.389000,6.539908,855
509520.040200,6944428.672000,6.197372,855
509517.580800,6944428.223000,6.214774,855
509517.088900,6944428.133000,6.255164,855
509511.362400,6944427.088000,8.052511,855
509558.499400,6944435.688000,9.121535,860
509542.174900,6944432.710000,7.577581,860
509541.683000,6944432.620000,7.552339,860
509540.207400,6944432.351000,7.482422,860
509539.715500,6944432.261000,7.461099,860
509538.239800,6944431.992000,7.395198,860
509537.748000,6944431.902000,7.372440,860
509536.272300,6944431.633000,7.300493,860
509534.884500,6944431.380000,7.227494,860
509534.304800,6944431.274000,7.193533,860
509533.812900,6944431.184000,7.164222,860
509523.975300,6944429.389000,6.405688,860
509511.361000,6944427.088000,7.889075,860
509505.775600,6944426.069000,8.987977,860
509505.283800,6944425.979000,8.998722,860
509504.791900,6944425.890000,9.009467,860
509558.571500,6944435.701000,9.014053,865
509543.650500,6944432.979000,7.573525,865
509542.174900,6944432.710000,7.481952,865
509541.683000,6944432.620000,7.455782,865
509540.207400,6944432.351000,7.382689,865
509539.715500,6944432.261000,7.360171,865
509538.239800,6944431.992000,7.290394,865
509537.748000,6944431.902000,7.266222,865
509536.272300,6944431.633000,7.189779,865
509534.884700,6944431.380000,7.112792,865
509523.975300,6944429.389000,6.271467,865
509511.626400,6944427.137000,7.622608,865
509505.775600,6944426.069000,8.829394,865
509505.283800,6944425.979000,8.840638,865
509504.791900,6944425.890000,8.851881,865
509558.496600,6944435.687000,8.895971,870
509544.142400,6944433.069000,7.516550,870
509543.650500,6944432.979000,7.480275,870
509542.174900,6944432.710000,7.386324,870
509541.683000,6944432.620000,7.359226,870
509540.207400,6944432.351000,7.282955,870
509539.715500,6944432.261000,7.259244,870
509538.239800,6944431.992000,7.185590,870
509537.748000,6944431.902000,7.160003,870
509534.884700,6944431.380000,7.003744,870
509511.358500,6944427.088000,7.566241,870
509505.775600,6944426.069000,8.670811,870
509505.283800,6944425.979000,8.682553,870
509504.791900,6944425.890000,8.694296,870
509558.496500,6944435.687000,8.784233,875
509545.618100,6944433.338000,7.543911,875
509544.142400,6944433.069000,7.423933,875
509543.650500,6944432.979000,7.387024,875
509542.174900,6944432.710000,7.290695,875
509541.683000,6944432.620000,7.262670,875
509540.207400,6944432.351000,7.183221,875
509539.715500,6944432.261000,7.158317,875
509534.885000,6944431.380000,6.894737,875
509511.359100,6944427.088000,7.416872,875
509505.775600,6944426.069000,8.512227,875
509505.283800,6944425.979000,8.524469,875
509504.791900,6944425.890000,8.536710,875
509558.496500,6944435.687000,8.672495,880
509546.109900,6944433.427000,7.497680,880
509545.618100,6944433.338000,7.452913,880
509544.142400,6944433.069000,7.331317,880
509543.650500,6944432.979000,7.293774,880
509542.174900,6944432.710000,7.195066,880
509541.683000,6944432.620000,7.166113,880
509534.885200,6944431.380000,6.785733,880
509531.845400,6944430.825000,6.572859,880
509511.359700,6944427.088000,7.267707,880
509505.775600,6944426.069000,8.353644,880
509505.283800,6944425.979000,8.366384,880
509504.791900,6944425.890000,8.379124,880
509558.496500,6944435.687000,8.560772,885
509557.915100,6944435.581000,8.511419,885
509547.585600,6944433.697000,7.543024,885
509546.109900,6944433.427000,7.407087,885
509545.618100,6944433.338000,7.361915,885
509544.142400,6944433.069000,7.238700,885
509543.650500,6944432.979000,7.200523,885
509534.885500,6944431.380000,6.676731,885
509531.845400,6944430.825000,6.469320,885
509511.361000,6944427.088000,7.120535,885
509505.775600,6944426.069000,8.195061,885
509505.283800,6944425.979000,8.208300,885
509504.791900,6944425.890000,8.221539,885
509558.496500,6944435.687000,8.449061,890
509557.915100,6944435.581000,8.399715,890
509548.569400,6944433.876000,7.545247,890
509548.077500,6944433.786000,7.499391,890
509547.585600,6944433.697000,7.453535,890
509546.109900,6944433.427000,7.316495,890
509545.618100,6944433.338000,7.270917,890
509534.885300,6944431.380000,6.575009,890
509531.845400,6944430.825000,6.365780,890
509511.357300,6944427.087000,6.984380,890
509562.833900,6944436.478000,8.561137,895
509562.342000,6944436.389000,8.548109,895
509561.850200,6944436.299000,8.535081,895
509558.496500,6944435.687000,8.337350,895
509557.915100,6944435.581000,8.288011,895
509548.569400,6944433.876000,7.456366,895
509548.077500,6944433.786000,7.410206,895
509547.585600,6944433.697000,7.364046,895
509546.109900,6944433.427000,7.225902,895
509545.618100,6944433.338000,7.179919,895
509536.272300,6944431.633000,6.565797,895
509534.885200,6944431.380000,6.479964,895
509531.845400,6944430.825000,6.262241,895
509520.040200,6944428.672000,5.088476,895
509519.548300,6944428.582000,5.067524,895
509519.056500,6944428.492000,5.046572,895
509511.353800,6944427.087000,6.848580,895
509562.833900,6944436.478000,8.448563,900
509562.342000,6944436.389000,8.435668,900
509561.850200,6944436.299000,8.422773,900
509558.496500,6944435.687000,8.225640,900
509557.915100,6944435.581000,8.176307,900
509550.536900,6944434.235000,7.544786,900
509550.045000,6944434.145000,7.501207,900
509548.569400,6944433.876000,7.367486,900
509548.077500,6944433.786000,7.321022,900
509547.585600,6944433.697000,7.274558,900
509538.239800,6944431.992000,6.590695,900
509536.272300,6944431.633000,6.474115,900
509534.885400,6944431.380000,6.384938,900
509520.040200,6944428.672000,4.964029,900
509519.548300,6944428.582000,4.942687,900
509519.056500,6944428.492000,4.921345,900
509517.580800,6944428.223000,4.980990,900
509517.088900,6944428.133000,5.022568,900
509511.666000,6944427.144000,6.596903,900
509562.833900,6944436.478000,8.335988,905
509562.342000,6944436.389000,8.323227,905
509561.850200,6944436.299000,8.310465,905
509558.496400,6944435.687000,8.114788,905
509550.536900,6944434.235000,7.457061,905
509550.045000,6944434.145000,7.413198,905
509548.569400,6944433.876000,7.278605,905
509548.077500,6944433.786000,7.231837,905
509547.585600,6944433.697000,7.185069,905
509539.715500,6944432.261000,6.586785,905
509538.239800,6944431.992000,6.503412,905
509536.272300,6944431.633000,6.382433,905
509534.885600,6944431.380000,6.289912,905
509522.007700,6944429.030000,5.020632,905
509521.515900,6944428.941000,4.966406,905
509520.040200,6944428.672000,4.839583,905
509519.548300,6944428.582000,4.817850,905
509519.056500,6944428.492000,4.796118,905
509517.580800,6944428.223000,4.857134,905
509517.088900,6944428.133000,4.899615,905
509511.348500,6944427.086000,6.581578,905
509507.743200,6944426.428000,7.491898,905
509507.251300,6944426.338000,7.540608,905
509562.833900,6944436.478000,8.223414,910
509562.342000,6944436.389000,8.210785,910
509561.850200,6944436.299000,8.198157,910
509558.495200,6944435.687000,8.025040,910
509552.504400,6944434.594000,7.540008,910
509552.012500,6944434.504000,7.497953,910
509550.536900,6944434.235000,7.369336,910
509550.045000,6944434.145000,7.325190,910
509548.569400,6944433.876000,7.189724,910
509540.207400,6944432.351000,6.530084,910
509539.715500,6944432.261000,6.502476,910
509538.239800,6944431.992000,6.416130,910
509536.272300,6944431.633000,6.290751,910
509534.885800,6944431.380000,6.194889,910
509522.007700,6944429.030000,4.900706,910
509521.515900,6944428.941000,4.845068,910
509520.040200,6944428.672000,4.715136,910
509519.548300,6944428.582000,4.693013,910
509519.056500,6944428.492000,4.670891,910
509517.580800,6944428.223000,4.733277,910
509517.088900,6944428.133000,4.776661,910
509511.349600,6944427.086000,6.459760,910
509507.743200,6944426.428000,7.361771,910
509507.251300,6944426.338000,7.411467,910
509505.775600,6944426.069000,7.517645,910
509505.283800,6944425.979000,7.529634,910
509504.791900,6944425.890000,7.541622,910
509558.495200,6944435.687000,7.935386,915
509553.980100,6944434.863000,7.577330,915
509552.504400,6944434.594000,7.453403,915
509552.012500,6944434.504000,7.411070,915
509550.536900,6944434.235000,7.281612,915
509550.045000,6944434.145000,7.237181,915
509540.207400,6944432.351000,6.446709,915
509539.715500,6944432.261000,6.418168,915
509538.239800,6944431.992000,6.328847,915
509536.272300,6944431.633000,6.199069,915
509534.886000,6944431.380000,6.099876,915
509523.483400,6944429.300000,4.961441,915
509522.007700,6944429.030000,4.780780,915
509521.515900,6944428.941000,4.723730,915
509511.350700,6944427.086000,6.338113,915
509507.743200,6944426.428000,7.231645,915
509507.251300,6944426.338000,7.282326,915
509505.775600,6944426.069000,7.390594,915
509505.283800,6944425.979000,7.402806,915
509504.791900,6944425.890000,7.415018,915
509558.495300,6944435.687000,7.845733,920
509554.471900,6944434.953000,7.532335,920
509553.980100,6944434.863000,7.491549,920
509552.504400,6944434.594000,7.366799,920
509552.012500,6944434.504000,7.324187,920
509550.536900,6944434.235000,7.193887,920
509543.650500,6944432.979000,6.582169,920
509540.207400,6944432.351000,6.363335,920
509539.715500,6944432.261000,6.333859,920
509538.239800,6944431.992000,6.241564,920
509534.886300,6944431.380000,6.004871,920
509523.483400,6944429.300000,4.846330,920
509511.659400,6944427.143000,6.106966,920
509505.775600,6944426.069000,7.263543,920
509505.283800,6944425.979000,7.275978,920
509504.791900,6944425.890000,7.288413,920
509558.495300,6944435.687000,7.756079,925
509555.947600,6944435.222000,7.565357,925
509554.471900,6944434.953000,7.446825,925
509553.980100,6944434.863000,7.405768,925
509552.504400,6944434.594000,7.280194,925
509552.012500,6944434.504000,7.237304,925
509544.142400,6944433.069000,6.540424,925
509543.650500,6944432.979000,6.504135,925
509540.207400,6944432.351000,6.279960,925
509539.715500,6944432.261000,6.249551,925
509534.886500,6944431.380000,5.909873,925
509525.942800,6944429.748000,5.042822,925
509525.450900,6944429.659000,4.983788,925
509523.483400,6944429.300000,4.731219,925
509511.353200,6944427.087000,6.096416,925
509505.775600,6944426.069000,7.136492,925
509505.283800,6944425.979000,7.149151,925
509504.791900,6944425.890000,7.161809,925
509558.495300,6944435.687000,7.666426,930
509556.439500,6944435.312000,7.518975,930
509555.947600,6944435.222000,7.480646,930
509554.471900,6944434.953000,7.361316,930
509553.980100,6944434.863000,7.319987,930
509552.504400,6944434.594000,7.193590,930
509544.142400,6944433.069000,6.462957,930
509543.650500,6944432.979000,6.426101,930
509540.207400,6944432.351000,6.196586,930
509539.715500,6944432.261000,6.165243,930
509534.886800,6944431.380000,5.814877,930
509525.942800,6944429.748000,4.936173,930
509525.450900,6944429.659000,4.875490,930
509511.351400,6944427.086000,5.979982,930
509558.495200,6944435.687000,7.579802,935
509558.407000,6944435.671000,7.573988,935
509557.915100,6944435.581000,7.541570,935
509556.439500,6944435.312000,7.434525,935
509555.947600,6944435.222000,7.395935,935
509554.471900,6944434.953000,7.275806,935
509553.980100,6944434.863000,7.234206,935
509544.142400,6944433.069000,6.385490,935
509543.650500,6944432.979000,6.348067,935
509534.887100,6944431.380000,5.719883,935
509527.910300,6944430.107000,5.059734,935
509527.418400,6944430.018000,5.005101,935
509525.942800,6944429.748000,4.829523,935
509525.450900,6944429.659000,4.767192,935
509520.040200,6944428.672000,4.107997,935
509519.548300,6944428.582000,4.085765,935
509519.056500,6944428.492000,4.063534,935
509511.349800,6944427.086000,5.863975,935
509560.374500,6944436.030000,7.596335,940
509559.882600,6944435.940000,7.574590,940
509558.495100,6944435.687000,7.496386,940
509558.407000,6944435.671000,7.490537,940
509557.915100,6944435.581000,7.457877,940
509556.439500,6944435.312000,7.350076,940
509555.947600,6944435.222000,7.311224,940
509554.471900,6944434.953000,7.190297,940
509544.142400,6944433.069000,6.308023,940
509543.650500,6944432.979000,6.270032,940
509534.887300,6944431.380000,5.625356,940
509527.910300,6944430.107000,4.959228,940
509527.418400,6944430.018000,4.903128,940
509525.942800,6944429.748000,4.722873,940
509520.040200,6944428.672000,3.992117,940
509519.548300,6944428.582000,3.969610,940
509519.056500,6944428.492000,3.947102,940
509511.348200,6944427.086000,5.747999,940
509562.833900,6944436.478000,7.584685,945
509562.342000,6944436.389000,7.575100,945
509561.850200,6944436.299000,7.565515,945
509560.374500,6944436.030000,7.513750,945
509559.882600,6944435.940000,7.491808,945
509558.495100,6944435.687000,7.412980,945
509558.407000,6944435.671000,7.407086,945
509557.915100,6944435.581000,7.374184,945
509556.439500,6944435.312000,7.265627,945
509555.947600,6944435.222000,7.226514,945
509544.142400,6944433.069000,6.230556,945
509543.650500,6944432.979000,6.191998,945
509534.886800,6944431.380000,5.539905,945
509529.877800,6944430.466000,5.074106,945
509529.386000,6944430.376000,5.022887,945
509527.910300,6944430.107000,4.858722,945
509527.418400,6944430.018000,4.801154,945
509520.040200,6944428.672000,3.876237,945
509519.548300,6944428.582000,3.853454,945
509519.056500,6944428.492000,3.830670,945
509511.470500,6944427.108000,5.590089,945
509562.833900,6944436.478000,7.502830,950
509562.342000,6944436.389000,7.493130,950
509561.850200,6944436.299000,7.483430,950
509560.374500,6944436.030000,7.431166,950
509559.882600,6944435.940000,7.409026,950
509558.495100,6944435.687000,7.329575,950
509558.407000,6944435.671000,7.323635,950
509557.915100,6944435.581000,7.290491,950
509556.439500,6944435.312000,7.181177,950
509548.569400,6944433.876000,6.526562,950
509534.886900,6944431.380000,5.454554,950
509529.877800,6944430.466000,4.979090,950
509529.386000,6944430.376000,4.926565,950
509527.910300,6944430.107000,4.758216,950
509527.418400,6944430.018000,4.699181,950
509520.040200,6944428.672000,3.760357,950
509519.548300,6944428.582000,3.737298,950
509519.056500,6944428.492000,3.714239,950
509511.347100,6944427.086000,5.525182,950
509505.775600,6944426.069000,6.543685,950
509505.283800,6944425.979000,6.554969,950
509504.791900,6944425.890000,6.566253,950
509562.833900,6944436.478000,7.420975,955
509562.342000,6944436.389000,7.411160,955
509561.850200,6944436.299000,7.401345,955
509560.374500,6944436.030000,7.348582,955
509559.882600,6944435.940000,7.326244,955
509558.495200,6944435.687000,7.246169,955
509558.407000,6944435.671000,7.240184,955
509557.915100,6944435.581000,7.206799,955
509548.569400,6944433.876000,6.452925,955
509534.887100,6944431.380000,5.369215,955
509531.353500,6944430.735000,5.038760,955
509529.877800,6944430.466000,4.884073,955
509529.386000,6944430.376000,4.830243,955
509511.347000,6944427.086000,5.418350,955
509505.775600,6944426.069000,6.437537,955
509505.283800,6944425.979000,6.448886,955
509504.791900,6944425.890000,6.460234,955
509562.833900,6944436.478000,7.339120,960
509562.342000,6944436.389000,7.329190,960
509561.850200,6944436.299000,7.319259,960
509560.374500,6944436.030000,7.265997,960
509559.882600,6944435.940000,7.243462,960
509558.495200,6944435.687000,7.162764,960
509558.407000,6944435.671000,7.156733,960
509550.536900,6944434.235000,6.539028,960
509548.569400,6944433.876000,6.379287,960
509534.887300,6944431.380000,5.283879,960
509531.845400,6944430.825000,4.996858,960
509531.353500,6944430.735000,4.947496,960
509529.877800,6944430.466000,4.789057,960
509529.386000,6944430.376000,4.733922,960
509511.346900,6944427.086000,5.311519,960
509505.775600,6944426.069000,6.331390,960
509505.283800,6944425.979000,6.342802,960
509504.791900,6944425.890000,6.354214,960
509562.833900,6944436.478000,7.257266,965
509562.342000,6944436.389000,7.247220,965
509561.850200,6944436.299000,7.237174,965
509560.374500,6944436.030000,7.183413,965
509559.882600,6944435.940000,7.160680,965
509558.495100,6944435.687000,7.082032,965
509550.536900,6944434.235000,6.466803,965
509548.569400,6944433.876000,6.305649,965
509534.887500,6944431.380000,5.198543,965
509533.321000,6944431.094000,5.052943,965
509531.845400,6944430.825000,4.906763,965
509531.353500,6944430.735000,4.856232,965
509529.877800,6944430.466000,4.694041,965
509511.660500,6944427.143000,5.095539,965
509505.775600,6944426.069000,6.225242,965
509505.283800,6944425.979000,6.236719,965
509504.791900,6944425.890000,6.248195,965
509562.833900,6944436.478000,7.175411,970
509562.342000,6944436.389000,7.165250,970
509561.850200,6944436.299000,7.155089,970
509558.495000,6944435.687000,7.003809,970
509552.504400,6944434.594000,6.547529,970
509550.536900,6944434.235000,6.394577,970
509548.569400,6944433.876000,6.232012,970
509534.887700,6944431.380000,5.113657,970
509534.304800,6944431.274000,5.059271,970
509533.812900,6944431.184000,5.012751,970
509533.321000,6944431.094000,4.966231,970
509531.845400,6944430.825000,4.816668,970
509531.353500,6944430.735000,4.764968,970
509511.370700,6944427.090000,5.091017,970
509504.791900,6944425.890000,6.142175,970
509558.495000,6944435.687000,6.925594,975
509552.504400,6944434.594000,6.476686,975
509550.536900,6944434.235000,6.322352,975
509534.887800,6944431.380000,5.030250,975
509534.304800,6944431.274000,4.974665,975
509533.812900,6944431.184000,4.927092,975
509533.321000,6944431.094000,4.879519,975
509531.845400,6944430.825000,4.726573,975
509511.348100,6944427.086000,4.996318,975
509505.775600,6944426.069000,6.012947,975
509505.283800,6944425.979000,6.024552,975
509504.791900,6944425.890000,6.036156,975
509558.495100,6944435.687000,6.847380,980
509552.504400,6944434.594000,6.405843,980
509550.536900,6944434.235000,6.250127,980
509534.887900,6944431.380000,4.946889,980
509534.304800,6944431.274000,4.890059,980
509533.812900,6944431.184000,4.841433,980
509533.321000,6944431.094000,4.792806,980
509511.349100,6944427.086000,4.893879,980
509505.775600,6944426.069000,5.906800,980
509505.283800,6944425.979000,5.918468,980
509504.791900,6944425.890000,5.930136,980
509558.495100,6944435.687000,6.769165,985
509552.504400,6944434.594000,6.335001,985
509550.536900,6944434.235000,6.177902,985
509534.888100,6944431.380000,4.863532,985
509534.304800,6944431.274000,4.805452,985
509533.812900,6944431.184000,4.755773,985
509533.321000,6944431.094000,4.706094,985
509511.350100,6944427.086000,4.791428,985
509505.775600,6944426.069000,5.800653,985
509505.283800,6944425.979000,5.812385,985
509504.791900,6944425.890000,5.824117,985
509558.495200,6944435.687000,6.690950,990
509552.504400,6944434.594000,6.264158,990
509534.888300,6944431.380000,4.780176,990
509534.304800,6944431.274000,4.720846,990
509511.577200,6944427.128000,4.606730,990
509505.775600,6944426.069000,5.694505,990
509505.283800,6944425.979000,5.706301,990
509504.791900,6944425.890000,5.718098,990
509558.495700,6944435.687000,6.603614,995
509552.504400,6944434.594000,6.193315,995
509534.888600,6944431.380000,4.696822,995
509511.354500,6944427.087000,4.584081,995
509558.688700,6944435.722000,6.482215,1000
509533.414600,6944431.111000,4.402647,1000
509509.334900,6944426.719000,5.016224,1000
509557.162400,6944435.444000,6.304732,1005
509532.570300,6944430.957000,4.239589,1005
