X,Y,Z,Vs
509517.008800,6944466.623000,32.197160,245
509516.604600,6944466.329000,32.209185,245
509516.200500,6944466.035000,32.205565,245
509515.796300,6944465.740000,32.210862,245
509515.392200,6944465.446000,32.216167,245
509514.988100,6944465.151000,32.216366,245
509514.829600,6944465.036000,32.300000,245
509514.980400,6944465.146000,32.800000,245
509514.988100,6944465.151000,32.812519,245
509515.240200,6944465.335000,33.300000,245
509515.392200,6944465.446000,33.399061,245
509515.796300,6944465.740000,33.430858,245
509516.200500,6944466.035000,33.461730,245
509516.604600,6944466.329000,33.482498,245
509517.008800,6944466.623000,33.451787,245
509517.412900,6944466.918000,33.421964,245
509517.670800,6944467.106000,33.300000,245
509517.699100,6944467.126000,32.800000,245
509517.563900,6944467.028000,32.300000,245
509517.412900,6944466.918000,32.240931,245
509515.796300,6944465.740000,31.906940,250
509515.392200,6944465.446000,31.909610,250
509514.988100,6944465.151000,31.951227,250
509514.583900,6944464.857000,32.122918,250
509514.179800,6944464.563000,32.248649,250
509514.056400,6944464.473000,32.300000,250
509514.163200,6944464.551000,32.800000,250
509514.179800,6944464.563000,32.830815,250
509514.458800,6944464.766000,33.300000,250
509514.583900,6944464.857000,33.396799,250
509514.988100,6944465.151000,33.658167,250
509515.302400,6944465.380000,33.800000,250
509515.392200,6944465.446000,33.828817,250
509515.796300,6944465.740000,33.859898,250
509516.200500,6944466.035000,33.890756,250
509516.604600,6944466.329000,33.909934,250
509517.008800,6944466.623000,33.873821,250
509517.412900,6944466.918000,33.837472,250
509517.817100,6944467.212000,33.800843,250
509517.822000,6944467.216000,33.800000,250
509518.221200,6944467.507000,33.652530,250
509518.625400,6944467.801000,33.504375,250
509519.029500,6944468.095000,33.411001,250
509519.433700,6944468.390000,33.348450,250
509519.581500,6944468.497000,33.300000,250
509519.433700,6944468.390000,33.208397,250
509519.086100,6944468.137000,32.800000,250
509519.029500,6944468.095000,32.754847,250
509518.663300,6944467.829000,32.300000,250
509518.625400,6944467.801000,32.286978,250
509518.221200,6944467.507000,32.248751,250
509517.817100,6944467.212000,32.140815,250
509517.412900,6944466.918000,32.012474,250
509517.008800,6944466.623000,31.957128,250
509516.604600,6944466.329000,31.914000,250
509516.200500,6944466.035000,31.904221,250
509525.833000,6944473.051000,33.800000,250
509525.900000,6944473.100000,33.816676,250
509525.900000,6944473.100000,33.751713,250
509494.269600,6944450.060000,29.300000,255
509494.376600,6944450.138000,29.396872,255
509494.478100,6944450.211000,29.300000,255
509494.376600,6944450.138000,29.211045,255
509525.900000,6944473.100000,33.104326,255
509525.495900,6944472.806000,33.114483,255
509525.091700,6944472.511000,33.124641,255
509524.687600,6944472.217000,33.134798,255
509524.283400,6944471.922000,33.227355,255
509523.879300,6944471.628000,33.254300,255
509523.475100,6944471.334000,33.267525,255
509523.071000,6944471.039000,33.272772,255
509522.666800,6944470.745000,33.272016,255
509522.262700,6944470.450000,33.270831,255
509521.858500,6944470.156000,33.256872,255
509521.454400,6944469.862000,33.186002,255
509521.050200,6944469.567000,33.050706,255
509520.646100,6944469.273000,32.847650,255
509520.592700,6944469.234000,32.800000,255
509520.242000,6944468.979000,32.663382,255
509519.864200,6944468.703000,32.300000,255
509519.837800,6944468.684000,32.291403,255
509519.433700,6944468.390000,32.259940,255
509519.029500,6944468.095000,32.173130,255
509518.625400,6944467.801000,32.043779,255
509518.221200,6944467.507000,31.967400,255
509517.817100,6944467.212000,31.859792,255
509517.512900,6944466.991000,31.800000,255
509517.412900,6944466.918000,31.784347,255
509517.008800,6944466.623000,31.721583,255
509516.604600,6944466.329000,31.658844,255
509516.200500,6944466.035000,31.645571,255
509515.392200,6944465.446000,31.639638,255
509514.988100,6944465.151000,31.686704,255
509514.583900,6944464.857000,31.780490,255
509514.495000,6944464.792000,31.800000,255
509514.179800,6944464.563000,31.887723,255
509513.775600,6944464.268000,32.046579,255
509513.438900,6944464.023000,32.300000,255
509513.610700,6944464.148000,32.800000,255
509513.768900,6944464.263000,33.300000,255
509513.775600,6944464.268000,33.311435,255
509514.179800,6944464.563000,33.668549,255
509514.372600,6944464.703000,33.800000,255
509514.583900,6944464.857000,33.915651,255
509514.988100,6944465.151000,34.132167,255
509515.392200,6944465.446000,34.240534,255
509515.796300,6944465.740000,34.254702,255
509516.200500,6944466.035000,34.268730,255
509516.604600,6944466.329000,34.275668,255
509517.008800,6944466.623000,34.248617,255
509517.412900,6944466.918000,34.220638,255
509517.817100,6944467.212000,34.191847,255
509518.221200,6944467.507000,34.136246,255
509518.625400,6944467.801000,34.076531,255
509519.029500,6944468.095000,34.016794,255
509519.433700,6944468.390000,33.958397,255
509519.837800,6944468.684000,33.900333,255
509520.242000,6944468.979000,33.824624,255
509520.552000,6944469.204000,33.800000,255
509520.646100,6944469.273000,33.777755,255
509521.050200,6944469.567000,33.729866,255
509521.454400,6944469.862000,33.656720,255
509521.858500,6944470.156000,33.551150,255
509522.188000,6944470.396000,33.800000,255
509522.262700,6944470.450000,33.809922,255
509522.666800,6944470.745000,33.842902,255
509523.071000,6944471.039000,33.900311,255
509523.475100,6944471.334000,34.038821,255
509523.839800,6944471.599000,34.300000,255
509523.879300,6944471.628000,34.314216,255
509524.283400,6944471.922000,34.414283,255
509524.687600,6944472.217000,34.498747,255
509525.091700,6944472.511000,34.531873,255
509525.495900,6944472.806000,34.569334,255
509525.900000,6944473.100000,34.612170,255
509487.242000,6944444.940000,28.300000,255
509487.102000,6944444.838000,28.113422,255
509487.102000,6944444.838000,28.465368,255
509525.900000,6944473.100000,32.866642,260
509525.495900,6944472.806000,32.866646,260
509525.091700,6944472.511000,32.866650,260
509524.687600,6944472.217000,32.866654,260
509524.283400,6944471.922000,32.870145,260
509523.879300,6944471.628000,32.853978,260
509523.475100,6944471.334000,32.835712,260
509523.125400,6944471.079000,32.800000,260
509523.071000,6944471.039000,32.795779,260
509522.666800,6944470.745000,32.738563,260
509522.262700,6944470.450000,32.681668,260
509521.858500,6944470.156000,32.632800,260
509521.454400,6944469.862000,32.508187,260
509521.092400,6944469.598000,32.300000,260
509521.050200,6944469.567000,32.289770,260
509520.646100,6944469.273000,32.263728,260
509520.242000,6944468.979000,32.194581,260
509519.837800,6944468.684000,32.071217,260
509519.433700,6944468.390000,32.008284,260
509519.029500,6944468.095000,31.910522,260
509518.625400,6944467.801000,31.800580,260
509518.623000,6944467.799000,31.800000,260
509518.221200,6944467.507000,31.711591,260
509517.817100,6944467.212000,31.625923,260
509517.412900,6944466.918000,31.560607,260
509517.008800,6944466.623000,31.494540,260
509516.604600,6944466.329000,31.428873,260
509516.200500,6944466.035000,31.409495,260
509515.796300,6944465.740000,31.399761,260
509515.392200,6944465.446000,31.390027,260
509514.988100,6944465.151000,31.422998,260
509514.583900,6944464.857000,31.495835,260
509514.179800,6944464.563000,31.568674,260
509513.775600,6944464.268000,31.688812,260
509513.610800,6944464.148000,31.800000,260
509513.371500,6944463.974000,31.982448,260
509512.967300,6944463.679000,32.285898,260
509512.952300,6944463.669000,32.300000,260
509512.967300,6944463.679000,32.331741,260
509513.176300,6944463.832000,32.800000,260
509513.371500,6944463.974000,33.256249,260
509513.388500,6944463.986000,33.300000,260
509513.681900,6944464.200000,33.800000,260
509513.775600,6944464.268000,33.950145,260
509514.179800,6944464.563000,34.251597,260
509514.286200,6944464.640000,34.300000,260
509514.583900,6944464.857000,34.429826,260
509514.988100,6944465.151000,34.608425,260
509515.392200,6944465.446000,34.689454,260
509515.796300,6944465.740000,34.689282,260
509516.200500,6944466.035000,34.689160,260
509516.604600,6944466.329000,34.685088,260
509517.008800,6944466.623000,34.661485,260
509517.412900,6944466.918000,34.637309,260
509517.817100,6944467.212000,34.612543,260
509518.221200,6944467.507000,34.568868,260
509518.625400,6944467.801000,34.521417,260
509519.029500,6944468.095000,34.473470,260
509519.433700,6944468.390000,34.430126,260
509519.837800,6944468.684000,34.391133,260
509520.242000,6944468.979000,34.353403,260
509520.646100,6944469.273000,34.332645,260
509521.050200,6944469.567000,34.359789,260
509521.454400,6944469.862000,34.385470,260
509521.858500,6944470.156000,34.410295,260
509522.262700,6944470.450000,34.516642,260
509522.666800,6944470.745000,34.629844,260
509523.071000,6944471.039000,34.758364,260
509523.235400,6944471.159000,34.800000,260
509523.475100,6944471.334000,34.846013,260
509523.879300,6944471.628000,34.919602,260
509524.283400,6944471.922000,35.006582,260
509524.687600,6944472.217000,35.064301,260
509525.091700,6944472.511000,35.063312,260
509525.495900,6944472.806000,35.062323,260
509525.900000,6944473.100000,35.061333,260
509487.506100,6944445.133000,28.998287,260
509487.910300,6944445.427000,28.977081,260
509488.314400,6944445.722000,28.956630,260
509488.718600,6944446.016000,28.940869,260
509489.122700,6944446.310000,28.926268,260
509489.526800,6944446.605000,28.910608,260
509489.931000,6944446.899000,28.900808,260
509490.335100,6944447.194000,28.935986,260
509490.739300,6944447.488000,28.992218,260
509491.143400,6944447.782000,29.068022,260
509491.478300,6944448.026000,29.300000,260
509491.547600,6944448.077000,29.334308,260
509491.951700,6944448.371000,29.496796,260
509492.355900,6944448.666000,29.701352,260
509492.475400,6944448.753000,29.800000,260
509492.760000,6944448.960000,29.911045,260
509493.164200,6944449.254000,29.967479,260
509493.568300,6944449.549000,30.018075,260
509493.972500,6944449.843000,30.045877,260
509494.376600,6944450.138000,30.036377,260
509494.780700,6944450.432000,30.027158,260
509495.184900,6944450.726000,30.011275,260
509495.589000,6944451.021000,29.895312,260
509495.708300,6944451.108000,29.800000,260
509495.589000,6944451.021000,29.575580,260
509495.449000,6944450.919000,29.300000,260
509495.184900,6944450.726000,28.878870,260
509495.078000,6944450.648000,28.800000,260
509494.780700,6944450.432000,28.753054,260
509494.376600,6944450.138000,28.702092,260
509493.972500,6944449.843000,28.700912,260
509493.568300,6944449.549000,28.657123,260
509493.164200,6944449.254000,28.635709,260
509492.760000,6944448.960000,28.620456,260
509492.355900,6944448.666000,28.612596,260
509491.951700,6944448.371000,28.630012,260
509491.547600,6944448.077000,28.647978,260
509491.143400,6944447.782000,28.666781,260
509490.739300,6944447.488000,28.676632,260
509490.335100,6944447.194000,28.687190,260
509489.931000,6944446.899000,28.690159,260
509489.526800,6944446.605000,28.640165,260
509489.122700,6944446.310000,28.557625,260
509488.718600,6944446.016000,28.452558,260
509488.431500,6944445.807000,28.300000,260
509488.314400,6944445.722000,28.260825,260
509487.910300,6944445.427000,28.075424,260
509487.589700,6944445.194000,27.800000,260
509487.506100,6944445.133000,27.772778,260
509487.102000,6944444.838000,27.675625,260
509487.102000,6944444.838000,29.020899,260
509501.651200,6944455.437000,29.632390,265
509501.247100,6944455.142000,29.676534,265
509500.842900,6944454.848000,29.722159,265
509500.438800,6944454.553000,29.773604,265
509500.258800,6944454.422000,29.800000,265
509500.438800,6944454.553000,29.947342,265
509500.774100,6944454.798000,30.300000,265
509500.842900,6944454.848000,30.316314,265
509501.247100,6944455.142000,30.400207,265
509501.651200,6944455.437000,30.477169,265
509502.055400,6944455.731000,30.511114,265
509502.459500,6944456.025000,30.514576,265
509502.863700,6944456.320000,30.518059,265
509503.267800,6944456.614000,30.490061,265
509503.672000,6944456.909000,30.380264,265
509503.920000,6944457.089000,30.300000,265
509504.076100,6944457.203000,29.850372,265
509504.091300,6944457.214000,29.800000,265
509504.076100,6944457.203000,29.796595,265
509503.672000,6944456.909000,29.725215,265
509503.267800,6944456.614000,29.656301,265
509502.863700,6944456.320000,29.633191,265
509502.459500,6944456.025000,29.625744,265
509502.055400,6944455.731000,29.618169,265
509525.900000,6944473.100000,32.638724,265
509525.495900,6944472.806000,32.629515,265
509525.091700,6944472.511000,32.618970,265
509524.687600,6944472.217000,32.606634,265
509524.283400,6944471.922000,32.571164,265
509523.879300,6944471.628000,32.542941,265
509523.475100,6944471.334000,32.516249,265
509523.071000,6944471.039000,32.468103,265
509522.666800,6944470.745000,32.352482,265
509522.452200,6944470.589000,32.300000,265
509522.262700,6944470.450000,32.278539,265
509521.858500,6944470.156000,32.250970,265
509521.454400,6944469.862000,32.184401,265
509521.050200,6944469.567000,32.090272,265
509520.646100,6944469.273000,32.040324,265
509520.242000,6944468.979000,31.956071,265
509519.837800,6944468.684000,31.851030,265
509519.606000,6944468.515000,31.800000,265
509519.433700,6944468.390000,31.764067,265
509519.029500,6944468.095000,31.677096,265
509518.625400,6944467.801000,31.585510,265
509518.221200,6944467.507000,31.493303,265
509517.817100,6944467.212000,31.404799,265
509517.412900,6944466.918000,31.336867,265
509517.196700,6944466.760000,31.300000,265
509517.008800,6944466.623000,31.279859,265
509516.604600,6944466.329000,31.238113,265
509516.200500,6944466.035000,31.223914,265
509515.796300,6944465.740000,31.215573,265
509515.392200,6944465.446000,31.207429,265
509514.988100,6944465.151000,31.220450,265
509514.583900,6944464.857000,31.251554,265
509514.179800,6944464.563000,31.280588,265
509514.026000,6944464.451000,31.300000,265
509513.775600,6944464.268000,31.363952,265
509513.371500,6944463.974000,31.576914,265
509513.069100,6944463.754000,31.800000,265
509512.967300,6944463.679000,31.870354,265
509512.563200,6944463.385000,32.221177,265
509512.519800,6944463.354000,32.300000,265
509512.563200,6944463.385000,32.394767,265
509512.771100,6944463.537000,32.800000,265
509512.967300,6944463.679000,33.205455,265
509513.011200,6944463.711000,33.300000,265
509513.296000,6944463.919000,33.800000,265
509513.371500,6944463.974000,33.929858,265
509513.600100,6944464.140000,34.300000,265
509513.578300,6944464.125000,34.800000,265
509513.601300,6944464.141000,35.300000,265
509514.420400,6944464.738000,35.300000,265
509514.583900,6944464.857000,35.129727,265
509514.988100,6944465.151000,35.211131,265
509515.392200,6944465.446000,35.221782,265
509515.796300,6944465.740000,35.188398,265
509516.200500,6944466.035000,35.172365,265
509516.604600,6944466.329000,35.154886,265
509517.008800,6944466.623000,35.130284,265
509517.412900,6944466.918000,35.105683,265
509517.817100,6944467.212000,35.081082,265
509518.221200,6944467.507000,35.043042,265
509518.625400,6944467.801000,35.003033,265
509519.029500,6944468.095000,34.962688,265
509519.433700,6944468.390000,34.929874,265
509519.837800,6944468.684000,34.903666,265
509520.242000,6944468.979000,34.877742,265
509520.646100,6944469.273000,34.868617,265
509521.050200,6944469.567000,34.910873,265
509521.454400,6944469.862000,34.952625,265
509521.858500,6944470.156000,34.994197,265
509522.262700,6944470.450000,35.106107,265
509522.666800,6944470.745000,35.228143,265
509522.939500,6944470.943000,35.300000,265
509523.071000,6944471.039000,35.386220,265
509523.475100,6944471.334000,35.549666,265
509523.879300,6944471.628000,35.612521,265
509524.283400,6944471.922000,35.629110,265
509524.687600,6944472.217000,35.604282,265
509525.091700,6944472.511000,35.489317,265
509525.495900,6944472.806000,35.457265,265
509525.900000,6944473.100000,35.425054,265
509487.506100,6944445.133000,29.403402,265
509487.910300,6944445.427000,29.386030,265
509488.314400,6944445.722000,29.368726,265
509488.718600,6944446.016000,29.368859,265
509489.122700,6944446.310000,29.377817,265
509489.526800,6944446.605000,29.386022,265
509489.931000,6944446.899000,29.433339,265
509490.335100,6944447.194000,29.535977,265
509490.739300,6944447.488000,29.644352,265
509491.132400,6944447.774000,29.800000,265
509491.143400,6944447.782000,29.803046,265
509491.547600,6944448.077000,29.924651,265
509491.951700,6944448.371000,30.047654,265
509492.355900,6944448.666000,30.201907,265
509492.725200,6944448.935000,30.300000,265
509492.760000,6944448.960000,30.307004,265
509493.164200,6944449.254000,30.377291,265
509493.568300,6944449.549000,30.447634,265
509493.972500,6944449.843000,30.485645,265
509494.376600,6944450.138000,30.483772,265
509494.780700,6944450.432000,30.481898,265
509495.184900,6944450.726000,30.472232,265
509495.589000,6944451.021000,30.413285,265
509495.993200,6944451.315000,30.344760,265
509496.331600,6944451.562000,30.300000,265
509496.397300,6944451.609000,30.274006,265
509496.801500,6944451.904000,30.085707,265
509497.205600,6944452.198000,29.927141,265
509497.609800,6944452.493000,29.804042,265
509497.618800,6944452.499000,29.800000,265
509497.609800,6944452.493000,29.797288,265
509497.205600,6944452.198000,29.681549,265
509496.801500,6944451.904000,29.408245,265
509496.676700,6944451.813000,29.300000,265
509496.397300,6944451.609000,29.202219,265
509496.010700,6944451.328000,28.800000,265
509495.993200,6944451.315000,28.794481,265
509495.589000,6944451.021000,28.750696,265
509495.184900,6944450.726000,28.601705,265
509494.780700,6944450.432000,28.525676,265
509494.376600,6944450.138000,28.453923,265
509493.972500,6944449.843000,28.388525,265
509493.568300,6944449.549000,28.320876,265
509493.376700,6944449.409000,28.300000,265
509493.164200,6944449.254000,28.280729,265
509492.760000,6944448.960000,28.245721,265
509492.355900,6944448.666000,28.220329,265
509491.951700,6944448.371000,28.219613,265
509491.547600,6944448.077000,28.217144,265
509491.143400,6944447.782000,28.213088,265
509490.739300,6944447.488000,28.178328,265
509490.335100,6944447.194000,28.145712,265
509489.931000,6944446.899000,28.120040,265
509489.526800,6944446.605000,28.025788,265
509489.148500,6944446.329000,27.800000,265
509489.122700,6944446.310000,27.793595,265
509488.718600,6944446.016000,27.751334,265
509488.314400,6944445.722000,27.713880,265
509487.910300,6944445.427000,27.647548,265
509487.506100,6944445.133000,27.536589,265
509487.102000,6944444.838000,27.459460,265
509487.102000,6944444.838000,29.420838,265
509515.796300,6944465.740000,35.300000,270
509516.200500,6944466.035000,35.800000,270
509525.885200,6944473.089000,35.800000,270
509525.900000,6944473.100000,35.797968,270
509525.900000,6944473.100000,32.414609,270
509525.495900,6944472.806000,32.396321,270
509525.091700,6944472.511000,32.374882,270
509524.687600,6944472.217000,32.349301,270
509524.364000,6944471.981000,32.300000,270
509524.283400,6944471.922000,32.293460,270
509523.879300,6944471.628000,32.273293,270
509523.475100,6944471.334000,32.252919,270
509523.071000,6944471.039000,32.219031,270
509522.666800,6944470.745000,32.153128,270
509522.262700,6944470.450000,32.099670,270
509521.858500,6944470.156000,32.055001,270
509521.454400,6944469.862000,31.978003,270
509521.050200,6944469.567000,31.890774,270
509520.646100,6944469.273000,31.816919,270
509520.573500,6944469.220000,31.800000,270
509520.242000,6944468.979000,31.731183,270
509519.837800,6944468.684000,31.643474,270
509519.433700,6944468.390000,31.555577,270
509519.029500,6944468.095000,31.464876,270
509518.625400,6944467.801000,31.370508,270
509518.325800,6944467.583000,31.300000,270
509518.221200,6944467.507000,31.283763,270
509517.817100,6944467.212000,31.225288,270
509517.412900,6944466.918000,31.182029,270
509517.008800,6944466.623000,31.139164,270
509516.604600,6944466.329000,31.097336,270
509516.200500,6944466.035000,31.082012,270
509515.796300,6944465.740000,31.072281,270
509515.392200,6944465.446000,31.062636,270
509514.988100,6944465.151000,31.071362,270
509514.583900,6944464.857000,31.096290,270
509514.179800,6944464.563000,31.119945,270
509513.775600,6944464.268000,31.161661,270
509513.371500,6944463.974000,31.229791,270
509513.029000,6944463.724000,31.300000,270
509512.967300,6944463.679000,31.337650,270
509512.563200,6944463.385000,31.597163,270
509512.409100,6944463.273000,31.800000,270
509512.169400,6944463.098000,32.300000,270
509512.408700,6944463.273000,32.800000,270
509512.563200,6944463.385000,33.131864,270
509512.649100,6944463.448000,33.300000,270
509512.916800,6944463.643000,33.800000,270
509512.967300,6944463.679000,33.889553,270
509513.202100,6944463.851000,34.300000,270
509513.146600,6944463.810000,34.800000,270
509513.156900,6944463.818000,35.300000,270
509487.506100,6944445.133000,29.732315,270
509487.910300,6944445.427000,29.728116,270
509488.314400,6944445.722000,29.723907,270
509488.718600,6944446.016000,29.750015,270
509489.122700,6944446.310000,29.796148,270
509489.163200,6944446.340000,29.800000,270
509489.526800,6944446.605000,29.826873,270
509489.931000,6944446.899000,29.881528,270
509490.335100,6944447.194000,29.975018,270
509490.739300,6944447.488000,30.077788,270
509491.143400,6944447.782000,30.194150,270
509491.443900,6944448.001000,30.300000,270
509491.547600,6944448.077000,30.330498,270
509491.951700,6944448.371000,30.448047,270
509492.355900,6944448.666000,30.566493,270
509492.760000,6944448.960000,30.651733,270
509493.164200,6944449.254000,30.726902,270
509493.555200,6944449.539000,30.800000,270
509493.568300,6944449.549000,30.802671,270
509493.972500,6944449.843000,30.850863,270
509494.376600,6944450.138000,30.858715,270
509494.780700,6944450.432000,30.866374,270
509495.184900,6944450.726000,30.867346,270
509495.589000,6944451.021000,30.827559,270
509495.878000,6944451.231000,30.800000,270
509495.993200,6944451.315000,30.788127,270
509496.397300,6944451.609000,30.747854,270
509496.801500,6944451.904000,30.697612,270
509497.205600,6944452.198000,30.645976,270
509497.609800,6944452.493000,30.594684,270
509498.013900,6944452.787000,30.568888,270
509498.418100,6944453.081000,30.566893,270
509498.822200,6944453.376000,30.564940,270
509499.226400,6944453.670000,30.578833,270
509499.630500,6944453.965000,30.655216,270
509500.034600,6944454.259000,30.737957,270
509500.318300,6944454.466000,30.800000,270
509500.438800,6944454.553000,30.822009,270
509500.842900,6944454.848000,30.896212,270
509501.247100,6944455.142000,30.969403,270
509501.651200,6944455.437000,31.049180,270
509502.055400,6944455.731000,31.077167,270
509502.459500,6944456.025000,31.076857,270
509502.863700,6944456.320000,31.076463,270
509503.267800,6944456.614000,31.050041,270
509503.672000,6944456.909000,30.945351,270
509504.076100,6944457.203000,30.848811,270
509504.252200,6944457.331000,30.800000,270
509504.480300,6944457.497000,30.714954,270
509504.884400,6944457.792000,30.513107,270
509505.288500,6944458.086000,30.301118,270
509505.290600,6944458.088000,30.300000,270
509505.335900,6944458.121000,29.800000,270
509505.288500,6944458.086000,29.786064,270
509504.884400,6944457.792000,29.650860,270
509504.480300,6944457.497000,29.513923,270
509504.076100,6944457.203000,29.417439,270
509503.672000,6944456.909000,29.320894,270
509503.588200,6944456.848000,29.300000,270
509503.267800,6944456.614000,29.230743,270
509502.863700,6944456.320000,29.190853,270
509502.459500,6944456.025000,29.174321,270
509502.055400,6944455.731000,29.161408,270
509501.651200,6944455.437000,29.169239,270
509501.247100,6944455.142000,29.207344,270
509500.842900,6944454.848000,29.249643,270
509500.438800,6944454.553000,29.291700,270
509500.337800,6944454.480000,29.300000,270
509500.034600,6944454.259000,29.328680,270
509499.630500,6944453.965000,29.366501,270
509499.226400,6944453.670000,29.404384,270
509498.822200,6944453.376000,29.359647,270
509498.502000,6944453.143000,29.300000,270
509498.418100,6944453.081000,29.286605,270
509498.013900,6944452.787000,29.237361,270
509497.609800,6944452.493000,29.138599,270
509497.205600,6944452.198000,28.836490,270
509497.070200,6944452.100000,28.800000,270
509496.801500,6944451.904000,28.779692,270
509496.397300,6944451.609000,28.712744,270
509495.993200,6944451.315000,28.587582,270
509495.589000,6944451.021000,28.510921,270
509495.184900,6944450.726000,28.387506,270
509494.788000,6944450.437000,28.300000,270
509494.780700,6944450.432000,28.298349,270
509494.376600,6944450.138000,28.211197,270
509493.972500,6944449.843000,28.124874,270
509493.568300,6944449.549000,28.053524,270
509493.164200,6944449.254000,28.001032,270
509492.760000,6944448.960000,27.950272,270
509492.355900,6944448.666000,27.909837,270
509491.951700,6944448.371000,27.881093,270
509491.547600,6944448.077000,27.843024,270
509491.181300,6944447.810000,27.800000,270
509491.143400,6944447.782000,27.797815,270
509490.739300,6944447.488000,27.765637,270
509490.335100,6944447.194000,27.738812,270
509489.931000,6944446.899000,27.717403,270
509489.526800,6944446.605000,27.665277,270
509489.122700,6944446.310000,27.570192,270
509488.718600,6944446.016000,27.509446,270
509488.314400,6944445.722000,27.447024,270
509487.910300,6944445.427000,27.374467,270
509487.506100,6944445.133000,27.300400,270
509487.503500,6944445.131000,27.300000,270
509487.102000,6944444.838000,27.248471,270
509487.102000,6944444.838000,29.736503,270
509525.900000,6944473.100000,35.800000,275
509525.900000,6944473.100000,32.239262,275
509525.495900,6944472.806000,32.224923,275
509525.091700,6944472.511000,32.209148,275
509524.687600,6944472.217000,32.191941,275
509524.283400,6944471.922000,32.156394,275
509523.879300,6944471.628000,32.126833,275
509523.475100,6944471.334000,32.096461,275
509523.071000,6944471.039000,32.052764,275
509522.666800,6944470.745000,31.983150,275
509522.262700,6944470.450000,31.920801,275
509521.858500,6944470.156000,31.859031,275
509521.581100,6944469.954000,31.800000,275
509521.454400,6944469.862000,31.775217,275
509521.050200,6944469.567000,31.697864,275
509520.646100,6944469.273000,31.620256,275
509520.242000,6944468.979000,31.532087,275
509519.837800,6944468.684000,31.439728,275
509519.433700,6944468.390000,31.347087,275
509519.230300,6944468.242000,31.300000,275
509519.029500,6944468.095000,31.267942,275
509518.625400,6944467.801000,31.204258,275
509518.221200,6944467.507000,31.141901,275
509517.817100,6944467.212000,31.083265,275
509517.412900,6944466.918000,31.040785,275
509517.008800,6944466.623000,30.998470,275
509516.604600,6944466.329000,30.956560,275
509516.200500,6944466.035000,30.940109,275
509515.796300,6944465.740000,30.928989,275
509515.392200,6944465.446000,30.917844,275
509514.988100,6944465.151000,30.922274,275
509514.583900,6944464.857000,30.941027,275
509514.179800,6944464.563000,30.959303,275
509513.775600,6944464.268000,30.989414,275
509513.371500,6944463.974000,31.042747,275
509512.967300,6944463.679000,31.105822,275
509512.563200,6944463.385000,31.181290,275
509512.176900,6944463.104000,31.300000,275
509512.159000,6944463.091000,31.324610,275
509511.946700,6944462.936000,31.800000,275
509511.845000,6944462.862000,32.300000,275
509512.086500,6944463.038000,32.800000,275
509512.159000,6944463.091000,32.936415,275
509512.342900,6944463.225000,33.300000,275
509512.539600,6944463.368000,33.800000,275
509512.563200,6944463.385000,33.859228,275
509512.812300,6944463.567000,34.300000,275
509512.817300,6944463.570000,34.800000,275
509512.824300,6944463.575000,35.300000,275
509487.506100,6944445.133000,30.021389,275
509487.910300,6944445.427000,30.025769,275
509488.314400,6944445.722000,30.030242,275
509488.718600,6944446.016000,30.062569,275
509489.122700,6944446.310000,30.108340,275
509489.526800,6944446.605000,30.151902,275
509489.931000,6944446.899000,30.222330,275
509490.206400,6944447.100000,30.300000,275
509490.335100,6944447.194000,30.332331,275
509490.739300,6944447.488000,30.432029,275
509491.143400,6944447.782000,30.534318,275
509491.547600,6944448.077000,30.657265,275
509491.951700,6944448.371000,30.781848,275
509492.011600,6944448.415000,30.800000,275
509492.355900,6944448.666000,30.919277,275
509492.760000,6944448.960000,31.021672,275
509493.164200,6944449.254000,31.104012,275
509493.568300,6944449.549000,31.184252,275
509493.972500,6944449.843000,31.235658,275
509494.376600,6944450.138000,31.245321,275
509494.780700,6944450.432000,31.255730,275
509495.184900,6944450.726000,31.262162,275
509495.589000,6944451.021000,31.237599,275
509495.993200,6944451.315000,31.211860,275
509496.397300,6944451.609000,31.185164,275
509496.801500,6944451.904000,31.156748,275
509497.205600,6944452.198000,31.127811,275
509497.609800,6944452.493000,31.099004,275
509498.013900,6944452.787000,31.089339,275
509498.418100,6944453.081000,31.097543,275
509498.822200,6944453.376000,31.106014,275
509499.226400,6944453.670000,31.125675,275
509499.630500,6944453.965000,31.189280,275
509500.034600,6944454.259000,31.255416,275
509500.322400,6944454.469000,31.300000,275
509500.438800,6944454.553000,31.313697,275
509500.842900,6944454.848000,31.356044,275
509501.247100,6944455.142000,31.405234,275
509501.651200,6944455.437000,31.461555,275
509502.055400,6944455.731000,31.476416,275
509502.863700,6944456.320000,31.461979,275
509503.267800,6944456.614000,31.436875,275
509503.672000,6944456.909000,31.356239,275
509504.047100,6944457.182000,31.300000,275
509504.076100,6944457.203000,31.293647,275
509504.480300,6944457.497000,31.182717,275
509504.884400,6944457.792000,31.026339,275
509505.288500,6944458.086000,30.868782,275
509505.452200,6944458.205000,30.800000,275
509505.692700,6944458.380000,30.663855,275
509506.096800,6944458.675000,30.463966,275
509506.420800,6944458.911000,30.300000,275
509506.501000,6944458.969000,29.820098,275
509506.504100,6944458.972000,29.800000,275
509506.501000,6944458.969000,29.799025,275
509506.096800,6944458.675000,29.731214,275
509505.692700,6944458.380000,29.547205,275
509505.288500,6944458.086000,29.415765,275
509504.952600,6944457.841000,29.300000,275
509504.884400,6944457.792000,29.280810,275
509504.480300,6944457.497000,29.153160,275
509504.076100,6944457.203000,29.079060,275
509503.672000,6944456.909000,29.003595,275
509503.267800,6944456.614000,28.880592,275
509502.863700,6944456.320000,28.820694,275
509502.491900,6944456.049000,28.800000,275
509502.459500,6944456.025000,28.799334,275
509502.055400,6944455.731000,28.795641,275
509501.651200,6944455.437000,28.795200,275
509501.247100,6944455.142000,28.799137,275
509501.205300,6944455.112000,28.800000,275
509500.842900,6944454.848000,28.822876,275
509500.438800,6944454.553000,28.852179,275
509500.034600,6944454.259000,28.867821,275
509499.630500,6944453.965000,28.901642,275
509499.226400,6944453.670000,28.930533,275
509498.822200,6944453.376000,28.823049,275
509498.620600,6944453.229000,28.800000,275
509498.418100,6944453.081000,28.792785,275
509498.013900,6944452.787000,28.780561,275
509497.609800,6944452.493000,28.742040,275
509497.205600,6944452.198000,28.630985,275
509496.801500,6944451.904000,28.579873,275
509496.397300,6944451.609000,28.500481,275
509495.993200,6944451.315000,28.380682,275
509495.684300,6944451.090000,28.300000,275
509495.589000,6944451.021000,28.275491,275
509495.184900,6944450.726000,28.173650,275
509494.780700,6944450.432000,28.077804,275
509494.376600,6944450.138000,27.977361,275
509493.972500,6944449.843000,27.880496,275
509493.607400,6944449.577000,27.800000,275
509493.568300,6944449.549000,27.794809,275
509493.164200,6944449.254000,27.757248,275
509492.760000,6944448.960000,27.722352,275
509492.355900,6944448.666000,27.692876,275
509491.951700,6944448.371000,27.668641,275
509491.547600,6944448.077000,27.641914,275
509491.143400,6944447.782000,27.614020,275
509490.739300,6944447.488000,27.573511,275
509490.335100,6944447.194000,27.534858,275
509489.931000,6944446.899000,27.497426,275
509489.526800,6944446.605000,27.432789,275
509489.122700,6944446.310000,27.346789,275
509488.876300,6944446.131000,27.300000,275
509488.718600,6944446.016000,27.275206,275
509488.314400,6944445.722000,27.215206,275
509487.910300,6944445.427000,27.160812,275
509487.506100,6944445.133000,27.106426,275
509487.102000,6944444.838000,27.052040,275
509487.102000,6944444.838000,30.017102,275
509525.900000,6944473.100000,32.114954,280
509525.495900,6944472.806000,32.097014,280
509525.091700,6944472.511000,32.078090,280
509524.687600,6944472.217000,32.058274,280
509524.283400,6944471.922000,32.019327,280
509523.879300,6944471.628000,31.980374,280
509523.475100,6944471.334000,31.940004,280
509523.071000,6944471.039000,31.886498,280
509522.666800,6944470.745000,31.813173,280
509522.588900,6944470.688000,31.800000,280
509522.262700,6944470.450000,31.745867,280
509521.858500,6944470.156000,31.678267,280
509521.454400,6944469.862000,31.595073,280
509521.050200,6944469.567000,31.510456,280
509520.646100,6944469.273000,31.425783,280
509520.242000,6944468.979000,31.332990,280
509520.102400,6944468.877000,31.300000,280
509519.837800,6944468.684000,31.255121,280
509519.433700,6944468.390000,31.188834,280
509519.029500,6944468.095000,31.124243,280
509518.625400,6944467.801000,31.061797,280
509518.221200,6944467.507000,31.000038,280
509517.817100,6944467.212000,30.941243,280
509517.412900,6944466.918000,30.899540,280
509517.008800,6944466.623000,30.857775,280
509516.604600,6944466.329000,30.815783,280
509516.241400,6944466.064000,30.800000,280
509516.200500,6944466.035000,30.798534,280
509515.392200,6944465.446000,30.778182,280
509514.988100,6944465.151000,30.778546,280
509514.583900,6944464.857000,30.788747,280
509514.179800,6944464.563000,30.798948,280
509514.148600,6944464.540000,30.800000,280
509513.775600,6944464.268000,30.817167,280
509513.371500,6944463.974000,30.855702,280
509512.967300,6944463.679000,30.897555,280
509512.563200,6944463.385000,30.945469,280
509512.159000,6944463.091000,31.036718,280
509511.754900,6944462.796000,31.179718,280
509511.350700,6944462.502000,31.298183,280
509511.347700,6944462.500000,31.300000,280
509511.350700,6944462.502000,31.314816,280
509511.430300,6944462.560000,31.800000,280
509511.521100,6944462.626000,32.300000,280
509511.754900,6944462.796000,32.743865,280
509511.782600,6944462.817000,32.800000,280
509512.059900,6944463.019000,33.300000,280
509512.159000,6944463.091000,33.537932,280
509512.268000,6944463.170000,33.800000,280
509512.465700,6944463.314000,34.300000,280
509512.519600,6944463.353000,34.800000,280
509512.556600,6944463.380000,35.300000,280
509487.501200,6944445.129000,30.300000,280
509487.506100,6944445.133000,30.300129,280
509487.910300,6944445.427000,30.310516,280
509488.314400,6944445.722000,30.320904,280
509488.718600,6944446.016000,30.357919,280
509489.122700,6944446.310000,30.406917,280
509489.526800,6944446.605000,30.455914,280
509489.931000,6944446.899000,30.527419,280
509490.335100,6944447.194000,30.635721,280
509490.739300,6944447.488000,30.744833,280
509490.943300,6944447.637000,30.800000,280
509491.143400,6944447.782000,30.863824,280
509491.547600,6944448.077000,31.014139,280
509491.951700,6944448.371000,31.154789,280
509492.353300,6944448.664000,31.300000,280
509492.355900,6944448.666000,31.301251,280
509492.760000,6944448.960000,31.433249,280
509493.164200,6944449.254000,31.523588,280
509493.568300,6944449.549000,31.612948,280
509493.972500,6944449.843000,31.663470,280
509494.376600,6944450.138000,31.661507,280
509494.780700,6944450.432000,31.659545,280
509495.184900,6944450.726000,31.654907,280
509495.589000,6944451.021000,31.633545,280
509495.993200,6944451.315000,31.612182,280
509496.397300,6944451.609000,31.590820,280
509496.801500,6944451.904000,31.574170,280
509497.205600,6944452.198000,31.558502,280
509497.609800,6944452.493000,31.542833,280
509498.013900,6944452.787000,31.540045,280
509498.418100,6944453.081000,31.549344,280
509498.822200,6944453.376000,31.558642,280
509499.226400,6944453.670000,31.574695,280
509499.630500,6944453.965000,31.616640,280
509500.034600,6944454.259000,31.658586,280
509500.438800,6944454.553000,31.699768,280
509500.842900,6944454.848000,31.734475,280
509501.247100,6944455.142000,31.769846,280
509501.590500,6944455.392000,31.800000,280
509501.651200,6944455.437000,31.805468,280
509502.055400,6944455.731000,31.810060,280
509502.272700,6944455.889000,31.800000,280
509502.459500,6944456.025000,31.792223,280
509502.863700,6944456.320000,31.775124,280
509503.267800,6944456.614000,31.741390,280
509503.672000,6944456.909000,31.661042,280
509504.076100,6944457.203000,31.587088,280
509504.480300,6944457.497000,31.509906,280
509504.884400,6944457.792000,31.401022,280
509505.269300,6944458.072000,31.300000,280
509505.288500,6944458.086000,31.292348,280
509505.692700,6944458.380000,31.119748,280
509506.096800,6944458.675000,30.967458,280
509506.501000,6944458.969000,30.825614,280
509506.567700,6944459.018000,30.800000,280
509506.905100,6944459.264000,30.617918,280
509507.309300,6944459.558000,30.413946,280
509507.522400,6944459.713000,30.300000,280
509507.465200,6944459.672000,29.800000,280
509507.309300,6944459.558000,29.764208,280
509506.905100,6944459.264000,29.597043,280
509506.501000,6944458.969000,29.464238,280
509506.096800,6944458.675000,29.334485,280
509506.006000,6944458.609000,29.300000,280
509505.692700,6944458.380000,29.206008,280
509505.288500,6944458.086000,29.084924,280
509504.884400,6944457.792000,28.978459,280
509504.480300,6944457.497000,28.806525,280
509504.428500,6944457.460000,28.800000,280
509504.076100,6944457.203000,28.782081,280
509503.672000,6944456.909000,28.750330,280
509503.267800,6944456.614000,28.694389,280
509502.863700,6944456.320000,28.671729,280
509502.459500,6944456.025000,28.662658,280
509502.055400,6944455.731000,28.656861,280
509501.651200,6944455.437000,28.655250,280
509501.247100,6944455.142000,28.659464,280
509500.842900,6944454.848000,28.666873,280
509500.438800,6944454.553000,28.674626,280
509500.034600,6944454.259000,28.676062,280
509499.630500,6944453.965000,28.682852,280
509499.226400,6944453.670000,28.688826,280
509498.822200,6944453.376000,28.651171,280
509498.418100,6944453.081000,28.627642,280
509498.013900,6944452.787000,28.604297,280
509497.609800,6944452.493000,28.553839,280
509497.205600,6944452.198000,28.452844,280
509496.801500,6944451.904000,28.380053,280
509496.446500,6944451.645000,28.300000,280
509496.397300,6944451.609000,28.289547,280
509495.993200,6944451.315000,28.181257,280
509495.589000,6944451.021000,28.071814,280
509495.184900,6944450.726000,27.960031,280
509494.780700,6944450.432000,27.857259,280
509494.571400,6944450.279000,27.800000,280
509494.376600,6944450.138000,27.766303,280
509493.972500,6944449.843000,27.703431,280
509493.568300,6944449.549000,27.647625,280
509493.164200,6944449.254000,27.605245,280
509492.760000,6944448.960000,27.564330,280
509492.355900,6944448.666000,27.527112,280
509491.951700,6944448.371000,27.495903,280
509491.547600,6944448.077000,27.463285,280
509491.143400,6944447.782000,27.430224,280
509490.739300,6944447.488000,27.381384,280
509490.335100,6944447.194000,27.330904,280
509490.094100,6944447.018000,27.300000,280
509489.931000,6944446.899000,27.282515,280
509489.526800,6944446.605000,27.224746,280
509489.122700,6944446.310000,27.157527,280
509488.718600,6944446.016000,27.090347,280
509488.314400,6944445.722000,27.026377,280
509487.910300,6944445.427000,26.969438,280
509487.506100,6944445.133000,26.912524,280
509487.102000,6944444.838000,26.855609,280
509487.102000,6944444.838000,30.288873,280
509525.900000,6944473.100000,31.990647,285
509525.495900,6944472.806000,31.969104,285
509525.091700,6944472.511000,31.947031,285
509524.687600,6944472.217000,31.924607,285
509524.283400,6944471.922000,31.882261,285
509523.879300,6944471.628000,31.833915,285
509523.601300,6944471.426000,31.800000,285
509523.475100,6944471.334000,31.784785,285
509523.071000,6944471.039000,31.727601,285
509522.666800,6944470.745000,31.653770,285
509522.262700,6944470.450000,31.579122,285
509521.858500,6944470.156000,31.504056,285
509521.454400,6944469.862000,31.414930,285
509521.050200,6944469.567000,31.323047,285
509520.945900,6944469.491000,31.300000,285
509520.646100,6944469.273000,31.249516,285
509520.242000,6944468.979000,31.180594,285
509519.837800,6944468.684000,31.112287,285
509519.433700,6944468.390000,31.045236,285
509519.029500,6944468.095000,30.980543,285
509518.625400,6944467.801000,30.919336,285
509518.221200,6944467.507000,30.858176,285
509517.822400,6944467.216000,30.800000,285
509517.817100,6944467.212000,30.799351,285
509517.412900,6944466.918000,30.765322,285
509517.008800,6944466.623000,30.731293,285
509516.604600,6944466.329000,30.697264,285
509516.200500,6944466.035000,30.682489,285
509515.796300,6944465.740000,30.671725,285
509515.392200,6944465.446000,30.660961,285
509514.988100,6944465.151000,30.659264,285
509514.179800,6944464.563000,30.672791,285
509513.775600,6944464.268000,30.681992,285
509513.371500,6944463.974000,30.700537,285
509512.563200,6944463.385000,30.737628,285
509512.159000,6944463.091000,30.775995,285
509511.910500,6944462.910000,30.800000,285
509511.754900,6944462.796000,30.826912,285
509511.350700,6944462.502000,30.889102,285
509510.946600,6944462.208000,31.022611,285
509510.542400,6944461.913000,31.195866,285
509510.473100,6944461.863000,31.300000,285
509510.542400,6944461.913000,31.376693,285
509510.846000,6944462.134000,31.800000,285
509510.946600,6944462.208000,31.911819,285
509511.181300,6944462.378000,32.300000,285
509511.350700,6944462.502000,32.542227,285
509511.495100,6944462.607000,32.800000,285
509511.754900,6944462.796000,33.241290,285
509511.787800,6944462.820000,33.300000,285
509512.002200,6944462.976000,33.800000,285
509512.159000,6944463.091000,34.222903,285
509512.189200,6944463.113000,34.300000,285
509512.159000,6944463.091000,34.391974,285
509512.065900,6944463.023000,34.800000,285
509512.159000,6944463.091000,34.959889,285
509512.360800,6944463.238000,35.300000,285
509487.506100,6944445.133000,30.554952,285
509488.314400,6944445.722000,30.584248,285
509488.718600,6944446.016000,30.628163,285
509489.526800,6944446.605000,30.742334,285
509489.821800,6944446.820000,30.800000,285
509489.931000,6944446.899000,30.825593,285
509490.335100,6944447.194000,30.959999,285
509490.739300,6944447.488000,31.102432,285
509491.143400,6944447.782000,31.232718,285
509491.314600,6944447.907000,31.300000,285
509491.547600,6944448.077000,31.419641,285
509491.951700,6944448.371000,31.603088,285
509492.355900,6944448.666000,31.797585,285
509492.364700,6944448.672000,31.800000,285
509492.760000,6944448.960000,32.033584,285
509493.164200,6944449.254000,32.150694,285
509493.568300,6944449.549000,32.181393,285
509493.972500,6944449.843000,32.162142,285
509494.376600,6944450.138000,32.126136,285
509494.780700,6944450.432000,32.108854,285
509495.184900,6944450.726000,32.090263,285
509495.589000,6944451.021000,32.066333,285
509495.993200,6944451.315000,32.041687,285
509496.397300,6944451.609000,32.016486,285
509496.801500,6944451.904000,32.003087,285
509497.205600,6944452.198000,31.992191,285
509497.609800,6944452.493000,31.981297,285
509498.013900,6944452.787000,31.981384,285
509498.418100,6944453.081000,31.991694,285
509498.822200,6944453.376000,32.001972,285
509499.226400,6944453.670000,32.017872,285
509499.630500,6944453.965000,32.054951,285
509500.034600,6944454.259000,32.090861,285
509500.438800,6944454.553000,32.125233,285
509500.842900,6944454.848000,32.144661,285
509501.247100,6944455.142000,32.162043,285
509501.651200,6944455.437000,32.179057,285
509502.055400,6944455.731000,32.169306,285
509502.459500,6944456.025000,32.138756,285
509502.863700,6944456.320000,32.105664,285
509503.267800,6944456.614000,32.054040,285
509503.672000,6944456.909000,31.963738,285
509504.076100,6944457.203000,31.881243,285
509504.454000,6944457.478000,31.800000,285
509504.480300,6944457.497000,31.794674,285
509504.884400,6944457.792000,31.679907,285
509505.288500,6944458.086000,31.565265,285
509505.692700,6944458.380000,31.449935,285
509506.096800,6944458.675000,31.340844,285
509506.276300,6944458.806000,31.300000,285
509506.501000,6944458.969000,31.221902,285
509506.905100,6944459.264000,31.064756,285
509507.309300,6944459.558000,30.931602,285
509507.713400,6944459.852000,30.815393,285
509507.761600,6944459.888000,30.800000,285
509508.117600,6944460.147000,30.629621,285
509508.521700,6944460.441000,30.406557,285
509508.659400,6944460.542000,30.300000,285
509508.521700,6944460.441000,30.029132,285
509508.428100,6944460.373000,29.800000,285
509508.117600,6944460.147000,29.702683,285
509507.713400,6944459.852000,29.558231,285
509507.309300,6944459.558000,29.428313,285
509506.973000,6944459.313000,29.300000,285
509506.905100,6944459.264000,29.278992,285
509506.501000,6944458.969000,29.144879,285
509506.096800,6944458.675000,29.034755,285
509505.692700,6944458.380000,28.892406,285
509505.382600,6944458.155000,28.800000,285
509505.288500,6944458.086000,28.787817,285
509504.884400,6944457.792000,28.742489,285
509504.480300,6944457.497000,28.668031,285
509504.076100,6944457.203000,28.642259,285
509503.672000,6944456.909000,28.607851,285
509503.267800,6944456.614000,28.557202,285
509502.863700,6944456.320000,28.535863,285
509502.459500,6944456.025000,28.525981,285
509502.055400,6944455.731000,28.518080,285
509501.651200,6944455.437000,28.515300,285
509501.247100,6944455.142000,28.519791,285
509500.842900,6944454.848000,28.526206,285
509500.438800,6944454.553000,28.532362,285
509500.034600,6944454.259000,28.530590,285
509499.630500,6944453.965000,28.532054,285
509499.226400,6944453.670000,28.532943,285
509498.822200,6944453.376000,28.495578,285
509498.418100,6944453.081000,28.462499,285
509498.013900,6944452.787000,28.428034,285
509497.609800,6944452.493000,28.365638,285
509497.322600,6944452.283000,28.300000,285
509497.205600,6944452.198000,28.275164,285
509496.801500,6944451.904000,28.191123,285
509496.397300,6944451.609000,28.101214,285
509495.993200,6944451.315000,27.986609,285
509495.589000,6944451.021000,27.868136,285
509495.358100,6944450.852000,27.800000,285
509495.184900,6944450.726000,27.766497,285
509494.780700,6944450.432000,27.698379,285
509494.376600,6944450.138000,27.626781,285
509493.972500,6944449.843000,27.559429,285
509493.568300,6944449.549000,27.500441,285
509493.164200,6944449.254000,27.453241,285
509492.760000,6944448.960000,27.406308,285
509492.355900,6944448.666000,27.361349,285
509491.951700,6944448.371000,27.323165,285
509491.705400,6944448.192000,27.300000,285
509491.547600,6944448.077000,27.287235,285
509491.143400,6944447.782000,27.255217,285
509490.739300,6944447.488000,27.208207,285
509490.335100,6944447.194000,27.160086,285
509489.931000,6944446.899000,27.111965,285
509489.526800,6944446.605000,27.049263,285
509489.122700,6944446.310000,26.977310,285
509488.718600,6944446.016000,26.905488,285
509488.314400,6944445.722000,26.837549,285
509488.058000,6944445.535000,26.800000,285
509487.910300,6944445.427000,26.782191,285
509487.506100,6944445.133000,26.734222,285
509487.102000,6944444.838000,26.686471,285
509487.102000,6944444.838000,30.540305,285
509487.298900,6944444.982000,30.800000,290
509487.506100,6944445.133000,30.812025,290
509487.910300,6944445.427000,30.834854,290
509488.314400,6944445.722000,30.856961,290
509488.718600,6944446.016000,30.915921,290
509489.122700,6944446.310000,30.993334,290
509489.526800,6944446.605000,31.076086,290
509489.931000,6944446.899000,31.168768,290
509490.309800,6944447.175000,31.300000,290
509490.335100,6944447.194000,31.312634,290
509490.739300,6944447.488000,31.521741,290
509491.143400,6944447.782000,31.710927,290
509491.327900,6944447.917000,31.800000,290
509491.547600,6944448.077000,31.972088,290
509491.833600,6944448.285000,32.300000,290
509491.759000,6944448.231000,32.561597,290
509491.951700,6944448.371000,32.800000,290
509494.512100,6944450.236000,32.800000,290
509494.780700,6944450.432000,32.690979,290
509495.184900,6944450.726000,32.639173,290
509495.589000,6944451.021000,32.611059,290
509495.993200,6944451.315000,32.581940,290
509496.397300,6944451.609000,32.551192,290
509496.801500,6944451.904000,32.540354,290
509497.205600,6944452.198000,32.533846,290
509497.609800,6944452.493000,32.527246,290
509498.013900,6944452.787000,32.530146,290
509498.418100,6944453.081000,32.541679,290
509498.822200,6944453.376000,32.552862,290
509499.226400,6944453.670000,32.567932,290
509499.630500,6944453.965000,32.597816,290
509500.034600,6944454.259000,32.626357,290
509500.438800,6944454.553000,32.654233,290
509500.842900,6944454.848000,32.649633,290
509501.247100,6944455.142000,32.640648,290
509501.651200,6944455.437000,32.630827,290
509502.055400,6944455.731000,32.591123,290
509502.459500,6944456.025000,32.529543,290
509502.863700,6944456.320000,32.465880,290
509503.267800,6944456.614000,32.382995,290
509503.530600,6944456.806000,32.300000,290
509503.672000,6944456.909000,32.264667,290
509504.076100,6944457.203000,32.183303,290
509504.480300,6944457.497000,32.088036,290
509504.884400,6944457.792000,31.959964,290
509505.288500,6944458.086000,31.836202,290
509505.402800,6944458.169000,31.800000,290
509505.692700,6944458.380000,31.712613,290
509506.096800,6944458.675000,31.600283,290
509506.501000,6944458.969000,31.499869,290
509506.905100,6944459.264000,31.397072,290
509507.309300,6944459.558000,31.310990,290
509507.414400,6944459.635000,31.300000,290
509507.713400,6944459.852000,31.243914,290
509508.117600,6944460.147000,31.148327,290
509508.521700,6944460.441000,31.059607,290
509508.925900,6944460.736000,31.104685,290
509509.330000,6944461.030000,31.190536,290
509509.660900,6944461.271000,31.300000,290
509509.734200,6944461.324000,31.307296,290
509510.138300,6944461.619000,31.545432,290
509510.359600,6944461.780000,31.800000,290
509510.542400,6944461.913000,31.978252,290
509510.822400,6944462.117000,32.300000,290
509510.946600,6944462.208000,32.448943,290
509511.197300,6944462.390000,32.800000,290
509511.350700,6944462.502000,33.013641,290
509511.524600,6944462.629000,33.300000,290
509511.740400,6944462.786000,33.800000,290
509511.754900,6944462.796000,33.838692,290
509511.927200,6944462.922000,34.300000,290
509511.873600,6944462.883000,34.800000,290
509512.159000,6944463.091000,35.290003,290
509512.165000,6944463.095000,35.300000,290
509525.900000,6944473.100000,31.866339,290
509525.495900,6944472.806000,31.841195,290
509525.091700,6944472.511000,31.815973,290
509524.832000,6944472.322000,31.800000,290
509524.687600,6944472.217000,31.791404,290
509524.283400,6944471.922000,31.747283,290
509523.879300,6944471.628000,31.693633,290
509523.475100,6944471.334000,31.640111,290
509523.071000,6944471.039000,31.576697,290
509522.666800,6944470.745000,31.495255,290
509522.262700,6944470.450000,31.412377,290
509521.858500,6944470.156000,31.329845,290
509521.728700,6944470.062000,31.300000,290
509521.454400,6944469.862000,31.249644,290
509521.050200,6944469.567000,31.176991,290
509520.646100,6944469.273000,31.106586,290
509520.242000,6944468.979000,31.037474,290
509519.837800,6944468.684000,30.969454,290
509519.433700,6944468.390000,30.901639,290
509519.029500,6944468.095000,30.836844,290
509518.782000,6944467.915000,30.800000,290
509518.625400,6944467.801000,30.780392,290
509518.221200,6944467.507000,30.729488,290
509517.817100,6944467.212000,30.681032,290
509516.604600,6944466.329000,30.581556,290
509516.200500,6944466.035000,30.566444,290
509515.392200,6944465.446000,30.543740,290
509514.988100,6944465.151000,30.539981,290
509514.179800,6944464.563000,30.546634,290
509513.775600,6944464.268000,30.550921,290
509512.563200,6944463.385000,30.574835,290
509512.159000,6944463.091000,30.578953,290
509511.754900,6944462.796000,30.583353,290
509511.350700,6944462.502000,30.587410,290
509510.946600,6944462.208000,30.555961,290
509510.542400,6944461.913000,30.465556,290
509510.138300,6944461.619000,30.316213,290
509510.086700,6944461.581000,30.300000,290
509509.734200,6944461.324000,30.241030,290
509509.330000,6944461.030000,29.976080,290
509509.179300,6944460.920000,29.800000,290
509508.925900,6944460.736000,29.718577,290
509508.521700,6944460.441000,29.581099,290
509508.117600,6944460.147000,29.430311,290
509507.790700,6944459.909000,29.300000,290
509507.713400,6944459.852000,29.272150,290
509507.309300,6944459.558000,29.125987,290
509506.905100,6944459.264000,29.006566,290
509506.501000,6944458.969000,28.840377,290
509506.335800,6944458.849000,28.800000,290
509506.096800,6944458.675000,28.774007,290
509505.692700,6944458.380000,28.705147,290
509505.288500,6944458.086000,28.651541,290
509504.884400,6944457.792000,28.602136,290
509504.480300,6944457.497000,28.533531,290
509504.076100,6944457.203000,28.502438,290
509503.672000,6944456.909000,28.465373,290
509503.267800,6944456.614000,28.420015,290
509502.863700,6944456.320000,28.399997,290
509502.459500,6944456.025000,28.389304,290
509502.055400,6944455.731000,28.379300,290
509501.651200,6944455.437000,28.375350,290
509501.247100,6944455.142000,28.380118,290
509500.842900,6944454.848000,28.385539,290
509500.438800,6944454.553000,28.390098,290
509500.034600,6944454.259000,28.385118,290
509499.630500,6944453.965000,28.381255,290
509499.226400,6944453.670000,28.377061,290
509498.822200,6944453.376000,28.339984,290
509498.441800,6944453.099000,28.300000,290
509498.418100,6944453.081000,28.297442,290
509498.013900,6944452.787000,28.254942,290
509497.609800,6944452.493000,28.189842,290
509497.205600,6944452.198000,28.100267,290
509496.801500,6944451.904000,28.009472,290
509496.397300,6944451.609000,27.912882,290
509496.019200,6944451.334000,27.800000,290
509495.993200,6944451.315000,27.794699,290
509495.589000,6944451.021000,27.713080,290
509495.184900,6944450.726000,27.632941,290
509494.780700,6944450.432000,27.561123,290
509494.376600,6944450.138000,27.487259,290
509493.972500,6944449.843000,27.415428,290
509493.568300,6944449.549000,27.353258,290
509493.164200,6944449.254000,27.301238,290
509493.154300,6944449.247000,27.300000,290
509492.760000,6944448.960000,27.255928,290
509492.355900,6944448.666000,27.212739,290
509491.143400,6944447.782000,27.101574,290
509490.739300,6944447.488000,27.048956,290
509489.931000,6944446.899000,26.941415,290
509489.526800,6944446.605000,26.873779,290
509489.137600,6944446.321000,26.800000,290
509489.122700,6944446.310000,26.797605,290
509488.718600,6944446.016000,26.734930,290
509488.314400,6944445.722000,26.676398,290
509487.910300,6944445.427000,26.626825,290
509487.506100,6944445.133000,26.577492,290
509487.102000,6944444.838000,26.528111,290
509487.102000,6944444.838000,30.790868,290
509525.091700,6944472.511000,31.691566,295
509524.687600,6944472.217000,31.664586,295
509524.283400,6944471.922000,31.615439,295
509523.879300,6944471.628000,31.555212,295
509523.475100,6944471.334000,31.495437,295
509523.071000,6944471.039000,31.425793,295
509522.666800,6944470.745000,31.336740,295
509522.498900,6944470.623000,31.300000,295
509522.262700,6944470.450000,31.256235,295
509521.858500,6944470.156000,31.185151,295
509521.454400,6944469.862000,31.110543,295
509521.050200,6944469.567000,31.036733,295
509520.646100,6944469.273000,30.963657,295
509520.242000,6944468.979000,30.894354,295
509519.837800,6944468.684000,30.826621,295
509519.680400,6944468.569000,30.800000,295
509519.433700,6944468.390000,30.764050,295
509519.029500,6944468.095000,30.709236,295
509518.625400,6944467.801000,30.659597,295
509518.221200,6944467.507000,30.609958,295
509517.817100,6944467.212000,30.562713,295
509517.412900,6944466.918000,30.530424,295
509517.008800,6944466.623000,30.498136,295
509516.604600,6944466.329000,30.465847,295
509516.200500,6944466.035000,30.450399,295
509515.796300,6944465.740000,30.438459,295
509515.392200,6944465.446000,30.426519,295
509514.988100,6944465.151000,30.420698,295
509514.583900,6944464.857000,30.420587,295
509514.179800,6944464.563000,30.420476,295
509513.775600,6944464.268000,30.419850,295
509513.371500,6944463.974000,30.417248,295
509512.967300,6944463.679000,30.414645,295
509512.563200,6944463.385000,30.412043,295
509512.159000,6944463.091000,30.381911,295
509511.754900,6944462.796000,30.348817,295
509511.350700,6944462.502000,30.315621,295
509511.286700,6944462.455000,30.300000,295
509510.946600,6944462.208000,30.232733,295
509510.542400,6944461.913000,30.116546,295
509510.138300,6944461.619000,29.986378,295
509509.778500,6944461.357000,29.800000,295
509509.734200,6944461.324000,29.787110,295
509509.330000,6944461.030000,29.639136,295
509508.925900,6944460.736000,29.489897,295
509508.521700,6944460.441000,29.335782,295
509508.433400,6944460.377000,29.300000,295
509508.117600,6944460.147000,29.181790,295
509507.713400,6944459.852000,29.025783,295
509507.309300,6944459.558000,28.844410,295
509507.149700,6944459.442000,28.800000,295
509506.905100,6944459.264000,28.768278,295
509506.501000,6944458.969000,28.688583,295
509506.096800,6944458.675000,28.638543,295
509505.692700,6944458.380000,28.570670,295
509505.288500,6944458.086000,28.515265,295
509504.884400,6944457.792000,28.461784,295
509504.480300,6944457.497000,28.399030,295
509504.076100,6944457.203000,28.362616,295
509503.672000,6944456.909000,28.322894,295
509503.444800,6944456.743000,28.300000,295
509503.267800,6944456.614000,28.283050,295
509502.863700,6944456.320000,28.264131,295
509502.459500,6944456.025000,28.252732,295
509502.055400,6944455.731000,28.241334,295
509501.651200,6944455.437000,28.236404,295
509501.247100,6944455.142000,28.240638,295
509500.842900,6944454.848000,28.244873,295
509500.438800,6944454.553000,28.247835,295
509500.034600,6944454.259000,28.239768,295
509499.630500,6944453.965000,28.231674,295
509499.226400,6944453.670000,28.223595,295
509498.822200,6944453.376000,28.184798,295
509498.418100,6944453.081000,28.137683,295
509498.013900,6944452.787000,28.090271,295
509497.609800,6944452.493000,28.020689,295
509497.205600,6944452.198000,27.925370,295
509496.801500,6944451.904000,27.827820,295
509496.689700,6944451.822000,27.800000,295
509496.397300,6944451.609000,27.749511,295
509495.993200,6944451.315000,27.666324,295
509495.589000,6944451.021000,27.582466,295
509495.184900,6944450.726000,27.499385,295
509494.780700,6944450.432000,27.423867,295
509494.376600,6944450.138000,27.347737,295
509494.120800,6944449.951000,27.300000,295
509493.972500,6944449.843000,27.275237,295
509493.568300,6944449.549000,27.218504,295
509493.164200,6944449.254000,27.169879,295
509492.760000,6944448.960000,27.121254,295
509492.355900,6944448.666000,27.074206,295
509491.951700,6944448.371000,27.032114,295
509491.547600,6944448.077000,26.990022,295
509491.143400,6944447.782000,26.947930,295
509490.739300,6944447.488000,26.889705,295
509490.335100,6944447.194000,26.830285,295
509490.125800,6944447.041000,26.800000,295
509489.931000,6944446.899000,26.775595,295
509489.526800,6944446.605000,26.715402,295
509489.122700,6944446.310000,26.649118,295
509488.718600,6944446.016000,26.583380,295
509488.314400,6944445.722000,26.522117,295
509487.910300,6944445.427000,26.471459,295
509487.506100,6944445.133000,26.420762,295
509487.102000,6944444.838000,26.369751,295
509491.547600,6944448.077000,27.138629,295
509491.951700,6944448.371000,27.175684,295
509512.967300,6944463.679000,30.566864,295
509513.371500,6944463.974000,30.558892,295
509515.796300,6944465.740000,30.555092,295
509517.008800,6944466.623000,30.614714,295
509517.412900,6944466.918000,30.647873,295
509525.900000,6944473.100000,31.745526,295
509525.495900,6944472.806000,31.718546,295
509494.780700,6944450.432000,32.800000,295
509495.184900,6944450.726000,33.300000,295
509498.013900,6944452.787000,33.300000,295
509498.018000,6944452.790000,33.305021,295
509498.353800,6944453.035000,33.300000,295
509498.418100,6944453.081000,33.299849,295
509498.436200,6944453.095000,33.300000,295
509498.822200,6944453.376000,33.317893,295
509499.226400,6944453.670000,33.337365,295
509499.630500,6944453.965000,33.357080,295
509500.034600,6944454.259000,33.371323,295
509500.438800,6944454.553000,33.380311,295
509500.713300,6944454.753000,33.300000,295
509500.842900,6944454.848000,33.289158,295
509501.247100,6944455.142000,33.257487,295
509501.651200,6944455.437000,33.202767,295
509502.055400,6944455.731000,33.077288,295
509502.459500,6944456.025000,32.961343,295
509502.863700,6944456.320000,32.868469,295
509503.118800,6944456.506000,32.800000,295
509503.267800,6944456.614000,32.763432,295
509503.672000,6944456.909000,32.634773,295
509504.076100,6944457.203000,32.516793,295
509504.480300,6944457.497000,32.394160,295
509504.710300,6944457.665000,32.300000,295
509504.884400,6944457.792000,32.240909,295
509505.288500,6944458.086000,32.112385,295
509505.692700,6944458.380000,31.977941,295
509506.096800,6944458.675000,31.859966,295
509506.310300,6944458.830000,31.800000,295
509506.501000,6944458.969000,31.748796,295
509506.905100,6944459.264000,31.638699,295
509507.309300,6944459.558000,31.549988,295
509507.713400,6944459.852000,31.508003,295
509508.117600,6944460.147000,31.464173,295
509508.521700,6944460.441000,31.424488,295
509508.925900,6944460.736000,31.501970,295
509509.330000,6944461.030000,31.580070,295
509509.734200,6944461.324000,31.655266,295
509509.921600,6944461.461000,31.800000,295
509510.138300,6944461.619000,31.970935,295
509510.463100,6944461.855000,32.300000,295
509510.542400,6944461.913000,32.392996,295
509510.881200,6944462.160000,32.800000,295
509510.946600,6944462.208000,32.876618,295
509511.253100,6944462.431000,33.300000,295
509511.350700,6944462.502000,33.503355,295
509511.479000,6944462.595000,33.800000,295
509511.667000,6944462.732000,34.300000,295
509511.582600,6944462.671000,34.800000,295
509511.659800,6944462.727000,35.300000,295
509487.506100,6944445.133000,31.125488,295
509487.910300,6944445.427000,31.149678,295
509488.314400,6944445.722000,31.172156,295
509488.718600,6944446.016000,31.234265,295
509489.022800,6944446.238000,31.300000,295
509489.122700,6944446.310000,31.332133,295
509489.526800,6944446.605000,31.463542,295
509489.931000,6944446.899000,31.601715,295
509490.324100,6944447.186000,31.800000,295
509490.335100,6944447.194000,31.813537,295
509490.739300,6944447.488000,32.142406,295
509491.017000,6944447.690000,32.300000,295
509491.547600,6944448.077000,32.300000,295
509487.102000,6944444.838000,31.099599,295
509524.687600,6944472.217000,31.537767,300
509524.283400,6944471.922000,31.483595,300
509523.879300,6944471.628000,31.416792,300
509523.475100,6944471.334000,31.350762,300
509523.201000,6944471.134000,31.300000,300
509523.071000,6944471.039000,31.278410,300
509522.666800,6944470.745000,31.199050,300
509522.262700,6944470.450000,31.122013,300
509521.858500,6944470.156000,31.046559,300
509521.454400,6944469.862000,30.971442,300
509521.050200,6944469.567000,30.896474,300
509520.646100,6944469.273000,30.820727,300
509520.525400,6944469.185000,30.800000,300
509520.242000,6944468.979000,30.757573,300
509519.837800,6944468.684000,30.699295,300
509519.433700,6944468.390000,30.641016,300
509519.029500,6944468.095000,30.587177,300
509518.625400,6944467.801000,30.538803,300
509518.221200,6944467.507000,30.490429,300
509517.817100,6944467.212000,30.444393,300
509517.412900,6944466.918000,30.412975,300
509517.008800,6944466.623000,30.381557,300
509516.604600,6944466.329000,30.350139,300
509516.200500,6944466.035000,30.334354,300
509515.796300,6944465.740000,30.321826,300
509515.392200,6944465.446000,30.309298,300
509514.988100,6944465.151000,30.301415,300
509514.824100,6944465.032000,30.300000,300
509514.583900,6944464.857000,30.298078,300
509514.179800,6944464.563000,30.294922,300
509513.775600,6944464.268000,30.290093,300
509513.371500,6944463.974000,30.279009,300
509512.967300,6944463.679000,30.268269,300
509512.563200,6944463.385000,30.257666,300
509512.159000,6944463.091000,30.212784,300
509511.754900,6944462.796000,30.167461,300
509511.350700,6944462.502000,30.121365,300
509510.946600,6944462.208000,30.012391,300
509510.542400,6944461.913000,29.854367,300
509510.408100,6944461.815000,29.800000,300
509510.138300,6944461.619000,29.731036,300
509509.734200,6944461.324000,29.607754,300
509509.330000,6944461.030000,29.435090,300
509509.008300,6944460.796000,29.300000,300
509508.925900,6944460.736000,29.267919,300
509508.521700,6944460.441000,29.107116,300
509508.117600,6944460.147000,28.955147,300
509507.757400,6944459.884000,28.800000,300
509507.713400,6944459.852000,28.789688,300
509507.309300,6944459.558000,28.695647,300
509506.905100,6944459.264000,28.637061,300
509506.501000,6944458.969000,28.560134,300
509506.096800,6944458.675000,28.503079,300
509505.692700,6944458.380000,28.436192,300
509505.288500,6944458.086000,28.378989,300
509504.884400,6944457.792000,28.321431,300
509504.736200,6944457.684000,28.300000,300
509504.480300,6944457.497000,28.264530,300
509504.076100,6944457.203000,28.225569,300
509503.672000,6944456.909000,28.186599,300
509503.267800,6944456.614000,28.147635,300
509502.863700,6944456.320000,28.128265,300
509502.459500,6944456.025000,28.116359,300
509502.055400,6944455.731000,28.104454,300
509501.651200,6944455.437000,28.098629,300
509501.247100,6944455.142000,28.101417,300
509500.842900,6944454.848000,28.104206,300
509500.438800,6944454.553000,28.105571,300
509500.034600,6944454.259000,28.094591,300
509499.630500,6944453.965000,28.083516,300
509499.226400,6944453.670000,28.072491,300
509498.822200,6944453.376000,28.029752,300
509498.418100,6944453.081000,27.977924,300
509498.013900,6944452.787000,27.925601,300
509497.609800,6944452.493000,27.851536,300
509497.400300,6944452.340000,27.800000,300
509497.205600,6944452.198000,27.765838,300
509496.801500,6944451.904000,27.695673,300
509496.397300,6944451.609000,27.623485,300
509495.993200,6944451.315000,27.537950,300
509495.589000,6944451.021000,27.451852,300
509495.184900,6944450.726000,27.365830,300
509494.847500,6944450.481000,27.300000,300
509494.780700,6944450.432000,27.288255,300
509494.376600,6944450.138000,27.219347,300
509493.972500,6944449.843000,27.150439,300
509493.568300,6944449.549000,27.090800,300
509493.164200,6944449.254000,27.038690,300
509492.760000,6944448.960000,26.986581,300
509492.355900,6944448.666000,26.935674,300
509491.951700,6944448.371000,26.888545,300
509491.547600,6944448.077000,26.841416,300
509491.191000,6944447.817000,26.800000,300
509491.143400,6944447.782000,26.795111,300
509490.739300,6944447.488000,26.741085,300
509490.335100,6944447.194000,26.686787,300
509489.931000,6944446.899000,26.632734,300
509489.526800,6944446.605000,26.569436,300
509489.122700,6944446.310000,26.500632,300
509488.718600,6944446.016000,26.431830,300
509488.314400,6944445.722000,26.367836,300
509487.910300,6944445.427000,26.316092,300
509487.784600,6944445.336000,26.300000,300
509487.506100,6944445.133000,26.270981,300
509487.102000,6944444.838000,26.228923,300
509525.900000,6944473.100000,31.628710,300
509525.495900,6944472.806000,31.598396,300
509498.418100,6944453.081000,33.800000,300
509501.247100,6944455.142000,33.800000,300
509501.651200,6944455.437000,34.300000,300
509501.850700,6944455.582000,34.300000,300
509501.952100,6944455.656000,33.800000,300
509502.055400,6944455.731000,33.681048,300
509502.459500,6944456.025000,33.449065,300
509502.805700,6944456.277000,33.300000,300
509502.863700,6944456.320000,33.284300,300
509503.267800,6944456.614000,33.166093,300
509503.672000,6944456.909000,33.007639,300
509504.076100,6944457.203000,32.873185,300
509504.278500,6944457.350000,32.800000,300
509504.480300,6944457.497000,32.733023,300
509504.884400,6944457.792000,32.565092,300
509505.288500,6944458.086000,32.403235,300
509505.533800,6944458.265000,32.300000,300
509505.692700,6944458.380000,32.244591,300
509506.096800,6944458.675000,32.120464,300
509506.501000,6944458.969000,31.998255,300
509506.905100,6944459.264000,31.882037,300
509507.260100,6944459.522000,31.800000,300
509507.309300,6944459.558000,31.788986,300
509507.713400,6944459.852000,31.747330,300
509508.117600,6944460.147000,31.705593,300
509508.521700,6944460.441000,31.668954,300
509508.925900,6944460.736000,31.778483,300
509509.011600,6944460.798000,31.800000,300
509509.330000,6944461.030000,31.884293,300
509509.734200,6944461.324000,31.992631,300
509510.108500,6944461.597000,32.300000,300
509510.138300,6944461.619000,32.326360,300
509510.539200,6944461.911000,32.800000,300
509510.542400,6944461.913000,32.803610,300
509510.946600,6944462.208000,33.277504,300
509510.962900,6944462.219000,33.300000,300
509511.212400,6944462.401000,33.800000,300
509511.350700,6944462.502000,34.150978,300
509511.407000,6944462.543000,34.300000,300
509511.350700,6944462.502000,34.454237,300
509511.256800,6944462.434000,34.800000,300
509511.350700,6944462.502000,35.054163,300
509511.449400,6944462.574000,35.300000,300
509487.506100,6944445.133000,31.500310,300
509487.910300,6944445.427000,31.539899,300
509488.314400,6944445.722000,31.579119,300
509488.718600,6944446.016000,31.678610,300
509489.102600,6944446.296000,31.800000,300
509489.122700,6944446.310000,31.800000,300
509489.143700,6944446.326000,31.825993,300
509489.526800,6944446.605000,32.065957,300
509489.762100,6944446.776000,32.300000,300
509487.102000,6944444.838000,31.459280,300
509525.091700,6944472.511000,31.444597,305
509524.687600,6944472.217000,31.410948,305
509524.283400,6944471.922000,31.351751,305
509523.994300,6944471.712000,31.300000,305
509523.879300,6944471.628000,31.280825,305
509523.475100,6944471.334000,31.217969,305
509523.071000,6944471.039000,31.148667,305
509522.666800,6944470.745000,31.067642,305
509522.262700,6944470.450000,30.987790,305
509521.858500,6944470.156000,30.907967,305
509521.454400,6944469.862000,30.832341,305
509521.281900,6944469.736000,30.800000,305
509521.050200,6944469.567000,30.761038,305
509520.646100,6944469.273000,30.693106,305
509520.242000,6944468.979000,30.633059,305
509519.837800,6944468.684000,30.575521,305
509519.433700,6944468.390000,30.517982,305
509519.029500,6944468.095000,30.465119,305
509518.625400,6944467.801000,30.418009,305
509518.221200,6944467.507000,30.370899,305
509517.817100,6944467.212000,30.326074,305
509517.472500,6944466.961000,30.300000,305
509517.412900,6944466.918000,30.295830,305
509517.008800,6944466.623000,30.267430,305
509516.604600,6944466.329000,30.239121,305
509516.200500,6944466.035000,30.224482,305
509515.796300,6944465.740000,30.212749,305
509515.392200,6944465.446000,30.201069,305
509514.988100,6944465.151000,30.192725,305
509514.583900,6944464.857000,30.187459,305
509514.179800,6944464.563000,30.182162,305
509513.775600,6944464.268000,30.174366,305
509513.371500,6944463.974000,30.157141,305
509512.967300,6944463.679000,30.139722,305
509512.563200,6944463.385000,30.121872,305
509512.159000,6944463.091000,30.063518,305
509511.754900,6944462.796000,30.000084,305
509511.350700,6944462.502000,29.931837,305
509510.966500,6944462.222000,29.800000,305
509510.946600,6944462.208000,29.795138,305
509510.542400,6944461.913000,29.680933,305
509510.138300,6944461.619000,29.565469,305
509509.734200,6944461.324000,29.428398,305
509509.459600,6944461.124000,29.300000,305
509509.330000,6944461.030000,29.242519,305
509508.925900,6944460.736000,29.078756,305
509508.521700,6944460.441000,28.881293,305
509508.306300,6944460.284000,28.800000,305
509508.117600,6944460.147000,28.761476,305
509507.713400,6944459.852000,28.666260,305
509507.309300,6944459.558000,28.571752,305
509506.905100,6944459.264000,28.505844,305
509506.501000,6944458.969000,28.431685,305
509506.096800,6944458.675000,28.367615,305
509505.692700,6944458.380000,28.301714,305
509505.680800,6944458.372000,28.300000,305
509505.288500,6944458.086000,28.244282,305
509504.884400,6944457.792000,28.186828,305
509504.480300,6944457.497000,28.130030,305
509504.076100,6944457.203000,28.090770,305
509503.672000,6944456.909000,28.051489,305
509503.267800,6944456.614000,28.012219,305
509502.863700,6944456.320000,27.992398,305
509502.459500,6944456.025000,27.979987,305
509502.055400,6944455.731000,27.967575,305
509501.651200,6944455.437000,27.960854,305
509501.247100,6944455.142000,27.962197,305
509500.842900,6944454.848000,27.963539,305
509500.438800,6944454.553000,27.963308,305
509500.034600,6944454.259000,27.949413,305
509499.630500,6944453.965000,27.935358,305
509499.226400,6944453.670000,27.921388,305
509498.822200,6944453.376000,27.874707,305
509498.418100,6944453.081000,27.818165,305
509498.287100,6944452.986000,27.800000,305
509498.013900,6944452.787000,27.772610,305
509497.609800,6944452.493000,27.717842,305
509497.205600,6944452.198000,27.645202,305
509496.801500,6944451.904000,27.572480,305
509496.397300,6944451.609000,27.497460,305
509495.993200,6944451.315000,27.409576,305
509495.589000,6944451.021000,27.321238,305
509495.490900,6944450.949000,27.300000,305
509495.184900,6944450.726000,27.240032,305
509494.780700,6944450.432000,27.167858,305
509494.376600,6944450.138000,27.096747,305
509493.972500,6944449.843000,27.025642,305
509493.568300,6944449.549000,26.963095,305
509493.164200,6944449.254000,26.907502,305
509492.760000,6944448.960000,26.851908,305
509492.376400,6944448.681000,26.800000,305
509492.355900,6944448.666000,26.797506,305
509491.951700,6944448.371000,26.752440,305
509491.547600,6944448.077000,26.707945,305
509491.143400,6944447.782000,26.663632,305
509490.739300,6944447.488000,26.606176,305
509490.335100,6944447.194000,26.548104,305
509489.931000,6944446.899000,26.489873,305
509489.526800,6944446.605000,26.423470,305
509489.122700,6944446.310000,26.352145,305
509488.827800,6944446.096000,26.300000,305
509488.718600,6944446.016000,26.283863,305
509488.314400,6944445.722000,26.229791,305
509487.506100,6944445.133000,26.144528,305
509487.102000,6944444.838000,26.101897,305
509525.900000,6944473.100000,31.511894,305
509525.495900,6944472.806000,31.478245,305
509502.637100,6944456.155000,34.300000,305
509502.863700,6944456.320000,33.975852,305
509503.075100,6944456.474000,33.800000,305
509503.267800,6944456.614000,33.696148,305
509503.672000,6944456.909000,33.426867,305
509503.901200,6944457.075000,33.300000,305
509504.076100,6944457.203000,33.242173,305
509504.480300,6944457.497000,33.079565,305
509504.884400,6944457.792000,32.902656,305
509505.112200,6944457.958000,32.800000,305
509505.288500,6944458.086000,32.725155,305
509505.692700,6944458.380000,32.547958,305
509506.096800,6944458.675000,32.393578,305
509506.338500,6944458.851000,32.300000,305
509506.501000,6944458.969000,32.247853,305
509506.905100,6944459.264000,32.128812,305
509507.309300,6944459.558000,32.028838,305
509507.713400,6944459.852000,31.990068,305
509508.117600,6944460.147000,31.950053,305
509508.521700,6944460.441000,31.915201,305
509508.925900,6944460.736000,32.037611,305
509509.330000,6944461.030000,32.175838,305
509509.678500,6944461.284000,32.300000,305
509509.734200,6944461.324000,32.321257,305
509510.138300,6944461.619000,32.681671,305
509510.238500,6944461.692000,32.800000,305
509510.542400,6944461.913000,33.137410,305
509510.680000,6944462.013000,33.300000,305
509510.940900,6944462.203000,33.800000,305
509510.946600,6944462.208000,33.814022,305
509511.139400,6944462.348000,34.300000,305
509511.063200,6944462.292000,34.800000,305
509511.151200,6944462.357000,35.300000,305
509487.102000,6944444.838000,31.800000,305
509489.526800,6944446.605000,32.300000,305
509525.091700,6944472.511000,31.321113,310
509524.858400,6944472.341000,31.300000,310
509524.687600,6944472.217000,31.285225,310
509524.283400,6944471.922000,31.226910,310
509523.879300,6944471.628000,31.158110,310
509523.475100,6944471.334000,31.091597,310
509523.071000,6944471.039000,31.018924,310
509522.666800,6944470.745000,30.936234,310
509522.262700,6944470.450000,30.853567,310
509522.002600,6944470.261000,30.800000,310
509521.858500,6944470.156000,30.772514,310
509521.050200,6944469.567000,30.636226,310
509520.646100,6944469.273000,30.568082,310
509520.242000,6944468.979000,30.508545,310
509519.837800,6944468.684000,30.451746,310
509519.433700,6944468.390000,30.394948,310
509519.029500,6944468.095000,30.343060,310
509518.650200,6944467.819000,30.300000,310
509518.625400,6944467.801000,30.297388,310
509518.221200,6944467.507000,30.254487,310
509517.817100,6944467.212000,30.213788,310
509517.412900,6944466.918000,30.186363,310
509517.008800,6944466.623000,30.159013,310
509516.604600,6944466.329000,30.131690,310
509516.200500,6944466.035000,30.117206,310
509515.796300,6944465.740000,30.105412,310
509515.392200,6944465.446000,30.093614,310
509514.988100,6944465.151000,30.084163,310
509514.583900,6944464.857000,30.076840,310
509514.179800,6944464.563000,30.069402,310
509513.775600,6944464.268000,30.058639,310
509513.371500,6944463.974000,30.035272,310
509512.967300,6944463.679000,30.011174,310
509512.563200,6944463.385000,29.986077,310
509512.159000,6944463.091000,29.914252,310
509511.754900,6944462.796000,29.832707,310
509511.596900,6944462.681000,29.800000,310
509511.350700,6944462.502000,29.762303,310
509510.946600,6944462.208000,29.660409,310
509510.542400,6944461.913000,29.530717,310
509510.138300,6944461.619000,29.399902,310
509509.863500,6944461.419000,29.300000,310
509509.734200,6944461.324000,29.252814,310
509509.330000,6944461.030000,29.072428,310
509508.925900,6944460.736000,28.889593,310
509508.754000,6944460.610000,28.800000,310
509508.521700,6944460.441000,28.725226,310
509508.117600,6944460.147000,28.639354,310
509507.713400,6944459.852000,28.542833,310
509507.309300,6944459.558000,28.447858,310
509506.905100,6944459.264000,28.374627,310
509506.501000,6944458.969000,28.303236,310
509506.481600,6944458.955000,28.300000,310
509506.096800,6944458.675000,28.234920,310
509505.692700,6944458.380000,28.170062,310
509505.288500,6944458.086000,28.111739,310
509504.884400,6944457.792000,28.053261,310
509504.480300,6944457.497000,27.995530,310
509504.076100,6944457.203000,27.955972,310
509503.672000,6944456.909000,27.916379,310
509503.267800,6944456.614000,27.876804,310
509502.863700,6944456.320000,27.856532,310
509502.459500,6944456.025000,27.843614,310
509502.055400,6944455.731000,27.830695,310
509501.651200,6944455.437000,27.823080,310
509501.247100,6944455.142000,27.822976,310
509500.842900,6944454.848000,27.822872,310
509500.438800,6944454.553000,27.821045,310
509500.034600,6944454.259000,27.804235,310
509499.932600,6944454.185000,27.800000,310
509499.630500,6944453.965000,27.790759,310
509499.226400,6944453.670000,27.778660,310
509498.822200,6944453.376000,27.742616,310
509498.418100,6944453.081000,27.699803,310
509498.013900,6944452.787000,27.657167,310
509497.609800,6944452.493000,27.599686,310
509497.205600,6944452.198000,27.524565,310
509496.801500,6944451.904000,27.449286,310
509496.397300,6944451.609000,27.371434,310
509496.076200,6944451.376000,27.300000,310
509495.993200,6944451.315000,27.283216,310
509495.589000,6944451.021000,27.202495,310
509495.184900,6944450.726000,27.121774,310
509494.780700,6944450.432000,27.047461,310
509494.376600,6944450.138000,26.974147,310
509493.972500,6944449.843000,26.900845,310
509493.568300,6944449.549000,26.835391,310
509493.323600,6944449.370000,26.800000,310
509493.164200,6944449.254000,26.779093,310
509492.760000,6944448.960000,26.727404,310
509492.355900,6944448.666000,26.676612,310
509491.951700,6944448.371000,26.628346,310
509491.547600,6944448.077000,26.580324,310
509491.143400,6944447.782000,26.532153,310
509490.739300,6944447.488000,26.471268,310
509490.335100,6944447.194000,26.409421,310
509489.931000,6944446.899000,26.347012,310
509489.655800,6944446.699000,26.300000,310
509489.526800,6944446.605000,26.281393,310
509489.122700,6944446.310000,26.220605,310
509488.718600,6944446.016000,26.159851,310
509488.314400,6944445.722000,26.104486,310
509487.506100,6944445.133000,26.018075,310
509487.102000,6944444.838000,25.974870,310
509525.900000,6944473.100000,31.395078,310
509525.495900,6944472.806000,31.358095,310
509503.481300,6944456.770000,34.300000,310
509503.672000,6944456.909000,34.150028,310
509504.046100,6944457.181000,33.800000,310
509504.076100,6944457.203000,33.781841,310
509504.480300,6944457.497000,33.513749,310
509504.760600,6944457.702000,33.300000,310
509504.884400,6944457.792000,33.244566,310
509505.288500,6944458.086000,33.043489,310
509505.692700,6944458.380000,32.861354,310
509505.837200,6944458.486000,32.800000,310
509506.096800,6944458.675000,32.694665,310
509506.501000,6944458.969000,32.535016,310
509506.905100,6944459.264000,32.386273,310
509507.188600,6944459.470000,32.300000,310
509507.309300,6944459.558000,32.268731,310
509507.713400,6944459.852000,32.233768,310
509508.117600,6944460.147000,32.196467,310
509508.521700,6944460.441000,32.163503,310
509508.925900,6944460.736000,32.295273,310
509508.938400,6944460.745000,32.300000,310
509509.330000,6944461.030000,32.471159,310
509509.734200,6944461.324000,32.633630,310
509509.913600,6944461.455000,32.800000,310
509510.138300,6944461.619000,33.008485,310
509510.399000,6944461.809000,33.300000,310
509510.542400,6944461.913000,33.571542,310
509510.662500,6944462.001000,33.800000,310
509510.867700,6944462.150000,34.300000,310
509510.772400,6944462.081000,34.800000,310
509510.758900,6944462.071000,35.067758,310
509510.946600,6944462.208000,35.300000,310
509525.091700,6944472.511000,31.203963,315
509524.687600,6944472.217000,31.167157,315
509524.283400,6944471.922000,31.106593,315
509523.879300,6944471.628000,31.035394,315
509523.475100,6944471.334000,30.965225,315
509523.071000,6944471.039000,30.889181,315
509522.666800,6944470.745000,30.804826,315
509522.643600,6944470.728000,30.800000,315
509522.262700,6944470.450000,30.725953,315
509521.858500,6944470.156000,30.648128,315
509521.050200,6944469.567000,30.511415,315
509520.646100,6944469.273000,30.443058,315
509520.242000,6944468.979000,30.384031,315
509519.837800,6944468.684000,30.327972,315
509519.636800,6944468.538000,30.300000,315
509519.433700,6944468.390000,30.273534,315
509519.029500,6944468.095000,30.225717,315
509518.625400,6944467.801000,30.184119,315
509518.221200,6944467.507000,30.142620,315
509517.817100,6944467.212000,30.103207,315
509517.412900,6944466.918000,30.076895,315
509517.008800,6944466.623000,30.050595,315
509516.604600,6944466.329000,30.024260,315
509516.200500,6944466.035000,30.009931,315
509515.796300,6944465.740000,29.998075,315
509515.392200,6944465.446000,29.986159,315
509514.988100,6944465.151000,29.975600,315
509514.583900,6944464.857000,29.966221,315
509514.179800,6944464.563000,29.956641,315
509513.775600,6944464.268000,29.942912,315
509513.371500,6944463.974000,29.913404,315
509512.967300,6944463.679000,29.882627,315
509512.563200,6944463.385000,29.850282,315
509512.315800,6944463.205000,29.800000,315
509512.159000,6944463.091000,29.774304,315
509511.754900,6944462.796000,29.706172,315
509511.350700,6944462.502000,29.638459,315
509510.946600,6944462.208000,29.525680,315
509510.542400,6944461.913000,29.380500,315
509510.310200,6944461.744000,29.300000,315
509510.138300,6944461.619000,29.240813,315
509509.734200,6944461.324000,29.086737,315
509509.330000,6944461.030000,28.902336,315
509509.114400,6944460.873000,28.800000,315
509508.925900,6944460.736000,28.739300,315
509508.521700,6944460.441000,28.608395,315
509508.117600,6944460.147000,28.517233,315
509507.713400,6944459.852000,28.419406,315
509507.309300,6944459.558000,28.323964,315
509507.184100,6944459.467000,28.300000,315
509506.905100,6944459.264000,28.245843,315
509506.501000,6944458.969000,28.175386,315
509506.096800,6944458.675000,28.104982,315
509505.692700,6944458.380000,28.038447,315
509505.288500,6944458.086000,27.979195,315
509504.884400,6944457.792000,27.919693,315
509504.480300,6944457.497000,27.861030,315
509504.076100,6944457.203000,27.821174,315
509503.861400,6944457.047000,27.800000,315
509503.672000,6944456.909000,27.785717,315
509503.267800,6944456.614000,27.755472,315
509502.863700,6944456.320000,27.740032,315
509502.459500,6944456.025000,27.730269,315
509502.055400,6944455.731000,27.720592,315
509501.651200,6944455.437000,27.714692,315
509501.247100,6944455.142000,27.714050,315
509500.842900,6944454.848000,27.713411,315
509500.438800,6944454.553000,27.711407,315
509500.034600,6944454.259000,27.697614,315
509499.630500,6944453.965000,27.683801,315
509499.226400,6944453.670000,27.670147,315
509498.822200,6944453.376000,27.631870,315
509498.418100,6944453.081000,27.586751,315
509498.013900,6944452.787000,27.541724,315
509497.609800,6944452.493000,27.481530,315
509497.205600,6944452.198000,27.403929,315
509496.801500,6944451.904000,27.326092,315
509496.668800,6944451.807000,27.300000,315
509496.397300,6944451.609000,27.251138,315
509495.993200,6944451.315000,27.168599,315
509495.589000,6944451.021000,27.086056,315
509495.184900,6944450.726000,27.003515,315
509494.780700,6944450.432000,26.927063,315
509494.376600,6944450.138000,26.851546,315
509494.099100,6944449.935000,26.800000,315
509493.972500,6944449.843000,26.778475,315
509493.568300,6944449.549000,26.717690,315
509493.164200,6944449.254000,26.663300,315
509492.760000,6944448.960000,26.609277,315
509492.355900,6944448.666000,26.555719,315
509491.951700,6944448.371000,26.504253,315
509491.547600,6944448.077000,26.452702,315
509491.143400,6944447.782000,26.400674,315
509490.739300,6944447.488000,26.336359,315
509490.512600,6944447.323000,26.300000,315
509490.335100,6944447.194000,26.275479,315
509489.931000,6944446.899000,26.220322,315
509489.526800,6944446.605000,26.160657,315
509489.122700,6944446.310000,26.098236,315
509488.718600,6944446.016000,26.035838,315
509488.314400,6944445.722000,25.979181,315
509487.506100,6944445.133000,25.891623,315
509487.102000,6944444.838000,25.847844,315
509525.900000,6944473.100000,31.279121,315
509525.495900,6944472.806000,31.241180,315
509504.418900,6944457.453000,34.300000,315
509504.480300,6944457.497000,34.244351,315
509504.844200,6944457.762000,33.800000,315
509504.884400,6944457.792000,33.768645,315
509505.288500,6944458.086000,33.410480,315
509505.421100,6944458.183000,33.300000,315
509505.692700,6944458.380000,33.176396,315
509506.096800,6944458.675000,32.997699,315
509506.501000,6944458.969000,32.831283,315
509506.576700,6944459.024000,32.800000,315
509506.905100,6944459.264000,32.667936,315
509507.309300,6944459.558000,32.542448,315
509507.713400,6944459.852000,32.500372,315
509508.117600,6944460.147000,32.457902,315
509508.521700,6944460.441000,32.421946,315
509508.925900,6944460.736000,32.587963,315
509509.330000,6944461.030000,32.769280,315
509509.403000,6944461.083000,32.800000,315
509509.734200,6944461.324000,32.946280,315
509510.115600,6944461.602000,33.300000,315
509510.138300,6944461.619000,33.335427,315
509510.384300,6944461.798000,33.800000,315
509510.542400,6944461.913000,34.181551,315
509510.591200,6944461.949000,34.300000,315
509510.542400,6944461.913000,34.435477,315
509510.451200,6944461.847000,34.800000,315
509510.542400,6944461.913000,34.800000,315
509525.091700,6944472.511000,31.088119,320
509524.687600,6944472.217000,31.049089,320
509524.283400,6944471.922000,30.986276,320
509523.879300,6944471.628000,30.912679,320
509523.475100,6944471.334000,30.838853,320
509523.274700,6944471.188000,30.800000,320
509523.071000,6944471.039000,30.762247,320
509522.666800,6944470.745000,30.682487,320
509522.262700,6944470.450000,30.602728,320
509521.858500,6944470.156000,30.523741,320
509521.050200,6944469.567000,30.386603,320
509520.646100,6944469.273000,30.318034,320
509520.521900,6944469.182000,30.300000,320
509520.242000,6944468.979000,30.261553,320
509519.837800,6944468.684000,30.209468,320
509519.433700,6944468.390000,30.157598,320
509519.029500,6944468.095000,30.110945,320
509518.625400,6944467.801000,30.070850,320
509518.221200,6944467.507000,30.030753,320
509517.817100,6944467.212000,29.992627,320
509517.412900,6944466.918000,29.967428,320
509517.008800,6944466.623000,29.942178,320
509516.604600,6944466.329000,29.916829,320
509516.200500,6944466.035000,29.902655,320
509515.796300,6944465.740000,29.890738,320
509515.392200,6944465.446000,29.878705,320
509514.988100,6944465.151000,29.867038,320
509514.583900,6944464.857000,29.855602,320
509514.179800,6944464.563000,29.843881,320
509513.775600,6944464.268000,29.827185,320
509513.463700,6944464.041000,29.800000,320
509513.371500,6944463.974000,29.793231,320
509512.563200,6944463.385000,29.735192,320
509512.159000,6944463.091000,29.664763,320
509511.754900,6944462.796000,29.589557,320
509511.350700,6944462.502000,29.514616,320
509510.946600,6944462.208000,29.390951,320
509510.707100,6944462.033000,29.300000,320
509510.542400,6944461.913000,29.238464,320
509510.138300,6944461.619000,29.091579,320
509509.734200,6944461.324000,28.920659,320
509509.473100,6944461.134000,28.800000,320
509509.330000,6944461.030000,28.755122,320
509508.925900,6944460.736000,28.623983,320
509508.521700,6944460.441000,28.491563,320
509508.117600,6944460.147000,28.395111,320
509507.729700,6944459.864000,28.300000,320
509507.713400,6944459.852000,28.296077,320
509507.309300,6944459.558000,28.200447,320
509506.905100,6944459.264000,28.120268,320
509506.501000,6944458.969000,28.047551,320
509506.096800,6944458.675000,27.975045,320
509505.692700,6944458.380000,27.906831,320
509505.288500,6944458.086000,27.846652,320
509504.976500,6944457.859000,27.800000,320
509504.884400,6944457.792000,27.789286,320
509504.480300,6944457.497000,27.743456,320
509504.076100,6944457.203000,27.712978,320
509503.672000,6944456.909000,27.682694,320
509503.267800,6944456.614000,27.652596,320
509502.863700,6944456.320000,27.637333,320
509502.459500,6944456.025000,27.627751,320
509502.055400,6944455.731000,27.618230,320
509501.651200,6944455.437000,27.612217,320
509501.247100,6944455.142000,27.611113,320
509500.842900,6944454.848000,27.610008,320
509500.438800,6944454.553000,27.607434,320
509500.034600,6944454.259000,27.592151,320
509499.630500,6944453.965000,27.576843,320
509499.226400,6944453.670000,27.561633,320
509498.822200,6944453.376000,27.521124,320
509498.418100,6944453.081000,27.473699,320
509498.013900,6944452.787000,27.426281,320
509497.609800,6944452.493000,27.363373,320
509497.288600,6944452.259000,27.300000,320
509497.205600,6944452.198000,27.284943,320
509496.801500,6944451.904000,27.212684,320
509496.397300,6944451.609000,27.138340,320
509495.993200,6944451.315000,27.053982,320
509495.589000,6944451.021000,26.969618,320
509495.184900,6944450.726000,26.885257,320
509494.780700,6944450.432000,26.806666,320
509494.745500,6944450.406000,26.800000,320
509494.376600,6944450.138000,26.735846,320
509493.972500,6944449.843000,26.666329,320
509493.568300,6944449.549000,26.603824,320
509493.164200,6944449.254000,26.547507,320
509492.760000,6944448.960000,26.491150,320
509492.355900,6944448.666000,26.434825,320
509491.951700,6944448.371000,26.380159,320
509491.547600,6944448.077000,26.325080,320
509491.363200,6944447.943000,26.300000,320
509491.143400,6944447.782000,26.273959,320
509490.739300,6944447.488000,26.216963,320
509489.931000,6944446.899000,26.101564,320
509489.526800,6944446.605000,26.039921,320
509489.122700,6944446.310000,25.975868,320
509488.718600,6944446.016000,25.911825,320
509488.314400,6944445.722000,25.853876,320
509487.910300,6944445.427000,25.809523,320
509487.823200,6944445.364000,25.800000,320
509487.506100,6944445.133000,25.765703,320
509487.102000,6944444.838000,25.721952,320
509525.900000,6944473.100000,31.166917,320
509525.495900,6944472.806000,31.127292,320
509505.076800,6944457.932000,34.300000,320
509505.288500,6944458.086000,34.045967,320
509505.496900,6944458.238000,33.800000,320
509505.692700,6944458.380000,33.632711,320
509506.096800,6944458.675000,33.303084,320
509506.100600,6944458.678000,33.300000,320
509506.501000,6944458.969000,33.120806,320
509506.905100,6944459.264000,32.952861,320
509507.309300,6944459.558000,32.821258,320
509507.495700,6944459.694000,32.800000,320
509507.713400,6944459.852000,32.775523,320
509508.117600,6944460.147000,32.730223,320
509508.521700,6944460.441000,32.692767,320
509508.759400,6944460.614000,32.800000,320
509508.925900,6944460.736000,32.877316,320
509509.330000,6944461.030000,33.060435,320
509509.734200,6944461.324000,33.259244,320
509509.778100,6944461.356000,33.300000,320
509510.100800,6944461.591000,33.800000,320
509510.138300,6944461.619000,33.876747,320
509510.315100,6944461.748000,34.300000,320
509510.259000,6944461.707000,34.800000,320
509525.091700,6944472.511000,30.972276,325
509524.687600,6944472.217000,30.931021,325
509524.283400,6944471.922000,30.865959,325
509523.931700,6944471.666000,30.800000,325
509523.879300,6944471.628000,30.790402,325
509523.475100,6944471.334000,30.717473,325
509523.071000,6944471.039000,30.641486,325
509522.666800,6944470.745000,30.560495,325
509522.262700,6944470.450000,30.479503,325
509521.858500,6944470.156000,30.399354,325
509521.454400,6944469.862000,30.330573,325
509521.274600,6944469.731000,30.300000,325
509521.050200,6944469.567000,30.263417,325
509520.646100,6944469.273000,30.197847,325
509520.242000,6944468.979000,30.143301,325
509519.837800,6944468.684000,30.092501,325
509519.433700,6944468.390000,30.041662,325
509519.029500,6944468.095000,29.996172,325
509518.625400,6944467.801000,29.957580,325
509518.221200,6944467.507000,29.918886,325
509517.817100,6944467.212000,29.882046,325
509517.412900,6944466.918000,29.857960,325
509517.008800,6944466.623000,29.833761,325
509516.604600,6944466.329000,29.809398,325
509516.333800,6944466.132000,29.800000,325
509516.200500,6944466.035000,29.795964,325
509515.796300,6944465.740000,29.785596,325
509515.392200,6944465.446000,29.775227,325
509514.988100,6944465.151000,29.764578,325
509514.583900,6944464.857000,29.753666,325
509514.179800,6944464.563000,29.742754,325
509513.775600,6944464.268000,29.727531,325
509513.371500,6944463.974000,29.695779,325
509512.563200,6944463.385000,29.632276,325
509512.159000,6944463.091000,29.555222,325
509511.754900,6944462.796000,29.472941,325
509511.350700,6944462.502000,29.390773,325
509511.070700,6944462.298000,29.300000,325
509510.946600,6944462.208000,29.259311,325
509510.542400,6944461.913000,29.105873,325
509510.138300,6944461.619000,28.942345,325
509509.824200,6944461.390000,28.800000,325
509509.734200,6944461.324000,28.770329,325
509509.330000,6944461.030000,28.642459,325
509508.925900,6944460.736000,28.508666,325
509508.521700,6944460.441000,28.374732,325
509508.221400,6944460.222000,28.300000,325
509508.117600,6944460.147000,28.274108,325
509507.713400,6944459.852000,28.175657,325
509507.309300,6944459.558000,28.077020,325
509506.905100,6944459.264000,27.994694,325
509506.501000,6944458.969000,27.919716,325
509506.096800,6944458.675000,27.845108,325
509505.834800,6944458.484000,27.800000,325
509505.692700,6944458.380000,27.780653,325
509505.288500,6944458.086000,27.733308,325
509504.884400,6944457.792000,27.686135,325
509504.480300,6944457.497000,27.639942,325
509504.076100,6944457.203000,27.609739,325
509503.672000,6944456.909000,27.579671,325
509503.267800,6944456.614000,27.549719,325
509502.863700,6944456.320000,27.534634,325
509502.459500,6944456.025000,27.525233,325
509502.055400,6944455.731000,27.515868,325
509501.651200,6944455.437000,27.509743,325
509501.247100,6944455.142000,27.508176,325
509500.842900,6944454.848000,27.506606,325
509500.438800,6944454.553000,27.503461,325
509500.034600,6944454.259000,27.486689,325
509499.630500,6944453.965000,27.469884,325
509499.226400,6944453.670000,27.453120,325
509498.822200,6944453.376000,27.410378,325
509498.418100,6944453.081000,27.360647,325
509498.013900,6944452.787000,27.310838,325
509497.945900,6944452.737000,27.300000,325
509497.609800,6944452.493000,27.250559,325
509497.205600,6944452.198000,27.176229,325
509496.801500,6944451.904000,27.101906,325
509496.397300,6944451.609000,27.025542,325
509495.993200,6944451.315000,26.939365,325
509495.589000,6944451.021000,26.853179,325
509495.338200,6944450.838000,26.800000,325
509495.184900,6944450.726000,26.769527,325
509494.780700,6944450.432000,26.696286,325
509494.376600,6944450.138000,26.625152,325
509493.972500,6944449.843000,26.554182,325
509493.568300,6944449.549000,26.489958,325
509493.164200,6944449.254000,26.431714,325
509492.760000,6944448.960000,26.373024,325
509492.355900,6944448.666000,26.313932,325
509492.256600,6944448.593000,26.300000,325
509491.951700,6944448.371000,26.262278,325
509491.547600,6944448.077000,26.212543,325
509491.143400,6944447.782000,26.162810,325
509490.739300,6944447.488000,26.103290,325
509489.931000,6944446.899000,25.982806,325
509489.526800,6944446.605000,25.919185,325
509489.122700,6944446.310000,25.853499,325
509488.792700,6944446.070000,25.800000,325
509488.718600,6944446.016000,25.787985,325
509488.314400,6944445.722000,25.729468,325
509487.910300,6944445.427000,25.685276,325
509487.506100,6944445.133000,25.641187,325
509487.102000,6944444.838000,25.596746,325
509525.900000,6944473.100000,31.054713,325
509525.495900,6944472.806000,31.013405,325
509505.692700,6944458.380000,34.300000,325
509505.695900,6944458.383000,34.303949,325
509505.696300,6944458.383000,34.300000,325
509506.096800,6944458.675000,33.840482,325
509506.133100,6944458.701000,33.800000,325
509506.501000,6944458.969000,33.498761,325
509506.763200,6944459.160000,33.300000,325
509506.905100,6944459.264000,33.240664,325
509507.309300,6944459.558000,33.100355,325
509507.713400,6944459.852000,33.052637,325
509508.117600,6944460.147000,33.008200,325
509508.521700,6944460.441000,32.972006,325
509508.925900,6944460.736000,33.156259,325
509509.227600,6944460.955000,33.300000,325
509509.330000,6944461.030000,33.386507,325
509509.734200,6944461.324000,33.732838,325
509509.777800,6944461.356000,33.800000,325
509510.020500,6944461.533000,34.300000,325
509509.980200,6944461.504000,34.800000,325
509525.091700,6944472.511000,30.856433,330
509524.687600,6944472.217000,30.812953,330
509524.608600,6944472.159000,30.800000,330
509524.283400,6944471.922000,30.747808,330
509523.879300,6944471.628000,30.673059,330
509523.475100,6944471.334000,30.598310,330
509523.071000,6944471.039000,30.520725,330
509522.666800,6944470.745000,30.438502,330
509522.262700,6944470.450000,30.356278,330
509521.982200,6944470.246000,30.300000,330
509521.858500,6944470.156000,30.275494,330
509521.454400,6944469.862000,30.209235,330
509521.050200,6944469.567000,30.143914,330
509520.646100,6944469.273000,30.078476,330
509520.242000,6944468.979000,30.025049,330
509519.837800,6944468.684000,29.975535,330
509519.433700,6944468.390000,29.925726,330
509519.029500,6944468.095000,29.881400,330
509518.625400,6944467.801000,29.844311,330
509518.221200,6944467.507000,29.807019,330
509518.142200,6944467.449000,29.800000,330
509517.817100,6944467.212000,29.774671,330
509517.412900,6944466.918000,29.754409,330
509517.008800,6944466.623000,29.734147,330
509516.604600,6944466.329000,29.713885,330
509516.200500,6944466.035000,29.702268,330
509515.392200,6944465.446000,29.682639,330
509514.988100,6944465.151000,29.671970,330
509514.179800,6944464.563000,29.649039,330
509513.775600,6944464.268000,29.632811,330
509513.371500,6944463.974000,29.598327,330
509512.563200,6944463.385000,29.529360,330
509512.159000,6944463.091000,29.445681,330
509511.754900,6944462.796000,29.356326,330
509511.494600,6944462.607000,29.300000,330
509511.350700,6944462.502000,29.267956,330
509510.946600,6944462.208000,29.134091,330
509510.542400,6944461.913000,28.973282,330
509510.152100,6944461.629000,28.800000,330
509510.138300,6944461.619000,28.795138,330
509509.734200,6944461.324000,28.661835,330
509509.330000,6944461.030000,28.529797,330
509508.925900,6944460.736000,28.393349,330
509508.646200,6944460.532000,28.300000,330
509508.521700,6944460.441000,28.258598,330
509508.117600,6944460.147000,28.157047,330
509507.713400,6944459.852000,28.055237,330
509507.309300,6944459.558000,27.953594,330
509506.905100,6944459.264000,27.869119,330
509506.542800,6944459.000000,27.800000,330
509506.501000,6944458.969000,27.793581,330
509506.096800,6944458.675000,27.733432,330
509505.692700,6944458.380000,27.677911,330
509505.288500,6944458.086000,27.630391,330
509504.884400,6944457.792000,27.582985,330
509504.480300,6944457.497000,27.536429,330
509504.076100,6944457.203000,27.506500,330
509503.672000,6944456.909000,27.476649,330
509503.267800,6944456.614000,27.446843,330
509502.863700,6944456.320000,27.431934,330
509502.459500,6944456.025000,27.422716,330
509502.055400,6944455.731000,27.413505,330
509501.651200,6944455.437000,27.407268,330
509501.247100,6944455.142000,27.405238,330
509500.842900,6944454.848000,27.403204,330
509500.438800,6944454.553000,27.399487,330
509500.034600,6944454.259000,27.381226,330
509499.630500,6944453.965000,27.362926,330
509499.226400,6944453.670000,27.344606,330
509498.825500,6944453.378000,27.300000,330
509498.822200,6944453.376000,27.299666,330
509498.013900,6944452.787000,27.205205,330
509497.609800,6944452.493000,27.143926,330
509497.205600,6944452.198000,27.067514,330
509496.801500,6944451.904000,26.991128,330
509496.397300,6944451.609000,26.912744,330
509495.993200,6944451.315000,26.824747,330
509495.878200,6944451.231000,26.800000,330
509495.589000,6944451.021000,26.741477,330
509495.184900,6944450.726000,26.660327,330
509494.780700,6944450.432000,26.586492,330
509494.376600,6944450.138000,26.514458,330
509493.972500,6944449.843000,26.442036,330
509493.568300,6944449.549000,26.376093,330
509493.164200,6944449.254000,26.315921,330
509493.057200,6944449.176000,26.300000,330
509492.760000,6944448.960000,26.260730,330
509492.355900,6944448.666000,26.207766,330
509491.951700,6944448.371000,26.155731,330
509491.547600,6944448.077000,26.103695,330
509491.143400,6944447.782000,26.051662,330
509490.739300,6944447.488000,25.989617,330
509490.335100,6944447.194000,25.926832,330
509489.931000,6944446.899000,25.864047,330
509489.536300,6944446.612000,25.800000,330
509489.526800,6944446.605000,25.798466,330
509489.122700,6944446.310000,25.732089,330
509488.718600,6944446.016000,25.665721,330
509488.314400,6944445.722000,25.605737,330
509487.910300,6944445.427000,25.561163,330
509487.506100,6944445.133000,25.516671,330
509487.102000,6944444.838000,25.471539,330
509525.900000,6944473.100000,30.942509,330
509525.495900,6944472.806000,30.899518,330
509506.096800,6944458.675000,34.800000,330
509506.228200,6944458.771000,34.800000,330
509506.315800,6944458.834000,34.300000,330
509506.501000,6944458.969000,34.092944,330
509506.766900,6944459.163000,33.800000,330
509506.905100,6944459.264000,33.691694,330
509507.309300,6944459.558000,33.445618,330
509507.713400,6944459.852000,33.354645,330
509508.003600,6944460.064000,33.300000,330
509508.117600,6944460.147000,33.288126,330
509508.521700,6944460.441000,33.256763,330
509508.618100,6944460.511000,33.300000,330
509508.925900,6944460.736000,33.536098,330
509509.236200,6944460.962000,33.800000,330
509509.330000,6944461.030000,33.906696,330
509509.664700,6944461.274000,34.300000,330
509509.586200,6944461.217000,34.800000,330
509525.495900,6944472.806000,30.785979,335
509525.091700,6944472.511000,30.742311,335
509524.687600,6944472.217000,30.698643,335
509524.283400,6944471.922000,30.632285,335
509523.475100,6944471.334000,30.479146,335
509523.071000,6944471.039000,30.399965,335
509522.666800,6944470.745000,30.316509,335
509522.586200,6944470.686000,30.300000,335
509522.262700,6944470.450000,30.234381,335
509521.858500,6944470.156000,30.153723,335
509521.454400,6944469.862000,30.088957,335
509521.050200,6944469.567000,30.024412,335
509520.646100,6944469.273000,29.959105,335
509520.242000,6944468.979000,29.906797,335
509519.837800,6944468.684000,29.858569,335
509519.433700,6944468.390000,29.809790,335
509519.342700,6944468.323000,29.800000,335
509519.029500,6944468.095000,29.770049,335
509518.625400,6944467.801000,29.738284,335
509518.221200,6944467.507000,29.706519,335
509517.817100,6944467.212000,29.676515,335
509517.412900,6944466.918000,29.657514,335
509517.008800,6944466.623000,29.638514,335
509516.604600,6944466.329000,29.619513,335
509516.200500,6944466.035000,29.608573,335
509515.796300,6944465.740000,29.599312,335
509515.392200,6944465.446000,29.590050,335
509514.988100,6944465.151000,29.579362,335
509514.583900,6944464.857000,29.567343,335
509514.179800,6944464.563000,29.555323,335
509513.775600,6944464.268000,29.538091,335
509513.371500,6944463.974000,29.500875,335
509512.967300,6944463.679000,29.463660,335
509512.563200,6944463.385000,29.426444,335
509512.159000,6944463.091000,29.336140,335
509512.001600,6944462.976000,29.300000,335
509511.754900,6944462.796000,29.242517,335
509511.350700,6944462.502000,29.147956,335
509510.946600,6944462.208000,29.008871,335
509510.542400,6944461.913000,28.840691,335
509510.450800,6944461.846000,28.800000,335
509510.138300,6944461.619000,28.689810,335
509509.734200,6944461.324000,28.553341,335
509509.330000,6944461.030000,28.417135,335
509508.988400,6944460.781000,28.300000,335
509508.925900,6944460.736000,28.278721,335
509508.521700,6944460.441000,28.143705,335
509508.117600,6944460.147000,28.039986,335
509507.713400,6944459.852000,27.934818,335
509507.309300,6944459.558000,27.830167,335
509507.166900,6944459.454000,27.800000,335
509506.905100,6944459.264000,27.754789,335
509506.501000,6944458.969000,27.692506,335
509506.096800,6944458.675000,27.631468,335
509505.692700,6944458.380000,27.575170,335
509505.288500,6944458.086000,27.527474,335
509504.884400,6944457.792000,27.479835,335
509504.480300,6944457.497000,27.432915,335
509504.076100,6944457.203000,27.403261,335
509503.672000,6944456.909000,27.373626,335
509503.267800,6944456.614000,27.343966,335
509502.863700,6944456.320000,27.329235,335
509502.459500,6944456.025000,27.320198,335
509502.055400,6944455.731000,27.311143,335
509501.651200,6944455.437000,27.304793,335
509501.247100,6944455.142000,27.302301,335
509500.874900,6944454.871000,27.300000,335
509500.842900,6944454.848000,27.299818,335
509500.438800,6944454.553000,27.295901,335
509499.630500,6944453.965000,27.259862,335
509499.226400,6944453.670000,27.241843,335
509498.822200,6944453.376000,27.199064,335
509498.013900,6944452.787000,27.100589,335
509497.609800,6944452.493000,27.037293,335
509497.205600,6944452.198000,26.958799,335
509496.801500,6944451.904000,26.880350,335
509496.397600,6944451.610000,26.800000,335
509496.397300,6944451.609000,26.799949,335
509495.993200,6944451.315000,26.716277,335
509495.589000,6944451.021000,26.633758,335
509495.184900,6944450.726000,26.551127,335
509494.780700,6944450.432000,26.476699,335
509494.376600,6944450.138000,26.403763,335
509493.972500,6944449.843000,26.329889,335
509493.792400,6944449.712000,26.300000,335
509493.568300,6944449.549000,26.266617,335
509493.164200,6944449.254000,26.212248,335
509492.760000,6944448.960000,26.157879,335
509492.355900,6944448.666000,26.103519,335
509491.951700,6944448.371000,26.049183,335
509491.547600,6944448.077000,25.994848,335
509491.143400,6944447.782000,25.940514,335
509490.739300,6944447.488000,25.875944,335
509490.335100,6944447.194000,25.810616,335
509490.268300,6944447.145000,25.800000,335
509489.931000,6944446.899000,25.745909,335
509489.526800,6944446.605000,25.679055,335
509489.122700,6944446.310000,25.611423,335
509488.718600,6944446.016000,25.543458,335
509488.314400,6944445.722000,25.482006,335
509487.910300,6944445.427000,25.437050,335
509487.506100,6944445.133000,25.392155,335
509487.102000,6944444.838000,25.346333,335
509525.900000,6944473.100000,30.830305,335
509525.624500,6944472.899000,30.800000,335
509507.049000,6944459.368000,34.800000,335
509506.943000,6944459.291000,34.300000,335
509507.309300,6944459.558000,34.051388,335
509507.713400,6944459.852000,33.876309,335
509507.944600,6944460.021000,33.800000,335
509508.117600,6944460.147000,33.757144,335
509508.521700,6944460.441000,33.705892,335
509508.643100,6944460.530000,33.800000,335
509508.925900,6944460.736000,34.096944,335
509509.104400,6944460.866000,34.300000,335
509509.171400,6944460.914000,34.800000,335
509524.687600,6944472.217000,30.584797,340
509524.283400,6944471.922000,30.516762,340
509523.879300,6944471.628000,30.438372,340
509523.475100,6944471.334000,30.359983,340
509523.174000,6944471.114000,30.300000,340
509523.071000,6944471.039000,30.279006,340
509522.666800,6944470.745000,30.195795,340
509522.262700,6944470.450000,30.113599,340
509521.858500,6944470.156000,30.031953,340
509521.454400,6944469.862000,29.968680,340
509521.050200,6944469.567000,29.904910,340
509520.646100,6944469.273000,29.839734,340
509520.333100,6944469.045000,29.800000,340
509520.242000,6944468.979000,29.789504,340
509519.837800,6944468.684000,29.746805,340
509519.433700,6944468.390000,29.704106,340
509519.029500,6944468.095000,29.667041,340
509518.625400,6944467.801000,29.636910,340
509518.221200,6944467.507000,29.606780,340
509517.817100,6944467.212000,29.578358,340
509517.412900,6944466.918000,29.560620,340
509517.008800,6944466.623000,29.542881,340
509516.604600,6944466.329000,29.525142,340
509516.200500,6944466.035000,29.514878,340
509515.392200,6944465.446000,29.497462,340
509514.988100,6944465.151000,29.486755,340
509514.583900,6944464.857000,29.474181,340
509514.179800,6944464.563000,29.461608,340
509513.775600,6944464.268000,29.443371,340
509513.371500,6944463.974000,29.403423,340
509512.967300,6944463.679000,29.363476,340
509512.563200,6944463.385000,29.323528,340
509512.460400,6944463.310000,29.300000,340
509512.159000,6944463.091000,29.229278,340
509511.754900,6944462.796000,29.131329,340
509511.350700,6944462.502000,29.027956,340
509510.946600,6944462.208000,28.883651,340
509510.748200,6944462.063000,28.800000,340
509510.542400,6944461.913000,28.728109,340
509510.138300,6944461.619000,28.584482,340
509509.734200,6944461.324000,28.444847,340
509509.330000,6944461.030000,28.304473,340
509509.317000,6944461.020000,28.300000,340
509508.925900,6944460.736000,28.167024,340
509508.521700,6944460.441000,28.028812,340
509508.117600,6944460.147000,27.922924,340
509507.713400,6944459.852000,27.814398,340
509507.658200,6944459.812000,27.800000,340
509507.309300,6944459.558000,27.724773,340
509506.905100,6944459.264000,27.654225,340
509506.501000,6944458.969000,27.591431,340
509506.096800,6944458.675000,27.529504,340
509505.692700,6944458.380000,27.472429,340
509505.288500,6944458.086000,27.424557,340
509504.884400,6944457.792000,27.376685,340
509504.480300,6944457.497000,27.329402,340
509504.076100,6944457.203000,27.300021,340
509504.075800,6944457.203000,27.300000,340
509503.672000,6944456.909000,27.272839,340
509503.267800,6944456.614000,27.245657,340
509502.863700,6944456.320000,27.232317,340
509502.055400,6944455.731000,27.216182,340
509501.651200,6944455.437000,27.210384,340
509501.247100,6944455.142000,27.207800,340
509500.842900,6944454.848000,27.205216,340
509500.438800,6944454.553000,27.200906,340
509499.630500,6944453.965000,27.162363,340
509499.226400,6944453.670000,27.143092,340
509498.822200,6944453.376000,27.098462,340
509498.418100,6944453.081000,27.047217,340
509498.013900,6944452.787000,26.995972,340
509497.609800,6944452.493000,26.930659,340
509497.205600,6944452.198000,26.850085,340
509496.952400,6944452.014000,26.800000,340
509496.801500,6944451.904000,26.771225,340
509496.397300,6944451.609000,26.693579,340
509495.993200,6944451.315000,26.609499,340
509495.589000,6944451.021000,26.526038,340
509495.184900,6944450.726000,26.441927,340
509494.780700,6944450.432000,26.366905,340
509494.414300,6944450.165000,26.300000,340
509494.376600,6944450.138000,26.293745,340
509493.972500,6944449.843000,26.226665,340
509493.568300,6944449.549000,26.165986,340
509493.164200,6944449.254000,26.110507,340
509492.760000,6944448.960000,26.055029,340
509492.355900,6944448.666000,25.999271,340
509491.951700,6944448.371000,25.942636,340
509491.547600,6944448.077000,25.886001,340
509491.143400,6944447.782000,25.829366,340
509490.964300,6944447.652000,25.800000,340
509490.739300,6944447.488000,25.762636,340
509490.335100,6944447.194000,25.695812,340
509489.931000,6944446.899000,25.628497,340
509489.526800,6944446.605000,25.559645,340
509489.122700,6944446.310000,25.490758,340
509488.718600,6944446.016000,25.421194,340
509488.314400,6944445.722000,25.358275,340
509487.910300,6944445.427000,25.312936,340
509487.794600,6944445.343000,25.300000,340
509487.506100,6944445.133000,25.270063,340
509487.102000,6944444.838000,25.227508,340
509525.900000,6944473.100000,30.719880,340
509525.495900,6944472.806000,30.674852,340
509525.900000,6944473.100000,30.610114,345
509524.687600,6944472.217000,30.470951,345
509524.283400,6944471.922000,30.401238,345
509523.879300,6944471.628000,30.321029,345
509523.772100,6944471.550000,30.300000,345
509523.475100,6944471.334000,30.239666,345
509523.071000,6944471.039000,30.157093,345
509522.666800,6944470.745000,30.075282,345
509522.262700,6944470.450000,29.992818,345
509521.858500,6944470.156000,29.910183,345
509521.454400,6944469.862000,29.848403,345
509521.144300,6944469.636000,29.800000,345
509521.050200,6944469.567000,29.786256,345
509520.646100,6944469.273000,29.726452,345
509520.242000,6944468.979000,29.681149,345
509519.433700,6944468.390000,29.599367,345
509519.029500,6944468.095000,29.564032,345
509518.221200,6944467.507000,29.507040,345
509517.817100,6944467.212000,29.480202,345
509516.604600,6944466.329000,29.430771,345
509516.200500,6944466.035000,29.421182,345
509515.392200,6944465.446000,29.404874,345
509514.988100,6944465.151000,29.394147,345
509514.179800,6944464.563000,29.367892,345
509513.775600,6944464.268000,29.348651,345
509513.371500,6944463.974000,29.305971,345
509513.313600,6944463.932000,29.300000,345
509512.967300,6944463.679000,29.263644,345
509512.563200,6944463.385000,29.220969,345
509512.159000,6944463.091000,29.123734,345
509511.754900,6944462.796000,29.020142,345
509511.350700,6944462.502000,28.907957,345
509511.055500,6944462.287000,28.800000,345
509510.946600,6944462.208000,28.766456,345
509510.542400,6944461.913000,28.624386,345
509510.138300,6944461.619000,28.479154,345
509509.734200,6944461.324000,28.336353,345
509509.629600,6944461.248000,28.300000,345
509509.330000,6944461.030000,28.196268,345
509508.925900,6944460.736000,28.055327,345
509508.521700,6944460.441000,27.913918,345
509508.117600,6944460.147000,27.805863,345
509508.095800,6944460.131000,27.800000,345
509507.713400,6944459.852000,27.713389,345
509507.309300,6944459.558000,27.625212,345
509506.905100,6944459.264000,27.553661,345
509506.501000,6944458.969000,27.490357,345
509506.096800,6944458.675000,27.427539,345
509505.692700,6944458.380000,27.369687,345
509505.288500,6944458.086000,27.321641,345
509505.106500,6944457.953000,27.300000,345
509504.884400,6944457.792000,27.275457,345
509504.480300,6944457.497000,27.231435,345
509503.267800,6944456.614000,27.150758,345
509502.863700,6944456.320000,27.137700,345
509502.055400,6944455.731000,27.122125,345
509501.651200,6944455.437000,27.116370,345
509500.842900,6944454.848000,27.110614,345
509500.438800,6944454.553000,27.105911,345
509499.226400,6944453.670000,27.044341,345
509498.822200,6944453.376000,26.997860,345
509498.013900,6944452.787000,26.891355,345
509497.609800,6944452.493000,26.824026,345
509497.490700,6944452.406000,26.800000,345
509497.205600,6944452.198000,26.744346,345
509496.801500,6944451.904000,26.666463,345
509496.397300,6944451.609000,26.587210,345
509495.993200,6944451.315000,26.502722,345
509495.589000,6944451.021000,26.418318,345
509495.184900,6944450.726000,26.332726,345
509495.009400,6944450.598000,26.300000,345
509494.780700,6944450.432000,26.261010,345
509493.972500,6944449.843000,26.126683,345
509493.568300,6944449.549000,26.065354,345
509492.760000,6944448.960000,25.952178,345
509492.355900,6944448.666000,25.895024,345
509491.951700,6944448.371000,25.836089,345
509491.702200,6944448.189000,25.800000,345
509491.547600,6944448.077000,25.777387,345
509491.143400,6944447.782000,25.718799,345
509490.739300,6944447.488000,25.650063,345
509490.335100,6944447.194000,25.581149,345
509489.931000,6944446.899000,25.511085,345
509489.526800,6944446.605000,25.440234,345
509489.122700,6944446.310000,25.370092,345
509488.724500,6944446.020000,25.300000,345
509488.718600,6944446.016000,25.298996,345
509488.314400,6944445.722000,25.239065,345
509487.910300,6944445.427000,25.196853,345
509487.506100,6944445.133000,25.154874,345
509487.102000,6944444.838000,25.112430,345
509525.900000,6944473.100000,30.500347,350
509524.687600,6944472.217000,30.357105,350
509524.363300,6944471.981000,30.300000,350
509524.283400,6944471.922000,30.285095,350
509523.879300,6944471.628000,30.201335,350
509523.475100,6944471.334000,30.118179,350
509523.071000,6944471.039000,30.035181,350
509522.666800,6944470.745000,29.954768,350
509522.262700,6944470.450000,29.872036,350
509521.914100,6944470.197000,29.800000,350
509521.858500,6944470.156000,29.788846,350
509521.454400,6944469.862000,29.731338,350
509521.050200,6944469.567000,29.673702,350
509520.646100,6944469.273000,29.616208,350
509520.242000,6944468.979000,29.572793,350
509519.433700,6944468.390000,29.494628,350
509519.029500,6944468.095000,29.461024,350
509518.221200,6944467.507000,29.407301,350
509517.817100,6944467.212000,29.382046,350
509516.604600,6944466.329000,29.336400,350
509516.200500,6944466.035000,29.327487,350
509515.392200,6944465.446000,29.312285,350
509514.988100,6944465.151000,29.301539,350
509514.942300,6944465.118000,29.300000,350
509514.583900,6944464.857000,29.287853,350
509514.179800,6944464.563000,29.274178,350
509513.775600,6944464.268000,29.254023,350
509513.371500,6944463.974000,29.209337,350
509512.967300,6944463.679000,29.164421,350
509512.563200,6944463.385000,29.118515,350
509512.159000,6944463.091000,29.018191,350
509511.754900,6944462.796000,28.908955,350
509511.388300,6944462.529000,28.800000,350
509511.350700,6944462.502000,28.790123,350
509510.946600,6944462.208000,28.665408,350
509510.542400,6944461.913000,28.520664,350
509510.138300,6944461.619000,28.373826,350
509509.930900,6944461.468000,28.300000,350
509509.734200,6944461.324000,28.229553,350
509509.330000,6944461.030000,28.088247,350
509508.925900,6944460.736000,27.943629,350
509508.524400,6944460.443000,27.800000,350
509508.521700,6944460.441000,27.799170,350
509508.117600,6944460.147000,27.706727,350
509507.713400,6944459.852000,27.615017,350
509507.309300,6944459.558000,27.525650,350
509506.905100,6944459.264000,27.453097,350
509506.501000,6944458.969000,27.389282,350
509506.096800,6944458.675000,27.325575,350
509505.919800,6944458.546000,27.300000,350
509505.692700,6944458.380000,27.269300,350
509504.884400,6944457.792000,27.179796,350
509504.480300,6944457.497000,27.135669,350
509503.267800,6944456.614000,27.055859,350
509502.863700,6944456.320000,27.043083,350
509502.055400,6944455.731000,27.028069,350
509501.651200,6944455.437000,27.022356,350
509500.842900,6944454.848000,27.016013,350
509500.438800,6944454.553000,27.010916,350
509499.226400,6944453.670000,26.945590,350
509498.822200,6944453.376000,26.897258,350
509498.418100,6944453.081000,26.841998,350
509498.109500,6944452.857000,26.800000,350
509498.013900,6944452.787000,26.787259,350
509497.609800,6944452.493000,26.721008,350
509497.205600,6944452.198000,26.641150,350
509496.801500,6944451.904000,26.561701,350
509496.397300,6944451.609000,26.480840,350
509495.993200,6944451.315000,26.395944,350
509495.589000,6944451.021000,26.310598,350
509495.539300,6944450.984000,26.300000,350
509495.184900,6944450.726000,26.230157,350
509494.780700,6944450.432000,26.161194,350
509493.972500,6944449.843000,26.026701,350
509493.568300,6944449.549000,25.964723,350
509492.760000,6944448.960000,25.849328,350
509492.418800,6944448.711000,25.800000,350
509492.355900,6944448.666000,25.790824,350
509491.951700,6944448.371000,25.730115,350
509491.547600,6944448.077000,25.669655,350
509491.143400,6944447.782000,25.608441,350
509490.739300,6944447.488000,25.537490,350
509490.335100,6944447.194000,25.466487,350
509489.931000,6944446.899000,25.393674,350
509489.526800,6944446.605000,25.320824,350
509489.408100,6944446.518000,25.300000,350
509489.122700,6944446.310000,25.252254,350
509488.718600,6944446.016000,25.184247,350
509488.314400,6944445.722000,25.123880,350
509487.910300,6944445.427000,25.081705,350
509487.506100,6944445.133000,25.039686,350
509487.102000,6944444.838000,24.997353,350
509525.153900,6944472.557000,30.300000,355
509525.091700,6944472.511000,30.291837,355
509524.687600,6944472.217000,30.239471,355
509524.283400,6944471.922000,30.164558,355
509523.879300,6944471.628000,30.081128,355
509523.475100,6944471.334000,29.996693,355
509523.071000,6944471.039000,29.913268,355
509522.666800,6944470.745000,29.834254,355
509522.499800,6944470.623000,29.800000,355
509522.262700,6944470.450000,29.751519,355
509521.858500,6944470.156000,29.671638,355
509521.454400,6944469.862000,29.616438,355
509521.050200,6944469.567000,29.561149,355
509520.646100,6944469.273000,29.505963,355
509520.242000,6944468.979000,29.464437,355
509519.433700,6944468.390000,29.389890,355
509519.029500,6944468.095000,29.358016,355
509518.221200,6944467.507000,29.307562,355
509518.093500,6944467.414000,29.300000,355
509517.817100,6944467.212000,29.283846,355
509517.412900,6944466.918000,29.269837,355
509517.008800,6944466.623000,29.255818,355
509516.604600,6944466.329000,29.241797,355
509516.200500,6944466.035000,29.233542,355
509515.796300,6944465.740000,29.226491,355
509515.392200,6944465.446000,29.219445,355
509514.988100,6944465.151000,29.208749,355
509514.583900,6944464.857000,29.194648,355
509514.179800,6944464.563000,29.180468,355
509513.775600,6944464.268000,29.159492,355
509513.371500,6944463.974000,29.112755,355
509512.967300,6944463.679000,29.065198,355
509512.563200,6944463.385000,29.016062,355
509512.159000,6944463.091000,28.912648,355
509511.762300,6944462.802000,28.800000,355
509511.754900,6944462.796000,28.798044,355
509511.350700,6944462.502000,28.691703,355
509510.946600,6944462.208000,28.564360,355
509510.542400,6944461.913000,28.416941,355
509510.223000,6944461.680000,28.300000,355
509510.138300,6944461.619000,28.268929,355
509509.734200,6944461.324000,28.123606,355
509509.330000,6944461.030000,27.980226,355
509508.925900,6944460.736000,27.831932,355
509508.836600,6944460.671000,27.800000,355
509508.521700,6944460.441000,27.701319,355
509508.117600,6944460.147000,27.608535,355
509507.713400,6944459.852000,27.516644,355
509507.309300,6944459.558000,27.426089,355
509506.905100,6944459.264000,27.352533,355
509506.574800,6944459.023000,27.300000,355
509506.501000,6944458.969000,27.288965,355
509506.096800,6944458.675000,27.228781,355
509505.692700,6944458.380000,27.173878,355
509504.884400,6944457.792000,27.084135,355
509504.480300,6944457.497000,27.039903,355
509503.267800,6944456.614000,26.960959,355
509502.863700,6944456.320000,26.948467,355
509502.055400,6944455.731000,26.934012,355
509501.651200,6944455.437000,26.928342,355
509500.842900,6944454.848000,26.921411,355
509500.438800,6944454.553000,26.915921,355
509499.226400,6944453.670000,26.846840,355
509498.848700,6944453.395000,26.800000,355
509498.822200,6944453.376000,26.796771,355
509498.418100,6944453.081000,26.741661,355
509498.013900,6944452.787000,26.686754,355
509497.609800,6944452.493000,26.619041,355
509497.205600,6944452.198000,26.537953,355
509496.801500,6944451.904000,26.456939,355
509496.397300,6944451.609000,26.374471,355
509496.044300,6944451.352000,26.300000,355
509495.993200,6944451.315000,26.289899,355
509495.589000,6944451.021000,26.210160,355
509495.184900,6944450.726000,26.130424,355
509494.780700,6944450.432000,26.061379,355
509493.972500,6944449.843000,25.926719,355
509493.568300,6944449.549000,25.864091,355
509493.164200,6944449.254000,25.805284,355
509493.127500,6944449.228000,25.800000,355
509492.760000,6944448.960000,25.746763,355
509492.355900,6944448.666000,25.687109,355
509491.951700,6944448.371000,25.624434,355
509491.547600,6944448.077000,25.561922,355
509491.143400,6944447.782000,25.498083,355
509490.739300,6944447.488000,25.424918,355
509490.335100,6944447.194000,25.351824,355
509490.055900,6944446.990000,25.300000,355
509489.931000,6944446.899000,25.277368,355
509489.526800,6944446.605000,25.206736,355
509489.122700,6944446.310000,25.138337,355
509488.718600,6944446.016000,25.069497,355
509488.314400,6944445.722000,25.008695,355
509487.910300,6944445.427000,24.966556,355
509487.506100,6944445.133000,24.924498,355
509487.102000,6944444.838000,24.882276,355
509525.900000,6944473.100000,30.390581,355
509525.495900,6944472.806000,30.341474,355
509525.091700,6944472.511000,30.171542,360
509524.687600,6944472.217000,30.118025,360
509524.283400,6944471.922000,30.044021,360
509523.879300,6944471.628000,29.960921,360
509523.475100,6944471.334000,29.875207,360
509523.112500,6944471.070000,29.800000,360
509523.071000,6944471.039000,29.791008,360
509522.666800,6944470.745000,29.711538,360
509522.262700,6944470.450000,29.631395,360
509521.858500,6944470.156000,29.554430,360
509521.454400,6944469.862000,29.501538,360
509521.050200,6944469.567000,29.448595,360
509520.646100,6944469.273000,29.395719,360
509520.242000,6944468.979000,29.356082,360
509519.837800,6944468.684000,29.320616,360
509519.604600,6944468.514000,29.300000,360
509519.433700,6944468.390000,29.285107,360
509519.029500,6944468.095000,29.254876,360
509518.625400,6944467.801000,29.231201,360
509518.221200,6944467.507000,29.207567,360
509517.817100,6944467.212000,29.185427,360
509517.412900,6944466.918000,29.172622,360
509517.008800,6944466.623000,29.159827,360
509516.604600,6944466.329000,29.147048,360
509516.200500,6944466.035000,29.139493,360
509515.796300,6944465.740000,29.133028,360
509515.392200,6944465.446000,29.126566,360
509514.988100,6944465.151000,29.115955,360
509514.583900,6944464.857000,29.101443,360
509514.179800,6944464.563000,29.086757,360
509513.775600,6944464.268000,29.064961,360
509513.371500,6944463.974000,29.016174,360
509512.967300,6944463.679000,28.965975,360
509512.563200,6944463.385000,28.913608,360
509512.159000,6944463.091000,28.807104,360
509512.134000,6944463.072000,28.800000,360
509511.754900,6944462.796000,28.700605,360
509511.350700,6944462.502000,28.593284,360
509510.946600,6944462.208000,28.463312,360
509510.542400,6944461.913000,28.313218,360
509510.506300,6944461.887000,28.300000,360
509510.138300,6944461.619000,28.165045,360
509509.734200,6944461.324000,28.017660,360
509509.330000,6944461.030000,27.872206,360
509509.134600,6944460.888000,27.800000,360
509508.925900,6944460.736000,27.731256,360
509508.521700,6944460.441000,27.603469,360
509508.117600,6944460.147000,27.510344,360
509507.713400,6944459.852000,27.418271,360
509507.309300,6944459.558000,27.326528,360
509507.164600,6944459.453000,27.300000,360
509506.905100,6944459.264000,27.255063,360
509506.096800,6944458.675000,27.133719,360
509505.692700,6944458.380000,27.078455,360
509504.884400,6944457.792000,26.988474,360
509504.480300,6944457.497000,26.944137,360
509503.267800,6944456.614000,26.866060,360
509502.863700,6944456.320000,26.853850,360
509502.055400,6944455.731000,26.839956,360
509501.651200,6944455.437000,26.834328,360
509500.842900,6944454.848000,26.826809,360
509500.438800,6944454.553000,26.820927,360
509500.089800,6944454.299000,26.800000,360
509500.034600,6944454.259000,26.796740,360
509499.630500,6944453.965000,26.773174,360
509499.226400,6944453.670000,26.749662,360
509498.822200,6944453.376000,26.699611,360
509498.418100,6944453.081000,26.642897,360
509498.013900,6944452.787000,26.586248,360
509497.609800,6944452.493000,26.517074,360
509497.205600,6944452.198000,26.434757,360
509496.801500,6944451.904000,26.352177,360
509496.549200,6944451.720000,26.300000,360
509496.397300,6944451.609000,26.270171,360
509495.589000,6944451.021000,26.110517,360
509495.184900,6944450.726000,26.030692,360
509494.780700,6944450.432000,25.961564,360
509493.972500,6944449.843000,25.826737,360
509493.801000,6944449.718000,25.800000,360
509493.568300,6944449.549000,25.763546,360
509493.164200,6944449.254000,25.704016,360
509492.760000,6944448.960000,25.644462,360
509492.355900,6944448.666000,25.583395,360
509491.951700,6944448.371000,25.518754,360
509491.547600,6944448.077000,25.454190,360
509491.143400,6944447.782000,25.387725,360
509490.739300,6944447.488000,25.312345,360
509490.671900,6944447.439000,25.300000,360
509490.335100,6944447.194000,25.239577,360
509489.931000,6944446.899000,25.165427,360
509489.526800,6944446.605000,25.093772,360
509489.122700,6944446.310000,25.024419,360
509488.718600,6944446.016000,24.954747,360
509488.314400,6944445.722000,24.893511,360
509487.910300,6944445.427000,24.851407,360
509487.506100,6944445.133000,24.809309,360
509487.416800,6944445.068000,24.800000,360
509487.102000,6944444.838000,24.767195,360
509525.900000,6944473.100000,30.278956,360
509525.495900,6944472.806000,30.224804,360
509525.091700,6944472.511000,30.051248,365
509524.687600,6944472.217000,29.996578,365
509524.283400,6944471.922000,29.923484,365
509523.879300,6944471.628000,29.840714,365
509523.689100,6944471.489000,29.800000,365
509523.475100,6944471.334000,29.750508,365
509523.071000,6944471.039000,29.664194,365
509522.666800,6944470.745000,29.587946,365
509522.262700,6944470.450000,29.511270,365
509521.858500,6944470.156000,29.437222,365
509521.454400,6944469.862000,29.386637,365
509521.050200,6944469.567000,29.336041,365
509520.763900,6944469.359000,29.300000,365
509520.646100,6944469.273000,29.285435,365
509520.242000,6944468.979000,29.247598,365
509519.837800,6944468.684000,29.213826,365
509519.433700,6944468.390000,29.180058,365
509519.029500,6944468.095000,29.151566,365
509518.625400,6944467.801000,29.129512,365
509518.221200,6944467.507000,29.107551,365
509517.817100,6944467.212000,29.087008,365
509517.412900,6944466.918000,29.075408,365
509517.008800,6944466.623000,29.063836,365
509516.604600,6944466.329000,29.052298,365
509516.200500,6944466.035000,29.045444,365
509515.796300,6944465.740000,29.039564,365
509515.392200,6944465.446000,29.033687,365
509514.988100,6944465.151000,29.023162,365
509514.583900,6944464.857000,29.008239,365
509514.179800,6944464.563000,28.993047,365
509513.775600,6944464.268000,28.970429,365
509513.371500,6944463.974000,28.919592,365
509512.967300,6944463.679000,28.866752,365
509512.563200,6944463.385000,28.811154,365
509512.520900,6944463.354000,28.800000,365
509512.159000,6944463.091000,28.710363,365
509511.754900,6944462.796000,28.603166,365
509511.350700,6944462.502000,28.494865,365
509510.946600,6944462.208000,28.362264,365
509510.779300,6944462.086000,28.300000,365
509510.542400,6944461.913000,28.211938,365
509510.138300,6944461.619000,28.061161,365
509509.734200,6944461.324000,27.911713,365
509509.426700,6944461.100000,27.800000,365
509509.330000,6944461.030000,27.767909,365
509508.925900,6944460.736000,27.634992,365
509508.521700,6944460.441000,27.505619,365
509508.117600,6944460.147000,27.412153,365
509507.713400,6944459.852000,27.319898,365
509507.626100,6944459.789000,27.300000,365
509507.309300,6944459.558000,27.231269,365
509506.905100,6944459.264000,27.160977,365
509506.096800,6944458.675000,27.038657,365
509505.692700,6944458.380000,26.983032,365
509504.884400,6944457.792000,26.892813,365
509504.480300,6944457.497000,26.848371,365
509504.076100,6944457.203000,26.822634,365
509503.720800,6944456.944000,26.800000,365
509503.672000,6944456.909000,26.796966,365
509503.267800,6944456.614000,26.771807,365
509502.863700,6944456.320000,26.760156,365
509502.459500,6944456.025000,26.753651,365
509502.055400,6944455.731000,26.747148,365
509501.651200,6944455.437000,26.741716,365
509501.247100,6944455.142000,26.737802,365
509500.842900,6944454.848000,26.733891,365
509500.438800,6944454.553000,26.727831,365
509500.034600,6944454.259000,26.703149,365
509499.630500,6944453.965000,26.678517,365
509499.226400,6944453.670000,26.653905,365
509498.822200,6944453.376000,26.602452,365
509498.418100,6944453.081000,26.544134,365
509498.013900,6944452.787000,26.485743,365
509497.609800,6944452.493000,26.415108,365
509497.205600,6944452.198000,26.331560,365
509497.052600,6944452.087000,26.300000,365
509496.801500,6944451.904000,26.250429,365
509496.397300,6944451.609000,26.170703,365
509495.589000,6944451.021000,26.010873,365
509495.184900,6944450.726000,25.930959,365
509494.780700,6944450.432000,25.861748,365
509494.411000,6944450.163000,25.800000,365
509494.376600,6944450.138000,25.794252,365
509493.972500,6944449.843000,25.726759,365
509493.568300,6944449.549000,25.663153,365
509493.164200,6944449.254000,25.602774,365
509492.760000,6944448.960000,25.542162,365
509492.355900,6944448.666000,25.479680,365
509491.951700,6944448.371000,25.413073,365
509491.547600,6944448.077000,25.346457,365
509491.273700,6944447.877000,25.300000,365
509491.143400,6944447.782000,25.278208,365
509490.739300,6944447.488000,25.203736,365
509490.335100,6944447.194000,25.129322,365
509489.931000,6944446.899000,25.053487,365
509489.526800,6944446.605000,24.980809,365
509489.122700,6944446.310000,24.910501,365
509488.718600,6944446.016000,24.839997,365
509488.456100,6944445.825000,24.800000,365
509488.314400,6944445.722000,24.778321,365
509487.910300,6944445.427000,24.736257,365
509487.506100,6944445.133000,24.694188,365
509487.102000,6944444.838000,24.652101,365
509525.900000,6944473.100000,30.158559,365
509525.495900,6944472.806000,30.104834,365
509525.091700,6944472.511000,29.930953,370
509524.687600,6944472.217000,29.875132,370
509524.283400,6944471.922000,29.802947,370
509524.269000,6944471.912000,29.800000,370
509523.879300,6944471.628000,29.711611,370
509523.475100,6944471.334000,29.620590,370
509523.071000,6944471.039000,29.537379,370
509522.666800,6944470.745000,29.464355,370
509522.262700,6944470.450000,29.391146,370
509521.858500,6944470.156000,29.320013,370
509521.692900,6944470.035000,29.300000,370
509521.454400,6944469.862000,29.271617,370
509521.050200,6944469.567000,29.223187,370
509520.646100,6944469.273000,29.174893,370
509520.242000,6944468.979000,29.138977,370
509519.837800,6944468.684000,29.106977,370
509519.433700,6944468.390000,29.075009,370
509519.029500,6944468.095000,29.048257,370
509518.625400,6944467.801000,29.027822,370
509518.221200,6944467.507000,29.007535,370
509517.817100,6944467.212000,28.988589,370
509517.412900,6944466.918000,28.978194,370
509517.008800,6944466.623000,28.967845,370
509516.604600,6944466.329000,28.957549,370
509516.200500,6944466.035000,28.951396,370
509515.796300,6944465.740000,28.946101,370
509515.392200,6944465.446000,28.940809,370
509514.988100,6944465.151000,28.930368,370
509514.583900,6944464.857000,28.915034,370
509514.179800,6944464.563000,28.899336,370
509513.775600,6944464.268000,28.875898,370
509513.371500,6944463.974000,28.823011,370
509513.201200,6944463.850000,28.800000,370
509512.967300,6944463.679000,28.769049,370
509512.563200,6944463.385000,28.715649,370
509512.159000,6944463.091000,28.614257,370
509511.754900,6944462.796000,28.505728,370
509511.350700,6944462.502000,28.396445,370
509511.060300,6944462.290000,28.300000,370
509510.946600,6944462.208000,28.262012,370
509510.542400,6944461.913000,28.111014,370
509510.138300,6944461.619000,27.957277,370
509509.734200,6944461.324000,27.805767,370
509509.718300,6944461.313000,27.800000,370
509509.330000,6944461.030000,27.671119,370
509508.925900,6944460.736000,27.538727,370
509508.521700,6944460.441000,27.407769,370
509508.117600,6944460.147000,27.313961,370
509508.056400,6944460.102000,27.300000,370
509507.713400,6944459.852000,27.225419,370
509507.309300,6944459.558000,27.137573,370
509506.905100,6944459.264000,27.066891,370
509506.096800,6944458.675000,26.943595,370
509505.692700,6944458.380000,26.887609,370
509505.288500,6944458.086000,26.842380,370
509504.909800,6944457.810000,26.800000,370
509504.884400,6944457.792000,26.797211,370
509504.480300,6944457.497000,26.753616,370
509504.076100,6944457.203000,26.728742,370
509503.672000,6944456.909000,26.703883,370
509503.267800,6944456.614000,26.679033,370
509502.863700,6944456.320000,26.667681,370
509502.459500,6944456.025000,26.661471,370
509502.055400,6944455.731000,26.655262,370
509501.651200,6944455.437000,26.649911,370
509501.247100,6944455.142000,26.645775,370
509500.842900,6944454.848000,26.641640,370
509500.438800,6944454.553000,26.635271,370
509500.034600,6944454.259000,26.609558,370
509499.630500,6944453.965000,26.583860,370
509499.226400,6944453.670000,26.558147,370
509498.822200,6944453.376000,26.505292,370
509498.418100,6944453.081000,26.445370,370
509498.013900,6944452.787000,26.385237,370
509497.609800,6944452.493000,26.313141,370
509497.546500,6944452.447000,26.300000,370
509497.205600,6944452.198000,26.232055,370
509496.801500,6944451.904000,26.151671,370
509496.397300,6944451.609000,26.071236,370
509495.589000,6944451.021000,25.911230,370
509495.184900,6944450.726000,25.831227,370
509495.002700,6944450.594000,25.800000,370
509494.780700,6944450.432000,25.761869,370
509494.376600,6944450.138000,25.694363,370
509493.972500,6944449.843000,25.626784,370
509493.568300,6944449.549000,25.562760,370
509493.164200,6944449.254000,25.501531,370
509492.760000,6944448.960000,25.439861,370
509492.355900,6944448.666000,25.375966,370
509491.951700,6944448.371000,25.307393,370
509491.907500,6944448.339000,25.300000,370
509491.547600,6944448.077000,25.240362,370
509491.143400,6944447.782000,25.171953,370
509490.739300,6944447.488000,25.095614,370
509490.335100,6944447.194000,25.019067,370
509489.931000,6944446.899000,24.941546,370
509489.526800,6944446.605000,24.867846,370
509489.141900,6944446.324000,24.800000,370
509489.122700,6944446.310000,24.796591,370
509488.718600,6944446.016000,24.725339,370
509488.314400,6944445.722000,24.663107,370
509487.910300,6944445.427000,24.621106,370
509487.506100,6944445.133000,24.579074,370
509487.102000,6944444.838000,24.537008,370
509525.900000,6944473.100000,30.038162,370
509525.495900,6944472.806000,29.984865,370
509525.091700,6944472.511000,29.810659,375
509525.015500,6944472.456000,29.800000,375
509524.687600,6944472.217000,29.746315,375
509524.283400,6944471.922000,29.665799,375
509523.879300,6944471.628000,29.577951,375
509523.475100,6944471.334000,29.490671,375
509523.071000,6944471.039000,29.410565,375
509522.666800,6944470.745000,29.340764,375
509522.433400,6944470.575000,29.300000,375
509522.262700,6944470.450000,29.270736,375
509521.858500,6944470.156000,29.202384,375
509521.454400,6944469.862000,29.156227,375
509521.050200,6944469.567000,29.110192,375
509520.646100,6944469.273000,29.064350,375
509520.242000,6944468.979000,29.030356,375
509519.837800,6944468.684000,29.000128,375
509519.433700,6944468.390000,28.969961,375
509519.029500,6944468.095000,28.944947,375
509518.625400,6944467.801000,28.926132,375
509518.221200,6944467.507000,28.907519,375
509517.817100,6944467.212000,28.890170,375
509517.412900,6944466.918000,28.880979,375
509517.008800,6944466.623000,28.871854,375
509516.604600,6944466.329000,28.862800,375
509516.200500,6944466.035000,28.857347,375
509515.796300,6944465.740000,28.852637,375
509515.392200,6944465.446000,28.847930,375
509514.988100,6944465.151000,28.837574,375
509514.583900,6944464.857000,28.821830,375
509514.179800,6944464.563000,28.805625,375
509514.085400,6944464.494000,28.800000,375
509513.775600,6944464.268000,28.781389,375
509513.371500,6944463.974000,28.728003,375
509512.967300,6944463.679000,28.674469,375
509512.563200,6944463.385000,28.620993,375
509512.159000,6944463.091000,28.518150,375
509511.754900,6944462.796000,28.408289,375
509511.357900,6944462.507000,28.300000,375
509511.350700,6944462.502000,28.298035,375
509510.946600,6944462.208000,28.163036,375
509510.542400,6944461.913000,28.010090,375
509510.138300,6944461.619000,27.853393,375
509509.996000,6944461.515000,27.800000,375
509509.734200,6944461.324000,27.707494,375
509509.330000,6944461.030000,27.574329,375
509508.925900,6944460.736000,27.442463,375
509508.521700,6944460.441000,27.309918,375
509508.479000,6944460.410000,27.300000,375
509508.117600,6944460.147000,27.219975,375
509507.309300,6944459.558000,27.043877,375
509506.905100,6944459.264000,26.972805,375
509506.096800,6944458.675000,26.848533,375
509505.748600,6944458.421000,26.800000,375
509505.692700,6944458.380000,26.792324,375
509505.288500,6944458.086000,26.747870,375
509504.884400,6944457.792000,26.703523,375
509504.480300,6944457.497000,26.659893,375
509504.076100,6944457.203000,26.635343,375
509503.672000,6944456.909000,26.610801,375
509503.267800,6944456.614000,26.586260,375
509502.863700,6944456.320000,26.575206,375
509502.459500,6944456.025000,26.569291,375
509502.055400,6944455.731000,26.563377,375
509501.651200,6944455.437000,26.558106,375
509501.247100,6944455.142000,26.553748,375
509500.842900,6944454.848000,26.549389,375
509500.438800,6944454.553000,26.542712,375
509500.034600,6944454.259000,26.515968,375
509499.630500,6944453.965000,26.489203,375
509499.226400,6944453.670000,26.462390,375
509498.822200,6944453.376000,26.408133,375
509498.418100,6944453.081000,26.346607,375
509498.112300,6944452.859000,26.300000,375
509498.013900,6944452.787000,26.285424,375
509497.609800,6944452.493000,26.215485,375
509497.205600,6944452.198000,26.134176,375
509496.801500,6944451.904000,26.052913,375
509496.397300,6944451.609000,25.971768,375
509495.589000,6944451.021000,25.811586,375
509495.530500,6944450.978000,25.800000,375
509495.184900,6944450.726000,25.731136,375
509494.780700,6944450.432000,25.661886,375
509494.376600,6944450.138000,25.594474,375
509493.972500,6944449.843000,25.526808,375
509493.568300,6944449.549000,25.462367,375
509493.164200,6944449.254000,25.400289,375
509492.760000,6944448.960000,25.337560,375
509492.526200,6944448.790000,25.300000,375
509492.355900,6944448.666000,25.272883,375
509491.951700,6944448.371000,25.204143,375
509491.547600,6944448.077000,25.135508,375
509491.143400,6944447.782000,25.065698,375
509490.739300,6944447.488000,24.987493,375
509490.335100,6944447.194000,24.908812,375
509489.931000,6944446.899000,24.829606,375
509489.770000,6944446.782000,24.800000,375
509489.526800,6944446.605000,24.754925,375
509489.122700,6944446.310000,24.682923,375
509488.718600,6944446.016000,24.610729,375
509488.314400,6944445.722000,24.547893,375
509487.910300,6944445.427000,24.505955,375
509487.506100,6944445.133000,24.463959,375
509487.102000,6944444.838000,24.421915,375
509525.900000,6944473.100000,29.917764,375
509525.495900,6944472.806000,29.864895,375
509525.091700,6944472.511000,29.669381,380
509524.687600,6944472.217000,29.605544,380
509524.283400,6944471.922000,29.528235,380
509523.879300,6944471.628000,29.444291,380
509523.475100,6944471.334000,29.360752,380
509523.157900,6944471.103000,29.300000,380
509523.071000,6944471.039000,29.283631,380
509522.666800,6944470.745000,29.216428,380
509522.262700,6944470.450000,29.149427,380
509521.858500,6944470.156000,29.084668,380
509521.454400,6944469.862000,29.040837,380
509521.050200,6944469.567000,28.997198,380
509520.646100,6944469.273000,28.953808,380
509520.242000,6944468.979000,28.921735,380
509519.837800,6944468.684000,28.893280,380
509519.433700,6944468.390000,28.864912,380
509519.029500,6944468.095000,28.841637,380
509518.625400,6944467.801000,28.824442,380
509518.221200,6944467.507000,28.807503,380
509518.030300,6944467.368000,28.800000,380
509517.817100,6944467.212000,28.791335,380
509517.412900,6944466.918000,28.782932,380
509517.008800,6944466.623000,28.774595,380
509516.604600,6944466.329000,28.766323,380
509516.200500,6944466.035000,28.761419,380
509515.796300,6944465.740000,28.757239,380
509515.392200,6944465.446000,28.753091,380
509514.988100,6944465.151000,28.742791,380
509514.583900,6944464.857000,28.726844,380
509514.179800,6944464.563000,28.710793,380
509513.775600,6944464.268000,28.686968,380
509513.371500,6944463.974000,28.633486,380
509512.967300,6944463.679000,28.579890,380
509512.563200,6944463.385000,28.526337,380
509512.159000,6944463.091000,28.422044,380
509511.754900,6944462.796000,28.310850,380
509511.715100,6944462.767000,28.300000,380
509511.350700,6944462.502000,28.200056,380
509510.946600,6944462.208000,28.064059,380
509510.542400,6944461.913000,27.909167,380
509510.263600,6944461.710000,27.800000,380
509510.138300,6944461.619000,27.752925,380
509509.734200,6944461.324000,27.609663,380
509509.330000,6944461.030000,27.477539,380
509508.925900,6944460.736000,27.346198,380
509508.785200,6944460.633000,27.300000,380
509508.521700,6944460.441000,27.216321,380
509508.117600,6944460.147000,27.126686,380
509507.309300,6944459.558000,26.950181,380
509506.905100,6944459.264000,26.878720,380
509506.501000,6944458.969000,26.816095,380
509506.396700,6944458.893000,26.800000,380
509506.096800,6944458.675000,26.754233,380
509505.692700,6944458.380000,26.698585,380
509505.288500,6944458.086000,26.654181,380
509504.884400,6944457.792000,26.609835,380
509504.480300,6944457.497000,26.566170,380
509504.076100,6944457.203000,26.541944,380
509503.672000,6944456.909000,26.517718,380
509503.267800,6944456.614000,26.493487,380
509502.863700,6944456.320000,26.482732,380
509502.459500,6944456.025000,26.477112,380
509502.055400,6944455.731000,26.471491,380
509501.651200,6944455.437000,26.466301,380
509501.247100,6944455.142000,26.461721,380
509500.842900,6944454.848000,26.457138,380
509500.438800,6944454.553000,26.450153,380
509500.034600,6944454.259000,26.422377,380
509499.630500,6944453.965000,26.394546,380
509499.226400,6944453.670000,26.366632,380
509498.822200,6944453.376000,26.310973,380
509498.751000,6944453.324000,26.300000,380
509498.418100,6944453.081000,26.250001,380
509498.013900,6944452.787000,26.189473,380
509497.609800,6944452.493000,26.118467,380
509497.205600,6944452.198000,26.036297,380
509496.801500,6944451.904000,25.954155,380
509496.397300,6944451.609000,25.872300,380
509496.032900,6944451.344000,25.800000,380
509495.993200,6944451.315000,25.792079,380
509495.589000,6944451.021000,25.711497,380
509495.184900,6944450.726000,25.630883,380
509494.780700,6944450.432000,25.561903,380
509494.376600,6944450.138000,25.494585,380
509493.972500,6944449.843000,25.426832,380
509493.568300,6944449.549000,25.361974,380
509493.170200,6944449.259000,25.300000,380
509493.164200,6944449.254000,25.299054,380
509492.760000,6944448.960000,25.236243,380
509492.355900,6944448.666000,25.171532,380
509491.951700,6944448.371000,25.101075,380
509491.547600,6944448.077000,25.030653,380
509491.143400,6944447.782000,24.959443,380
509490.739300,6944447.488000,24.879372,380
509490.342200,6944447.199000,24.800000,380
509490.335100,6944447.194000,24.798566,380
509489.931000,6944446.899000,24.717808,380
509489.526800,6944446.605000,24.642069,380
509489.122700,6944446.310000,24.569254,380
509488.718600,6944446.016000,24.496120,380
509488.314400,6944445.722000,24.432680,380
509487.910300,6944445.427000,24.390804,380
509487.506100,6944445.133000,24.348844,380
509487.102000,6944444.838000,24.306822,380
509525.900000,6944473.100000,29.796757,380
509525.091700,6944472.511000,29.526063,385
509524.687600,6944472.217000,29.464773,385
509524.283400,6944471.922000,29.390671,385
509523.879300,6944471.628000,29.310631,385
509523.826700,6944471.590000,29.300000,385
509523.475100,6944471.334000,29.229802,385
509523.071000,6944471.039000,29.155879,385
509522.666800,6944470.745000,29.091727,385
509522.262700,6944470.450000,29.028118,385
509521.858500,6944470.156000,28.966952,385
509521.454400,6944469.862000,28.925446,385
509521.050200,6944469.567000,28.884203,385
509520.646100,6944469.273000,28.843265,385
509520.242000,6944468.979000,28.813113,385
509520.045000,6944468.835000,28.800000,385
509519.837800,6944468.684000,28.786003,385
509519.433700,6944468.390000,28.758541,385
509519.029500,6944468.095000,28.736099,385
509518.625400,6944467.801000,28.719616,385
509518.221200,6944467.507000,28.703229,385
509517.817100,6944467.212000,28.687951,385
509517.412900,6944466.918000,28.680732,385
509517.008800,6944466.623000,28.673565,385
509516.604600,6944466.329000,28.666449,385
509516.200500,6944466.035000,28.662553,385
509515.796300,6944465.740000,28.659345,385
509515.392200,6944465.446000,28.656163,385
509514.988100,6944465.151000,28.646654,385
509514.583900,6944464.857000,28.631313,385
509514.179800,6944464.563000,28.615888,385
509513.775600,6944464.268000,28.592547,385
509513.371500,6944463.974000,28.538970,385
509512.967300,6944463.679000,28.485310,385
509512.563200,6944463.385000,28.431682,385
509512.159000,6944463.091000,28.325938,385
509512.064900,6944463.022000,28.300000,385
509511.754900,6944462.796000,28.214083,385
509511.350700,6944462.502000,28.102076,385
509510.946600,6944462.208000,27.965083,385
509510.542400,6944461.913000,27.808243,385
509510.521400,6944461.898000,27.800000,385
509510.138300,6944461.619000,27.656068,385
509509.734200,6944461.324000,27.511831,385
509509.330000,6944461.030000,27.380750,385
509509.081100,6944460.849000,27.300000,385
509508.925900,6944460.736000,27.251140,385
509508.521700,6944460.441000,27.123203,385
509508.117600,6944460.147000,27.033397,385
509507.309300,6944459.558000,26.856485,385
509506.991300,6944459.326000,26.800000,385
509506.905100,6944459.264000,26.784784,385
509506.501000,6944458.969000,26.722622,385
509506.096800,6944458.675000,26.660727,385
509505.692700,6944458.380000,26.604846,385
509505.288500,6944458.086000,26.560493,385
509504.884400,6944457.792000,26.516148,385
509504.480300,6944457.497000,26.472447,385
509504.076100,6944457.203000,26.448545,385
509503.672000,6944456.909000,26.424635,385
509503.267800,6944456.614000,26.400714,385
509502.863700,6944456.320000,26.390257,385
509502.459500,6944456.025000,26.384932,385
509502.055400,6944455.731000,26.379605,385
509501.651200,6944455.437000,26.374496,385
509501.247100,6944455.142000,26.369695,385
509500.842900,6944454.848000,26.364886,385
509500.438800,6944454.553000,26.357594,385
509500.034600,6944454.259000,26.328786,385
509499.632000,6944453.966000,26.300000,385
509499.630500,6944453.965000,26.299893,385
509499.226400,6944453.670000,26.271949,385
509498.822200,6944453.376000,26.217141,385
509498.418100,6944453.081000,26.155324,385
509498.013900,6944452.787000,26.093522,385
509497.609800,6944452.493000,26.021449,385
509497.205600,6944452.198000,25.938418,385
509496.801500,6944451.904000,25.855397,385
509496.529700,6944451.706000,25.800000,385
509496.397300,6944451.609000,25.772555,385
509495.993200,6944451.315000,25.691991,385
509495.589000,6944451.021000,25.611348,385
509495.184900,6944450.726000,25.530629,385
509494.780700,6944450.432000,25.461920,385
509494.376600,6944450.138000,25.394696,385
509493.972500,6944449.843000,25.326856,385
509493.805800,6944449.722000,25.300000,385
509493.568300,6944449.549000,25.261654,385
509493.164200,6944449.254000,25.198580,385
509492.760000,6944448.960000,25.135497,385
509492.355900,6944448.666000,25.070181,385
509491.951700,6944448.371000,24.998007,385
509491.547600,6944448.077000,24.925799,385
509491.143400,6944447.782000,24.853188,385
509490.879500,6944447.590000,24.800000,385
509490.739300,6944447.488000,24.771392,385
509490.335100,6944447.194000,24.689037,385
509489.931000,6944446.899000,24.606062,385
509489.526800,6944446.605000,24.529213,385
509489.122700,6944446.310000,24.455586,385
509488.718600,6944446.016000,24.381511,385
509488.314400,6944445.722000,24.317466,385
509488.145600,6944445.599000,24.300000,385
509487.910300,6944445.427000,24.274621,385
509487.506100,6944445.133000,24.231184,385
509487.102000,6944444.838000,24.187939,385
509525.900000,6944473.100000,29.648484,385
509525.091700,6944472.511000,29.382746,390
509524.687600,6944472.217000,29.324001,390
509524.552800,6944472.119000,29.300000,390
509524.283400,6944471.922000,29.252267,390
509523.879300,6944471.628000,29.174778,390
509523.475100,6944471.334000,29.097945,390
509523.071000,6944471.039000,29.028127,390
509522.666800,6944470.745000,28.967025,390
509522.262700,6944470.450000,28.906809,390
509521.858500,6944470.156000,28.849236,390
509521.454400,6944469.862000,28.810056,390
509521.351400,6944469.787000,28.800000,390
509521.050200,6944469.567000,28.770184,390
509520.646100,6944469.273000,28.730650,390
509520.242000,6944468.979000,28.701584,390
509519.837800,6944468.684000,28.675788,390
509519.433700,6944468.390000,28.650030,390
509519.029500,6944468.095000,28.629055,390
509518.625400,6944467.801000,28.613798,390
509518.221200,6944467.507000,28.598610,390
509517.817100,6944467.212000,28.584568,390
509517.412900,6944466.918000,28.578532,390
509517.008800,6944466.623000,28.572534,390
509516.604600,6944466.329000,28.566575,390
509516.200500,6944466.035000,28.563687,390
509515.796300,6944465.740000,28.561452,390
509515.392200,6944465.446000,28.559236,390
509514.988100,6944465.151000,28.550518,390
509514.583900,6944464.857000,28.535782,390
509514.179800,6944464.563000,28.520984,390
509513.775600,6944464.268000,28.498126,390
509513.371500,6944463.974000,28.444454,390
509512.967300,6944463.679000,28.390730,390
509512.563200,6944463.385000,28.337026,390
509512.422200,6944463.282000,28.300000,390
509512.159000,6944463.091000,28.230364,390
509511.754900,6944462.796000,28.117399,390
509511.350700,6944462.502000,28.004097,390
509510.946600,6944462.208000,27.866107,390
509510.776400,6944462.084000,27.800000,390
509510.542400,6944461.913000,27.710596,390
509510.138300,6944461.619000,27.559211,390
509509.734200,6944461.324000,27.414000,390
509509.380300,6944461.067000,27.300000,390
509509.330000,6944461.030000,27.284292,390
509508.925900,6944460.736000,27.157194,390
509508.521700,6944460.441000,27.030085,390
509508.117600,6944460.147000,26.940108,390
509507.713400,6944459.852000,26.851448,390
509507.478700,6944459.681000,26.800000,390
509507.309300,6944459.558000,26.763014,390
509506.905100,6944459.264000,26.691619,390
509506.501000,6944458.969000,26.629374,390
509506.096800,6944458.675000,26.567221,390
509505.692700,6944458.380000,26.511106,390
509505.288500,6944458.086000,26.466804,390
509504.884400,6944457.792000,26.422460,390
509504.480300,6944457.497000,26.378724,390
509504.076100,6944457.203000,26.355145,390
509503.672000,6944456.909000,26.331553,390
509503.267800,6944456.614000,26.307941,390
509502.952100,6944456.384000,26.300000,390
509502.863700,6944456.320000,26.297844,390
509502.055400,6944455.731000,26.288070,390
509501.651200,6944455.437000,26.283194,390
509500.842900,6944454.848000,26.273472,390
509500.438800,6944454.553000,26.266135,390
509499.226400,6944453.670000,26.179725,390
509498.822200,6944453.376000,26.123732,390
509498.418100,6944453.081000,26.060646,390
509498.013900,6944452.787000,25.997570,390
509497.609800,6944452.493000,25.924430,390
509497.205600,6944452.198000,25.840539,390
509497.009400,6944452.055000,25.800000,390
509496.801500,6944451.904000,25.756265,390
509496.397300,6944451.609000,25.672071,390
509495.993200,6944451.315000,25.591904,390
509495.589000,6944451.021000,25.511200,390
509495.184900,6944450.726000,25.430375,390
509494.780700,6944450.432000,25.361937,390
509494.407900,6944450.160000,25.300000,390
509494.376600,6944450.138000,25.294727,390
509493.972500,6944449.843000,25.226564,390
509493.568300,6944449.549000,25.161453,390
509493.164200,6944449.254000,25.098107,390
509492.760000,6944448.960000,25.034750,390
509492.355900,6944448.666000,24.968830,390
509491.951700,6944448.371000,24.894939,390
509491.547600,6944448.077000,24.820945,390
509491.432100,6944447.993000,24.800000,390
509491.143400,6944447.782000,24.746955,390
509490.739300,6944447.488000,24.663804,390
509490.335100,6944447.194000,24.579508,390
509489.931000,6944446.899000,24.494316,390
509489.526800,6944446.605000,24.416357,390
509489.122700,6944446.310000,24.341917,390
509488.896100,6944446.145000,24.300000,390
509488.718600,6944446.016000,24.265206,390
509488.314400,6944445.722000,24.197683,390
509487.910300,6944445.427000,24.154589,390
509487.506100,6944445.133000,24.111649,390
509487.102000,6944444.838000,24.068818,390
509525.900000,6944473.100000,29.500212,390
509525.495900,6944472.806000,29.295556,395
509525.091700,6944472.511000,29.238576,395
509524.687600,6944472.217000,29.180095,395
509524.283400,6944471.922000,29.112237,395
509523.879300,6944471.628000,29.038735,395
509523.475100,6944471.334000,28.966087,395
509523.071000,6944471.039000,28.900375,395
509522.666800,6944470.745000,28.842323,395
509522.367900,6944470.527000,28.800000,395
509522.262700,6944470.450000,28.784557,395
509521.858500,6944470.156000,28.727997,395
509521.454400,6944469.862000,28.690203,395
509521.050200,6944469.567000,28.653174,395
509520.646100,6944469.273000,28.616701,395
509520.242000,6944468.979000,28.589655,395
509519.837800,6944468.684000,28.565573,395
509519.433700,6944468.390000,28.541520,395
509519.029500,6944468.095000,28.522012,395
509518.625400,6944467.801000,28.507980,395
509518.221200,6944467.507000,28.493991,395
509517.817100,6944467.212000,28.481185,395
509517.412900,6944466.918000,28.476332,395
509517.008800,6944466.623000,28.471504,395
509516.604600,6944466.329000,28.466701,395
509516.200500,6944466.035000,28.464821,395
509515.796300,6944465.740000,28.463559,395
509515.392200,6944465.446000,28.462308,395
509514.988100,6944465.151000,28.454381,395
509514.583900,6944464.857000,28.440251,395
509514.179800,6944464.563000,28.426079,395
509513.775600,6944464.268000,28.403704,395
509513.371500,6944463.974000,28.349938,395
509512.996200,6944463.701000,28.300000,395
509512.967300,6944463.679000,28.296151,395
509512.563200,6944463.385000,28.242371,395
509512.159000,6944463.091000,28.134987,395
509511.754900,6944462.796000,28.020716,395
509511.350700,6944462.502000,27.906117,395
509511.041400,6944462.277000,27.800000,395
509510.946600,6944462.208000,27.766969,395
509510.542400,6944461.913000,27.613241,395
509510.138300,6944461.619000,27.462355,395
509509.734200,6944461.324000,27.316168,395
509509.684000,6944461.288000,27.300000,395
509509.330000,6944461.030000,27.189509,395
509508.925900,6944460.736000,27.063248,395
509508.521700,6944460.441000,26.936967,395
509508.117600,6944460.147000,26.846819,395
509507.904400,6944459.992000,26.800000,395
509507.713400,6944459.852000,26.758131,395
509507.309300,6944459.558000,26.669885,395
509506.905100,6944459.264000,26.598454,395
509506.501000,6944458.969000,26.536126,395
509506.096800,6944458.675000,26.473715,395
509505.692700,6944458.380000,26.417367,395
509505.288500,6944458.086000,26.373116,395
509504.884400,6944457.792000,26.328773,395
509504.618700,6944457.598000,26.300000,395
509504.480300,6944457.497000,26.285398,395
509503.267800,6944456.614000,26.217514,395
509502.863700,6944456.320000,26.207957,395
509502.055400,6944455.731000,26.198805,395
509501.651200,6944455.437000,26.194051,395
509500.842900,6944454.848000,26.184043,395
509500.438800,6944454.553000,26.176488,395
509499.226400,6944453.670000,26.087500,395
509498.822200,6944453.376000,26.030323,395
509498.418100,6944453.081000,25.965969,395
509498.013900,6944452.787000,25.901619,395
509497.609800,6944452.493000,25.827412,395
509497.478300,6944452.397000,25.800000,395
509497.205600,6944452.198000,25.742148,395
509496.801500,6944451.904000,25.656654,395
509496.397300,6944451.609000,25.571587,395
509495.993200,6944451.315000,25.491816,395
509495.589000,6944451.021000,25.411051,395
509495.184900,6944450.726000,25.330121,395
509495.006600,6944450.596000,25.300000,395
509494.780700,6944450.432000,25.260961,395
509494.376600,6944450.138000,25.193294,395
509493.972500,6944449.843000,25.126157,395
509493.568300,6944449.549000,25.061251,395
509493.164200,6944449.254000,24.997634,395
509492.760000,6944448.960000,24.934004,395
509492.355900,6944448.666000,24.867479,395
509491.994500,6944448.402000,24.800000,395
509491.951700,6944448.371000,24.791911,395
509491.547600,6944448.077000,24.716371,395
509491.143400,6944447.782000,24.640744,395
509490.739300,6944447.488000,24.556215,395
509490.335100,6944447.194000,24.469978,395
509489.931000,6944446.899000,24.382570,395
509489.526800,6944446.605000,24.303501,395
509489.507900,6944446.591000,24.300000,395
509489.122700,6944446.310000,24.224077,395
509488.718600,6944446.016000,24.144727,395
509488.314400,6944445.722000,24.077084,395
509487.910300,6944445.427000,24.034557,395
509487.506100,6944445.133000,23.992113,395
509487.102000,6944444.838000,23.949697,395
509525.900000,6944473.100000,29.351939,395
509525.527400,6944472.829000,29.300000,395
509525.091700,6944472.511000,29.093241,400
509524.687600,6944472.217000,29.035545,400
509524.283400,6944471.922000,28.972207,400
509523.879300,6944471.628000,28.902692,400
509523.475100,6944471.334000,28.834230,400
509523.253700,6944471.172000,28.800000,400
509523.071000,6944471.039000,28.769196,400
509522.666800,6944470.745000,28.710264,400
509522.262700,6944470.450000,28.655358,400
509521.858500,6944470.156000,28.604224,400
509521.454400,6944469.862000,28.569924,400
509521.050200,6944469.567000,28.536163,400
509520.646100,6944469.273000,28.502752,400
509520.242000,6944468.979000,28.477726,400
509519.837800,6944468.684000,28.455358,400
509519.433700,6944468.390000,28.433010,400
509519.029500,6944468.095000,28.414969,400
509518.625400,6944467.801000,28.402161,400
509518.221200,6944467.507000,28.389372,400
509517.817100,6944467.212000,28.377802,400
509517.412900,6944466.918000,28.374131,400
509517.008800,6944466.623000,28.370474,400
509516.604600,6944466.329000,28.366827,400
509516.200500,6944466.035000,28.365955,400
509515.796300,6944465.740000,28.365665,400
509515.392200,6944465.446000,28.365380,400
509514.988100,6944465.151000,28.358244,400
509514.583900,6944464.857000,28.344720,400
509514.179800,6944464.563000,28.331175,400
509513.775600,6944464.268000,28.309283,400
509513.705900,6944464.217000,28.300000,400
509513.371500,6944463.974000,28.255428,400
509512.967300,6944463.679000,28.201573,400
509512.563200,6944463.385000,28.147717,400
509512.159000,6944463.091000,28.039610,400
509511.754900,6944462.796000,27.924032,400
509511.350700,6944462.502000,27.808138,400
509511.327000,6944462.485000,27.800000,400
509510.946600,6944462.208000,27.667507,400
509510.542400,6944461.913000,27.515886,400
509510.138300,6944461.619000,27.365498,400
509509.957400,6944461.487000,27.300000,400
509509.734200,6944461.324000,27.220168,400
509509.330000,6944461.030000,27.094725,400
509508.925900,6944460.736000,26.969301,400
509508.521700,6944460.441000,26.843849,400
509508.325300,6944460.298000,26.800000,400
509508.117600,6944460.147000,26.753404,400
509507.713400,6944459.852000,26.665029,400
509507.309300,6944459.558000,26.576756,400
509506.905100,6944459.264000,26.505290,400
509506.501000,6944458.969000,26.442878,400
509506.096800,6944458.675000,26.380209,400
509505.692700,6944458.380000,26.323628,400
509505.476700,6944458.223000,26.300000,400
509505.288500,6944458.086000,26.279892,400
509504.884400,6944457.792000,26.236660,400
509504.480300,6944457.497000,26.194151,400
509503.267800,6944456.614000,26.127306,400
509502.863700,6944456.320000,26.118071,400
509502.055400,6944455.731000,26.109539,400
509501.651200,6944455.437000,26.104909,400
509500.842900,6944454.848000,26.094614,400
509500.438800,6944454.553000,26.086841,400
509499.226400,6944453.670000,25.995276,400
509498.822200,6944453.376000,25.936915,400
509498.418100,6944453.081000,25.871291,400
509498.013900,6944452.787000,25.805668,400
509497.983200,6944452.765000,25.800000,400
509497.609800,6944452.493000,25.729507,400
509497.205600,6944452.198000,25.643396,400
509496.801500,6944451.904000,25.557044,400
509496.397300,6944451.609000,25.471103,400
509495.993200,6944451.315000,25.391728,400
509495.589000,6944451.021000,25.310903,400
509495.534600,6944450.981000,25.300000,400
509495.184900,6944450.726000,25.227426,400
509494.780700,6944450.432000,25.158368,400
509494.376600,6944450.138000,25.091860,400
509493.972500,6944449.843000,25.025749,400
509493.568300,6944449.549000,24.961050,400
509493.164200,6944449.254000,24.897160,400
509492.760000,6944448.960000,24.833258,400
509492.559200,6944448.814000,24.800000,400
509492.355900,6944448.666000,24.766189,400
509491.951700,6944448.371000,24.689342,400
509491.547600,6944448.077000,24.611868,400
509491.143400,6944447.782000,24.534532,400
509490.739300,6944447.488000,24.448627,400
509490.335100,6944447.194000,24.360449,400
509490.060800,6944446.994000,24.300000,400
509489.931000,6944446.899000,24.268807,400
509489.526800,6944446.605000,24.183536,400
509489.122700,6944446.310000,24.103798,400
509488.718600,6944446.016000,24.024248,400
509488.314400,6944445.722000,23.956485,400
509487.910300,6944445.427000,23.914524,400
509487.506100,6944445.133000,23.872578,400
509487.102000,6944444.838000,23.830575,400
509525.900000,6944473.100000,29.199767,400
509525.495900,6944472.806000,29.145451,400
509525.091700,6944472.511000,28.947906,405
509524.687600,6944472.217000,28.890994,405
509524.283400,6944471.922000,28.832178,405
509524.087900,6944471.780000,28.800000,405
509523.879300,6944471.628000,28.760340,405
509523.475100,6944471.334000,28.687654,405
509523.071000,6944471.039000,28.625451,405
509522.666800,6944470.745000,28.574425,405
509522.262700,6944470.450000,28.526158,405
509521.858500,6944470.156000,28.480451,405
509521.454400,6944469.862000,28.449645,405
509521.050200,6944469.567000,28.419152,405
509520.646100,6944469.273000,28.388803,405
509520.242000,6944468.979000,28.365798,405
509519.837800,6944468.684000,28.345142,405
509519.433700,6944468.390000,28.324499,405
509519.029500,6944468.095000,28.307925,405
509518.754000,6944467.895000,28.300000,405
509518.625400,6944467.801000,28.296339,405
509518.221200,6944467.507000,28.284743,405
509517.817100,6944467.212000,28.274402,405
509516.604600,6944466.329000,28.266893,405
509516.200500,6944466.035000,28.267031,405
509515.392200,6944465.446000,28.268408,405
509514.988100,6944465.151000,28.262064,405
509514.179800,6944464.563000,28.236252,405
509513.775600,6944464.268000,28.214859,405
509513.371500,6944463.974000,28.160927,405
509512.967300,6944463.679000,28.106995,405
509512.563200,6944463.385000,28.053064,405
509512.159000,6944463.091000,27.944232,405
509511.754900,6944462.796000,27.827349,405
509511.659600,6944462.727000,27.800000,405
509511.350700,6944462.502000,27.707563,405
509510.946600,6944462.208000,27.568044,405
509510.542400,6944461.913000,27.418530,405
509510.223200,6944461.681000,27.300000,405
509510.138300,6944461.619000,27.268543,405
509509.734200,6944461.324000,27.124530,405
509509.330000,6944461.030000,26.999942,405
509508.925900,6944460.736000,26.875355,405
509508.682300,6944460.558000,26.800000,405
509508.521700,6944460.441000,26.750030,405
509508.117600,6944460.147000,26.659862,405
509507.713400,6944459.852000,26.571927,405
509507.309300,6944459.558000,26.483626,405
509506.905100,6944459.264000,26.412125,405
509506.501000,6944458.969000,26.349630,405
509506.182100,6944458.737000,26.300000,405
509506.096800,6944458.675000,26.286927,405
509505.692700,6944458.380000,26.231386,405
509504.884400,6944457.792000,26.145246,405
509504.480300,6944457.497000,26.102905,405
509503.267800,6944456.614000,26.037099,405
509502.863700,6944456.320000,26.028184,405
509502.055400,6944455.731000,26.020274,405
509501.651200,6944455.437000,26.015766,405
509500.842900,6944454.848000,26.005185,405
509500.438800,6944454.553000,25.997195,405
509499.226400,6944453.670000,25.903051,405
509498.822200,6944453.376000,25.843506,405
509498.558100,6944453.183000,25.800000,405
509498.418100,6944453.081000,25.776293,405
509498.013900,6944452.787000,25.708437,405
509497.609800,6944452.493000,25.631252,405
509497.205600,6944452.198000,25.544644,405
509496.801500,6944451.904000,25.457434,405
509496.397300,6944451.609000,25.370619,405
509496.036100,6944451.346000,25.300000,405
509495.993200,6944451.315000,25.291128,405
509495.589000,6944451.021000,25.206632,405
509495.184900,6944450.726000,25.123682,405
509494.780700,6944450.432000,25.055774,405
509494.376600,6944450.138000,24.990427,405
509493.972500,6944449.843000,24.925342,405
509493.568300,6944449.549000,24.860848,405
509493.185000,6944449.270000,24.800000,405
509493.164200,6944449.254000,24.796689,405
509492.760000,6944448.960000,24.732547,405
509492.355900,6944448.666000,24.665021,405
509491.951700,6944448.371000,24.586774,405
509491.547600,6944448.077000,24.507365,405
509491.143400,6944447.782000,24.428321,405
509490.739300,6944447.488000,24.341039,405
509490.553500,6944447.353000,24.300000,405
509490.335100,6944447.194000,24.247002,405
509489.931000,6944446.899000,24.149335,405
509489.526800,6944446.605000,24.063345,405
509489.122700,6944446.310000,23.983520,405
509488.718600,6944446.016000,23.903768,405
509488.314400,6944445.722000,23.835886,405
509487.964300,6944445.467000,23.800000,405
509487.910300,6944445.427000,23.794439,405
509487.102000,6944444.838000,23.710842,405
509525.900000,6944473.100000,29.045493,405
509525.495900,6944472.806000,28.995347,405
509525.091700,6944472.511000,28.802571,410
509525.073300,6944472.498000,28.800000,410
509524.687600,6944472.217000,28.731180,410
509524.283400,6944471.922000,28.665704,410
509523.879300,6944471.628000,28.598562,410
509523.475100,6944471.334000,28.535916,410
509523.071000,6944471.039000,28.481707,410
509522.666800,6944470.745000,28.438585,410
509522.262700,6944470.450000,28.396959,410
509521.858500,6944470.156000,28.356679,410
509521.454400,6944469.862000,28.329366,410
509521.050200,6944469.567000,28.302141,410
509521.019300,6944469.545000,28.300000,410
509520.646100,6944469.273000,28.274817,410
509520.242000,6944468.979000,28.253823,410
509519.837800,6944468.684000,28.234846,410
509519.433700,6944468.390000,28.215870,410
509519.029500,6944468.095000,28.200761,410
509518.221200,6944467.507000,28.180063,410
509517.817100,6944467.212000,28.170952,410
509516.604600,6944466.329000,28.166839,410
509516.200500,6944466.035000,28.167990,410
509515.392200,6944465.446000,28.171344,410
509514.988100,6944465.151000,28.165818,410
509514.179800,6944464.563000,28.141320,410
509513.775600,6944464.268000,28.120434,410
509513.371500,6944463.974000,28.066425,410
509512.967300,6944463.679000,28.012418,410
509512.563200,6944463.385000,27.958410,410
509512.159000,6944463.091000,27.848855,410
509511.990600,6944462.968000,27.800000,410
509511.754900,6944462.796000,27.727534,410
509511.350700,6944462.502000,27.606752,410
509510.946600,6944462.208000,27.468582,410
509510.542400,6944461.913000,27.321175,410
509510.485400,6944461.872000,27.300000,410
509510.138300,6944461.619000,27.171383,410
509509.734200,6944461.324000,27.028892,410
509509.330000,6944461.030000,26.905158,410
509508.987000,6944460.780000,26.800000,410
509508.925900,6944460.736000,26.781125,410
509508.521700,6944460.441000,26.655586,410
509508.117600,6944460.147000,26.566321,410
509507.713400,6944459.852000,26.478825,410
509507.309300,6944459.558000,26.390497,410
509506.905100,6944459.264000,26.318960,410
509506.782600,6944459.174000,26.300000,410
509506.501000,6944458.969000,26.256898,410
509506.096800,6944458.675000,26.194995,410
509505.692700,6944458.380000,26.139649,410
509504.884400,6944457.792000,26.053832,410
509504.480300,6944457.497000,26.011658,410
509503.267800,6944456.614000,25.946891,410
509502.863700,6944456.320000,25.938297,410
509502.055400,6944455.731000,25.931009,410
509501.651200,6944455.437000,25.926624,410
509500.842900,6944454.848000,25.915755,410
509500.438800,6944454.553000,25.907548,410
509499.226400,6944453.670000,25.810827,410
509499.153500,6944453.617000,25.800000,410
509498.822200,6944453.376000,25.749267,410
509498.418100,6944453.081000,25.680318,410
509498.013900,6944452.787000,25.611126,410
509497.609800,6944452.493000,25.532998,410
509497.205600,6944452.198000,25.445892,410
509496.801500,6944451.904000,25.357824,410
509496.534200,6944451.709000,25.300000,410
509496.397300,6944451.609000,25.268011,410
509495.993200,6944451.315000,25.184904,410
509495.589000,6944451.021000,25.101858,410
509495.184900,6944450.726000,25.019937,410
509494.780700,6944450.432000,24.953181,410
509494.376600,6944450.138000,24.888994,410
509493.972500,6944449.843000,24.824935,410
509493.815900,6944449.729000,24.800000,410
509493.568300,6944449.549000,24.760664,410
509493.164200,6944449.254000,24.696271,410
509492.760000,6944448.960000,24.631853,410
509492.355900,6944448.666000,24.563854,410
509491.951700,6944448.371000,24.484205,410
509491.547600,6944448.077000,24.402861,410
509491.143400,6944447.782000,24.322109,410
509491.041700,6944447.708000,24.300000,410
509490.739300,6944447.488000,24.227609,410
509490.335100,6944447.194000,24.128731,410
509489.931000,6944446.899000,24.029863,410
509489.526800,6944446.605000,23.943153,410
509489.122700,6944446.310000,23.863242,410
509488.802900,6944446.078000,23.800000,410
509488.718600,6944446.016000,23.783088,410
509488.314400,6944445.722000,23.714455,410
509487.102000,6944444.838000,23.590897,410
509525.900000,6944473.100000,28.891219,410
509525.495900,6944472.806000,28.845243,410
509525.091700,6944472.511000,28.604182,415
509524.687600,6944472.217000,28.545434,415
509524.283400,6944471.922000,28.491340,415
509523.879300,6944471.628000,28.436784,415
509523.475100,6944471.334000,28.384179,415
509523.071000,6944471.039000,28.337963,415
509522.666800,6944470.745000,28.302746,415
509522.636500,6944470.723000,28.300000,415
509522.262700,6944470.450000,28.267373,415
509521.858500,6944470.156000,28.232748,415
509520.646100,6944469.273000,28.160697,415
509520.242000,6944468.979000,28.141783,415
509519.837800,6944468.684000,28.124495,415
509519.433700,6944468.390000,28.107205,415
509519.029500,6944468.095000,28.093586,415
509518.221200,6944467.507000,28.075382,415
509517.817100,6944467.212000,28.067502,415
509516.604600,6944466.329000,28.066785,415
509516.200500,6944466.035000,28.068950,415
509515.392200,6944465.446000,28.074281,415
509514.988100,6944465.151000,28.069572,415
509514.179800,6944464.563000,28.046389,415
509513.775600,6944464.268000,28.026009,415
509513.371500,6944463.974000,27.971923,415
509512.967300,6944463.679000,27.917840,415
509512.563200,6944463.385000,27.863757,415
509512.328800,6944463.214000,27.800000,415
509512.159000,6944463.091000,27.749747,415
509511.754900,6944462.796000,27.626483,415
509511.350700,6944462.502000,27.505942,415
509510.946600,6944462.208000,27.369120,415
509510.756500,6944462.069000,27.300000,415
509510.542400,6944461.913000,27.222335,415
509510.138300,6944461.619000,27.074223,415
509509.734200,6944461.324000,26.933254,415
509509.330000,6944461.030000,26.810375,415
509509.296200,6944461.005000,26.800000,415
509508.925900,6944460.736000,26.685744,415
509508.521700,6944460.441000,26.561143,415
509508.117600,6944460.147000,26.472779,415
509507.713400,6944459.852000,26.385722,415
509507.321300,6944459.567000,26.300000,415
509507.309300,6944459.558000,26.297376,415
509506.905100,6944459.264000,26.226436,415
509506.501000,6944458.969000,26.164751,415
509506.096800,6944458.675000,26.103064,415
509505.692700,6944458.380000,26.047912,415
509504.884400,6944457.792000,25.962418,415
509504.480300,6944457.497000,25.920412,415
509503.267800,6944456.614000,25.856684,415
509502.863700,6944456.320000,25.848410,415
509502.055400,6944455.731000,25.841744,415
509501.651200,6944455.437000,25.837482,415
509500.842900,6944454.848000,25.826326,415
509500.438800,6944454.553000,25.817901,415
509500.219300,6944454.393000,25.800000,415
509500.034600,6944454.259000,25.784500,415
509499.630500,6944453.965000,25.750723,415
509499.226400,6944453.670000,25.717015,415
509498.822200,6944453.376000,25.654304,415
509498.418100,6944453.081000,25.584343,415
509498.013900,6944452.787000,25.513814,415
509497.609800,6944452.493000,25.434743,415
509497.205600,6944452.198000,25.347140,415
509496.990500,6944452.042000,25.300000,415
509496.801500,6944451.904000,25.254649,415
509496.397300,6944451.609000,25.160378,415
509495.993200,6944451.315000,25.078681,415
509495.589000,6944451.021000,24.997083,415
509495.184900,6944450.726000,24.916193,415
509494.780700,6944450.432000,24.850588,415
509494.457100,6944450.196000,24.800000,415
509494.376600,6944450.138000,24.787528,415
509493.972500,6944449.843000,24.724411,415
509493.568300,6944449.549000,24.660506,415
509493.164200,6944449.254000,24.595854,415
509492.760000,6944448.960000,24.531158,415
509492.355900,6944448.666000,24.462686,415
509491.951700,6944448.371000,24.381637,415
509491.555400,6944448.082000,24.300000,415
509491.547600,6944448.077000,24.298210,415
509491.143400,6944447.782000,24.208647,415
509490.739300,6944447.488000,24.110578,415
509490.335100,6944447.194000,24.010460,415
509489.931000,6944446.899000,23.910392,415
509489.526800,6944446.605000,23.822961,415
509489.410800,6944446.520000,23.800000,415
509489.122700,6944446.310000,23.742214,415
509488.718600,6944446.016000,23.661161,415
509488.314400,6944445.722000,23.592671,415
509487.102000,6944444.838000,23.470952,415
509525.900000,6944473.100000,28.710238,415
509525.495900,6944472.806000,28.654788,415
509525.091700,6944472.511000,28.404838,420
509524.687600,6944472.217000,28.359688,420
509524.283400,6944471.922000,28.316976,420
509524.127200,6944471.809000,28.300000,420
509523.879300,6944471.628000,28.274261,420
509523.475100,6944471.334000,28.231139,420
509523.071000,6944471.039000,28.193573,420
509522.262700,6944470.450000,28.136622,420
509521.858500,6944470.156000,28.108683,420
509520.646100,6944469.273000,28.046577,420
509520.242000,6944468.979000,28.029743,420
509519.837800,6944468.684000,28.014143,420
509519.433700,6944468.390000,27.998541,420
509519.029500,6944468.095000,27.986412,420
509518.221200,6944467.507000,27.970701,420
509517.817100,6944467.212000,27.964053,420
509516.604600,6944466.329000,27.966731,420
509516.200500,6944466.035000,27.969909,420
509515.392200,6944465.446000,27.977217,420
509514.988100,6944465.151000,27.973325,420
509514.179800,6944464.563000,27.951457,420
509513.775600,6944464.268000,27.931584,420
509513.371500,6944463.974000,27.877422,420
509512.967300,6944463.679000,27.823262,420
509512.793700,6944463.553000,27.800000,420
509512.563200,6944463.385000,27.765441,420
509512.159000,6944463.091000,27.646721,420
509511.754900,6944462.796000,27.525433,420
509511.350700,6944462.502000,27.405132,420
509511.038100,6944462.274000,27.300000,420
509510.946600,6944462.208000,27.269072,420
509510.542400,6944461.913000,27.123083,420
509510.138300,6944461.619000,26.977063,420
509509.734200,6944461.324000,26.837616,420
509509.610300,6944461.234000,26.800000,420
509509.330000,6944461.030000,26.713954,420
509508.925900,6944460.736000,26.590362,420
509508.521700,6944460.441000,26.466699,420
509508.117600,6944460.147000,26.379238,420
509507.748000,6944459.878000,26.300000,420
509507.713400,6944459.852000,26.292552,420
509507.309300,6944459.558000,26.204530,420
509506.905100,6944459.264000,26.134076,420
509506.501000,6944458.969000,26.072605,420
509506.096800,6944458.675000,26.011132,420
509505.692700,6944458.380000,25.956176,420
509504.884400,6944457.792000,25.871004,420
509504.480300,6944457.497000,25.829166,420
509504.076100,6944457.203000,25.808269,420
509503.916500,6944457.087000,25.800000,420
509503.672000,6944456.909000,25.787149,420
509503.267800,6944456.614000,25.765875,420
509502.863700,6944456.320000,25.757760,420
509502.459500,6944456.025000,25.754649,420
509502.055400,6944455.731000,25.751536,420
509501.651200,6944455.437000,25.747277,420
509501.247100,6944455.142000,25.741408,420
509500.842900,6944454.848000,25.735554,420
509500.438800,6944454.553000,25.726770,420
509500.034600,6944454.259000,25.692195,420
509499.630500,6944453.965000,25.657507,420
509499.226400,6944453.670000,25.622992,420
509498.822200,6944453.376000,25.559340,420
509498.418100,6944453.081000,25.488368,420
509498.013900,6944452.787000,25.416503,420
509497.609800,6944452.493000,25.336488,420
509497.441900,6944452.370000,25.300000,420
509497.205600,6944452.198000,25.243314,420
509496.801500,6944451.904000,25.146541,420
509496.397300,6944451.609000,25.052745,420
509495.993200,6944451.315000,24.972457,420
509495.589000,6944451.021000,24.892309,420
509495.184900,6944450.726000,24.812449,420
509495.107500,6944450.670000,24.800000,420
509494.780700,6944450.432000,24.747882,420
509494.376600,6944450.138000,24.685835,420
509493.972500,6944449.843000,24.623849,420
509493.568300,6944449.549000,24.560348,420
509493.164200,6944449.254000,24.495436,420
509492.760000,6944448.960000,24.430464,420
509492.355900,6944448.666000,24.361518,420
509492.053300,6944448.445000,24.300000,420
509491.951700,6944448.371000,24.276969,420
509491.547600,6944448.077000,24.184326,420
509491.143400,6944447.782000,24.093278,420
509490.739300,6944447.488000,23.993547,420
509490.335100,6944447.194000,23.892188,420
509489.966900,6944446.925000,23.800000,420
509489.931000,6944446.899000,23.790784,420
509489.526800,6944446.605000,23.701477,420
509489.122700,6944446.310000,23.620355,420
509488.718600,6944446.016000,23.539234,420
509488.314400,6944445.722000,23.470887,420
509487.102000,6944444.838000,23.351007,420
509525.900000,6944473.100000,28.490622,420
509525.495900,6944472.806000,28.446925,420
509525.091700,6944472.511000,28.203713,425
509524.687600,6944472.217000,28.170621,425
509524.283400,6944471.922000,28.138845,425
509523.475100,6944471.334000,28.076477,425
509523.071000,6944471.039000,28.048951,425
509522.262700,6944470.450000,28.005871,425
509521.858500,6944470.156000,27.984618,425
509520.646100,6944469.273000,27.932457,425
509520.242000,6944468.979000,27.917703,425
509519.837800,6944468.684000,27.903791,425
509519.433700,6944468.390000,27.889877,425
509519.029500,6944468.095000,27.879238,425
509518.221200,6944467.507000,27.866021,425
509517.817100,6944467.212000,27.860603,425
509516.604600,6944466.329000,27.866677,425
509516.200500,6944466.035000,27.870868,425
509515.392200,6944465.446000,27.880154,425
509514.988100,6944465.151000,27.877079,425
509514.179800,6944464.563000,27.856525,425
509513.775600,6944464.268000,27.837159,425
509513.498700,6944464.067000,27.800000,425
509513.371500,6944463.974000,27.780455,425
509512.967300,6944463.679000,27.719504,425
509512.563200,6944463.385000,27.659568,425
509512.159000,6944463.091000,27.543694,425
509511.754900,6944462.796000,27.424382,425
509511.350700,6944462.502000,27.304322,425
509511.337900,6944462.493000,27.300000,425
509510.946600,6944462.208000,27.167690,425
509510.542400,6944461.913000,27.023831,425
509510.138300,6944461.619000,26.879904,425
509509.905700,6944461.449000,26.800000,425
509509.734200,6944461.324000,26.739806,425
509509.330000,6944461.030000,26.617331,425
509508.925900,6944460.736000,26.494980,425
509508.521700,6944460.441000,26.372256,425
509508.184900,6944460.196000,26.300000,425
509508.117600,6944460.147000,26.285462,425
509507.713400,6944459.852000,26.198587,425
509507.309300,6944459.558000,26.111684,425
509506.905100,6944459.264000,26.041716,425
509506.501000,6944458.969000,25.980459,425
509506.096800,6944458.675000,25.919201,425
509505.692700,6944458.380000,25.864439,425
509505.288500,6944458.086000,25.822014,425
509505.079000,6944457.933000,25.800000,425
509504.884400,6944457.792000,25.779251,425
509504.480300,6944457.497000,25.736884,425
509504.076100,6944457.203000,25.715944,425
509503.672000,6944456.909000,25.694989,425
509503.267800,6944456.614000,25.674049,425
509502.863700,6944456.320000,25.666220,425
509502.459500,6944456.025000,25.663359,425
509502.055400,6944455.731000,25.660500,425
509501.651200,6944455.437000,25.656303,425
509501.247100,6944455.142000,25.650240,425
509500.842900,6944454.848000,25.644223,425
509500.438800,6944454.553000,25.635269,425
509500.034600,6944454.259000,25.599890,425
509499.630500,6944453.965000,25.564290,425
509499.226400,6944453.670000,25.528969,425
509498.822200,6944453.376000,25.464377,425
509498.418100,6944453.081000,25.392392,425
509498.013900,6944452.787000,25.319191,425
509497.917400,6944452.717000,25.300000,425
509497.609800,6944452.493000,25.231555,425
509497.205600,6944452.198000,25.134855,425
509496.801500,6944451.904000,25.038433,425
509496.397300,6944451.609000,24.945111,425
509495.993200,6944451.315000,24.866234,425
509495.653800,6944451.068000,24.800000,425
509495.589000,6944451.021000,24.787477,425
509495.184900,6944450.726000,24.708644,425
509494.780700,6944450.432000,24.645068,425
509494.376600,6944450.138000,24.584142,425
509493.972500,6944449.843000,24.523286,425
509493.568300,6944449.549000,24.460190,425
509493.164200,6944449.254000,24.395019,425
509492.760000,6944448.960000,24.329770,425
509492.586200,6944448.833000,24.300000,425
509492.355900,6944448.666000,24.256352,425
509491.951700,6944448.371000,24.164111,425
509491.547600,6944448.077000,24.070441,425
509491.143400,6944447.782000,23.977909,425
509490.739300,6944447.488000,23.876515,425
509490.437100,6944447.268000,23.800000,425
509490.335100,6944447.194000,23.773548,425
509489.931000,6944446.899000,23.669532,425
509489.526800,6944446.605000,23.579687,425
509489.122700,6944446.310000,23.498495,425
509488.718600,6944446.016000,23.417307,425
509488.314400,6944445.722000,23.349103,425
509487.910300,6944445.427000,23.309756,425
509487.810400,6944445.355000,23.300000,425
509487.506100,6944445.133000,23.268512,425
509487.102000,6944444.838000,23.226665,425
509525.900000,6944473.100000,28.269850,425
509525.495900,6944472.806000,28.236768,425
509525.091700,6944472.511000,28.000610,430
509524.687600,6944472.217000,27.979983,430
509524.283400,6944471.922000,27.960308,430
509523.475100,6944471.334000,27.921814,430
509523.071000,6944471.039000,27.904329,430
509522.262700,6944470.450000,27.875120,430
509521.858500,6944470.156000,27.860552,430
509520.646100,6944469.273000,27.818337,430
509520.242000,6944468.979000,27.805663,430
509520.056300,6944468.843000,27.800000,430
509519.837800,6944468.684000,27.792733,430
509519.433700,6944468.390000,27.779014,430
509519.029500,6944468.095000,27.768528,430
509518.625400,6944467.801000,27.762153,430
509518.221200,6944467.507000,27.755676,430
509517.817100,6944467.212000,27.750473,430
509517.412900,6944466.918000,27.753842,430
509517.008800,6944466.623000,27.757244,430
509516.604600,6944466.329000,27.760680,430
509516.200500,6944466.035000,27.766723,430
509515.796300,6944465.740000,27.773323,430
509515.392200,6944465.446000,27.779946,430
509514.988100,6944465.151000,27.777299,430
509514.583900,6944464.857000,27.766056,430
509514.179800,6944464.563000,27.754904,430
509513.775600,6944464.268000,27.733266,430
509513.371500,6944463.974000,27.672318,430
509512.967300,6944463.679000,27.612751,430
509512.563200,6944463.385000,27.553695,430
509512.159000,6944463.091000,27.440668,430
509511.754900,6944462.796000,27.323331,430
509511.676300,6944462.739000,27.300000,430
509511.350700,6944462.502000,27.201114,430
509510.946600,6944462.208000,27.066309,430
509510.542400,6944461.913000,26.924579,430
509510.188400,6944461.655000,26.800000,430
509510.138300,6944461.619000,26.781868,430
509509.734200,6944461.324000,26.640587,430
509509.330000,6944461.030000,26.520709,430
509508.925900,6944460.736000,26.399599,430
509508.595900,6944460.495000,26.300000,430
509508.521700,6944460.441000,26.277400,430
509508.117600,6944460.147000,26.190392,430
509507.713400,6944459.852000,26.104622,430
509507.309300,6944459.558000,26.018838,430
509506.905100,6944459.264000,25.949355,430
509506.501000,6944458.969000,25.888312,430
509506.096800,6944458.675000,25.827269,430
509505.895100,6944458.528000,25.800000,430
509505.692700,6944458.380000,25.772259,430
509505.288500,6944458.086000,25.729290,430
509504.884400,6944457.792000,25.686321,430
509504.480300,6944457.497000,25.644115,430
509504.076100,6944457.203000,25.623475,430
509503.672000,6944456.909000,25.602829,430
509503.267800,6944456.614000,25.582223,430
509502.863700,6944456.320000,25.574679,430
509502.459500,6944456.025000,25.572069,430
509502.055400,6944455.731000,25.569464,430
509501.651200,6944455.437000,25.565329,430
509501.247100,6944455.142000,25.559072,430
509500.842900,6944454.848000,25.552891,430
509500.438800,6944454.553000,25.543767,430
509500.034600,6944454.259000,25.507585,430
509499.630500,6944453.965000,25.471074,430
509499.226400,6944453.670000,25.434946,430
509498.822200,6944453.376000,25.369413,430
509498.437700,6944453.096000,25.300000,430
509498.418100,6944453.081000,25.295956,430
509498.013900,6944452.787000,25.212598,430
509497.609800,6944452.493000,25.122676,430
509497.205600,6944452.198000,25.026395,430
509496.801500,6944451.904000,24.930325,430
509496.397300,6944451.609000,24.837478,430
509496.203100,6944451.468000,24.800000,430
509495.993200,6944451.315000,24.759858,430
509495.589000,6944451.021000,24.682223,430
509495.184900,6944450.726000,24.604830,430
509494.780700,6944450.432000,24.542253,430
509494.376600,6944450.138000,24.482449,430
509493.972500,6944449.843000,24.422724,430
509493.568300,6944449.549000,24.360032,430
509493.197400,6944449.279000,24.300000,430
509493.164200,6944449.254000,24.294038,430
509492.760000,6944448.960000,24.221900,430
509492.355900,6944448.666000,24.144980,430
509491.951700,6944448.371000,24.051254,430
509491.547600,6944448.077000,23.956557,430
509491.143400,6944447.782000,23.862540,430
509490.896800,6944447.603000,23.800000,430
509490.739300,6944447.488000,23.758963,430
509490.335100,6944447.194000,23.653603,430
509489.931000,6944446.899000,23.548279,430
509489.526800,6944446.605000,23.457898,430
509489.122700,6944446.310000,23.376636,430
509488.741500,6944446.033000,23.300000,430
509488.718600,6944446.016000,23.295076,430
509488.314400,6944445.722000,23.222576,430
509487.910300,6944445.427000,23.181387,430
509487.506100,6944445.133000,23.140225,430
509487.102000,6944444.838000,23.099071,430
509525.900000,6944473.100000,28.041479,430
509525.495900,6944472.806000,28.021079,430
509525.224800,6944472.608000,27.800000,435
509525.091700,6944472.511000,27.797278,435
509524.687600,6944472.217000,27.788469,435
509524.283400,6944471.922000,27.780393,435
509523.879300,6944471.628000,27.772657,435
509523.475100,6944471.334000,27.765019,435
509523.071000,6944471.039000,27.757226,435
509522.666800,6944470.745000,27.749001,435
509522.262700,6944470.450000,27.740740,435
509521.858500,6944470.156000,27.732192,435
509521.454400,6944469.862000,27.720190,435
509521.050200,6944469.567000,27.708041,435
509520.646100,6944469.273000,27.695748,435
509520.242000,6944468.979000,27.683223,435
509519.837800,6944468.684000,27.670507,435
509519.433700,6944468.390000,27.657633,435
509519.029500,6944468.095000,27.647788,435
509518.625400,6944467.801000,27.641757,435
509518.221200,6944467.507000,27.635659,435
509517.817100,6944467.212000,27.630895,435
509517.412900,6944466.918000,27.634851,435
509517.008800,6944466.623000,27.638823,435
509516.604600,6944466.329000,27.642813,435
509516.200500,6944466.035000,27.649738,435
509515.796300,6944465.740000,27.657282,435
509515.392200,6944465.446000,27.664839,435
509514.988100,6944465.151000,27.663310,435
509514.583900,6944464.857000,27.653342,435
509514.179800,6944464.563000,27.643439,435
509513.775600,6944464.268000,27.623229,435
509513.371500,6944463.974000,27.564181,435
509512.967300,6944463.679000,27.505997,435
509512.563200,6944463.385000,27.447823,435
509512.159000,6944463.091000,27.337642,435
509512.028900,6944462.996000,27.300000,435
509511.754900,6944462.796000,27.218664,435
509511.350700,6944462.502000,27.097799,435
509510.946600,6944462.208000,26.964927,435
509510.542400,6944461.913000,26.825326,435
509510.470500,6944461.861000,26.800000,435
509510.138300,6944461.619000,26.679780,435
509509.734200,6944461.324000,26.541369,435
509509.330000,6944461.030000,26.424087,435
509508.925900,6944460.736000,26.304217,435
509508.911900,6944460.725000,26.300000,435
509508.521700,6944460.441000,26.181205,435
509508.117600,6944460.147000,26.095322,435
509507.713400,6944459.852000,26.010658,435
509507.309300,6944459.558000,25.925992,435
509506.905100,6944459.264000,25.856995,435
509506.526500,6944458.988000,25.800000,435
509506.501000,6944458.969000,25.796102,435
509506.096800,6944458.675000,25.734272,435
509505.692700,6944458.380000,25.679031,435
509505.288500,6944458.086000,25.636202,435
509504.884400,6944457.792000,25.593390,435
509504.480300,6944457.497000,25.551346,435
509504.076100,6944457.203000,25.531007,435
509503.672000,6944456.909000,25.510669,435
509503.267800,6944456.614000,25.490397,435
509502.863700,6944456.320000,25.483139,435
509502.459500,6944456.025000,25.480779,435
509502.055400,6944455.731000,25.478428,435
509501.651200,6944455.437000,25.474355,435
509501.247100,6944455.142000,25.467903,435
509500.842900,6944454.848000,25.461559,435
509500.438800,6944454.553000,25.452265,435
509500.034600,6944454.259000,25.415280,435
509499.630500,6944453.965000,25.377857,435
509499.226400,6944453.670000,25.340923,435
509498.976600,6944453.488000,25.300000,435
509498.822200,6944453.376000,25.271042,435
509498.418100,6944453.081000,25.187645,435
509498.013900,6944452.787000,25.103725,435
509497.609800,6944452.493000,25.013797,435
509497.205600,6944452.198000,24.917936,435
509496.801500,6944451.904000,24.822216,435
509496.704600,6944451.833000,24.800000,435
509496.397300,6944451.609000,24.729761,435
509495.993200,6944451.315000,24.653228,435
509495.589000,6944451.021000,24.576970,435
509495.184900,6944450.726000,24.501016,435
509494.780700,6944450.432000,24.439438,435
509494.376600,6944450.138000,24.380756,435
509493.972500,6944449.843000,24.322162,435
509493.829000,6944449.739000,24.300000,435
509493.568300,6944449.549000,24.255534,435
509493.164200,6944449.254000,24.183148,435
509492.760000,6944448.960000,24.111019,435
509492.355900,6944448.666000,24.033607,435
509491.951700,6944448.371000,23.938396,435
509491.547600,6944448.077000,23.842672,435
509491.365700,6944447.944000,23.800000,435
509491.143400,6944447.782000,23.746274,435
509490.739300,6944447.488000,23.640427,435
509490.335100,6944447.194000,23.533659,435
509489.931000,6944446.899000,23.427026,435
509489.526800,6944446.605000,23.336109,435
509489.347400,6944446.474000,23.300000,435
509489.122700,6944446.310000,23.251736,435
509488.718600,6944446.016000,23.165131,435
509488.314400,6944445.722000,23.092843,435
509487.910300,6944445.427000,23.052387,435
509487.506100,6944445.133000,23.011938,435
509487.102000,6944444.838000,22.971478,435
509525.900000,6944473.100000,27.813108,435
509525.495900,6944472.806000,27.805391,435
509525.091700,6944472.511000,27.575358,440
509524.687600,6944472.217000,27.582180,440
509524.283400,6944471.922000,27.588372,440
509523.879300,6944471.628000,27.594292,440
509523.475100,6944471.334000,27.600313,440
509523.071000,6944471.039000,27.603700,440
509522.666800,6944470.745000,27.602595,440
509522.262700,6944470.450000,27.601461,440
509521.858500,6944470.156000,27.599736,440
509521.454400,6944469.862000,27.590433,440
509521.050200,6944469.567000,27.581032,440
509520.646100,6944469.273000,27.571537,440
509520.242000,6944468.979000,27.560230,440
509519.837800,6944468.684000,27.548281,440
509519.433700,6944468.390000,27.536252,440
509519.029500,6944468.095000,27.527048,440
509518.625400,6944467.801000,27.521360,440
509518.221200,6944467.507000,27.515641,440
509517.817100,6944467.212000,27.511317,440
509517.412900,6944466.918000,27.515860,440
509517.008800,6944466.623000,27.520402,440
509516.604600,6944466.329000,27.524946,440
509516.200500,6944466.035000,27.532753,440
509515.796300,6944465.740000,27.541241,440
509515.392200,6944465.446000,27.549731,440
509514.988100,6944465.151000,27.549320,440
509514.583900,6944464.857000,27.540628,440
509514.179800,6944464.563000,27.531973,440
509513.775600,6944464.268000,27.513191,440
509513.371500,6944463.974000,27.456044,440
509512.967300,6944463.679000,27.399244,440
509512.563200,6944463.385000,27.341950,440
509512.407800,6944463.272000,27.300000,440
509512.159000,6944463.091000,27.231337,440
509511.350700,6944462.502000,26.994483,440
509510.946600,6944462.208000,26.863546,440
509510.761900,6944462.073000,26.800000,440
509510.542400,6944461.913000,26.722672,440
509510.138300,6944461.619000,26.577692,440
509509.734200,6944461.324000,26.442151,440
509509.330000,6944461.030000,26.327465,440
509509.237400,6944460.962000,26.300000,440
509508.925900,6944460.736000,26.205466,440
509508.521700,6944460.441000,26.085009,440
509508.117600,6944460.147000,26.000252,440
509507.713400,6944459.852000,25.916693,440
509507.309300,6944459.558000,25.833146,440
509507.114300,6944459.416000,25.800000,440
509506.905100,6944459.264000,25.764035,440
509506.501000,6944458.969000,25.702426,440
509506.096800,6944458.675000,25.640826,440
509505.692700,6944458.380000,25.585804,440
509505.288500,6944458.086000,25.543114,440
509504.884400,6944457.792000,25.500460,440
509504.480300,6944457.497000,25.458578,440
509504.076100,6944457.203000,25.438539,440
509503.672000,6944456.909000,25.418509,440
509503.267800,6944456.614000,25.398571,440
509502.863700,6944456.320000,25.391598,440
509502.459500,6944456.025000,25.389489,440
509502.055400,6944455.731000,25.387392,440
509501.651200,6944455.437000,25.383380,440
509501.247100,6944455.142000,25.376735,440
509500.842900,6944454.848000,25.370227,440
509500.438800,6944454.553000,25.360764,440
509500.034600,6944454.259000,25.322975,440
509499.791500,6944454.082000,25.300000,440
509499.630500,6944453.965000,25.282489,440
509499.226400,6944453.670000,25.239521,440
509498.822200,6944453.376000,25.163412,440
509498.418100,6944453.081000,25.079334,440
509498.013900,6944452.787000,24.994852,440
509497.609800,6944452.493000,24.904918,440
509497.205600,6944452.198000,24.809476,440
509497.165600,6944452.169000,24.800000,440
509496.801500,6944451.904000,24.714012,440
509496.397300,6944451.609000,24.621999,440
509495.993200,6944451.315000,24.546599,440
509495.589000,6944451.021000,24.471716,440
509495.184900,6944450.726000,24.397202,440
509494.780700,6944450.432000,24.336623,440
509494.524600,6944450.245000,24.300000,440
509494.376600,6944450.138000,24.276689,440
509493.972500,6944449.843000,24.212924,440
509493.568300,6944449.549000,24.144541,440
509493.164200,6944449.254000,24.072257,440
509492.760000,6944448.960000,24.000137,440
509492.355900,6944448.666000,23.922235,440
509491.951700,6944448.371000,23.825539,440
509491.844300,6944448.293000,23.800000,440
509491.547600,6944448.077000,23.727453,440
509491.143400,6944447.782000,23.628946,440
509490.739300,6944447.488000,23.521892,440
509490.335100,6944447.194000,23.413714,440
509489.931000,6944446.899000,23.305773,440
509489.905400,6944446.881000,23.300000,440
509489.526800,6944446.605000,23.208286,440
509489.122700,6944446.310000,23.121681,440
509488.718600,6944446.016000,23.035186,440
509488.314400,6944445.722000,22.963110,440
509487.910300,6944445.427000,22.923388,440
509487.506100,6944445.133000,22.883652,440
509487.102000,6944444.838000,22.843884,440
509525.900000,6944473.100000,27.561775,440
509525.495900,6944472.806000,27.568543,440
509525.091700,6944472.511000,27.353439,445
509524.687600,6944472.217000,27.375891,445
509524.283400,6944471.922000,27.396352,445
509523.879300,6944471.628000,27.415926,445
509523.475100,6944471.334000,27.435607,445
509523.071000,6944471.039000,27.450174,445
509522.666800,6944470.745000,27.456189,445
509522.262700,6944470.450000,27.462181,445
509521.858500,6944470.156000,27.467280,445
509521.454400,6944469.862000,27.460675,445
509521.050200,6944469.567000,27.454023,445
509520.646100,6944469.273000,27.447327,445
509520.242000,6944468.979000,27.437236,445
509519.837800,6944468.684000,27.426056,445
509519.433700,6944468.390000,27.414870,445
509519.029500,6944468.095000,27.406308,445
509518.625400,6944467.801000,27.400963,445
509518.221200,6944467.507000,27.395624,445
509517.817100,6944467.212000,27.391738,445
509517.412900,6944466.918000,27.396869,445
509517.008800,6944466.623000,27.401981,445
509516.604600,6944466.329000,27.407078,445
509516.200500,6944466.035000,27.415768,445
509515.796300,6944465.740000,27.425200,445
509515.392200,6944465.446000,27.434624,445
509514.988100,6944465.151000,27.435331,445
509514.583900,6944464.857000,27.427914,445
509514.179800,6944464.563000,27.420507,445
509513.775600,6944464.268000,27.403154,445
509513.371500,6944463.974000,27.347907,445
509513.022700,6944463.720000,27.300000,445
509512.967300,6944463.679000,27.292068,445
509512.563200,6944463.385000,27.233222,445
509512.159000,6944463.091000,27.123145,445
509511.350700,6944462.502000,26.891168,445
509511.066700,6944462.295000,26.800000,445
509510.946600,6944462.208000,26.759832,445
509510.542400,6944461.913000,26.618851,445
509510.138300,6944461.619000,26.475604,445
509509.734200,6944461.324000,26.342932,445
509509.581900,6944461.213000,26.300000,445
509509.330000,6944461.030000,26.226718,445
509508.925900,6944460.736000,26.106558,445
509508.521700,6944460.441000,25.988814,445
509508.117600,6944460.147000,25.905182,445
509507.713400,6944459.852000,25.822728,445
509507.603000,6944459.772000,25.800000,445
509507.309300,6944459.558000,25.739158,445
509506.905100,6944459.264000,25.670108,445
509506.501000,6944458.969000,25.608750,445
509506.096800,6944458.675000,25.547380,445
509505.692700,6944458.380000,25.492576,445
509505.288500,6944458.086000,25.450026,445
509504.884400,6944457.792000,25.407530,445
509504.480300,6944457.497000,25.365809,445
509504.076100,6944457.203000,25.346071,445
509503.672000,6944456.909000,25.326348,445
509503.267800,6944456.614000,25.306745,445
509502.863700,6944456.320000,25.300058,445
509502.851100,6944456.311000,25.300000,445
509502.459500,6944456.025000,25.297962,445
509502.055400,6944455.731000,25.295862,445
509501.651200,6944455.437000,25.291353,445
509501.247100,6944455.142000,25.283538,445
509500.842900,6944454.848000,25.275873,445
509500.438800,6944454.553000,25.264749,445
509500.034600,6944454.259000,25.220644,445
509499.630500,6944453.965000,25.176211,445
509499.226400,6944453.670000,25.132433,445
509498.822200,6944453.376000,25.055781,445
509498.418100,6944453.081000,24.971023,445
509498.013900,6944452.787000,24.885979,445
509497.627600,6944452.506000,24.800000,445
509497.609800,6944452.493000,24.796036,445
509497.205600,6944452.198000,24.700845,445
509496.801500,6944451.904000,24.605782,445
509496.397300,6944451.609000,24.514237,445
509495.993200,6944451.315000,24.439970,445
509495.589000,6944451.021000,24.366462,445
509495.221900,6944450.753000,24.300000,445
509495.184900,6944450.726000,24.292551,445
509494.780700,6944450.432000,24.226012,445
509494.376600,6944450.138000,24.163461,445
509493.972500,6944449.843000,24.101235,445
509493.568300,6944449.549000,24.033548,445
509493.164200,6944449.254000,23.961366,445
509492.760000,6944448.960000,23.889256,445
509492.355900,6944448.666000,23.810863,445
509492.310600,6944448.633000,23.800000,445
509491.951700,6944448.371000,23.711298,445
509491.547600,6944448.077000,23.611433,445
509491.143400,6944447.782000,23.511619,445
509490.739300,6944447.488000,23.403356,445
509490.357900,6944447.210000,23.300000,445
509490.335100,6944447.194000,23.293313,445
509489.931000,6944446.899000,23.176183,445
509489.526800,6944446.605000,23.077920,445
509489.122700,6944446.310000,22.991627,445
509488.718600,6944446.016000,22.905240,445
509488.314400,6944445.722000,22.833377,445
509487.968700,6944445.470000,22.800000,445
509487.910300,6944445.427000,22.794059,445
509487.102000,6944444.838000,22.711481,445
509525.900000,6944473.100000,27.309044,445
509525.495900,6944472.806000,27.331153,445
509525.091700,6944472.511000,27.125852,450
509524.687600,6944472.217000,27.165729,450
509524.283400,6944471.922000,27.201724,450
509523.475100,6944471.334000,27.270221,450
509523.071000,6944471.039000,27.296574,450
509522.971400,6944470.967000,27.300000,450
509522.666800,6944470.745000,27.309783,450
509522.262700,6944470.450000,27.322901,450
509521.858500,6944470.156000,27.334824,450
509521.454400,6944469.862000,27.330918,450
509521.050200,6944469.567000,27.327014,450
509520.646100,6944469.273000,27.323117,450
509520.242000,6944468.979000,27.314243,450
509519.837800,6944468.684000,27.303830,450
509519.688800,6944468.576000,27.300000,450
509519.433700,6944468.390000,27.293214,450
509519.029500,6944468.095000,27.284899,450
509518.221200,6944467.507000,27.274292,450
509517.817100,6944467.212000,27.270545,450
509516.604600,6944466.329000,27.288490,450
509516.200500,6944466.035000,27.298700,450
509516.153400,6944466.000000,27.300000,450
509515.796300,6944465.740000,27.309158,450
509515.392200,6944465.446000,27.319517,450
509514.988100,6944465.151000,27.321341,450
509514.583900,6944464.857000,27.315200,450
509514.179800,6944464.563000,27.309041,450
509513.951600,6944464.396000,27.300000,450
509513.775600,6944464.268000,27.292675,450
509512.563200,6944463.385000,27.122621,450
509512.159000,6944463.091000,27.014953,450
509511.754900,6944462.796000,26.901403,450
509511.394900,6944462.534000,26.800000,450
509511.350700,6944462.502000,26.786768,450
509510.946600,6944462.208000,26.652202,450
509510.542400,6944461.913000,26.515030,450
509510.138300,6944461.619000,26.373517,450
509509.912200,6944461.454000,26.300000,450
509509.734200,6944461.324000,26.240173,450
509509.330000,6944461.030000,26.124334,450
509508.925900,6944460.736000,26.007651,450
509508.521700,6944460.441000,25.892618,450
509508.117600,6944460.147000,25.810111,450
509508.067800,6944460.111000,25.800000,450
509507.713400,6944459.852000,25.727312,450
509507.309300,6944459.558000,25.644537,450
509506.905100,6944459.264000,25.576181,450
509506.501000,6944458.969000,25.515074,450
509506.096800,6944458.675000,25.453934,450
509505.692700,6944458.380000,25.399348,450
509505.288500,6944458.086000,25.356938,450
509504.884400,6944457.792000,25.314599,450
509504.742600,6944457.688000,25.300000,450
509504.480300,6944457.497000,25.270021,450
509504.076100,6944457.203000,25.248239,450
509503.672000,6944456.909000,25.226355,450
509503.267800,6944456.614000,25.204471,450
509502.863700,6944456.320000,25.196887,450
509502.459500,6944456.025000,25.194685,450
509502.055400,6944455.731000,25.192486,450
509501.651200,6944455.437000,25.187765,450
509501.247100,6944455.142000,25.179555,450
509500.842900,6944454.848000,25.171463,450
509500.438800,6944454.553000,25.159812,450
509500.034600,6944454.259000,25.114991,450
509499.630500,6944453.965000,25.069933,450
509499.226400,6944453.670000,25.025344,450
509498.822200,6944453.376000,24.948151,450
509498.418100,6944453.081000,24.862712,450
509498.121600,6944452.865000,24.800000,450
509498.013900,6944452.787000,24.777134,450
509497.609800,6944452.493000,24.687073,450
509497.205600,6944452.198000,24.592198,450
509496.801500,6944451.904000,24.497552,450
509496.397300,6944451.609000,24.406475,450
509495.993200,6944451.315000,24.333341,450
509495.807700,6944451.180000,24.300000,450
509495.589000,6944451.021000,24.256194,450
509495.184900,6944450.726000,24.175600,450
509494.780700,6944450.432000,24.111088,450
509494.376600,6944450.138000,24.050233,450
509493.972500,6944449.843000,23.989545,450
509493.568300,6944449.549000,23.922555,450
509493.164200,6944449.254000,23.850476,450
509492.881200,6944449.048000,23.800000,450
509492.760000,6944448.960000,23.777928,450
509492.355900,6944448.666000,23.697711,450
509491.951700,6944448.371000,23.596651,450
509491.547600,6944448.077000,23.495413,450
509491.143400,6944447.782000,23.394291,450
509490.794800,6944447.528000,23.300000,450
509490.739300,6944447.488000,23.283604,450
509490.335100,6944447.194000,23.164575,450
509489.931000,6944446.899000,23.046176,450
509489.526800,6944446.605000,22.947554,450
509489.122700,6944446.310000,22.861573,450
509488.834300,6944446.100000,22.800000,450
509488.718600,6944446.016000,22.773767,450
509488.314400,6944445.722000,22.697957,450
509487.102000,6944444.838000,22.576558,450
509525.900000,6944473.100000,27.046080,450
509525.495900,6944472.806000,27.085968,450
509525.495900,6944472.806000,26.839606,455
509525.091700,6944472.511000,26.896468,455
509524.687600,6944472.217000,26.953314,455
509524.283400,6944471.922000,27.004471,455
509523.475100,6944471.334000,27.101670,455
509523.071000,6944471.039000,27.139657,455
509522.262700,6944470.450000,27.180898,455
509521.858500,6944470.156000,27.199998,455
509520.646100,6944469.273000,27.195686,455
509520.242000,6944468.979000,27.187464,455
509519.433700,6944468.390000,27.166705,455
509519.029500,6944468.095000,27.158567,455
509518.221200,6944467.507000,27.147807,455
509517.817100,6944467.212000,27.144030,455
509516.604600,6944466.329000,27.162749,455
509516.200500,6944466.035000,27.173745,455
509515.392200,6944465.446000,27.197720,455
509514.988100,6944465.151000,27.200908,455
509514.179800,6944464.563000,27.190858,455
509513.775600,6944464.268000,27.175592,455
509512.563200,6944463.385000,27.012019,455
509512.159000,6944463.091000,26.906761,455
509511.771100,6944462.808000,26.800000,455
509511.754900,6944462.796000,26.795253,455
509511.350700,6944462.502000,26.674228,455
509510.946600,6944462.208000,26.544571,455
509510.542400,6944461.913000,26.411209,455
509510.222000,6944461.680000,26.300000,455
509510.138300,6944461.619000,26.269464,455
509509.734200,6944461.324000,26.134715,455
509509.330000,6944461.030000,26.021950,455
509508.925900,6944460.736000,25.908744,455
509508.534900,6944460.451000,25.800000,455
509508.521700,6944460.441000,25.796347,455
509508.117600,6944460.147000,25.713387,455
509507.713400,6944459.852000,25.631433,455
509507.309300,6944459.558000,25.549915,455
509506.905100,6944459.264000,25.482254,455
509506.501000,6944458.969000,25.421397,455
509506.096800,6944458.675000,25.360488,455
509505.692700,6944458.380000,25.306121,455
509505.634200,6944458.338000,25.300000,455
509505.288500,6944458.086000,25.259847,455
509504.884400,6944457.792000,25.212943,455
509504.480300,6944457.497000,25.166860,455
509504.076100,6944457.203000,25.145083,455
509503.672000,6944456.909000,25.123226,455
509503.267800,6944456.614000,25.101368,455
509502.863700,6944456.320000,25.093708,455
509502.459500,6944456.025000,25.091408,455
509502.055400,6944455.731000,25.089110,455
509501.651200,6944455.437000,25.084176,455
509501.247100,6944455.142000,25.075572,455
509500.842900,6944454.848000,25.067053,455
509500.438800,6944454.553000,25.054876,455
509500.034600,6944454.259000,25.009338,455
509499.630500,6944453.965000,24.963656,455
509499.226400,6944453.670000,24.918256,455
509498.822200,6944453.376000,24.840521,455
509498.631400,6944453.237000,24.800000,455
509498.418100,6944453.081000,24.754458,455
509498.013900,6944452.787000,24.668394,455
509497.609800,6944452.493000,24.578111,455
509497.205600,6944452.198000,24.483550,455
509496.801500,6944451.904000,24.389322,455
509496.403100,6944451.614000,24.300000,455
509496.397300,6944451.609000,24.298514,455
509495.993200,6944451.315000,24.216662,455
509495.589000,6944451.021000,24.137333,455
509495.184900,6944450.726000,24.058649,455
509494.780700,6944450.432000,23.996163,455
509494.376600,6944450.138000,23.937006,455
509493.972500,6944449.843000,23.877855,455
509493.568300,6944449.549000,23.811562,455
509493.503400,6944449.501000,23.800000,455
509493.164200,6944449.254000,23.738285,455
509492.760000,6944448.960000,23.664759,455
509492.355900,6944448.666000,23.584365,455
509491.951700,6944448.371000,23.482005,455
509491.547600,6944448.077000,23.379394,455
509491.233500,6944447.848000,23.300000,455
509491.143400,6944447.782000,23.274980,455
509490.739300,6944447.488000,23.155565,455
509490.335100,6944447.194000,23.035837,455
509489.931000,6944446.899000,22.916169,455
509489.526800,6944446.605000,22.817189,455
509489.445900,6944446.546000,22.800000,455
509489.122700,6944446.310000,22.727068,455
509488.718600,6944446.016000,22.635781,455
509488.314400,6944445.722000,22.560566,455
509487.102000,6944444.838000,22.441635,455
509525.900000,6944473.100000,26.784463,455
509525.782900,6944473.015000,26.800000,455
509525.091700,6944472.511000,26.678447,460
509524.687600,6944472.217000,26.744436,460
509524.330400,6944471.957000,26.800000,460
509524.283400,6944471.922000,26.807217,460
509523.475100,6944471.334000,26.933119,460
509523.071000,6944471.039000,26.982741,460
509522.262700,6944470.450000,27.038360,460
509521.858500,6944470.156000,27.064325,460
509520.646100,6944469.273000,27.067518,460
509520.242000,6944468.979000,27.060190,460
509519.433700,6944468.390000,27.040196,460
509519.029500,6944468.095000,27.032234,460
509518.221200,6944467.507000,27.021322,460
509517.817100,6944467.212000,27.017515,460
509516.604600,6944466.329000,27.037007,460
509516.200500,6944466.035000,27.048790,460
509515.392200,6944465.446000,27.074558,460
509514.988100,6944465.151000,27.078991,460
509514.179800,6944464.563000,27.072082,460
509513.775600,6944464.268000,27.058508,460
509512.563200,6944463.385000,26.901418,460
509512.164800,6944463.095000,26.800000,460
509512.159000,6944463.091000,26.798424,460
509511.754900,6944462.796000,26.679872,460
509511.350700,6944462.502000,26.561688,460
509510.946600,6944462.208000,26.436940,460
509510.542400,6944461.913000,26.307389,460
509510.521200,6944461.898000,26.300000,460
509510.138300,6944461.619000,26.160356,460
509509.734200,6944461.324000,26.029256,460
509509.330000,6944461.030000,25.919566,460
509508.925900,6944460.736000,25.809837,460
509508.890500,6944460.710000,25.800000,460
509508.521700,6944460.441000,25.698110,460
509508.117600,6944460.147000,25.616466,460
509507.713400,6944459.852000,25.535555,460
509507.309300,6944459.558000,25.455294,460
509506.905100,6944459.264000,25.388328,460
509506.501000,6944458.969000,25.327721,460
509506.316600,6944458.835000,25.300000,460
509506.096800,6944458.675000,25.263377,460
509505.692700,6944458.380000,25.203279,460
509505.288500,6944458.086000,25.156452,460
509504.884400,6944457.792000,25.109660,460
509504.480300,6944457.497000,25.063700,460
509504.076100,6944457.203000,25.041927,460
509503.672000,6944456.909000,25.020096,460
509503.267800,6944456.614000,24.998266,460
509502.863700,6944456.320000,24.990529,460
509502.459500,6944456.025000,24.988131,460
509502.055400,6944455.731000,24.985734,460
509501.651200,6944455.437000,24.980588,460
509501.247100,6944455.142000,24.971589,460
509500.842900,6944454.848000,24.962643,460
509500.438800,6944454.553000,24.949939,460
509500.034600,6944454.259000,24.903685,460
509499.630500,6944453.965000,24.857378,460
509499.226400,6944453.670000,24.811168,460
509499.168400,6944453.628000,24.800000,460
509498.822200,6944453.376000,24.732928,460
509498.418100,6944453.081000,24.646282,460
509498.013900,6944452.787000,24.559655,460
509497.609800,6944452.493000,24.469148,460
509497.205600,6944452.198000,24.374902,460
509496.883200,6944451.963000,24.300000,460
509496.801500,6944451.904000,24.278030,460
509496.397300,6944451.609000,24.174150,460
509495.993200,6944451.315000,24.095413,460
509495.589000,6944451.021000,24.018472,460
509495.184900,6944450.726000,23.941698,460
509494.780700,6944450.432000,23.881238,460
509494.376600,6944450.138000,23.823778,460
509494.211100,6944450.017000,23.800000,460
509493.972500,6944449.843000,23.765382,460
509493.568300,6944449.549000,23.698424,460
509493.164200,6944449.254000,23.625008,460
509492.760000,6944448.960000,23.551589,460
509492.355900,6944448.666000,23.471020,460
509491.951700,6944448.371000,23.367359,460
509491.688800,6944448.180000,23.300000,460
509491.547600,6944448.077000,23.260236,460
509491.143400,6944447.782000,23.147553,460
509490.739300,6944447.488000,23.027525,460
509490.335100,6944447.194000,22.907099,460
509489.976800,6944446.933000,22.800000,460
509489.931000,6944446.899000,22.785186,460
509489.526800,6944446.605000,22.679315,460
509489.122700,6944446.310000,22.588563,460
509488.718600,6944446.016000,22.497795,460
509488.314400,6944445.722000,22.423175,460
509487.102000,6944444.838000,22.306711,460
509525.900000,6944473.100000,26.547477,460
509525.495900,6944472.806000,26.613659,460
509525.091700,6944472.511000,26.468674,465
509524.687600,6944472.217000,26.544732,465
509524.283400,6944471.922000,26.619967,465
509523.879300,6944471.628000,26.691956,465
509523.475100,6944471.334000,26.765237,465
509523.248400,6944471.169000,26.800000,465
509523.071000,6944471.039000,26.825824,465
509522.262700,6944470.450000,26.895821,465
509521.858500,6944470.156000,26.928652,465
509520.646100,6944469.273000,26.939350,465
509520.242000,6944468.979000,26.932917,465
509519.433700,6944468.390000,26.913687,465
509519.029500,6944468.095000,26.905902,465
509518.221200,6944467.507000,26.894838,465
509517.817100,6944467.212000,26.891000,465
509516.604600,6944466.329000,26.911266,465
509516.200500,6944466.035000,26.923835,465
509515.392200,6944465.446000,26.951395,465
509514.988100,6944465.151000,26.957073,465
509514.179800,6944464.563000,26.953305,465
509513.775600,6944464.268000,26.941424,465
509512.967300,6944463.679000,26.841019,465
509512.638300,6944463.440000,26.800000,465
509512.563200,6944463.385000,26.789643,465
509512.159000,6944463.091000,26.679202,465
509511.754900,6944462.796000,26.564491,465
509511.350700,6944462.502000,26.449147,465
509510.946600,6944462.208000,26.329310,465
509510.855000,6944462.141000,26.300000,465
509510.542400,6944461.913000,26.192539,465
509510.138300,6944461.619000,26.051249,465
509509.734200,6944461.324000,25.923797,465
509509.330000,6944461.030000,25.817182,465
509509.266500,6944460.984000,25.800000,465
509508.925900,6944460.736000,25.707852,465
509508.521700,6944460.441000,25.599872,465
509508.117600,6944460.147000,25.519545,465
509507.713400,6944459.852000,25.439676,465
509507.309300,6944459.558000,25.360672,465
509506.939500,6944459.289000,25.300000,465
509506.905100,6944459.264000,25.293743,465
509506.501000,6944458.969000,25.226516,465
509506.096800,6944458.675000,25.159540,465
509505.692700,6944458.380000,25.099762,465
509505.288500,6944458.086000,25.053056,465
509504.884400,6944457.792000,25.006378,465
509504.480300,6944457.497000,24.960539,465
509504.076100,6944457.203000,24.938771,465
509503.672000,6944456.909000,24.916967,465
509503.267800,6944456.614000,24.895163,465
509502.863700,6944456.320000,24.887350,465
509502.459500,6944456.025000,24.884853,465
509502.055400,6944455.731000,24.882358,465
509501.651200,6944455.437000,24.877000,465
509501.247100,6944455.142000,24.867606,465
509500.842900,6944454.848000,24.858233,465
509500.438800,6944454.553000,24.845003,465
509500.051500,6944454.271000,24.800000,465
509500.034600,6944454.259000,24.798034,465
509499.630500,6944453.965000,24.751085,465
509499.226400,6944453.670000,24.704097,465
509498.822200,6944453.376000,24.625358,465
509498.418100,6944453.081000,24.538105,465
509498.013900,6944452.787000,24.450916,465
509497.609800,6944452.493000,24.360186,465
509497.351100,6944452.304000,24.300000,465
509497.205600,6944452.198000,24.260431,465
509496.801500,6944451.904000,24.152271,465
509496.397300,6944451.609000,24.049786,465
509495.993200,6944451.315000,23.974163,465
509495.589000,6944451.021000,23.899611,465
509495.184900,6944450.726000,23.824748,465
509495.015500,6944450.603000,23.800000,465
509494.780700,6944450.432000,23.765421,465
509493.972500,6944449.843000,23.651109,465
509493.568300,6944449.549000,23.585037,465
509493.164200,6944449.254000,23.511730,465
509492.760000,6944448.960000,23.438420,465
509492.355900,6944448.666000,23.357675,465
509492.132700,6944448.503000,23.300000,465
509491.951700,6944448.371000,23.248443,465
509491.547600,6944448.077000,23.134275,465
509491.143400,6944447.782000,23.020126,465
509490.739300,6944447.488000,22.899486,465
509490.407000,6944447.246000,22.800000,465
509490.335100,6944447.194000,22.776692,465
509489.931000,6944446.899000,22.646003,465
509489.526800,6944446.605000,22.540301,465
509489.122700,6944446.310000,22.450058,465
509488.718600,6944446.016000,22.359809,465
509488.392300,6944445.778000,22.300000,465
509488.314400,6944445.722000,22.285268,465
509487.910300,6944445.427000,22.245801,465
509487.506100,6944445.133000,22.206211,465
509487.102000,6944444.838000,22.166768,465
509525.900000,6944473.100000,26.310492,465
509525.495900,6944472.806000,26.391623,465
509525.091700,6944472.511000,26.261721,470
509524.903800,6944472.374000,26.300000,470
509524.687600,6944472.217000,26.345028,470
509524.283400,6944471.922000,26.433096,470
509523.879300,6944471.628000,26.516663,470
509523.475100,6944471.334000,26.599865,470
509523.071000,6944471.039000,26.668251,470
509522.666800,6944470.745000,26.710065,470
509522.262700,6944470.450000,26.752135,470
509521.858500,6944470.156000,26.792673,470
509521.454400,6944469.862000,26.798998,470
509521.391900,6944469.816000,26.800000,470
509521.050200,6944469.567000,26.805115,470
509520.646100,6944469.273000,26.811182,470
509520.242000,6944468.979000,26.805643,470
509519.995200,6944468.799000,26.800000,470
509519.837800,6944468.684000,26.796095,470
509519.433700,6944468.390000,26.785960,470
509519.029500,6944468.095000,26.777477,470
509518.625400,6944467.801000,26.771087,470
509518.221200,6944467.507000,26.764630,470
509517.817100,6944467.212000,26.760078,470
509517.412900,6944466.918000,26.767797,470
509517.008800,6944466.623000,26.775586,470
509516.604600,6944466.329000,26.783456,470
509516.200500,6944466.035000,26.798716,470
509516.169900,6944466.012000,26.800000,470
509515.796300,6944465.740000,26.813557,470
509515.392200,6944465.446000,26.828233,470
509514.988100,6944465.151000,26.835156,470
509514.179800,6944464.563000,26.834529,470
509513.775600,6944464.268000,26.824341,470
509513.572700,6944464.120000,26.800000,470
509513.371500,6944463.974000,26.773010,470
509512.967300,6944463.679000,26.718833,470
509512.563200,6944463.385000,26.664907,470
509512.159000,6944463.091000,26.559981,470
509511.754900,6944462.796000,26.449110,470
509511.350700,6944462.502000,26.336607,470
509511.225900,6944462.411000,26.300000,470
509510.946600,6944462.208000,26.211467,470
509510.542400,6944461.913000,26.076845,470
509510.138300,6944461.619000,25.942141,470
509509.734200,6944461.324000,25.818338,470
509509.664300,6944461.273000,25.800000,470
509509.330000,6944461.030000,25.712415,470
509508.925900,6944460.736000,25.605527,470
509508.521700,6944460.441000,25.501635,470
509508.117600,6944460.147000,25.422624,470
509507.713400,6944459.852000,25.343797,470
509507.487100,6944459.688000,25.300000,470
509507.309300,6944459.558000,25.262038,470
509506.905100,6944459.264000,25.188783,470
509506.501000,6944458.969000,25.122146,470
509506.096800,6944458.675000,25.055703,470
509505.692700,6944458.380000,24.996244,470
509505.288500,6944458.086000,24.949661,470
509504.884400,6944457.792000,24.903095,470
509504.480300,6944457.497000,24.857379,470
509504.076100,6944457.203000,24.835614,470
509503.672000,6944456.909000,24.813837,470
509503.415200,6944456.721000,24.800000,470
509503.267800,6944456.614000,24.792060,470
509502.863700,6944456.320000,24.784171,470
509502.055400,6944455.731000,24.778975,470
509501.651200,6944455.437000,24.773396,470
509500.842900,6944454.848000,24.753791,470
509500.438800,6944454.553000,24.740041,470
509500.034600,6944454.259000,24.692459,470
509499.630500,6944453.965000,24.644774,470
509499.226400,6944453.670000,24.597028,470
509498.822200,6944453.376000,24.517788,470
509498.418100,6944453.081000,24.429929,470
509498.013900,6944452.787000,24.342176,470
509497.826300,6944452.650000,24.300000,470
509497.609800,6944452.493000,24.241785,470
509497.205600,6944452.198000,24.133032,470
509496.801500,6944451.904000,24.026513,470
509496.397300,6944451.609000,23.925422,470
509495.993200,6944451.315000,23.852913,470
509495.698400,6944451.100000,23.800000,470
509495.589000,6944451.021000,23.780117,470
509495.184900,6944450.726000,23.705432,470
509494.780700,6944450.432000,23.647451,470
509493.972500,6944449.843000,23.536836,470
509493.568300,6944449.549000,23.471651,470
509493.164200,6944449.254000,23.398453,470
509492.760000,6944448.960000,23.325251,470
509492.633800,6944448.868000,23.300000,470
509492.355900,6944448.666000,23.238977,470
509491.951700,6944448.371000,23.123445,470
509491.547600,6944448.077000,23.008315,470
509491.143400,6944447.782000,22.892699,470
509490.834100,6944447.557000,22.800000,470
509490.739300,6944447.488000,22.769197,470
509490.335100,6944447.194000,22.638031,470
509489.931000,6944446.899000,22.506820,470
509489.526800,6944446.605000,22.401287,470
509489.122700,6944446.310000,22.311552,470
509489.070800,6944446.273000,22.300000,470
509488.718600,6944446.016000,22.218933,470
509488.314400,6944445.722000,22.142884,470
509487.910300,6944445.427000,22.104040,470
509487.506100,6944445.133000,22.065083,470
509487.102000,6944444.838000,22.026563,470
509525.900000,6944473.100000,26.099099,470
509525.495900,6944472.806000,26.180764,470
509525.091700,6944472.511000,26.066347,475
509524.687600,6944472.217000,26.154658,475
509524.283400,6944471.922000,26.247996,475
509524.061400,6944471.761000,26.300000,475
509523.879300,6944471.628000,26.341370,475
509523.475100,6944471.334000,26.434494,475
509523.071000,6944471.039000,26.510548,475
509522.666800,6944470.745000,26.558601,475
509522.262700,6944470.450000,26.606093,475
509521.858500,6944470.156000,26.651073,475
509521.454400,6944469.862000,26.658993,475
509521.050200,6944469.567000,26.666900,475
509520.646100,6944469.273000,26.674818,475
509520.242000,6944468.979000,26.668705,475
509519.837800,6944468.684000,26.658083,475
509519.433700,6944468.390000,26.647436,475
509519.029500,6944468.095000,26.638205,475
509518.625400,6944467.801000,26.630728,475
509518.221200,6944467.507000,26.623269,475
509517.817100,6944467.212000,26.617864,475
509517.412900,6944466.918000,26.625141,475
509517.008800,6944466.623000,26.632430,475
509516.604600,6944466.329000,26.639741,475
509516.200500,6944466.035000,26.655479,475
509515.796300,6944465.740000,26.672965,475
509515.392200,6944465.446000,26.690479,475
509514.988100,6944465.151000,26.699750,475
509514.583900,6944464.857000,26.701292,475
509514.179800,6944464.563000,26.702838,475
509513.775600,6944464.268000,26.693378,475
509513.371500,6944463.974000,26.642142,475
509512.967300,6944463.679000,26.591258,475
509512.563200,6944463.385000,26.540171,475
509512.159000,6944463.091000,26.440760,475
509511.754900,6944462.796000,26.333728,475
509511.632700,6944462.707000,26.300000,475
509511.350700,6944462.502000,26.214237,475
509510.946600,6944462.208000,26.089804,475
509510.542400,6944461.913000,25.961151,475
509510.138300,6944461.619000,25.833033,475
509510.029900,6944461.540000,25.800000,475
509509.734200,6944461.324000,25.710608,475
509509.330000,6944461.030000,25.607167,475
509508.925900,6944460.736000,25.503203,475
509508.521700,6944460.441000,25.403397,475
509508.117600,6944460.147000,25.325703,475
509507.985000,6944460.050000,25.300000,475
509507.713400,6944459.852000,25.241589,475
509507.309300,6944459.558000,25.156232,475
509506.905100,6944459.264000,25.083822,475
509506.501000,6944458.969000,25.017776,475
509506.096800,6944458.675000,24.951866,475
509505.692700,6944458.380000,24.892726,475
509505.288500,6944458.086000,24.846265,475
509504.886000,6944457.793000,24.800000,475
509504.884400,6944457.792000,24.799813,475
509504.480300,6944457.497000,24.754208,475
509504.076100,6944457.203000,24.732434,475
509503.672000,6944456.909000,24.710708,475
509503.267800,6944456.614000,24.688958,475
509502.863700,6944456.320000,24.680993,475
509502.055400,6944455.731000,24.675566,475
509501.651200,6944455.437000,24.669747,475
509500.842900,6944454.848000,24.649308,475
509500.438800,6944454.553000,24.635061,475
509500.034600,6944454.259000,24.586885,475
509499.630500,6944453.965000,24.538462,475
509499.226400,6944453.670000,24.489959,475
509498.822200,6944453.376000,24.410218,475
509498.418100,6944453.081000,24.321753,475
509498.318100,6944453.009000,24.300000,475
509498.013900,6944452.787000,24.219435,475
509497.609800,6944452.493000,24.111740,475
509497.205600,6944452.198000,24.005633,475
509496.801500,6944451.904000,23.900755,475
509496.397300,6944451.609000,23.801058,475
509496.391300,6944451.605000,23.800000,475
509495.993200,6944451.315000,23.729222,475
509495.184900,6944450.726000,23.585481,475
509494.780700,6944450.432000,23.529482,475
509493.972500,6944449.843000,23.422562,475
509493.568300,6944449.549000,23.358264,475
509493.246200,6944449.314000,23.300000,475
509493.164200,6944449.254000,23.283732,475
509492.760000,6944448.960000,23.203556,475
509492.355900,6944448.666000,23.114734,475
509491.951700,6944448.371000,22.998447,475
509491.547600,6944448.077000,22.882355,475
509491.262300,6944447.869000,22.800000,475
509491.143400,6944447.782000,22.762490,475
509490.739300,6944447.488000,22.631066,475
509490.335100,6944447.194000,22.499370,475
509489.931000,6944446.899000,22.367638,475
509489.671700,6944446.710000,22.300000,475
509489.526800,6944446.605000,22.260945,475
509489.122700,6944446.310000,22.168440,475
509488.718600,6944446.016000,22.075845,475
509488.314400,6944445.722000,22.000500,475
509487.910300,6944445.427000,21.962280,475
509487.506100,6944445.133000,21.923956,475
509487.102000,6944444.838000,21.886357,475
509525.900000,6944473.100000,25.888892,475
509525.495900,6944472.806000,25.977758,475
509525.392800,6944472.731000,25.800000,480
509525.091700,6944472.511000,25.870972,480
509524.687600,6944472.217000,25.967006,480
509524.283400,6944471.922000,26.067282,480
509523.879300,6944471.628000,26.167853,480
509523.475100,6944471.334000,26.269069,480
509523.330500,6944471.228000,26.300000,480
509523.071000,6944471.039000,26.352846,480
509522.666800,6944470.745000,26.407138,480
509522.262700,6944470.450000,26.460052,480
509521.858500,6944470.156000,26.509473,480
509521.454400,6944469.862000,26.518988,480
509521.050200,6944469.567000,26.528378,480
509520.646100,6944469.273000,26.537670,480
509520.242000,6944468.979000,26.531320,480
509519.837800,6944468.684000,26.520071,480
509519.433700,6944468.390000,26.508913,480
509519.029500,6944468.095000,26.498932,480
509518.625400,6944467.801000,26.490368,480
509518.221200,6944467.507000,26.481908,480
509517.817100,6944467.212000,26.475649,480
509517.412900,6944466.918000,26.482486,480
509517.008800,6944466.623000,26.489275,480
509516.604600,6944466.329000,26.496027,480
509516.200500,6944466.035000,26.512242,480
509515.796300,6944465.740000,26.530345,480
509515.392200,6944465.446000,26.548384,480
509514.988100,6944465.151000,26.558878,480
509514.583900,6944464.857000,26.562360,480
509514.179800,6944464.563000,26.565854,480
509513.775600,6944464.268000,26.558772,480
509513.371500,6944463.974000,26.511273,480
509512.967300,6944463.679000,26.463684,480
509512.563200,6944463.385000,26.415435,480
509512.159000,6944463.091000,26.321539,480
509512.076800,6944463.031000,26.300000,480
509511.754900,6944462.796000,26.204975,480
509511.350700,6944462.502000,26.087128,480
509510.946600,6944462.208000,25.968141,480
509510.542400,6944461.913000,25.845456,480
509510.396800,6944461.807000,25.800000,480
509510.138300,6944461.619000,25.719934,480
509509.734200,6944461.324000,25.602399,480
509509.330000,6944461.030000,25.501919,480
509508.925900,6944460.736000,25.400879,480
509508.521700,6944460.441000,25.305160,480
509508.494800,6944460.422000,25.300000,480
509508.117600,6944460.147000,25.219328,480
509507.713400,6944459.852000,25.134060,480
509507.309300,6944459.558000,25.050427,480
509506.905100,6944459.264000,24.978862,480
509506.501000,6944458.969000,24.913405,480
509506.096800,6944458.675000,24.848029,480
509505.767000,6944458.435000,24.800000,480
509505.692700,6944458.380000,24.789208,480
509505.288500,6944458.086000,24.742860,480
509504.884400,6944457.792000,24.696520,480
509504.480300,6944457.497000,24.651025,480
509504.076100,6944457.203000,24.629241,480
509503.672000,6944456.909000,24.607578,480
509503.267800,6944456.614000,24.585855,480
509502.863700,6944456.320000,24.577814,480
509502.055400,6944455.731000,24.572157,480
509501.651200,6944455.437000,24.566098,480
509500.842900,6944454.848000,24.544826,480
509500.438800,6944454.553000,24.530081,480
509500.034600,6944454.259000,24.481310,480
509499.630500,6944453.965000,24.432151,480
509499.226400,6944453.670000,24.382890,480
509498.822200,6944453.376000,24.302648,480
509498.810100,6944453.367000,24.300000,480
509498.418100,6944453.081000,24.194621,480
509498.013900,6944452.787000,24.087820,480
509497.609800,6944452.493000,23.981694,480
509497.205600,6944452.198000,23.878234,480
509496.900300,6944451.976000,23.800000,480
509496.801500,6944451.904000,23.773966,480
509496.397300,6944451.609000,23.672698,480
509495.184900,6944450.726000,23.465531,480
509494.780700,6944450.432000,23.411513,480
509493.972500,6944449.843000,23.308289,480
509493.920000,6944449.805000,23.300000,480
509493.568300,6944449.549000,23.239463,480
509493.164200,6944449.254000,23.159419,480
509492.760000,6944448.960000,23.079413,480
509492.355900,6944448.666000,22.990492,480
509491.951700,6944448.371000,22.873449,480
509491.697400,6944448.186000,22.800000,480
509491.547600,6944448.077000,22.752596,480
509491.143400,6944447.782000,22.624855,480
509490.739300,6944447.488000,22.492936,480
509490.335100,6944447.194000,22.360708,480
509490.149200,6944447.058000,22.300000,480
509489.931000,6944446.899000,22.226053,480
509489.526800,6944446.605000,22.117041,480
509489.122700,6944446.310000,22.024909,480
509488.718600,6944446.016000,21.932757,480
509488.314400,6944445.722000,21.858115,480
509487.910300,6944445.427000,21.820519,480
509487.690700,6944445.267000,21.800000,480
509487.506100,6944445.133000,21.780517,480
509487.102000,6944444.838000,21.738530,480
509525.900000,6944473.100000,25.683924,480
509525.495900,6944472.806000,25.776105,480
509525.091700,6944472.511000,25.681643,485
509524.687600,6944472.217000,25.780024,485
509524.612100,6944472.162000,25.800000,485
509524.283400,6944471.922000,25.886567,485
509523.879300,6944471.628000,25.994885,485
509523.475100,6944471.334000,26.103411,485
509523.071000,6944471.039000,26.193719,485
509522.666800,6944470.745000,26.254209,485
509522.362500,6944470.523000,26.300000,485
509522.262700,6944470.450000,26.314010,485
509521.858500,6944470.156000,26.367874,485
509521.454400,6944469.862000,26.378983,485
509521.050200,6944469.567000,26.389857,485
509520.646100,6944469.273000,26.400522,485
509520.242000,6944468.979000,26.393934,485
509519.837800,6944468.684000,26.382059,485
509519.433700,6944468.390000,26.370389,485
509519.029500,6944468.095000,26.359660,485
509518.625400,6944467.801000,26.350009,485
509518.221200,6944467.507000,26.340546,485
509517.817100,6944467.212000,26.333435,485
509517.412900,6944466.918000,26.339831,485
509517.008800,6944466.623000,26.346119,485
509516.604600,6944466.329000,26.352312,485
509516.200500,6944466.035000,26.369006,485
509515.796300,6944465.740000,26.387724,485
509515.392200,6944465.446000,26.406290,485
509514.988100,6944465.151000,26.418006,485
509514.583900,6944464.857000,26.423428,485
509514.179800,6944464.563000,26.428870,485
509513.775600,6944464.268000,26.424166,485
509513.371500,6944463.974000,26.380405,485
509512.967300,6944463.679000,26.336109,485
509512.647400,6944463.446000,26.300000,485
509512.563200,6944463.385000,26.288876,485
509512.159000,6944463.091000,26.183496,485
509511.754900,6944462.796000,26.070697,485
509511.350700,6944462.502000,25.960019,485
509510.946600,6944462.208000,25.846477,485
509510.790500,6944462.094000,25.800000,485
509510.542400,6944461.913000,25.726567,485
509510.138300,6944461.619000,25.605100,485
509509.734200,6944461.324000,25.494191,485
509509.330000,6944461.030000,25.396671,485
509508.932000,6944460.740000,25.300000,485
509508.925900,6944460.736000,25.298368,485
509508.521700,6944460.441000,25.193777,485
509508.117600,6944460.147000,25.109541,485
509507.713400,6944459.852000,25.026531,485
509507.309300,6944459.558000,24.944621,485
509506.905100,6944459.264000,24.873902,485
509506.501000,6944458.969000,24.809035,485
509506.444900,6944458.928000,24.800000,485
509506.096800,6944458.675000,24.744134,485
509505.692700,6944458.380000,24.685686,485
509505.288500,6944458.086000,24.639448,485
509504.884400,6944457.792000,24.593227,485
509504.480300,6944457.497000,24.547841,485
509504.076100,6944457.203000,24.526049,485
509503.672000,6944456.909000,24.504448,485
509503.267800,6944456.614000,24.482752,485
509502.863700,6944456.320000,24.474635,485
509502.055400,6944455.731000,24.468748,485
509501.651200,6944455.437000,24.462449,485
509500.842900,6944454.848000,24.440343,485
509500.438800,6944454.553000,24.425100,485
509500.034600,6944454.259000,24.375736,485
509499.630500,6944453.965000,24.325839,485
509499.421000,6944453.812000,24.300000,485
509499.226400,6944453.670000,24.269696,485
509498.822200,6944453.376000,24.170232,485
509498.418100,6944453.081000,24.062717,485
509498.013900,6944452.787000,23.956206,485
509497.609800,6944452.493000,23.851648,485
509497.404800,6944452.343000,23.800000,485
509497.205600,6944452.198000,23.748472,485
509496.801500,6944451.904000,23.643020,485
509496.397300,6944451.609000,23.544302,485
509495.184900,6944450.726000,23.345580,485
509494.831600,6944450.469000,23.300000,485
509494.780700,6944450.432000,23.292910,485
509494.376600,6944450.138000,23.238238,485
509493.972500,6944449.843000,23.183543,485
509493.568300,6944449.549000,23.114939,485
509493.164200,6944449.254000,23.035106,485
509492.760000,6944448.960000,22.955269,485
509492.355900,6944448.666000,22.866249,485
509492.128000,6944448.500000,22.800000,485
509491.951700,6944448.371000,22.743860,485
509491.547600,6944448.077000,22.615664,485
509491.143400,6944447.782000,22.487221,485
509490.739300,6944447.488000,22.354806,485
509490.572100,6944447.366000,22.300000,485
509490.335100,6944447.194000,22.219463,485
509489.931000,6944446.899000,22.082197,485
509489.526800,6944446.605000,21.973136,485
509489.122700,6944446.310000,21.881378,485
509488.764200,6944446.049000,21.800000,485
509488.718600,6944446.016000,21.788392,485
509488.314400,6944445.722000,21.704919,485
509487.910300,6944445.427000,21.662774,485
509487.506100,6944445.133000,21.620387,485
509487.102000,6944444.838000,21.578482,485
509525.900000,6944473.100000,25.482795,485
509525.495900,6944472.806000,25.583978,485
509525.495900,6944472.806000,25.391850,490
509525.091700,6944472.511000,25.495763,490
509524.687600,6944472.217000,25.598470,490
509524.283400,6944471.922000,25.709378,490
509523.958300,6944471.686000,25.800000,490
509523.879300,6944471.628000,25.821916,490
509523.475100,6944471.334000,25.937752,490
509523.071000,6944471.039000,26.033875,490
509522.666800,6944470.745000,26.097736,490
509522.262700,6944470.450000,26.161589,490
509521.858500,6944470.156000,26.221913,490
509520.646100,6944469.273000,26.259750,490
509520.242000,6944468.979000,26.251741,490
509519.433700,6944468.390000,26.222600,490
509519.029500,6944468.095000,26.208524,490
509518.221200,6944467.507000,26.181587,490
509517.817100,6944467.212000,26.170779,490
509516.604600,6944466.329000,26.188229,490
509516.200500,6944466.035000,26.208607,490
509515.392200,6944465.446000,26.255429,490
509514.988100,6944465.151000,26.271495,490
509514.179800,6944464.563000,26.289920,490
509513.775600,6944464.268000,26.287064,490
509512.967300,6944463.679000,26.188827,490
509512.563200,6944463.385000,26.139688,490
509512.159000,6944463.091000,26.041303,490
509511.754900,6944462.796000,25.936420,490
509511.350700,6944462.502000,25.832909,490
509511.231400,6944462.415000,25.800000,490
509510.946600,6944462.208000,25.722113,490
509510.542400,6944461.913000,25.605612,490
509510.138300,6944461.619000,25.490267,490
509509.734200,6944461.324000,25.385983,490
509509.367600,6944461.057000,25.300000,490
509509.330000,6944461.030000,25.290144,490
509508.925900,6944460.736000,25.182900,490
509508.521700,6944460.441000,25.081666,490
509508.117600,6944460.147000,24.999754,490
509507.713400,6944459.852000,24.919001,490
509507.309300,6944459.558000,24.838816,490
509507.085600,6944459.395000,24.800000,490
509506.905100,6944459.264000,24.768909,490
509506.501000,6944458.969000,24.704528,490
509506.096800,6944458.675000,24.640191,490
509505.692700,6944458.380000,24.582164,490
509505.288500,6944458.086000,24.536036,490
509504.884400,6944457.792000,24.489934,490
509504.480300,6944457.497000,24.444658,490
509504.076100,6944457.203000,24.422856,490
509503.672000,6944456.909000,24.401319,490
509503.267800,6944456.614000,24.379649,490
509502.863700,6944456.320000,24.371456,490
509502.055400,6944455.731000,24.365339,490
509501.651200,6944455.437000,24.358799,490
509500.842900,6944454.848000,24.335860,490
509500.438800,6944454.553000,24.320120,490
509500.275500,6944454.434000,24.300000,490
509500.034600,6944454.259000,24.262321,490
509499.630500,6944453.965000,24.198801,490
509499.226400,6944453.670000,24.135505,490
509498.822200,6944453.376000,24.037190,490
509498.418100,6944453.081000,23.930814,490
509498.013900,6944452.787000,23.824592,490
509497.918300,6944452.717000,23.800000,490
509497.609800,6944452.493000,23.717992,490
509497.205600,6944452.198000,23.614949,490
509496.801500,6944451.904000,23.512075,490
509496.397300,6944451.609000,23.415907,490
509495.993200,6944451.315000,23.352481,490
509495.660100,6944451.072000,23.300000,490
509495.589000,6944451.021000,23.287965,490
509495.184900,6944450.726000,23.218349,490
509494.780700,6944450.432000,23.163355,490
509494.376600,6944450.138000,23.110670,490
509493.972500,6944449.843000,23.057979,490
509493.568300,6944449.549000,22.990415,490
509493.164200,6944449.254000,22.910794,490
509492.760000,6944448.960000,22.831126,490
509492.618800,6944448.857000,22.800000,490
509492.355900,6944448.666000,22.736811,490
509491.951700,6944448.371000,22.607731,490
509491.547600,6944448.077000,22.478731,490
509491.143400,6944447.782000,22.349586,490
509490.992300,6944447.672000,22.300000,490
509490.739300,6944447.488000,22.213776,490
509490.335100,6944447.194000,22.076207,490
509489.931000,6944446.899000,21.938340,490
509489.526800,6944446.605000,21.829232,490
509489.397800,6944446.511000,21.800000,490
509489.122700,6944446.310000,21.730209,490
509488.718600,6944446.016000,21.627621,490
509488.314400,6944445.722000,21.544267,490
509487.910300,6944445.427000,21.502323,490
509487.506100,6944445.133000,21.460258,490
509487.102000,6944444.838000,21.418434,490
509525.900000,6944473.100000,25.285037,490
509525.835300,6944473.053000,25.300000,490
509525.129100,6944472.538000,25.300000,495
509525.091700,6944472.511000,25.309883,495
509524.687600,6944472.217000,25.416916,495
509524.283400,6944471.922000,25.535431,495
509523.879300,6944471.628000,25.654857,495
509523.475100,6944471.334000,25.772696,495
509523.367300,6944471.255000,25.800000,495
509523.071000,6944471.039000,25.874031,495
509522.666800,6944470.745000,25.941262,495
509522.262700,6944470.450000,26.008490,495
509521.858500,6944470.156000,26.071936,495
509520.646100,6944469.273000,26.109034,495
509520.242000,6944468.979000,26.099154,495
509519.433700,6944468.390000,26.065238,495
509519.029500,6944468.095000,26.048498,495
509518.221200,6944467.507000,26.015551,495
509517.817100,6944467.212000,26.001839,495
509516.604600,6944466.329000,26.012488,495
509516.200500,6944466.035000,26.032254,495
509515.392200,6944465.446000,26.078543,495
509514.988100,6944465.151000,26.095888,495
509514.179800,6944464.563000,26.119754,495
509513.775600,6944464.268000,26.120269,495
509512.967300,6944463.679000,26.033763,495
509512.563200,6944463.385000,25.990499,495
509512.159000,6944463.091000,25.899110,495
509511.754900,6944462.796000,25.802142,495
509511.746400,6944462.790000,25.800000,495
509511.350700,6944462.502000,25.701444,495
509510.946600,6944462.208000,25.596080,495
509510.542400,6944461.913000,25.484656,495
509510.138300,6944461.619000,25.375433,495
509509.830400,6944461.394000,25.300000,495
509509.734200,6944461.324000,25.273909,495
509509.330000,6944461.030000,25.169206,495
509508.925900,6944460.736000,25.067431,495
509508.521700,6944460.441000,24.969554,495
509508.117600,6944460.147000,24.889966,495
509507.713400,6944459.852000,24.811472,495
509507.655100,6944459.810000,24.800000,495
509507.309300,6944459.558000,24.732793,495
509506.905100,6944459.264000,24.663837,495
509506.501000,6944458.969000,24.600008,495
509506.096800,6944458.675000,24.536247,495
509505.692700,6944458.380000,24.478642,495
509505.288500,6944458.086000,24.432623,495
509504.884400,6944457.792000,24.386642,495
509504.480300,6944457.497000,24.341474,495
509504.076100,6944457.203000,24.319663,495
509503.706100,6944456.933000,24.300000,495
509503.672000,6944456.909000,24.297806,495
509503.267800,6944456.614000,24.271433,495
509502.863700,6944456.320000,24.261095,495
509502.459500,6944456.025000,24.256881,495
509502.055400,6944455.731000,24.252617,495
509501.651200,6944455.437000,24.243836,495
509501.247100,6944455.142000,24.228626,495
509500.842900,6944454.848000,24.213311,495
509500.438800,6944454.553000,24.192607,495
509500.034600,6944454.259000,24.129008,495
509499.630500,6944453.965000,24.065109,495
509499.226400,6944453.670000,24.001315,495
509498.822200,6944453.376000,23.904147,495
509498.422300,6944453.085000,23.800000,495
509498.418100,6944453.081000,23.798852,495
509498.013900,6944452.787000,23.687978,495
509497.609800,6944452.493000,23.581956,495
509497.205600,6944452.198000,23.481427,495
509496.801500,6944451.904000,23.381129,495
509496.452200,6944451.649000,23.300000,495
509496.397300,6944451.609000,23.286168,495
509495.993200,6944451.315000,23.219381,495
509495.589000,6944451.021000,23.152972,495
509495.184900,6944450.726000,23.086656,495
509494.780700,6944450.432000,23.033801,495
509494.376600,6944450.138000,22.983103,495
509493.972500,6944449.843000,22.932414,495
509493.568300,6944449.549000,22.865891,495
509493.233100,6944449.305000,22.800000,495
509493.164200,6944449.254000,22.785243,495
509492.760000,6944448.960000,22.698536,495
509492.355900,6944448.666000,22.601438,495
509491.951700,6944448.371000,22.471602,495
509491.547600,6944448.077000,22.341799,495
509491.417000,6944447.982000,22.300000,495
509491.143400,6944447.782000,22.208547,495
509490.739300,6944447.488000,22.070838,495
509490.335100,6944447.194000,21.932951,495
509489.947000,6944446.911000,21.800000,495
509489.931000,6944446.899000,21.793801,495
509489.526800,6944446.605000,21.671280,495
509489.122700,6944446.310000,21.569042,495
509488.718600,6944446.016000,21.466850,495
509488.314400,6944445.722000,21.383615,495
509487.910300,6944445.427000,21.341872,495
509487.506100,6944445.133000,21.300129,495
509487.504900,6944445.132000,21.300000,495
509487.102000,6944444.838000,21.258385,495
509525.900000,6944473.100000,25.120894,495
509525.495900,6944472.806000,25.214738,495
509525.091700,6944472.511000,25.145925,500
509524.687600,6944472.217000,25.242052,500
509524.484800,6944472.069000,25.300000,500
509524.283400,6944471.922000,25.361483,500
509523.879300,6944471.628000,25.488655,500
509523.475100,6944471.334000,25.610610,500
509523.071000,6944471.039000,25.714101,500
509522.666800,6944470.745000,25.784836,500
509522.581200,6944470.683000,25.800000,500
509522.262700,6944470.450000,25.855391,500
509521.858500,6944470.156000,25.921960,500
509520.646100,6944469.273000,25.958318,500
509520.242000,6944468.979000,25.946568,500
509519.433700,6944468.390000,25.907876,500
509519.029500,6944468.095000,25.888471,500
509518.221200,6944467.507000,25.849515,500
509517.817100,6944467.212000,25.832900,500
509516.604600,6944466.329000,25.836747,500
509516.200500,6944466.035000,25.855902,500
509515.392200,6944465.446000,25.901657,500
509514.988100,6944465.151000,25.920281,500
509514.179800,6944464.563000,25.949588,500
509513.775600,6944464.268000,25.953475,500
509512.967300,6944463.679000,25.878700,500
509512.563200,6944463.385000,25.841310,500
509512.370200,6944463.245000,25.800000,500
509512.159000,6944463.091000,25.755248,500
509511.754900,6944462.796000,25.660912,500
509511.350700,6944462.502000,25.568456,500
509510.946600,6944462.208000,25.470046,500
509510.542400,6944461.913000,25.363700,500
509510.297700,6944461.735000,25.300000,500
509510.138300,6944461.619000,25.254464,500
509509.734200,6944461.324000,25.146882,500
509509.330000,6944461.030000,25.048268,500
509508.925900,6944460.736000,24.951963,500
509508.521700,6944460.441000,24.857443,500
509508.222900,6944460.224000,24.800000,500
509508.117600,6944460.147000,24.780068,500
509507.713400,6944459.852000,24.703238,500
509507.309300,6944459.558000,24.626643,500
509506.905100,6944459.264000,24.558766,500
509506.501000,6944458.969000,24.495488,500
509506.096800,6944458.675000,24.432303,500
509505.692700,6944458.380000,24.375119,500
509505.288500,6944458.086000,24.329211,500
509505.031200,6944457.899000,24.300000,500
509504.884400,6944457.792000,24.280134,500
509504.480300,6944457.497000,24.226203,500
509504.076100,6944457.203000,24.199490,500
509503.672000,6944456.909000,24.172853,500
509503.267800,6944456.614000,24.145851,500
509502.863700,6944456.320000,24.134552,500
509502.459500,6944456.025000,24.129247,500
509502.055400,6944455.731000,24.123914,500
509501.651200,6944455.437000,24.114040,500
509501.247100,6944455.142000,24.097711,500
509500.842900,6944454.848000,24.081321,500
509500.438800,6944454.553000,24.059752,500
509500.034600,6944454.259000,23.995696,500
509499.630500,6944453.965000,23.931416,500
509499.226400,6944453.670000,23.867124,500
509498.944600,6944453.465000,23.800000,500
509498.822200,6944453.376000,23.769538,500
509498.418100,6944453.081000,23.659886,500
509498.013900,6944452.787000,23.550215,500
509497.609800,6944452.493000,23.445921,500
509497.205600,6944452.198000,23.347904,500
509497.009500,6944452.055000,23.300000,500
509496.801500,6944451.904000,23.244740,500
509496.397300,6944451.609000,23.143955,500
509495.993200,6944451.315000,23.080881,500
509495.589000,6944451.021000,23.017979,500
509495.184900,6944450.726000,22.954962,500
509494.780700,6944450.432000,22.904246,500
509494.376600,6944450.138000,22.855535,500
509493.972500,6944449.843000,22.806849,500
509493.930500,6944449.813000,22.800000,500
509493.568300,6944449.549000,22.735977,500
509492.760000,6944448.960000,22.563121,500
509492.355900,6944448.666000,22.466065,500
509491.951700,6944448.371000,22.335473,500
509491.841500,6944448.291000,22.300000,500
509491.547600,6944448.077000,22.201433,500
509491.143400,6944447.782000,22.065591,500
509490.739300,6944447.488000,21.927901,500
509490.365200,6944447.216000,21.800000,500
509490.335100,6944447.194000,21.788357,500
509489.931000,6944446.899000,21.632113,500
509489.526800,6944446.605000,21.509748,500
509489.122700,6944446.310000,21.407875,500
509488.718600,6944446.016000,21.306079,500
509488.689000,6944445.995000,21.300000,500
509488.314400,6944445.722000,21.222415,500
509487.910300,6944445.427000,21.180207,500
509487.506100,6944445.133000,21.139080,500
509487.102000,6944444.838000,21.098337,500
509525.900000,6944473.100000,24.956750,500
509525.495900,6944472.806000,25.051380,500
509525.495900,6944472.806000,24.888022,505
509525.091700,6944472.511000,24.983197,505
509524.687600,6944472.217000,25.079286,505
509524.283400,6944471.922000,25.195133,505
509523.949100,6944471.679000,25.300000,505
509523.879300,6944471.628000,25.322453,505
509523.475100,6944471.334000,25.448525,505
509523.071000,6944471.039000,25.554096,505
509522.666800,6944470.745000,25.628843,505
509522.262700,6944470.450000,25.701781,505
509521.858500,6944470.156000,25.771482,505
509521.454400,6944469.862000,25.783536,505
509521.050200,6944469.567000,25.795632,505
509520.904700,6944469.461000,25.800000,505
509520.646100,6944469.273000,25.807602,505
509520.419300,6944469.108000,25.800000,505
509520.242000,6944468.979000,25.793789,505
509519.837800,6944468.684000,25.771203,505
509519.433700,6944468.390000,25.748334,505
509519.029500,6944468.095000,25.725164,505
509518.625400,6944467.801000,25.702074,505
509518.221200,6944467.507000,25.678917,505
509517.817100,6944467.212000,25.658304,505
509517.412900,6944466.918000,25.656963,505
509517.008800,6944466.623000,25.655206,505
509516.604600,6944466.329000,25.653508,505
509516.200500,6944466.035000,25.673906,505
509515.796300,6944465.740000,25.697497,505
509515.392200,6944465.446000,25.721033,505
509514.988100,6944465.151000,25.741319,505
509514.583900,6944464.857000,25.759512,505
509514.179800,6944464.563000,25.778033,505
509513.775600,6944464.268000,25.785843,505
509513.371500,6944463.974000,25.752476,505
509512.967300,6944463.679000,25.719417,505
509512.563200,6944463.385000,25.686808,505
509512.159000,6944463.091000,25.607546,505
509511.754900,6944462.796000,25.519569,505
509511.350700,6944462.502000,25.435468,505
509510.946600,6944462.208000,25.344013,505
509510.775000,6944462.083000,25.300000,505
509510.542400,6944461.913000,25.232913,505
509510.138300,6944461.619000,25.121747,505
509509.734200,6944461.324000,25.019855,505
509509.330000,6944461.030000,24.927330,505
509508.925900,6944460.736000,24.836495,505
509508.766900,6944460.620000,24.800000,505
509508.521700,6944460.441000,24.745285,505
509508.117600,6944460.147000,24.669662,505
509507.713400,6944459.852000,24.594921,505
509507.309300,6944459.558000,24.520493,505
509506.905100,6944459.264000,24.453694,505
509506.501000,6944458.969000,24.390967,505
509506.096800,6944458.675000,24.328359,505
509505.895300,6944458.528000,24.300000,505
509505.692700,6944458.380000,24.266348,505
509505.288500,6944458.086000,24.211750,505
509504.884400,6944457.792000,24.156896,505
509504.480300,6944457.497000,24.102807,505
509504.076100,6944457.203000,24.075319,505
509503.672000,6944456.909000,24.047901,505
509503.267800,6944456.614000,24.020269,505
509502.863700,6944456.320000,24.008010,505
509502.459500,6944456.025000,24.001613,505
509502.055400,6944455.731000,23.995210,505
509501.651200,6944455.437000,23.984245,505
509501.247100,6944455.142000,23.966796,505
509500.842900,6944454.848000,23.949331,505
509500.438800,6944454.553000,23.926896,505
509500.034600,6944454.259000,23.862383,505
509499.644700,6944453.975000,23.800000,505
509499.630500,6944453.965000,23.797603,505
509499.226400,6944453.670000,23.729502,505
509498.822200,6944453.376000,23.629283,505
509498.418100,6944453.081000,23.520920,505
509498.013900,6944452.787000,23.412453,505
509497.609800,6944452.493000,23.309885,505
509497.568600,6944452.463000,23.300000,505
509497.205600,6944452.198000,23.204567,505
509496.801500,6944451.904000,23.099485,505
509496.397300,6944451.609000,23.001743,505
509495.993200,6944451.315000,22.942381,505
509495.589000,6944451.021000,22.882985,505
509495.184900,6944450.726000,22.823269,505
509494.993000,6944450.586000,22.800000,505
509494.780700,6944450.432000,22.772389,505
509493.972500,6944449.843000,22.670394,505
509493.568300,6944449.549000,22.600003,505
509492.760000,6944448.960000,22.427705,505
509492.355900,6944448.666000,22.330691,505
509492.261000,6944448.596000,22.300000,505
509491.951700,6944448.371000,22.195590,505
509491.547600,6944448.077000,22.059558,505
509491.143400,6944447.782000,21.922634,505
509490.783400,6944447.520000,21.800000,505
509490.739300,6944447.488000,21.782938,505
509490.335100,6944447.194000,21.626508,505
509489.931000,6944446.899000,21.470425,505
509489.526800,6944446.605000,21.348216,505
509489.335100,6944446.465000,21.300000,505
509489.122700,6944446.310000,21.246533,505
509488.718600,6944446.016000,21.144328,505
509488.314400,6944445.722000,21.060618,505
509487.910300,6944445.427000,21.018112,505
509487.506100,6944445.133000,20.978031,505
509487.102000,6944444.838000,20.938289,505
509525.900000,6944473.100000,24.792638,505
509525.868800,6944473.077000,24.800000,505
509525.178300,6944472.574000,24.800000,510
509525.091700,6944472.511000,24.820470,510
509524.687600,6944472.217000,24.916521,510
509524.283400,6944471.922000,25.032936,510
509523.879300,6944471.628000,25.159391,510
509523.475100,6944471.334000,25.286352,510
509523.424800,6944471.297000,25.300000,510
509523.071000,6944471.039000,25.394092,510
509522.666800,6944470.745000,25.472851,510
509522.262700,6944470.450000,25.547881,510
509521.858500,6944470.156000,25.618819,510
509521.454400,6944469.862000,25.630334,510
509521.050200,6944469.567000,25.641731,510
509520.646100,6944469.273000,25.653056,510
509520.242000,6944468.979000,25.636351,510
509519.837800,6944468.684000,25.610398,510
509519.433700,6944468.390000,25.584038,510
509519.029500,6944468.095000,25.557799,510
509518.625400,6944467.801000,25.532304,510
509518.221200,6944467.507000,25.506380,510
509517.817100,6944467.212000,25.482340,510
509517.412900,6944466.918000,25.478245,510
509517.008800,6944466.623000,25.473204,510
509516.604600,6944466.329000,25.468287,510
509516.200500,6944466.035000,25.489292,510
509515.796300,6944465.740000,25.512460,510
509515.392200,6944465.446000,25.535356,510
509514.988100,6944465.151000,25.555063,510
509514.583900,6944464.857000,25.575072,510
509514.179800,6944464.563000,25.596374,510
509513.775600,6944464.268000,25.608559,510
509513.371500,6944463.974000,25.581921,510
509512.967300,6944463.679000,25.555785,510
509512.563200,6944463.385000,25.530272,510
509512.159000,6944463.091000,25.459844,510
509511.754900,6944462.796000,25.378226,510
509511.350700,6944462.502000,25.302480,510
509511.339500,6944462.494000,25.300000,510
509510.946600,6944462.208000,25.200082,510
509510.542400,6944461.913000,25.091187,510
509510.138300,6944461.619000,24.989029,510
509509.734200,6944461.324000,24.892828,510
509509.330000,6944461.030000,24.806392,510
509509.301000,6944461.009000,24.800000,510
509508.925900,6944460.736000,24.719418,510
509508.521700,6944460.441000,24.633077,510
509508.117600,6944460.147000,24.559257,510
509507.713400,6944459.852000,24.486603,510
509507.309300,6944459.558000,24.414343,510
509506.905100,6944459.264000,24.348622,510
509506.589400,6944459.034000,24.300000,510
509506.501000,6944458.969000,24.284000,510
509506.096800,6944458.675000,24.210655,510
509505.692700,6944458.380000,24.143696,510
509505.288500,6944458.086000,24.088760,510
509504.884400,6944457.792000,24.033658,510
509504.480300,6944457.497000,23.979412,510
509504.076100,6944457.203000,23.951148,510
509503.672000,6944456.909000,23.922948,510
509503.267800,6944456.614000,23.894687,510
509502.863700,6944456.320000,23.881468,510
509502.459500,6944456.025000,23.873979,510
509502.055400,6944455.731000,23.866506,510
509501.651200,6944455.437000,23.854449,510
509501.247100,6944455.142000,23.835882,510
509500.842900,6944454.848000,23.817341,510
509500.541700,6944454.628000,23.800000,510
509500.438800,6944454.553000,23.793716,510
509500.034600,6944454.259000,23.725293,510
509499.630500,6944453.965000,23.656869,510
509499.226400,6944453.670000,23.588446,510
509498.822200,6944453.376000,23.489029,510
509498.418100,6944453.081000,23.381954,510
509498.109900,6944452.857000,23.300000,510
509498.013900,6944452.787000,23.271133,510
509497.609800,6944452.493000,23.157669,510
509497.205600,6944452.198000,23.055740,510
509496.801500,6944451.904000,22.954231,510
509496.397300,6944451.609000,22.859530,510
509495.993200,6944451.315000,22.803881,510
509495.965800,6944451.295000,22.800000,510
509495.589000,6944451.021000,22.742949,510
509495.184900,6944450.726000,22.681628,510
509494.780700,6944450.432000,22.631044,510
509493.972500,6944449.843000,22.533311,510
509493.568300,6944449.549000,22.464029,510
509493.164200,6944449.254000,22.378159,510
509492.796400,6944448.986000,22.300000,510
509492.760000,6944448.960000,22.291956,510
509492.355900,6944448.666000,22.190937,510
509491.951700,6944448.371000,22.054384,510
509491.547600,6944448.077000,21.917682,510
509491.202600,6944447.825000,21.800000,510
509491.143400,6944447.782000,21.776906,510
509490.739300,6944447.488000,21.620743,510
509490.335100,6944447.194000,21.464659,510
509489.931000,6944446.899000,21.308737,510
509489.902100,6944446.878000,21.300000,510
509489.526800,6944446.605000,21.185605,510
509489.122700,6944446.310000,21.084834,510
509488.718600,6944446.016000,20.982539,510
509488.314400,6944445.722000,20.898822,510
509487.910300,6944445.427000,20.856018,510
509487.506100,6944445.133000,20.816981,510
509487.329600,6944445.004000,20.800000,510
509487.102000,6944444.838000,20.773926,510
509525.900000,6944473.100000,24.629194,510
509525.495900,6944472.806000,24.724847,510
509525.091700,6944472.511000,24.658275,515
509524.687600,6944472.217000,24.753934,515
509524.528100,6944472.101000,24.800000,515
509524.283400,6944471.922000,24.870740,515
509523.879300,6944471.628000,24.996820,515
509523.475100,6944471.334000,25.123216,515
509523.071000,6944471.039000,25.232556,515
509522.750800,6944470.806000,25.300000,515
509522.666800,6944470.745000,25.316858,515
509522.262700,6944470.450000,25.393981,515
509521.858500,6944470.156000,25.466157,515
509521.454400,6944469.862000,25.477131,515
509521.050200,6944469.567000,25.487830,515
509520.646100,6944469.273000,25.498307,515
509520.242000,6944468.979000,25.478912,515
509519.837800,6944468.684000,25.449592,515
509519.433700,6944468.390000,25.419742,515
509519.029500,6944468.095000,25.390434,515
509518.625400,6944467.801000,25.362533,515
509518.221200,6944467.507000,25.333844,515
509517.817100,6944467.212000,25.306376,515
509517.440500,6944466.938000,25.300000,515
509517.412900,6944466.918000,25.299355,515
509517.008800,6944466.623000,25.287959,515
509516.604600,6944466.329000,25.276693,515
509516.288200,6944466.099000,25.300000,515
509516.200500,6944466.035000,25.304677,515
509515.796300,6944465.740000,25.327422,515
509515.392200,6944465.446000,25.349679,515
509514.988100,6944465.151000,25.368807,515
509514.583900,6944464.857000,25.390632,515
509514.179800,6944464.563000,25.414715,515
509513.775600,6944464.268000,25.431276,515
509513.371500,6944463.974000,25.411365,515
509512.967300,6944463.679000,25.392153,515
509512.563200,6944463.385000,25.373736,515
509512.159000,6944463.091000,25.312143,515
509512.096200,6944463.045000,25.300000,515
509511.754900,6944462.796000,25.221189,515
509511.350700,6944462.502000,25.138285,515
509510.946600,6944462.208000,25.046548,515
509510.542400,6944461.913000,24.949462,515
509510.138300,6944461.619000,24.856312,515
509509.891000,6944461.439000,24.800000,515
509509.734200,6944461.324000,24.765582,515
509509.330000,6944461.030000,24.683332,515
509508.925900,6944460.736000,24.601598,515
509508.521700,6944460.441000,24.520870,515
509508.117600,6944460.147000,24.448851,515
509507.713400,6944459.852000,24.378286,515
509507.309300,6944459.558000,24.308194,515
509507.258500,6944459.521000,24.300000,515
509506.905100,6944459.264000,24.233427,515
509506.501000,6944458.969000,24.160609,515
509506.096800,6944458.675000,24.087789,515
509505.692700,6944458.380000,24.021044,515
509505.288500,6944458.086000,23.965769,515
509504.884400,6944457.792000,23.910421,515
509504.480300,6944457.497000,23.856016,515
509504.076100,6944457.203000,23.826977,515
509503.699700,6944456.929000,23.800000,515
509503.672000,6944456.909000,23.797914,515
509503.267800,6944456.614000,23.767780,515
509502.863700,6944456.320000,23.752902,515
509502.055400,6944455.731000,23.734773,515
509501.651200,6944455.437000,23.720869,515
509500.842900,6944454.848000,23.679350,515
509500.438800,6944454.553000,23.653629,515
509500.034600,6944454.259000,23.584883,515
509499.630500,6944453.965000,23.516135,515
509499.226400,6944453.670000,23.447389,515
509498.822200,6944453.376000,23.348775,515
509498.636800,6944453.241000,23.300000,515
509498.418100,6944453.081000,23.234779,515
509498.013900,6944452.787000,23.114010,515
509497.609800,6944452.493000,23.004186,515
509497.205600,6944452.198000,22.906912,515
509496.801500,6944451.904000,22.808977,515
509496.762600,6944451.876000,22.800000,515
509496.397300,6944451.609000,22.708899,515
509495.184900,6944450.726000,22.537853,515
509494.780700,6944450.432000,22.489699,515
509493.972500,6944449.843000,22.396228,515
509493.568300,6944449.549000,22.328055,515
509493.436000,6944449.452000,22.300000,515
509493.164200,6944449.254000,22.239972,515
509492.760000,6944448.960000,22.150670,515
509492.355900,6944448.666000,22.049899,515
509491.951700,6944448.371000,21.913178,515
509491.618500,6944448.128000,21.800000,515
509491.547600,6944448.077000,21.772279,515
509491.143400,6944447.782000,21.614448,515
509490.739300,6944447.488000,21.458548,515
509490.335100,6944447.194000,21.302809,515
509490.327900,6944447.188000,21.300000,515
509489.931000,6944446.899000,21.146188,515
509489.526800,6944446.605000,21.022536,515
509489.122700,6944446.310000,20.923136,515
509488.718600,6944446.016000,20.820750,515
509488.618400,6944445.943000,20.800000,515
509488.314400,6944445.722000,20.727056,515
509487.910300,6944445.427000,20.677033,515
509487.506100,6944445.133000,20.630055,515
509487.102000,6944444.838000,20.582145,515
509525.900000,6944473.100000,24.465751,515
509525.495900,6944472.806000,24.561888,515
509525.091700,6944472.511000,24.496157,520
509524.687600,6944472.217000,24.591796,520
509524.283400,6944471.922000,24.708405,520
509523.989200,6944471.708000,24.800000,520
509523.879300,6944471.628000,24.834250,520
509523.475100,6944471.334000,24.960080,520
509523.071000,6944471.039000,25.068834,520
509522.666800,6944470.745000,25.151861,520
509522.262700,6944470.450000,25.234474,520
509521.933300,6944470.211000,25.300000,520
509521.858500,6944470.156000,25.313494,520
509521.454400,6944469.862000,25.323928,520
509521.050200,6944469.567000,25.333929,520
509520.646100,6944469.273000,25.343558,520
509520.242000,6944468.979000,25.321474,520
509519.974500,6944468.784000,25.300000,520
509519.837800,6944468.684000,25.286188,520
509519.433700,6944468.390000,25.244863,520
509519.029500,6944468.095000,25.203268,520
509518.625400,6944467.801000,25.160806,520
509518.221200,6944467.507000,25.115755,520
509517.817100,6944467.212000,25.072392,520
509517.412900,6944466.918000,25.056170,520
509517.008800,6944466.623000,25.038880,520
509516.604600,6944466.329000,25.021763,520
509516.200500,6944466.035000,25.045842,520
509515.796300,6944465.740000,25.075684,520
509515.392200,6944465.446000,25.105338,520
509514.988100,6944465.151000,25.135540,520
509514.583900,6944464.857000,25.171101,520
509514.179800,6944464.563000,25.208696,520
509513.775600,6944464.268000,25.237213,520
509513.371500,6944463.974000,25.220386,520
509512.967300,6944463.679000,25.204942,520
509512.563200,6944463.385000,25.190786,520
509512.159000,6944463.091000,25.122839,520
509511.754900,6944462.796000,25.044702,520
509511.350700,6944462.502000,24.973498,520
509510.946600,6944462.208000,24.893013,520
509510.542400,6944461.913000,24.807736,520
509510.507400,6944461.888000,24.800000,520
509510.138300,6944461.619000,24.721525,520
509509.734200,6944461.324000,24.637742,520
509509.330000,6944461.030000,24.560154,520
509508.925900,6944460.736000,24.483778,520
509508.521700,6944460.441000,24.408663,520
509508.117600,6944460.147000,24.338446,520
509507.892600,6944459.983000,24.300000,520
509507.713400,6944459.852000,24.264714,520
509507.309300,6944459.558000,24.184611,520
509506.905100,6944459.264000,24.109512,520
509506.501000,6944458.969000,24.037218,520
509506.096800,6944458.675000,23.964923,520
509505.692700,6944458.380000,23.898391,520
509505.288500,6944458.086000,23.842778,520
509504.977400,6944457.859000,23.800000,520
509504.884400,6944457.792000,23.786709,520
509504.480300,6944457.497000,23.730013,520
509503.267800,6944456.614000,23.636809,520
509502.863700,6944456.320000,23.620679,520
509502.055400,6944455.731000,23.599799,520
509501.651200,6944455.437000,23.584555,520
509500.842900,6944454.848000,23.540453,520
509500.438800,6944454.553000,23.513542,520
509500.034600,6944454.259000,23.444472,520
509499.630500,6944453.965000,23.375401,520
509499.226400,6944453.670000,23.306332,520
509499.200300,6944453.651000,23.300000,520
509498.822200,6944453.376000,23.194351,520
509498.418100,6944453.081000,23.075806,520
509498.013900,6944452.787000,22.956887,520
509497.609800,6944452.493000,22.850702,520
509497.391600,6944452.334000,22.800000,520
509497.205600,6944452.198000,22.752585,520
509496.801500,6944451.904000,22.647742,520
509496.397300,6944451.609000,22.552206,520
509495.184900,6944450.726000,22.394077,520
509494.780700,6944450.432000,22.348354,520
509494.376600,6944450.138000,22.303750,520
509494.343100,6944450.113000,22.300000,520
509493.972500,6944449.843000,22.257342,520
509493.568300,6944449.549000,22.187382,520
509493.164200,6944449.254000,22.098399,520
509492.760000,6944448.960000,22.009384,520
509492.355900,6944448.666000,21.908860,520
509492.034400,6944448.431000,21.800000,520
509491.951700,6944448.371000,21.767684,520
509491.547600,6944448.077000,21.609714,520
509491.143400,6944447.782000,21.451991,520
509490.748800,6944447.495000,21.300000,520
509490.739300,6944447.488000,21.296339,520
509490.335100,6944447.194000,21.140012,520
509489.931000,6944446.899000,20.983590,520
509489.526800,6944446.605000,20.859467,520
509489.282500,6944446.427000,20.800000,520
509489.122700,6944446.310000,20.755259,520
509488.718600,6944446.016000,20.636628,520
509488.314400,6944445.722000,20.539648,520
509487.910300,6944445.427000,20.489129,520
509487.506100,6944445.133000,20.440079,520
509487.102000,6944444.838000,20.390364,520
509525.900000,6944473.100000,24.302307,520
509525.495900,6944472.806000,24.398929,520
509525.232500,6944472.614000,24.300000,525
509525.091700,6944472.511000,24.334039,525
509524.687600,6944472.217000,24.429659,525
509524.283400,6944471.922000,24.545963,525
509523.879300,6944471.628000,24.671529,525
509523.475100,6944471.334000,24.796942,525
509523.463700,6944471.325000,24.800000,525
509523.071000,6944471.039000,24.905112,525
509522.666800,6944470.745000,24.985773,525
509522.262700,6944470.450000,25.066171,525
509521.858500,6944470.156000,25.143462,525
509520.646100,6944469.273000,25.166476,525
509520.242000,6944468.979000,25.134150,525
509519.837800,6944468.684000,25.088123,525
509519.433700,6944468.390000,25.041543,525
509519.029500,6944468.095000,24.992826,525
509518.625400,6944467.801000,24.940444,525
509518.221200,6944467.507000,24.886550,525
509517.817100,6944467.212000,24.836228,525
509517.412900,6944466.918000,24.812985,525
509517.184200,6944466.751000,24.800000,525
509517.008800,6944466.623000,24.789749,525
509516.604600,6944466.329000,24.766510,525
509516.200500,6944466.035000,24.785074,525
509515.978300,6944465.873000,24.800000,525
509515.796300,6944465.740000,24.812341,525
509515.392200,6944465.446000,24.839567,525
509514.988100,6944465.151000,24.874733,525
509514.583900,6944464.857000,24.917668,525
509514.179800,6944464.563000,24.960937,525
509513.775600,6944464.268000,24.995271,525
509513.371500,6944463.974000,24.990981,525
509512.967300,6944463.679000,24.987331,525
509512.563200,6944463.385000,24.984313,525
509512.159000,6944463.091000,24.929808,525
509511.754900,6944462.796000,24.868215,525
509511.350700,6944462.502000,24.808711,525
509511.303000,6944462.467000,24.800000,525
509510.946600,6944462.208000,24.738387,525
509510.542400,6944461.913000,24.661093,525
509510.138300,6944461.619000,24.585213,525
509509.734200,6944461.324000,24.509903,525
509509.330000,6944461.030000,24.436975,525
509508.925900,6944460.736000,24.365958,525
509508.543300,6944460.457000,24.300000,525
509508.521700,6944460.441000,24.295807,525
509508.117600,6944460.147000,24.215504,525
509507.713400,6944459.852000,24.137447,525
509507.309300,6944459.558000,24.059571,525
509506.905100,6944459.264000,23.985597,525
509506.501000,6944458.969000,23.913826,525
509506.096800,6944458.675000,23.842056,525
509505.840700,6944458.488000,23.800000,525
509505.692700,6944458.380000,23.774865,525
509504.884400,6944457.792000,23.658919,525
509504.480300,6944457.497000,23.601841,525
509503.267800,6944456.614000,23.505839,525
509502.863700,6944456.320000,23.488456,525
509502.055400,6944455.731000,23.464826,525
509501.651200,6944455.437000,23.448241,525
509500.842900,6944454.848000,23.401555,525
509500.438800,6944454.553000,23.373455,525
509500.034600,6944454.259000,23.304062,525
509500.010900,6944454.242000,23.300000,525
509499.630500,6944453.965000,23.223093,525
509499.226400,6944453.670000,23.141605,525
509498.822200,6944453.376000,23.032372,525
509498.418100,6944453.081000,22.916833,525
509498.014700,6944452.788000,22.800000,525
509498.013900,6944452.787000,22.799731,525
509497.609800,6944452.493000,22.683164,525
509497.205600,6944452.198000,22.584231,525
509496.801500,6944451.904000,22.485455,525
509496.397300,6944451.609000,22.395514,525
509495.993200,6944451.315000,22.347110,525
509495.600200,6944451.029000,22.300000,525
509495.589000,6944451.021000,22.298650,525
509495.184900,6944450.726000,22.248205,525
509494.780700,6944450.432000,22.202943,525
509494.376600,6944450.138000,22.158536,525
509493.972500,6944449.843000,22.114209,525
509493.568300,6944449.549000,22.045487,525
509493.164200,6944449.254000,21.956826,525
509492.760000,6944448.960000,21.868098,525
509492.485700,6944448.760000,21.800000,525
509492.355900,6944448.666000,21.762793,525
509491.951700,6944448.371000,21.604875,525
509491.547600,6944448.077000,21.447149,525
509491.170300,6944447.802000,21.300000,525
509491.143400,6944447.782000,21.289519,525
509490.739300,6944447.488000,21.133504,525
509490.335100,6944447.194000,20.977199,525
509489.931000,6944446.899000,20.820992,525
509489.862700,6944446.850000,20.800000,525
509489.526800,6944446.605000,20.682196,525
509489.122700,6944446.310000,20.567651,525
509488.718600,6944446.016000,20.449220,525
509488.314400,6944445.722000,20.352239,525
509487.910300,6944445.427000,20.301226,525
509487.900500,6944445.420000,20.300000,525
509487.506100,6944445.133000,20.249270,525
509487.102000,6944444.838000,20.197273,525
509525.900000,6944473.100000,24.155426,525
509525.495900,6944472.806000,24.241837,525
509525.091700,6944472.511000,24.180675,530
509524.687600,6944472.217000,24.269015,530
509524.574300,6944472.134000,24.300000,530
509524.283400,6944471.922000,24.383522,530
509523.879300,6944471.628000,24.508767,530
509523.475100,6944471.334000,24.633689,530
509523.071000,6944471.039000,24.741166,530
509522.767400,6944470.818000,24.800000,530
509522.666800,6944470.745000,24.819686,530
509522.262700,6944470.450000,24.897868,530
509521.858500,6944470.156000,24.971746,530
509520.646100,6944469.273000,24.980644,530
509520.242000,6944468.979000,24.942106,530
509519.837800,6944468.684000,24.890058,530
509519.433700,6944468.390000,24.838223,530
509519.154000,6944468.186000,24.800000,530
509519.029500,6944468.095000,24.781969,530
509518.625400,6944467.801000,24.720634,530
509518.221200,6944467.507000,24.657836,530
509517.817100,6944467.212000,24.596367,530
509517.412900,6944466.918000,24.567329,530
509517.008800,6944466.623000,24.539411,530
509516.604600,6944466.329000,24.509085,530
509516.200500,6944466.035000,24.524236,530
509515.796300,6944465.740000,24.548862,530
509515.392200,6944465.446000,24.572739,530
509514.988100,6944465.151000,24.607959,530
509514.583900,6944464.857000,24.657967,530
509514.179800,6944464.563000,24.710509,530
509513.775600,6944464.268000,24.752355,530
509513.371500,6944463.974000,24.760775,530
509512.967300,6944463.679000,24.768943,530
509512.563200,6944463.385000,24.777361,530
509512.159000,6944463.091000,24.735651,530
509511.754900,6944462.796000,24.688433,530
509511.350700,6944462.502000,24.641613,530
509510.946600,6944462.208000,24.582084,530
509510.542400,6944461.913000,24.514166,530
509510.138300,6944461.619000,24.448901,530
509509.734200,6944461.324000,24.382063,530
509509.330000,6944461.030000,24.313797,530
509509.248000,6944460.970000,24.300000,530
509508.925900,6944460.736000,24.239157,530
509508.521700,6944460.441000,24.163087,530
509508.117600,6944460.147000,24.085863,530
509507.713400,6944459.852000,24.010180,530
509507.309300,6944459.558000,23.934530,530
509506.905100,6944459.264000,23.861681,530
509506.555400,6944459.009000,23.800000,530
509506.501000,6944458.969000,23.790090,530
509506.096800,6944458.675000,23.716274,530
509505.692700,6944458.380000,23.647797,530
509504.884400,6944457.792000,23.531128,530
509504.480300,6944457.497000,23.473670,530
509503.267800,6944456.614000,23.374869,530
509502.863700,6944456.320000,23.356232,530
509502.055400,6944455.731000,23.329852,530
509501.651200,6944455.437000,23.311927,530
509501.454600,6944455.293000,23.300000,530
509501.247100,6944455.142000,23.284972,530
509500.842900,6944454.848000,23.255689,530
509500.438800,6944454.553000,23.220824,530
509500.034600,6944454.259000,23.138956,530
509499.630500,6944453.965000,23.057429,530
509499.226400,6944453.670000,22.975764,530
509498.822200,6944453.376000,22.870392,530
509498.571200,6944453.193000,22.800000,530
509498.418100,6944453.081000,22.750946,530
509498.013900,6944452.787000,22.620151,530
509497.609800,6944452.493000,22.508694,530
509497.205600,6944452.198000,22.415877,530
509496.801500,6944451.904000,22.323167,530
509496.693300,6944451.825000,22.300000,530
509496.397300,6944451.609000,22.236069,530
509495.993200,6944451.315000,22.190122,530
509495.589000,6944451.021000,22.144231,530
509495.184900,6944450.726000,22.098366,530
509494.780700,6944450.432000,22.055416,530
509494.376600,6944450.138000,22.013156,530
509493.972500,6944449.843000,21.971075,530
509493.568300,6944449.549000,21.903592,530
509493.164200,6944449.254000,21.815252,530
509493.094600,6944449.204000,21.800000,530
509492.760000,6944448.960000,21.715308,530
509492.355900,6944448.666000,21.599713,530
509491.951700,6944448.371000,21.442066,530
509491.587200,6944448.106000,21.300000,530
509491.547600,6944448.077000,21.284551,530
509491.143400,6944447.782000,21.126836,530
509490.739300,6944447.488000,20.970670,530
509490.335100,6944447.194000,20.814386,530
509490.297900,6944447.167000,20.800000,530
509489.931000,6944446.899000,20.638156,530
509489.526800,6944446.605000,20.496775,530
509489.122700,6944446.310000,20.380043,530
509488.849200,6944446.111000,20.300000,530
509488.718600,6944446.016000,20.261242,530
509488.314400,6944445.722000,20.162250,530
509487.910300,6944445.427000,20.109189,530
509487.506100,6944445.133000,20.056123,530
509487.102000,6944444.838000,20.003014,530
509525.900000,6944473.100000,24.008782,530
509525.495900,6944472.806000,24.093808,530
509525.091700,6944472.511000,24.029639,535
509524.687600,6944472.217000,24.114340,535
509524.283400,6944471.922000,24.223551,535
509524.027900,6944471.736000,24.300000,535
509523.879300,6944471.628000,24.346006,535
509523.475100,6944471.334000,24.470435,535
509523.071000,6944471.039000,24.576818,535
509522.666800,6944470.745000,24.652765,535
509522.262700,6944470.450000,24.729040,535
509521.858700,6944470.156000,24.800000,535
509521.858500,6944470.156000,24.800029,535
509521.851600,6944470.151000,24.800000,535
509521.454400,6944469.862000,24.798290,535
509520.646100,6944469.273000,24.794812,535
509520.242000,6944468.979000,24.749599,535
509519.837800,6944468.684000,24.692072,535
509519.433700,6944468.390000,24.633883,535
509519.029500,6944468.095000,24.566574,535
509518.625400,6944467.801000,24.501796,535
509518.221200,6944467.507000,24.429421,535
509517.817100,6944467.212000,24.355837,535
509517.412900,6944466.918000,24.321533,535
509517.143200,6944466.721000,24.300000,535
509517.008800,6944466.623000,24.285340,535
509516.604600,6944466.329000,24.235017,535
509516.200500,6944466.035000,24.250854,535
509515.796300,6944465.740000,24.280402,535
509515.504800,6944465.528000,24.300000,535
509515.392200,6944465.446000,24.305726,535
509514.988100,6944465.151000,24.338790,535
509514.583900,6944464.857000,24.392834,535
509514.179800,6944464.563000,24.455134,535
509513.775600,6944464.268000,24.505358,535
509513.371500,6944463.974000,24.526587,535
509512.967300,6944463.679000,24.545748,535
509512.563200,6944463.385000,24.566413,535
509512.159000,6944463.091000,24.539183,535
509511.754900,6944462.796000,24.506577,535
509511.350700,6944462.502000,24.474386,535
509510.946600,6944462.208000,24.425782,535
509510.542400,6944461.913000,24.367240,535
509510.138300,6944461.619000,24.312589,535
509510.055400,6944461.558000,24.300000,535
509509.734200,6944461.324000,24.245843,535
509509.330000,6944461.030000,24.171955,535
509508.925900,6944460.736000,24.100932,535
509508.521700,6944460.441000,24.030366,535
509508.117600,6944460.147000,23.956222,535
509507.713400,6944459.852000,23.882913,535
509507.309300,6944459.558000,23.809490,535
509507.256200,6944459.519000,23.800000,535
509506.905100,6944459.264000,23.735517,535
509506.501000,6944458.969000,23.662248,535
509506.096800,6944458.675000,23.588975,535
509505.692700,6944458.380000,23.520728,535
509504.884400,6944457.792000,23.403338,535
509504.480300,6944457.497000,23.345499,535
509504.076100,6944457.203000,23.311632,535
509503.936600,6944457.101000,23.300000,535
509503.672000,6944456.909000,23.274484,535
509503.267800,6944456.614000,23.235433,535
509502.863700,6944456.320000,23.212012,535
509502.459500,6944456.025000,23.194465,535
509502.055400,6944455.731000,23.176841,535
509501.651200,6944455.437000,23.153568,535
509501.247100,6944455.142000,23.122240,535
509500.842900,6944454.848000,23.090871,535
509500.438800,6944454.553000,23.054366,535
509500.034600,6944454.259000,22.973114,535
509499.630500,6944453.965000,22.891764,535
509499.226400,6944453.670000,22.809924,535
509499.187700,6944453.642000,22.800000,535
509498.822200,6944453.376000,22.692054,535
509498.418100,6944453.081000,22.565890,535
509498.013900,6944452.787000,22.440572,535
509497.609800,6944452.493000,22.334223,535
509497.453700,6944452.379000,22.300000,535
509497.205600,6944452.198000,22.244684,535
509496.801500,6944451.904000,22.153790,535
509496.397300,6944451.609000,22.072326,535
509495.993200,6944451.315000,22.031076,535
509495.589000,6944451.021000,21.989811,535
509495.184900,6944450.726000,21.948527,535
509494.780700,6944450.432000,21.907889,535
509494.376600,6944450.138000,21.867775,535
509493.972500,6944449.843000,21.827942,535
509493.802800,6944449.720000,21.800000,535
509493.568300,6944449.549000,21.755568,535
509493.164200,6944449.254000,21.653638,535
509492.760000,6944448.960000,21.551813,535
509492.355900,6944448.666000,21.436633,535
509492.005100,6944448.410000,21.300000,535
509491.951700,6944448.371000,21.279217,535
509491.547600,6944448.077000,21.121638,535
509491.143400,6944447.782000,20.964153,535
509490.739300,6944447.488000,20.807836,535
509490.719000,6944447.473000,20.800000,535
509490.335100,6944447.194000,20.630151,535
509489.931000,6944446.899000,20.452320,535
509489.526800,6944446.605000,20.311353,535
509489.487900,6944446.576000,20.300000,535
509489.122700,6944446.310000,20.191322,535
509488.718600,6944446.016000,20.071037,535
509488.314400,6944445.722000,19.971264,535
509487.910300,6944445.427000,19.917126,535
509487.506100,6944445.133000,19.862976,535
509487.102000,6944444.838000,19.808756,535
509525.900000,6944473.100000,23.862138,535
509525.495900,6944472.806000,23.945780,535
509525.484400,6944472.797000,23.800000,540
509525.091700,6944472.511000,23.878602,540
509524.687600,6944472.217000,23.959664,540
509524.283400,6944471.922000,24.066194,540
509523.879300,6944471.628000,24.183909,540
509523.498500,6944471.351000,24.300000,540
509523.475100,6944471.334000,24.307181,540
509523.071000,6944471.039000,24.412471,540
509522.666800,6944470.745000,24.485733,540
509522.262700,6944470.450000,24.559482,540
509521.858500,6944470.156000,24.628313,540
509520.646100,6944469.273000,24.608981,540
509520.242000,6944468.979000,24.555772,540
509519.837800,6944468.684000,24.494151,540
509519.433700,6944468.390000,24.429307,540
509519.029500,6944468.095000,24.351178,540
509518.725100,6944467.874000,24.300000,540
509518.625400,6944467.801000,24.277011,540
509518.221200,6944467.507000,24.168324,540
509517.817100,6944467.212000,24.064018,540
509517.412900,6944466.918000,24.007115,540
509517.008800,6944466.623000,23.949451,540
509516.604600,6944466.329000,23.888952,540
509516.200500,6944466.035000,23.900616,540
509515.796300,6944465.740000,23.927306,540
509515.392200,6944465.446000,23.953310,540
509514.988100,6944465.151000,24.004838,540
509514.583900,6944464.857000,24.083269,540
509514.179800,6944464.563000,24.170290,540
509513.775600,6944464.268000,24.246065,540
509513.371500,6944463.974000,24.290229,540
509513.273200,6944463.902000,24.300000,540
509512.967300,6944463.679000,24.322553,540
509512.563200,6944463.385000,24.355465,540
509512.159000,6944463.091000,24.342714,540
509511.754900,6944462.796000,24.324720,540
509511.350700,6944462.502000,24.307159,540
509511.278100,6944462.449000,24.300000,540
509510.946600,6944462.208000,24.263630,540
509510.542400,6944461.913000,24.206122,540
509510.138300,6944461.619000,24.153065,540
509509.734200,6944461.324000,24.094601,540
509509.330000,6944461.030000,24.027760,540
509508.925900,6944460.736000,23.962707,540
509508.521700,6944460.441000,23.897645,540
509508.117600,6944460.147000,23.826581,540
509507.967900,6944460.038000,23.800000,540
509507.713400,6944459.852000,23.753923,540
509507.309300,6944459.558000,23.680208,540
509506.905100,6944459.264000,23.607122,540
509506.501000,6944458.969000,23.534407,540
509506.096800,6944458.675000,23.461675,540
509505.692700,6944458.380000,23.393660,540
509505.288500,6944458.086000,23.334604,540
509505.051500,6944457.913000,23.300000,540
509504.884400,6944457.792000,23.272262,540
509504.480300,6944457.497000,23.206137,540
509504.076100,6944457.203000,23.165802,540
509503.672000,6944456.909000,23.125259,540
509503.267800,6944456.614000,23.084700,540
509502.863700,6944456.320000,23.058914,540
509502.459500,6944456.025000,23.038768,540
509502.055400,6944455.731000,23.018707,540
509501.651200,6944455.437000,22.993095,540
509501.247100,6944455.142000,22.959509,540
509500.842900,6944454.848000,22.926053,540
509500.438800,6944454.553000,22.887908,540
509500.034600,6944454.259000,22.807272,540
509499.998500,6944454.233000,22.800000,540
509499.630500,6944453.965000,22.712426,540
509499.226400,6944453.670000,22.616368,540
509498.822200,6944453.376000,22.501143,540
509498.418100,6944453.081000,22.380835,540
509498.148100,6944452.885000,22.300000,540
509498.013900,6944452.787000,22.258441,540
509497.609800,6944452.493000,22.152207,540
509497.205600,6944452.198000,22.067222,540
509496.801500,6944451.904000,21.983231,540
509496.397300,6944451.609000,21.908583,540
509495.993200,6944451.315000,21.872030,540
509495.589000,6944451.021000,21.835392,540
509495.199800,6944450.737000,21.800000,540
509495.184900,6944450.726000,21.798487,540
509494.780700,6944450.432000,21.754319,540
509494.376600,6944450.138000,21.710376,540
509493.972500,6944449.843000,21.666544,540
509493.568300,6944449.549000,21.590965,540
509493.164200,6944449.254000,21.489604,540
509492.760000,6944448.960000,21.388318,540
509492.449200,6944448.734000,21.300000,540
509492.355900,6944448.666000,21.273533,540
509491.951700,6944448.371000,21.116099,540
509491.547600,6944448.077000,20.958724,540
509491.143400,6944447.782000,20.801470,540
509491.139600,6944447.780000,20.800000,540
509490.739300,6944447.488000,20.621740,540
509490.335100,6944447.194000,20.443841,540
509490.007500,6944446.955000,20.300000,540
509489.931000,6944446.899000,20.265949,540
509489.526800,6944446.605000,20.122700,540
509489.122700,6944446.310000,20.001773,540
509488.718600,6944446.016000,19.880831,540
509488.393400,6944445.779000,19.800000,540
509488.314400,6944445.722000,19.778032,540
509487.910300,6944445.427000,19.716297,540
509487.506100,6944445.133000,19.654335,540
509487.102000,6944444.838000,19.592275,540
509525.900000,6944473.100000,23.717144,540
509525.495900,6944472.806000,23.797765,540
509525.091700,6944472.511000,23.727766,545
509524.713000,6944472.235000,23.800000,545
509524.687600,6944472.217000,23.804988,545
509524.283400,6944471.922000,23.908838,545
509523.879300,6944471.628000,24.022074,545
509523.475100,6944471.334000,24.138172,545
509523.071000,6944471.039000,24.243855,545
509522.772600,6944470.822000,24.300000,545
509522.666800,6944470.745000,24.318701,545
509522.262700,6944470.450000,24.389925,545
509521.858500,6944470.156000,24.456596,545
509520.646100,6944469.273000,24.423149,545
509520.242000,6944468.979000,24.361945,545
509519.860500,6944468.701000,24.300000,545
509519.837800,6944468.684000,24.295054,545
509519.433700,6944468.390000,24.200662,545
509519.029500,6944468.095000,24.090281,545
509518.625400,6944467.801000,23.981821,545
509518.221200,6944467.507000,23.864500,545
509517.978300,6944467.330000,23.800000,545
509517.817100,6944467.212000,23.752697,545
509517.412900,6944466.918000,23.676204,545
509517.008800,6944466.623000,23.600826,545
509516.604600,6944466.329000,23.524912,545
509516.200500,6944466.035000,23.533049,545
509515.392200,6944465.446000,23.584344,545
509514.988100,6944465.151000,23.647435,545
509514.583900,6944464.857000,23.745070,545
509514.359400,6944464.694000,23.800000,545
509514.179800,6944464.563000,23.839840,545
509513.775600,6944464.268000,23.926123,545
509513.371500,6944463.974000,23.989203,545
509512.967300,6944463.679000,24.049787,545
509512.563200,6944463.385000,24.110643,545
509512.159000,6944463.091000,24.113364,545
509511.754900,6944462.796000,24.109578,545
509511.350700,6944462.502000,24.106263,545
509510.946600,6944462.208000,24.077377,545
509510.542400,6944461.913000,24.033030,545
509510.138300,6944461.619000,23.991178,545
509509.734200,6944461.324000,23.943359,545
509509.330000,6944461.030000,23.883564,545
509508.925900,6944460.736000,23.824482,545
509508.763700,6944460.617000,23.800000,545
509508.521700,6944460.441000,23.763657,545
509508.117600,6944460.147000,23.692843,545
509507.309300,6944459.558000,23.550578,545
509506.905100,6944459.264000,23.478728,545
509506.501000,6944458.969000,23.406565,545
509506.096800,6944458.675000,23.334376,545
509505.892100,6944458.526000,23.300000,545
509505.692700,6944458.380000,23.262288,545
509505.288500,6944458.086000,23.194898,545
509504.884400,6944457.792000,23.127304,545
509504.480300,6944457.497000,23.060616,545
509504.076100,6944457.203000,23.018315,545
509503.672000,6944456.909000,22.976034,545
509503.267800,6944456.614000,22.933967,545
509502.863700,6944456.320000,22.905817,545
509502.459500,6944456.025000,22.883072,545
509502.055400,6944455.731000,22.860573,545
509501.651200,6944455.437000,22.832622,545
509501.283000,6944455.168000,22.800000,545
509501.247100,6944455.142000,22.796195,545
509500.842900,6944454.848000,22.754020,545
509500.438800,6944454.553000,22.706368,545
509500.034600,6944454.259000,22.611265,545
509499.630500,6944453.965000,22.516109,545
509499.226400,6944453.670000,22.421047,545
509498.822200,6944453.376000,22.310232,545
509498.787100,6944453.350000,22.300000,545
509498.418100,6944453.081000,22.188695,545
509498.013900,6944452.787000,22.067115,545
509497.609800,6944452.493000,21.968349,545
509497.205600,6944452.198000,21.889760,545
509496.801500,6944451.904000,21.812673,545
509496.728400,6944451.851000,21.800000,545
509496.397300,6944451.609000,21.736034,545
509495.993200,6944451.315000,21.699239,545
509495.589000,6944451.021000,21.662442,545
509495.184900,6944450.726000,21.625701,545
509494.780700,6944450.432000,21.584300,545
509494.376600,6944450.138000,21.542479,545
509493.972500,6944449.843000,21.500715,545
509493.568300,6944449.549000,21.426362,545
509493.164200,6944449.254000,21.325570,545
509493.061800,6944449.180000,21.300000,545
509492.760000,6944448.960000,21.224120,545
509492.355900,6944448.666000,21.110326,545
509491.951700,6944448.371000,20.952981,545
509491.558400,6944448.085000,20.800000,545
509491.547600,6944448.077000,20.795140,545
509491.143400,6944447.782000,20.613059,545
509490.739300,6944447.488000,20.434469,545
509490.432500,6944447.265000,20.300000,545
509490.335100,6944447.194000,20.256775,545
509489.931000,6944446.899000,20.077147,545
509489.526800,6944446.605000,19.933836,545
509489.122700,6944446.310000,19.812223,545
509489.081900,6944446.281000,19.800000,545
509488.718600,6944446.016000,19.678307,545
509488.314400,6944445.722000,19.565298,545
509487.910300,6944445.427000,19.501769,545
509487.506100,6944445.133000,19.438200,545
509487.102000,6944444.838000,19.374745,545
509525.900000,6944473.100000,23.573364,545
509525.091700,6944472.511000,23.577147,550
509524.687600,6944472.217000,23.650884,550
509524.283400,6944471.922000,23.750684,550
509524.100300,6944471.789000,23.800000,550
509523.879300,6944471.628000,23.860239,550
509523.475100,6944471.334000,23.968897,550
509523.071000,6944471.039000,24.065986,550
509522.666800,6944470.745000,24.136244,550
509522.262700,6944470.450000,24.209279,550
509521.858500,6944470.156000,24.281967,550
509521.454400,6944469.862000,24.262185,550
509521.050200,6944469.567000,24.241702,550
509520.646100,6944469.273000,24.220696,550
509520.242000,6944468.979000,24.134006,550
509519.837800,6944468.684000,24.035385,550
509519.433700,6944468.390000,23.930669,550
509519.029500,6944468.095000,23.815204,550
509518.978700,6944468.058000,23.800000,550
509518.625400,6944467.801000,23.681959,550
509518.221200,6944467.507000,23.545491,550
509517.817100,6944467.212000,23.417012,550
509517.412900,6944466.918000,23.327281,550
509517.281200,6944466.822000,23.300000,550
509517.008800,6944466.623000,23.232821,550
509516.604600,6944466.329000,23.129420,550
509516.200500,6944466.035000,23.134968,550
509515.796300,6944465.740000,23.163042,550
509515.392200,6944465.446000,23.190917,550
509514.988100,6944465.151000,23.268358,550
509514.885100,6944465.076000,23.300000,550
509514.583900,6944464.857000,23.380392,550
509514.179800,6944464.563000,23.492067,550
509513.775600,6944464.268000,23.594857,550
509513.371500,6944463.974000,23.683541,550
509512.967300,6944463.679000,23.770195,550
509512.834300,6944463.583000,23.800000,550
509512.563200,6944463.385000,23.853738,550
509512.159000,6944463.091000,23.874880,550
509511.754900,6944462.796000,23.889200,550
509511.350700,6944462.502000,23.903860,550
509510.946600,6944462.208000,23.891123,550
509510.542400,6944461.913000,23.859939,550
509510.138300,6944461.619000,23.829292,550
509509.824500,6944461.390000,23.800000,550
509509.734200,6944461.324000,23.791791,550
509508.521700,6944460.441000,23.626140,550
509508.117600,6944460.147000,23.558049,550
509507.309300,6944459.558000,23.420948,550
509506.905100,6944459.264000,23.350333,550
509506.621400,6944459.057000,23.300000,550
509506.501000,6944458.969000,23.276030,550
509506.096800,6944458.675000,23.195249,550
509505.692700,6944458.380000,23.118853,550
509505.288500,6944458.086000,23.050616,550
509504.884400,6944457.792000,22.982346,550
509504.480300,6944457.497000,22.915096,550
509504.076100,6944457.203000,22.870828,550
509503.672000,6944456.909000,22.826809,550
509503.422400,6944456.727000,22.800000,550
509503.267800,6944456.614000,22.780784,550
509502.863700,6944456.320000,22.745479,550
509502.055400,6944455.731000,22.685924,550
509501.651200,6944455.437000,22.649620,550
509500.842900,6944454.848000,22.558521,550
509500.438800,6944454.553000,22.507950,550
509500.034600,6944454.259000,22.413874,550
509499.630500,6944453.965000,22.319792,550
509499.545800,6944453.903000,22.300000,550
509499.226400,6944453.670000,22.220425,550
509498.822200,6944453.376000,22.106779,550
509498.418100,6944453.081000,21.991061,550
509498.013900,6944452.787000,21.875789,550
509497.680700,6944452.544000,21.800000,550
509497.609800,6944452.493000,21.781364,550
509497.205600,6944452.198000,21.696915,550
509496.801500,6944451.904000,21.616530,550
509496.397300,6944451.609000,21.546151,550
509495.993200,6944451.315000,21.515070,550
509495.589000,6944451.021000,21.483983,550
509495.184900,6944450.726000,21.452915,550
509494.780700,6944450.432000,21.414280,550
509494.376600,6944450.138000,21.374582,550
509493.972500,6944449.843000,21.334886,550
509493.780400,6944449.703000,21.300000,550
509493.568300,6944449.549000,21.261687,550
509493.164200,6944449.254000,21.160350,550
509492.760000,6944448.960000,21.059096,550
509492.355900,6944448.666000,20.947119,550
509491.977800,6944448.390000,20.800000,550
509491.951700,6944448.371000,20.788199,550
509491.547600,6944448.077000,20.606178,550
509491.143400,6944447.782000,20.424415,550
509490.860300,6944447.576000,20.300000,550
509490.739300,6944447.488000,20.246323,550
509490.335100,6944447.194000,20.067151,550
509489.931000,6944446.899000,19.888345,550
509489.681900,6944446.718000,19.800000,550
509489.526800,6944446.605000,19.738887,550
509489.122700,6944446.310000,19.602750,550
509488.718600,6944446.016000,19.466678,550
509488.314400,6944445.722000,19.352564,550
509487.988700,6944445.484000,19.300000,550
509487.910300,6944445.427000,19.286369,550
509487.506100,6944445.133000,19.216614,550
509487.102000,6944444.838000,19.146860,550
509525.900000,6944473.100000,23.429584,550
509525.495900,6944472.806000,23.356166,555
509525.091700,6944472.511000,23.426528,555
509524.687600,6944472.217000,23.496800,555
509524.283400,6944471.922000,23.590742,555
509523.879300,6944471.628000,23.695087,555
509523.475100,6944471.334000,23.799612,555
509523.473300,6944471.332000,23.800000,555
509523.071000,6944471.039000,23.888116,555
509522.666800,6944470.745000,23.951844,555
509522.262700,6944470.450000,24.016113,555
509521.858500,6944470.156000,24.077164,555
509521.454400,6944469.862000,24.046801,555
509521.050200,6944469.567000,24.016210,555
509520.646100,6944469.273000,23.985589,555
509520.242000,6944468.979000,23.890045,555
509519.919500,6944468.744000,23.800000,555
509519.837800,6944468.684000,23.774758,555
509519.433700,6944468.390000,23.653837,555
509519.029500,6944468.095000,23.521828,555
509518.625400,6944467.801000,23.374605,555
509518.422200,6944467.653000,23.300000,555
509518.221200,6944467.507000,23.208796,555
509517.817100,6944467.212000,23.037632,555
509517.412900,6944466.918000,22.927481,555
509517.008800,6944466.623000,22.817263,555
509516.949600,6944466.580000,22.800000,555
509516.604600,6944466.329000,22.681125,555
509516.200500,6944466.035000,22.686074,555
509515.796300,6944465.740000,22.719461,555
509515.392200,6944465.446000,22.753591,555
509515.207900,6944465.312000,22.800000,555
509514.988100,6944465.151000,22.848479,555
509514.583900,6944464.857000,22.985635,555
509514.179800,6944464.563000,23.120840,555
509513.775600,6944464.268000,23.252058,555
509513.627500,6944464.160000,23.300000,555
509513.371500,6944463.974000,23.370038,555
509512.967300,6944463.679000,23.479627,555
509512.563200,6944463.385000,23.584227,555
509512.159000,6944463.091000,23.626990,555
509511.754900,6944462.796000,23.662104,555
509511.350700,6944462.502000,23.697068,555
509510.946600,6944462.208000,23.700213,555
509510.138300,6944461.619000,23.661645,555
509509.734200,6944461.324000,23.634286,555
509508.521700,6944460.441000,23.488623,555
509508.117600,6944460.147000,23.423255,555
509507.713400,6944459.852000,23.357287,555
509507.363400,6944459.597000,23.300000,555
509507.309300,6944459.558000,23.290240,555
509506.905100,6944459.264000,23.212170,555
509506.501000,6944458.969000,23.132005,555
509506.096800,6944458.675000,23.051745,555
509505.692700,6944458.380000,22.975418,555
509505.288500,6944458.086000,22.906334,555
509504.884400,6944457.792000,22.837388,555
509504.661200,6944457.629000,22.800000,555
509504.480300,6944457.497000,22.765616,555
509503.672000,6944456.909000,22.660553,555
509503.267800,6944456.614000,22.608030,555
509502.863700,6944456.320000,22.568939,555
509502.055400,6944455.731000,22.501021,555
509501.651200,6944455.437000,22.460870,555
509500.842900,6944454.848000,22.363023,555
509500.438800,6944454.553000,22.309532,555
509500.397600,6944454.523000,22.300000,555
509500.034600,6944454.259000,22.210210,555
509499.630500,6944453.965000,22.110334,555
509499.226400,6944453.670000,22.011165,555
509498.822200,6944453.376000,21.902616,555
509498.443100,6944453.100000,21.800000,555
509498.418100,6944453.081000,21.791969,555
509498.013900,6944452.787000,21.660897,555
509497.609800,6944452.493000,21.560431,555
509497.205600,6944452.198000,21.488328,555
509496.801500,6944451.904000,21.418334,555
509496.397300,6944451.609000,21.356269,555
509495.993200,6944451.315000,21.330902,555
509495.589000,6944451.021000,21.305524,555
509495.503300,6944450.958000,21.300000,555
509495.184900,6944450.726000,21.280070,555
509494.780700,6944450.432000,21.243725,555
509494.376600,6944450.138000,21.205611,555
509493.972500,6944449.843000,21.167955,555
509493.568300,6944449.549000,21.096773,555
509493.164200,6944449.254000,20.994912,555
509492.760000,6944448.960000,20.894073,555
509492.415500,6944448.709000,20.800000,555
509492.355900,6944448.666000,20.781099,555
509491.951700,6944448.371000,20.598298,555
509491.547600,6944448.077000,20.417217,555
509491.286700,6944447.887000,20.300000,555
509491.143400,6944447.782000,20.235059,555
509490.739300,6944447.488000,20.055952,555
509490.335100,6944447.194000,19.877527,555
509490.159500,6944447.066000,19.800000,555
509489.931000,6944446.899000,19.688740,555
509489.526800,6944446.605000,19.529140,555
509489.122700,6944446.310000,19.391903,555
509488.851000,6944446.113000,19.300000,555
509488.718600,6944446.016000,19.252066,555
509488.314400,6944445.722000,19.128996,555
509487.910300,6944445.427000,19.057191,555
509487.506100,6944445.133000,18.985365,555
509487.102000,6944444.838000,18.913554,555
509525.900000,6944473.100000,23.285798,555
509525.816900,6944473.039000,23.300000,555
509525.091700,6944472.511000,23.275490,560
509524.943800,6944472.404000,23.300000,560
509524.687600,6944472.217000,23.342716,560
509524.283400,6944471.922000,23.430801,560
509523.879300,6944471.628000,23.527970,560
509523.475100,6944471.334000,23.625477,560
509523.071000,6944471.039000,23.708072,560
509522.666800,6944470.745000,23.766055,560
509522.425200,6944470.569000,23.800000,560
509522.262700,6944470.450000,23.822946,560
509521.858500,6944470.156000,23.872362,560
509521.454400,6944469.862000,23.831416,560
509521.139200,6944469.632000,23.800000,560
509521.050200,6944469.567000,23.790307,560
509520.646100,6944469.273000,23.747893,560
509520.242000,6944468.979000,23.637893,560
509519.837800,6944468.684000,23.504830,560
509519.433700,6944468.390000,23.370592,560
509519.230500,6944468.242000,23.300000,560
509519.029500,6944468.095000,23.210376,560
509518.625400,6944467.801000,23.020347,560
509518.221200,6944467.507000,22.829100,560
509518.157600,6944467.460000,22.800000,560
509517.817100,6944467.212000,22.603000,560
509517.412900,6944466.918000,22.466304,560
509517.008800,6944466.623000,22.325800,560
509516.932600,6944466.568000,22.300000,560
509516.604600,6944466.329000,22.177811,560
509516.200500,6944466.035000,22.187304,560
509515.796300,6944465.740000,22.230443,560
509515.392200,6944465.446000,22.272462,560
509515.296200,6944465.376000,22.300000,560
509514.988100,6944465.151000,22.382491,560
509514.583900,6944464.857000,22.555425,560
509514.179800,6944464.563000,22.718284,560
509513.991200,6944464.425000,22.800000,560
509513.775600,6944464.268000,22.881225,560
509513.371500,6944463.974000,23.030131,560
509512.967300,6944463.679000,23.173694,560
509512.603000,6944463.414000,23.300000,560
509512.563200,6944463.385000,23.311382,560
509512.159000,6944463.091000,23.374796,560
509511.754900,6944462.796000,23.430441,560
509511.350700,6944462.502000,23.485651,560
509510.946600,6944462.208000,23.504842,560
509510.138300,6944461.619000,23.492726,560
509509.734200,6944461.324000,23.476782,560
509508.521700,6944460.441000,23.351105,560
509508.193200,6944460.202000,23.300000,560
509508.117600,6944460.147000,23.287046,560
509507.713400,6944459.852000,23.215809,560
509507.309300,6944459.558000,23.144515,560
509506.905100,6944459.264000,23.067709,560
509506.501000,6944458.969000,22.987981,560
509506.096800,6944458.675000,22.908242,560
509505.692700,6944458.380000,22.831983,560
509505.507300,6944458.245000,22.800000,560
509505.288500,6944458.086000,22.757372,560
509504.884400,6944457.792000,22.678865,560
509504.480300,6944457.497000,22.601158,560
509503.672000,6944456.909000,22.490567,560
509503.267800,6944456.614000,22.435275,560
509502.863700,6944456.320000,22.392398,560
509502.055400,6944455.731000,22.316118,560
509501.905400,6944455.622000,22.300000,560
509501.651200,6944455.437000,22.270111,560
509501.247100,6944455.142000,22.213687,560
509500.842900,6944454.848000,22.155814,560
509500.438800,6944454.553000,22.096777,560
509500.034600,6944454.259000,21.997992,560
509499.630500,6944453.965000,21.899403,560
509499.226400,6944453.670000,21.801905,560
509499.219100,6944453.665000,21.800000,560
509498.822200,6944453.376000,21.673043,560
509498.418100,6944453.081000,21.550489,560
509498.013900,6944452.787000,21.430547,560
509497.609800,6944452.493000,21.339498,560
509497.347900,6944452.302000,21.300000,560
509497.205600,6944452.198000,21.279223,560
509496.801500,6944451.904000,21.218932,560
509496.397300,6944451.609000,21.166212,560
509495.993200,6944451.315000,21.146481,560
509495.589000,6944451.021000,21.126717,560
509495.184900,6944450.726000,21.106768,560
509494.780700,6944450.432000,21.072072,560
509494.376600,6944450.138000,21.035781,560
509493.972500,6944449.843000,21.000731,560
509493.568300,6944449.549000,20.931860,560
509493.164200,6944449.254000,20.829474,560
509493.045800,6944449.168000,20.800000,560
509492.760000,6944448.960000,20.717898,560
509492.355900,6944448.666000,20.589358,560
509491.951700,6944448.371000,20.408396,560
509491.709000,6944448.194000,20.300000,560
509491.547600,6944448.077000,20.227083,560
509491.143400,6944447.782000,20.044329,560
509490.739300,6944447.488000,19.865581,560
509490.590500,6944447.380000,19.800000,560
509490.335100,6944447.194000,19.676100,560
509489.931000,6944446.899000,19.479633,560
509489.526800,6944446.605000,19.319392,560
509489.469900,6944446.563000,19.300000,560
509489.122700,6944446.310000,19.173497,560
509488.718600,6944446.016000,19.026386,560
509488.314400,6944445.722000,18.901873,560
509487.910300,6944445.427000,18.828014,560
509487.756200,6944445.315000,18.800000,560
509487.506100,6944445.133000,18.751477,560
509487.102000,6944444.838000,18.673676,560
509525.900000,6944473.100000,23.141959,560
509525.495900,6944472.806000,23.208384,560
509525.091700,6944472.511000,23.122255,565
509524.687600,6944472.217000,23.185025,565
509524.283400,6944471.922000,23.269557,565
509524.148600,6944471.824000,23.300000,565
509523.879300,6944471.628000,23.360852,565
509523.475100,6944471.334000,23.451342,565
509523.071000,6944471.039000,23.525892,565
509522.262700,6944470.450000,23.621686,565
509521.858500,6944470.156000,23.662606,565
509521.454400,6944469.862000,23.609139,565
509521.050200,6944469.567000,23.554839,565
509520.646100,6944469.273000,23.500500,565
509520.242000,6944468.979000,23.380949,565
509520.013000,6944468.812000,23.300000,565
509519.837800,6944468.684000,23.220577,565
509519.433700,6944468.390000,23.040795,565
509519.029500,6944468.095000,22.846972,565
509518.931400,6944468.024000,22.800000,565
509518.625400,6944467.801000,22.614114,565
509518.221200,6944467.507000,22.359853,565
509518.118700,6944467.432000,22.300000,565
509517.817100,6944467.212000,22.101215,565
509517.412900,6944466.918000,21.949099,565
509517.008800,6944466.623000,21.811236,565
509516.981900,6944466.604000,21.800000,565
509516.604600,6944466.329000,21.614372,565
509516.200500,6944466.035000,21.634899,565
509515.796300,6944465.740000,21.698206,565
509515.392200,6944465.446000,21.763246,565
509515.300200,6944465.379000,21.800000,565
509514.988100,6944465.151000,21.906179,565
509514.583900,6944464.857000,22.096854,565
509514.179800,6944464.563000,22.291397,565
509514.162100,6944464.550000,22.300000,565
509513.775600,6944464.268000,22.478126,565
509513.371500,6944463.974000,22.668328,565
509513.079400,6944463.761000,22.800000,565
509512.967300,6944463.679000,22.842886,565
509512.563200,6944463.385000,23.011544,565
509512.159000,6944463.091000,23.105400,565
509511.754900,6944462.796000,23.188832,565
509511.350700,6944462.502000,23.271499,565
509511.061600,6944462.291000,23.300000,565
509510.946600,6944462.208000,23.309472,565
509510.138300,6944461.619000,23.323806,565
509509.734200,6944461.324000,23.319278,565
509509.517300,6944461.166000,23.300000,565
509509.330000,6944461.030000,23.282166,565
509508.925900,6944460.736000,23.242691,565
509508.521700,6944460.441000,23.203117,565
509508.117600,6944460.147000,23.135725,565
509507.713400,6944459.852000,23.067249,565
509507.309300,6944459.558000,22.998790,565
509506.905100,6944459.264000,22.923247,565
509506.501000,6944458.969000,22.843957,565
509506.277100,6944458.806000,22.800000,565
509506.096800,6944458.675000,22.760498,565
509505.692700,6944458.380000,22.674969,565
509504.884400,6944457.792000,22.515626,565
509504.480300,6944457.497000,22.436700,565
509503.672000,6944456.909000,22.320581,565
509503.527200,6944456.803000,22.300000,565
509503.267800,6944456.614000,22.260335,565
509502.863700,6944456.320000,22.210403,565
509502.459500,6944456.025000,22.164200,565
509502.055400,6944455.731000,22.118484,565
509501.651200,6944455.437000,22.067765,565
509501.247100,6944455.142000,22.006861,565
509500.842900,6944454.848000,21.943035,565
509500.438800,6944454.553000,21.883298,565
509500.093900,6944454.302000,21.800000,565
509500.034600,6944454.259000,21.781485,565
509499.630500,6944453.965000,21.656182,565
509499.226400,6944453.670000,21.532782,565
509498.822200,6944453.376000,21.417793,565
509498.418100,6944453.081000,21.309009,565
509498.386000,6944453.058000,21.300000,565
509498.013900,6944452.787000,21.196512,565
509497.609800,6944452.493000,21.114328,565
509497.205600,6944452.198000,21.065317,565
509496.801500,6944451.904000,21.017744,565
509496.397300,6944451.609000,20.976083,565
509495.993200,6944451.315000,20.962009,565
509495.589000,6944451.021000,20.947899,565
509495.184900,6944450.726000,20.933466,565
509494.780700,6944450.432000,20.900419,565
509494.376600,6944450.138000,20.865951,565
509493.972500,6944449.843000,20.833508,565
509493.770400,6944449.696000,20.800000,565
509493.568300,6944449.549000,20.760995,565
509493.164200,6944449.254000,20.642178,565
509492.760000,6944448.960000,20.526940,565
509492.355900,6944448.666000,20.397617,565
509492.136600,6944448.506000,20.300000,565
509491.951700,6944448.371000,20.216891,565
509491.547600,6944448.077000,20.035035,565
509491.143400,6944447.782000,19.853598,565
509491.022200,6944447.694000,19.800000,565
509490.739300,6944447.488000,19.662273,565
509490.335100,6944447.194000,19.466510,565
509489.991900,6944446.944000,19.300000,565
509489.931000,6944446.899000,19.268688,565
509489.526800,6944446.605000,19.097862,565
509489.122700,6944446.310000,18.949251,565
509488.718600,6944446.016000,18.800706,565
509488.716300,6944446.014000,18.800000,565
509488.314400,6944445.722000,18.667704,565
509487.910300,6944445.427000,18.587717,565
509487.506100,6944445.133000,18.506933,565
509487.102000,6944444.838000,18.427565,565
509525.900000,6944473.100000,22.998119,565
509525.495900,6944472.806000,23.060242,565
509525.091700,6944472.511000,22.969020,570
509524.687600,6944472.217000,23.025950,570
509524.283400,6944471.922000,23.102467,570
509523.879300,6944471.628000,23.187620,570
509523.475100,6944471.334000,23.275259,570
509523.332500,6944471.230000,23.300000,570
509523.071000,6944471.039000,23.343712,570
509522.262700,6944470.450000,23.419334,570
509521.858500,6944470.156000,23.450142,570
509521.454400,6944469.862000,23.385684,570
509521.050200,6944469.567000,23.319372,570
509520.927900,6944469.478000,23.300000,570
509520.646100,6944469.273000,23.242354,570
509520.242000,6944468.979000,23.079074,570
509519.837800,6944468.684000,22.891246,570
509519.644600,6944468.543000,22.800000,570
509519.433700,6944468.390000,22.666467,570
509519.029500,6944468.095000,22.411389,570
509518.851900,6944467.966000,22.300000,570
509518.625400,6944467.801000,22.137692,570
509518.221200,6944467.507000,21.860898,570
509518.133900,6944467.443000,21.800000,570
509517.817100,6944467.212000,21.512970,570
509517.412900,6944466.918000,21.331863,570
509517.335900,6944466.862000,21.300000,570
509517.008800,6944466.623000,21.153098,570
509516.604600,6944466.329000,20.977226,570
509516.200500,6944466.035000,21.018959,570
509515.796300,6944465.740000,21.108031,570
509515.392200,6944465.446000,21.198432,570
509515.163300,6944465.279000,21.300000,570
509514.988100,6944465.151000,21.373033,570
509514.583900,6944464.857000,21.614561,570
509514.284000,6944464.639000,21.800000,570
509514.179800,6944464.563000,21.854935,570
509513.775600,6944464.268000,22.066317,570
509513.371500,6944463.974000,22.279859,570
509513.336100,6944463.948000,22.300000,570
509512.967300,6944463.679000,22.498984,570
509512.563200,6944463.385000,22.702849,570
509512.263700,6944463.167000,22.800000,570
509512.159000,6944463.091000,22.828752,570
509511.754900,6944462.796000,22.934404,570
509511.350700,6944462.502000,23.037654,570
509510.946600,6944462.208000,23.094194,570
509510.542400,6944461.913000,23.116420,570
509510.138300,6944461.619000,23.138589,570
509509.734200,6944461.324000,23.145751,570
509509.330000,6944461.030000,23.113534,570
509508.925900,6944460.736000,23.081252,570
509508.521700,6944460.441000,23.048937,570
509508.117600,6944460.147000,22.984405,570
509507.713400,6944459.852000,22.918688,570
509507.309300,6944459.558000,22.853065,570
509507.021300,6944459.348000,22.800000,570
509506.905100,6944459.264000,22.776272,570
509506.501000,6944458.969000,22.688015,570
509506.096800,6944458.675000,22.599736,570
509505.692700,6944458.380000,22.514059,570
509504.884400,6944457.792000,22.352388,570
509504.619500,6944457.599000,22.300000,570
509504.480300,6944457.497000,22.270640,570
509504.076100,6944457.203000,22.206428,570
509503.672000,6944456.909000,22.141383,570
509503.267800,6944456.614000,22.077507,570
509502.863700,6944456.320000,22.022416,570
509502.459500,6944456.025000,21.970138,570
509502.055400,6944455.731000,21.919634,570
509501.651200,6944455.437000,21.865419,570
509501.247100,6944455.142000,21.800035,570
509501.246900,6944455.142000,21.800000,570
509500.842900,6944454.848000,21.710923,570
509500.438800,6944454.553000,21.628222,570
509500.034600,6944454.259000,21.505298,570
509499.630500,6944453.965000,21.384182,570
509499.350200,6944453.760000,21.300000,570
509499.226400,6944453.670000,21.262123,570
509498.822200,6944453.376000,21.155950,570
509498.418100,6944453.081000,21.058133,570
509498.013900,6944452.787000,20.957659,570
509497.609800,6944452.493000,20.888235,570
509497.205600,6944452.198000,20.851411,570
509496.801500,6944451.904000,20.816556,570
509496.588500,6944451.749000,20.800000,570
509496.397300,6944451.609000,20.783170,570
509495.993200,6944451.315000,20.773209,570
509495.589000,6944451.021000,20.763296,570
509495.184900,6944450.726000,20.753023,570
509494.780700,6944450.432000,20.717082,570
509494.376600,6944450.138000,20.679580,570
509493.972500,6944449.843000,20.644084,570
509493.568300,6944449.549000,20.566390,570
509493.164200,6944449.254000,20.450143,570
509492.760000,6944448.960000,20.335982,570
509492.647900,6944448.878000,20.300000,570
509492.355900,6944448.666000,20.204542,570
509491.951700,6944448.371000,20.023252,570
509491.547600,6944448.077000,19.842988,570
509491.451600,6944448.007000,19.800000,570
509491.143400,6944447.782000,19.648075,570
509490.739300,6944447.488000,19.452167,570
509490.424500,6944447.259000,19.300000,570
509490.335100,6944447.194000,19.254164,570
509489.931000,6944446.899000,19.046538,570
509489.526800,6944446.605000,18.875131,570
509489.323900,6944446.457000,18.800000,570
509489.122700,6944446.310000,18.720732,570
509488.718600,6944446.016000,18.562948,570
509488.314400,6944445.722000,18.427805,570
509487.910300,6944445.427000,18.345871,570
509487.687100,6944445.265000,18.300000,570
509487.506100,6944445.133000,18.258062,570
509487.102000,6944444.838000,18.167318,570
509525.900000,6944473.100000,22.854280,570
509525.495900,6944472.806000,22.912101,570
509525.211900,6944472.599000,22.800000,575
509525.091700,6944472.511000,22.815786,575
509524.687600,6944472.217000,22.866876,575
509524.283400,6944471.922000,22.935377,575
509523.879300,6944471.628000,23.010885,575
509523.475100,6944471.334000,23.086245,575
509523.071000,6944471.039000,23.145171,575
509522.666800,6944470.745000,23.173641,575
509522.262700,6944470.450000,23.203268,575
509521.858500,6944470.156000,23.225684,575
509521.454400,6944469.862000,23.130729,575
509521.050200,6944469.567000,23.033381,575
509520.646100,6944469.273000,22.938231,575
509520.334400,6944469.046000,22.800000,575
509520.242000,6944468.979000,22.747246,575
509519.837800,6944468.684000,22.496541,575
509519.541200,6944468.468000,22.300000,575
509519.433700,6944468.390000,22.218274,575
509519.029500,6944468.095000,21.927654,575
509518.854700,6944467.968000,21.800000,575
509518.625400,6944467.801000,21.555400,575
509518.361000,6944467.608000,21.300000,575
509518.221200,6944467.507000,21.145263,575
509517.836300,6944467.226000,20.800000,575
509517.817100,6944467.212000,20.780605,575
509517.412900,6944466.918000,20.567397,575
509517.008800,6944466.623000,20.412389,575
509516.716300,6944466.410000,20.300000,575
509516.604600,6944466.329000,20.254651,575
509516.405700,6944466.184000,20.300000,575
509516.200500,6944466.035000,20.339719,575
509515.796300,6944465.740000,20.469284,575
509515.392200,6944465.446000,20.600738,575
509515.057600,6944465.202000,20.800000,575
509514.988100,6944465.151000,20.835507,575
509514.583900,6944464.857000,21.104605,575
509514.279400,6944464.635000,21.300000,575
509514.179800,6944464.563000,21.363045,575
509513.775600,6944464.268000,21.634525,575
509513.562000,6944464.113000,21.800000,575
509513.371500,6944463.974000,21.914895,575
509512.967300,6944463.679000,22.149384,575
509512.706200,6944463.489000,22.300000,575
509512.563200,6944463.385000,22.375992,575
509512.159000,6944463.091000,22.525887,575
509511.754900,6944462.796000,22.668299,575
509511.364200,6944462.512000,22.800000,575
509511.350700,6944462.502000,22.803809,575
509510.946600,6944462.208000,22.877903,575
509510.542400,6944461.913000,22.914385,575
509510.138300,6944461.619000,22.950699,575
509509.734200,6944461.324000,22.969989,575
509509.330000,6944461.030000,22.944901,575
509508.925900,6944460.736000,22.919813,575
509508.521700,6944460.441000,22.894756,575
509508.117600,6944460.147000,22.833085,575
509507.907000,6944459.993000,22.800000,575
509507.713400,6944459.852000,22.766656,575
509507.309300,6944459.558000,22.696444,575
509506.905100,6944459.264000,22.614690,575
509506.501000,6944458.969000,22.526837,575
509506.096800,6944458.675000,22.438974,575
509505.692700,6944458.380000,22.353149,575
509505.430100,6944458.189000,22.300000,575
509505.288500,6944458.086000,22.269504,575
509504.884400,6944457.792000,22.183314,575
509504.480300,6944457.497000,22.096692,575
509504.076100,6944457.203000,22.029785,575
509503.672000,6944456.909000,21.960917,575
509503.267800,6944456.614000,21.894679,575
509502.863700,6944456.320000,21.834430,575
509502.622100,6944456.144000,21.800000,575
509502.459500,6944456.025000,21.770313,575
509502.055400,6944455.731000,21.700557,575
509501.651200,6944455.437000,21.624240,575
509501.247100,6944455.142000,21.532581,575
509500.842900,6944454.848000,21.439163,575
509500.438800,6944454.553000,21.346530,575
509500.280500,6944454.438000,21.300000,575
509500.034600,6944454.259000,21.226036,575
509499.630500,6944453.965000,21.107159,575
509499.226400,6944453.670000,20.985245,575
509498.822200,6944453.376000,20.888457,575
509498.418100,6944453.081000,20.806894,575
509498.387900,6944453.059000,20.800000,575
509498.013900,6944452.787000,20.702830,575
509497.609800,6944452.493000,20.635875,575
509497.205600,6944452.198000,20.606842,575
509496.801500,6944451.904000,20.579155,575
509496.397300,6944451.609000,20.555372,575
509495.993200,6944451.315000,20.553185,575
509495.589000,6944451.021000,20.551021,575
509495.184900,6944450.726000,20.548655,575
509494.780700,6944450.432000,20.517272,575
509494.376600,6944450.138000,20.482707,575
509493.972500,6944449.843000,20.449097,575
509493.568300,6944449.549000,20.371786,575
509493.314300,6944449.364000,20.300000,575
509493.164200,6944449.254000,20.257120,575
509492.760000,6944448.960000,20.141470,575
509492.355900,6944448.666000,20.010083,575
509491.951700,6944448.371000,19.829612,575
509491.885200,6944448.323000,19.800000,575
509491.547600,6944448.077000,19.634897,575
509491.143400,6944447.782000,19.436770,575
509490.860000,6944447.576000,19.300000,575
509490.739300,6944447.488000,19.238173,575
509490.335100,6944447.194000,19.031161,575
509489.931000,6944446.899000,18.824389,575
509489.873600,6944446.857000,18.800000,575
509489.526800,6944446.605000,18.643888,575
509489.122700,6944446.310000,18.483708,575
509488.718600,6944446.016000,18.325151,575
509488.644000,6944445.962000,18.300000,575
509488.314400,6944445.722000,18.174082,575
509487.910300,6944445.427000,18.080011,575
509487.506100,6944445.133000,17.985391,575
509487.102000,6944444.838000,17.891860,575
509525.900000,6944473.100000,22.710409,575
509525.495900,6944472.806000,22.763323,575
509524.687600,6944472.217000,22.704663,580
509524.283400,6944471.922000,22.766392,580
509524.083200,6944471.777000,22.800000,580
509523.879300,6944471.628000,22.834151,580
509523.475100,6944471.334000,22.897231,580
509523.071000,6944471.039000,22.941465,580
509522.666800,6944470.745000,22.954263,580
509522.262700,6944470.450000,22.967488,580
509521.858500,6944470.156000,22.972327,580
509521.454400,6944469.862000,22.856184,580
509521.248300,6944469.712000,22.800000,580
509521.050200,6944469.567000,22.730856,580
509520.646100,6944469.273000,22.592132,580
509520.242000,6944468.979000,22.355788,580
509520.156500,6944468.916000,22.300000,580
509519.837800,6944468.684000,22.051711,580
509519.512900,6944468.447000,21.800000,580
509519.433700,6944468.390000,21.695261,580
509519.108500,6944468.153000,21.300000,580
509519.029500,6944468.095000,21.188593,580
509518.649200,6944467.818000,20.800000,580
509518.625400,6944467.801000,20.758538,580
509518.322400,6944467.580000,20.300000,580
509518.221200,6944467.507000,20.131365,580
509517.974900,6944467.327000,19.800000,580
509517.817100,6944467.212000,19.627349,580
509517.412900,6944466.918000,19.545370,580
509517.008800,6944466.623000,19.481946,580
509516.604600,6944466.329000,19.423832,580
509516.200500,6944466.035000,19.598623,580
509515.796300,6944465.740000,19.791339,580
509515.779500,6944465.728000,19.800000,580
509515.392200,6944465.446000,19.966317,580
509514.988100,6944465.151000,20.233895,580
509514.911500,6944465.096000,20.300000,580
509514.583900,6944464.857000,20.568109,580
509514.302200,6944464.652000,20.800000,580
509514.179800,6944464.563000,20.882860,580
509513.775600,6944464.268000,21.169839,580
509513.609400,6944464.147000,21.300000,580
509513.371500,6944463.974000,21.487262,580
509512.967300,6944463.679000,21.793699,580
509512.959000,6944463.673000,21.800000,580
509512.563200,6944463.385000,22.040830,580
509512.159000,6944463.091000,22.222234,580
509511.977000,6944462.958000,22.300000,580
509511.754900,6944462.796000,22.389118,580
509511.350700,6944462.502000,22.549884,580
509510.946600,6944462.208000,22.647589,580
509510.542400,6944461.913000,22.703207,580
509510.138300,6944461.619000,22.758861,580
509509.734200,6944461.324000,22.793597,580
509508.521700,6944460.441000,22.733739,580
509508.117600,6944460.147000,22.668111,580
509507.713400,6944459.852000,22.600835,580
509507.309300,6944459.558000,22.533583,580
509506.905100,6944459.264000,22.453108,580
509506.501000,6944458.969000,22.365659,580
509506.197700,6944458.748000,22.300000,580
509506.096800,6944458.675000,22.276960,580
509505.692700,6944458.380000,22.186430,580
509505.288500,6944458.086000,22.098190,580
509504.884400,6944457.792000,22.011484,580
509504.480300,6944457.497000,21.922743,580
509504.076100,6944457.203000,21.853142,580
509503.779000,6944456.986000,21.800000,580
509503.672000,6944456.909000,21.776223,580
509503.267800,6944456.614000,21.691316,580
509502.863700,6944456.320000,21.609657,580
509502.459500,6944456.025000,21.529516,580
509502.055400,6944455.731000,21.450929,580
509501.651200,6944455.437000,21.364509,580
509501.386200,6944455.244000,21.300000,580
509501.247100,6944455.142000,21.264817,580
509500.842900,6944454.848000,21.161470,580
509500.438800,6944454.553000,21.064589,580
509500.034600,6944454.259000,20.937868,580
509499.630500,6944453.965000,20.827884,580
509499.536800,6944453.896000,20.800000,580
509499.226400,6944453.670000,20.684531,580
509498.822200,6944453.376000,20.582423,580
509498.418100,6944453.081000,20.501364,580
509498.013900,6944452.787000,20.416983,580
509497.609800,6944452.493000,20.366701,580
509497.205600,6944452.198000,20.352571,580
509496.801500,6944451.904000,20.338507,580
509496.397300,6944451.609000,20.327574,580
509495.993200,6944451.315000,20.333161,580
509495.589000,6944451.021000,20.338745,580
509495.184900,6944450.726000,20.344288,580
509494.780700,6944450.432000,20.317462,580
509494.559100,6944450.270000,20.300000,580
509494.376600,6944450.138000,20.285485,580
509493.972500,6944449.843000,20.253121,580
509493.568300,6944449.549000,20.175273,580
509493.164200,6944449.254000,20.060555,580
509492.760000,6944448.960000,19.946132,580
509492.355900,6944448.666000,19.815625,580
509492.320900,6944448.640000,19.800000,580
509491.951700,6944448.371000,19.619092,580
509491.547600,6944448.077000,19.422179,580
509491.297200,6944447.894000,19.300000,580
509491.143400,6944447.782000,19.220683,580
509490.739300,6944447.488000,19.013967,580
509490.335100,6944447.194000,18.808158,580
509490.319200,6944447.182000,18.800000,580
509489.931000,6944446.899000,18.590172,580
509489.526800,6944446.605000,18.408312,580
509489.255500,6944446.407000,18.300000,580
509489.122700,6944446.310000,18.240022,580
509488.718600,6944446.016000,18.059846,580
509488.314400,6944445.722000,17.904597,580
509487.910300,6944445.427000,17.808530,580
509487.874100,6944445.401000,17.800000,580
509487.506100,6944445.133000,17.710236,580
509487.102000,6944444.838000,17.614253,580
509525.900000,6944473.100000,22.566519,580
509524.687600,6944472.217000,22.540173,585
509524.283400,6944471.922000,22.589318,585
509523.879300,6944471.628000,22.644263,585
509523.475100,6944471.334000,22.698670,585
509523.071000,6944471.039000,22.730417,585
509522.262700,6944470.450000,22.719750,585
509521.858500,6944470.156000,22.703710,585
509521.454400,6944469.862000,22.543178,585
509521.050200,6944469.567000,22.379295,585
509520.851600,6944469.423000,22.300000,585
509520.646100,6944469.273000,22.199561,585
509520.242000,6944468.979000,21.921670,585
509520.090700,6944468.868000,21.800000,585
509519.837800,6944468.684000,21.446058,585
509519.727000,6944468.603000,21.300000,585
509519.433700,6944468.390000,20.868942,585
509519.384400,6944468.354000,20.800000,585
509519.226700,6944468.239000,20.300000,585
509519.064800,6944468.121000,19.800000,585
509519.029500,6944468.095000,19.582158,585
509518.965200,6944468.049000,19.300000,585
509518.933900,6944468.026000,18.800000,585
509518.625400,6944467.801000,18.372259,585
509518.437900,6944467.664000,18.300000,585
509518.221200,6944467.507000,18.238080,585
509517.817100,6944467.212000,18.164710,585
509517.412900,6944466.918000,18.262718,585
509517.295100,6944466.832000,18.300000,585
509517.008800,6944466.623000,18.396699,585
509516.604600,6944466.329000,18.522949,585
509516.200500,6944466.035000,18.744124,585
509516.116700,6944465.974000,18.800000,585
509515.796300,6944465.740000,19.014521,585
509515.392200,6944465.446000,19.261700,585
509515.349800,6944465.415000,19.300000,585
509514.988100,6944465.151000,19.604686,585
509514.794000,6944465.010000,19.800000,585
509514.583900,6944464.857000,19.984753,585
509514.212300,6944464.586000,20.300000,585
509514.179800,6944464.563000,20.327021,585
509513.775600,6944464.268000,20.700353,585
509513.680800,6944464.199000,20.800000,585
509513.371500,6944463.974000,21.053385,585
509513.057500,6944463.745000,21.300000,585
509512.967300,6944463.679000,21.371505,585
509512.563200,6944463.385000,21.689866,585
509512.399200,6944463.266000,21.800000,585
509512.159000,6944463.091000,21.924938,585
509511.754900,6944462.796000,22.112319,585
509511.350700,6944462.502000,22.295384,585
509511.336100,6944462.491000,22.300000,585
509510.946600,6944462.208000,22.409383,585
509510.542400,6944461.913000,22.480099,585
509510.138300,6944461.619000,22.551028,585
509509.734200,6944461.324000,22.598639,585
509508.521700,6944460.441000,22.561819,585
509508.117600,6944460.147000,22.499317,585
509507.713400,6944459.852000,22.435014,585
509507.309300,6944459.558000,22.370722,585
509506.948700,6944459.295000,22.300000,585
509506.905100,6944459.264000,22.291042,585
509506.501000,6944458.969000,22.199286,585
509506.096800,6944458.675000,22.106963,585
509505.692700,6944458.380000,22.016845,585
509505.288500,6944458.086000,21.926875,585
509504.884400,6944457.792000,21.839653,585
509504.706800,6944457.662000,21.800000,585
509504.480300,6944457.497000,21.738561,585
509504.076100,6944457.203000,21.649538,585
509503.672000,6944456.909000,21.556725,585
509503.267800,6944456.614000,21.465895,585
509502.863700,6944456.320000,21.376636,585
509502.509900,6944456.062000,21.300000,585
509502.459500,6944456.025000,21.288773,585
509502.055400,6944455.731000,21.198773,585
509501.651200,6944455.437000,21.101985,585
509501.247100,6944455.142000,20.995052,585
509500.842900,6944454.848000,20.877551,585
509500.513300,6944454.608000,20.800000,585
509500.438800,6944454.553000,20.776393,585
509500.034600,6944454.259000,20.613882,585
509499.630500,6944453.965000,20.478173,585
509499.226400,6944453.670000,20.335632,585
509499.049500,6944453.541000,20.300000,585
509498.822200,6944453.376000,20.253763,585
509498.418100,6944453.081000,20.187262,585
509498.013900,6944452.787000,20.121596,585
509497.609800,6944452.493000,20.088797,585
509497.205600,6944452.198000,20.090531,585
509496.801500,6944451.904000,20.092937,585
509496.397300,6944451.609000,20.097176,585
509495.184900,6944450.726000,20.137467,585
509494.780700,6944450.432000,20.113600,585
509493.972500,6944449.843000,20.053932,585
509493.568300,6944449.549000,19.977644,585
509493.164200,6944449.254000,19.863989,585
509492.936300,6944449.088000,19.800000,585
509492.760000,6944448.960000,19.745166,585
509492.355900,6944448.666000,19.601469,585
509491.951700,6944448.371000,19.405525,585
509491.734600,6944448.213000,19.300000,585
509491.547600,6944448.077000,19.203666,585
509491.143400,6944447.782000,18.995819,585
509490.759400,6944447.503000,18.800000,585
509490.739300,6944447.488000,18.789169,585
509490.335100,6944447.194000,18.571767,585
509489.931000,6944446.899000,18.354467,585
509489.809900,6944446.811000,18.300000,585
509489.526800,6944446.605000,18.156272,585
509489.122700,6944446.310000,17.973379,585
509488.737800,6944446.030000,17.800000,585
509488.718600,6944446.016000,17.791164,585
509488.314400,6944445.722000,17.632311,585
509487.910300,6944445.427000,17.533289,585
509487.506100,6944445.133000,17.429806,585
509487.102000,6944444.838000,17.335571,585
509525.900000,6944473.100000,22.422628,585
509525.495900,6944472.806000,22.311053,590
509524.687600,6944472.217000,22.375684,590
509524.283400,6944471.922000,22.412244,590
509523.879300,6944471.628000,22.451225,590
509523.475100,6944471.334000,22.489997,590
509523.071000,6944471.039000,22.502683,590
509522.262700,6944470.450000,22.442685,590
509521.858500,6944470.156000,22.402640,590
509521.624100,6944469.985000,22.300000,590
509521.454400,6944469.862000,22.213285,590
509521.050200,6944469.567000,21.990986,590
509520.698600,6944469.311000,21.800000,590
509520.646100,6944469.273000,21.742577,590
509520.311400,6944469.029000,21.300000,590
509520.242000,6944468.979000,21.194603,590
509519.986000,6944468.792000,20.800000,590
509519.867100,6944468.706000,20.300000,590
509519.837800,6944468.684000,20.079807,590
509519.796400,6944468.654000,19.800000,590
509519.837800,6944468.684000,19.528817,590
509519.873700,6944468.710000,19.300000,590
509520.007000,6944468.807000,18.800000,590
509520.242000,6944468.979000,18.336862,590
509520.256900,6944468.989000,18.300000,590
509520.431000,6944469.116000,17.800000,590
509520.646100,6944469.273000,17.357154,590
509520.657100,6944469.281000,17.300000,590
509520.646100,6944469.273000,17.219876,590
509520.415300,6944469.105000,16.800000,590
509520.242000,6944468.979000,16.709247,590
509519.837800,6944468.684000,16.697942,590
509519.433700,6944468.390000,16.685630,590
509519.029500,6944468.095000,16.716817,590
509518.625400,6944467.801000,16.786769,590
509518.590800,6944467.776000,16.800000,590
509518.221200,6944467.507000,17.014593,590
509517.817100,6944467.212000,17.160160,590
509517.412900,6944466.918000,17.277162,590
509517.361400,6944466.880000,17.300000,590
509517.008800,6944466.623000,17.505727,590
509516.604600,6944466.329000,17.694083,590
509516.433300,6944466.204000,17.800000,590
509516.200500,6944466.035000,17.962924,590
509515.796300,6944465.740000,18.255469,590
509515.737600,6944465.697000,18.300000,590
509515.392200,6944465.446000,18.548428,590
509515.113800,6944465.243000,18.800000,590
509514.988100,6944465.151000,18.914328,590
509514.648300,6944464.904000,19.300000,590
509514.583900,6944464.857000,19.365520,590
509514.179800,6944464.563000,19.778973,590
509514.160700,6944464.549000,19.800000,590
509513.775600,6944464.268000,20.163808,590
509513.653500,6944464.179000,20.300000,590
509513.371500,6944463.974000,20.599158,590
509513.182000,6944463.836000,20.800000,590
509512.967300,6944463.679000,20.974839,590
509512.570500,6944463.390000,21.300000,590
509512.563200,6944463.385000,21.305861,590
509512.159000,6944463.091000,21.581376,590
509511.830300,6944462.851000,21.800000,590
509511.754900,6944462.796000,21.836638,590
509511.350700,6944462.502000,22.027035,590
509510.946600,6944462.208000,22.166438,590
509510.542400,6944461.913000,22.256049,590
509510.348000,6944461.771000,22.300000,590
509510.138300,6944461.619000,22.343195,590
509509.734200,6944461.324000,22.403681,590
509508.521700,6944460.441000,22.389900,590
509508.117600,6944460.147000,22.330524,590
509507.918200,6944460.002000,22.300000,590
509507.713400,6944459.852000,22.267378,590
509507.309300,6944459.558000,22.202712,590
509506.905100,6944459.264000,22.120245,590
509506.501000,6944458.969000,22.029341,590
509506.096800,6944458.675000,21.936965,590
509505.692700,6944458.380000,21.847260,590
509505.483400,6944458.228000,21.800000,590
509505.288500,6944458.086000,21.746723,590
509504.884400,6944457.792000,21.639900,590
509504.480300,6944457.497000,21.529849,590
509504.076100,6944457.203000,21.434332,590
509503.672000,6944456.909000,21.337228,590
509503.513900,6944456.793000,21.300000,590
509503.267800,6944456.614000,21.240654,590
509502.863700,6944456.320000,21.140125,590
509502.459500,6944456.025000,21.049132,590
509502.055400,6944455.731000,20.942751,590
509501.651200,6944455.437000,20.838538,590
509501.511500,6944455.335000,20.800000,590
509501.247100,6944455.142000,20.701466,590
509500.842900,6944454.848000,20.540117,590
509500.438800,6944454.553000,20.393838,590
509500.167700,6944454.356000,20.300000,590
509500.034600,6944454.259000,20.252906,590
509499.630500,6944453.965000,20.110627,590
509499.226400,6944453.670000,19.966339,590
509498.822200,6944453.376000,19.901366,590
509498.418100,6944453.081000,19.859748,590
509498.013900,6944452.787000,19.819598,590
509497.609800,6944452.493000,19.808017,590
509497.205600,6944452.198000,19.826466,590
509496.801500,6944451.904000,19.846429,590
509496.397300,6944451.609000,19.866419,590
509495.184900,6944450.726000,19.929968,590
509494.780700,6944450.432000,19.909351,590
509493.972500,6944449.843000,19.854742,590
509493.677000,6944449.628000,19.800000,590
509493.568300,6944449.549000,19.777681,590
509493.164200,6944449.254000,19.652326,590
509492.760000,6944448.960000,19.527485,590
509492.355900,6944448.666000,19.385593,590
509492.178300,6944448.536000,19.300000,590
509491.951700,6944448.371000,19.183981,590
509491.547600,6944448.077000,18.977332,590
509491.200600,6944447.824000,18.800000,590
509491.143400,6944447.782000,18.769147,590
509490.739300,6944447.488000,18.552003,590
509490.335100,6944447.194000,18.334868,590
509490.270200,6944447.146000,18.300000,590
509489.931000,6944446.899000,18.095997,590
509489.526800,6944446.605000,17.890220,590
509489.327900,6944446.460000,17.800000,590
509489.122700,6944446.310000,17.704570,590
509488.718600,6944446.016000,17.518813,590
509488.314400,6944445.722000,17.358248,590
509488.079300,6944445.550000,17.300000,590
509487.910300,6944445.427000,17.251427,590
509487.506100,6944445.133000,17.130515,590
509487.102000,6944444.838000,17.018741,590
509525.900000,6944473.100000,22.278171,590
509525.629900,6944472.903000,22.300000,590
509525.091700,6944472.511000,22.181640,595
509524.687600,6944472.217000,22.207492,595
509524.283400,6944471.922000,22.231503,595
509523.879300,6944471.628000,22.255408,595
509523.475100,6944471.334000,22.279925,595
509523.071000,6944471.039000,22.271968,595
509522.666800,6944470.745000,22.209294,595
509522.262700,6944470.450000,22.153715,595
509521.858500,6944470.156000,22.069359,595
509521.454400,6944469.862000,21.862064,595
509521.352100,6944469.787000,21.800000,595
509521.050200,6944469.567000,21.440066,595
509520.924500,6944469.476000,21.300000,595
509520.646100,6944469.273000,20.936478,595
509520.554100,6944469.206000,20.800000,595
509520.468300,6944469.143000,20.300000,595
509520.435600,6944469.120000,19.800000,595
509520.555800,6944469.207000,19.300000,595
509520.646100,6944469.273000,19.040964,595
509520.705100,6944469.316000,18.800000,595
509520.848600,6944469.420000,18.300000,595
509521.005100,6944469.534000,17.800000,595
509521.050200,6944469.567000,17.625187,595
509521.135100,6944469.629000,17.300000,595
509521.050200,6944469.567000,16.823260,595
509521.046000,6944469.564000,16.800000,595
509520.905400,6944469.462000,16.300000,595
509520.646100,6944469.273000,16.034462,595
509520.242000,6944468.979000,15.948274,595
509519.837800,6944468.684000,15.985955,595
509519.433700,6944468.390000,16.019195,595
509519.029500,6944468.095000,16.093569,595
509518.625400,6944467.801000,16.197880,595
509518.221200,6944467.507000,16.299310,595
509518.219400,6944467.505000,16.300000,595
509517.817100,6944467.212000,16.532231,595
509517.412900,6944466.918000,16.684555,595
509517.132200,6944466.713000,16.800000,595
509517.008800,6944466.623000,16.856109,595
509516.604600,6944466.329000,17.052565,595
509516.200500,6944466.035000,17.250808,595
509516.115800,6944465.973000,17.300000,595
509515.796300,6944465.740000,17.538807,595
509515.419400,6944465.466000,17.800000,595
509515.392200,6944465.446000,17.820601,595
509514.988100,6944465.151000,18.219738,595
509514.921200,6944465.103000,18.300000,595
509514.583900,6944464.857000,18.686280,595
509514.484700,6944464.785000,18.800000,595
509514.179800,6944464.563000,19.143204,595
509514.051800,6944464.469000,19.300000,595
509513.775600,6944464.268000,19.606552,595
509513.631900,6944464.164000,19.800000,595
509513.371500,6944463.974000,20.092546,595
509513.184100,6944463.837000,20.300000,595
509512.967300,6944463.679000,20.531642,595
509512.710500,6944463.492000,20.800000,595
509512.563200,6944463.385000,20.921878,595
509512.159000,6944463.091000,21.213221,595
509512.033100,6944462.999000,21.300000,595
509511.754900,6944462.796000,21.496314,595
509511.350700,6944462.502000,21.752799,595
509511.253200,6944462.431000,21.800000,595
509510.946600,6944462.208000,21.919470,595
509510.542400,6944461.913000,22.028055,595
509510.138300,6944461.619000,22.128696,595
509509.734200,6944461.324000,22.203816,595
509509.330000,6944461.030000,22.207151,595
509508.925900,6944460.736000,22.210328,595
509508.521700,6944460.441000,22.213480,595
509508.117600,6944460.147000,22.154092,595
509507.713400,6944459.852000,22.091790,595
509507.309300,6944459.558000,22.030750,595
509506.905100,6944459.264000,21.949447,595
509506.501000,6944458.969000,21.859397,595
509506.241200,6944458.780000,21.800000,595
509506.096800,6944458.675000,21.760487,595
509505.692700,6944458.380000,21.652624,595
509505.288500,6944458.086000,21.541338,595
509504.884400,6944457.792000,21.431771,595
509504.480300,6944457.497000,21.321136,595
509504.394500,6944457.435000,21.300000,595
509504.076100,6944457.203000,21.220204,595
509503.672000,6944456.909000,21.114579,595
509503.267800,6944456.614000,21.015913,595
509502.863700,6944456.320000,20.901904,595
509502.459500,6944456.025000,20.809490,595
509502.426300,6944456.001000,20.800000,595
509502.055400,6944455.731000,20.658607,595
509501.651200,6944455.437000,20.512850,595
509501.247100,6944455.142000,20.345693,595
509501.133500,6944455.059000,20.300000,595
509500.842900,6944454.848000,20.174946,595
509500.438800,6944454.553000,20.002822,595
509500.034600,6944454.259000,19.861714,595
509499.844300,6944454.120000,19.800000,595
509499.630500,6944453.965000,19.719182,595
509499.226400,6944453.670000,19.555964,595
509498.822200,6944453.376000,19.506918,595
509498.418100,6944453.081000,19.488642,595
509498.013900,6944452.787000,19.471049,595
509497.609800,6944452.493000,19.482917,595
509497.205600,6944452.198000,19.526168,595
509496.801500,6944451.904000,19.570241,595
509496.397300,6944451.609000,19.612569,595
509495.993200,6944451.315000,19.645932,595
509495.589000,6944451.021000,19.679262,595
509495.184900,6944450.726000,19.712470,595
509494.780700,6944450.432000,19.693143,595
509494.376600,6944450.138000,19.665507,595
509493.972500,6944449.843000,19.637932,595
509493.568300,6944449.549000,19.556972,595
509493.164200,6944449.254000,19.433376,595
509492.760000,6944448.960000,19.309804,595
509492.732000,6944448.940000,19.300000,595
509492.355900,6944448.666000,19.160355,595
509491.951700,6944448.371000,18.954648,595
509491.645800,6944448.148000,18.800000,595
509491.547600,6944448.077000,18.747532,595
509491.143400,6944447.782000,18.530285,595
509490.739300,6944447.488000,18.314836,595
509490.711700,6944447.468000,18.300000,595
509490.335100,6944447.194000,18.073017,595
509489.931000,6944446.899000,17.830686,595
509489.870800,6944446.855000,17.800000,595
509489.526800,6944446.605000,17.621821,595
509489.122700,6944446.310000,17.431735,595
509488.835500,6944446.101000,17.300000,595
509488.718600,6944446.016000,17.238109,595
509488.314400,6944445.722000,17.051389,595
509487.910300,6944445.427000,16.933526,595
509487.506100,6944445.133000,16.814968,595
509487.454200,6944445.095000,16.800000,595
509487.102000,6944444.838000,16.694787,595
509525.900000,6944473.100000,22.130439,595
509525.495900,6944472.806000,22.155980,595
509525.091700,6944472.511000,22.018352,600
509524.687600,6944472.217000,22.036145,600
509524.283400,6944471.922000,22.044415,600
509523.879300,6944471.628000,22.049542,600
509523.475100,6944471.334000,22.055631,600
509523.071000,6944471.039000,22.017125,600
509522.666800,6944470.745000,21.922097,600
509522.262700,6944470.450000,21.852105,600
509522.089500,6944470.324000,21.800000,600
509521.858500,6944470.156000,21.672427,600
509521.496600,6944469.892000,21.300000,600
509521.454400,6944469.862000,21.253101,600
509521.050200,6944469.567000,20.803130,600
509521.047800,6944469.566000,20.800000,600
509520.982100,6944469.518000,20.300000,600
509520.941700,6944469.488000,19.800000,600
509521.019200,6944469.545000,19.300000,600
509521.050200,6944469.567000,19.186039,600
509521.154100,6944469.643000,18.800000,600
509521.292400,6944469.744000,18.300000,600
509521.438100,6944469.850000,17.800000,600
509521.454400,6944469.862000,17.739604,600
509521.561200,6944469.940000,17.300000,600
509521.499000,6944469.894000,16.800000,600
509521.454400,6944469.862000,16.496365,600
509521.420900,6944469.837000,16.300000,600
509521.050200,6944469.567000,15.917501,600
509520.939300,6944469.487000,15.800000,600
509520.646100,6944469.273000,15.574910,600
509520.242000,6944468.979000,15.529073,600
509519.433700,6944468.390000,15.622236,600
509519.029500,6944468.095000,15.699421,600
509518.671000,6944467.834000,15.800000,600
509518.625400,6944467.801000,15.815338,600
509518.221200,6944467.507000,15.946995,600
509517.817100,6944467.212000,16.094228,600
509517.412900,6944466.918000,16.201596,600
509517.075100,6944466.672000,16.300000,600
509517.008800,6944466.623000,16.329466,600
509516.604600,6944466.329000,16.529359,600
509516.200500,6944466.035000,16.725294,600
509516.064200,6944465.935000,16.800000,600
509515.796300,6944465.740000,16.952418,600
509515.392200,6944465.446000,17.182010,600
509515.233000,6944465.330000,17.300000,600
509514.988100,6944465.151000,17.525883,600
509514.747400,6944464.976000,17.800000,600
509514.583900,6944464.857000,17.996268,600
509514.332100,6944464.674000,18.300000,600
509514.179800,6944464.563000,18.474785,600
509513.919300,6944464.373000,18.800000,600
509513.775600,6944464.268000,18.976026,600
509513.566000,6944464.116000,19.300000,600
509513.371500,6944463.974000,19.560910,600
509513.193500,6944463.844000,19.800000,600
509512.967300,6944463.679000,20.051931,600
509512.740700,6944463.514000,20.300000,600
509512.563200,6944463.385000,20.487373,600
509512.253700,6944463.160000,20.800000,600
509512.159000,6944463.091000,20.871365,600
509511.754900,6944462.796000,21.162571,600
509511.561100,6944462.655000,21.300000,600
509511.350700,6944462.502000,21.446214,600
509510.946600,6944462.208000,21.648017,600
509510.542700,6944461.913000,21.800000,600
509510.542400,6944461.913000,21.800060,600
509510.138300,6944461.619000,21.912449,600
509509.734200,6944461.324000,21.998375,600
509509.330000,6944461.030000,22.009981,600
509508.925900,6944460.736000,22.021090,600
509508.521700,6944460.441000,22.032126,600
509508.117600,6944460.147000,21.975973,600
509507.713400,6944459.852000,21.916203,600
509507.309300,6944459.558000,21.858787,600
509507.013300,6944459.342000,21.800000,600
509506.905100,6944459.264000,21.774344,600
509506.501000,6944458.969000,21.666730,600
509506.096800,6944458.675000,21.557141,600
509505.692700,6944458.380000,21.448310,600
509505.288500,6944458.086000,21.335953,600
509505.158000,6944457.991000,21.300000,600
509504.884400,6944457.792000,21.223759,600
509504.480300,6944457.497000,21.108394,600
509504.076100,6944457.203000,21.007867,600
509503.672000,6944456.909000,20.891287,600
509503.303200,6944456.640000,20.800000,600
509503.267800,6944456.614000,20.788935,600
509502.863700,6944456.320000,20.634911,600
509502.459500,6944456.025000,20.495093,600
509502.055400,6944455.731000,20.339022,600
509501.954500,6944455.657000,20.300000,600
509501.651200,6944455.437000,20.173650,600
509501.247100,6944455.142000,19.990532,600
509500.854100,6944454.856000,19.800000,600
509500.842900,6944454.848000,19.793132,600
509500.438800,6944454.553000,19.573018,600
509500.034600,6944454.259000,19.415969,600
509499.728300,6944454.036000,19.300000,600
509499.630500,6944453.965000,19.258293,600
509499.226400,6944453.670000,19.087965,600
509498.822200,6944453.376000,19.065647,600
509498.013900,6944452.787000,19.098115,600
509497.609800,6944452.493000,19.141557,600
509497.205600,6944452.198000,19.214575,600
509496.801500,6944451.904000,19.286093,600
509496.722800,6944451.847000,19.300000,600
509496.397300,6944451.609000,19.349385,600
509495.993200,6944451.315000,19.392185,600
509495.589000,6944451.021000,19.435157,600
509495.184900,6944450.726000,19.478211,600
509494.780700,6944450.432000,19.463153,600
509494.376600,6944450.138000,19.438805,600
509493.972500,6944449.843000,19.414443,600
509493.568300,6944449.549000,19.336262,600
509493.448700,6944449.462000,19.300000,600
509493.164200,6944449.254000,19.208119,600
509492.760000,6944448.960000,19.077447,600
509492.355900,6944448.666000,18.928967,600
509492.100800,6944448.480000,18.800000,600
509491.951700,6944448.371000,18.720738,600
509491.547600,6944448.077000,18.505185,600
509491.159900,6944447.794000,18.300000,600
509491.143400,6944447.782000,18.290286,600
509490.739300,6944447.488000,18.047997,600
509490.335100,6944447.194000,17.806859,600
509490.323700,6944447.185000,17.800000,600
509489.931000,6944446.899000,17.562354,600
509489.526800,6944446.605000,17.352218,600
509489.416700,6944446.525000,17.300000,600
509489.122700,6944446.310000,17.138560,600
509488.718600,6944446.016000,16.923270,600
509488.452700,6944445.822000,16.800000,600
509488.314400,6944445.722000,16.734321,600
509487.910300,6944445.427000,16.613898,600
509487.506100,6944445.133000,16.492887,600
509487.102000,6944444.838000,16.367576,600
509525.900000,6944473.100000,21.982708,600
509525.495900,6944472.806000,22.000566,600
509525.091700,6944472.511000,21.855064,605
509524.687600,6944472.217000,21.864799,605
509524.283400,6944471.922000,21.857327,605
509523.879300,6944471.628000,21.843676,605
509523.475100,6944471.334000,21.831336,605
509523.278900,6944471.191000,21.800000,605
509523.071000,6944471.039000,21.751904,605
509522.666800,6944470.745000,21.570637,605
509522.262700,6944470.450000,21.371246,605
509522.143300,6944470.363000,21.300000,605
509521.858500,6944470.156000,21.104852,605
509521.584500,6944469.957000,20.800000,605
509521.460600,6944469.866000,20.300000,605
509521.454400,6944469.862000,20.254933,605
509521.394900,6944469.818000,19.800000,605
509521.453700,6944469.861000,19.300000,605
509521.454400,6944469.862000,19.297518,605
509521.570900,6944469.947000,18.800000,605
509521.686800,6944470.031000,18.300000,605
509521.858500,6944470.156000,17.823634,605
509521.863600,6944470.160000,17.800000,605
509521.912000,6944470.195000,17.300000,605
509521.890100,6944470.179000,16.800000,605
509521.873900,6944470.167000,16.300000,605
509521.858500,6944470.156000,16.258208,605
509521.454400,6944469.862000,15.835109,605
509521.420500,6944469.837000,15.800000,605
509521.050200,6944469.567000,15.501638,605
509520.777700,6944469.369000,15.300000,605
509520.646100,6944469.273000,15.236797,605
509520.242000,6944468.979000,15.211312,605
509519.837800,6944468.684000,15.251577,605
509519.433700,6944468.390000,15.293379,605
509519.392000,6944468.359000,15.300000,605
509519.029500,6944468.095000,15.379894,605
509518.625400,6944467.801000,15.502069,605
509518.221200,6944467.507000,15.624271,605
509517.817100,6944467.212000,15.744284,605
509517.610100,6944467.061000,15.800000,605
509517.412900,6944466.918000,15.861284,605
509517.008800,6944466.623000,15.984105,605
509516.604600,6944466.329000,16.118832,605
509516.200500,6944466.035000,16.240998,605
509516.054000,6944465.928000,16.300000,605
509515.796300,6944465.740000,16.451620,605
509515.392200,6944465.446000,16.651237,605
509515.179800,6944465.291000,16.800000,605
509514.988100,6944465.151000,16.941970,605
509514.583900,6944464.857000,17.292633,605
509514.575900,6944464.851000,17.300000,605
509514.179800,6944464.563000,17.771968,605
509514.158000,6944464.547000,17.800000,605
509513.781800,6944464.273000,18.300000,605
509513.775600,6944464.268000,18.307666,605
509513.471100,6944464.046000,18.800000,605
509513.371500,6944463.974000,18.952998,605
509513.143500,6944463.808000,19.300000,605
509512.967300,6944463.679000,19.536291,605
509512.769000,6944463.535000,19.800000,605
509512.563200,6944463.385000,20.025919,605
509512.311100,6944463.201000,20.300000,605
509512.159000,6944463.091000,20.455290,605
509511.822700,6944462.846000,20.800000,605
509511.754900,6944462.796000,20.849859,605
509511.350700,6944462.502000,21.140751,605
509511.051000,6944462.284000,21.300000,605
509510.946600,6944462.208000,21.353621,605
509510.542400,6944461.913000,21.517227,605
509510.138300,6944461.619000,21.674593,605
509509.734200,6944461.324000,21.791555,605
509509.594300,6944461.222000,21.800000,605
509509.330000,6944461.030000,21.812811,605
509508.925900,6944460.736000,21.831852,605
509508.521700,6944460.441000,21.850772,605
509508.134200,6944460.159000,21.800000,605
509508.117600,6944460.147000,21.797406,605
509507.713400,6944459.852000,21.728750,605
509507.309300,6944459.558000,21.663402,605
509506.905100,6944459.264000,21.569109,605
509506.501000,6944458.969000,21.461854,605
509506.096800,6944458.675000,21.353795,605
509505.898400,6944458.530000,21.300000,605
509505.692700,6944458.380000,21.243450,605
509505.288500,6944458.086000,21.127995,605
509504.884400,6944457.792000,21.015950,605
509504.480300,6944457.497000,20.895198,605
509504.094300,6944457.216000,20.800000,605
509504.076100,6944457.203000,20.794301,605
509503.672000,6944456.909000,20.640763,605
509503.267800,6944456.614000,20.507243,605
509502.863700,6944456.320000,20.346409,605
509502.744700,6944456.233000,20.300000,605
509502.459500,6944456.025000,20.180405,605
509502.055400,6944455.731000,20.011190,605
509501.651200,6944455.437000,19.829542,605
509501.588100,6944455.391000,19.800000,605
509501.247100,6944455.142000,19.594159,605
509500.842900,6944454.848000,19.343803,605
509500.766300,6944454.792000,19.300000,605
509500.438800,6944454.553000,19.074146,605
509500.034600,6944454.259000,18.898330,605
509499.781000,6944454.074000,18.800000,605
509499.630500,6944453.965000,18.734969,605
509499.226400,6944453.670000,18.551479,605
509498.822200,6944453.376000,18.564363,605
509498.418100,6944453.081000,18.628713,605
509498.013900,6944452.787000,18.694845,605
509497.609800,6944452.493000,18.779882,605
509497.539000,6944452.441000,18.800000,605
509497.205600,6944452.198000,18.881976,605
509496.801500,6944451.904000,18.979392,605
509496.397300,6944451.609000,19.067933,605
509495.184900,6944450.726000,19.239587,605
509494.780700,6944450.432000,19.228021,605
509493.972500,6944449.843000,19.182878,605
509493.568300,6944449.549000,19.101669,605
509493.164200,6944449.254000,18.973030,605
509492.760000,6944448.960000,18.844398,605
509492.638400,6944448.871000,18.800000,605
509492.355900,6944448.666000,18.691210,605
509491.951700,6944448.371000,18.477354,605
509491.617800,6944448.128000,18.300000,605
509491.547600,6944448.077000,18.258336,605
509491.143400,6944447.782000,18.019799,605
509490.774500,6944447.514000,17.800000,605
509490.739300,6944447.488000,17.778721,605
509490.335100,6944447.194000,17.534168,605
509489.941900,6944446.907000,17.300000,605
509489.931000,6944446.899000,17.292453,605
509489.526800,6944446.605000,17.045616,605
509489.122700,6944446.310000,16.826395,605
509489.073400,6944446.275000,16.800000,605
509488.718600,6944446.016000,16.605786,605
509488.314400,6944445.722000,16.411939,605
509487.934100,6944445.445000,16.300000,605
509487.910300,6944445.427000,16.292202,605
509487.506100,6944445.133000,16.155096,605
509487.102000,6944444.838000,16.015494,605
509525.900000,6944473.100000,21.834977,605
509525.495900,6944472.806000,21.845151,605
509524.687600,6944472.217000,21.676905,610
509524.283400,6944471.922000,21.643867,610
509523.475100,6944471.334000,21.548036,610
509523.071000,6944471.039000,21.426945,610
509522.849300,6944470.878000,21.300000,610
509522.666800,6944470.745000,21.187960,610
509522.262700,6944470.450000,20.910602,610
509522.127600,6944470.352000,20.800000,610
509521.928800,6944470.207000,20.300000,610
509521.858500,6944470.156000,19.914829,610
509521.837800,6944470.141000,19.800000,610
509521.858500,6944470.156000,19.597882,610
509521.879100,6944470.171000,19.300000,610
509521.932900,6944470.210000,18.800000,610
509522.000200,6944470.259000,18.300000,610
509522.087100,6944470.323000,17.800000,610
509522.138300,6944470.360000,17.300000,610
509522.103800,6944470.335000,16.800000,610
509522.072900,6944470.312000,16.300000,610
509521.889200,6944470.178000,15.800000,610
509521.858500,6944470.156000,15.735649,610
509521.454400,6944469.862000,15.416541,610
509521.304900,6944469.753000,15.300000,610
509521.050200,6944469.567000,15.177585,610
509520.646100,6944469.273000,14.984481,610
509520.242000,6944468.979000,14.970621,610
509519.837800,6944468.684000,15.016706,610
509519.433700,6944468.390000,15.062818,610
509519.029500,6944468.095000,15.130265,610
509518.625400,6944467.801000,15.222419,610
509518.293000,6944467.559000,15.300000,610
509518.221200,6944467.507000,15.322732,610
509517.817100,6944467.212000,15.449601,610
509517.412900,6944466.918000,15.558544,610
509517.008800,6944466.623000,15.667497,610
509516.604600,6944466.329000,15.776434,610
509516.524600,6944466.271000,15.800000,610
509516.200500,6944466.035000,15.908065,610
509515.796300,6944465.740000,16.055047,610
509515.392200,6944465.446000,16.188669,610
509515.160000,6944465.277000,16.300000,610
509514.988100,6944465.151000,16.419255,610
509514.583900,6944464.857000,16.765011,610
509514.544200,6944464.828000,16.800000,610
509514.179800,6944464.563000,17.121243,610
509514.009200,6944464.438000,17.300000,610
509513.775600,6944464.268000,17.601219,610
509513.660700,6944464.185000,17.800000,610
509513.375100,6944463.977000,18.300000,610
509513.371500,6944463.974000,18.305797,610
509513.060100,6944463.747000,18.800000,610
509512.967300,6944463.679000,18.940485,610
509512.729700,6944463.506000,19.300000,610
509512.563200,6944463.385000,19.520947,610
509512.358500,6944463.236000,19.800000,610
509512.159000,6944463.091000,20.018565,610
509511.892900,6944462.897000,20.300000,610
509511.754900,6944462.796000,20.442156,610
509511.401000,6944462.539000,20.800000,610
509511.350700,6944462.502000,20.836312,610
509510.946600,6944462.208000,21.068174,610
509510.542400,6944461.913000,21.238138,610
509510.401600,6944461.811000,21.300000,610
509510.138300,6944461.619000,21.413326,610
509509.734200,6944461.324000,21.545990,610
509509.330000,6944461.030000,21.578250,610
509508.521700,6944460.441000,21.641938,610
509508.117600,6944460.147000,21.582013,610
509507.713400,6944459.852000,21.518079,610
509507.309300,6944459.558000,21.455851,610
509506.905100,6944459.264000,21.363874,610
509506.663800,6944459.088000,21.300000,610
509506.501000,6944458.969000,21.256292,610
509506.096800,6944458.675000,21.147969,610
509505.692700,6944458.380000,21.037143,610
509505.288500,6944458.086000,20.919492,610
509504.884400,6944457.792000,20.808140,610
509504.857700,6944457.772000,20.800000,610
509504.480300,6944457.497000,20.659677,610
509504.076100,6944457.203000,20.523547,610
509503.672000,6944456.909000,20.371408,610
509503.469600,6944456.761000,20.300000,610
509503.267800,6944456.614000,20.224490,610
509502.863700,6944456.320000,20.054346,610
509502.459500,6944456.025000,19.870169,610
509502.303100,6944455.911000,19.800000,610
509502.055400,6944455.731000,19.661370,610
509501.651200,6944455.437000,19.416478,610
509501.468900,6944455.304000,19.300000,610
509501.247100,6944455.142000,19.137454,610
509500.842900,6944454.848000,18.813512,610
509500.823400,6944454.834000,18.800000,610
509500.438800,6944454.553000,18.513670,610
509500.034600,6944454.259000,18.325815,610
509499.978400,6944454.218000,18.300000,610
509499.630500,6944453.965000,18.113291,610
509499.226400,6944453.670000,17.921468,610
509498.822200,6944453.376000,17.990418,610
509498.418100,6944453.081000,18.116738,610
509498.013900,6944452.787000,18.252147,610
509497.903400,6944452.707000,18.300000,610
509497.609800,6944452.493000,18.395640,610
509497.205600,6944452.198000,18.522072,610
509496.801500,6944451.904000,18.660391,610
509496.397300,6944451.609000,18.780742,610
509496.295400,6944451.535000,18.800000,610
509495.993200,6944451.315000,18.850535,610
509495.184900,6944450.726000,18.987084,610
509494.780700,6944450.432000,18.980337,610
509493.972500,6944449.843000,18.942836,610
509493.568300,6944449.549000,18.864347,610
509493.363500,6944449.400000,18.800000,610
509493.164200,6944449.254000,18.733613,610
509492.760000,6944448.960000,18.598646,610
509492.355900,6944448.666000,18.445432,610
509492.078800,6944448.464000,18.300000,610
509491.951700,6944448.371000,18.225030,610
509491.547600,6944448.077000,17.986633,610
509491.230100,6944447.845000,17.800000,610
509491.143400,6944447.782000,17.748012,610
509490.739300,6944447.488000,17.504015,610
509490.399900,6944447.241000,17.300000,610
509490.335100,6944447.194000,17.255024,610
509489.931000,6944446.899000,16.974210,610
509489.643300,6944446.690000,16.800000,610
509489.526800,6944446.605000,16.729302,610
509489.122700,6944446.310000,16.508087,610
509488.743000,6944446.034000,16.300000,610
509488.718600,6944446.016000,16.285121,610
509488.314400,6944445.722000,16.070057,610
509487.910300,6944445.427000,15.933686,610
509487.522300,6944445.145000,15.800000,610
509487.506100,6944445.133000,15.794185,610
509487.102000,6944444.838000,15.649538,610
509525.900000,6944473.100000,21.676834,610
509524.687600,6944472.217000,21.478949,615
509524.283400,6944471.922000,21.418757,615
509523.879300,6944471.628000,21.336955,615
509523.684300,6944471.486000,21.300000,615
509523.475100,6944471.334000,21.255273,615
509523.071000,6944471.039000,21.108716,615
509522.666800,6944470.745000,20.839670,615
509522.613900,6944470.706000,20.800000,615
509522.368300,6944470.527000,20.300000,615
509522.262700,6944470.450000,19.989572,615
509522.206500,6944470.410000,19.800000,615
509522.176600,6944470.388000,19.300000,615
509522.215000,6944470.416000,18.800000,615
509522.261600,6944470.450000,18.300000,615
509522.262700,6944470.450000,18.290381,615
509522.310000,6944470.485000,17.800000,615
509522.354700,6944470.517000,17.300000,615
509522.271400,6944470.457000,16.300000,615
509522.262700,6944470.450000,16.275682,615
509522.085300,6944470.321000,15.800000,615
509521.858500,6944470.156000,15.323639,615
509521.828600,6944470.134000,15.300000,615
509521.454400,6944469.862000,15.115345,615
509521.050200,6944469.567000,14.923116,615
509520.790500,6944469.378000,14.800000,615
509520.646100,6944469.273000,14.753825,615
509520.242000,6944468.979000,14.750415,615
509519.837800,6944468.684000,14.786932,615
509519.693900,6944468.579000,14.800000,615
509519.433700,6944468.390000,14.832257,615
509519.029500,6944468.095000,14.903940,615
509518.625400,6944467.801000,15.000094,615
509518.221200,6944467.507000,15.095748,615
509517.817100,6944467.212000,15.190992,615
509517.412900,6944466.918000,15.272876,615
509517.279900,6944466.821000,15.300000,615
509517.008800,6944466.623000,15.373222,615
509516.604600,6944466.329000,15.482338,615
509516.200500,6944466.035000,15.596504,615
509515.796300,6944465.740000,15.711777,615
509515.488000,6944465.516000,15.800000,615
509515.392200,6944465.446000,15.831457,615
509514.988100,6944465.151000,16.011385,615
509514.583900,6944464.857000,16.222923,615
509514.451100,6944464.760000,16.300000,615
509514.179800,6944464.563000,16.541740,615
509513.909100,6944464.366000,16.800000,615
509513.775600,6944464.268000,16.938538,615
509513.532800,6944464.091000,17.300000,615
509513.371500,6944463.974000,17.578380,615
509513.244700,6944463.882000,17.800000,615
509512.968800,6944463.681000,18.300000,615
509512.967300,6944463.679000,18.302356,615
509512.656500,6944463.453000,18.800000,615
509512.563200,6944463.385000,18.940578,615
509512.340000,6944463.223000,19.300000,615
509512.159000,6944463.091000,19.545257,615
509511.971800,6944462.954000,19.800000,615
509511.754900,6944462.796000,20.032622,615
509511.498400,6944462.609000,20.300000,615
509511.350700,6944462.502000,20.451609,615
509510.946600,6944462.208000,20.779667,615
509510.915300,6944462.185000,20.800000,615
509510.542400,6944461.913000,20.971491,615
509510.138300,6944461.619000,21.153652,615
509509.735400,6944461.325000,21.300000,615
509509.734200,6944461.324000,21.300426,615
509509.330000,6944461.030000,21.341091,615
509508.521700,6944460.441000,21.422420,615
509508.117600,6944460.147000,21.366619,615
509507.713400,6944459.852000,21.307408,615
509507.663400,6944459.816000,21.300000,615
509507.309300,6944459.558000,21.247643,615
509506.905100,6944459.264000,21.156688,615
509506.501000,6944458.969000,21.048149,615
509506.096800,6944458.675000,20.941252,615
509505.692700,6944458.380000,20.830836,615
509505.587900,6944458.304000,20.800000,615
509505.288500,6944458.086000,20.692490,615
509504.884400,6944457.792000,20.553342,615
509504.480300,6944457.497000,20.406146,615
509504.194900,6944457.289000,20.300000,615
509504.076100,6944457.203000,20.253371,615
509503.672000,6944456.909000,20.095816,615
509503.267800,6944456.614000,19.938789,615
509502.949600,6944456.382000,19.800000,615
509502.863700,6944456.320000,19.752872,615
509502.459500,6944456.025000,19.512641,615
509502.097500,6944455.762000,19.300000,615
509502.055400,6944455.731000,19.270293,615
509501.651200,6944455.437000,18.974584,615
509501.423000,6944455.270000,18.800000,615
509501.247100,6944455.142000,18.642559,615
509500.864300,6944454.863000,18.300000,615
509500.842900,6944454.848000,18.273894,615
509500.445800,6944454.559000,17.800000,615
509500.438800,6944454.553000,17.791823,615
509500.034600,6944454.259000,17.588306,615
509499.630500,6944453.965000,17.400510,615
509499.416900,6944453.809000,17.300000,615
509499.226400,6944453.670000,17.200096,615
509499.012700,6944453.515000,17.300000,615
509498.822200,6944453.376000,17.367860,615
509498.418100,6944453.081000,17.547379,615
509498.013900,6944452.787000,17.739631,615
509497.897800,6944452.702000,17.800000,615
509497.609800,6944452.493000,17.937025,615
509497.205600,6944452.198000,18.127908,615
509496.863100,6944451.949000,18.300000,615
509496.801500,6944451.904000,18.324059,615
509496.397300,6944451.609000,18.470612,615
509495.993200,6944451.315000,18.556962,615
509495.589000,6944451.021000,18.644533,615
509495.184900,6944450.726000,18.729642,615
509494.780700,6944450.432000,18.727596,615
509494.376600,6944450.138000,18.711819,615
509493.972500,6944449.843000,18.696041,615
509493.568300,6944449.549000,18.615764,615
509493.164200,6944449.254000,18.482125,615
509492.760000,6944448.960000,18.349904,615
509492.626900,6944448.863000,18.300000,615
509492.355900,6944448.666000,18.185444,615
509491.951700,6944448.371000,17.948694,615
509491.696200,6944448.185000,17.800000,615
509491.547600,6944448.077000,17.711478,615
509491.143400,6944447.782000,17.470591,615
509490.858500,6944447.575000,17.300000,615
509490.739300,6944447.488000,17.217755,615
509490.335100,6944447.194000,16.937866,615
509490.137100,6944447.049000,16.800000,615
509489.931000,6944446.899000,16.655088,615
509489.526800,6944446.605000,16.410088,615
509489.325500,6944446.458000,16.300000,615
509489.122700,6944446.310000,16.176898,615
509488.718600,6944446.016000,15.930755,615
509488.471000,6944445.836000,15.800000,615
509488.314400,6944445.722000,15.713741,615
509487.910300,6944445.427000,15.567007,615
509487.506100,6944445.133000,15.420011,615
509487.177000,6944444.893000,15.300000,615
509487.102000,6944444.838000,15.271805,615
509525.900000,6944473.100000,21.515461,615
509525.091700,6944472.511000,21.305358,620
509524.998400,6944472.443000,21.300000,620
509524.687600,6944472.217000,21.280591,620
509524.283400,6944471.922000,21.200714,620
509523.879300,6944471.628000,21.086837,620
509523.475100,6944471.334000,20.963172,620
509523.082600,6944471.048000,20.800000,620
509523.071000,6944471.039000,20.789275,620
509522.778400,6944470.826000,20.300000,620
509522.666800,6944470.745000,20.071663,620
509522.550300,6944470.660000,19.800000,620
509522.474200,6944470.605000,19.300000,620
509522.482200,6944470.610000,18.800000,620
509522.498300,6944470.622000,18.300000,620
509522.530200,6944470.645000,17.800000,620
509522.558800,6944470.666000,17.300000,620
509522.460000,6944470.594000,16.300000,620
509522.280500,6944470.463000,15.800000,620
509522.262700,6944470.450000,15.760893,620
509522.042200,6944470.290000,15.300000,620
509521.858500,6944470.156000,15.049458,620
509521.454400,6944469.862000,14.857973,620
509521.331600,6944469.772000,14.800000,620
509521.050200,6944469.567000,14.710133,620
509520.646100,6944469.273000,14.582072,620
509520.242000,6944468.979000,14.580093,620
509519.433700,6944468.390000,14.655847,620
509519.029500,6944468.095000,14.709690,620
509518.625400,6944467.801000,14.783262,620
509518.533300,6944467.734000,14.800000,620
509518.221200,6944467.507000,14.874844,620
509517.817100,6944467.212000,14.969580,620
509517.412900,6944466.918000,15.050654,620
509517.008800,6944466.623000,15.131445,620
509516.604600,6944466.329000,15.213416,620
509516.200500,6944466.035000,15.296270,620
509516.181500,6944466.021000,15.300000,620
509515.796300,6944465.740000,15.400310,620
509515.392200,6944465.446000,15.507576,620
509514.988100,6944465.151000,15.655607,620
509514.682200,6944464.929000,15.800000,620
509514.583900,6944464.857000,15.852035,620
509514.179800,6944464.563000,16.065454,620
509513.811300,6944464.294000,16.300000,620
509513.775600,6944464.268000,16.333490,620
509513.450400,6944464.031000,16.800000,620
509513.371500,6944463.974000,16.917653,620
509513.116400,6944463.788000,17.300000,620
509512.967300,6944463.679000,17.562209,620
509512.835000,6944463.583000,17.800000,620
509512.563200,6944463.385000,18.296448,620
509512.561500,6944463.384000,18.300000,620
509512.280600,6944463.179000,18.800000,620
509512.159000,6944463.091000,18.994626,620
509511.969700,6944462.953000,19.300000,620
509511.754900,6944462.796000,19.591592,620
509511.599200,6944462.683000,19.800000,620
509511.350700,6944462.502000,20.060606,620
509511.070200,6944462.298000,20.300000,620
509510.946600,6944462.208000,20.402494,620
509510.542400,6944461.913000,20.670285,620
509510.343600,6944461.768000,20.800000,620
509510.138300,6944461.619000,20.895197,620
509509.734200,6944461.324000,21.053556,620
509509.330000,6944461.030000,21.099656,620
509508.925900,6944460.736000,21.149907,620
509508.521700,6944460.441000,21.202584,620
509508.117600,6944460.147000,21.148483,620
509507.713400,6944459.852000,21.091535,620
509507.309300,6944459.558000,21.037459,620
509506.905100,6944459.264000,20.948622,620
509506.501000,6944458.969000,20.840006,620
509506.348300,6944458.858000,20.800000,620
509506.096800,6944458.675000,20.720209,620
509505.692700,6944458.380000,20.585862,620
509505.288500,6944458.086000,20.440657,620
509504.893700,6944457.798000,20.300000,620
509504.884400,6944457.792000,20.296566,620
509504.480300,6944457.497000,20.147255,620
509504.076100,6944457.203000,19.985938,620
509503.672000,6944456.909000,19.817975,620
509503.626800,6944456.876000,19.800000,620
509503.267800,6944456.614000,19.631088,620
509502.863700,6944456.320000,19.393590,620
509502.710600,6944456.208000,19.300000,620
509502.459500,6944456.025000,19.127373,620
509502.055400,6944455.731000,18.824782,620
509502.021700,6944455.706000,18.800000,620
509501.651200,6944455.437000,18.498198,620
509501.435100,6944455.279000,18.300000,620
509501.247100,6944455.142000,18.070970,620
509501.025600,6944454.981000,17.800000,620
509500.842900,6944454.848000,17.561987,620
509500.617900,6944454.684000,17.300000,620
509500.438800,6944454.553000,17.050789,620
509500.067500,6944454.283000,16.800000,620
509500.034600,6944454.259000,16.777447,620
509499.630500,6944453.965000,16.573554,620
509499.226400,6944453.670000,16.367587,620
509498.822200,6944453.376000,16.595259,620
509498.546000,6944453.175000,16.800000,620
509498.418100,6944453.081000,16.889560,620
509498.013900,6944452.787000,17.194422,620
509497.879400,6944452.689000,17.300000,620
509497.609800,6944452.493000,17.459703,620
509497.205600,6944452.198000,17.705167,620
509497.037600,6944452.076000,17.800000,620
509496.801500,6944451.904000,17.934011,620
509496.397300,6944451.609000,18.136947,620
509495.993200,6944451.315000,18.252345,620
509495.836600,6944451.201000,18.300000,620
509495.589000,6944451.021000,18.361459,620
509495.184900,6944450.726000,18.458076,620
509494.780700,6944450.432000,18.461315,620
509494.376600,6944450.138000,18.450455,620
509493.972500,6944449.843000,18.439323,620
509493.568300,6944449.549000,18.362991,620
509493.376500,6944449.409000,18.300000,620
509493.164200,6944449.254000,18.221039,620
509492.760000,6944448.960000,18.073606,620
509492.355900,6944448.666000,17.904859,620
509492.175100,6944448.534000,17.800000,620
509491.951700,6944448.371000,17.668357,620
509491.547600,6944448.077000,17.428751,620
509491.328600,6944447.917000,17.300000,620
509491.143400,6944447.782000,17.175513,620
509490.739300,6944447.488000,16.898151,620
509490.597000,6944447.384000,16.800000,620
509490.335100,6944447.194000,16.615971,620
509489.931000,6944446.899000,16.334904,620
509489.873300,6944446.857000,16.300000,620
509489.526800,6944446.605000,16.068574,620
509489.122700,6944446.310000,15.822581,620
509489.085600,6944446.283000,15.800000,620
509488.718600,6944446.016000,15.567357,620
509488.314400,6944445.722000,15.344087,620
509488.194100,6944445.634000,15.300000,620
509487.910300,6944445.427000,15.192799,620
509487.506100,6944445.133000,15.039546,620
509487.102000,6944444.838000,14.886126,620
509525.900000,6944473.100000,21.354089,620
509525.091700,6944472.511000,21.121046,625
509524.687600,6944472.217000,21.078452,625
509524.283400,6944471.922000,20.990563,625
509523.879300,6944471.628000,20.838197,625
509523.774900,6944471.552000,20.800000,625
509523.475100,6944471.334000,20.586119,625
509523.189300,6944471.125000,20.300000,625
509523.071000,6944471.039000,20.151163,625
509522.882100,6944470.902000,19.800000,625
509522.771800,6944470.821000,19.300000,625
509522.746300,6944470.803000,18.800000,625
509522.734900,6944470.794000,18.300000,625
509522.750400,6944470.806000,17.800000,625
509522.763000,6944470.815000,17.300000,625
509522.705800,6944470.773000,16.800000,625
509522.666800,6944470.745000,16.464184,625
509522.648500,6944470.732000,16.300000,625
509522.465600,6944470.598000,15.800000,625
509522.262700,6944470.450000,15.353454,625
509522.237100,6944470.432000,15.300000,625
509521.870300,6944470.165000,14.800000,625
509521.858500,6944470.156000,14.788960,625
509521.454400,6944469.862000,14.662792,625
509521.050200,6944469.567000,14.536034,625
509520.646100,6944469.273000,14.410319,625
509520.242000,6944468.979000,14.409771,625
509519.433700,6944468.390000,14.488245,625
509519.029500,6944468.095000,14.542681,625
509518.625400,6944467.801000,14.615866,625
509518.221200,6944467.507000,14.689062,625
509517.817100,6944467.212000,14.760552,625
509517.555800,6944467.022000,14.800000,625
509517.412900,6944466.918000,14.828432,625
509517.008800,6944466.623000,14.907058,625
509516.604600,6944466.329000,14.985565,625
509516.200500,6944466.035000,15.061497,625
509515.796300,6944465.740000,15.135884,625
509515.392200,6944465.446000,15.211605,625
509515.059200,6944465.203000,15.300000,625
509514.988100,6944465.151000,15.324913,625
509514.583900,6944464.857000,15.493658,625
509514.179800,6944464.563000,15.669263,625
509513.926500,6944464.378000,15.800000,625
509513.775600,6944464.268000,15.890158,625
509513.371500,6944463.974000,16.280451,625
509513.351300,6944463.959000,16.300000,625
509513.021500,6944463.719000,16.800000,625
509512.967300,6944463.679000,16.881864,625
509512.703300,6944463.487000,17.300000,625
509512.563200,6944463.385000,17.552868,625
509512.445300,6944463.299000,17.800000,625
509512.209700,6944463.128000,18.300000,625
509512.159000,6944463.091000,18.388577,625
509511.923300,6944462.919000,18.800000,625
509511.754900,6944462.796000,19.068692,625
509511.606900,6944462.689000,19.300000,625
509511.350700,6944462.502000,19.642198,625
509511.209200,6944462.399000,19.800000,625
509510.946600,6944462.208000,20.027805,625
509510.552600,6944461.921000,20.300000,625
509510.542400,6944461.913000,20.306796,625
509510.138300,6944461.619000,20.589720,625
509509.750800,6944461.336000,20.800000,625
509509.734200,6944461.324000,20.806685,625
509509.330000,6944461.030000,20.857324,625
509508.925900,6944460.736000,20.916102,625
509508.521700,6944460.441000,20.982346,625
509508.117600,6944460.147000,20.929119,625
509507.713400,6944459.852000,20.875472,625
509507.309300,6944459.558000,20.827275,625
509507.183000,6944459.466000,20.800000,625
509506.905100,6944459.264000,20.726411,625
509506.501000,6944458.969000,20.595495,625
509506.096800,6944458.675000,20.468256,625
509505.692700,6944458.380000,20.334092,625
509505.597800,6944458.311000,20.300000,625
509505.288500,6944458.086000,20.185227,625
509504.884400,6944457.792000,20.035021,625
509504.480300,6944457.497000,19.884503,625
509504.272700,6944457.346000,19.800000,625
509504.076100,6944457.203000,19.703916,625
509503.672000,6944456.909000,19.502051,625
509503.267800,6944456.614000,19.302604,625
509503.263500,6944456.611000,19.300000,625
509502.863700,6944456.320000,19.027520,625
509502.554400,6944456.094000,18.800000,625
509502.459500,6944456.025000,18.720035,625
509502.055400,6944455.731000,18.379007,625
509501.963000,6944455.664000,18.300000,625
509501.651200,6944455.437000,17.929779,625
509501.544800,6944455.359000,17.800000,625
509501.247100,6944455.142000,17.433202,625
509501.144300,6944455.067000,17.300000,625
509500.856200,6944454.857000,16.800000,625
509500.842900,6944454.848000,16.777556,625
509500.529800,6944454.620000,16.300000,625
509500.438800,6944454.553000,16.172038,625
509500.034600,6944454.259000,15.944972,625
509499.721100,6944454.031000,15.800000,625
509499.630500,6944453.965000,15.761640,625
509499.226400,6944453.670000,15.601007,625
509498.914300,6944453.443000,15.800000,625
509498.822200,6944453.376000,15.859755,625
509498.418100,6944453.081000,16.231615,625
509498.341100,6944453.025000,16.300000,625
509498.013900,6944452.787000,16.563600,625
509497.750000,6944452.595000,16.800000,625
509497.609800,6944452.493000,16.915041,625
509497.224800,6944452.212000,17.300000,625
509497.205600,6944452.198000,17.312980,625
509496.801500,6944451.904000,17.540184,625
509496.397300,6944451.609000,17.773454,625
509496.321200,6944451.554000,17.800000,625
509495.993200,6944451.315000,17.905183,625
509495.589000,6944451.021000,18.038198,625
509495.184900,6944450.726000,18.167906,625
509494.780700,6944450.432000,18.178552,625
509494.376600,6944450.138000,18.171639,625
509493.972500,6944449.843000,18.164369,625
509493.568300,6944449.549000,18.080885,625
509493.164200,6944449.254000,17.934751,625
509492.787200,6944448.980000,17.800000,625
509492.760000,6944448.960000,17.790000,625
509492.355900,6944448.666000,17.620995,625
509491.951700,6944448.371000,17.383357,625
509491.810500,6944448.268000,17.300000,625
509491.547600,6944448.077000,17.122909,625
509491.143400,6944447.782000,16.852243,625
509491.067000,6944447.727000,16.800000,625
509490.739300,6944447.488000,16.571831,625
509490.349000,6944447.204000,16.300000,625
509490.335100,6944447.194000,16.289516,625
509489.931000,6944446.899000,15.983718,625
509489.654800,6944446.698000,15.800000,625
509489.526800,6944446.605000,15.711907,625
509489.122700,6944446.310000,15.455476,625
509488.877800,6944446.132000,15.300000,625
509488.718600,6944446.016000,15.197441,625
509488.314400,6944445.722000,14.969286,625
509487.910300,6944445.427000,14.811755,625
509487.879600,6944445.405000,14.800000,625
509487.506100,6944445.133000,14.652535,625
509487.102000,6944444.838000,14.491519,625
509525.900000,6944473.100000,21.191443,625
509525.495900,6944472.806000,21.156941,625
509525.091700,6944472.511000,20.936776,630
509524.687600,6944472.217000,20.876314,630
509524.363400,6944471.981000,20.800000,630
509524.283400,6944471.922000,20.766617,630
509523.879300,6944471.628000,20.437943,630
509523.701200,6944471.498000,20.300000,630
509523.475100,6944471.334000,20.108842,630
509523.228700,6944471.154000,19.800000,630
509523.071000,6944471.039000,19.306196,630
509523.069400,6944471.038000,19.300000,630
509523.010000,6944470.995000,18.800000,630
509522.971500,6944470.967000,18.300000,630
509522.970600,6944470.966000,17.800000,630
509522.967200,6944470.964000,17.300000,630
509522.902100,6944470.916000,16.800000,630
509522.837000,6944470.869000,16.300000,630
509522.666800,6944470.745000,15.843792,630
509522.650800,6944470.733000,15.800000,630
509522.421800,6944470.566000,15.300000,630
509522.262700,6944470.450000,15.073940,630
509522.061400,6944470.304000,14.800000,630
509521.858500,6944470.156000,14.609297,630
509521.454400,6944469.862000,14.485692,630
509521.050200,6944469.567000,14.361935,630
509520.848700,6944469.421000,14.300000,630
509520.646100,6944469.273000,14.243705,630
509520.242000,6944468.979000,14.244617,630
509519.837800,6944468.684000,14.281637,630
509519.640000,6944468.540000,14.300000,630
509519.433700,6944468.390000,14.320644,630
509519.029500,6944468.095000,14.375671,630
509518.625400,6944467.801000,14.448470,630
509518.221200,6944467.507000,14.521277,630
509517.817100,6944467.212000,14.592044,630
509517.412900,6944466.918000,14.650401,630
509516.604600,6944466.329000,14.767044,630
509516.354100,6944466.147000,14.800000,630
509516.200500,6944466.035000,14.826725,630
509515.796300,6944465.740000,14.893804,630
509515.392200,6944465.446000,14.960955,630
509514.988100,6944465.151000,15.056463,630
509514.583900,6944464.857000,15.174409,630
509514.179800,6944464.563000,15.295664,630
509514.168100,6944464.554000,15.300000,630
509513.775600,6944464.268000,15.494968,630
509513.417400,6944464.007000,15.800000,630
509513.371500,6944463.974000,15.844327,630
509512.967300,6944463.679000,16.235528,630
509512.901600,6944463.632000,16.300000,630
509512.581400,6944463.398000,16.800000,630
509512.563200,6944463.385000,16.829453,630
509512.331500,6944463.216000,17.300000,630
509512.159000,6944463.091000,17.660086,630
509512.093800,6944463.043000,17.800000,630
509511.863800,6944462.876000,18.300000,630
509511.754900,6944462.796000,18.488418,630
509511.573000,6944462.664000,18.800000,630
509511.350700,6944462.502000,19.144699,630
509511.235200,6944462.418000,19.300000,630
509510.946600,6944462.208000,19.623871,630
509510.765100,6944462.075000,19.800000,630
509510.542400,6944461.913000,19.964067,630
509510.138300,6944461.619000,20.257258,630
509510.066700,6944461.567000,20.300000,630
509509.734200,6944461.324000,20.491203,630
509509.330000,6944461.030000,20.571594,630
509508.925900,6944460.736000,20.655352,630
509508.521700,6944460.441000,20.751237,630
509508.117600,6944460.147000,20.688268,630
509507.713400,6944459.852000,20.627896,630
509507.309300,6944459.558000,20.572300,630
509506.905100,6944459.264000,20.468838,630
509506.501000,6944458.969000,20.342331,630
509506.365700,6944458.871000,20.300000,630
509506.096800,6944458.675000,20.213412,630
509505.692700,6944458.380000,20.075626,630
509505.288500,6944458.086000,19.925246,630
509504.954700,6944457.843000,19.800000,630
509504.884400,6944457.792000,19.769575,630
509504.480300,6944457.497000,19.595013,630
509504.076100,6944457.203000,19.388611,630
509503.900500,6944457.075000,19.300000,630
509503.672000,6944456.909000,19.170774,630
509503.267800,6944456.614000,18.940912,630
509503.064000,6944456.466000,18.800000,630
509502.863700,6944456.320000,18.641075,630
509502.461800,6944456.027000,18.300000,630
509502.459500,6944456.025000,18.297459,630
509502.055400,6944455.731000,17.818211,630
509502.040100,6944455.720000,17.800000,630
509501.651200,6944455.437000,17.333623,630
509501.624000,6944455.417000,17.300000,630
509501.317300,6944455.193000,16.800000,630
509501.247100,6944455.142000,16.686032,630
509501.014700,6944454.973000,16.300000,630
509500.842900,6944454.848000,16.011417,630
509500.692900,6944454.738000,15.800000,630
509500.438800,6944454.553000,15.416048,630
509500.234800,6944454.405000,15.300000,630
509500.034600,6944454.259000,15.219377,630
509499.630500,6944453.965000,15.075933,630
509499.226400,6944453.670000,14.939668,630
509498.822200,6944453.376000,15.173289,630
509498.666400,6944453.262000,15.300000,630
509498.418100,6944453.081000,15.541058,630
509498.140200,6944452.879000,15.800000,630
509498.013900,6944452.787000,15.914625,630
509497.625600,6944452.504000,16.300000,630
509497.609800,6944452.493000,16.314394,630
509497.205600,6944452.198000,16.723507,630
509497.125200,6944452.140000,16.800000,630
509496.801500,6944451.904000,17.105981,630
509496.557100,6944451.726000,17.300000,630
509496.397300,6944451.609000,17.396136,630
509495.993200,6944451.315000,17.553327,630
509495.589000,6944451.021000,17.703877,630
509495.331600,6944450.833000,17.800000,630
509495.184900,6944450.726000,17.851825,630
509494.780700,6944450.432000,17.870462,630
509494.376600,6944450.138000,17.869152,630
509493.972500,6944449.843000,17.867774,630
509493.625300,6944449.590000,17.800000,630
509493.568300,6944449.549000,17.788635,630
509493.164200,6944449.254000,17.643372,630
509492.760000,6944448.960000,17.495182,630
509492.355900,6944448.666000,17.335174,630
509492.296000,6944448.622000,17.300000,630
509491.951700,6944448.371000,17.065669,630
509491.551100,6944448.079000,16.800000,630
509491.547600,6944448.077000,16.797643,630
509491.143400,6944447.782000,16.523041,630
509490.822300,6944447.548000,16.300000,630
509490.739300,6944447.488000,16.237344,630
509490.335100,6944447.194000,15.932803,630
509490.159100,6944447.065000,15.800000,630
509489.931000,6944446.899000,15.622802,630
509489.526800,6944446.605000,15.344416,630
509489.456900,6944446.554000,15.300000,630
509489.122700,6944446.310000,15.084655,630
509488.718600,6944446.016000,14.824256,630
509488.675800,6944445.985000,14.800000,630
509488.314400,6944445.722000,14.590549,630
509487.910300,6944445.427000,14.425711,630
509487.603200,6944445.204000,14.300000,630
509487.506100,6944445.133000,14.260940,630
509487.102000,6944444.838000,14.102155,630
509525.900000,6944473.100000,21.028155,630
509525.495900,6944472.806000,20.984320,630
509525.411700,6944472.744000,20.800000,635
509525.091700,6944472.511000,20.736346,635
509524.687600,6944472.217000,20.639793,635
509524.283400,6944471.922000,20.408469,635
509524.158600,6944471.831000,20.300000,635
509523.879300,6944471.628000,20.073275,635
509523.593500,6944471.420000,19.800000,635
509523.475100,6944471.334000,19.569038,635
509523.360400,6944471.250000,19.300000,635
509523.264000,6944471.180000,18.800000,635
509523.195600,6944471.130000,18.300000,635
509523.177800,6944471.117000,17.800000,635
509523.158100,6944471.103000,17.300000,635
509523.094700,6944471.057000,16.800000,635
509523.071000,6944471.039000,16.616576,635
509523.025400,6944471.006000,16.300000,635
509522.835600,6944470.868000,15.800000,635
509522.666800,6944470.745000,15.434880,635
509522.605000,6944470.700000,15.300000,635
509522.262700,6944470.450000,14.813743,635
509522.252600,6944470.443000,14.800000,635
509521.858500,6944470.156000,14.429634,635
509521.454400,6944469.862000,14.308593,635
509521.426100,6944469.841000,14.300000,635
509521.050200,6944469.567000,14.196262,635
509520.646100,6944469.273000,14.086320,635
509520.242000,6944468.979000,14.088831,635
509519.837800,6944468.684000,14.126139,635
509519.433700,6944468.390000,14.164285,635
509519.029500,6944468.095000,14.215525,635
509518.625400,6944467.801000,14.282464,635
509518.519600,6944467.724000,14.300000,635
509518.221200,6944467.507000,14.353492,635
509517.817100,6944467.212000,14.423535,635
509517.412900,6944466.918000,14.478854,635
509516.604600,6944466.329000,14.589462,635
509516.200500,6944466.035000,14.637142,635
509515.392200,6944465.446000,14.729328,635
509514.988100,6944465.151000,14.794585,635
509514.960600,6944465.131000,14.800000,635
509514.583900,6944464.857000,14.899309,635
509514.179800,6944464.563000,15.006202,635
509513.775600,6944464.268000,15.147680,635
509513.535400,6944464.093000,15.300000,635
509513.371500,6944463.974000,15.436392,635
509512.967300,6944463.679000,15.797989,635
509512.965000,6944463.678000,15.800000,635
509512.563200,6944463.385000,16.180249,635
509512.478300,6944463.323000,16.300000,635
509512.228500,6944463.141000,16.800000,635
509512.159000,6944463.091000,16.940451,635
509511.986500,6944462.965000,17.300000,635
509511.754900,6944462.796000,17.793515,635
509511.751800,6944462.794000,17.800000,635
509511.519300,6944462.625000,18.300000,635
509511.350700,6944462.502000,18.587391,635
509511.208700,6944462.398000,18.800000,635
509510.946600,6944462.208000,19.151688,635
509510.822000,6944462.117000,19.300000,635
509510.542400,6944461.913000,19.574302,635
509510.310700,6944461.744000,19.800000,635
509510.138300,6944461.619000,19.927713,635
509509.734200,6944461.324000,20.169625,635
509509.330000,6944461.030000,20.271392,635
509509.216700,6944460.947000,20.300000,635
509508.925900,6944460.736000,20.368022,635
509508.521700,6944460.441000,20.467807,635
509508.117600,6944460.147000,20.416675,635
509507.713400,6944459.852000,20.363404,635
509507.309300,6944459.558000,20.310647,635
509507.266600,6944459.527000,20.300000,635
509506.905100,6944459.264000,20.208065,635
509506.501000,6944458.969000,20.079956,635
509506.096800,6944458.675000,19.952758,635
509505.692700,6944458.380000,19.816112,635
509505.649500,6944458.349000,19.800000,635
509505.288500,6944458.086000,19.644608,635
509504.884400,6944457.792000,19.469548,635
509504.496500,6944457.509000,19.300000,635
509504.480300,6944457.497000,19.292147,635
509504.076100,6944457.203000,19.058529,635
509503.672000,6944456.909000,18.817438,635
509503.641700,6944456.886000,18.800000,635
509503.267800,6944456.614000,18.564367,635
509502.947400,6944456.381000,18.300000,635
509502.863700,6944456.320000,18.214766,635
509502.498600,6944456.054000,17.800000,635
509502.459500,6944456.025000,17.755460,635
509502.067000,6944455.739000,17.300000,635
509502.055400,6944455.731000,17.280653,635
509501.759300,6944455.515000,16.800000,635
509501.651200,6944455.437000,16.621792,635
509501.450900,6944455.291000,16.300000,635
509501.247100,6944455.142000,15.972425,635
509501.143000,6944455.066000,15.800000,635
509500.842900,6944454.848000,15.300232,635
509500.842800,6944454.848000,15.300000,635
509500.449400,6944454.561000,14.800000,635
509500.438800,6944454.553000,14.788900,635
509500.034600,6944454.259000,14.681997,635
509499.630500,6944453.965000,14.552804,635
509499.226400,6944453.670000,14.434746,635
509498.822200,6944453.376000,14.638155,635
509498.594400,6944453.210000,14.800000,635
509498.418100,6944453.081000,14.945883,635
509498.013900,6944452.787000,15.279960,635
509497.993600,6944452.772000,15.300000,635
509497.609800,6944452.493000,15.728924,635
509497.553900,6944452.452000,15.800000,635
509497.205600,6944452.198000,16.211471,635
509497.129800,6944452.143000,16.300000,635
509496.801500,6944451.904000,16.617001,635
509496.591500,6944451.751000,16.800000,635
509496.397300,6944451.609000,16.961648,635
509495.993200,6944451.315000,17.175224,635
509495.760200,6944451.145000,17.300000,635
509495.589000,6944451.021000,17.369764,635
509495.184900,6944450.726000,17.524888,635
509494.780700,6944450.432000,17.554371,635
509494.376600,6944450.138000,17.560238,635
509493.972500,6944449.843000,17.566162,635
509493.568300,6944449.549000,17.485944,635
509493.164200,6944449.254000,17.347467,635
509493.034100,6944449.160000,17.300000,635
509492.760000,6944448.960000,17.184669,635
509492.355900,6944448.666000,16.999410,635
509492.054300,6944448.446000,16.800000,635
509491.951700,6944448.371000,16.731135,635
509491.547600,6944448.077000,16.458813,635
509491.308900,6944447.903000,16.300000,635
509491.143400,6944447.782000,16.180453,635
509490.739300,6944447.488000,15.878308,635
509490.635100,6944447.412000,15.800000,635
509490.335100,6944447.194000,15.564986,635
509489.990000,6944446.942000,15.300000,635
509489.931000,6944446.899000,15.254830,635
509489.526800,6944446.605000,14.973951,635
509489.258200,6944446.409000,14.800000,635
509489.122700,6944446.310000,14.710793,635
509488.718600,6944446.016000,14.445080,635
509488.469600,6944445.835000,14.300000,635
509488.314400,6944445.722000,14.211213,635
509487.910300,6944445.427000,14.049771,635
509487.506100,6944445.133000,13.881257,635
509487.301800,6944444.984000,13.800000,635
509487.102000,6944444.838000,13.727928,635
509525.900000,6944473.100000,20.864867,635
509525.495900,6944472.806000,20.811700,635
509525.091700,6944472.511000,20.489373,640
509524.687600,6944472.217000,20.382419,640
509524.560400,6944472.124000,20.300000,640
509524.283400,6944471.922000,20.107412,640
509523.936400,6944471.670000,19.800000,640
509523.879300,6944471.628000,19.708629,640
509523.646800,6944471.459000,19.300000,640
509523.512900,6944471.361000,18.800000,640
509523.475100,6944471.334000,18.626841,640
509523.410500,6944471.287000,18.300000,640
509523.374000,6944471.260000,17.800000,640
509523.335400,6944471.232000,17.300000,640
509523.263600,6944471.180000,16.800000,640
509523.191700,6944471.127000,16.300000,640
509523.071000,6944471.039000,15.932505,640
509523.020500,6944471.002000,15.800000,640
509522.787800,6944470.833000,15.300000,640
509522.666800,6944470.745000,15.128719,640
509522.435200,6944470.576000,14.800000,640
509522.262700,6944470.450000,14.629661,640
509521.911800,6944470.195000,14.300000,640
509521.858500,6944470.156000,14.254430,640
509521.454400,6944469.862000,14.145007,640
509521.050200,6944469.567000,14.035242,640
509520.646100,6944469.273000,13.928935,640
509520.242000,6944468.979000,13.933045,640
509519.837800,6944468.684000,13.970641,640
509519.433700,6944468.390000,14.009504,640
509519.029500,6944468.095000,14.061064,640
509518.625400,6944467.801000,14.127356,640
509518.221200,6944467.507000,14.193818,640
509517.817100,6944467.212000,14.258211,640
509517.468600,6944466.958000,14.300000,640
509517.412900,6944466.918000,14.307307,640
509516.604600,6944466.329000,14.411880,640
509516.200500,6944466.035000,14.453365,640
509515.392200,6944465.446000,14.531836,640
509514.988100,6944465.151000,14.588375,640
509514.583900,6944464.857000,14.661385,640
509514.179800,6944464.563000,14.734505,640
509513.899200,6944464.358000,14.800000,640
509513.775600,6944464.268000,14.839088,640
509513.371500,6944463.974000,15.086192,640
509513.020800,6944463.718000,15.300000,640
509512.967300,6944463.679000,15.345760,640
509512.563200,6944463.385000,15.693655,640
509512.480700,6944463.325000,15.800000,640
509512.159000,6944463.091000,16.254519,640
509512.128400,6944463.068000,16.300000,640
509511.887600,6944462.893000,16.800000,640
509511.754900,6944462.796000,17.076553,640
509511.647700,6944462.718000,17.300000,640
509511.411200,6944462.546000,17.800000,640
509511.350700,6944462.502000,17.928993,640
509511.160300,6944462.363000,18.300000,640
509510.946600,6944462.208000,18.616682,640
509510.809100,6944462.107000,18.800000,640
509510.542400,6944461.913000,19.118276,640
509510.386100,6944461.799000,19.300000,640
509510.138300,6944461.619000,19.543621,640
509509.803600,6944461.375000,19.800000,640
509509.734200,6944461.324000,19.841705,640
509509.330000,6944461.030000,19.961098,640
509508.925900,6944460.736000,20.071709,640
509508.521700,6944460.441000,20.181169,640
509508.117600,6944460.147000,20.137386,640
509507.713400,6944459.852000,20.088996,640
509507.309300,6944459.558000,20.040601,640
509506.905100,6944459.264000,19.941205,640
509506.501000,6944458.969000,19.815732,640
509506.450200,6944458.932000,19.800000,640
509506.096800,6944458.675000,19.674628,640
509505.692700,6944458.380000,19.519240,640
509505.288500,6944458.086000,19.344770,640
509505.185300,6944458.011000,19.300000,640
509504.884400,6944457.792000,19.156801,640
509504.480300,6944457.497000,18.960518,640
509504.206400,6944457.298000,18.800000,640
509504.076100,6944457.203000,18.716663,640
509503.672000,6944456.909000,18.452459,640
509503.441700,6944456.741000,18.300000,640
509503.267800,6944456.614000,18.155876,640
509502.921000,6944456.362000,17.800000,640
509502.863700,6944456.320000,17.740087,640
509502.478000,6944456.039000,17.300000,640
509502.459500,6944456.025000,17.271159,640
509502.171700,6944455.816000,16.800000,640
509502.055400,6944455.731000,16.611547,640
509501.861900,6944455.590000,16.300000,640
509501.651200,6944455.437000,15.949914,640
509501.556500,6944455.368000,15.800000,640
509501.247100,6944455.142000,15.314045,640
509501.238500,6944455.136000,15.300000,640
509500.867400,6944454.866000,14.800000,640
509500.842900,6944454.848000,14.771776,640
509500.438800,6944454.553000,14.347827,640
509500.291400,6944454.446000,14.300000,640
509500.034600,6944454.259000,14.221969,640
509499.630500,6944453.965000,14.118148,640
509499.226400,6944453.670000,14.010369,640
509498.822200,6944453.376000,14.181361,640
509498.635300,6944453.240000,14.300000,640
509498.418100,6944453.081000,14.454863,640
509498.013900,6944452.787000,14.743169,640
509497.949600,6944452.740000,14.800000,640
509497.609800,6944452.493000,15.138380,640
509497.470500,6944452.391000,15.300000,640
509497.205600,6944452.198000,15.636109,640
509497.073200,6944452.102000,15.800000,640
509496.801500,6944451.904000,16.118285,640
509496.627000,6944451.777000,16.300000,640
509496.397300,6944451.609000,16.502422,640
509495.993200,6944451.315000,16.736956,640
509495.883800,6944451.235000,16.800000,640
509495.589000,6944451.021000,16.965635,640
509495.184900,6944450.726000,17.176871,640
509494.780700,6944450.432000,17.222884,640
509494.376600,6944450.138000,17.238800,640
509493.972500,6944449.843000,17.255028,640
509493.568300,6944449.549000,17.163460,640
509493.164200,6944449.254000,17.005364,640
509492.760000,6944448.960000,16.843408,640
509492.665800,6944448.891000,16.800000,640
509492.355900,6944448.666000,16.653788,640
509491.951700,6944448.371000,16.383090,640
509491.826400,6944448.280000,16.300000,640
509491.547600,6944448.077000,16.101380,640
509491.143400,6944447.782000,15.812420,640
509491.126700,6944447.770000,15.800000,640
509490.739300,6944447.488000,15.500961,640
509490.479600,6944447.299000,15.300000,640
509490.335100,6944447.194000,15.189865,640
509489.931000,6944446.899000,14.881874,640
509489.812800,6944446.813000,14.800000,640
509489.526800,6944446.605000,14.602297,640
509489.122700,6944446.310000,14.333838,640
509489.071400,6944446.273000,14.300000,640
509488.718600,6944446.016000,14.075166,640
509488.314400,6944445.722000,13.838464,640
509488.217400,6944445.651000,13.800000,640
509487.910300,6944445.427000,13.690437,640
509487.506100,6944445.133000,13.534764,640
509487.102000,6944444.838000,13.383434,640
509525.900000,6944473.100000,20.682746,640
509525.495900,6944472.806000,20.591685,640
509525.266700,6944472.639000,20.300000,645
509525.091700,6944472.511000,20.244092,645
509524.687600,6944472.217000,20.117776,645
509524.283400,6944471.922000,19.831156,645
509524.248200,6944471.897000,19.800000,645
509523.929200,6944471.664000,19.300000,645
509523.879300,6944471.628000,19.176128,645
509523.749800,6944471.534000,18.800000,645
509523.617200,6944471.437000,18.300000,645
509523.564000,6944471.398000,17.800000,645
509523.509900,6944471.359000,17.300000,645
509523.475100,6944471.334000,17.071891,645
509523.432400,6944471.303000,16.800000,645
509523.351000,6944471.243000,16.300000,645
509523.183900,6944471.122000,15.800000,645
509523.071000,6944471.039000,15.515547,645
509522.970400,6944470.966000,15.300000,645
509522.666800,6944470.745000,14.870225,645
509522.617300,6944470.709000,14.800000,645
509522.262700,6944470.450000,14.449822,645
509522.103200,6944470.334000,14.300000,645
509521.858500,6944470.156000,14.090779,645
509521.454400,6944469.862000,13.982110,645
509521.050200,6944469.567000,13.874221,645
509520.759900,6944469.356000,13.800000,645
509520.646100,6944469.273000,13.780910,645
509520.242000,6944468.979000,13.784579,645
509519.999500,6944468.802000,13.800000,645
509519.837800,6944468.684000,13.815143,645
509519.433700,6944468.390000,13.854724,645
509519.029500,6944468.095000,13.906604,645
509518.625400,6944467.801000,13.972248,645
509518.221200,6944467.507000,14.037940,645
509517.817100,6944467.212000,14.101636,645
509517.412900,6944466.918000,14.146775,645
509517.008800,6944466.623000,14.192602,645
509516.604600,6944466.329000,14.238717,645
509516.200500,6944466.035000,14.271750,645
509515.820100,6944465.758000,14.300000,645
509515.796300,6944465.740000,14.301966,645
509515.392200,6944465.446000,14.334344,645
509514.988100,6944465.151000,14.382166,645
509514.583900,6944464.857000,14.444461,645
509514.179800,6944464.563000,14.506805,645
509513.775600,6944464.268000,14.593018,645
509513.371500,6944463.974000,14.772516,645
509513.309700,6944463.929000,14.800000,645
509512.967300,6944463.679000,15.004732,645
509512.563200,6944463.385000,15.252779,645
509512.514300,6944463.350000,15.300000,645
509512.159000,6944463.091000,15.758020,645
509512.127700,6944463.068000,15.800000,645
509511.791300,6944462.823000,16.300000,645
509511.754900,6944462.796000,16.375383,645
509511.548700,6944462.646000,16.800000,645
509511.350700,6944462.502000,17.212576,645
509511.306900,6944462.470000,17.300000,645
509511.049300,6944462.282000,17.800000,645
509510.946600,6944462.208000,17.997979,645
509510.778200,6944462.085000,18.300000,645
509510.542400,6944461.913000,18.613105,645
509510.399300,6944461.809000,18.800000,645
509510.138300,6944461.619000,19.104435,645
509509.933600,6944461.470000,19.300000,645
509509.734200,6944461.324000,19.459124,645
509509.330000,6944461.030000,19.613968,645
509508.925900,6944460.736000,19.766028,645
509508.833400,6944460.668000,19.800000,645
509508.521700,6944460.441000,19.889874,645
509508.117600,6944460.147000,19.852302,645
509507.713400,6944459.852000,19.811462,645
509507.603300,6944459.772000,19.800000,645
509507.309300,6944459.558000,19.764742,645
509506.905100,6944459.264000,19.653406,645
509506.501000,6944458.969000,19.512045,645
509506.096800,6944458.675000,19.371759,645
509505.907000,6944458.537000,19.300000,645
509505.692700,6944458.380000,19.211737,645
509505.288500,6944458.086000,19.019594,645
509504.884400,6944457.792000,18.827526,645
509504.828100,6944457.751000,18.800000,645
509504.480300,6944457.497000,18.619352,645
509504.076100,6944457.203000,18.354711,645
509503.992900,6944457.142000,18.300000,645
509503.672000,6944456.909000,18.039603,645
509503.386300,6944456.700000,17.800000,645
509503.267800,6944456.614000,17.700056,645
509502.887300,6944456.337000,17.300000,645
509502.863700,6944456.320000,17.268184,645
509502.557400,6944456.097000,16.800000,645
509502.459500,6944456.025000,16.652006,645
509502.237100,6944455.863000,16.300000,645
509502.055400,6944455.731000,15.999454,645
509501.932600,6944455.642000,15.800000,645
509501.651200,6944455.437000,15.342883,645
509501.623500,6944455.416000,15.300000,645
509501.251900,6944455.146000,14.800000,645
509501.247100,6944455.142000,14.794709,645
509500.842900,6944454.848000,14.328421,645
509500.815800,6944454.828000,14.300000,645
509500.438800,6944454.553000,13.940104,645
509500.034600,6944454.259000,13.809060,645
509499.995000,6944454.230000,13.800000,645
509499.630500,6944453.965000,13.742830,645
509499.226400,6944453.670000,13.661113,645
509498.822200,6944453.376000,13.774726,645
509498.765700,6944453.335000,13.800000,645
509498.418100,6944453.081000,14.024739,645
509498.013900,6944452.787000,14.276981,645
509497.985600,6944452.766000,14.300000,645
509497.609800,6944452.493000,14.632803,645
509497.453700,6944452.379000,14.800000,645
509497.205600,6944452.198000,15.088711,645
509497.021500,6944452.064000,15.300000,645
509496.801500,6944451.904000,15.572248,645
509496.598000,6944451.756000,15.800000,645
509496.397300,6944451.609000,16.011327,645
509495.998800,6944451.319000,16.300000,645
509495.993200,6944451.315000,16.303453,645
509495.589000,6944451.021000,16.550732,645
509495.184900,6944450.726000,16.787284,645
509495.091800,6944450.659000,16.800000,645
509494.780700,6944450.432000,16.839705,645
509494.376600,6944450.138000,16.862721,645
509493.972500,6944449.843000,16.885992,645
509493.568300,6944449.549000,16.809454,645
509493.543900,6944449.531000,16.800000,645
509493.164200,6944449.254000,16.649122,645
509492.760000,6944448.960000,16.487050,645
509492.355900,6944448.666000,16.304200,645
509492.349600,6944448.661000,16.300000,645
509491.951700,6944448.371000,16.013085,645
509491.650800,6944448.152000,15.800000,645
509491.547600,6944448.077000,15.724610,645
509491.143400,6944447.782000,15.428308,645
509490.976600,6944447.661000,15.300000,645
509490.739300,6944447.488000,15.120791,645
509490.335100,6944447.194000,14.813000,645
509490.318000,6944447.181000,14.800000,645
509489.931000,6944446.899000,14.510901,645
509489.627200,6944446.678000,14.300000,645
509489.526800,6944446.605000,14.231989,645
509489.122700,6944446.310000,13.971635,645
509488.855500,6944446.116000,13.800000,645
509488.718600,6944446.016000,13.721179,645
509488.314400,6944445.722000,13.509940,645
509487.910300,6944445.427000,13.355117,645
509487.768500,6944445.324000,13.300000,645
509487.506100,6944445.133000,13.201002,645
509487.102000,6944444.838000,13.044329,645
509525.900000,6944473.100000,20.488213,645
509525.495900,6944472.806000,20.368224,645
509525.091700,6944472.511000,20.004375,650
509524.687600,6944472.217000,19.849710,650
509524.617700,6944472.166000,19.800000,650
509524.283400,6944471.922000,19.418501,650
509524.206900,6944471.867000,19.300000,650
509523.984100,6944471.704000,18.800000,650
509523.879300,6944471.628000,18.494740,650
509523.820500,6944471.585000,18.300000,650
509523.747400,6944471.532000,17.800000,650
509523.673900,6944471.478000,17.300000,650
509523.590500,6944471.418000,16.800000,650
509523.507200,6944471.357000,16.300000,650
509523.475100,6944471.334000,16.199052,650
509523.339300,6944471.235000,15.800000,650
509523.139500,6944471.089000,15.300000,650
509523.071000,6944471.039000,15.182476,650
509522.801200,6944470.843000,14.800000,650
509522.666800,6944470.745000,14.665591,650
509522.294100,6944470.473000,14.300000,650
509522.262700,6944470.450000,14.271631,650
509521.858500,6944470.156000,13.927127,650
509521.454400,6944469.862000,13.819213,650
509521.381800,6944469.809000,13.800000,650
509521.050200,6944469.567000,13.742800,650
509520.646100,6944469.273000,13.675303,650
509520.242000,6944468.979000,13.678942,650
509519.837800,6944468.684000,13.704624,650
509519.433700,6944468.390000,13.731465,650
509519.029500,6944468.095000,13.766895,650
509518.731600,6944467.878000,13.800000,650
509518.625400,6944467.801000,13.817140,650
509518.221200,6944467.507000,13.882063,650
509517.817100,6944467.212000,13.945060,650
509517.412900,6944466.918000,13.986733,650
509517.008800,6944466.623000,14.029537,650
509516.604600,6944466.329000,14.073079,650
509516.200500,6944466.035000,14.101039,650
509515.796300,6944465.740000,14.124876,650
509515.392200,6944465.446000,14.148401,650
509514.988100,6944465.151000,14.184015,650
509514.583900,6944464.857000,14.232243,650
509514.179800,6944464.563000,14.280495,650
509514.066700,6944464.480000,14.300000,650
509513.775600,6944464.268000,14.356015,650
509513.371500,6944463.974000,14.528263,650
509512.967300,6944463.679000,14.703613,650
509512.749800,6944463.521000,14.800000,650
509512.563200,6944463.385000,14.910609,650
509512.160500,6944463.092000,15.300000,650
509512.159000,6944463.091000,15.301934,650
509511.787700,6944462.820000,15.800000,650
509511.754900,6944462.796000,15.848831,650
509511.453100,6944462.576000,16.300000,650
509511.350700,6944462.502000,16.510492,650
509511.203300,6944462.395000,16.800000,650
509510.952200,6944462.212000,17.300000,650
509510.946600,6944462.208000,17.310839,650
509510.671100,6944462.007000,17.800000,650
509510.542400,6944461.913000,18.027764,650
509510.384600,6944461.798000,18.300000,650
509510.138300,6944461.619000,18.621113,650
509509.972500,6944461.498000,18.800000,650
509509.734200,6944461.324000,19.029294,650
509509.330000,6944461.030000,19.218285,650
509509.158700,6944460.905000,19.300000,650
509508.925900,6944460.736000,19.395074,650
509508.521700,6944460.441000,19.559292,650
509508.117600,6944460.147000,19.525042,650
509507.713400,6944459.852000,19.485231,650
509507.309300,6944459.558000,19.444817,650
509506.905100,6944459.264000,19.342080,650
509506.781700,6944459.174000,19.300000,650
509506.501000,6944458.969000,19.195196,650
509506.096800,6944458.675000,19.045697,650
509505.692700,6944458.380000,18.881906,650
509505.520300,6944458.255000,18.800000,650
509505.288500,6944458.086000,18.682361,650
509504.884400,6944457.792000,18.477214,650
509504.540300,6944457.541000,18.300000,650
509504.480300,6944457.497000,18.263924,650
509504.076100,6944457.203000,17.937688,650
509503.910300,6944457.082000,17.800000,650
509503.672000,6944456.909000,17.599907,650
509503.322600,6944456.654000,17.300000,650
509503.267800,6944456.614000,17.243092,650
509502.936300,6944456.373000,16.800000,650
509502.863700,6944456.320000,16.701364,650
509502.594800,6944456.124000,16.300000,650
509502.459500,6944456.025000,16.086102,650
509502.284100,6944455.898000,15.800000,650
509502.055400,6944455.731000,15.417178,650
509501.982700,6944455.678000,15.300000,650
509501.651200,6944455.437000,14.832245,650
509501.627200,6944455.419000,14.800000,650
509501.247100,6944455.142000,14.378196,650
509501.179600,6944455.093000,14.300000,650
509500.842900,6944454.848000,13.949348,650
509500.689700,6944454.736000,13.800000,650
509500.438800,6944454.553000,13.627022,650
509500.034600,6944454.259000,13.538287,650
509499.630500,6944453.965000,13.459837,650
509499.226400,6944453.670000,13.372601,650
509498.822200,6944453.376000,13.490595,650
509498.418100,6944453.081000,13.668132,650
509498.095800,6944452.847000,13.800000,650
509498.013900,6944452.787000,13.849223,650
509497.609800,6944452.493000,14.179244,650
509497.486300,6944452.403000,14.300000,650
509497.205600,6944452.198000,14.601060,650
509497.019300,6944452.063000,14.800000,650
509496.801500,6944451.904000,15.050326,650
509496.568500,6944451.734000,15.300000,650
509496.397300,6944451.609000,15.492450,650
509496.013900,6944451.330000,15.800000,650
509495.993200,6944451.315000,15.815498,650
509495.589000,6944451.021000,16.113955,650
509495.316600,6944450.822000,16.300000,650
509495.184900,6944450.726000,16.377030,650
509494.780700,6944450.432000,16.441863,650
509494.376600,6944450.138000,16.475779,650
509493.972500,6944449.843000,16.510353,650
509493.568300,6944449.549000,16.437130,650
509493.204000,6944449.283000,16.300000,650
509493.164200,6944449.254000,16.283742,650
509492.760000,6944448.960000,16.110630,650
509492.355900,6944448.666000,15.911648,650
509492.196100,6944448.549000,15.800000,650
509491.951700,6944448.371000,15.623738,650
509491.547600,6944448.077000,15.335687,650
509491.498700,6944448.041000,15.300000,650
509491.143400,6944447.782000,15.043027,650
509490.817200,6944447.545000,14.800000,650
509490.739300,6944447.488000,14.742773,650
509490.335100,6944447.194000,14.439743,650
509490.147200,6944447.057000,14.300000,650
509489.931000,6944446.899000,14.144082,650
509489.526800,6944446.605000,13.870460,650
509489.417300,6944446.525000,13.800000,650
509489.122700,6944446.310000,13.632150,650
509488.718600,6944446.016000,13.398000,650
509488.531200,6944445.880000,13.300000,650
509488.314400,6944445.722000,13.189544,650
509487.910300,6944445.427000,13.029766,650
509487.506100,6944445.133000,12.875683,650
509487.321200,6944444.998000,12.800000,650
509487.102000,6944444.838000,12.729680,650
509525.900000,6944473.100000,20.293496,650
509525.495900,6944472.806000,20.151721,650
509525.166600,6944472.566000,19.800000,655
509525.091700,6944472.511000,19.755154,655
509524.687600,6944472.217000,19.526135,655
509524.493000,6944472.075000,19.300000,655
509524.283400,6944471.922000,18.944955,655
509524.215100,6944471.873000,18.800000,655
509524.023700,6944471.733000,18.300000,655
509523.930800,6944471.666000,17.800000,655
509523.879300,6944471.628000,17.536305,655
509523.838000,6944471.598000,17.300000,655
509523.745000,6944471.530000,16.800000,655
509523.652100,6944471.463000,16.300000,655
509523.492700,6944471.346000,15.800000,655
509523.475100,6944471.334000,15.752583,655
509523.291900,6944471.200000,15.300000,655
509523.071000,6944471.039000,14.920913,655
509522.985700,6944470.977000,14.800000,655
509522.666800,6944470.745000,14.481048,655
509522.482200,6944470.610000,14.300000,655
509522.262700,6944470.450000,14.101665,655
509521.903700,6944470.189000,13.800000,655
509521.858500,6944470.156000,13.775741,655
509521.454400,6944469.862000,13.705411,655
509521.050200,6944469.567000,13.636687,655
509520.646100,6944469.273000,13.569695,655
509520.242000,6944468.979000,13.573306,655
509519.837800,6944468.684000,13.598958,655
509519.433700,6944468.390000,13.625446,655
509519.029500,6944468.095000,13.660047,655
509518.625400,6944467.801000,13.703889,655
509518.221200,6944467.507000,13.748198,655
509517.817100,6944467.212000,13.791819,655
509517.693400,6944467.122000,13.800000,655
509517.412900,6944466.918000,13.826692,655
509517.008800,6944466.623000,13.866471,655
509516.604600,6944466.329000,13.907442,655
509516.200500,6944466.035000,13.930327,655
509515.796300,6944465.740000,13.947928,655
509515.392200,6944465.446000,13.964889,655
509514.988100,6944465.151000,13.991201,655
509514.583900,6944464.857000,14.029406,655
509514.179800,6944464.563000,14.067952,655
509513.775600,6944464.268000,14.130318,655
509513.371500,6944463.974000,14.284610,655
509513.330300,6944463.944000,14.300000,655
509512.967300,6944463.679000,14.447797,655
509512.563200,6944463.385000,14.618569,655
509512.316200,6944463.205000,14.800000,655
509512.159000,6944463.091000,14.950997,655
509511.817800,6944462.842000,15.300000,655
509511.754900,6944462.796000,15.384384,655
509511.446400,6944462.572000,15.800000,655
509511.350700,6944462.502000,15.943348,655
509511.108200,6944462.325000,16.300000,655
509510.946600,6944462.208000,16.613807,655
509510.847900,6944462.136000,16.800000,655
509510.585700,6944461.945000,17.300000,655
509510.542400,6944461.913000,17.375446,655
509510.292700,6944461.731000,17.800000,655
509510.138300,6944461.619000,18.061957,655
509509.967900,6944461.495000,18.300000,655
509509.734200,6944461.324000,18.553315,655
509509.330000,6944461.030000,18.784087,655
509509.302800,6944461.010000,18.800000,655
509508.925900,6944460.736000,18.997216,655
509508.521700,6944460.441000,19.199186,655
509508.117600,6944460.147000,19.173107,655
509507.309300,6944459.558000,19.104442,655
509506.905100,6944459.264000,18.997859,655
509506.501000,6944458.969000,18.854326,655
509506.348400,6944458.858000,18.800000,655
509506.096800,6944458.675000,18.705402,655
509505.692700,6944458.380000,18.533524,655
509505.288500,6944458.086000,18.329944,655
509505.229500,6944458.043000,18.300000,655
509504.884400,6944457.792000,18.098006,655
509504.480300,6944457.497000,17.853312,655
509504.415300,6944457.450000,17.800000,655
509504.076100,6944457.203000,17.515388,655
509503.822800,6944457.018000,17.300000,655
509503.672000,6944456.909000,17.145877,655
509503.340900,6944456.667000,16.800000,655
509503.267800,6944456.614000,16.722069,655
509502.956200,6944456.387000,16.300000,655
509502.863700,6944456.320000,16.172618,655
509502.624500,6944456.145000,15.800000,655
509502.459500,6944456.025000,15.544686,655
509502.309600,6944455.916000,15.300000,655
509502.055400,6944455.731000,14.940959,655
509501.954200,6944455.657000,14.800000,655
509501.651200,6944455.437000,14.437843,655
509501.528000,6944455.347000,14.300000,655
509501.247100,6944455.142000,14.008605,655
509501.048400,6944454.997000,13.800000,655
509500.842900,6944454.848000,13.642968,655
509500.438800,6944454.553000,13.362093,655
509500.163300,6944454.353000,13.300000,655
509500.034600,6944454.259000,13.270952,655
509499.630500,6944453.965000,13.184855,655
509499.226400,6944453.670000,13.094042,655
509498.822200,6944453.376000,13.209338,655
509498.597800,6944453.212000,13.300000,655
509498.418100,6944453.081000,13.376782,655
509498.013900,6944452.787000,13.543035,655
509497.609800,6944452.493000,13.770050,655
509497.566900,6944452.461000,13.800000,655
509497.205600,6944452.198000,14.154469,655
509497.056100,6944452.089000,14.300000,655
509496.801500,6944451.904000,14.572280,655
509496.574600,6944451.739000,14.800000,655
509496.397300,6944451.609000,14.990436,655
509495.993700,6944451.315000,15.300000,655
509495.993200,6944451.315000,15.300438,655
509495.589000,6944451.021000,15.631312,655
509495.363700,6944450.857000,15.800000,655
509495.184900,6944450.726000,15.925903,655
509494.780700,6944450.432000,16.017226,655
509494.376600,6944450.138000,16.063992,655
509493.972500,6944449.843000,16.112139,655
509493.568300,6944449.549000,16.040312,655
509493.164200,6944449.254000,15.879094,655
509492.971900,6944449.114000,15.800000,655
509492.760000,6944448.960000,15.709562,655
509492.355900,6944448.666000,15.505856,655
509492.067700,6944448.456000,15.300000,655
509491.951700,6944448.371000,15.219276,655
509491.547600,6944448.077000,14.937261,655
509491.352900,6944447.935000,14.800000,655
509491.143400,6944447.782000,14.659090,655
509490.739300,6944447.488000,14.362614,655
509490.655000,6944447.427000,14.300000,655
509490.335100,6944447.194000,14.071997,655
509489.956200,6944446.918000,13.800000,655
509489.931000,6944446.899000,13.784683,655
509489.526800,6944446.605000,13.548732,655
509489.122700,6944446.310000,13.311962,655
509489.102100,6944446.295000,13.300000,655
509488.718600,6944446.016000,13.079276,655
509488.314400,6944445.722000,12.874771,655
509488.132300,6944445.589000,12.800000,655
509487.910300,6944445.427000,12.727765,655
509487.506100,6944445.133000,12.604322,655
509487.102000,6944444.838000,12.474722,655
509525.900000,6944473.100000,20.093325,655
509525.495900,6944472.806000,19.938276,655
509525.495900,6944472.806000,19.699803,660
509525.091700,6944472.511000,19.450972,660
509524.848200,6944472.334000,19.300000,660
509524.687600,6944472.217000,19.162698,660
509524.464800,6944472.055000,18.800000,660
509524.283400,6944471.922000,18.441481,660
509524.226900,6944471.881000,18.300000,660
509524.114200,6944471.799000,17.800000,660
509524.002000,6944471.717000,17.300000,660
509523.899500,6944471.643000,16.800000,660
509523.879300,6944471.628000,16.706360,660
509523.797000,6944471.568000,16.300000,660
509523.632700,6944471.448000,15.800000,660
509523.475100,6944471.334000,15.376048,660
509523.444300,6944471.311000,15.300000,660
509523.152300,6944471.098000,14.800000,660
509523.071000,6944471.039000,14.697983,660
509522.670400,6944470.748000,14.300000,660
509522.666800,6944470.745000,14.296746,660
509522.262700,6944470.450000,13.931698,660
509522.106000,6944470.336000,13.800000,660
509521.858500,6944470.156000,13.667043,660
509521.454400,6944469.862000,13.598173,660
509521.050200,6944469.567000,13.530575,660
509520.646100,6944469.273000,13.464088,660
509520.242000,6944468.979000,13.467669,660
509519.837800,6944468.684000,13.493292,660
509519.433700,6944468.390000,13.519428,660
509519.029500,6944468.095000,13.553200,660
509518.625400,6944467.801000,13.595837,660
509518.221200,6944467.507000,13.638806,660
509517.817100,6944467.212000,13.680573,660
509517.412900,6944466.918000,13.705385,660
509517.008800,6944466.623000,13.731194,660
509516.604600,6944466.329000,13.758169,660
509516.200500,6944466.035000,13.770742,660
509515.796300,6944465.740000,13.778957,660
509515.392200,6944465.446000,13.786528,660
509514.988100,6944465.151000,13.798849,660
509514.963800,6944465.134000,13.800000,660
509514.583900,6944464.857000,13.826568,660
509514.179800,6944464.563000,13.855410,660
509513.775600,6944464.268000,13.908119,660
509513.371500,6944463.974000,14.049523,660
509512.967300,6944463.679000,14.199760,660
509512.687800,6944463.476000,14.300000,660
509512.563200,6944463.385000,14.350474,660
509512.159000,6944463.091000,14.647096,660
509511.963500,6944462.948000,14.800000,660
509511.474300,6944462.592000,15.300000,660
509511.350700,6944462.502000,15.466632,660
509511.103900,6944462.322000,15.800000,660
509510.946600,6944462.208000,16.030753,660
509510.761500,6944462.073000,16.300000,660
509510.542400,6944461.913000,16.706206,660
509510.490400,6944461.875000,16.800000,660
509510.219000,6944461.678000,17.300000,660
509510.138300,6944461.619000,17.435948,660
509509.885900,6944461.435000,17.800000,660
509509.734200,6944461.324000,18.010255,660
509509.377900,6944461.065000,18.300000,660
509509.330000,6944461.030000,18.329839,660
509508.925900,6944460.736000,18.567066,660
509508.529600,6944460.447000,18.800000,660
509508.521700,6944460.441000,18.804072,660
509508.402800,6944460.355000,18.800000,660
509508.117600,6944460.147000,18.789784,660
509507.713400,6944459.852000,18.766419,660
509507.309300,6944459.558000,18.743165,660
509506.905100,6944459.264000,18.637305,660
509506.501000,6944458.969000,18.489121,660
509506.096800,6944458.675000,18.345374,660
509505.987800,6944458.595000,18.300000,660
509505.692700,6944458.380000,18.161743,660
509505.288500,6944458.086000,17.927580,660
509505.070300,6944457.927000,17.800000,660
509504.884400,6944457.792000,17.690648,660
509504.480300,6944457.497000,17.437653,660
509504.316900,6944457.378000,17.300000,660
509504.076100,6944457.203000,17.067576,660
509503.817300,6944457.014000,16.800000,660
509503.672000,6944456.909000,16.649720,660
509503.347700,6944456.672000,16.300000,660
509503.267800,6944456.614000,16.214657,660
509502.963700,6944456.393000,15.800000,660
509502.863700,6944456.320000,15.661684,660
509502.626200,6944456.147000,15.300000,660
509502.459500,6944456.025000,15.069390,660
509502.268000,6944455.886000,14.800000,660
509502.055400,6944455.731000,14.534579,660
509501.859200,6944455.588000,14.300000,660
509501.651200,6944455.437000,14.070258,660
509501.390900,6944455.247000,13.800000,660
509501.247100,6944455.142000,13.692117,660
509500.842900,6944454.848000,13.381852,660
509500.725500,6944454.762000,13.300000,660
509500.438800,6944454.553000,13.102895,660
509500.034600,6944454.259000,13.005654,660
509499.630500,6944453.965000,12.920270,660
509499.226400,6944453.670000,12.818829,660
509498.822200,6944453.376000,12.933937,660
509498.418100,6944453.081000,13.086464,660
509498.013900,6944452.787000,13.253359,660
509497.925700,6944452.723000,13.300000,660
509497.609800,6944452.493000,13.473313,660
509497.205600,6944452.198000,13.755410,660
509497.142300,6944452.152000,13.800000,660
509496.801500,6944451.904000,14.132181,660
509496.617000,6944451.769000,14.300000,660
509496.397300,6944451.609000,14.520550,660
509496.035700,6944451.346000,14.800000,660
509495.993200,6944451.315000,14.833563,660
509495.589000,6944451.021000,15.149155,660
509495.386000,6944450.873000,15.300000,660
509495.184900,6944450.726000,15.452927,660
509494.780700,6944450.432000,15.563505,660
509493.972500,6944449.843000,15.681266,660
509493.568300,6944449.549000,15.616380,660
509493.164200,6944449.254000,15.451245,660
509492.786600,6944448.979000,15.300000,660
509492.760000,6944448.960000,15.289604,660
509492.355900,6944448.666000,15.095487,660
509491.951700,6944448.371000,14.819127,660
509491.924300,6944448.351000,14.800000,660
509491.547600,6944448.077000,14.546447,660
509491.177000,6944447.807000,14.300000,660
509491.143400,6944447.782000,14.278470,660
509490.739300,6944447.488000,13.993742,660
509490.466300,6944447.289000,13.800000,660
509490.335100,6944447.194000,13.721089,660
509489.931000,6944446.899000,13.476275,660
509489.632800,6944446.682000,13.300000,660
509489.526800,6944446.605000,13.238449,660
509489.122700,6944446.310000,13.002468,660
509488.780400,6944446.061000,12.800000,660
509488.718600,6944446.016000,12.771365,660
509488.314400,6944445.722000,12.610450,660
509487.910300,6944445.427000,12.478252,660
509487.506100,6944445.133000,12.349319,660
509487.352300,6944445.021000,12.300000,660
509487.102000,6944444.838000,12.223877,660
509525.900000,6944473.100000,19.893155,660
509525.669900,6944472.932000,19.800000,660
509525.315700,6944472.674000,19.300000,665
509525.091700,6944472.511000,19.119199,665
509524.740900,6944472.256000,18.800000,665
509524.687600,6944472.217000,18.745510,665
509524.443200,6944472.039000,18.300000,665
509524.298900,6944471.934000,17.800000,665
509524.283400,6944471.922000,17.751037,665
509524.166000,6944471.837000,17.300000,665
509524.053900,6944471.755000,16.800000,665
509523.941800,6944471.674000,16.300000,665
509523.879300,6944471.628000,16.118999,665
509523.772700,6944471.550000,15.800000,665
509523.583900,6944471.413000,15.300000,665
509523.475100,6944471.334000,15.093683,665
509523.303400,6944471.209000,14.800000,665
509523.071000,6944471.039000,14.508265,665
509522.861400,6944470.887000,14.300000,665
509522.666800,6944470.745000,14.124951,665
509522.305700,6944470.482000,13.800000,665
509522.262700,6944470.450000,13.775550,665
509521.858500,6944470.156000,13.558345,665
509521.454400,6944469.862000,13.490936,665
509521.050200,6944469.567000,13.424463,665
509520.646100,6944469.273000,13.358481,665
509520.242000,6944468.979000,13.362032,665
509519.837800,6944468.684000,13.387626,665
509519.433700,6944468.390000,13.413409,665
509519.029500,6944468.095000,13.446352,665
509518.625400,6944467.801000,13.487786,665
509518.221200,6944467.507000,13.529414,665
509517.817100,6944467.212000,13.569327,665
509517.412900,6944466.918000,13.591831,665
509517.008800,6944466.623000,13.615039,665
509516.604600,6944466.329000,13.639108,665
509516.200500,6944466.035000,13.647064,665
509515.796300,6944465.740000,13.650652,665
509515.392200,6944465.446000,13.653768,665
509514.988100,6944465.151000,13.661240,665
509514.583900,6944464.857000,13.675108,665
509514.179800,6944464.563000,13.689178,665
509513.775600,6944464.268000,13.719992,665
509513.414600,6944464.005000,13.800000,665
509513.371500,6944463.974000,13.814436,665
509512.967300,6944463.679000,13.962368,665
509512.563200,6944463.385000,14.097805,665
509512.266000,6944463.169000,14.300000,665
509512.159000,6944463.091000,14.378458,665
509511.754900,6944462.796000,14.694133,665
509511.619600,6944462.698000,14.800000,665
509511.350700,6944462.502000,15.074664,665
509511.134300,6944462.344000,15.300000,665
509510.946600,6944462.208000,15.553125,665
509510.762500,6944462.073000,15.800000,665
509510.542400,6944461.913000,16.119094,665
509510.416000,6944461.821000,16.300000,665
509510.138300,6944461.619000,16.792916,665
509510.133800,6944461.615000,16.800000,665
509509.813100,6944461.382000,17.300000,665
509509.734200,6944461.324000,17.413350,665
509509.330000,6944461.030000,17.741961,665
509509.259100,6944460.978000,17.800000,665
509508.925900,6944460.736000,18.077983,665
509508.632200,6944460.522000,18.300000,665
509508.521700,6944460.441000,18.367242,665
509508.117600,6944460.147000,18.376240,665
509507.713400,6944459.852000,18.367603,665
509507.309300,6944459.558000,18.358910,665
509507.065600,6944459.381000,18.300000,665
509506.905100,6944459.264000,18.256359,665
509506.501000,6944458.969000,18.095928,665
509506.096800,6944458.675000,17.940869,665
509505.788900,6944458.451000,17.800000,665
509505.692700,6944458.380000,17.755977,665
509505.288500,6944458.086000,17.515699,665
509504.917500,6944457.816000,17.300000,665
509504.884400,6944457.792000,17.279142,665
509504.480300,6944457.497000,16.996501,665
509504.279500,6944457.351000,16.800000,665
509504.076100,6944457.203000,16.599655,665
509503.788700,6944456.994000,16.300000,665
509503.672000,6944456.909000,16.176328,665
509503.320500,6944456.653000,15.800000,665
509503.267800,6944456.614000,15.743385,665
509502.946300,6944456.380000,15.300000,665
509502.863700,6944456.320000,15.197204,665
509502.575500,6944456.110000,14.800000,665
509502.459500,6944456.025000,14.660417,665
509502.170700,6944455.815000,14.300000,665
509502.055400,6944455.731000,14.169114,665
509501.723900,6944455.489000,13.800000,665
509501.651200,6944455.437000,13.740783,665
509501.247100,6944455.142000,13.434342,665
509501.072700,6944455.015000,13.300000,665
509500.842900,6944454.848000,13.129121,665
509500.438800,6944454.553000,12.845451,665
509500.261000,6944454.424000,12.800000,665
509500.034600,6944454.259000,12.759246,665
509499.630500,6944453.965000,12.697798,665
509499.226400,6944453.670000,12.624752,665
509498.822200,6944453.376000,12.700578,665
509498.418100,6944453.081000,12.797688,665
509498.409900,6944453.076000,12.800000,665
509498.013900,6944452.787000,12.967298,665
509497.609800,6944452.493000,13.179298,665
509497.430500,6944452.362000,13.300000,665
509497.205600,6944452.198000,13.456138,665
509496.801500,6944451.904000,13.739145,665
509496.710900,6944451.838000,13.800000,665
509496.397300,6944451.609000,14.084743,665
509496.094600,6944451.389000,14.300000,665
509495.993200,6944451.315000,14.378653,665
509495.589000,6944451.021000,14.686299,665
509495.432000,6944450.906000,14.800000,665
509495.184900,6944450.726000,14.984235,665
509494.780700,6944450.432000,15.100193,665
509494.376600,6944450.138000,15.166060,665
509493.972500,6944449.843000,15.232288,665
509493.568300,6944449.549000,15.175703,665
509493.164200,6944449.254000,15.019738,665
509492.760000,6944448.960000,14.866543,665
509492.614400,6944448.854000,14.800000,665
509492.355900,6944448.666000,14.685877,665
509491.951700,6944448.371000,14.420363,665
509491.768000,6944448.237000,14.300000,665
509491.547600,6944448.077000,14.160786,665
509491.143400,6944447.782000,13.906068,665
509490.991300,6944447.672000,13.800000,665
509490.739300,6944447.488000,13.653003,665
509490.335100,6944447.194000,13.410203,665
509490.152200,6944447.060000,13.300000,665
509489.931000,6944446.899000,13.170151,665
509489.526800,6944446.605000,12.935277,665
509489.298900,6944446.439000,12.800000,665
509489.122700,6944446.310000,12.716948,665
509488.718600,6944446.016000,12.529534,665
509488.314400,6944445.722000,12.361847,665
509488.126300,6944445.585000,12.300000,665
509487.910300,6944445.427000,12.232757,665
509487.506100,6944445.133000,12.107535,665
509487.102000,6944444.838000,11.981989,665
509525.900000,6944473.100000,19.669992,665
509525.495900,6944472.806000,19.415289,665
509525.495900,6944472.806000,19.129812,670
509525.127100,6944472.537000,18.800000,670
509525.091700,6944472.511000,18.763565,670
509524.687600,6944472.217000,18.342265,670
509524.664400,6944472.200000,18.300000,670
509524.497800,6944472.079000,17.800000,670
509524.334900,6944471.960000,17.300000,670
509524.283400,6944471.922000,17.115450,670
509524.208400,6944471.868000,16.800000,670
509524.086500,6944471.779000,16.300000,670
509523.912600,6944471.652000,15.800000,670
509523.879300,6944471.628000,15.715289,670
509523.720100,6944471.512000,15.300000,670
509523.475100,6944471.334000,14.835151,670
509523.454600,6944471.319000,14.800000,670
509523.071000,6944471.039000,14.318547,670
509523.052300,6944471.026000,14.300000,670
509522.666800,6944470.745000,13.953156,670
509522.496600,6944470.621000,13.800000,670
509522.262700,6944470.450000,13.666959,670
509521.858500,6944470.156000,13.449648,670
509521.454400,6944469.862000,13.383698,670
509521.050200,6944469.567000,13.318351,670
509520.937400,6944469.485000,13.300000,670
509520.646100,6944469.273000,13.253008,670
509520.242000,6944468.979000,13.256527,670
509519.837800,6944468.684000,13.281959,670
509519.550800,6944468.475000,13.300000,670
509519.433700,6944468.390000,13.307390,670
509519.029500,6944468.095000,13.339505,670
509518.625400,6944467.801000,13.379734,670
509518.221200,6944467.507000,13.420022,670
509517.817100,6944467.212000,13.458081,670
509517.412900,6944466.918000,13.478277,670
509517.008800,6944466.623000,13.498884,670
509516.604600,6944466.329000,13.520048,670
509516.200500,6944466.035000,13.523387,670
509515.796300,6944465.740000,13.522346,670
509515.392200,6944465.446000,13.521008,670
509514.988100,6944465.151000,13.523630,670
509514.583900,6944464.857000,13.531392,670
509514.179800,6944464.563000,13.539278,670
509513.775600,6944464.268000,13.564158,670
509513.371500,6944463.974000,13.650625,670
509512.967300,6944463.679000,13.747287,670
509512.717700,6944463.498000,13.800000,670
509512.563200,6944463.385000,13.848714,670
509512.159000,6944463.091000,14.123317,670
509511.914600,6944462.913000,14.300000,670
509511.754900,6944462.796000,14.424683,670
509511.350700,6944462.502000,14.740633,670
509511.278300,6944462.449000,14.800000,670
509510.946600,6944462.208000,15.146670,670
509510.800900,6944462.101000,15.300000,670
509510.542400,6944461.913000,15.645594,670
509510.424400,6944461.827000,15.800000,670
509510.138300,6944461.619000,16.207499,670
509510.061800,6944461.563000,16.300000,670
509509.741600,6944461.330000,16.800000,670
509509.734200,6944461.324000,16.811516,670
509509.330000,6944461.030000,17.197852,670
509509.220800,6944460.950000,17.300000,670
509508.925900,6944460.736000,17.543221,670
509508.608700,6944460.505000,17.800000,670
509508.521700,6944460.441000,17.868329,670
509508.117600,6944460.147000,17.899078,670
509507.309300,6944459.558000,17.918486,670
509506.905100,6944459.264000,17.823990,670
509506.840500,6944459.217000,17.800000,670
509506.501000,6944458.969000,17.673406,670
509506.096800,6944458.675000,17.522386,670
509505.692700,6944458.380000,17.344783,670
509505.617800,6944458.326000,17.300000,670
509505.288500,6944458.086000,17.088832,670
509504.884400,6944457.792000,16.829672,670
509504.842200,6944457.761000,16.800000,670
509504.480300,6944457.497000,16.545567,670
509504.232000,6944457.316000,16.300000,670
509504.076100,6944457.203000,16.145575,670
509503.751700,6944456.967000,15.800000,670
509503.672000,6944456.909000,15.717062,670
509503.286900,6944456.628000,15.300000,670
509503.267800,6944456.614000,15.282116,670
509502.880200,6944456.332000,14.800000,670
509502.863700,6944456.320000,14.781931,670
509502.464100,6944456.029000,14.300000,670
509502.459500,6944456.025000,14.294856,670
509502.055400,6944455.731000,13.835745,670
509502.023300,6944455.708000,13.800000,670
509501.651200,6944455.437000,13.496834,670
509501.397600,6944455.252000,13.300000,670
509501.247100,6944455.142000,13.185320,670
509500.842900,6944454.848000,12.880218,670
509500.729300,6944454.765000,12.800000,670
509500.438800,6944454.553000,12.652000,670
509500.034600,6944454.259000,12.577975,670
509499.630500,6944453.965000,12.510422,670
509499.226400,6944453.670000,12.436634,670
509498.822200,6944453.376000,12.507023,670
509498.418100,6944453.081000,12.605206,670
509498.013900,6944452.787000,12.716889,670
509497.781600,6944452.618000,12.800000,670
509497.609800,6944452.493000,12.889105,670
509497.205600,6944452.198000,13.156286,670
509496.992100,6944452.043000,13.300000,670
509496.801500,6944451.904000,13.431434,670
509496.397300,6944451.609000,13.700960,670
509496.208300,6944451.472000,13.800000,670
509495.993200,6944451.315000,13.951403,670
509495.589000,6944451.021000,14.239241,670
509495.500000,6944450.956000,14.300000,670
509495.184900,6944450.726000,14.528570,670
509494.780700,6944450.432000,14.647023,670
509494.376600,6944450.138000,14.717730,670
509493.972500,6944449.843000,14.788132,670
509493.568300,6944449.549000,14.739833,670
509493.164200,6944449.254000,14.592975,670
509492.760000,6944448.960000,14.449608,670
509492.410500,6944448.705000,14.300000,670
509492.355900,6944448.666000,14.277715,670
509491.951700,6944448.371000,14.030275,670
509491.585500,6944448.104000,13.800000,670
509491.547600,6944448.077000,13.780656,670
509491.143400,6944447.782000,13.577757,670
509490.739300,6944447.488000,13.341295,670
509490.670500,6944447.438000,13.300000,670
509490.335100,6944447.194000,13.100033,670
509489.931000,6944446.899000,12.867073,670
509489.815600,6944446.815000,12.800000,670
509489.526800,6944446.605000,12.667250,670
509489.122700,6944446.310000,12.476170,670
509488.744800,6944446.035000,12.300000,670
509488.718600,6944446.016000,12.288292,670
509488.314400,6944445.722000,12.125253,670
509487.910300,6944445.427000,11.997309,670
509487.506100,6944445.133000,11.868920,670
509487.288500,6944444.974000,11.800000,670
509487.102000,6944444.838000,11.752468,670
509525.900000,6944473.100000,19.426814,670
509525.711200,6944472.962000,19.300000,670
509525.447000,6944472.770000,18.800000,675
509525.091700,6944472.511000,18.434648,675
509524.964900,6944472.419000,18.300000,675
509524.700400,6944472.226000,17.800000,675
509524.687600,6944472.217000,17.776795,675
509524.516200,6944472.092000,17.300000,675
509524.370000,6944471.986000,16.800000,675
509524.283400,6944471.922000,16.506034,675
509524.231200,6944471.884000,16.300000,675
509524.052400,6944471.754000,15.800000,675
509523.879300,6944471.628000,15.359804,675
509523.856300,6944471.611000,15.300000,675
509523.591200,6944471.418000,14.800000,675
509523.475100,6944471.334000,14.635933,675
509523.207500,6944471.139000,14.300000,675
509523.071000,6944471.039000,14.144969,675
509522.687600,6944470.760000,13.800000,675
509522.666800,6944470.745000,13.787932,675
509522.262700,6944470.450000,13.558367,675
509521.858500,6944470.156000,13.340950,675
509521.603200,6944469.970000,13.300000,675
509521.454400,6944469.862000,13.276420,675
509521.050200,6944469.567000,13.212061,675
509520.646100,6944469.273000,13.147704,675
509520.242000,6944468.979000,13.151208,675
509519.837800,6944468.684000,13.176287,675
509519.433700,6944468.390000,13.201369,675
509519.029500,6944468.095000,13.232719,675
509518.625400,6944467.801000,13.271642,675
509518.330500,6944467.586000,13.300000,675
509518.221200,6944467.507000,13.310629,675
509517.817100,6944467.212000,13.346836,675
509517.412900,6944466.918000,13.364723,675
509517.008800,6944466.623000,13.382729,675
509516.604600,6944466.329000,13.400987,675
509516.200500,6944466.035000,13.399709,675
509515.796300,6944465.740000,13.394041,675
509515.392200,6944465.446000,13.388249,675
509514.988100,6944465.151000,13.386021,675
509514.583900,6944464.857000,13.387675,675
509514.179800,6944464.563000,13.389378,675
509513.775600,6944464.268000,13.408324,675
509513.371500,6944463.974000,13.491478,675
509512.967300,6944463.679000,13.580493,675
509512.563200,6944463.385000,13.663080,675
509512.267600,6944463.170000,13.800000,675
509512.159000,6944463.091000,13.873744,675
509511.754900,6944462.796000,14.165842,675
509511.568800,6944462.661000,14.300000,675
509511.350700,6944462.502000,14.470231,675
509510.948500,6944462.209000,14.800000,675
509510.946600,6944462.208000,14.801962,675
509510.542400,6944461.913000,15.228877,675
509510.474800,6944461.864000,15.300000,675
509510.138300,6944461.619000,15.739068,675
509510.085400,6944461.580000,15.800000,675
509509.734200,6944461.324000,16.225644,675
509509.642600,6944461.258000,16.300000,675
509509.330000,6944461.030000,16.616778,675
509509.135300,6944460.888000,16.800000,675
509508.925900,6944460.736000,16.999948,675
509508.591900,6944460.492000,17.300000,675
509508.521700,6944460.441000,17.357721,675
509508.117600,6944460.147000,17.406661,675
509507.713400,6944459.852000,17.436273,675
509507.309300,6944459.558000,17.465786,675
509506.905100,6944459.264000,17.381839,675
509506.675400,6944459.096000,17.300000,675
509506.501000,6944458.969000,17.237930,675
509506.096800,6944458.675000,17.093532,675
509505.692700,6944458.380000,16.908441,675
509505.524100,6944458.258000,16.800000,675
509505.288500,6944458.086000,16.648772,675
509504.884400,6944457.792000,16.385941,675
509504.763300,6944457.703000,16.300000,675
509504.480300,6944457.497000,16.116213,675
509504.168600,6944457.270000,15.800000,675
509504.076100,6944457.203000,15.706494,675
509503.691300,6944456.923000,15.300000,675
509503.672000,6944456.909000,15.281672,675
509503.267800,6944456.614000,14.901398,675
509503.186300,6944456.555000,14.800000,675
509502.863700,6944456.320000,14.447052,675
509502.741700,6944456.231000,14.300000,675
509502.459500,6944456.025000,13.982510,675
509502.299600,6944455.909000,13.800000,675
509502.055400,6944455.731000,13.587264,675
509501.651200,6944455.437000,13.253980,675
509501.247100,6944455.142000,12.945823,675
509501.055800,6944455.003000,12.800000,675
509500.842900,6944454.848000,12.680851,675
509500.438800,6944454.553000,12.472269,675
509500.034600,6944454.259000,12.396704,675
509499.630500,6944453.965000,12.323047,675
509499.505200,6944453.873000,12.300000,675
509499.226400,6944453.670000,12.251824,675
509498.904100,6944453.435000,12.300000,675
509498.822200,6944453.376000,12.313467,675
509498.418100,6944453.081000,12.412724,675
509498.013900,6944452.787000,12.516702,675
509497.609800,6944452.493000,12.658714,675
509497.291000,6944452.260000,12.800000,675
509497.205600,6944452.198000,12.855804,675
509496.801500,6944451.904000,13.123312,675
509496.529200,6944451.706000,13.300000,675
509496.397300,6944451.609000,13.387052,675
509495.993200,6944451.315000,13.599319,675
509495.611600,6944451.037000,13.800000,675
509495.589000,6944451.021000,13.816041,675
509495.184900,6944450.726000,14.099878,675
509494.780700,6944450.432000,14.205951,675
509494.376600,6944450.138000,14.275396,675
509494.236100,6944450.035000,14.300000,675
509493.972500,6944449.843000,14.348178,675
509493.568300,6944449.549000,14.305787,675
509493.551500,6944449.536000,14.300000,675
509493.164200,6944449.254000,14.174849,675
509492.760000,6944448.960000,14.049356,675
509492.355900,6944448.666000,13.881340,675
509492.219700,6944448.566000,13.800000,675
509491.951700,6944448.371000,13.670077,675
509491.547600,6944448.077000,13.466909,675
509491.210700,6944447.831000,13.300000,675
509491.143400,6944447.782000,13.267637,675
509490.739300,6944447.488000,13.030499,675
509490.351600,6944447.206000,12.800000,675
509490.335100,6944447.194000,12.792641,675
509489.931000,6944446.899000,12.615539,675
509489.526800,6944446.605000,12.427541,675
509489.258200,6944446.409000,12.300000,675
509489.122700,6944446.310000,12.239099,675
509488.718600,6944446.016000,12.058068,675
509488.314400,6944445.722000,11.892637,675
509488.027100,6944445.512000,11.800000,675
509487.910300,6944445.427000,11.769467,675
509487.506100,6944445.133000,11.664929,675
509487.102000,6944444.838000,11.560522,675
509525.900000,6944473.100000,19.172513,675
509525.495900,6944472.806000,18.843678,675
509525.495900,6944472.806000,18.532933,680
509525.271200,6944472.642000,18.300000,680
509525.091700,6944472.511000,18.002674,680
509524.979400,6944472.429000,17.800000,680
509524.700800,6944472.226000,17.300000,680
509524.687600,6944472.217000,17.270792,680
509524.538400,6944472.108000,16.800000,680
509524.385600,6944471.997000,16.300000,680
509524.283400,6944471.922000,16.052603,680
509524.192100,6944471.856000,15.800000,680
509523.992300,6944471.710000,15.300000,680
509523.879300,6944471.628000,15.089676,680
509523.725400,6944471.516000,14.800000,680
509523.475100,6944471.334000,14.446050,680
509523.358800,6944471.249000,14.300000,680
509523.071000,6944471.039000,13.973140,680
509522.878500,6944470.899000,13.800000,680
509522.666800,6944470.745000,13.676699,680
509522.262700,6944470.450000,13.449776,680
509521.984300,6944470.248000,13.300000,680
509521.858500,6944470.156000,13.232482,680
509521.454400,6944469.862000,13.168996,680
509521.050200,6944469.567000,13.105734,680
509520.646100,6944469.273000,13.042400,680
509520.242000,6944468.979000,13.045890,680
509519.837800,6944468.684000,13.070616,680
509519.433700,6944468.390000,13.095348,680
509519.029500,6944468.095000,13.125968,680
509518.625400,6944467.801000,13.163434,680
509518.221200,6944467.507000,13.201111,680
509517.817100,6944467.212000,13.235740,680
509517.412900,6944466.918000,13.251147,680
509517.008800,6944466.623000,13.266562,680
509516.604600,6944466.329000,13.281977,680
509516.200500,6944466.035000,13.276159,680
509515.796300,6944465.740000,13.265942,680
509515.392200,6944465.446000,13.255721,680
509514.988100,6944465.151000,13.248606,680
509514.583900,6944464.857000,13.244113,680
509514.179800,6944464.563000,13.239477,680
509513.775600,6944464.268000,13.252500,680
509513.533100,6944464.092000,13.300000,680
509513.371500,6944463.974000,13.332330,680
509512.967300,6944463.679000,13.413698,680
509512.563200,6944463.385000,13.492875,680
509512.159000,6944463.091000,13.679766,680
509511.915600,6944462.913000,13.800000,680
509511.754900,6944462.796000,13.916137,680
509511.350700,6944462.502000,14.207859,680
509511.228500,6944462.413000,14.300000,680
509510.946600,6944462.208000,14.531013,680
509510.628900,6944461.976000,14.800000,680
509510.542400,6944461.913000,14.891372,680
509510.154100,6944461.630000,15.300000,680
509510.138300,6944461.619000,15.320571,680
509509.734200,6944461.324000,15.785896,680
509509.715700,6944461.311000,15.800000,680
509509.330000,6944461.030000,16.114029,680
509509.102800,6944460.864000,16.300000,680
509508.925900,6944460.736000,16.469869,680
509508.566300,6944460.474000,16.800000,680
509508.521700,6944460.441000,16.841208,680
509508.117600,6944460.147000,16.910545,680
509507.713400,6944459.852000,16.959041,680
509507.309300,6944459.558000,17.007463,680
509506.905100,6944459.264000,16.933296,680
509506.514200,6944458.979000,16.800000,680
509506.501000,6944458.969000,16.795558,680
509506.096800,6944458.675000,16.655865,680
509505.692700,6944458.380000,16.475369,680
509505.424000,6944458.185000,16.300000,680
509505.288500,6944458.086000,16.217328,680
509504.884400,6944457.792000,15.972435,680
509504.618400,6944457.598000,15.800000,680
509504.480300,6944457.497000,15.713714,680
509504.076100,6944457.203000,15.302340,680
509504.073900,6944457.201000,15.300000,680
509503.672000,6944456.909000,14.918617,680
509503.547400,6944456.818000,14.800000,680
509503.267800,6944456.614000,14.559950,680
509503.030900,6944456.442000,14.300000,680
509502.863700,6944456.320000,14.125917,680
509502.574100,6944456.109000,13.800000,680
509502.459500,6944456.025000,13.701364,680
509502.055400,6944455.731000,13.348978,680
509501.651200,6944455.437000,13.015694,680
509501.369000,6944455.231000,12.800000,680
509501.247100,6944455.142000,12.732068,680
509500.842900,6944454.848000,12.505041,680
509500.452700,6944454.564000,12.300000,680
509500.438800,6944454.553000,12.293061,680
509500.034600,6944454.259000,12.220692,680
509499.630500,6944453.965000,12.148220,680
509499.226400,6944453.670000,12.075793,680
509498.822200,6944453.376000,12.133092,680
509498.418100,6944453.081000,12.224176,680
509498.081000,6944452.836000,12.300000,680
509498.013900,6944452.787000,12.316516,680
509497.609800,6944452.493000,12.454821,680
509497.205600,6944452.198000,12.633014,680
509496.824100,6944451.920000,12.800000,680
509496.801500,6944451.904000,12.814884,680
509496.397300,6944451.609000,13.074424,680
509495.993200,6944451.315000,13.286366,680
509495.966000,6944451.295000,13.300000,680
509495.589000,6944451.021000,13.494382,680
509495.184900,6944450.726000,13.713084,680
509494.780700,6944450.432000,13.788577,680
509494.694900,6944450.369000,13.800000,680
509494.376600,6944450.138000,13.853991,680
509493.972500,6944449.843000,13.931678,680
509493.568300,6944449.549000,13.886702,680
509493.276500,6944449.336000,13.800000,680
509493.164200,6944449.254000,13.773466,680
509492.760000,6944448.960000,13.678023,680
509492.355900,6944448.666000,13.543245,680
509491.951700,6944448.371000,13.348485,680
509491.853300,6944448.299000,13.300000,680
509491.547600,6944448.077000,13.153951,680
509491.143400,6944447.782000,12.962833,680
509490.870900,6944447.584000,12.800000,680
509490.739300,6944447.488000,12.739708,680
509490.335100,6944447.194000,12.558715,680
509489.931000,6944446.899000,12.378654,680
509489.763200,6944446.777000,12.300000,680
509489.526800,6944446.605000,12.195080,680
509489.122700,6944446.310000,12.012139,680
509488.718600,6944446.016000,11.827844,680
509488.650900,6944445.967000,11.800000,680
509488.314400,6944445.722000,11.687213,680
509487.910300,6944445.427000,11.580980,680
509487.506100,6944445.133000,11.475000,680
509487.102000,6944444.838000,11.368576,680
509525.900000,6944473.100000,18.906091,680
509525.770800,6944473.006000,18.800000,680
509525.495900,6944472.806000,18.190314,685
509525.249900,6944472.626000,17.800000,685
509525.091700,6944472.511000,17.555430,685
509524.941500,6944472.402000,17.300000,685
509524.713300,6944472.236000,16.800000,685
509524.687600,6944472.217000,16.743230,685
509524.545500,6944472.113000,16.300000,685
509524.336200,6944471.961000,15.800000,685
509524.283400,6944471.922000,15.683483,685
509524.128200,6944471.809000,15.300000,685
509523.879300,6944471.628000,14.836813,685
509523.859700,6944471.614000,14.800000,685
509523.506500,6944471.357000,14.300000,685
509523.475100,6944471.334000,14.258945,685
509523.071000,6944471.039000,13.801311,685
509523.069500,6944471.038000,13.800000,685
509522.666800,6944470.745000,13.565467,685
509522.262700,6944470.450000,13.341185,685
509522.186100,6944470.395000,13.300000,685
509521.858500,6944470.156000,13.124153,685
509521.454400,6944469.862000,13.061573,685
509521.050200,6944469.567000,12.999408,685
509520.646100,6944469.273000,12.937095,685
509520.242000,6944468.979000,12.940572,685
509519.837800,6944468.684000,12.964945,685
509519.433700,6944468.390000,12.989326,685
509519.029500,6944468.095000,13.019218,685
509518.625400,6944467.801000,13.055226,685
509518.221200,6944467.507000,13.091579,685
509517.817100,6944467.212000,13.124754,685
509517.412900,6944466.918000,13.137540,685
509517.008800,6944466.623000,13.150366,685
509516.604600,6944466.329000,13.163246,685
509516.200500,6944466.035000,13.153140,685
509515.796300,6944465.740000,13.138410,685
509515.392200,6944465.446000,13.123655,685
509514.988100,6944465.151000,13.111515,685
509514.583900,6944464.857000,13.100793,685
509514.179800,6944464.563000,13.089577,685
509513.775600,6944464.268000,13.096702,685
509513.371500,6944463.974000,13.172509,685
509512.967300,6944463.679000,13.247088,685
509512.682400,6944463.472000,13.300000,685
509512.563200,6944463.385000,13.322669,685
509512.159000,6944463.091000,13.509106,685
509511.754900,6944462.796000,13.708758,685
509511.570900,6944462.662000,13.800000,685
509511.350700,6944462.502000,13.959134,685
509510.946600,6944462.208000,14.264744,685
509510.901300,6944462.175000,14.300000,685
509510.542400,6944461.913000,14.606645,685
509510.312200,6944461.745000,14.800000,685
509510.138300,6944461.619000,14.983380,685
509509.798300,6944461.371000,15.300000,685
509509.734200,6944461.324000,15.373882,685
509509.330000,6944461.030000,15.686515,685
509509.182400,6944460.922000,15.800000,685
509508.925900,6944460.736000,16.012158,685
509508.559000,6944460.468000,16.300000,685
509508.521700,6944460.441000,16.334481,685
509508.117600,6944460.147000,16.426180,685
509507.713400,6944459.852000,16.490341,685
509507.309300,6944459.558000,16.550896,685
509506.905100,6944459.264000,16.487867,685
509506.501000,6944458.969000,16.352807,685
509506.346700,6944458.857000,16.300000,685
509506.096800,6944458.675000,16.226413,685
509505.692700,6944458.380000,16.070052,685
509505.288500,6944458.086000,15.814280,685
509505.265100,6944458.069000,15.800000,685
509504.884400,6944457.792000,15.577395,685
509504.480300,6944457.497000,15.322051,685
509504.458600,6944457.482000,15.300000,685
509504.076100,6944457.203000,14.942800,685
509503.926100,6944457.094000,14.800000,685
509503.672000,6944456.909000,14.583226,685
509503.344400,6944456.670000,14.300000,685
509503.267800,6944456.614000,14.239388,685
509502.863700,6944456.320000,13.815544,685
509502.849900,6944456.310000,13.800000,685
509502.459500,6944456.025000,13.464076,685
509502.271500,6944455.888000,13.300000,685
509502.055400,6944455.731000,13.116192,685
509501.677500,6944455.456000,12.800000,685
509501.651200,6944455.437000,12.784012,685
509501.247100,6944455.142000,12.558386,685
509500.842900,6944454.848000,12.329231,685
509500.787300,6944454.807000,12.300000,685
509500.438800,6944454.553000,12.125926,685
509500.034600,6944454.259000,12.050694,685
509499.630500,6944453.965000,11.975154,685
509499.226400,6944453.670000,11.899762,685
509498.822200,6944453.376000,11.953703,685
509498.418100,6944453.081000,12.041187,685
509498.013900,6944452.787000,12.128951,685
509497.609800,6944452.493000,12.254293,685
509497.497300,6944452.411000,12.300000,685
509497.205600,6944452.198000,12.427942,685
509496.801500,6944451.904000,12.601866,685
509496.397300,6944451.609000,12.774142,685
509496.326800,6944451.558000,12.800000,685
509495.993200,6944451.315000,12.976855,685
509495.589000,6944451.021000,13.177400,685
509495.343000,6944450.841000,13.300000,685
509495.184900,6944450.726000,13.382435,685
509494.780700,6944450.432000,13.458091,685
509494.376600,6944450.138000,13.511936,685
509493.972500,6944449.843000,13.570369,685
509493.568300,6944449.549000,13.537037,685
509493.164200,6944449.254000,13.440612,685
509492.760000,6944448.960000,13.342091,685
509492.624000,6944448.861000,13.300000,685
509492.355900,6944448.666000,13.222221,685
509491.951700,6944448.371000,13.027992,685
509491.547600,6944448.077000,12.841890,685
509491.457200,6944448.011000,12.800000,685
509491.143400,6944447.782000,12.689747,685
509490.739300,6944447.488000,12.506048,685
509490.335100,6944447.194000,12.324790,685
509490.279800,6944447.153000,12.300000,685
509489.931000,6944446.899000,12.150771,685
509489.526800,6944446.605000,11.970861,685
509489.154600,6944446.334000,11.800000,685
509489.122700,6944446.310000,11.787967,685
509488.718600,6944446.016000,11.636954,685
509488.314400,6944445.722000,11.499786,685
509487.910300,6944445.427000,11.392492,685
509487.561900,6944445.174000,11.300000,685
509487.506100,6944445.133000,11.287231,685
509487.102000,6944444.838000,11.195083,685
509525.900000,6944473.100000,18.625121,685
509525.572300,6944472.861000,18.300000,685
509525.514000,6944472.819000,17.800000,690
509525.495900,6944472.806000,17.774649,690
509525.180400,6944472.576000,17.300000,690
509525.091700,6944472.511000,17.121275,690
509524.939100,6944472.400000,16.800000,690
509524.710500,6944472.234000,16.300000,690
509524.687600,6944472.217000,16.260839,690
509524.488100,6944472.072000,15.800000,690
509524.283400,6944471.922000,15.347782,690
509524.264100,6944471.908000,15.300000,690
509523.994500,6944471.712000,14.800000,690
509523.879300,6944471.628000,14.635271,690
509523.642600,6944471.456000,14.300000,690
509523.475100,6944471.334000,14.081095,690
509523.226900,6944471.153000,13.800000,690
509523.071000,6944471.039000,13.684029,690
509522.666800,6944470.745000,13.454234,690
509522.387700,6944470.542000,13.300000,690
509522.262700,6944470.450000,13.230032,690
509521.858500,6944470.156000,13.015824,690
509521.454400,6944469.862000,12.954149,690
509521.050200,6944469.567000,12.893081,690
509520.646100,6944469.273000,12.831791,690
509520.242000,6944468.979000,12.835253,690
509519.837800,6944468.684000,12.859274,690
509519.433700,6944468.390000,12.883305,690
509519.029500,6944468.095000,12.912468,690
509518.625400,6944467.801000,12.947017,690
509518.221200,6944467.507000,12.982047,690
509517.817100,6944467.212000,13.013769,690
509517.412900,6944466.918000,13.023934,690
509517.008800,6944466.623000,13.034171,690
509516.604600,6944466.329000,13.044515,690
509516.200500,6944466.035000,13.030122,690
509515.796300,6944465.740000,13.010878,690
509515.392200,6944465.446000,12.991588,690
509514.988100,6944465.151000,12.974424,690
509514.583900,6944464.857000,12.957473,690
509514.179800,6944464.563000,12.939677,690
509513.775600,6944464.268000,12.940903,690
509513.371500,6944463.974000,13.012517,690
509512.967300,6944463.679000,13.080874,690
509512.563200,6944463.385000,13.152903,690
509512.242400,6944463.151000,13.300000,690
509512.159000,6944463.091000,13.338446,690
509511.754900,6944462.796000,13.538181,690
509511.350700,6944462.502000,13.738561,690
509511.237500,6944462.419000,13.800000,690
509510.946600,6944462.208000,14.023367,690
509510.591000,6944461.949000,14.300000,690
509510.542400,6944461.913000,14.341510,690
509510.138300,6944461.619000,14.686473,690
509509.987300,6944461.509000,14.800000,690
509509.734200,6944461.324000,15.039337,690
509509.330000,6944461.030000,15.289939,690
509509.314300,6944461.019000,15.300000,690
509508.925900,6944460.736000,15.607823,690
509508.666500,6944460.547000,15.800000,690
509508.521700,6944460.441000,15.916383,690
509508.117600,6944460.147000,16.002579,690
509507.713400,6944459.852000,16.066686,690
509507.309300,6944459.558000,16.127967,690
509506.905100,6944459.264000,16.076660,690
509506.501000,6944458.969000,15.960136,690
509506.096800,6944458.675000,15.845603,690
509505.982500,6944458.592000,15.800000,690
509505.692700,6944458.380000,15.689591,690
509505.288500,6944458.086000,15.442914,690
509505.055200,6944457.916000,15.300000,690
509504.884400,6944457.792000,15.208109,690
509504.480300,6944457.497000,14.975739,690
509504.294700,6944457.362000,14.800000,690
509504.076100,6944457.203000,14.622674,690
509503.711900,6944456.938000,14.300000,690
509503.672000,6944456.909000,14.267551,690
509503.267800,6944456.614000,13.944462,690
509503.130300,6944456.514000,13.800000,690
509502.863700,6944456.320000,13.589748,690
509502.536600,6944456.081000,13.300000,690
509502.459500,6944456.025000,13.233602,690
509502.055400,6944455.731000,12.884828,690
509501.954000,6944455.657000,12.800000,690
509501.651200,6944455.437000,12.615386,690
509501.247100,6944455.142000,12.384704,690
509501.097900,6944455.034000,12.300000,690
509500.842900,6944454.848000,12.162969,690
509500.438800,6944454.553000,11.958792,690
509500.034600,6944454.259000,11.880697,690
509499.630500,6944453.965000,11.802087,690
509499.619600,6944453.957000,11.800000,690
509499.226400,6944453.670000,11.737994,690
509498.822200,6944453.376000,11.779137,690
509498.696700,6944453.284000,11.800000,690
509498.418100,6944453.081000,11.858198,690
509498.013900,6944452.787000,11.942521,690
509497.609800,6944452.493000,12.064375,690
509497.205600,6944452.198000,12.226765,690
509497.021600,6944452.064000,12.300000,690
509496.801500,6944451.904000,12.393687,690
509496.397300,6944451.609000,12.560122,690
509495.993200,6944451.315000,12.704998,690
509495.715200,6944451.113000,12.800000,690
509495.589000,6944451.021000,12.861481,690
509495.184900,6944450.726000,13.054560,690
509494.780700,6944450.432000,13.128527,690
509494.376600,6944450.138000,13.184385,690
509493.972500,6944449.843000,13.236564,690
509493.568300,6944449.549000,13.207955,690
509493.164200,6944449.254000,13.109180,690
509492.760000,6944448.960000,13.017528,690
509492.355900,6944448.666000,12.907358,690
509492.136800,6944448.506000,12.800000,690
509491.951700,6944448.371000,12.731706,690
509491.547600,6944448.077000,12.594113,690
509491.143400,6944447.782000,12.453039,690
509490.801700,6944447.534000,12.300000,690
509490.739300,6944447.488000,12.273669,690
509490.335100,6944447.194000,12.100551,690
509489.931000,6944446.899000,11.927363,690
509489.645900,6944446.692000,11.800000,690
509489.526800,6944446.605000,11.756333,690
509489.122700,6944446.310000,11.603696,690
509488.718600,6944446.016000,11.451475,690
509488.314400,6944445.722000,11.312358,690
509488.268100,6944445.688000,11.300000,690
509487.910300,6944445.427000,11.217685,690
509487.506100,6944445.133000,11.124789,690
509487.102000,6944444.838000,11.031847,690
509525.900000,6944473.100000,18.334524,690
509525.865200,6944473.075000,18.300000,690
509525.495900,6944472.806000,17.419697,695
509525.416300,6944472.748000,17.300000,695
509525.163400,6944472.563000,16.800000,695
509525.091700,6944472.511000,16.662244,695
509524.916400,6944472.383000,16.300000,695
509524.687600,6944472.217000,15.909624,695
509524.640100,6944472.182000,15.800000,695
509524.411900,6944472.016000,15.300000,695
509524.283400,6944471.922000,15.085582,695
509524.129400,6944471.810000,14.800000,695
509523.879300,6944471.628000,14.442473,695
509523.778700,6944471.555000,14.300000,695
509523.475100,6944471.334000,13.903246,695
509523.383900,6944471.267000,13.800000,695
509523.071000,6944471.039000,13.567165,695
509522.666800,6944470.745000,13.343001,695
509522.589000,6944470.688000,13.300000,695
509522.262700,6944470.450000,13.117315,695
509521.858500,6944470.156000,12.907495,695
509521.454400,6944469.862000,12.846726,695
509521.140200,6944469.633000,12.800000,695
509521.050200,6944469.567000,12.789888,695
509520.646100,6944469.273000,12.743815,695
509520.242000,6944468.979000,12.746330,695
509519.837800,6944468.684000,12.764365,695
509519.433700,6944468.390000,12.782502,695
509519.110300,6944468.154000,12.800000,695
509519.029500,6944468.095000,12.805718,695
509518.625400,6944467.801000,12.838809,695
509518.221200,6944467.507000,12.872515,695
509517.817100,6944467.212000,12.902783,695
509517.412900,6944466.918000,12.910327,695
509517.008800,6944466.623000,12.917976,695
509516.604600,6944466.329000,12.925784,695
509516.200500,6944466.035000,12.907103,695
509515.796300,6944465.740000,12.883346,695
509515.392200,6944465.446000,12.859522,695
509514.988100,6944465.151000,12.837332,695
509514.583900,6944464.857000,12.814153,695
509514.344900,6944464.683000,12.800000,695
509514.179800,6944464.563000,12.792231,695
509513.775600,6944464.268000,12.788725,695
509513.684500,6944464.202000,12.800000,695
509513.371500,6944463.974000,12.852525,695
509512.967300,6944463.679000,12.914660,695
509512.563200,6944463.385000,12.983204,695
509512.159000,6944463.091000,13.168882,695
509511.891700,6944462.896000,13.300000,695
509511.754900,6944462.796000,13.367605,695
509511.350700,6944462.502000,13.567993,695
509510.946600,6944462.208000,13.787301,695
509510.924500,6944462.191000,13.800000,695
509510.542400,6944461.913000,14.102494,695
509510.294200,6944461.732000,14.300000,695
509510.138300,6944461.619000,14.433793,695
509509.734200,6944461.324000,14.738582,695
509509.616400,6944461.239000,14.800000,695
509509.330000,6944461.030000,14.983643,695
509508.925900,6944460.736000,15.242600,695
509508.832000,6944460.667000,15.300000,695
509508.521700,6944460.441000,15.532701,695
509508.117600,6944460.147000,15.617471,695
509507.713400,6944459.852000,15.682371,695
509507.309300,6944459.558000,15.746632,695
509506.905100,6944459.264000,15.698466,695
509506.501000,6944458.969000,15.590326,695
509506.096800,6944458.675000,15.482456,695
509505.692700,6944458.380000,15.325749,695
509505.650900,6944458.350000,15.300000,695
509505.288500,6944458.086000,15.102778,695
509504.884400,6944457.792000,14.883046,695
509504.745600,6944457.691000,14.800000,695
509504.480300,6944457.497000,14.663002,695
509504.076100,6944457.203000,14.328376,695
509504.044100,6944457.180000,14.300000,695
509503.672000,6944456.909000,13.997867,695
509503.433600,6944456.735000,13.800000,695
509503.267800,6944456.614000,13.691554,695
509502.863700,6944456.320000,13.368412,695
509502.786400,6944456.263000,13.300000,695
509502.459500,6944456.025000,13.018400,695
509502.210700,6944455.844000,12.800000,695
509502.055400,6944455.731000,12.696413,695
509501.651200,6944455.437000,12.446759,695
509501.396800,6944455.251000,12.300000,695
509501.247100,6944455.142000,12.218366,695
509500.842900,6944454.848000,11.998611,695
509500.454800,6944454.565000,11.800000,695
509500.438800,6944454.553000,11.793163,695
509500.034600,6944454.259000,11.727014,695
509499.630500,6944453.965000,11.660785,695
509499.226400,6944453.670000,11.594882,695
509498.822200,6944453.376000,11.633435,695
509498.418100,6944453.081000,11.698952,695
509498.013900,6944452.787000,11.764523,695
509497.862200,6944452.677000,11.800000,695
509497.609800,6944452.493000,11.874458,695
509497.205600,6944452.198000,12.032047,695
509496.801500,6944451.904000,12.190278,695
509496.511100,6944451.692000,12.300000,695
509496.397300,6944451.609000,12.346102,695
509495.993200,6944451.315000,12.483342,695
509495.589000,6944451.021000,12.618641,695
509495.184900,6944450.726000,12.749699,695
509494.780700,6944450.432000,12.799865,695
509494.779500,6944450.431000,12.800000,695
509494.376600,6944450.138000,12.861921,695
509493.972500,6944449.843000,12.915257,695
509493.568300,6944449.549000,12.885182,695
509493.243200,6944449.312000,12.800000,695
509493.164200,6944449.254000,12.784732,695
509492.760000,6944448.960000,12.721596,695
509492.355900,6944448.666000,12.640091,695
509491.951700,6944448.371000,12.494731,695
509491.547600,6944448.077000,12.356303,695
509491.385500,6944447.959000,12.300000,695
509491.143400,6944447.782000,12.221273,695
509490.739300,6944447.488000,12.050858,695
509490.335100,6944447.194000,11.877461,695
509490.154600,6944447.062000,11.800000,695
509489.931000,6944446.899000,11.721475,695
509489.526800,6944446.605000,11.572841,695
509489.122700,6944446.310000,11.419425,695
509488.807700,6944446.081000,11.300000,695
509488.718600,6944446.016000,11.270640,695
509488.314400,6944445.722000,11.149787,695
509487.910300,6944445.427000,11.056059,695
509487.506100,6944445.133000,10.962346,695
509487.102000,6944444.838000,10.868610,695
509525.900000,6944473.100000,17.984417,695
509525.768800,6944473.004000,17.800000,695
509525.495900,6944472.806000,17.015435,700
509525.384800,6944472.725000,16.800000,700
509525.122000,6944472.533000,16.300000,700
509525.091700,6944472.511000,16.249708,700
509524.825700,6944472.317000,15.800000,700
509524.687600,6944472.217000,15.574948,700
509524.561700,6944472.125000,15.300000,700
509524.283400,6944471.922000,14.835580,700
509524.264200,6944471.908000,14.800000,700
509523.915000,6944471.654000,14.300000,700
509523.879300,6944471.628000,14.253031,700
509523.532800,6944471.376000,13.800000,700
509523.475100,6944471.334000,13.750425,700
509523.071000,6944471.039000,13.450302,700
509522.797300,6944470.840000,13.300000,700
509522.666800,6944470.745000,13.228330,700
509522.262700,6944470.450000,13.004598,700
509521.860200,6944470.157000,12.800000,700
509521.858500,6944470.156000,12.799364,700
509521.454400,6944469.862000,12.753780,700
509521.050200,6944469.567000,12.708716,700
509520.646100,6944469.273000,12.663334,700
509520.242000,6944468.979000,12.665656,700
509519.837800,6944468.684000,12.683204,700
509519.433700,6944468.390000,12.700834,700
509519.029500,6944468.095000,12.721906,700
509518.625400,6944467.801000,12.746375,700
509518.221200,6944467.507000,12.771338,700
509517.817100,6944467.212000,12.793631,700
509517.412900,6944466.918000,12.797455,700
509517.148900,6944466.725000,12.800000,700
509517.008800,6944466.623000,12.801780,700
509516.604600,6944466.329000,12.807053,700
509516.477500,6944466.236000,12.800000,700
509516.200500,6944466.035000,12.787672,700
509515.796300,6944465.740000,12.765847,700
509515.392200,6944465.446000,12.744044,700
509514.988100,6944465.151000,12.723003,700
509514.583900,6944464.857000,12.700920,700
509514.179800,6944464.563000,12.678323,700
509513.775600,6944464.268000,12.670796,700
509513.371500,6944463.974000,12.718495,700
509512.967300,6944463.679000,12.761705,700
509512.645700,6944463.445000,12.800000,700
509512.563200,6944463.385000,12.813505,700
509512.159000,6944463.091000,12.999638,700
509511.754900,6944462.796000,13.198068,700
509511.547200,6944462.645000,13.300000,700
509511.350700,6944462.502000,13.397424,700
509510.946600,6944462.208000,13.617093,700
509510.628700,6944461.976000,13.800000,700
509510.542400,6944461.913000,13.868326,700
509510.138300,6944461.619000,14.190108,700
509509.983800,6944461.506000,14.300000,700
509509.734200,6944461.324000,14.489384,700
509509.330000,6944461.030000,14.701559,700
509509.141400,6944460.893000,14.800000,700
509508.925900,6944460.736000,14.938941,700
509508.521700,6944460.441000,15.190920,700
509508.117600,6944460.147000,15.260695,700
509507.839000,6944459.944000,15.300000,700
509507.713400,6944459.852000,15.321841,700
509507.309300,6944459.558000,15.390486,700
509506.905100,6944459.264000,15.343350,700
509506.747000,6944459.148000,15.300000,700
509506.501000,6944458.969000,15.243382,700
509506.096800,6944458.675000,15.150972,700
509505.692700,6944458.380000,15.012744,700
509505.319700,6944458.109000,14.800000,700
509505.288500,6944458.086000,14.784829,700
509504.884400,6944457.792000,14.594323,700
509504.480300,6944457.497000,14.382582,700
509504.380900,6944457.425000,14.300000,700
509504.076100,6944457.203000,14.057406,700
509503.759800,6944456.973000,13.800000,700
509503.672000,6944456.909000,13.743333,700
509503.267800,6944456.614000,13.478987,700
509502.863700,6944456.320000,13.153135,700
509502.459500,6944456.025000,12.803197,700
509502.455900,6944456.023000,12.800000,700
509502.055400,6944455.731000,12.532860,700
509501.685000,6944455.461000,12.300000,700
509501.651200,6944455.437000,12.279654,700
509501.247100,6944455.142000,12.059020,700
509500.842900,6944454.848000,11.834253,700
509500.776000,6944454.799000,11.800000,700
509500.438800,6944454.553000,11.656178,700
509500.034600,6944454.259000,11.588073,700
509499.630500,6944453.965000,11.519871,700
509499.226400,6944453.670000,11.451769,700
509498.822200,6944453.376000,11.487732,700
509498.418100,6944453.081000,11.550779,700
509498.013900,6944452.787000,11.613894,700
509497.609800,6944452.493000,11.706583,700
509497.302500,6944452.269000,11.800000,700
509497.205600,6944452.198000,11.837329,700
509496.801500,6944451.904000,11.990774,700
509496.397300,6944451.609000,12.141025,700
509495.993200,6944451.315000,12.264207,700
509495.874400,6944451.229000,12.300000,700
509495.589000,6944451.021000,12.393461,700
509495.184900,6944450.726000,12.522520,700
509494.780700,6944450.432000,12.569434,700
509494.376600,6944450.138000,12.608172,700
509493.972500,6944449.843000,12.644717,700
509493.568300,6944449.549000,12.621173,700
509493.164200,6944449.254000,12.546910,700
509492.760000,6944448.960000,12.481386,700
509492.355900,6944448.666000,12.397448,700
509492.076000,6944448.462000,12.300000,700
509491.951700,6944448.371000,12.259928,700
509491.547600,6944448.077000,12.129207,700
509491.143400,6944447.782000,11.998547,700
509490.739300,6944447.488000,11.828047,700
509490.674000,6944447.440000,11.800000,700
509490.335100,6944447.194000,11.680861,700
509489.931000,6944446.899000,11.538818,700
509489.526800,6944446.605000,11.389348,700
509489.292200,6944446.434000,11.300000,700
509489.122700,6944446.310000,11.243907,700
509488.718600,6944446.016000,11.110487,700
509488.314400,6944445.722000,10.988970,700
509487.910300,6944445.427000,10.894433,700
509487.506500,6944445.133000,10.800000,700
509487.506100,6944445.133000,10.799913,700
509487.102000,6944444.838000,10.714145,700
509525.900000,6944473.100000,17.640989,700
509525.653100,6944472.920000,17.300000,700
509525.606600,6944472.886000,16.800000,705
509525.495900,6944472.806000,16.612358,705
509525.326400,6944472.682000,16.300000,705
509525.091700,6944472.511000,15.910204,705
509525.026500,6944472.464000,15.800000,705
509524.718200,6944472.239000,15.300000,705
509524.687600,6944472.217000,15.260399,705
509524.411200,6944472.015000,14.800000,705
509524.283400,6944471.922000,14.631584,705
509524.052000,6944471.754000,14.300000,705
509523.879300,6944471.628000,14.073089,705
509523.670400,6944471.476000,13.800000,705
509523.475100,6944471.334000,13.632241,705
509523.071000,6944471.039000,13.333439,705
509523.010100,6944470.995000,13.300000,705
509522.666800,6944470.745000,13.111492,705
509522.262700,6944470.450000,12.891881,705
509522.082000,6944470.319000,12.800000,705
509521.858500,6944470.156000,12.716842,705
509521.454400,6944469.862000,12.671980,705
509521.050200,6944469.567000,12.627544,705
509520.646100,6944469.273000,12.582852,705
509520.242000,6944468.979000,12.584983,705
509519.837800,6944468.684000,12.602043,705
509519.433700,6944468.390000,12.619166,705
509519.029500,6944468.095000,12.639393,705
509518.625400,6944467.801000,12.662761,705
509518.221200,6944467.507000,12.686526,705
509517.817100,6944467.212000,12.707464,705
509517.412900,6944466.918000,12.709262,705
509517.008800,6944466.623000,12.711146,705
509516.604600,6944466.329000,12.713171,705
509516.200500,6944466.035000,12.692375,705
509515.796300,6944465.740000,12.667271,705
509515.392200,6944465.446000,12.642175,705
509514.988100,6944465.151000,12.617193,705
509514.583900,6944464.857000,12.590985,705
509514.179800,6944464.563000,12.564415,705
509513.775600,6944464.268000,12.552867,705
509513.371500,6944463.974000,12.597153,705
509512.967300,6944463.679000,12.638240,705
509512.563200,6944463.385000,12.683125,705
509512.225000,6944463.139000,12.800000,705
509512.159000,6944463.091000,12.830394,705
509511.754900,6944462.796000,13.029215,705
509511.350700,6944462.502000,13.227219,705
509511.216600,6944462.404000,13.300000,705
509510.946600,6944462.208000,13.446886,705
509510.542400,6944461.913000,13.681057,705
509510.334800,6944461.762000,13.800000,705
509510.138300,6944461.619000,13.956546,705
509509.734200,6944461.324000,14.245383,705
509509.623100,6944461.243000,14.300000,705
509509.330000,6944461.030000,14.455727,705
509508.925900,6944460.736000,14.670291,705
509508.679100,6944460.556000,14.800000,705
509508.521700,6944460.441000,14.900467,705
509508.117600,6944460.147000,14.968301,705
509507.713400,6944459.852000,15.026509,705
509507.309300,6944459.558000,15.083973,705
509506.905100,6944459.264000,15.041908,705
509506.501000,6944458.969000,14.945311,705
509506.096800,6944458.675000,14.849432,705
509505.957600,6944458.573000,14.800000,705
509505.692700,6944458.380000,14.721036,705
509505.288500,6944458.086000,14.520720,705
509504.884400,6944457.792000,14.318070,705
509504.850100,6944457.767000,14.300000,705
509504.480300,6944457.497000,14.115971,705
509504.089400,6944457.213000,13.800000,705
509504.076100,6944457.203000,13.791689,705
509503.672000,6944456.909000,13.530539,705
509503.319200,6944456.652000,13.300000,705
509503.267800,6944456.614000,13.266927,705
509502.863700,6944456.320000,12.940568,705
509502.701300,6944456.201000,12.800000,705
509502.459500,6944456.025000,12.638950,705
509502.055400,6944455.731000,12.369307,705
509501.945100,6944455.651000,12.300000,705
509501.651200,6944455.437000,12.122755,705
509501.247100,6944455.142000,11.899674,705
509501.068700,6944455.012000,11.800000,705
509500.842900,6944454.848000,11.693903,705
509500.438800,6944454.553000,11.519194,705
509500.034600,6944454.259000,11.449132,705
509499.630500,6944453.965000,11.378957,705
509499.226400,6944453.670000,11.308657,705
509498.822200,6944453.376000,11.342030,705
509498.418100,6944453.081000,11.402606,705
509498.013900,6944452.787000,11.463264,705
509497.609800,6944452.493000,11.552921,705
509497.205600,6944452.198000,11.673525,705
509496.801500,6944451.904000,11.793039,705
509496.777100,6944451.886000,11.800000,705
509496.397300,6944451.609000,11.938404,705
509495.993200,6944451.315000,12.057134,705
509495.589000,6944451.021000,12.176274,705
509495.184900,6944450.726000,12.295582,705
509495.141200,6944450.694000,12.300000,705
509494.780700,6944450.432000,12.339002,705
509494.376600,6944450.138000,12.370755,705
509493.972500,6944449.843000,12.402574,705
509493.568300,6944449.549000,12.378232,705
509493.164200,6944449.254000,12.309089,705
509493.109600,6944449.215000,12.300000,705
509492.760000,6944448.960000,12.244727,705
509492.355900,6944448.666000,12.164904,705
509491.951700,6944448.371000,12.035136,705
509491.547600,6944448.077000,11.905435,705
509491.219100,6944447.838000,11.800000,705
509491.143400,6944447.782000,11.780220,705
509490.739300,6944447.488000,11.640602,705
509490.335100,6944447.194000,11.498352,705
509489.931000,6944446.899000,11.356161,705
509489.779600,6944446.789000,11.300000,705
509489.526800,6944446.605000,11.218621,705
509489.122700,6944446.310000,11.084510,705
509488.718600,6944446.016000,10.950335,705
509488.314400,6944445.722000,10.828153,705
509488.194700,6944445.634000,10.800000,705
509487.910300,6944445.427000,10.738964,705
509487.506100,6944445.133000,10.652597,705
509487.102000,6944444.838000,10.566039,705
509525.900000,6944473.100000,17.313170,705
509525.890500,6944473.093000,17.300000,705
509525.531900,6944472.832000,16.300000,710
509525.495900,6944472.806000,16.244777,710
509525.224900,6944472.608000,15.800000,710
509525.091700,6944472.511000,15.591559,710
509524.910300,6944472.379000,15.300000,710
509524.687600,6944472.217000,15.012298,710
509524.560100,6944472.124000,14.800000,710
509524.283400,6944471.922000,14.435221,710
509524.189100,6944471.854000,14.300000,710
509523.879300,6944471.628000,13.893147,710
509523.808000,6944471.576000,13.800000,710
509523.475100,6944471.334000,13.514058,710
509523.071000,6944471.039000,13.215634,710
509522.666800,6944470.745000,12.994653,710
509522.303000,6944470.480000,12.800000,710
509522.262700,6944470.450000,12.784512,710
509521.858500,6944470.156000,12.634320,710
509521.454400,6944469.862000,12.590179,710
509521.050200,6944469.567000,12.546373,710
509520.646100,6944469.273000,12.502370,710
509520.242000,6944468.979000,12.504309,710
509519.837800,6944468.684000,12.520882,710
509519.433700,6944468.390000,12.537499,710
509519.029500,6944468.095000,12.556880,710
509518.625400,6944467.801000,12.579148,710
509518.221200,6944467.507000,12.601715,710
509517.817100,6944467.212000,12.621297,710
509517.412900,6944466.918000,12.621070,710
509517.008800,6944466.623000,12.620910,710
509516.604600,6944466.329000,12.620859,710
509516.200500,6944466.035000,12.597079,710
509515.796300,6944465.740000,12.568695,710
509515.392200,6944465.446000,12.540307,710
509514.988100,6944465.151000,12.511382,710
509514.583900,6944464.857000,12.481049,710
509514.179800,6944464.563000,12.450508,710
509513.775600,6944464.268000,12.434938,710
509513.371500,6944463.974000,12.475811,710
509512.967300,6944463.679000,12.514775,710
509512.563200,6944463.385000,12.556144,710
509512.159000,6944463.091000,12.695450,710
509511.877500,6944462.886000,12.800000,710
509511.754900,6944462.796000,12.860361,710
509511.350700,6944462.502000,13.057499,710
509510.946600,6944462.208000,13.277158,710
509510.907200,6944462.179000,13.300000,710
509510.542400,6944461.913000,13.513109,710
509510.138300,6944461.619000,13.746339,710
509510.034800,6944461.543000,13.800000,710
509509.734200,6944461.324000,14.017832,710
509509.330000,6944461.030000,14.219300,710
509509.168100,6944460.912000,14.300000,710
509508.925900,6944460.736000,14.431172,710
509508.521700,6944460.441000,14.646794,710
509508.117600,6944460.147000,14.700634,710
509507.713400,6944459.852000,14.747980,710
509507.309300,6944459.558000,14.795435,710
509506.905100,6944459.264000,14.757839,710
509506.501000,6944458.969000,14.675435,710
509506.096800,6944458.675000,14.592742,710
509505.692700,6944458.380000,14.467789,710
509505.368800,6944458.145000,14.300000,710
509505.288500,6944458.086000,14.260702,710
509504.884400,6944457.792000,14.067858,710
509504.480300,6944457.497000,13.855124,710
509504.412100,6944457.448000,13.800000,710
509504.076100,6944457.203000,13.590194,710
509503.672000,6944456.909000,13.317745,710
509503.644800,6944456.889000,13.300000,710
509503.267800,6944456.614000,13.057573,710
509502.950900,6944456.383000,12.800000,710
509502.863700,6944456.320000,12.746257,710
509502.459500,6944456.025000,12.475472,710
509502.196600,6944455.834000,12.300000,710
509502.055400,6944455.731000,12.210277,710
509501.651200,6944455.437000,11.965856,710
509501.352800,6944455.219000,11.800000,710
509501.247100,6944455.142000,11.750108,710
509500.842900,6944454.848000,11.559873,710
509500.438800,6944454.553000,11.382209,710
509500.034600,6944454.259000,11.310192,710
509499.976900,6944454.217000,11.300000,710
509499.630500,6944453.965000,11.246391,710
509499.226400,6944453.670000,11.183955,710
509498.822200,6944453.376000,11.210741,710
509498.418100,6944453.081000,11.260801,710
509498.100500,6944452.850000,11.300000,710
509498.013900,6944452.787000,11.312635,710
509497.609800,6944452.493000,11.399260,710
509497.205600,6944452.198000,11.517052,710
509496.801500,6944451.904000,11.633959,710
509496.397300,6944451.609000,11.748455,710
509496.168100,6944451.442000,11.800000,710
509495.993200,6944451.315000,11.850061,710
509495.589000,6944451.021000,11.964760,710
509495.184900,6944450.726000,12.080146,710
509494.780700,6944450.432000,12.118692,710
509493.972500,6944449.843000,12.171028,710
509493.568300,6944449.549000,12.147360,710
509493.164200,6944449.254000,12.083196,710
509492.760000,6944448.960000,12.019015,710
509492.355900,6944448.666000,11.939137,710
509491.951700,6944448.371000,11.810344,710
509491.919400,6944448.348000,11.800000,710
509491.547600,6944448.077000,11.703325,710
509491.143400,6944447.782000,11.598019,710
509490.739300,6944447.488000,11.458250,710
509490.335100,6944447.194000,11.315842,710
509490.290100,6944447.161000,11.300000,710
509489.931000,6944446.899000,11.190479,710
509489.526800,6944446.605000,11.060009,710
509489.122700,6944446.310000,10.925112,710
509488.747800,6944446.037000,10.800000,710
509488.718600,6944446.016000,10.791039,710
509488.314400,6944445.722000,10.678946,710
509487.910300,6944445.427000,10.592148,710
509487.506100,6944445.133000,10.505282,710
509487.102000,6944444.838000,10.417933,710
509525.900000,6944473.100000,16.925171,710
509525.828800,6944473.048000,16.800000,710
509525.495900,6944472.806000,15.921118,715
509525.422100,6944472.752000,15.800000,715
509525.102200,6944472.519000,15.300000,715
509525.091700,6944472.511000,15.286630,715
509524.714600,6944472.237000,14.800000,715
509524.687600,6944472.217000,14.771456,715
509524.330100,6944471.956000,14.300000,715
509524.283400,6944471.922000,14.243718,715
509523.945600,6944471.676000,13.800000,715
509523.879300,6944471.628000,13.742855,715
509523.475100,6944471.334000,13.395874,715
509523.071000,6944471.039000,13.097450,715
509522.666800,6944470.745000,12.877815,715
509522.521400,6944470.639000,12.800000,715
509522.262700,6944470.450000,12.700722,715
509521.858500,6944470.156000,12.551798,715
509521.454400,6944469.862000,12.508379,715
509521.050200,6944469.567000,12.465201,715
509520.646100,6944469.273000,12.421889,715
509520.242000,6944468.979000,12.423635,715
509519.837800,6944468.684000,12.439721,715
509519.433700,6944468.390000,12.455831,715
509519.029500,6944468.095000,12.474367,715
509518.625400,6944467.801000,12.495534,715
509518.221200,6944467.507000,12.516903,715
509517.817100,6944467.212000,12.535130,715
509517.412900,6944466.918000,12.532878,715
509517.008800,6944466.623000,12.530674,715
509516.604600,6944466.329000,12.528547,715
509516.200500,6944466.035000,12.501783,715
509515.796300,6944465.740000,12.470119,715
509515.392200,6944465.446000,12.438439,715
509514.988100,6944465.151000,12.405572,715
509514.583900,6944464.857000,12.371113,715
509514.179800,6944464.563000,12.336600,715
509513.775600,6944464.268000,12.317009,715
509513.371500,6944463.974000,12.354469,715
509512.967300,6944463.679000,12.391310,715
509512.563200,6944463.385000,12.429164,715
509512.159000,6944463.091000,12.568014,715
509511.754900,6944462.796000,12.718367,715
509511.531000,6944462.633000,12.800000,715
509511.350700,6944462.502000,12.887778,715
509510.946600,6944462.208000,13.110450,715
509510.619700,6944461.969000,13.300000,715
509510.542400,6944461.913000,13.345161,715
509510.138300,6944461.619000,13.583603,715
509509.734200,6944461.324000,13.793205,715
509509.715900,6944461.311000,13.800000,715
509509.330000,6944461.030000,13.999129,715
509508.925900,6944460.736000,14.201921,715
509508.730100,6944460.593000,14.300000,715
509508.521700,6944460.441000,14.412571,715
509508.117600,6944460.147000,14.466505,715
509507.713400,6944459.852000,14.513614,715
509507.309300,6944459.558000,14.560781,715
509506.905100,6944459.264000,14.519804,715
509506.501000,6944458.969000,14.432378,715
509506.096800,6944458.675000,14.344845,715
509505.955800,6944458.572000,14.300000,715
509505.692700,6944458.380000,14.220959,715
509505.288500,6944458.086000,14.021496,715
509504.884400,6944457.792000,13.819469,715
509504.847900,6944457.765000,13.800000,715
509504.480300,6944457.497000,13.652057,715
509504.076100,6944457.203000,13.388698,715
509503.945000,6944457.107000,13.300000,715
509503.672000,6944456.909000,13.121163,715
509503.267800,6944456.614000,12.848219,715
509503.208500,6944456.571000,12.800000,715
509502.863700,6944456.320000,12.587587,715
509502.459500,6944456.025000,12.311993,715
509502.441600,6944456.012000,12.300000,715
509502.055400,6944455.731000,12.054575,715
509501.651200,6944455.437000,11.808957,715
509501.635100,6944455.425000,11.800000,715
509501.247100,6944455.142000,11.616881,715
509500.842900,6944454.848000,11.425843,715
509500.559500,6944454.641000,11.300000,715
509500.438800,6944454.553000,11.252518,715
509499.226400,6944453.670000,11.060439,715
509498.822200,6944453.376000,11.085294,715
509498.013900,6944452.787000,11.181377,715
509497.609800,6944452.493000,11.253395,715
509497.416700,6944452.352000,11.300000,715
509497.205600,6944452.198000,11.360579,715
509496.801500,6944451.904000,11.474879,715
509496.397300,6944451.609000,11.585819,715
509495.993200,6944451.315000,11.674335,715
509495.589000,6944451.021000,11.762695,715
509495.417700,6944450.896000,11.800000,715
509495.184900,6944450.726000,11.864710,715
509494.780700,6944450.432000,11.900444,715
509493.972500,6944449.843000,11.947269,715
509493.568300,6944449.549000,11.922220,715
509493.164200,6944449.254000,11.857777,715
509492.801900,6944448.991000,11.800000,715
509492.760000,6944448.960000,11.794586,715
509492.355900,6944448.666000,11.729815,715
509491.951700,6944448.371000,11.625382,715
509491.547600,6944448.077000,11.520515,715
509491.143400,6944447.782000,11.415818,715
509490.808900,6944447.539000,11.300000,715
509490.739300,6944447.488000,11.279139,715
509490.335100,6944447.194000,11.155729,715
509489.931000,6944446.899000,11.032335,715
509489.526800,6944446.605000,10.901397,715
509489.224400,6944446.385000,10.800000,715
509489.122700,6944446.310000,10.768684,715
509488.718600,6944446.016000,10.644859,715
509488.314400,6944445.722000,10.532203,715
509487.910300,6944445.427000,10.445332,715
509487.506100,6944445.133000,10.357967,715
509487.239800,6944444.939000,10.300000,715
509487.102000,6944444.838000,10.276674,715
509525.900000,6944473.100000,16.561111,715
509525.743100,6944472.986000,16.300000,715
509525.495900,6944472.806000,15.616294,720
509525.291700,6944472.657000,15.300000,720
509525.091700,6944472.511000,15.044764,720
509524.902000,6944472.373000,14.800000,720
509524.687600,6944472.217000,14.573650,720
509524.480100,6944472.066000,14.300000,720
509524.283400,6944471.922000,14.062961,720
509524.083200,6944471.777000,13.800000,720
509523.879300,6944471.628000,13.624384,720
509523.501200,6944471.353000,13.300000,720
509523.475100,6944471.334000,13.276977,720
509523.071000,6944471.039000,12.979267,720
509522.739800,6944470.798000,12.800000,720
509522.666800,6944470.745000,12.771369,720
509522.262700,6944470.450000,12.616933,720
509521.858500,6944470.156000,12.469276,720
509521.454400,6944469.862000,12.426578,720
509521.050200,6944469.567000,12.384030,720
509520.646100,6944469.273000,12.341407,720
509520.242000,6944468.979000,12.342962,720
509519.837800,6944468.684000,12.358561,720
509519.433700,6944468.390000,12.374163,720
509519.029500,6944468.095000,12.391854,720
509518.625400,6944467.801000,12.411921,720
509518.221200,6944467.507000,12.432092,720
509517.817100,6944467.212000,12.448963,720
509517.412900,6944466.918000,12.444686,720
509517.008800,6944466.623000,12.440438,720
509516.604600,6944466.329000,12.436235,720
509516.200500,6944466.035000,12.406487,720
509515.796300,6944465.740000,12.371543,720
509515.392200,6944465.446000,12.336571,720
509514.990600,6944465.153000,12.300000,720
509514.988100,6944465.151000,12.299772,720
509514.179800,6944464.563000,12.226036,720
509513.775600,6944464.268000,12.203588,720
509512.967300,6944463.679000,12.269248,720
509512.588200,6944463.403000,12.300000,720
509512.563200,6944463.385000,12.302184,720
509512.159000,6944463.091000,12.440579,720
509511.754900,6944462.796000,12.591315,720
509511.350700,6944462.502000,12.739283,720
509511.205700,6944462.396000,12.800000,720
509510.946600,6944462.208000,12.943742,720
509510.542400,6944461.913000,13.182327,720
509510.342000,6944461.767000,13.300000,720
509510.138300,6944461.619000,13.420867,720
509509.734200,6944461.324000,13.634119,720
509509.330000,6944461.030000,13.784876,720
509509.289200,6944461.000000,13.800000,720
509508.925900,6944460.736000,13.984662,720
509508.521700,6944460.441000,14.188593,720
509508.117600,6944460.147000,14.237104,720
509507.713400,6944459.852000,14.280679,720
509507.534400,6944459.722000,14.300000,720
509507.309300,6944459.558000,14.326127,720
509507.069800,6944459.384000,14.300000,720
509506.905100,6944459.264000,14.282958,720
509506.501000,6944458.969000,14.198218,720
509506.096800,6944458.675000,14.110783,720
509505.692700,6944458.380000,13.986728,720
509505.322900,6944458.111000,13.800000,720
509505.288500,6944458.086000,13.786618,720
509504.884400,6944457.792000,13.628527,720
509504.480300,6944457.497000,13.464472,720
509504.233600,6944457.318000,13.300000,720
509504.076100,6944457.203000,13.194458,720
509503.672000,6944456.909000,12.926055,720
509503.487500,6944456.774000,12.800000,720
509503.267800,6944456.614000,12.683313,720
509502.863700,6944456.320000,12.428918,720
509502.674900,6944456.182000,12.300000,720
509502.459500,6944456.025000,12.161970,720
509502.055400,6944455.731000,11.898872,720
509501.892700,6944455.612000,11.800000,720
509501.651200,6944455.437000,11.676225,720
509501.247100,6944455.142000,11.483653,720
509500.860100,6944454.860000,11.300000,720
509500.842900,6944454.848000,11.292816,720
509500.438800,6944454.553000,11.133773,720
509499.226400,6944453.670000,10.936923,720
509498.822200,6944453.376000,10.959848,720
509498.013900,6944452.787000,11.051893,720
509497.609800,6944452.493000,11.121755,720
509497.205600,6944452.198000,11.217762,720
509496.857800,6944451.945000,11.300000,720
509496.801500,6944451.904000,11.315798,720
509496.397300,6944451.609000,11.423183,720
509495.993200,6944451.315000,11.508604,720
509495.589000,6944451.021000,11.593930,720
509495.184900,6944450.726000,11.679674,720
509494.780700,6944450.432000,11.705817,720
509494.376600,6944450.138000,11.722274,720
509493.972500,6944449.843000,11.738753,720
509493.568300,6944449.549000,11.717341,720
509493.164200,6944449.254000,11.664845,720
509492.760000,6944448.960000,11.612135,720
509492.355900,6944448.666000,11.546904,720
509491.951700,6944448.371000,11.442342,720
509491.547600,6944448.077000,11.337705,720
509491.401500,6944447.970000,11.300000,720
509491.143400,6944447.782000,11.242548,720
509490.739300,6944447.488000,11.121305,720
509490.335100,6944447.194000,10.997744,720
509489.931000,6944446.899000,10.874190,720
509489.702500,6944446.733000,10.800000,720
509489.526800,6944446.605000,10.747514,720
509489.122700,6944446.310000,10.623093,720
509488.718600,6944446.016000,10.498680,720
509488.314400,6944445.722000,10.385460,720
509487.917200,6944445.432000,10.300000,720
509487.910300,6944445.427000,10.298837,720
509487.506100,6944445.133000,10.230401,720
509487.102000,6944444.838000,10.162175,720
509525.900000,6944473.100000,16.221161,720
509525.622300,6944472.898000,15.800000,720
509525.495900,6944472.806000,15.322734,725
509525.481200,6944472.795000,15.300000,725
509525.091700,6944472.511000,14.802898,725
509525.089500,6944472.510000,14.800000,725
509524.687600,6944472.217000,14.375844,725
509524.630100,6944472.175000,14.300000,725
509524.283400,6944471.922000,13.882204,725
509524.220800,6944471.877000,13.800000,725
509523.879300,6944471.628000,13.505912,725
509523.639300,6944471.453000,13.300000,725
509523.475100,6944471.334000,13.155011,725
509523.071000,6944471.039000,12.861083,725
509522.958100,6944470.957000,12.800000,725
509522.666800,6944470.745000,12.685648,725
509522.262700,6944470.450000,12.533144,725
509521.858500,6944470.156000,12.386754,725
509521.454400,6944469.862000,12.344778,725
509521.050200,6944469.567000,12.302858,725
509521.022900,6944469.547000,12.300000,725
509520.646100,6944469.273000,12.262603,725
509520.242000,6944468.979000,12.263886,725
509519.433700,6944468.390000,12.292808,725
509519.252600,6944468.258000,12.300000,725
509519.029500,6944468.095000,12.309341,725
509518.625400,6944467.801000,12.328307,725
509518.221200,6944467.507000,12.347280,725
509517.817100,6944467.212000,12.362795,725
509517.412900,6944466.918000,12.356494,725
509517.008800,6944466.623000,12.350202,725
509516.604600,6944466.329000,12.343923,725
509516.200500,6944466.035000,12.311191,725
509516.079300,6944465.946000,12.300000,725
509515.796300,6944465.740000,12.274091,725
509515.392200,6944465.446000,12.237452,725
509514.988100,6944465.151000,12.198660,725
509514.179800,6944464.563000,12.117056,725
509513.775600,6944464.268000,12.090927,725
509512.563200,6944463.385000,12.181287,725
509512.197400,6944463.119000,12.300000,725
509512.159000,6944463.091000,12.313143,725
509511.754900,6944462.796000,12.464264,725
509511.350700,6944462.502000,12.613525,725
509510.946600,6944462.208000,12.782863,725
509510.909800,6944462.181000,12.800000,725
509510.542400,6944461.913000,13.021373,725
509510.138300,6944461.619000,13.259142,725
509510.061700,6944461.563000,13.300000,725
509509.734200,6944461.324000,13.475032,725
509509.330000,6944461.030000,13.626627,725
509508.925900,6944460.736000,13.776575,725
509508.862800,6944460.690000,13.800000,725
509508.521700,6944460.441000,13.974097,725
509508.117600,6944460.147000,14.019346,725
509507.713400,6944459.852000,14.062466,725
509507.309300,6944459.558000,14.105474,725
509506.905100,6944459.264000,14.060449,725
509506.501000,6944458.969000,13.974699,725
509506.096800,6944458.675000,13.879775,725
509505.842200,6944458.489000,13.800000,725
509505.692700,6944458.380000,13.764862,725
509505.288500,6944458.086000,13.605868,725
509504.884400,6944457.792000,13.442472,725
509504.536300,6944457.538000,13.300000,725
509504.480300,6944457.497000,13.276643,725
509504.076100,6944457.203000,13.005924,725
509503.770900,6944456.981000,12.800000,725
509503.672000,6944456.909000,12.746773,725
509503.267800,6944456.614000,12.531708,725
509502.907800,6944456.352000,12.300000,725
509502.863700,6944456.320000,12.272795,725
509502.459500,6944456.025000,12.013012,725
509502.137600,6944455.791000,11.800000,725
509502.055400,6944455.731000,11.753573,725
509501.651200,6944455.437000,11.544956,725
509501.247100,6944455.142000,11.350426,725
509501.140800,6944455.065000,11.300000,725
509500.842900,6944454.848000,11.175206,725
509500.438800,6944454.553000,11.015028,725
509499.226400,6944453.670000,10.813407,725
509498.822200,6944453.376000,10.834401,725
509498.013900,6944452.787000,10.922409,725
509497.609800,6944452.493000,10.990114,725
509497.205600,6944452.198000,11.083571,725
509496.801500,6944451.904000,11.176911,725
509496.397300,6944451.609000,11.266248,725
509496.201800,6944451.467000,11.300000,725
509495.993200,6944451.315000,11.342872,725
509495.589000,6944451.021000,11.425164,725
509495.184900,6944450.726000,11.507689,725
509494.780700,6944450.432000,11.531328,725
509494.376600,6944450.138000,11.545452,725
509493.972500,6944449.843000,11.559584,725
509493.568300,6944449.549000,11.536523,725
509493.164200,6944449.254000,11.483109,725
509492.760000,6944448.960000,11.429683,725
509492.355900,6944448.666000,11.363993,725
509492.108800,6944448.486000,11.300000,725
509491.951700,6944448.371000,11.264988,725
509491.547600,6944448.077000,11.174923,725
509491.143400,6944447.782000,11.084859,725
509490.739300,6944447.488000,10.963471,725
509490.335100,6944447.194000,10.839760,725
509490.205200,6944447.099000,10.800000,725
509489.931000,6944446.899000,10.722652,725
509489.526800,6944446.605000,10.602012,725
509489.122700,6944446.310000,10.477501,725
509488.718600,6944446.016000,10.352500,725
509488.531700,6944445.880000,10.300000,725
509488.314400,6944445.722000,10.251830,725
509487.910300,6944445.427000,10.183775,725
509487.506100,6944445.133000,10.115649,725
509487.102000,6944444.838000,10.047677,725
509525.900000,6944473.100000,15.914777,725
509525.824300,6944473.045000,15.800000,725
509525.495900,6944472.806000,15.079274,730
509525.277000,6944472.646000,14.800000,730
509525.091700,6944472.511000,14.604065,730
509524.803500,6944472.301000,14.300000,730
509524.687600,6944472.217000,14.185331,730
509524.367600,6944471.984000,13.800000,730
509524.283400,6944471.922000,13.730297,730
509523.879300,6944471.628000,13.387440,730
509523.777400,6944471.554000,13.300000,730
509523.475100,6944471.334000,13.033044,730
509523.152500,6944471.099000,12.800000,730
509523.071000,6944471.039000,12.756846,730
509522.666800,6944470.745000,12.599927,730
509522.262700,6944470.450000,12.449355,730
509521.858500,6944470.156000,12.304232,730
509521.817400,6944470.126000,12.300000,730
509521.454400,6944469.862000,12.264558,730
509520.646100,6944469.273000,12.185576,730
509520.242000,6944468.979000,12.186632,730
509519.433700,6944468.390000,12.214547,730
509519.029500,6944468.095000,12.229890,730
509518.221200,6944467.507000,12.263988,730
509517.817100,6944467.212000,12.277583,730
509516.604600,6944466.329000,12.253625,730
509516.200500,6944466.035000,12.219358,730
509515.392200,6944465.446000,12.139873,730
509514.988100,6944465.151000,12.097548,730
509514.179800,6944464.563000,12.008075,730
509513.775600,6944464.268000,11.978266,730
509512.563200,6944463.385000,12.060496,730
509512.159000,6944463.091000,12.191837,730
509511.854400,6944462.869000,12.300000,730
509511.754900,6944462.796000,12.337213,730
509511.350700,6944462.502000,12.487767,730
509510.946600,6944462.208000,12.658470,730
509510.642700,6944461.986000,12.800000,730
509510.542400,6944461.913000,12.860419,730
509510.138300,6944461.619000,13.100335,730
509509.764000,6944461.346000,13.300000,730
509509.734200,6944461.324000,13.315945,730
509509.330000,6944461.030000,13.468377,730
509508.925900,6944460.736000,13.620449,730
509508.521700,6944460.441000,13.771068,730
509508.132600,6944460.158000,13.800000,730
509508.117600,6944460.147000,13.801588,730
509507.713400,6944459.852000,13.844252,730
509507.309300,6944459.558000,13.886576,730
509506.905100,6944459.264000,13.837941,730
509506.727900,6944459.135000,13.800000,730
509506.501000,6944458.969000,13.764089,730
509506.096800,6944458.675000,13.690803,730
509505.692700,6944458.380000,13.591598,730
509505.288500,6944458.086000,13.425119,730
509504.986600,6944457.866000,13.300000,730
509504.884400,6944457.792000,13.257841,730
509504.480300,6944457.497000,13.087080,730
509504.076100,6944457.203000,12.817390,730
509504.050300,6944457.184000,12.800000,730
509503.672000,6944456.909000,12.596378,730
509503.267800,6944456.614000,12.380103,730
509503.143400,6944456.523000,12.300000,730
509502.863700,6944456.320000,12.127705,730
509502.459500,6944456.025000,11.864054,730
509502.362700,6944455.955000,11.800000,730
509502.055400,6944455.731000,11.626371,730
509501.651200,6944455.437000,11.413686,730
509501.415900,6944455.265000,11.300000,730
509501.247100,6944455.142000,11.228037,730
509500.842900,6944454.848000,11.057597,730
509500.438800,6944454.553000,10.896283,730
509500.034600,6944454.259000,10.827486,730
509499.871900,6944454.140000,10.800000,730
509499.630500,6944453.965000,10.761332,730
509499.226400,6944453.670000,10.696955,730
509498.822200,6944453.376000,10.714806,730
509498.418100,6944453.081000,10.754153,730
509498.013900,6944452.787000,10.793402,730
509497.969600,6944452.755000,10.800000,730
509497.609800,6944452.493000,10.858474,730
509497.205600,6944452.198000,10.949380,730
509496.801500,6944451.904000,11.040250,730
509496.397300,6944451.609000,11.127109,730
509495.993200,6944451.315000,11.194926,730
509495.589000,6944451.021000,11.262713,730
509495.365000,6944450.857000,11.300000,730
509495.184900,6944450.726000,11.335703,730
509494.780700,6944450.432000,11.356840,730
509494.376600,6944450.138000,11.368630,730
509493.972500,6944449.843000,11.380415,730
509493.568300,6944449.549000,11.355705,730
509493.164200,6944449.254000,11.301373,730
509493.153900,6944449.247000,11.300000,730
509492.760000,6944448.960000,11.254711,730
509492.355900,6944448.666000,11.197695,730
509491.547600,6944448.077000,11.017345,730
509491.143400,6944447.782000,10.927170,730
509490.739300,6944447.488000,10.805636,730
509490.720900,6944447.475000,10.800000,730
509490.335100,6944447.194000,10.691078,730
509489.931000,6944446.899000,10.576953,730
509489.526800,6944446.605000,10.456510,730
509489.122700,6944446.310000,10.331910,730
509489.019700,6944446.235000,10.300000,730
509488.718600,6944446.016000,10.225899,730
509488.314400,6944445.722000,10.136485,730
509487.910300,6944445.427000,10.068714,730
509487.506100,6944445.133000,10.000897,730
509487.102000,6944444.838000,9.933178,730
509525.900000,6944473.100000,15.625042,730
509525.674700,6944472.936000,15.300000,730
509525.495900,6944472.806000,14.840020,735
509525.464500,6944472.783000,14.800000,735
509525.091700,6944472.511000,14.405754,735
509524.991500,6944472.438000,14.300000,735
509524.687600,6944472.217000,13.999352,735
509524.522000,6944472.096000,13.800000,735
509524.283400,6944471.922000,13.602454,735
509523.919600,6944471.657000,13.300000,735
509523.879300,6944471.628000,13.265295,735
509523.475100,6944471.334000,12.911078,735
509523.321400,6944471.222000,12.800000,735
509523.071000,6944471.039000,12.667527,735
509522.666800,6944470.745000,12.514206,735
509522.262700,6944470.450000,12.365566,735
509522.080000,6944470.317000,12.300000,735
509521.858500,6944470.156000,12.225099,735
509520.646100,6944469.273000,12.108549,735
509520.242000,6944468.979000,12.109377,735
509519.433700,6944468.390000,12.136285,735
509519.029500,6944468.095000,12.150831,735
509518.221200,6944467.507000,12.182608,735
509517.817100,6944467.212000,12.194936,735
509516.604600,6944466.329000,12.165156,735
509516.200500,6944466.035000,12.127986,735
509515.392200,6944465.446000,12.042294,735
509514.988100,6944465.151000,11.996436,735
509514.179800,6944464.563000,11.899095,735
509513.775600,6944464.268000,11.865605,735
509512.563200,6944463.385000,11.939705,735
509512.159000,6944463.091000,12.071236,735
509511.754900,6944462.796000,12.215146,735
509511.516800,6944462.623000,12.300000,735
509511.350700,6944462.502000,12.362008,735
509510.946600,6944462.208000,12.534078,735
509510.542400,6944461.913000,12.722891,735
509510.375900,6944461.792000,12.800000,735
509510.138300,6944461.619000,12.941527,735
509509.734200,6944461.324000,13.158658,735
509509.356800,6944461.050000,13.300000,735
509509.330000,6944461.030000,13.310128,735
509508.925900,6944460.736000,13.464322,735
509508.521700,6944460.441000,13.617459,735
509508.117600,6944460.147000,13.647889,735
509507.713400,6944459.852000,13.676952,735
509507.309300,6944459.558000,13.706019,735
509506.905100,6944459.264000,13.668562,735
509506.501000,6944458.969000,13.599672,735
509506.096800,6944458.675000,13.524005,735
509505.692700,6944458.380000,13.418333,735
509505.414100,6944458.178000,13.300000,735
509505.288500,6944458.086000,13.246941,735
509504.884400,6944457.792000,13.077866,735
509504.480300,6944457.497000,12.897516,735
509504.334100,6944457.391000,12.800000,735
509504.076100,6944457.203000,12.667020,735
509503.672000,6944456.909000,12.445983,735
509503.400000,6944456.710000,12.300000,735
509503.267800,6944456.614000,12.231983,735
509502.863700,6944456.320000,11.982616,735
509502.585500,6944456.117000,11.800000,735
509502.459500,6944456.025000,11.728112,735
509502.055400,6944455.731000,11.499170,735
509501.683100,6944455.460000,11.300000,735
509501.651200,6944455.437000,11.284720,735
509501.247100,6944455.142000,11.112251,735
509500.842900,6944454.848000,10.939987,735
509500.494200,6944454.594000,10.800000,735
509500.438800,6944454.553000,10.778882,735
509500.034600,6944454.259000,10.712961,735
509499.630500,6944453.965000,10.647208,735
509499.226400,6944453.670000,10.581364,735
509498.822200,6944453.376000,10.597421,735
509498.418100,6944453.081000,10.635036,735
509498.013900,6944452.787000,10.672644,735
509497.609800,6944452.493000,10.731736,735
509497.274000,6944452.248000,10.800000,735
509497.205600,6944452.198000,10.815189,735
509496.801500,6944451.904000,10.903589,735
509496.397300,6944451.609000,10.987971,735
509495.993200,6944451.315000,11.053187,735
509495.184900,6944450.726000,11.183583,735
509494.780700,6944450.432000,11.199503,735
509493.972500,6944449.843000,11.215571,735
509493.568300,6944449.549000,11.192999,735
509492.760000,6944448.960000,11.098118,735
509492.355900,6944448.666000,11.040336,735
509491.547600,6944448.077000,10.859767,735
509491.280000,6944447.882000,10.800000,735
509491.143400,6944447.782000,10.771797,735
509490.739300,6944447.488000,10.659648,735
509490.335100,6944447.194000,10.545524,735
509489.931000,6944446.899000,10.431254,735
509489.526800,6944446.605000,10.311007,735
509489.491200,6944446.579000,10.300000,735
509489.122700,6944446.310000,10.209398,735
509488.718600,6944446.016000,10.110270,735
509488.314400,6944445.722000,10.021140,735
509487.910300,6944445.427000,9.953652,735
509487.506100,6944445.133000,9.886145,735
509487.102000,6944444.838000,9.818679,735
509525.900000,6944473.100000,15.345280,735
509525.868600,6944473.077000,15.300000,735
509525.495900,6944472.806000,14.633078,740
509525.180300,6944472.576000,14.300000,740
509525.091700,6944472.511000,14.212365,740
509524.687600,6944472.217000,13.813374,740
509524.676500,6944472.209000,13.800000,740
509524.283400,6944471.922000,13.474611,740
509524.073400,6944471.769000,13.300000,740
509523.879300,6944471.628000,13.132798,740
509523.489000,6944471.344000,12.800000,740
509523.475100,6944471.334000,12.791745,740
509523.071000,6944471.039000,12.578208,740
509522.666800,6944470.745000,12.428485,740
509522.313900,6944470.488000,12.300000,740
509522.262700,6944470.450000,12.282307,740
509521.858500,6944470.156000,12.146149,740
509520.646100,6944469.273000,12.031521,740
509520.242000,6944468.979000,12.032123,740
509519.433700,6944468.390000,12.058024,740
509519.029500,6944468.095000,12.071772,740
509518.221200,6944467.507000,12.101229,740
509517.817100,6944467.212000,12.112290,740
509516.604600,6944466.329000,12.076686,740
509516.200500,6944466.035000,12.036613,740
509515.392200,6944465.446000,11.944716,740
509514.988100,6944465.151000,11.895324,740
509514.583900,6944464.857000,11.842719,740
509514.253500,6944464.616000,11.800000,740
509514.179800,6944464.563000,11.791244,740
509513.775600,6944464.268000,11.758379,740
509513.371500,6944463.974000,11.777882,740
509512.967300,6944463.679000,11.797293,740
509512.909700,6944463.638000,11.800000,740
509512.563200,6944463.385000,11.818915,740
509512.159000,6944463.091000,11.950634,740
509511.754900,6944462.796000,12.095144,740
509511.350700,6944462.502000,12.239437,740
509511.203200,6944462.394000,12.300000,740
509510.946600,6944462.208000,12.409685,740
509510.542400,6944461.913000,12.599442,740
509510.138300,6944461.619000,12.786875,740
509510.106700,6944461.596000,12.800000,740
509509.734200,6944461.324000,13.001573,740
509509.330000,6944461.030000,13.155421,740
509508.947300,6944460.751000,13.300000,740
509508.925900,6944460.736000,13.308195,740
509508.521700,6944460.441000,13.463850,740
509508.117600,6944460.147000,13.494660,740
509507.713400,6944459.852000,13.522603,740
509507.309300,6944459.558000,13.550548,740
509506.905100,6944459.264000,13.510105,740
509506.501000,6944458.969000,13.435256,740
509506.096800,6944458.675000,13.357207,740
509505.886800,6944458.522000,13.300000,740
509505.692700,6944458.380000,13.246418,740
509505.288500,6944458.086000,13.074547,740
509504.884400,6944457.792000,12.897892,740
509504.670900,6944457.636000,12.800000,740
509504.480300,6944457.497000,12.732782,740
509504.076100,6944457.203000,12.520527,740
509503.679700,6944456.914000,12.300000,740
509503.672000,6944456.909000,12.295926,740
509503.267800,6944456.614000,12.087766,740
509502.863700,6944456.320000,11.837526,740
509502.806500,6944456.278000,11.800000,740
509502.459500,6944456.025000,11.601989,740
509502.055400,6944455.731000,11.371969,740
509501.920900,6944455.633000,11.300000,740
509501.651200,6944455.437000,11.170646,740
509501.247100,6944455.142000,10.996464,740
509500.842900,6944454.848000,10.822378,740
509500.787200,6944454.807000,10.800000,740
509500.438800,6944454.553000,10.667240,740
509500.034600,6944454.259000,10.600156,740
509499.630500,6944453.965000,10.533085,740
509499.226400,6944453.670000,10.465774,740
509498.822200,6944453.376000,10.480037,740
509498.418100,6944453.081000,10.515919,740
509498.013900,6944452.787000,10.551886,740
509497.609800,6944452.493000,10.608917,740
509497.205600,6944452.198000,10.689181,740
509496.801500,6944451.904000,10.769272,740
509496.636500,6944451.784000,10.800000,740
509496.397300,6944451.609000,10.848833,740
509495.993200,6944451.315000,10.911448,740
509495.184900,6944450.726000,11.036668,740
509494.780700,6944450.432000,11.050451,740
509493.972500,6944449.843000,11.062392,740
509493.568300,6944449.549000,11.038357,740
509492.760000,6944448.960000,10.941526,740
509492.355900,6944448.666000,10.882978,740
509491.984900,6944448.395000,10.800000,740
509491.951700,6944448.371000,10.793148,740
509491.547600,6944448.077000,10.709612,740
509491.143400,6944447.782000,10.626070,740
509490.739300,6944447.488000,10.514099,740
509490.335100,6944447.194000,10.399970,740
509489.982000,6944446.936000,10.300000,740
509489.931000,6944446.899000,10.288419,740
509489.526800,6944446.605000,10.192313,740
509489.122700,6944446.310000,10.093365,740
509488.718600,6944446.016000,9.994641,740
509488.314400,6944445.722000,9.905795,740
509487.910300,6944445.427000,9.838590,740
509487.678400,6944445.258000,9.800000,740
509487.506100,6944445.133000,9.771504,740
509487.102000,6944444.838000,9.704801,740
509525.900000,6944473.100000,15.099303,740
509525.657400,6944472.923000,14.800000,740
509525.495900,6944472.806000,14.432627,745
509525.370200,6944472.714000,14.300000,745
509525.091700,6944472.511000,14.024599,745
509524.864100,6944472.345000,13.800000,745
509524.687600,6944472.217000,13.676155,745
509524.283400,6944471.922000,13.346767,745
509524.227200,6944471.881000,13.300000,745
509523.879300,6944471.628000,13.000302,745
509523.644400,6944471.457000,12.800000,745
509523.475100,6944471.334000,12.699271,745
509523.071000,6944471.039000,12.488889,745
509522.666800,6944470.745000,12.342764,745
509522.549400,6944470.659000,12.300000,745
509522.262700,6944470.450000,12.200959,745
509521.858500,6944470.156000,12.067200,745
509520.646100,6944469.273000,11.954494,745
509520.242000,6944468.979000,11.954869,745
509519.433700,6944468.390000,11.979762,745
509519.029500,6944468.095000,11.992712,745
509518.221200,6944467.507000,12.019850,745
509517.817100,6944467.212000,12.029643,745
509516.604600,6944466.329000,11.988217,745
509516.200500,6944466.035000,11.945241,745
509515.392200,6944465.446000,11.847137,745
509515.030900,6944465.183000,11.800000,745
509514.988100,6944465.151000,11.794845,745
509514.583900,6944464.857000,11.744676,745
509514.179800,6944464.563000,11.694715,745
509513.775600,6944464.268000,11.658730,745
509513.371500,6944463.974000,11.676078,745
509512.967300,6944463.679000,11.693362,745
509512.563200,6944463.385000,11.710572,745
509512.251200,6944463.158000,11.800000,745
509512.159000,6944463.091000,11.830033,745
509511.754900,6944462.796000,11.975142,745
509511.350700,6944462.502000,12.119966,745
509510.946600,6944462.208000,12.286021,745
509510.915600,6944462.185000,12.300000,745
509510.542400,6944461.913000,12.475994,745
509510.138300,6944461.619000,12.666259,745
509509.816400,6944461.384000,12.800000,745
509509.734200,6944461.324000,12.844487,745
509509.330000,6944461.030000,13.000957,745
509508.925900,6944460.736000,13.155585,745
509508.548300,6944460.461000,13.300000,745
509508.521700,6944460.441000,13.310241,745
509508.117600,6944460.147000,13.341432,745
509507.713400,6944459.852000,13.368254,745
509507.309300,6944459.558000,13.395077,745
509506.905100,6944459.264000,13.351648,745
509506.643400,6944459.073000,13.300000,745
509506.501000,6944458.969000,13.271388,745
509506.096800,6944458.675000,13.191641,745
509505.692700,6944458.380000,13.077409,745
509505.288500,6944458.086000,12.902154,745
509505.060200,6944457.920000,12.800000,745
509504.884400,6944457.792000,12.737937,745
509504.480300,6944457.497000,12.594353,745
509504.076100,6944457.203000,12.374034,745
509503.943000,6944457.106000,12.300000,745
509503.672000,6944456.909000,12.157022,745
509503.267800,6944456.614000,11.943550,745
509503.036200,6944456.445000,11.800000,745
509502.863700,6944456.320000,11.707544,745
509502.459500,6944456.025000,11.475867,745
509502.151300,6944455.801000,11.300000,745
509502.055400,6944455.731000,11.250850,745
509501.651200,6944455.437000,11.056571,745
509501.247100,6944455.142000,10.880677,745
509501.060200,6944455.006000,10.800000,745
509500.842900,6944454.848000,10.711272,745
509500.438800,6944454.553000,10.555598,745
509500.034600,6944454.259000,10.487352,745
509499.630500,6944453.965000,10.418961,745
509499.226400,6944453.670000,10.350183,745
509498.822200,6944453.376000,10.362653,745
509498.418100,6944453.081000,10.396803,745
509498.013900,6944452.787000,10.431129,745
509497.609800,6944452.493000,10.486098,745
509497.205600,6944452.198000,10.564217,745
509496.801500,6944451.904000,10.642295,745
509496.397300,6944451.609000,10.716336,745
509495.993200,6944451.315000,10.771944,745
509495.787400,6944451.165000,10.800000,745
509495.589000,6944451.021000,10.829730,745
509495.184900,6944450.726000,10.889753,745
509494.780700,6944450.432000,10.901399,745
509493.972500,6944449.843000,10.909213,745
509493.568300,6944449.549000,10.883714,745
509493.164200,6944449.254000,10.834324,745
509492.882800,6944449.049000,10.800000,745
509492.760000,6944448.960000,10.786101,745
509492.355900,6944448.666000,10.731343,745
509491.951700,6944448.371000,10.647673,745
509491.547600,6944448.077000,10.563994,745
509491.143400,6944447.782000,10.480343,745
509490.739300,6944447.488000,10.368549,745
509490.496500,6944447.311000,10.300000,745
509490.335100,6944447.194000,10.263350,745
509489.931000,6944446.899000,10.171611,745
509489.526800,6944446.605000,10.075814,745
509489.122700,6944446.310000,9.977332,745
509488.718600,6944446.016000,9.879012,745
509488.358100,6944445.753000,9.800000,745
509488.314400,6944445.722000,9.790520,745
509487.910300,6944445.427000,9.723666,745
509487.506100,6944445.133000,9.657200,745
509487.102000,6944444.838000,9.591044,745
509525.900000,6944473.100000,14.859851,745
509525.851500,6944473.065000,14.800000,745
509525.495900,6944472.806000,14.236370,750
509525.091700,6944472.511000,13.836833,750
509525.054400,6944472.484000,13.800000,750
509524.687600,6944472.217000,13.542714,750
509524.283400,6944471.922000,13.215374,750
509523.879300,6944471.628000,12.867806,750
509523.799800,6944471.570000,12.800000,750
509523.475100,6944471.334000,12.606797,750
509523.071000,6944471.039000,12.399570,750
509522.792200,6944470.836000,12.300000,750
509522.666800,6944470.745000,12.257878,750
509522.262700,6944470.450000,12.119611,750
509521.858500,6944470.156000,11.988250,750
509520.646100,6944469.273000,11.877467,750
509520.242000,6944468.979000,11.877614,750
509519.433700,6944468.390000,11.901501,750
509519.029500,6944468.095000,11.913653,750
509518.221200,6944467.507000,11.938471,750
509517.817100,6944467.212000,11.946996,750
509516.604600,6944466.329000,11.899748,750
509516.200500,6944466.035000,11.853869,750
509515.796300,6944465.740000,11.801713,750
509515.782600,6944465.730000,11.800000,750
509515.392200,6944465.446000,11.754957,750
509514.988100,6944465.151000,11.704796,750
509514.583900,6944464.857000,11.651432,750
509514.179800,6944464.563000,11.598186,750
509513.775600,6944464.268000,11.559082,750
509513.371500,6944463.974000,11.574275,750
509512.967300,6944463.679000,11.589431,750
509512.563200,6944463.385000,11.604540,750
509512.159000,6944463.091000,11.720529,750
509511.908300,6944462.908000,11.800000,750
509511.754900,6944462.796000,11.855139,750
509511.350700,6944462.502000,12.000495,750
509510.946600,6944462.208000,12.167792,750
509510.653900,6944461.994000,12.300000,750
509510.542400,6944461.913000,12.352545,750
509510.138300,6944461.619000,12.545643,750
509509.734200,6944461.324000,12.715598,750
509509.449500,6944461.117000,12.800000,750
509509.330000,6944461.030000,12.846492,750
509508.925900,6944460.736000,13.003169,750
509508.521700,6944460.441000,13.158523,750
509508.117600,6944460.147000,13.188174,750
509507.713400,6944459.852000,13.213886,750
509507.309300,6944459.558000,13.239599,750
509506.905100,6944459.264000,13.193769,750
509506.501000,6944458.969000,13.110067,750
509506.096800,6944458.675000,13.026718,750
509505.692700,6944458.380000,12.908400,750
509505.445500,6944458.200000,12.800000,750
509505.288500,6944458.086000,12.745748,750
509504.884400,6944457.792000,12.601855,750
509504.480300,6944457.497000,12.455924,750
509504.199400,6944457.293000,12.300000,750
509504.076100,6944457.203000,12.233787,750
509503.672000,6944456.909000,12.018119,750
509503.269000,6944456.615000,11.800000,750
509503.267800,6944456.614000,11.799443,750
509502.863700,6944456.320000,11.582831,750
509502.459500,6944456.025000,11.349745,750
509502.372400,6944455.962000,11.300000,750
509502.055400,6944455.731000,11.137658,750
509501.651200,6944455.437000,10.942496,750
509501.326000,6944455.200000,10.800000,750
509501.247100,6944455.142000,10.767154,750
509500.842900,6944454.848000,10.601695,750
509500.438800,6944454.553000,10.443956,750
509500.034600,6944454.259000,10.374547,750
509499.630500,6944453.965000,10.304838,750
509499.602300,6944453.944000,10.300000,750
509499.226400,6944453.670000,10.245499,750
509498.822200,6944453.376000,10.254644,750
509498.418100,6944453.081000,10.281584,750
509498.141000,6944452.880000,10.300000,750
509498.013900,6944452.787000,10.310371,750
509497.609800,6944452.493000,10.363280,750
509497.205600,6944452.198000,10.439253,750
509496.801500,6944451.904000,10.515319,750
509496.397300,6944451.609000,10.587430,750
509495.993200,6944451.315000,10.640663,750
509495.589000,6944451.021000,10.694034,750
509495.184900,6944450.726000,10.747259,750
509494.780700,6944450.432000,10.756064,750
509494.376600,6944450.138000,10.757779,750
509493.972500,6944449.843000,10.759491,750
509493.568300,6944449.549000,10.734625,750
509493.164200,6944449.254000,10.688147,750
509492.760000,6944448.960000,10.641640,750
509492.355900,6944448.666000,10.586093,750
509491.951700,6944448.371000,10.502198,750
509491.547600,6944448.077000,10.418376,750
509491.143400,6944447.782000,10.334617,750
509491.018200,6944447.691000,10.300000,750
509490.739300,6944447.488000,10.237953,750
509490.335100,6944447.194000,10.146321,750
509489.931000,6944446.899000,10.054804,750
509489.526800,6944446.605000,9.959314,750
509489.122700,6944446.310000,9.861299,750
509488.870000,6944446.126000,9.800000,750
509488.718600,6944446.016000,9.763338,750
509488.314400,6944445.722000,9.676021,750
509487.910300,6944445.427000,9.608813,750
509487.506100,6944445.133000,9.542896,750
509487.102000,6944444.838000,9.477287,750
509525.900000,6944473.100000,14.649186,750
509525.561800,6944472.854000,14.300000,750
509525.495900,6944472.806000,14.048313,755
509525.244600,6944472.623000,13.800000,755
509525.091700,6944472.511000,13.692652,755
509524.687600,6944472.217000,13.409272,755
509524.283400,6944471.922000,13.081933,755
509523.955100,6944471.683000,12.800000,755
509523.879300,6944471.628000,12.754542,755
509523.475100,6944471.334000,12.514323,755
509523.071000,6944471.039000,12.310251,755
509523.042300,6944471.018000,12.300000,755
509522.666800,6944470.745000,12.173824,755
509522.262700,6944470.450000,12.038263,755
509521.858500,6944470.156000,11.909300,755
509520.646100,6944469.273000,11.800440,755
509520.242000,6944468.979000,11.800360,755
509519.433700,6944468.390000,11.823239,755
509519.029500,6944468.095000,11.834594,755
509518.221200,6944467.507000,11.857092,755
509517.817100,6944467.212000,11.864349,755
509516.604600,6944466.329000,11.811278,755
509516.508900,6944466.259000,11.800000,755
509516.200500,6944466.035000,11.766373,755
509515.796300,6944465.740000,11.717036,755
509515.392200,6944465.446000,11.667822,755
509514.988100,6944465.151000,11.614747,755
509514.583900,6944464.857000,11.558188,755
509514.179800,6944464.563000,11.501657,755
509513.775600,6944464.268000,11.459433,755
509513.371500,6944463.974000,11.472472,755
509512.967300,6944463.679000,11.485500,755
509512.563200,6944463.385000,11.498508,755
509512.159000,6944463.091000,11.614705,755
509511.754900,6944462.796000,11.743066,755
509511.575600,6944462.666000,11.800000,755
509511.350700,6944462.502000,11.881024,755
509510.946600,6944462.208000,12.049563,755
509510.542400,6944461.913000,12.233815,755
509510.398400,6944461.808000,12.300000,755
509510.138300,6944461.619000,12.425027,755
509509.734200,6944461.324000,12.597851,755
509509.330000,6944461.030000,12.718371,755
509509.056300,6944460.831000,12.800000,755
509508.925900,6944460.736000,12.850753,755
509508.521700,6944460.441000,13.006940,755
509508.117600,6944460.147000,13.034904,755
509507.713400,6944459.852000,13.059503,755
509507.309300,6944459.558000,13.084112,755
509506.905100,6944459.264000,13.036169,755
509506.501000,6944458.969000,12.948745,755
509506.096800,6944458.675000,12.861796,755
509505.890300,6944458.524000,12.800000,755
509505.692700,6944458.380000,12.754053,755
509505.288500,6944458.086000,12.612594,755
509504.884400,6944457.792000,12.465774,755
509504.480300,6944457.497000,12.317495,755
509504.448700,6944457.474000,12.300000,755
509504.076100,6944457.203000,12.099922,755
509503.672000,6944456.909000,11.879216,755
509503.525600,6944456.802000,11.800000,755
509503.267800,6944456.614000,11.678773,755
509502.863700,6944456.320000,11.458119,755
509502.590200,6944456.120000,11.300000,755
509502.459500,6944456.025000,11.232608,755
509502.055400,6944455.731000,11.024466,755
509501.651200,6944455.437000,10.828421,755
509501.586400,6944455.389000,10.800000,755
509501.247100,6944455.142000,10.658834,755
509500.842900,6944454.848000,10.492118,755
509500.438800,6944454.553000,10.332314,755
509500.252700,6944454.418000,10.300000,755
509500.034600,6944454.259000,10.267872,755
509499.630500,6944453.965000,10.208526,755
509499.226400,6944453.670000,10.149182,755
509498.822200,6944453.376000,10.157370,755
509498.418100,6944453.081000,10.183278,755
509498.013900,6944452.787000,10.209193,755
509497.609800,6944452.493000,10.251312,755
509497.282800,6944452.254000,10.300000,755
509497.205600,6944452.198000,10.314290,755
509496.801500,6944451.904000,10.388343,755
509496.397300,6944451.609000,10.458524,755
509495.993200,6944451.315000,10.509383,755
509495.589000,6944451.021000,10.560577,755
509495.184900,6944450.726000,10.611708,755
509494.780700,6944450.432000,10.618637,755
509494.376600,6944450.138000,10.618501,755
509493.972500,6944449.843000,10.618361,755
509493.568300,6944449.549000,10.592090,755
509493.164200,6944449.254000,10.544642,755
509492.760000,6944448.960000,10.497178,755
509492.355900,6944448.666000,10.440843,755
509491.951700,6944448.371000,10.356723,755
509491.678600,6944448.172000,10.300000,755
509491.547600,6944448.077000,10.278064,755
509491.143400,6944447.782000,10.210413,755
509490.739300,6944447.488000,10.120669,755
509490.335100,6944447.194000,10.029293,755
509489.931000,6944446.899000,9.937996,755
509489.526800,6944446.605000,9.842814,755
509489.349900,6944446.476000,9.800000,755
509489.122700,6944446.310000,9.745153,755
509488.718600,6944446.016000,9.647567,755
509488.314400,6944445.722000,9.561522,755
509487.910300,6944445.427000,9.493959,755
509487.506100,6944445.133000,9.428592,755
509487.102000,6944444.838000,9.363530,755
509525.900000,6944473.100000,14.448115,755
509525.756500,6944472.995000,14.300000,755
509525.434900,6944472.761000,13.800000,760
509525.091700,6944472.511000,13.559107,760
509524.722100,6944472.242000,13.300000,760
509524.687600,6944472.217000,13.275582,760
509524.283400,6944471.922000,12.948491,760
509524.110500,6944471.796000,12.800000,760
509523.879300,6944471.628000,12.661436,760
509523.475100,6944471.334000,12.421849,760
509523.233400,6944471.158000,12.300000,760
509523.071000,6944471.039000,12.223281,760
509522.666800,6944470.745000,12.089771,760
509522.262700,6944470.450000,11.956914,760
509521.858500,6944470.156000,11.830351,760
509521.514800,6944469.906000,11.800000,760
509521.454400,6944469.862000,11.795174,760
509521.050200,6944469.567000,11.762712,760
509520.646100,6944469.273000,11.730279,760
509520.242000,6944468.979000,11.730036,760
509519.837800,6944468.684000,11.740023,760
509519.433700,6944468.390000,11.749998,760
509519.029500,6944468.095000,11.759628,760
509518.625400,6944467.801000,11.768827,760
509518.221200,6944467.507000,11.778003,760
509517.817100,6944467.212000,11.783452,760
509517.412900,6944466.918000,11.765772,760
509517.008800,6944466.623000,11.748152,760
509516.604600,6944466.329000,11.730574,760
509516.200500,6944466.035000,11.684446,760
509515.796300,6944465.740000,11.632539,760
509515.392200,6944465.446000,11.580688,760
509514.988100,6944465.151000,11.524698,760
509514.583900,6944464.857000,11.464944,760
509514.179800,6944464.563000,11.405127,760
509513.775600,6944464.268000,11.359785,760
509513.371500,6944463.974000,11.370669,760
509512.967300,6944463.679000,11.381569,760
509512.563200,6944463.385000,11.392476,760
509512.159000,6944463.091000,11.508881,760
509511.754900,6944462.796000,11.637733,760
509511.350700,6944462.502000,11.766322,760
509511.260000,6944462.436000,11.800000,760
509510.946600,6944462.208000,11.931334,760
509510.542400,6944461.913000,12.118582,760
509510.147500,6944461.625000,12.300000,760
509510.138300,6944461.619000,12.304411,760
509509.734200,6944461.324000,12.480103,760
509509.330000,6944461.030000,12.601592,760
509508.925900,6944460.736000,12.722877,760
509508.664700,6944460.545000,12.800000,760
509508.521700,6944460.441000,12.855357,760
509508.117600,6944460.147000,12.881635,760
509507.713400,6944459.852000,12.905121,760
509507.309300,6944459.558000,12.928625,760
509506.905100,6944459.264000,12.878569,760
509506.555600,6944459.009000,12.800000,760
509506.501000,6944458.969000,12.790501,760
509506.096800,6944458.675000,12.721947,760
509505.692700,6944458.380000,12.625930,760
509505.288500,6944458.086000,12.479440,760
509504.884400,6944457.792000,12.329693,760
509504.803600,6944457.733000,12.300000,760
509504.480300,6944457.497000,12.184713,760
509504.076100,6944457.203000,11.966056,760
509503.775900,6944456.984000,11.800000,760
509503.672000,6944456.909000,11.749368,760
509503.267800,6944456.614000,11.558103,760
509502.863700,6944456.320000,11.333407,760
509502.805900,6944456.278000,11.300000,760
509502.459500,6944456.025000,11.121324,760
509502.055400,6944455.731000,10.911273,760
509501.826200,6944455.564000,10.800000,760
509501.651200,6944455.437000,10.719048,760
509501.247100,6944455.142000,10.550514,760
509500.842900,6944454.848000,10.382540,760
509500.635000,6944454.696000,10.300000,760
509500.438800,6944454.553000,10.233253,760
509500.034600,6944454.259000,10.173140,760
509499.630500,6944453.965000,10.113004,760
509499.226400,6944453.670000,10.052866,760
509498.822200,6944453.376000,10.060095,760
509498.418100,6944453.081000,10.084972,760
509498.013900,6944452.787000,10.109854,760
509497.609800,6944452.493000,10.150878,760
509497.205600,6944452.198000,10.209853,760
509496.801500,6944451.904000,10.268636,760
509496.571200,6944451.736000,10.300000,760
509496.397300,6944451.609000,10.329618,760
509495.993200,6944451.315000,10.378103,760
509495.589000,6944451.021000,10.427120,760
509495.184900,6944450.726000,10.476157,760
509494.780700,6944450.432000,10.481210,760
509494.376600,6944450.138000,10.479222,760
509493.972500,6944449.843000,10.477230,760
509493.568300,6944449.549000,10.449554,760
509493.164200,6944449.254000,10.401137,760
509492.760000,6944448.960000,10.352716,760
509492.386900,6944448.688000,10.300000,760
509492.355900,6944448.666000,10.296458,760
509491.951700,6944448.371000,10.228629,760
509491.547600,6944448.077000,10.160810,760
509491.143400,6944447.782000,10.092916,760
509490.739300,6944447.488000,10.003384,760
509490.335100,6944447.194000,9.912264,760
509489.931000,6944446.899000,9.821189,760
509489.840900,6944446.834000,9.800000,760
509489.526800,6944446.605000,9.726483,760
509489.122700,6944446.310000,9.628880,760
509488.718600,6944446.016000,9.531796,760
509488.314400,6944445.722000,9.447022,760
509487.910300,6944445.427000,9.379105,760
509487.506100,6944445.133000,9.314288,760
509487.416900,6944445.068000,9.300000,760
509487.102000,6944444.838000,9.261073,760
509525.900000,6944473.100000,14.250070,760
509525.495900,6944472.806000,13.860256,760
509525.495900,6944472.806000,13.705562,765
509525.091700,6944472.511000,13.425562,765
509524.912600,6944472.381000,13.300000,765
509524.687600,6944472.217000,13.140765,765
509524.283400,6944471.922000,12.815050,765
509524.265900,6944471.910000,12.800000,765
509523.879300,6944471.628000,12.568331,765
509523.475100,6944471.334000,12.329375,765
509523.416800,6944471.291000,12.300000,765
509523.071000,6944471.039000,12.136617,765
509522.666800,6944470.745000,12.005717,765
509522.262700,6944470.450000,11.875566,765
509522.019600,6944470.273000,11.800000,765
509521.858500,6944470.156000,11.755679,765
509521.454400,6944469.862000,11.723809,765
509521.050200,6944469.567000,11.691973,765
509520.646100,6944469.273000,11.660158,765
509520.242000,6944468.979000,11.659745,765
509519.837800,6944468.684000,11.669316,765
509519.433700,6944468.390000,11.678878,765
509519.029500,6944468.095000,11.687847,765
509518.625400,6944467.801000,11.696082,765
509518.221200,6944467.507000,11.704299,765
509517.817100,6944467.212000,11.708706,765
509517.412900,6944466.918000,11.689440,765
509517.008800,6944466.623000,11.670211,765
509516.604600,6944466.329000,11.651004,765
509516.200500,6944466.035000,11.602519,765
509515.796300,6944465.740000,11.548042,765
509515.392200,6944465.446000,11.493553,765
509514.988100,6944465.151000,11.434648,765
509514.583900,6944464.857000,11.371700,765
509514.179800,6944464.563000,11.308598,765
509514.106200,6944464.509000,11.300000,765
509513.775600,6944464.268000,11.263713,765
509512.563200,6944463.385000,11.287723,765
509512.516300,6944463.351000,11.300000,765
509512.159000,6944463.091000,11.403058,765
509511.754900,6944462.796000,11.532400,765
509511.350700,6944462.502000,11.661671,765
509510.977900,6944462.230000,11.800000,765
509510.946600,6944462.208000,11.813105,765
509510.542400,6944461.913000,12.003349,765
509510.138300,6944461.619000,12.191356,765
509509.877500,6944461.429000,12.300000,765
509509.734200,6944461.324000,12.362355,765
509509.330000,6944461.030000,12.484814,765
509508.925900,6944460.736000,12.607252,765
509508.521700,6944460.441000,12.727685,765
509508.117600,6944460.147000,12.746518,765
509507.713400,6944459.852000,12.763177,765
509507.309300,6944459.558000,12.779893,765
509506.905100,6944459.264000,12.740335,765
509506.501000,6944458.969000,12.668655,765
509506.096800,6944458.675000,12.597123,765
509505.692700,6944458.380000,12.497807,765
509505.288500,6944458.086000,12.346285,765
509505.164200,6944457.995000,12.300000,765
509504.884400,6944457.792000,12.199542,765
509504.480300,6944457.497000,12.052747,765
509504.076100,6944457.203000,11.832191,765
509504.017900,6944457.161000,11.800000,765
509503.672000,6944456.909000,11.631538,765
509503.267800,6944456.614000,11.437434,765
509503.021800,6944456.435000,11.300000,765
509502.863700,6944456.320000,11.220504,765
509502.459500,6944456.025000,11.010041,765
509502.059000,6944455.734000,10.800000,765
509502.055400,6944455.731000,10.798210,765
509501.651200,6944455.437000,10.611234,765
509501.247100,6944455.142000,10.442194,765
509500.906900,6944454.894000,10.300000,765
509500.842900,6944454.848000,10.276925,765
509500.438800,6944454.553000,10.139317,765
509500.034600,6944454.259000,10.078409,765
509499.630500,6944453.965000,10.017481,765
509499.226400,6944453.670000,9.956550,765
509498.822200,6944453.376000,9.962820,765
509498.418100,6944453.081000,9.986666,765
509498.013900,6944452.787000,10.010515,765
509497.609800,6944452.493000,10.050444,765
509497.205600,6944452.198000,10.108067,765
509496.801500,6944451.904000,10.165554,765
509496.397300,6944451.609000,10.219588,765
509495.993200,6944451.315000,10.257128,765
509495.589000,6944451.021000,10.294904,765
509495.533700,6944450.980000,10.300000,765
509495.184900,6944450.726000,10.340606,765
509494.780700,6944450.432000,10.343783,765
509494.376600,6944450.138000,10.339944,765
509493.972500,6944449.843000,10.336099,765
509493.568300,6944449.549000,10.307019,765
509493.510500,6944449.507000,10.300000,765
509493.164200,6944449.254000,10.266029,765
509492.760000,6944448.960000,10.226343,765
509492.355900,6944448.666000,10.179737,765
509491.951700,6944448.371000,10.111645,765
509491.547600,6944448.077000,10.043557,765
509491.143400,6944447.782000,9.975418,765
509490.739300,6944447.488000,9.886100,765
509490.356400,6944447.209000,9.800000,765
509490.335100,6944447.194000,9.795262,765
509489.931000,6944446.899000,9.704985,765
509489.526800,6944446.605000,9.610248,765
509489.122700,6944446.310000,9.512606,765
509488.718600,6944446.016000,9.416024,765
509488.314400,6944445.722000,9.332523,765
509488.121600,6944445.581000,9.300000,765
509487.910300,6944445.427000,9.272227,765
509487.506100,6944445.133000,9.222440,765
509487.102000,6944444.838000,9.172909,765
509525.900000,6944473.100000,14.060490,765
509525.629600,6944472.903000,13.800000,765
509525.495900,6944472.806000,13.566598,770
509525.103900,6944472.520000,13.300000,770
509525.091700,6944472.511000,13.291463,770
509524.687600,6944472.217000,13.005949,770
509524.431900,6944472.031000,12.800000,770
509524.283400,6944471.922000,12.712119,770
509523.879300,6944471.628000,12.475225,770
509523.582700,6944471.412000,12.300000,770
509523.475100,6944471.334000,12.239220,770
509523.071000,6944471.039000,12.049952,770
509522.666800,6944470.745000,11.921663,770
509522.281600,6944470.464000,11.800000,770
509522.262700,6944470.450000,11.794725,770
509521.858500,6944470.156000,11.683678,770
509521.454400,6944469.862000,11.652444,770
509521.050200,6944469.567000,11.621234,770
509520.646100,6944469.273000,11.590037,770
509520.242000,6944468.979000,11.589454,770
509519.837800,6944468.684000,11.598609,770
509519.433700,6944468.390000,11.607758,770
509519.029500,6944468.095000,11.616067,770
509518.625400,6944467.801000,11.623338,770
509518.221200,6944467.507000,11.630595,770
509517.817100,6944467.212000,11.633961,770
509517.412900,6944466.918000,11.613107,770
509517.008800,6944466.623000,11.592270,770
509516.604600,6944466.329000,11.571435,770
509516.200500,6944466.035000,11.520592,770
509515.796300,6944465.740000,11.463545,770
509515.392200,6944465.446000,11.406418,770
509514.988100,6944465.151000,11.344599,770
509514.712500,6944464.951000,11.300000,770
509514.583900,6944464.857000,11.280294,770
509514.179800,6944464.563000,11.219740,770
509513.775600,6944464.268000,11.173003,770
509512.563200,6944463.385000,11.191693,770
509512.159000,6944463.091000,11.297499,770
509512.150500,6944463.084000,11.300000,770
509511.754900,6944462.796000,11.427068,770
509511.350700,6944462.502000,11.557021,770
509510.946600,6944462.208000,11.708665,770
509510.729300,6944462.049000,11.800000,770
509510.542400,6944461.913000,11.888115,770
509510.138300,6944461.619000,12.078588,770
509509.734200,6944461.324000,12.247448,770
509509.553600,6944461.193000,12.300000,770
509509.330000,6944461.030000,12.368035,770
509508.925900,6944460.736000,12.491627,770
509508.521700,6944460.441000,12.613768,770
509508.117600,6944460.147000,12.632089,770
509507.713400,6944459.852000,12.647777,770
509507.309300,6944459.558000,12.663508,770
509506.905100,6944459.264000,12.621355,770
509506.501000,6944458.969000,12.546808,770
509506.096800,6944458.675000,12.472299,770
509505.692700,6944458.380000,12.369684,770
509505.508900,6944458.247000,12.300000,770
509505.288500,6944458.086000,12.218986,770
509504.884400,6944457.792000,12.071045,770
509504.480300,6944457.497000,11.920781,770
509504.259400,6944457.336000,11.800000,770
509504.076100,6944457.203000,11.711358,770
509503.672000,6944456.909000,11.513708,770
509503.267800,6944456.614000,11.316764,770
509503.237800,6944456.592000,11.300000,770
509502.863700,6944456.320000,11.111922,770
509502.459500,6944456.025000,10.898757,770
509502.271200,6944455.888000,10.800000,770
509502.055400,6944455.731000,10.692649,770
509501.651200,6944455.437000,10.503420,770
509501.247100,6944455.142000,10.333874,770
509501.166000,6944455.083000,10.300000,770
509500.842900,6944454.848000,10.183406,770
509500.438800,6944454.553000,10.045380,770
509500.034600,6944454.259000,9.983677,770
509499.630500,6944453.965000,9.921958,770
509499.226400,6944453.670000,9.860234,770
509498.822200,6944453.376000,9.865545,770
509498.418100,6944453.081000,9.888360,770
509498.013900,6944452.787000,9.911177,770
509497.609800,6944452.493000,9.950009,770
509497.205600,6944452.198000,10.006281,770
509496.801500,6944451.904000,10.062472,770
509496.397300,6944451.609000,10.115189,770
509495.993200,6944451.315000,10.151287,770
509495.589000,6944451.021000,10.187566,770
509495.184900,6944450.726000,10.223782,770
509494.780700,6944450.432000,10.224899,770
509493.972500,6944449.843000,10.215910,770
509493.568300,6944449.549000,10.191499,770
509493.164200,6944449.254000,10.150968,770
509492.760000,6944448.960000,10.110363,770
509492.355900,6944448.666000,10.063016,770
509491.951700,6944448.371000,9.994660,770
509491.547600,6944448.077000,9.926303,770
509491.143400,6944447.782000,9.857921,770
509490.880900,6944447.591000,9.800000,770
509490.739300,6944447.488000,9.768791,770
509490.335100,6944447.194000,9.678882,770
509489.931000,6944446.899000,9.588915,770
509489.526800,6944446.605000,9.494014,770
509489.122700,6944446.310000,9.396333,770
509488.718600,6944446.016000,9.300253,770
509488.717300,6944446.015000,9.300000,770
509488.314400,6944445.722000,9.235216,770
509487.910300,6944445.427000,9.183001,770
509487.506100,6944445.133000,9.133801,770
509487.102000,6944444.838000,9.084744,770
509525.900000,6944473.100000,13.870910,770
509525.826400,6944473.046000,13.800000,770
509525.308200,6944472.669000,13.300000,775
509525.091700,6944472.511000,13.148649,775
509524.687600,6944472.217000,12.871132,775
509524.599300,6944472.153000,12.800000,775
509524.283400,6944471.922000,12.613067,775
509523.879300,6944471.628000,12.382120,775
509523.740300,6944471.527000,12.300000,775
509523.475100,6944471.334000,12.150145,775
509523.071000,6944471.039000,11.963287,775
509522.666800,6944470.745000,11.837610,775
509522.547700,6944470.658000,11.800000,775
509522.262700,6944470.450000,11.720507,775
509521.858500,6944470.156000,11.611678,775
509521.454400,6944469.862000,11.581079,775
509521.050200,6944469.567000,11.550495,775
509520.646100,6944469.273000,11.519916,775
509520.242000,6944468.979000,11.519163,775
509519.837800,6944468.684000,11.527902,775
509519.433700,6944468.390000,11.536637,775
509519.029500,6944468.095000,11.544286,775
509518.625400,6944467.801000,11.550593,775
509518.221200,6944467.507000,11.556891,775
509517.817100,6944467.212000,11.559216,775
509517.412900,6944466.918000,11.536774,775
509517.008800,6944466.623000,11.514329,775
509516.604600,6944466.329000,11.491865,775
509516.200500,6944466.035000,11.438664,775
509515.796300,6944465.740000,11.379048,775
509515.392200,6944465.446000,11.319284,775
509515.269000,6944465.356000,11.300000,775
509514.988100,6944465.151000,11.258373,775
509514.179800,6944464.563000,11.131632,775
509513.775600,6944464.268000,11.082294,775
509512.563200,6944463.385000,11.095664,775
509512.159000,6944463.091000,11.201833,775
509511.822500,6944462.846000,11.300000,775
509511.754900,6944462.796000,11.321735,775
509511.350700,6944462.502000,11.452370,775
509510.946600,6944462.208000,11.605944,775
509510.542400,6944461.913000,11.776110,775
509510.486700,6944461.873000,11.800000,775
509510.138300,6944461.619000,11.965820,775
509509.734200,6944461.324000,12.135739,775
509509.330000,6944461.030000,12.253848,775
509509.173000,6944460.916000,12.300000,775
509508.925900,6944460.736000,12.376001,775
509508.521700,6944460.441000,12.499851,775
509508.117600,6944460.147000,12.517660,775
509507.713400,6944459.852000,12.532377,775
509507.309300,6944459.558000,12.547123,775
509506.905100,6944459.264000,12.502374,775
509506.501000,6944458.969000,12.424961,775
509506.096800,6944458.675000,12.347475,775
509505.913100,6944458.541000,12.300000,775
509505.692700,6944458.380000,12.244906,775
509505.288500,6944458.086000,12.094806,775
509504.884400,6944457.792000,11.942549,775
509504.508900,6944457.518000,11.800000,775
509504.480300,6944457.497000,11.790405,775
509504.076100,6944457.203000,11.594652,775
509503.672000,6944456.909000,11.395878,775
509503.475600,6944456.765000,11.300000,775
509503.267800,6944456.614000,11.207452,775
509502.863700,6944456.320000,11.003339,775
509502.482400,6944456.042000,10.800000,775
509502.459500,6944456.025000,10.788341,775
509502.055400,6944455.731000,10.587088,775
509501.651200,6944455.437000,10.395606,775
509501.423500,6944455.271000,10.300000,775
509501.247100,6944455.142000,10.236251,775
509500.842900,6944454.848000,10.089887,775
509500.438800,6944454.553000,9.951444,775
509500.034600,6944454.259000,9.888946,775
509499.630500,6944453.965000,9.826435,775
509499.458800,6944453.840000,9.800000,775
509499.226400,6944453.670000,9.763927,775
509498.822200,6944453.376000,9.768268,775
509498.418100,6944453.081000,9.790053,775
509498.232500,6944452.946000,9.800000,775
509498.013900,6944452.787000,9.811838,775
509497.609800,6944452.493000,9.849575,775
509497.205600,6944452.198000,9.904496,775
509496.801500,6944451.904000,9.959391,775
509496.397300,6944451.609000,10.010791,775
509495.993200,6944451.315000,10.045446,775
509495.589000,6944451.021000,10.080228,775
509495.184900,6944450.726000,10.114968,775
509494.780700,6944450.432000,10.114685,775
509493.972500,6944449.843000,10.102919,775
509493.568300,6944449.549000,10.077378,775
509493.164200,6944449.254000,10.035906,775
509492.760000,6944448.960000,9.994383,775
509492.355900,6944448.666000,9.946295,775
509491.951700,6944448.371000,9.877675,775
509491.547600,6944448.077000,9.809049,775
509491.494200,6944448.038000,9.800000,775
509491.143400,6944447.782000,9.740427,775
509490.739300,6944447.488000,9.651415,775
509490.335100,6944447.194000,9.562502,775
509489.931000,6944446.899000,9.472845,775
509489.526800,6944446.605000,9.377780,775
509489.205100,6944446.371000,9.300000,775
509489.122700,6944446.310000,9.284298,775
509488.718600,6944446.016000,9.209482,775
509488.314400,6944445.722000,9.144731,775
509487.910300,6944445.427000,9.093774,775
509487.506100,6944445.133000,9.045161,775
509487.102000,6944444.838000,8.996580,775
509525.900000,6944473.100000,13.708614,775
509525.495900,6944472.806000,13.427634,775
509525.495900,6944472.806000,13.288069,780
509525.091700,6944472.511000,13.005835,780
509524.787300,6944472.289000,12.800000,780
509524.687600,6944472.217000,12.749464,780
509524.283400,6944471.922000,12.514014,780
509523.900200,6944471.643000,12.300000,780
509523.879300,6944471.628000,12.288665,780
509523.475100,6944471.334000,12.061070,780
509523.071000,6944471.039000,11.876622,780
509522.822300,6944470.858000,11.800000,780
509522.666800,6944470.745000,11.757740,780
509522.262700,6944470.450000,11.646289,780
509521.858500,6944470.156000,11.539677,780
509521.454400,6944469.862000,11.509713,780
509521.050200,6944469.567000,11.479756,780
509520.646100,6944469.273000,11.449794,780
509520.242000,6944468.979000,11.448873,780
509519.837800,6944468.684000,11.457194,780
509519.433700,6944468.390000,11.465517,780
509519.029500,6944468.095000,11.472505,780
509518.625400,6944467.801000,11.477848,780
509518.221200,6944467.507000,11.483187,780
509517.817100,6944467.212000,11.484471,780
509517.412900,6944466.918000,11.460441,780
509517.008800,6944466.623000,11.436388,780
509516.604600,6944466.329000,11.412296,780
509516.200500,6944466.035000,11.356737,780
509515.830800,6944465.765000,11.300000,780
509515.796300,6944465.740000,11.294992,780
509515.392200,6944465.446000,11.237762,780
509514.988100,6944465.151000,11.175898,780
509514.179800,6944464.563000,11.043523,780
509513.775600,6944464.268000,10.991585,780
509512.563200,6944463.385000,10.999634,780
509512.159000,6944463.091000,11.106166,780
509511.754900,6944462.796000,11.224582,780
509511.498200,6944462.609000,11.300000,780
509511.350700,6944462.502000,11.347719,780
509510.946600,6944462.208000,11.503222,780
509510.542400,6944461.913000,11.674593,780
509510.249800,6944461.700000,11.800000,780
509510.138300,6944461.619000,11.853052,780
509509.734200,6944461.324000,12.024030,780
509509.330000,6944461.030000,12.143278,780
509508.925900,6944460.736000,12.262531,780
509508.799600,6944460.644000,12.300000,780
509508.521700,6944460.441000,12.385935,780
509508.117600,6944460.147000,12.403230,780
509507.713400,6944459.852000,12.416978,780
509507.309300,6944459.558000,12.430739,780
509506.905100,6944459.264000,12.383393,780
509506.501000,6944458.969000,12.303115,780
509506.485000,6944458.958000,12.300000,780
509506.096800,6944458.675000,12.226626,780
509505.692700,6944458.380000,12.124117,780
509505.288500,6944458.086000,11.970626,780
509504.884400,6944457.792000,11.814052,780
509504.847400,6944457.765000,11.800000,780
509504.480300,6944457.497000,11.677197,780
509504.076100,6944457.203000,11.477946,780
509503.716000,6944456.941000,11.300000,780
509503.672000,6944456.909000,11.280336,780
509503.267800,6944456.614000,11.099972,780
509502.863700,6944456.320000,10.894757,780
509502.686000,6944456.190000,10.800000,780
509502.459500,6944456.025000,10.684772,780
509502.055400,6944455.731000,10.481526,780
509501.676200,6944455.455000,10.300000,780
509501.651200,6944455.437000,10.289601,780
509501.247100,6944455.142000,10.143496,780
509500.842900,6944454.848000,9.996368,780
509500.438800,6944454.553000,9.857507,780
509500.071300,6944454.286000,9.800000,780
509500.034600,6944454.259000,9.794239,780
509499.630500,6944453.965000,9.731160,780
509499.226400,6944453.670000,9.667637,780
509498.822200,6944453.376000,9.670986,780
509498.418100,6944453.081000,9.691742,780
509498.013900,6944452.787000,9.712722,780
509497.609800,6944452.493000,9.749252,780
509497.225800,6944452.213000,9.800000,780
509497.205600,6944452.198000,9.802710,780
509496.801500,6944451.904000,9.856309,780
509496.397300,6944451.609000,9.906392,780
509495.993200,6944451.315000,9.939605,780
509495.589000,6944451.021000,9.972890,780
509495.184900,6944450.726000,10.006154,780
509494.780700,6944450.432000,10.004471,780
509493.972500,6944449.843000,9.989928,780
509493.568300,6944449.549000,9.963257,780
509493.164200,6944449.254000,9.920845,780
509492.760000,6944448.960000,9.878404,780
509492.355900,6944448.666000,9.829574,780
509492.182100,6944448.539000,9.800000,780
509491.951700,6944448.371000,9.760717,780
509491.547600,6944448.077000,9.692568,780
509491.143400,6944447.782000,9.622939,780
509490.739300,6944447.488000,9.534039,780
509490.335100,6944447.194000,9.446122,780
509489.931000,6944446.899000,9.356776,780
509489.689900,6944446.724000,9.300000,780
509489.526800,6944446.605000,9.269244,780
509489.122700,6944446.310000,9.192739,780
509488.718600,6944446.016000,9.118766,780
509488.314400,6944445.722000,9.054246,780
509487.910300,6944445.427000,9.004547,780
509487.506100,6944445.133000,8.956521,780
509487.102000,6944444.838000,8.908415,780
509525.900000,6944473.100000,13.562622,780
509525.513400,6944472.818000,13.300000,780
509525.495900,6944472.806000,13.141729,785
509525.091700,6944472.511000,12.863021,785
509524.998500,6944472.443000,12.800000,785
509524.687600,6944472.217000,12.642482,785
509524.283400,6944471.922000,12.414962,785
509524.077600,6944471.772000,12.300000,785
509523.879300,6944471.628000,12.192599,785
509523.475100,6944471.334000,11.971995,785
509523.093900,6944471.056000,11.800000,785
509523.071000,6944471.039000,11.790854,785
509522.666800,6944470.745000,11.681259,785
509522.262700,6944470.450000,11.572071,785
509521.858500,6944470.156000,11.467677,785
509521.454400,6944469.862000,11.438348,785
509521.050200,6944469.567000,11.409017,785
509520.646100,6944469.273000,11.379673,785
509520.242000,6944468.979000,11.378582,785
509519.837800,6944468.684000,11.386487,785
509519.433700,6944468.390000,11.394396,785
509519.029500,6944468.095000,11.400724,785
509518.625400,6944467.801000,11.405104,785
509518.221200,6944467.507000,11.409483,785
509517.817100,6944467.212000,11.409725,785
509517.412900,6944466.918000,11.384108,785
509517.008800,6944466.623000,11.358447,785
509516.604600,6944466.329000,11.332726,785
509516.373400,6944466.161000,11.300000,785
509516.200500,6944466.035000,11.276814,785
509515.392200,6944465.446000,11.157835,785
509514.988100,6944465.151000,11.093424,785
509514.179800,6944464.563000,10.955415,785
509513.775600,6944464.268000,10.900876,785
509512.563200,6944463.385000,10.903605,785
509512.159000,6944463.091000,11.010500,785
509511.754900,6944462.796000,11.129556,785
509511.350700,6944462.502000,11.248645,785
509511.206300,6944462.397000,11.300000,785
509510.946600,6944462.208000,11.400501,785
509510.542400,6944461.913000,11.573075,785
509510.138300,6944461.619000,11.747083,785
509509.998900,6944461.517000,11.800000,785
509509.734200,6944461.324000,11.912321,785
509509.330000,6944461.030000,12.032709,785
509508.925900,6944460.736000,12.153195,785
509508.521700,6944460.441000,12.273394,785
509508.117600,6944460.147000,12.289313,785
509507.763000,6944459.889000,12.300000,785
509507.713400,6944459.852000,12.301578,785
509507.309300,6944459.558000,12.314354,785
509507.191300,6944459.472000,12.300000,785
509506.905100,6944459.264000,12.266176,785
509506.501000,6944458.969000,12.187190,785
509506.096800,6944458.675000,12.108217,785
509505.692700,6944458.380000,12.003329,785
509505.288500,6944458.086000,11.846446,785
509505.169000,6944457.999000,11.800000,785
509504.884400,6944457.792000,11.702136,785
509504.480300,6944457.497000,11.563990,785
509504.076100,6944457.203000,11.361239,785
509503.952200,6944457.113000,11.300000,785
509503.672000,6944456.909000,11.174785,785
509503.267800,6944456.614000,10.992493,785
509502.890500,6944456.339000,10.800000,785
509502.863700,6944456.320000,10.786849,785
509502.459500,6944456.025000,10.581203,785
509502.055400,6944455.731000,10.375965,785
509501.896700,6944455.615000,10.300000,785
509501.651200,6944455.437000,10.197764,785
509501.247100,6944455.142000,10.050741,785
509500.842900,6944454.848000,9.902849,785
509500.544200,6944454.630000,9.800000,785
509500.438800,6944454.553000,9.763582,785
509500.034600,6944454.259000,9.699923,785
509499.630500,6944453.965000,9.635980,785
509499.226400,6944453.670000,9.571346,785
509498.822200,6944453.376000,9.573704,785
509498.418100,6944453.081000,9.593430,785
509498.013900,6944452.787000,9.613636,785
509497.609800,6944452.493000,9.649038,785
509497.205600,6944452.198000,9.700718,785
509496.801500,6944451.904000,9.753377,785
509496.413600,6944451.621000,9.800000,785
509496.397300,6944451.609000,9.801993,785
509495.993200,6944451.315000,9.833764,785
509495.589000,6944451.021000,9.865553,785
509495.184900,6944450.726000,9.897339,785
509494.780700,6944450.432000,9.894257,785
509493.972500,6944449.843000,9.876937,785
509493.568300,6944449.549000,9.849136,785
509493.164200,6944449.254000,9.805784,785
509493.109900,6944449.215000,9.800000,785
509492.760000,6944448.960000,9.762440,785
509492.355900,6944448.666000,9.713311,785
509491.951700,6944448.371000,9.643812,785
509491.547600,6944448.077000,9.576151,785
509491.143400,6944447.782000,9.505450,785
509490.739300,6944447.488000,9.416664,785
509490.335100,6944447.194000,9.329742,785
509490.200400,6944447.095000,9.300000,785
509489.931000,6944446.899000,9.251841,785
509489.526800,6944446.605000,9.176278,785
509489.122700,6944446.310000,9.101179,785
509488.718600,6944446.016000,9.028050,785
509488.314400,6944445.722000,8.963760,785
509487.910300,6944445.427000,8.915320,785
509487.506100,6944445.133000,8.867882,785
509487.102000,6944444.838000,8.820250,785
509525.900000,6944473.100000,13.416629,785
509525.728300,6944472.975000,13.300000,785
509525.210900,6944472.598000,12.800000,790
509525.091700,6944472.511000,12.739758,790
509524.687600,6944472.217000,12.535500,790
509524.283400,6944471.922000,12.315909,790
509524.254900,6944471.902000,12.300000,790
509523.879300,6944471.628000,12.096533,790
509523.475100,6944471.334000,11.882921,790
509523.291300,6944471.200000,11.800000,790
509523.071000,6944471.039000,11.711932,790
509522.666800,6944470.745000,11.604778,790
509522.262700,6944470.450000,11.497853,790
509521.858500,6944470.156000,11.395676,790
509521.454400,6944469.862000,11.366983,790
509521.050200,6944469.567000,11.338278,790
509520.646100,6944469.273000,11.309552,790
509520.242000,6944468.979000,11.308291,790
509519.837800,6944468.684000,11.315780,790
509519.433700,6944468.390000,11.323276,790
509519.029500,6944468.095000,11.328944,790
509518.625400,6944467.801000,11.332359,790
509518.221200,6944467.507000,11.335779,790
509517.817100,6944467.212000,11.334980,790
509517.412900,6944466.918000,11.307775,790
509517.296000,6944466.833000,11.300000,790
509517.008800,6944466.623000,11.282016,790
509516.604600,6944466.329000,11.256849,790
509516.200500,6944466.035000,11.201407,790
509515.392200,6944465.446000,11.077908,790
509514.988100,6944465.151000,11.010949,790
509514.179800,6944464.563000,10.867307,790
509513.775600,6944464.268000,10.810167,790
509512.563200,6944463.385000,10.807575,790
509512.159000,6944463.091000,10.914833,790
509511.754900,6944462.796000,11.034530,790
509511.350700,6944462.502000,11.154245,790
509510.946600,6944462.208000,11.297980,790
509510.941500,6944462.204000,11.300000,790
509510.542400,6944461.913000,11.471558,790
509510.138300,6944461.619000,11.647154,790
509509.735600,6944461.325000,11.800000,790
509509.734200,6944461.324000,11.800613,790
509509.330000,6944461.030000,11.922139,790
509508.925900,6944460.736000,12.043859,790
509508.521700,6944460.441000,12.165077,790
509508.117600,6944460.147000,12.180115,790
509507.309300,6944459.558000,12.202623,790
509506.905100,6944459.264000,12.153093,790
509506.501000,6944458.969000,12.071421,790
509506.096800,6944458.675000,11.989808,790
509505.692700,6944458.380000,11.882540,790
509505.481800,6944458.227000,11.800000,790
509505.288500,6944458.086000,11.732492,790
509504.884400,6944457.792000,11.592255,790
509504.480300,6944457.497000,11.450782,790
509504.182400,6944457.280000,11.300000,790
509504.076100,6944457.203000,11.251205,790
509503.672000,6944456.909000,11.069234,790
509503.267800,6944456.614000,10.885013,790
509503.101200,6944456.493000,10.800000,790
509502.863700,6944456.320000,10.683555,790
509502.459500,6944456.025000,10.477634,790
509502.112200,6944455.772000,10.300000,790
509502.055400,6944455.731000,10.274370,790
509501.651200,6944455.437000,10.105928,790
509501.247100,6944455.142000,9.957986,790
509500.842900,6944454.848000,9.809330,790
509500.815800,6944454.828000,9.800000,790
509500.438800,6944454.553000,9.669676,790
509500.034600,6944454.259000,9.605607,790
509499.630500,6944453.965000,9.540800,790
509499.226400,6944453.670000,9.475055,790
509498.822200,6944453.376000,9.476422,790
509498.418100,6944453.081000,9.495118,790
509498.013900,6944452.787000,9.514551,790
509497.609800,6944452.493000,9.548823,790
509497.205600,6944452.198000,9.598720,790
509496.801500,6944451.904000,9.650626,790
509496.397300,6944451.609000,9.697584,790
509495.993200,6944451.315000,9.727980,790
509495.589000,6944451.021000,9.758415,790
509495.184900,6944450.726000,9.788579,790
509494.780700,6944450.432000,9.784136,790
509494.376600,6944450.138000,9.774139,790
509493.972500,6944449.843000,9.764063,790
509493.568300,6944449.549000,9.735072,790
509493.164200,6944449.254000,9.691491,790
509492.760000,6944448.960000,9.646513,790
509492.355900,6944448.666000,9.597205,790
509491.951700,6944448.371000,9.526906,790
509491.547600,6944448.077000,9.459734,790
509491.143400,6944447.782000,9.387961,790
509490.742500,6944447.490000,9.300000,790
509490.739300,6944447.488000,9.299424,790
509490.335100,6944447.194000,9.229471,790
509489.931000,6944446.899000,9.157568,790
509489.526800,6944446.605000,9.083313,790
509489.122700,6944446.310000,9.009620,790
509488.718600,6944446.016000,8.937334,790
509488.314400,6944445.722000,8.873275,790
509487.910300,6944445.427000,8.826093,790
509487.685800,6944445.264000,8.800000,790
509487.506100,6944445.133000,8.779576,790
509487.102000,6944444.838000,8.733419,790
509525.900000,6944473.100000,13.270633,790
509525.495900,6944472.806000,12.995388,790
509525.424300,6944472.754000,12.800000,795
509525.091700,6944472.511000,12.631936,795
509524.687600,6944472.217000,12.428517,795
509524.449700,6944472.044000,12.300000,795
509524.283400,6944471.922000,12.215183,795
509523.879300,6944471.628000,12.000467,795
509523.488100,6944471.343000,11.800000,795
509523.475100,6944471.334000,11.794234,795
509523.071000,6944471.039000,11.633010,795
509522.666800,6944470.745000,11.528297,795
509522.262700,6944470.450000,11.423635,795
509521.858500,6944470.156000,11.323675,795
509521.518000,6944469.908000,11.300000,795
509521.454400,6944469.862000,11.295924,795
509520.646100,6944469.273000,11.243723,795
509520.242000,6944468.979000,11.242424,795
509519.433700,6944468.390000,11.255608,795
509519.029500,6944468.095000,11.260281,795
509518.221200,6944467.507000,11.264899,795
509517.817100,6944467.212000,11.263226,795
509516.604600,6944466.329000,11.183551,795
509516.200500,6944466.035000,11.125999,795
509515.392200,6944465.446000,10.997981,795
509514.988100,6944465.151000,10.928474,795
509514.583900,6944464.857000,10.853836,795
509514.289800,6944464.643000,10.800000,795
509514.179800,6944464.563000,10.779806,795
509513.775600,6944464.268000,10.721434,795
509513.371500,6944463.974000,10.718936,795
509512.967300,6944463.679000,10.716431,795
509512.563200,6944463.385000,10.713920,795
509512.231200,6944463.143000,10.800000,795
509512.159000,6944463.091000,10.819167,795
509511.754900,6944462.796000,10.939504,795
509511.350700,6944462.502000,11.059845,795
509510.946600,6944462.208000,11.204523,795
509510.705400,6944462.032000,11.300000,795
509510.542400,6944461.913000,11.370040,795
509510.138300,6944461.619000,11.547226,795
509509.734200,6944461.324000,11.702966,795
509509.368500,6944461.058000,11.800000,795
509509.330000,6944461.030000,11.811569,795
509508.925900,6944460.736000,11.934522,795
509508.521700,6944460.441000,12.056760,795
509508.117600,6944460.147000,12.070917,795
509507.309300,6944459.558000,12.091547,795
509506.905100,6944459.264000,12.040009,795
509506.501000,6944458.969000,11.955652,795
509506.096800,6944458.675000,11.871399,795
509505.831900,6944458.482000,11.800000,795
509505.692700,6944458.380000,11.766663,795
509505.288500,6944458.086000,11.624647,795
509504.884400,6944457.792000,11.482375,795
509504.480300,6944457.497000,11.337574,795
509504.406000,6944457.443000,11.300000,795
509504.076100,6944457.203000,11.148536,795
509503.672000,6944456.909000,10.963684,795
509503.315800,6944456.649000,10.800000,795
509503.267800,6944456.614000,10.778800,795
509502.863700,6944456.320000,10.580262,795
509502.459500,6944456.025000,10.374065,795
509502.314700,6944455.920000,10.300000,795
509502.055400,6944455.731000,10.182955,795
509501.651200,6944455.437000,10.014091,795
509501.247100,6944455.142000,9.865231,795
509501.069800,6944455.013000,9.800000,795
509500.842900,6944454.848000,9.716529,795
509500.438800,6944454.553000,9.575769,795
509500.034600,6944454.259000,9.511291,795
509499.630500,6944453.965000,9.445620,795
509499.226400,6944453.670000,9.378764,795
509498.822200,6944453.376000,9.379140,795
509498.418100,6944453.081000,9.396807,795
509498.013900,6944452.787000,9.415465,795
509497.609800,6944452.493000,9.448609,795
509497.205600,6944452.198000,9.496722,795
509496.801500,6944451.904000,9.547875,795
509496.397300,6944451.609000,9.593176,795
509495.993200,6944451.315000,9.622224,795
509495.589000,6944451.021000,9.651592,795
509495.184900,6944450.726000,9.680277,795
509494.780700,6944450.432000,9.674558,795
509494.376600,6944450.138000,9.663153,795
509493.972500,6944449.843000,9.651438,795
509493.568300,6944449.549000,9.621053,795
509493.164200,6944449.254000,9.577239,795
509492.760000,6944448.960000,9.530585,795
509492.355900,6944448.666000,9.481098,795
509491.951700,6944448.371000,9.410001,795
509491.547600,6944448.077000,9.343317,795
509491.306400,6944447.901000,9.300000,795
509491.143400,6944447.782000,9.275959,795
509490.739300,6944447.488000,9.204536,795
509490.335100,6944447.194000,9.134729,795
509489.931000,6944446.899000,9.063295,795
509489.526800,6944446.605000,8.990348,795
509489.122700,6944446.310000,8.918060,795
509488.718600,6944446.016000,8.846618,795
509488.423600,6944445.801000,8.800000,795
509488.314400,6944445.722000,8.783115,795
509487.102000,6944444.838000,8.646985,795
509525.900000,6944473.100000,13.124621,795
509525.495900,6944472.806000,12.849047,795
509525.495900,6944472.806000,12.725447,800
509525.091700,6944472.511000,12.524114,800
509524.687600,6944472.217000,12.321535,800
509524.647700,6944472.188000,12.300000,800
509524.283400,6944471.922000,12.114136,800
509523.879300,6944471.628000,11.904401,800
509523.675500,6944471.480000,11.800000,800
509523.475100,6944471.334000,11.710783,800
509523.071000,6944471.039000,11.554088,800
509522.666800,6944470.745000,11.451815,800
509522.262700,6944470.450000,11.349417,800
509522.061400,6944470.304000,11.300000,800
509521.858500,6944470.156000,11.255044,800
509520.646100,6944469.273000,11.178572,800
509520.242000,6944468.979000,11.177150,800
509519.433700,6944468.390000,11.189621,800
509519.029500,6944468.095000,11.193724,800
509518.221200,6944467.507000,11.196682,800
509517.817100,6944467.212000,11.194102,800
509516.604600,6944466.329000,11.110253,800
509516.200500,6944466.035000,11.050591,800
509515.392200,6944465.446000,10.918054,800
509514.988100,6944465.151000,10.845999,800
509514.744800,6944464.974000,10.800000,800
509514.583900,6944464.857000,10.769384,800
509514.179800,6944464.563000,10.694268,800
509513.775600,6944464.268000,10.632951,800
509513.371500,6944463.974000,10.628805,800
509512.967300,6944463.679000,10.624644,800
509512.563200,6944463.385000,10.620468,800
509512.159000,6944463.091000,10.725711,800
509511.904100,6944462.905000,10.800000,800
509511.754900,6944462.796000,10.844478,800
509511.350700,6944462.502000,10.965445,800
509510.946600,6944462.208000,11.111065,800
509510.542400,6944461.913000,11.271632,800
509510.472200,6944461.862000,11.300000,800
509510.138300,6944461.619000,11.447297,800
509509.734200,6944461.324000,11.605397,800
509509.330000,6944461.030000,11.713486,800
509509.008600,6944460.796000,11.800000,800
509508.925900,6944460.736000,11.825186,800
509508.521700,6944460.441000,11.948444,800
509508.117600,6944460.147000,11.961719,800
509507.309300,6944459.558000,11.980471,800
509506.905100,6944459.264000,11.926925,800
509506.501000,6944458.969000,11.839882,800
509506.313200,6944458.832000,11.800000,800
509506.096800,6944458.675000,11.759259,800
509505.692700,6944458.380000,11.661386,800
509505.288500,6944458.086000,11.516802,800
509504.884400,6944457.792000,11.372494,800
509504.683600,6944457.645000,11.300000,800
509504.480300,6944457.497000,11.232682,800
509504.076100,6944457.203000,11.045867,800
509503.672000,6944456.909000,10.858133,800
509503.545500,6944456.816000,10.800000,800
509503.267800,6944456.614000,10.677378,800
509502.863700,6944456.320000,10.476969,800
509502.517100,6944456.067000,10.300000,800
509502.459500,6944456.025000,10.274157,800
509502.055400,6944455.731000,10.091540,800
509501.651200,6944455.437000,9.922255,800
509501.320800,6944455.196000,9.800000,800
509501.247100,6944455.142000,9.772730,800
509500.842900,6944454.848000,9.623808,800
509500.438800,6944454.553000,9.481862,800
509500.034600,6944454.259000,9.416975,800
509499.630500,6944453.965000,9.350440,800
509499.329700,6944453.745000,9.300000,800
509499.226400,6944453.670000,9.284606,800
509498.822200,6944453.376000,9.284157,800
509498.418100,6944453.081000,9.298694,800
509498.383800,6944453.056000,9.300000,800
509498.013900,6944452.787000,9.316380,800
509497.609800,6944452.493000,9.348395,800
509497.205600,6944452.198000,9.394724,800
509496.801500,6944451.904000,9.445123,800
509496.397300,6944451.609000,9.488767,800
509495.993200,6944451.315000,9.516467,800
509495.589000,6944451.021000,9.544770,800
509495.184900,6944450.726000,9.571976,800
509494.780700,6944450.432000,9.564980,800
509494.376600,6944450.138000,9.552168,800
509493.972500,6944449.843000,9.538813,800
509493.568300,6944449.549000,9.507033,800
509493.164200,6944449.254000,9.462987,800
509492.760000,6944448.960000,9.414657,800
509492.355900,6944448.666000,9.364992,800
509491.990300,6944448.399000,9.300000,800
509491.951700,6944448.371000,9.294361,800
509491.547600,6944448.077000,9.239670,800
509491.143400,6944447.782000,9.180302,800
509490.739300,6944447.488000,9.109647,800
509490.335100,6944447.194000,9.039988,800
509489.931000,6944446.899000,8.969022,800
509489.526800,6944446.605000,8.897382,800
509489.122700,6944446.310000,8.826501,800
509488.971900,6944446.201000,8.800000,800
509488.718600,6944446.016000,8.756381,800
509488.314400,6944445.722000,8.694340,800
509487.102000,6944444.838000,8.560551,800
509525.900000,6944473.100000,12.978609,800
509525.638200,6944472.909000,12.800000,800
509525.495900,6944472.806000,12.613309,805
509525.091700,6944472.511000,12.416293,805
509524.859500,6944472.342000,12.300000,805
509524.687600,6944472.217000,12.217614,805
509524.283400,6944471.922000,12.013089,805
509523.879300,6944471.628000,11.808336,805
509523.863000,6944471.616000,11.800000,805
509523.475100,6944471.334000,11.627332,805
509523.071000,6944471.039000,11.475166,805
509522.666800,6944470.745000,11.375334,805
509522.365100,6944470.525000,11.300000,805
509522.262700,6944470.450000,11.276872,805
509521.858500,6944470.156000,11.188064,805
509520.646100,6944469.273000,11.113421,805
509520.242000,6944468.979000,11.111875,805
509519.433700,6944468.390000,11.123633,805
509519.029500,6944468.095000,11.127168,805
509518.221200,6944467.507000,11.128466,805
509517.817100,6944467.212000,11.124979,805
509516.604600,6944466.329000,11.036955,805
509516.200500,6944466.035000,10.975183,805
509515.392200,6944465.446000,10.838127,805
509515.182500,6944465.293000,10.800000,805
509514.988100,6944465.151000,10.764357,805
509514.583900,6944464.857000,10.686368,805
509514.179800,6944464.563000,10.608731,805
509513.775600,6944464.268000,10.544468,805
509513.371500,6944463.974000,10.538674,805
509512.967300,6944463.679000,10.532857,805
509512.563200,6944463.385000,10.527016,805
509512.159000,6944463.091000,10.632810,805
509511.754900,6944462.796000,10.750863,805
509511.587500,6944462.674000,10.800000,805
509511.350700,6944462.502000,10.871045,805
509510.946600,6944462.208000,11.017608,805
509510.542400,6944461.913000,11.180145,805
509510.245700,6944461.697000,11.300000,805
509510.138300,6944461.619000,11.347369,805
509509.734200,6944461.324000,11.507828,805
509509.330000,6944461.030000,11.616862,805
509508.925900,6944460.736000,11.726316,805
509508.653000,6944460.537000,11.800000,805
509508.521700,6944460.441000,11.840127,805
509508.117600,6944460.147000,11.852522,805
509507.309300,6944459.558000,11.869396,805
509506.905100,6944459.264000,11.813841,805
509506.841500,6944459.217000,11.800000,805
509506.501000,6944458.969000,11.734140,805
509506.096800,6944458.675000,11.656641,805
509505.692700,6944458.380000,11.556108,805
509505.288500,6944458.086000,11.408957,805
509504.986200,6944457.866000,11.300000,805
509504.884400,6944457.792000,11.266396,805
509504.480300,6944457.497000,11.131921,805
509504.076100,6944457.203000,10.943198,805
509503.770400,6944456.980000,10.800000,805
509503.672000,6944456.909000,10.755692,805
509503.267800,6944456.614000,10.575957,805
509502.863700,6944456.320000,10.373675,805
509502.719400,6944456.215000,10.300000,805
509502.459500,6944456.025000,10.183443,805
509502.055400,6944455.731000,10.000125,805
509501.651200,6944455.437000,9.830418,805
509501.569000,6944455.377000,9.800000,805
509501.247100,6944455.142000,9.680832,805
509500.842900,6944454.848000,9.531087,805
509500.438800,6944454.553000,9.387956,805
509500.034600,6944454.259000,9.322659,805
509499.898000,6944454.159000,9.300000,805
509499.630500,6944453.965000,9.260289,805
509499.226400,6944453.670000,9.200032,805
509498.822200,6944453.376000,9.199203,805
509498.418100,6944453.081000,9.213389,805
509498.013900,6944452.787000,9.228373,805
509497.609800,6944452.493000,9.255376,805
509497.205600,6944452.198000,9.293831,805
509497.146000,6944452.155000,9.300000,805
509496.801500,6944451.904000,9.342372,805
509496.397300,6944451.609000,9.384358,805
509495.993200,6944451.315000,9.410710,805
509495.589000,6944451.021000,9.437947,805
509495.184900,6944450.726000,9.463674,805
509494.780700,6944450.432000,9.455402,805
509494.376600,6944450.138000,9.441183,805
509493.972500,6944449.843000,9.426189,805
509493.568300,6944449.549000,9.393014,805
509493.164200,6944449.254000,9.348734,805
509492.770100,6944448.967000,9.300000,805
509492.760000,6944448.960000,9.298960,805
509492.355900,6944448.666000,9.257836,805
509491.951700,6944448.371000,9.198882,805
509491.547600,6944448.077000,9.143590,805
509491.143400,6944447.782000,9.084645,805
509490.739300,6944447.488000,9.014758,805
509490.335100,6944447.194000,8.945246,805
509489.931000,6944446.899000,8.874750,805
509489.526800,6944446.605000,8.804417,805
509489.501500,6944446.586000,8.800000,805
509489.122700,6944446.310000,8.735505,805
509488.718600,6944446.016000,8.666650,805
509488.314400,6944445.722000,8.605565,805
509487.102000,6944444.838000,8.474117,805
509525.900000,6944473.100000,12.832597,805
509525.852200,6944473.065000,12.800000,805
509525.091700,6944472.511000,12.308471,810
509525.074800,6944472.499000,12.300000,810
509524.687600,6944472.217000,12.114464,810
509524.283400,6944471.922000,11.912043,810
509524.061800,6944471.761000,11.800000,810
509523.879300,6944471.628000,11.721761,810
509523.475100,6944471.334000,11.543881,810
509523.071000,6944471.039000,11.396244,810
509522.671700,6944470.748000,11.300000,810
509522.666800,6944470.745000,11.298927,810
509522.262700,6944470.450000,11.207661,810
509521.858500,6944470.156000,11.121084,810
509520.646100,6944469.273000,11.048270,810
509520.242000,6944468.979000,11.046601,810
509519.433700,6944468.390000,11.057645,810
509519.029500,6944468.095000,11.060611,810
509518.221200,6944467.507000,11.060250,810
509517.817100,6944467.212000,11.055856,810
509516.604600,6944466.329000,10.963657,810
509516.200500,6944466.035000,10.899775,810
509515.796300,6944465.740000,10.828988,810
509515.628000,6944465.618000,10.800000,810
509515.392200,6944465.446000,10.759220,810
509514.988100,6944465.151000,10.683763,810
509514.583900,6944464.857000,10.603352,810
509514.179800,6944464.563000,10.523194,810
509513.775600,6944464.268000,10.455985,810
509513.371500,6944463.974000,10.448544,810
509512.967300,6944463.679000,10.441070,810
509512.563200,6944463.385000,10.433565,810
509512.159000,6944463.091000,10.539908,810
509511.754900,6944462.796000,10.658489,810
509511.350700,6944462.502000,10.777295,810
509511.287300,6944462.456000,10.800000,810
509510.946600,6944462.208000,10.924151,810
509510.542400,6944461.913000,11.088657,810
509510.138300,6944461.619000,11.252950,810
509510.009900,6944461.525000,11.300000,810
509509.734200,6944461.324000,11.410259,810
509509.330000,6944461.030000,11.520238,810
509508.925900,6944460.736000,11.630579,810
509508.521700,6944460.441000,11.740384,810
509508.117600,6944460.147000,11.750491,810
509507.713400,6944459.852000,11.757069,810
509507.309300,6944459.558000,11.763639,810
509506.905100,6944459.264000,11.713583,810
509506.501000,6944458.969000,11.633668,810
509506.096800,6944458.675000,11.554023,810
509505.692700,6944458.380000,11.450831,810
509505.288500,6944458.086000,11.301112,810
509505.285500,6944458.084000,11.300000,810
509504.884400,6944457.792000,11.167632,810
509504.480300,6944457.497000,11.031161,810
509504.076100,6944457.203000,10.840529,810
509503.989600,6944457.140000,10.800000,810
509503.672000,6944456.909000,10.657063,810
509503.267800,6944456.614000,10.474535,810
509502.921400,6944456.362000,10.300000,810
509502.863700,6944456.320000,10.274354,810
509502.459500,6944456.025000,10.092728,810
509502.055400,6944455.731000,9.908710,810
509501.796700,6944455.543000,9.800000,810
509501.651200,6944455.437000,9.738747,810
509501.247100,6944455.142000,9.588935,810
509500.842900,6944454.848000,9.438366,810
509500.455300,6944454.565000,9.300000,810
509500.438800,6944454.553000,9.294683,810
509500.034600,6944454.259000,9.235943,810
509499.630500,6944453.965000,9.175808,810
509499.226400,6944453.670000,9.115457,810
509498.822200,6944453.376000,9.114250,810
509498.418100,6944453.081000,9.128085,810
509498.013900,6944452.787000,9.142560,810
509497.609800,6944452.493000,9.169079,810
509497.205600,6944452.198000,9.207312,810
509496.801500,6944451.904000,9.248649,810
509496.397300,6944451.609000,9.283175,810
509496.072400,6944451.373000,9.300000,810
509495.993200,6944451.315000,9.304954,810
509495.589000,6944451.021000,9.331124,810
509495.184900,6944450.726000,9.355372,810
509494.780700,6944450.432000,9.345823,810
509494.376600,6944450.138000,9.330198,810
509493.972500,6944449.843000,9.313564,810
509493.812700,6944449.727000,9.300000,810
509493.568300,6944449.549000,9.282778,810
509493.164200,6944449.254000,9.245729,810
509492.760000,6944448.960000,9.204129,810
509492.355900,6944448.666000,9.162062,810
509491.951700,6944448.371000,9.103402,810
509491.547600,6944448.077000,9.047511,810
509491.143400,6944447.782000,8.988987,810
509490.739300,6944447.488000,8.919870,810
509490.335100,6944447.194000,8.850505,810
509490.044100,6944446.982000,8.800000,810
509489.931000,6944446.899000,8.780806,810
509489.526800,6944446.605000,8.712539,810
509489.122700,6944446.310000,8.644740,810
509488.718600,6944446.016000,8.576919,810
509488.314400,6944445.722000,8.516790,810
509487.102000,6944444.838000,8.387683,810
509525.900000,6944473.100000,12.706642,810
509525.495900,6944472.806000,12.501172,810
509525.308800,6944472.669000,12.300000,815
509525.091700,6944472.511000,12.200320,815
509524.687600,6944472.217000,12.011314,815
509524.283400,6944471.922000,11.810996,815
509524.261700,6944471.907000,11.800000,815
509523.879300,6944471.628000,11.636088,815
509523.475100,6944471.334000,11.460430,815
509523.071000,6944471.039000,11.317321,815
509522.999100,6944470.987000,11.300000,815
509522.666800,6944470.745000,11.227353,815
509522.262700,6944470.450000,11.138451,815
509521.858500,6944470.156000,11.054104,815
509520.646100,6944469.273000,10.983119,815
509520.242000,6944468.979000,10.981326,815
509519.433700,6944468.390000,10.991657,815
509519.029500,6944468.095000,10.994054,815
509518.221200,6944467.507000,10.992034,815
509517.817100,6944467.212000,10.986732,815
509516.604600,6944466.329000,10.890359,815
509516.200500,6944466.035000,10.824367,815
509516.063000,6944465.934000,10.800000,815
509515.796300,6944465.740000,10.752473,815
509515.392200,6944465.446000,10.681244,815
509514.988100,6944465.151000,10.603169,815
509514.583900,6944464.857000,10.520336,815
509514.179800,6944464.563000,10.437656,815
509513.775600,6944464.268000,10.367502,815
509513.371500,6944463.974000,10.358413,815
509512.967300,6944463.679000,10.349283,815
509512.563200,6944463.385000,10.340113,815
509512.159000,6944463.091000,10.447007,815
509511.754900,6944462.796000,10.566114,815
509511.350700,6944462.502000,10.685522,815
509511.030800,6944462.269000,10.800000,815
509510.946600,6944462.208000,10.830693,815
509510.542400,6944461.913000,10.997169,815
509510.138300,6944461.619000,11.163497,815
509509.765900,6944461.347000,11.300000,815
509509.734200,6944461.324000,11.312689,815
509509.330000,6944461.030000,11.423615,815
509508.925900,6944460.736000,11.534842,815
509508.521700,6944460.441000,11.645687,815
509508.117600,6944460.147000,11.655104,815
509507.713400,6944459.852000,11.660924,815
509507.309300,6944459.558000,11.666739,815
509506.905100,6944459.264000,11.615114,815
509506.501000,6944458.969000,11.533196,815
509506.096800,6944458.675000,11.451405,815
509505.692700,6944458.380000,11.345553,815
509505.569700,6944458.291000,11.300000,815
509505.288500,6944458.086000,11.204592,815
509504.884400,6944457.792000,11.068867,815
509504.480300,6944457.497000,10.930400,815
509504.204900,6944457.297000,10.800000,815
509504.076100,6944457.203000,10.740951,815
509503.672000,6944456.909000,10.558435,815
509503.267800,6944456.614000,10.373114,815
509503.122700,6944456.508000,10.300000,815
509502.863700,6944456.320000,10.184912,815
509502.459500,6944456.025000,10.002013,815
509502.055400,6944455.731000,9.817295,815
509502.014200,6944455.701000,9.800000,815
509501.651200,6944455.437000,9.647157,815
509501.247100,6944455.142000,9.497037,815
509500.842900,6944454.848000,9.345644,815
509500.715000,6944454.755000,9.300000,815
509500.438800,6944454.553000,9.210786,815
509500.034600,6944454.259000,9.151630,815
509499.630500,6944453.965000,9.091327,815
509499.226400,6944453.670000,9.030883,815
509498.822200,6944453.376000,9.029296,815
509498.418100,6944453.081000,9.042780,815
509498.013900,6944452.787000,9.056747,815
509497.609800,6944452.493000,9.082781,815
509497.205600,6944452.198000,9.120793,815
509496.801500,6944451.904000,9.161262,815
509496.397300,6944451.609000,9.195561,815
509495.993200,6944451.315000,9.215645,815
509495.589000,6944451.021000,9.236545,815
509495.184900,6944450.726000,9.255888,815
509494.780700,6944450.432000,9.246930,815
509494.376600,6944450.138000,9.232952,815
509493.972500,6944449.843000,9.218323,815
509493.568300,6944449.549000,9.189299,815
509493.164200,6944449.254000,9.151089,815
509492.760000,6944448.960000,9.109299,815
509492.355900,6944448.666000,9.066287,815
509491.951700,6944448.371000,9.007923,815
509491.547600,6944448.077000,8.951431,815
509491.143400,6944447.782000,8.893330,815
509490.739300,6944447.488000,8.824981,815
509490.593600,6944447.382000,8.800000,815
509490.335100,6944447.194000,8.756428,815
509489.931000,6944446.899000,8.688122,815
509489.526800,6944446.605000,8.620715,815
509489.122700,6944446.310000,8.553974,815
509488.718600,6944446.016000,8.487188,815
509488.314400,6944445.722000,8.428015,815
509487.102000,6944444.838000,8.301249,815
509525.900000,6944473.100000,12.586452,815
509525.495900,6944472.806000,12.389035,815
509525.495900,6944472.806000,12.276608,820
509525.091700,6944472.511000,12.092140,820
509524.687600,6944472.217000,11.908164,820
509524.469100,6944472.058000,11.800000,820
509524.283400,6944471.922000,11.719921,820
509523.879300,6944471.628000,11.550416,820
509523.475100,6944471.334000,11.376979,820
509523.256200,6944471.174000,11.300000,820
509523.071000,6944471.039000,11.242295,820
509522.666800,6944470.745000,11.155779,820
509522.262700,6944470.450000,11.069240,820
509521.858500,6944470.156000,10.987124,820
509520.646100,6944469.273000,10.917967,820
509520.242000,6944468.979000,10.916051,820
509519.433700,6944468.390000,10.925670,820
509519.029500,6944468.095000,10.927498,820
509518.221200,6944467.507000,10.923818,820
509517.817100,6944467.212000,10.917609,820
509516.604600,6944466.329000,10.817061,820
509516.501200,6944466.254000,10.800000,820
509516.200500,6944466.035000,10.749994,820
509515.796300,6944465.740000,10.676645,820
509515.392200,6944465.446000,10.603267,820
509514.988100,6944465.151000,10.522575,820
509514.583900,6944464.857000,10.437320,820
509514.179800,6944464.563000,10.352119,820
509513.888800,6944464.351000,10.300000,820
509513.775600,6944464.268000,10.280529,820
509512.563200,6944463.385000,10.250837,820
509512.363100,6944463.239000,10.300000,820
509512.159000,6944463.091000,10.354105,820
509511.754900,6944462.796000,10.473740,820
509511.350700,6944462.502000,10.593749,820
509510.946600,6944462.208000,10.739720,820
509510.798000,6944462.099000,10.800000,820
509510.542400,6944461.913000,10.905681,820
509510.138300,6944461.619000,11.074043,820
509509.734200,6944461.324000,11.223327,820
509509.428200,6944461.102000,11.300000,820
509509.330000,6944461.030000,11.326991,820
509508.925900,6944460.736000,11.439104,820
509508.521700,6944460.441000,11.550989,820
509508.117600,6944460.147000,11.559716,820
509507.713400,6944459.852000,11.564779,820
509507.309300,6944459.558000,11.569839,820
509506.905100,6944459.264000,11.516644,820
509506.501000,6944458.969000,11.432724,820
509506.096800,6944458.675000,11.348787,820
509505.912600,6944458.541000,11.300000,820
509505.692700,6944458.380000,11.246611,820
509505.288500,6944458.086000,11.108190,820
509504.884400,6944457.792000,10.970103,820
509504.480300,6944457.497000,10.829639,820
509504.417700,6944457.452000,10.800000,820
509504.076100,6944457.203000,10.643388,820
509503.672000,6944456.909000,10.459806,820
509503.327200,6944456.657000,10.300000,820
509503.267800,6944456.614000,10.275250,820
509502.863700,6944456.320000,10.095471,820
509502.459500,6944456.025000,9.911298,820
509502.216200,6944455.848000,9.800000,820
509502.055400,6944455.731000,9.726488,820
509501.651200,6944455.437000,9.555568,820
509501.247100,6944455.142000,9.405139,820
509500.967200,6944454.938000,9.300000,820
509500.842900,6944454.848000,9.257439,820
509500.438800,6944454.553000,9.126888,820
509500.034600,6944454.259000,9.067317,820
509499.630500,6944453.965000,9.006846,820
509499.226400,6944453.670000,8.946309,820
509498.822200,6944453.376000,8.944342,820
509498.418100,6944453.081000,8.957475,820
509498.013900,6944452.787000,8.970934,820
509497.609800,6944452.493000,8.996483,820
509497.205600,6944452.198000,9.034275,820
509496.801500,6944451.904000,9.073874,820
509496.397300,6944451.609000,9.107948,820
509495.993200,6944451.315000,9.127144,820
509495.589000,6944451.021000,9.147001,820
509495.184900,6944450.726000,9.165629,820
509494.780700,6944450.432000,9.155715,820
509494.376600,6944450.138000,9.140842,820
509493.972500,6944449.843000,9.125462,820
509493.568300,6944449.549000,9.095820,820
509493.164200,6944449.254000,9.056449,820
509492.760000,6944448.960000,9.014468,820
509492.355900,6944448.666000,8.970513,820
509491.951700,6944448.371000,8.912443,820
509491.547600,6944448.077000,8.855352,820
509491.159800,6944447.794000,8.800000,820
509491.143400,6944447.782000,8.797700,820
509490.739300,6944447.488000,8.730777,820
509490.335100,6944447.194000,8.663111,820
509489.931000,6944446.899000,8.595439,820
509489.526800,6944446.605000,8.528891,820
509489.122700,6944446.310000,8.463208,820
509488.718600,6944446.016000,8.397457,820
509488.314400,6944445.722000,8.339240,820
509487.932200,6944445.443000,8.300000,820
509487.910300,6944445.427000,8.298018,820
509487.506100,6944445.133000,8.261400,820
509487.102000,6944444.838000,8.225009,820
509525.900000,6944473.100000,12.466263,820
509525.548200,6944472.844000,12.300000,820
509525.495900,6944472.806000,12.163069,825
509525.091700,6944472.511000,11.983961,825
509524.687600,6944472.217000,11.805013,825
509524.677400,6944472.209000,11.800000,825
509524.283400,6944471.922000,11.630064,825
509523.879300,6944471.628000,11.464743,825
509523.490800,6944471.345000,11.300000,825
509523.475100,6944471.334000,11.294046,825
509523.071000,6944471.039000,11.168364,825
509522.666800,6944470.745000,11.084205,825
509522.262700,6944470.450000,11.000029,825
509521.858500,6944470.156000,10.920144,825
509520.646100,6944469.273000,10.852816,825
509520.242000,6944468.979000,10.850777,825
509519.433700,6944468.390000,10.859682,825
509519.029500,6944468.095000,10.860941,825
509518.221200,6944467.507000,10.855602,825
509517.817100,6944467.212000,10.848485,825
509517.412900,6944466.918000,10.813578,825
509517.253900,6944466.802000,10.800000,825
509517.008800,6944466.623000,10.779048,825
509516.604600,6944466.329000,10.744777,825
509516.200500,6944466.035000,10.676116,825
509515.796300,6944465.740000,10.600818,825
509515.392200,6944465.446000,10.525291,825
509514.988100,6944465.151000,10.441981,825
509514.583900,6944464.857000,10.354305,825
509514.330900,6944464.673000,10.300000,825
509514.179800,6944464.563000,10.268608,825
509513.775600,6944464.268000,10.198416,825
509512.563200,6944463.385000,10.164702,825
509512.159000,6944463.091000,10.264164,825
509512.029000,6944462.996000,10.300000,825
509511.754900,6944462.796000,10.381366,825
509511.350700,6944462.502000,10.501976,825
509510.946600,6944462.208000,10.649963,825
509510.576800,6944461.938000,10.800000,825
509510.542400,6944461.913000,10.814193,825
509510.138300,6944461.619000,10.984590,825
509509.734200,6944461.324000,11.135192,825
509509.330000,6944461.030000,11.237123,825
509509.081800,6944460.849000,11.300000,825
509508.925900,6944460.736000,11.343367,825
509508.521700,6944460.441000,11.456291,825
509508.117600,6944460.147000,11.464328,825
509507.713400,6944459.852000,11.468635,825
509507.309300,6944459.558000,11.472940,825
509506.905100,6944459.264000,11.418174,825
509506.501000,6944458.969000,11.332252,825
509506.347600,6944458.857000,11.300000,825
509506.096800,6944458.675000,11.251586,825
509505.692700,6944458.380000,11.152500,825
509505.288500,6944458.086000,11.011788,825
509504.884400,6944457.792000,10.871339,825
509504.680000,6944457.643000,10.800000,825
509504.480300,6944457.497000,10.731870,825
509504.076100,6944457.203000,10.545826,825
509503.672000,6944456.909000,10.361178,825
509503.540000,6944456.812000,10.300000,825
509503.267800,6944456.614000,10.186575,825
509502.863700,6944456.320000,10.006030,825
509502.459500,6944456.025000,9.820583,825
509502.414500,6944455.993000,9.800000,825
509502.055400,6944455.731000,9.635822,825
509501.651200,6944455.437000,9.463978,825
509501.247100,6944455.142000,9.313241,825
509501.211800,6944455.116000,9.300000,825
509500.842900,6944454.848000,9.173611,825
509500.438800,6944454.553000,9.042991,825
509500.034600,6944454.259000,8.983004,825
509499.630500,6944453.965000,8.922365,825
509499.226400,6944453.670000,8.861735,825
509498.822200,6944453.376000,8.859388,825
509498.418100,6944453.081000,8.872171,825
509498.013900,6944452.787000,8.885122,825
509497.609800,6944452.493000,8.910185,825
509497.205600,6944452.198000,8.947756,825
509496.801500,6944451.904000,8.986486,825
509496.397300,6944451.609000,9.020334,825
509495.993200,6944451.315000,9.038644,825
509495.589000,6944451.021000,9.057456,825
509495.184900,6944450.726000,9.075370,825
509494.780700,6944450.432000,9.064501,825
509494.376600,6944450.138000,9.048731,825
509493.972500,6944449.843000,9.032600,825
509493.568300,6944449.549000,9.002340,825
509493.164200,6944449.254000,8.961809,825
509492.760000,6944448.960000,8.919638,825
509492.355900,6944448.666000,8.874738,825
509491.951700,6944448.371000,8.816964,825
509491.832400,6944448.284000,8.800000,825
509491.547600,6944448.077000,8.759964,825
509491.143400,6944447.782000,8.703164,825
509490.739300,6944447.488000,8.636817,825
509490.335100,6944447.194000,8.569793,825
509489.931000,6944446.899000,8.502755,825
509489.526800,6944446.605000,8.437068,825
509489.122700,6944446.310000,8.372442,825
509488.718600,6944446.016000,8.307726,825
509488.664500,6944445.977000,8.300000,825
509488.314400,6944445.722000,8.255884,825
509487.910300,6944445.427000,8.220010,825
509487.506100,6944445.133000,8.184382,825
509487.102000,6944444.838000,8.148919,825
509525.900000,6944473.100000,12.346073,825
509525.802500,6944473.029000,12.300000,825
509525.091700,6944472.511000,11.875782,830
509524.920300,6944472.386000,11.800000,830
509524.687600,6944472.217000,11.708315,830
509524.283400,6944471.922000,11.540207,830
509523.879300,6944471.628000,11.379070,830
509523.692800,6944471.492000,11.300000,830
509523.475100,6944471.334000,11.217275,830
509523.071000,6944471.039000,11.094433,830
509522.666800,6944470.745000,11.012631,830
509522.262700,6944470.450000,10.930818,830
509521.858500,6944470.156000,10.853164,830
509521.050200,6944469.567000,10.809498,830
509520.875400,6944469.440000,10.800000,830
509520.646100,6944469.273000,10.787738,830
509520.242000,6944468.979000,10.785601,830
509519.837800,6944468.684000,10.789680,830
509519.433700,6944468.390000,10.793750,830
509519.029500,6944468.095000,10.794442,830
509518.625400,6944467.801000,10.790991,830
509518.221200,6944467.507000,10.787548,830
509517.817100,6944467.212000,10.779654,830
509517.412900,6944466.918000,10.743990,830
509517.008800,6944466.623000,10.708413,830
509516.604600,6944466.329000,10.672800,830
509516.200500,6944466.035000,10.602237,830
509515.796300,6944465.740000,10.524990,830
509515.392200,6944465.446000,10.447314,830
509514.988100,6944465.151000,10.361387,830
509514.710100,6944464.949000,10.300000,830
509514.583900,6944464.857000,10.273061,830
509514.179800,6944464.563000,10.188256,830
509513.775600,6944464.268000,10.116303,830
509512.563200,6944463.385000,10.078566,830
509512.159000,6944463.091000,10.178351,830
509511.754900,6944462.796000,10.289872,830
509511.718400,6944462.770000,10.300000,830
509511.350700,6944462.502000,10.410203,830
509510.946600,6944462.208000,10.560205,830
509510.542400,6944461.913000,10.725787,830
509510.363500,6944461.783000,10.800000,830
509510.138300,6944461.619000,10.895137,830
509509.734200,6944461.324000,11.047057,830
509509.330000,6944461.030000,11.149875,830
509508.925900,6944460.736000,11.252748,830
509508.741200,6944460.601000,11.300000,830
509508.521700,6944460.441000,11.361593,830
509508.117600,6944460.147000,11.368940,830
509507.713400,6944459.852000,11.372490,830
509507.309300,6944459.558000,11.376040,830
509506.905100,6944459.264000,11.319705,830
509506.813100,6944459.197000,11.300000,830
509506.501000,6944458.969000,11.238529,830
509506.096800,6944458.675000,11.159295,830
509505.692700,6944458.380000,11.058389,830
509505.288500,6944458.086000,10.915386,830
509504.960500,6944457.847000,10.800000,830
509504.884400,6944457.792000,10.774022,830
509504.480300,6944457.497000,10.635349,830
509504.076100,6944457.203000,10.448264,830
509503.752800,6944456.967000,10.300000,830
509503.672000,6944456.909000,10.266605,830
509503.267800,6944456.614000,10.097900,830
509502.863700,6944456.320000,9.916588,830
509502.610000,6944456.135000,9.800000,830
509502.459500,6944456.025000,9.730875,830
509502.055400,6944455.731000,9.545156,830
509501.651200,6944455.437000,9.372389,830
509501.457200,6944455.295000,9.300000,830
509501.247100,6944455.142000,9.228389,830
509500.842900,6944454.848000,9.089784,830
509500.438800,6944454.553000,8.959094,830
509500.034600,6944454.259000,8.898691,830
509499.630500,6944453.965000,8.837884,830
509499.378300,6944453.781000,8.800000,830
509499.226400,6944453.670000,8.777327,830
509498.822200,6944453.376000,8.774649,830
509498.013900,6944452.787000,8.799317,830
509498.002500,6944452.779000,8.800000,830
509497.609800,6944452.493000,8.823887,830
509497.205600,6944452.198000,8.861237,830
509496.801500,6944451.904000,8.899099,830
509496.397300,6944451.609000,8.932720,830
509495.993200,6944451.315000,8.950143,830
509495.589000,6944451.021000,8.967912,830
509495.184900,6944450.726000,8.985111,830
509494.780700,6944450.432000,8.973287,830
509494.376600,6944450.138000,8.956620,830
509493.972500,6944449.843000,8.939739,830
509493.568300,6944449.549000,8.908861,830
509493.164200,6944449.254000,8.867169,830
509492.760000,6944448.960000,8.824807,830
509492.540300,6944448.800000,8.800000,830
509492.355900,6944448.666000,8.779294,830
509491.951700,6944448.371000,8.722406,830
509491.143400,6944447.782000,8.608629,830
509490.739300,6944447.488000,8.542857,830
509490.335100,6944447.194000,8.476476,830
509489.931000,6944446.899000,8.410071,830
509489.526800,6944446.605000,8.345244,830
509489.240200,6944446.396000,8.300000,830
509489.122700,6944446.310000,8.283536,830
509488.718600,6944446.016000,8.226678,830
509488.314400,6944445.722000,8.176821,830
509487.910300,6944445.427000,8.142001,830
509487.506100,6944445.133000,8.107364,830
509487.102000,6944444.838000,8.072829,830
509525.900000,6944473.100000,12.228212,830
509525.495900,6944472.806000,12.049529,830
509525.172500,6944472.570000,11.800000,835
509525.091700,6944472.511000,11.770062,835
509524.687600,6944472.217000,11.611946,835
509524.283400,6944471.922000,11.450350,835
509523.897100,6944471.641000,11.300000,835
509523.879300,6944471.628000,11.293694,835
509523.475100,6944471.334000,11.140504,835
509523.071000,6944471.039000,11.020502,835
509522.666800,6944470.745000,10.941058,835
509522.262700,6944470.450000,10.861608,835
509521.934600,6944470.211000,10.800000,835
509521.858500,6944470.156000,10.786232,835
509521.454400,6944469.862000,10.765119,835
509521.050200,6944469.567000,10.744037,835
509520.646100,6944469.273000,10.722973,835
509520.242000,6944468.979000,10.720771,835
509519.837800,6944468.684000,10.724565,835
509519.433700,6944468.390000,10.728353,835
509519.029500,6944468.095000,10.728568,835
509518.625400,6944467.801000,10.724390,835
509518.221200,6944467.507000,10.720210,835
509517.817100,6944467.212000,10.711508,835
509517.412900,6944466.918000,10.674624,835
509517.008800,6944466.623000,10.637778,835
509516.604600,6944466.329000,10.600824,835
509516.200500,6944466.035000,10.528358,835
509515.796300,6944465.740000,10.449162,835
509515.392200,6944465.446000,10.369338,835
509515.073500,6944465.214000,10.300000,835
509514.988100,6944465.151000,10.282024,835
509514.583900,6944464.857000,10.195170,835
509514.179800,6944464.563000,10.107905,835
509513.775600,6944464.268000,10.034190,835
509512.563200,6944463.385000,9.992431,835
509512.159000,6944463.091000,10.092539,835
509511.754900,6944462.796000,10.204885,835
509511.412200,6944462.547000,10.300000,835
509511.350700,6944462.502000,10.318430,835
509510.946600,6944462.208000,10.470447,835
509510.542400,6944461.913000,10.637947,835
509510.151800,6944461.629000,10.800000,835
509510.138300,6944461.619000,10.805683,835
509509.734200,6944461.324000,10.958922,835
509509.330000,6944461.030000,11.062626,835
509508.925900,6944460.736000,11.166366,835
509508.521700,6944460.441000,11.270106,835
509508.117600,6944460.147000,11.276126,835
509507.309300,6944459.558000,11.281186,835
509506.905100,6944459.264000,11.228993,835
509506.096800,6944458.675000,11.067003,835
509505.692700,6944458.380000,10.964279,835
509505.288500,6944458.086000,10.818984,835
509505.234600,6944458.047000,10.800000,835
509504.884400,6944457.792000,10.680469,835
509504.480300,6944457.497000,10.538827,835
509504.076100,6944457.203000,10.350701,835
509503.965500,6944457.122000,10.300000,835
509503.672000,6944456.909000,10.178657,835
509503.267800,6944456.614000,10.009225,835
509502.863700,6944456.320000,9.827147,835
509502.804600,6944456.277000,9.800000,835
509502.459500,6944456.025000,9.641463,835
509502.055400,6944455.731000,9.454490,835
509501.695500,6944455.469000,9.300000,835
509501.651200,6944455.437000,9.282531,835
509501.247100,6944455.142000,9.144724,835
509500.842900,6944454.848000,9.005956,835
509500.438800,6944454.553000,8.875197,835
509500.034600,6944454.259000,8.814378,835
509499.939200,6944454.189000,8.800000,835
509499.630500,6944453.965000,8.753808,835
509499.226400,6944453.670000,8.693371,835
509498.822200,6944453.376000,8.690407,835
509498.013900,6944452.787000,8.714466,835
509497.609800,6944452.493000,8.738356,835
509497.205600,6944452.198000,8.774953,835
509496.928600,6944451.996000,8.800000,835
509496.801500,6944451.904000,8.811711,835
509496.397300,6944451.609000,8.845107,835
509495.993200,6944451.315000,8.861642,835
509495.589000,6944451.021000,8.878367,835
509495.184900,6944450.726000,8.894852,835
509494.780700,6944450.432000,8.882072,835
509494.376600,6944450.138000,8.864510,835
509493.972500,6944449.843000,8.846878,835
509493.568300,6944449.549000,8.815382,835
509493.422100,6944449.442000,8.800000,835
509493.164200,6944449.254000,8.772994,835
509492.760000,6944448.960000,8.730792,835
509492.355900,6944448.666000,8.685025,835
509491.951700,6944448.371000,8.628047,835
509491.143400,6944447.782000,8.514094,835
509490.739300,6944447.488000,8.448897,835
509490.335100,6944447.194000,8.383158,835
509489.931000,6944446.899000,8.317387,835
509489.821900,6944446.820000,8.300000,835
509489.526800,6944446.605000,8.257892,835
509489.122700,6944446.310000,8.201982,835
509488.718600,6944446.016000,8.146449,835
509488.314400,6944445.722000,8.097758,835
509487.910300,6944445.427000,8.063992,835
509487.506100,6944445.133000,8.030346,835
509487.102000,6944444.838000,7.996739,835
509525.900000,6944473.100000,12.111798,835
509525.495900,6944472.806000,11.935989,835
509525.442500,6944472.767000,11.800000,840
509525.091700,6944472.511000,11.670094,840
509524.687600,6944472.217000,11.515577,840
509524.283400,6944471.922000,11.360493,840
509524.128000,6944471.809000,11.300000,840
509523.879300,6944471.628000,11.211868,840
509523.475100,6944471.334000,11.063733,840
509523.071000,6944471.039000,10.946571,840
509522.666800,6944470.745000,10.869484,840
509522.303800,6944470.480000,10.800000,840
509522.262700,6944470.450000,10.792410,840
509521.858500,6944470.156000,10.719487,840
509521.454400,6944469.862000,10.699049,840
509521.050200,6944469.567000,10.678628,840
509520.646100,6944469.273000,10.658209,840
509520.242000,6944468.979000,10.655942,840
509519.837800,6944468.684000,10.659450,840
509519.433700,6944468.390000,10.662955,840
509519.029500,6944468.095000,10.662693,840
509518.625400,6944467.801000,10.657789,840
509518.221200,6944467.507000,10.652871,840
509517.817100,6944467.212000,10.643362,840
509517.412900,6944466.918000,10.605257,840
509517.008800,6944466.623000,10.567143,840
509516.604600,6944466.329000,10.528847,840
509516.200500,6944466.035000,10.454479,840
509515.796300,6944465.740000,10.373335,840
509515.433700,6944465.476000,10.300000,840
509515.392200,6944465.446000,10.291850,840
509514.988100,6944465.151000,10.206592,840
509514.583900,6944464.857000,10.117279,840
509514.179800,6944464.563000,10.027554,840
509513.775600,6944464.268000,9.952077,840
509512.563200,6944463.385000,9.906296,840
509512.159000,6944463.091000,10.006726,840
509511.754900,6944462.796000,10.119897,840
509511.350700,6944462.502000,10.232751,840
509511.160500,6944462.363000,10.300000,840
509510.946600,6944462.208000,10.380689,840
509510.542400,6944461.913000,10.550106,840
509510.138300,6944461.619000,10.718443,840
509509.920700,6944461.460000,10.800000,840
509509.734200,6944461.324000,10.870787,840
509509.330000,6944461.030000,10.975378,840
509508.925900,6944460.736000,11.079985,840
509508.521700,6944460.441000,11.184592,840
509508.117600,6944460.147000,11.190019,840
509507.309300,6944459.558000,11.193789,840
509506.905100,6944459.264000,11.140221,840
509506.096800,6944458.675000,10.974711,840
509505.692700,6944458.380000,10.870168,840
509505.498100,6944458.239000,10.800000,840
509505.288500,6944458.086000,10.726296,840
509504.884400,6944457.792000,10.586915,840
509504.480300,6944457.497000,10.442306,840
509504.175400,6944457.275000,10.300000,840
509504.076100,6944457.203000,10.258466,840
509503.672000,6944456.909000,10.090710,840
509503.267800,6944456.614000,9.920549,840
509503.000600,6944456.419000,9.800000,840
509502.863700,6944456.320000,9.738150,840
509502.459500,6944456.025000,9.552050,840
509502.055400,6944455.731000,9.363825,840
509501.906700,6944455.623000,9.300000,840
509501.651200,6944455.437000,9.199202,840
509501.247100,6944455.142000,9.061059,840
509500.842900,6944454.848000,8.922129,840
509500.465600,6944454.573000,8.800000,840
509500.438800,6944454.553000,8.791359,840
509500.034600,6944454.259000,8.730712,840
509499.630500,6944453.965000,8.670062,840
509499.226400,6944453.670000,8.609414,840
509498.822200,6944453.376000,8.606165,840
509498.013900,6944452.787000,8.629615,840
509497.609800,6944452.493000,8.653118,840
509496.801500,6944451.904000,8.725359,840
509496.397300,6944451.609000,8.757930,840
509495.589000,6944451.021000,8.788993,840
509495.301900,6944450.812000,8.800000,840
509495.184900,6944450.726000,8.804593,840
509495.048800,6944450.627000,8.800000,840
509494.780700,6944450.432000,8.791002,840
509493.972500,6944449.843000,8.754657,840
509493.568300,6944449.549000,8.722848,840
509492.760000,6944448.960000,8.637066,840
509492.355900,6944448.666000,8.590755,840
509491.951700,6944448.371000,8.533689,840
509491.143400,6944447.782000,8.419558,840
509490.739300,6944447.488000,8.354937,840
509490.398600,6944447.240000,8.300000,840
509490.335100,6944447.194000,8.290727,840
509489.931000,6944446.899000,8.231506,840
509489.526800,6944446.605000,8.174885,840
509489.122700,6944446.310000,8.120429,840
509488.718600,6944446.016000,8.066219,840
509488.314400,6944445.722000,8.018696,840
509487.910300,6944445.427000,7.985984,840
509487.506100,6944445.133000,7.953329,840
509487.102000,6944444.838000,7.920649,840
509525.900000,6944473.100000,11.995385,840
509525.495900,6944472.806000,11.822450,840
509525.495900,6944472.806000,11.717192,845
509525.091700,6944472.511000,11.570126,845
509524.687600,6944472.217000,11.419209,845
509524.367900,6944471.984000,11.300000,845
509524.283400,6944471.922000,11.271814,845
509523.879300,6944471.628000,11.130043,845
509523.475100,6944471.334000,10.986961,845
509523.071000,6944471.039000,10.872640,845
509522.678500,6944470.753000,10.800000,845
509522.666800,6944470.745000,10.797916,845
509522.262700,6944470.450000,10.723316,845
509521.858500,6944470.156000,10.652742,845
509521.454400,6944469.862000,10.632980,845
509521.050200,6944469.567000,10.613218,845
509520.646100,6944469.273000,10.593444,845
509520.242000,6944468.979000,10.591112,845
509519.837800,6944468.684000,10.594334,845
509519.433700,6944468.390000,10.597557,845
509519.029500,6944468.095000,10.596818,845
509518.625400,6944467.801000,10.591187,845
509518.221200,6944467.507000,10.585533,845
509517.817100,6944467.212000,10.575217,845
509517.412900,6944466.918000,10.535891,845
509517.008800,6944466.623000,10.496509,845
509516.604600,6944466.329000,10.456870,845
509516.200500,6944466.035000,10.380601,845
509515.808200,6944465.749000,10.300000,845
509515.796300,6944465.740000,10.297642,845
509515.392200,6944465.446000,10.218285,845
509514.988100,6944465.151000,10.131161,845
509514.583900,6944464.857000,10.039388,845
509514.179800,6944464.563000,9.947203,845
509513.775600,6944464.268000,9.869964,845
509512.563200,6944463.385000,9.820160,845
509512.159000,6944463.091000,9.920913,845
509511.754900,6944462.796000,10.034910,845
509511.350700,6944462.502000,10.148603,845
509510.946600,6944462.208000,10.291563,845
509510.925600,6944462.192000,10.300000,845
509510.542400,6944461.913000,10.462266,845
509510.138300,6944461.619000,10.631353,845
509509.734200,6944461.324000,10.783184,845
509509.668200,6944461.276000,10.800000,845
509509.330000,6944461.030000,10.888129,845
509508.925900,6944460.736000,10.993603,845
509508.521700,6944460.441000,11.099078,845
509508.117600,6944460.147000,11.103912,845
509507.309300,6944459.558000,11.106393,845
509506.905100,6944459.264000,11.051449,845
509506.096800,6944458.675000,10.882420,845
509505.782300,6944458.446000,10.800000,845
509505.692700,6944458.380000,10.776951,845
509505.288500,6944458.086000,10.634518,845
509504.884400,6944457.792000,10.493362,845
509504.480300,6944457.497000,10.345784,845
509504.382200,6944457.426000,10.300000,845
509504.076100,6944457.203000,10.171994,845
509503.672000,6944456.909000,10.002762,845
509503.267800,6944456.614000,9.831874,845
509503.197200,6944456.563000,9.800000,845
509502.863700,6944456.320000,9.649348,845
509502.459500,6944456.025000,9.462638,845
509502.111900,6944455.772000,9.300000,845
509502.055400,6944455.731000,9.275412,845
509501.651200,6944455.437000,9.115874,845
509501.247100,6944455.142000,8.977393,845
509500.842900,6944454.848000,8.838301,845
509500.724600,6944454.762000,8.800000,845
509500.438800,6944454.553000,8.708036,845
509500.034600,6944454.259000,8.647179,845
509499.630500,6944453.965000,8.586317,845
509499.226400,6944453.670000,8.525458,845
509498.822200,6944453.376000,8.521924,845
509498.013900,6944452.787000,8.544764,845
509497.609800,6944452.493000,8.567879,845
509496.801500,6944451.904000,8.639168,845
509496.397300,6944451.609000,8.671218,845
509495.184900,6944450.726000,8.715614,845
509494.780700,6944450.432000,8.701219,845
509493.972500,6944449.843000,8.663089,845
509493.568300,6944449.549000,8.630499,845
509492.760000,6944448.960000,8.543340,845
509492.355900,6944448.666000,8.496485,845
509491.951700,6944448.371000,8.439330,845
509491.143400,6944447.782000,8.325023,845
509490.986100,6944447.668000,8.300000,845
509490.739300,6944447.488000,8.264210,845
509490.335100,6944447.194000,8.205547,845
509489.931000,6944446.899000,8.147195,845
509489.526800,6944446.605000,8.091877,845
509489.122700,6944446.310000,8.038876,845
509488.718600,6944446.016000,7.985990,845
509488.314400,6944445.722000,7.939633,845
509487.910300,6944445.427000,7.907975,845
509487.506100,6944445.133000,7.876311,845
509487.102000,6944444.838000,7.844559,845
509525.900000,6944473.100000,11.878971,845
509525.714800,6944472.965000,11.800000,845
509525.091700,6944472.511000,11.470158,850
509524.687600,6944472.217000,11.322840,850
509524.626300,6944472.172000,11.300000,850
509524.283400,6944471.922000,11.185560,850
509523.879300,6944471.628000,11.048218,850
509523.475100,6944471.334000,10.910190,850
509523.075800,6944471.043000,10.800000,850
509523.071000,6944471.039000,10.798712,850
509522.666800,6944470.745000,10.726547,850
509522.262700,6944470.450000,10.654222,850
509521.858500,6944470.156000,10.585997,850
509521.454400,6944469.862000,10.566910,850
509521.050200,6944469.567000,10.547809,850
509520.646100,6944469.273000,10.528679,850
509520.242000,6944468.979000,10.526282,850
509519.837800,6944468.684000,10.529219,850
509519.433700,6944468.390000,10.532159,850
509519.029500,6944468.095000,10.530943,850
509518.625400,6944467.801000,10.524586,850
509518.221200,6944467.507000,10.518195,850
509517.817100,6944467.212000,10.507071,850
509517.412900,6944466.918000,10.466525,850
509517.008800,6944466.623000,10.425874,850
509516.604600,6944466.329000,10.384894,850
509516.200500,6944466.035000,10.306722,850
509516.167800,6944466.011000,10.300000,850
509515.796300,6944465.740000,10.225908,850
509515.392200,6944465.446000,10.144719,850
509514.988100,6944465.151000,10.055729,850
509514.583900,6944464.857000,9.961497,850
509514.179800,6944464.563000,9.866851,850
509513.836600,6944464.313000,9.800000,850
509513.775600,6944464.268000,9.787855,850
509513.371500,6944463.974000,9.769949,850
509512.967300,6944463.679000,9.751960,850
509512.563200,6944463.385000,9.734017,850
509512.299700,6944463.193000,9.800000,850
509512.159000,6944463.091000,9.835100,850
509511.754900,6944462.796000,9.949923,850
509511.350700,6944462.502000,10.064455,850
509510.946600,6944462.208000,10.208056,850
509510.718200,6944462.041000,10.300000,850
509510.542400,6944461.913000,10.374426,850
509510.138300,6944461.619000,10.544263,850
509509.734200,6944461.324000,10.697755,850
509509.333400,6944461.032000,10.800000,850
509509.330000,6944461.030000,10.800881,850
509508.925900,6944460.736000,10.907222,850
509508.521700,6944460.441000,11.013564,850
509508.117600,6944460.147000,11.017805,850
509507.309300,6944459.558000,11.018996,850
509506.905100,6944459.264000,10.962677,850
509506.501000,6944458.969000,10.876402,850
509506.142300,6944458.708000,10.800000,850
509506.096800,6944458.675000,10.790516,850
509505.692700,6944458.380000,10.686355,850
509505.288500,6944458.086000,10.542740,850
509504.884400,6944457.792000,10.399809,850
509504.613700,6944457.594000,10.300000,850
509504.480300,6944457.497000,10.255275,850
509504.076100,6944457.203000,10.085522,850
509503.672000,6944456.909000,9.914815,850
509503.400800,6944456.711000,9.800000,850
509503.267800,6944456.614000,9.743442,850
509502.863700,6944456.320000,9.560545,850
509502.459500,6944456.025000,9.373226,850
509502.303000,6944455.911000,9.300000,850
509502.055400,6944455.731000,9.192357,850
509501.651200,6944455.437000,9.032546,850
509501.247100,6944455.142000,8.893728,850
509500.974900,6944454.944000,8.800000,850
509500.842900,6944454.848000,8.754844,850
509500.438800,6944454.553000,8.624712,850
509500.034600,6944454.259000,8.563646,850
509499.630500,6944453.965000,8.502571,850
509499.226400,6944453.670000,8.441501,850
509498.822200,6944453.376000,8.437682,850
509498.013900,6944452.787000,8.459914,850
509497.609800,6944452.493000,8.482641,850
509496.801500,6944451.904000,8.552976,850
509496.397300,6944451.609000,8.584506,850
509495.184900,6944450.726000,8.626702,850
509494.780700,6944450.432000,8.611437,850
509493.972500,6944449.843000,8.571521,850
509493.568300,6944449.549000,8.538151,850
509492.760000,6944448.960000,8.449614,850
509492.355900,6944448.666000,8.402215,850
509491.951700,6944448.371000,8.344972,850
509491.634100,6944448.140000,8.300000,850
509491.547600,6944448.077000,8.288657,850
509491.143400,6944447.782000,8.235852,850
509490.739300,6944447.488000,8.178035,850
509490.335100,6944447.194000,8.120368,850
509489.931000,6944446.899000,8.062884,850
509489.526800,6944446.605000,8.008869,850
509489.122700,6944446.310000,7.957322,850
509488.718600,6944446.016000,7.905760,850
509488.314400,6944445.722000,7.860570,850
509487.910300,6944445.427000,7.829966,850
509487.515600,6944445.140000,7.800000,850
509487.506100,6944445.133000,7.799336,850
509487.102000,6944444.838000,7.770458,850
509525.900000,6944473.100000,11.764888,850
509525.495900,6944472.806000,11.613974,850
509525.091700,6944472.511000,11.370190,855
509524.898000,6944472.370000,11.300000,855
509524.687600,6944472.217000,11.231127,855
509524.283400,6944471.922000,11.099307,855
509523.879300,6944471.628000,10.966392,855
509523.475100,6944471.334000,10.833419,855
509523.354000,6944471.245000,10.800000,855
509523.071000,6944471.039000,10.724908,855
509522.666800,6944470.745000,10.655179,855
509522.262700,6944470.450000,10.585128,855
509521.858500,6944470.156000,10.519253,855
509521.454400,6944469.862000,10.500840,855
509521.050200,6944469.567000,10.482399,855
509520.646100,6944469.273000,10.463915,855
509520.242000,6944468.979000,10.461452,855
509519.837800,6944468.684000,10.464104,855
509519.433700,6944468.390000,10.466762,855
509519.029500,6944468.095000,10.465068,855
509518.625400,6944467.801000,10.457985,855
509518.221200,6944467.507000,10.450857,855
509517.817100,6944467.212000,10.438925,855
509517.412900,6944466.918000,10.397158,855
509517.008800,6944466.623000,10.355239,855
509516.604600,6944466.329000,10.312917,855
509516.538000,6944466.280000,10.300000,855
509516.200500,6944466.035000,10.236537,855
509515.796300,6944465.740000,10.154174,855
509515.392200,6944465.446000,10.071154,855
509514.988100,6944465.151000,9.980298,855
509514.583900,6944464.857000,9.883606,855
509514.234500,6944464.603000,9.800000,855
509514.179800,6944464.563000,9.786656,855
509513.775600,6944464.268000,9.705770,855
509513.371500,6944463.974000,9.686606,855
509512.967300,6944463.679000,9.667152,855
509512.563200,6944463.385000,9.647872,855
509512.159000,6944463.091000,9.749516,855
509511.982800,6944462.962000,9.800000,855
509511.754900,6944462.796000,9.864936,855
509511.350700,6944462.502000,9.980307,855
509510.946600,6944462.208000,10.124549,855
509510.542400,6944461.913000,10.287466,855
509510.510900,6944461.890000,10.300000,855
509510.138300,6944461.619000,10.457172,855
509509.734200,6944461.324000,10.612326,855
509509.330000,6944461.030000,10.716365,855
509509.005100,6944460.793000,10.800000,855
509508.925900,6944460.736000,10.820840,855
509508.521700,6944460.441000,10.928050,855
509508.117600,6944460.147000,10.931698,855
509507.309300,6944459.558000,10.931600,855
509506.905100,6944459.264000,10.873905,855
509506.564800,6944459.016000,10.800000,855
509506.501000,6944458.969000,10.786412,855
509506.096800,6944458.675000,10.701855,855
509505.692700,6944458.380000,10.595758,855
509505.288500,6944458.086000,10.450962,855
509504.884400,6944457.792000,10.306256,855
509504.867400,6944457.779000,10.300000,855
509504.480300,6944457.497000,10.170192,855
509504.076100,6944457.203000,9.999050,855
509503.672000,6944456.909000,9.826867,855
509503.608500,6944456.862000,9.800000,855
509503.267800,6944456.614000,9.655146,855
509502.863700,6944456.320000,9.471742,855
509502.494100,6944456.051000,9.300000,855
509502.459500,6944456.025000,9.284986,855
509502.055400,6944455.731000,9.109303,855
509501.651200,6944455.437000,8.949217,855
509501.247100,6944455.142000,8.810063,855
509501.217900,6944455.121000,8.800000,855
509500.842900,6944454.848000,8.671700,855
509500.438800,6944454.553000,8.541389,855
509500.034600,6944454.259000,8.480113,855
509499.630500,6944453.965000,8.418825,855
509499.226400,6944453.670000,8.357545,855
509498.822200,6944453.376000,8.353440,855
509498.013900,6944452.787000,8.375063,855
509497.609800,6944452.493000,8.397403,855
509496.801500,6944451.904000,8.466785,855
509496.397300,6944451.609000,8.497794,855
509495.184900,6944450.726000,8.537791,855
509494.780700,6944450.432000,8.521655,855
509493.972500,6944449.843000,8.479953,855
509493.568300,6944449.549000,8.445802,855
509492.760000,6944448.960000,8.355888,855
509492.355900,6944448.666000,8.307945,855
509492.299800,6944448.625000,8.300000,855
509491.951700,6944448.371000,8.254228,855
509491.547600,6944448.077000,8.201347,855
509491.143400,6944447.782000,8.148611,855
509490.739300,6944447.488000,8.091859,855
509490.335100,6944447.194000,8.035188,855
509489.931000,6944446.899000,7.978573,855
509489.526800,6944446.605000,7.925861,855
509489.122700,6944446.310000,7.875769,855
509488.718600,6944446.016000,7.825531,855
509488.485600,6944445.846000,7.800000,855
509488.314400,6944445.722000,7.782569,855
509487.102000,6944444.838000,7.699167,855
509525.900000,6944473.100000,11.655718,855
509525.495900,6944472.806000,11.510757,855
509525.181600,6944472.577000,11.300000,860
509525.091700,6944472.511000,11.271774,860
509524.687600,6944472.217000,11.140861,860
509524.283400,6944471.922000,11.013054,860
509523.879300,6944471.628000,10.884567,860
509523.617900,6944471.438000,10.800000,860
509523.475100,6944471.334000,10.755834,860
509523.071000,6944471.039000,10.651104,860
509522.666800,6944470.745000,10.583811,860
509522.262700,6944470.450000,10.516033,860
509521.858500,6944470.156000,10.452508,860
509521.454400,6944469.862000,10.434771,860
509521.050200,6944469.567000,10.416990,860
509520.646100,6944469.273000,10.399150,860
509520.242000,6944468.979000,10.396623,860
509519.837800,6944468.684000,10.398989,860
509519.433700,6944468.390000,10.401364,860
509519.029500,6944468.095000,10.399194,860
509518.625400,6944467.801000,10.391383,860
509518.221200,6944467.507000,10.383518,860
509517.817100,6944467.212000,10.370780,860
509517.412900,6944466.918000,10.327792,860
509517.151200,6944466.727000,10.300000,860
509517.008800,6944466.623000,10.285350,860
509516.604600,6944466.329000,10.244059,860
509516.200500,6944466.035000,10.166722,860
509515.796300,6944465.740000,10.082440,860
509515.392200,6944465.446000,9.997588,860
509514.988100,6944465.151000,9.904866,860
509514.583900,6944464.857000,9.805715,860
509514.560000,6944464.840000,9.800000,860
509514.179800,6944464.563000,9.707230,860
509513.775600,6944464.268000,9.623684,860
509513.371500,6944463.974000,9.603263,860
509512.967300,6944463.679000,9.582344,860
509512.563200,6944463.385000,9.561726,860
509512.159000,6944463.091000,9.664090,860
509511.754900,6944462.796000,9.780070,860
509511.685700,6944462.746000,9.800000,860
509511.350700,6944462.502000,9.896160,860
509510.946600,6944462.208000,10.041043,860
509510.542400,6944461.913000,10.205391,860
509510.304400,6944461.740000,10.300000,860
509510.138300,6944461.619000,10.370082,860
509509.734200,6944461.324000,10.526896,860
509509.330000,6944461.030000,10.631877,860
509508.925900,6944460.736000,10.736394,860
509508.681800,6944460.558000,10.800000,860
509508.521700,6944460.441000,10.842536,860
509508.117600,6944460.147000,10.845591,860
509507.309300,6944459.558000,10.844203,860
509507.005700,6944459.337000,10.800000,860
509506.905100,6944459.264000,10.785651,860
509506.501000,6944458.969000,10.699347,860
509506.096800,6944458.675000,10.613193,860
509505.692700,6944458.380000,10.505161,860
509505.288500,6944458.086000,10.359184,860
509505.123400,6944457.966000,10.300000,860
509504.884400,6944457.792000,10.221367,860
509504.480300,6944457.497000,10.085108,860
509504.076100,6944457.203000,9.912578,860
509503.812600,6944457.011000,9.800000,860
509503.672000,6944456.909000,9.739999,860
509503.267800,6944456.614000,9.566850,860
509502.863700,6944456.320000,9.382940,860
509502.685200,6944456.190000,9.300000,860
509502.459500,6944456.025000,9.202053,860
509502.055400,6944455.731000,9.026248,860
509501.651200,6944455.437000,8.865889,860
509501.459900,6944455.297000,8.800000,860
509501.247100,6944455.142000,8.727047,860
509500.842900,6944454.848000,8.588555,860
509500.438800,6944454.553000,8.458066,860
509500.034600,6944454.259000,8.396580,860
509499.630500,6944453.965000,8.335079,860
509499.399700,6944453.796000,8.300000,860
509499.226400,6944453.670000,8.273739,860
509498.822200,6944453.376000,8.269517,860
509498.418100,6944453.081000,8.280029,860
509498.013900,6944452.787000,8.290427,860
509497.833300,6944452.655000,8.300000,860
509497.609800,6944452.493000,8.312164,860
509496.801500,6944451.904000,8.380593,860
509496.397300,6944451.609000,8.411081,860
509495.184900,6944450.726000,8.448880,860
509494.780700,6944450.432000,8.431873,860
509493.972500,6944449.843000,8.388385,860
509493.568300,6944449.549000,8.353454,860
509493.164200,6944449.254000,8.307808,860
509493.094600,6944449.204000,8.300000,860
509492.760000,6944448.960000,8.264748,860
509492.355900,6944448.666000,8.219720,860
509491.951700,6944448.371000,8.166775,860
509491.547600,6944448.077000,8.114037,860
509491.143400,6944447.782000,8.061370,860
509490.739300,6944447.488000,8.005684,860
509490.335100,6944447.194000,7.950009,860
509489.931000,6944446.899000,7.894262,860
509489.526800,6944446.605000,7.842853,860
509489.171500,6944446.346000,7.800000,860
509489.122700,6944446.310000,7.794507,860
509488.718600,6944446.016000,7.748246,860
509488.314400,6944445.722000,7.708048,860
509487.102000,6944444.838000,7.627876,860
509525.900000,6944473.100000,11.546547,860
509525.495900,6944472.806000,11.407540,860
509525.483200,6944472.796000,11.300000,865
509525.091700,6944472.511000,11.177019,865
509524.687600,6944472.217000,11.050594,865
509524.283400,6944471.922000,10.926800,865
509523.879300,6944471.628000,10.802741,865
509523.870800,6944471.622000,10.800000,865
509523.475100,6944471.334000,10.677622,865
509523.071000,6944471.039000,10.577300,865
509522.666800,6944470.745000,10.512442,865
509522.262700,6944470.450000,10.446939,865
509521.858500,6944470.156000,10.385763,865
509521.454400,6944469.862000,10.368701,865
509521.050200,6944469.567000,10.351580,865
509520.646100,6944469.273000,10.334385,865
509520.242000,6944468.979000,10.331793,865
509519.837800,6944468.684000,10.333874,865
509519.433700,6944468.390000,10.335966,865
509519.029500,6944468.095000,10.333319,865
509518.625400,6944467.801000,10.324782,865
509518.221200,6944467.507000,10.316180,865
509517.817100,6944467.212000,10.302634,865
509517.792600,6944467.194000,10.300000,865
509517.412900,6944466.918000,10.260299,865
509517.008800,6944466.623000,10.218135,865
509516.604600,6944466.329000,10.175882,865
509516.200500,6944466.035000,10.096908,865
509515.796300,6944465.740000,10.010707,865
509515.392200,6944465.446000,9.924023,865
509514.988100,6944465.151000,9.829435,865
509514.868300,6944465.064000,9.800000,865
509514.583900,6944464.857000,9.729080,865
509514.179800,6944464.563000,9.627804,865
509513.775600,6944464.268000,9.541599,865
509513.371500,6944463.974000,9.519920,865
509512.967300,6944463.679000,9.497536,865
509512.563200,6944463.385000,9.475581,865
509512.159000,6944463.091000,9.578664,865
509511.754900,6944462.796000,9.695596,865
509511.392600,6944462.532000,9.800000,865
509511.350700,6944462.502000,9.812012,865
509510.946600,6944462.208000,9.957536,865
509510.542400,6944461.913000,10.123316,865
509510.138300,6944461.619000,10.284430,865
509510.095700,6944461.588000,10.300000,865
509509.734200,6944461.324000,10.441467,865
509509.330000,6944461.030000,10.547388,865
509508.925900,6944460.736000,10.652562,865
509508.521700,6944460.441000,10.758325,865
509508.117600,6944460.147000,10.760740,865
509507.713400,6944459.852000,10.759471,865
509507.309300,6944459.558000,10.758202,865
509506.905100,6944459.264000,10.699971,865
509506.501000,6944458.969000,10.612282,865
509506.096800,6944458.675000,10.524532,865
509505.692700,6944458.380000,10.414564,865
509505.377200,6944458.151000,10.300000,865
509505.288500,6944458.086000,10.270606,865
509504.884400,6944457.792000,10.137098,865
509504.480300,6944457.497000,10.000024,865
509504.076100,6944457.203000,9.826106,865
509504.015000,6944457.158000,9.800000,865
509503.672000,6944456.909000,9.653606,865
509503.267800,6944456.614000,9.478554,865
509502.876400,6944456.329000,9.300000,865
509502.863700,6944456.320000,9.294543,865
509502.459500,6944456.025000,9.119120,865
509502.055400,6944455.731000,8.943193,865
509501.695000,6944455.468000,8.800000,865
509501.651200,6944455.437000,8.782679,865
509501.247100,6944455.142000,8.644120,865
509500.842900,6944454.848000,8.505411,865
509500.438800,6944454.553000,8.374743,865
509500.034600,6944454.259000,8.313047,865
509499.949000,6944454.197000,8.300000,865
509499.630500,6944453.965000,8.251466,865
509499.226400,6944453.670000,8.190262,865
509498.822200,6944453.376000,8.186145,865
509498.418100,6944453.081000,8.196833,865
509498.013900,6944452.787000,8.207438,865
509497.609800,6944452.493000,8.228906,865
509497.205600,6944452.198000,8.261919,865
509496.801500,6944451.904000,8.294613,865
509496.725600,6944451.849000,8.300000,865
509496.397300,6944451.609000,8.324369,865
509495.184900,6944450.726000,8.359969,865
509494.780700,6944450.432000,8.342091,865
509494.376600,6944450.138000,8.319454,865
509494.028800,6944449.884000,8.300000,865
509493.972500,6944449.843000,8.297018,865
509493.568300,6944449.549000,8.263635,865
509493.164200,6944449.254000,8.220474,865
509492.760000,6944448.960000,8.177429,865
509492.355900,6944448.666000,8.132052,865
509491.951700,6944448.371000,8.079322,865
509491.547600,6944448.077000,8.026726,865
509491.143400,6944447.782000,7.974130,865
509490.739300,6944447.488000,7.919509,865
509490.335100,6944447.194000,7.864830,865
509489.931000,6944446.899000,7.809951,865
509489.851700,6944446.841000,7.800000,865
509489.526800,6944446.605000,7.761799,865
509488.718600,6944446.016000,7.672336,865
509488.314400,6944445.722000,7.633527,865
509487.102000,6944444.838000,7.556585,865
509525.900000,6944473.100000,11.437377,865
509525.495900,6944472.806000,11.304323,865
509525.495900,6944472.806000,11.204839,870
509525.091700,6944472.511000,11.082263,870
509524.687600,6944472.217000,10.960328,870
509524.283400,6944471.922000,10.840547,870
509524.151200,6944471.826000,10.800000,870
509523.879300,6944471.628000,10.720286,870
509523.475100,6944471.334000,10.599409,870
509523.071000,6944471.039000,10.503496,870
509522.666800,6944470.745000,10.441074,870
509522.262700,6944470.450000,10.377845,870
509521.858500,6944470.156000,10.319018,870
509521.454400,6944469.862000,10.302631,870
509521.390300,6944469.815000,10.300000,870
509521.050200,6944469.567000,10.286384,870
509520.646100,6944469.273000,10.270170,870
509520.242000,6944468.979000,10.267666,870
509519.433700,6944468.390000,10.271382,870
509519.029500,6944468.095000,10.268453,870
509518.221200,6944467.507000,10.250811,870
509517.817100,6944467.212000,10.237250,870
509517.412900,6944466.918000,10.194060,870
509517.008800,6944466.623000,10.150920,870
509516.604600,6944466.329000,10.107705,870
509516.200500,6944466.035000,10.027093,870
509515.796300,6944465.740000,9.938973,870
509515.392200,6944465.446000,9.850458,870
509515.178300,6944465.290000,9.800000,870
509514.988100,6944465.151000,9.754367,870
509514.583900,6944464.857000,9.652545,870
509514.179800,6944464.563000,9.548377,870
509513.775600,6944464.268000,9.459514,870
509513.371500,6944463.974000,9.436577,870
509512.967300,6944463.679000,9.412729,870
509512.563200,6944463.385000,9.389436,870
509512.159000,6944463.091000,9.493237,870
509511.754900,6944462.796000,9.611122,870
509511.350700,6944462.502000,9.727990,870
509511.152100,6944462.357000,9.800000,870
509510.946600,6944462.208000,9.874029,870
509510.542400,6944461.913000,10.041242,870
509510.138300,6944461.619000,10.204705,870
509509.877400,6944461.429000,10.300000,870
509509.734200,6944461.324000,10.356038,870
509509.330000,6944461.030000,10.462900,870
509508.925900,6944460.736000,10.568731,870
509508.521700,6944460.441000,10.675402,870
509508.117600,6944460.147000,10.677305,870
509507.713400,6944459.852000,10.675468,870
509507.309300,6944459.558000,10.673628,870
509506.905100,6944459.264000,10.614290,870
509506.501000,6944458.969000,10.525217,870
509506.096800,6944458.675000,10.435870,870
509505.692700,6944458.380000,10.323967,870
509505.626700,6944458.332000,10.300000,870
509505.288500,6944458.086000,10.187840,870
509504.884400,6944457.792000,10.052830,870
509504.480300,6944457.497000,9.914940,870
509504.213800,6944457.303000,9.800000,870
509504.076100,6944457.203000,9.740450,870
509503.672000,6944456.909000,9.567213,870
509503.267800,6944456.614000,9.390258,870
509503.070000,6944456.470000,9.300000,870
509502.863700,6944456.320000,9.211900,870
509502.459500,6944456.025000,9.036186,870
509502.055400,6944455.731000,8.860138,870
509501.904000,6944455.621000,8.800000,870
509501.651200,6944455.437000,8.699919,870
509501.247100,6944455.142000,8.561194,870
509500.842900,6944454.848000,8.422266,870
509500.465200,6944454.573000,8.300000,870
509500.438800,6944454.553000,8.291345,870
509500.034600,6944454.259000,8.229363,870
509499.630500,6944453.965000,8.167948,870
509499.226400,6944453.670000,8.106785,870
509498.822200,6944453.376000,8.102773,870
509498.418100,6944453.081000,8.113636,870
509498.013900,6944452.787000,8.124449,870
509497.609800,6944452.493000,8.145978,870
509497.205600,6944452.198000,8.178938,870
509496.801500,6944451.904000,8.211676,870
509496.397300,6944451.609000,8.240400,870
509495.993200,6944451.315000,8.251236,870
509495.589000,6944451.021000,8.261995,870
509495.184900,6944450.726000,8.272672,870
509494.780700,6944450.432000,8.255107,870
509494.376600,6944450.138000,8.233125,870
509493.972500,6944449.843000,8.211221,870
509493.568300,6944449.549000,8.177293,870
509493.164200,6944449.254000,8.133663,870
509492.760000,6944448.960000,8.090109,870
509492.355900,6944448.666000,8.044383,870
509491.951700,6944448.371000,7.991870,870
509491.547600,6944448.077000,7.939416,870
509491.143400,6944447.782000,7.886889,870
509490.739300,6944447.488000,7.833334,870
509490.489400,6944447.306000,7.800000,870
509490.335100,6944447.194000,7.780540,870
509489.931000,6944446.899000,7.729141,870
509489.526800,6944446.605000,7.682830,870
509488.718600,6944446.016000,7.596426,870
509488.314400,6944445.722000,7.559006,870
509487.102000,6944444.838000,7.485295,870
509525.900000,6944473.100000,11.328207,870
509525.814200,6944473.037000,11.300000,870
509525.091700,6944472.511000,10.987507,875
509524.687600,6944472.217000,10.870062,875
509524.447400,6944472.042000,10.800000,875
509524.283400,6944471.922000,10.754294,875
509523.879300,6944471.628000,10.637810,875
509523.475100,6944471.334000,10.521197,875
509523.071000,6944471.039000,10.429692,875
509522.666800,6944470.745000,10.369705,875
509522.262700,6944470.450000,10.308751,875
509522.201900,6944470.406000,10.300000,875
509521.858500,6944470.156000,10.252793,875
509520.646100,6944469.273000,10.206577,875
509520.242000,6944468.979000,10.204215,875
509519.433700,6944468.390000,10.207792,875
509519.029500,6944468.095000,10.204620,875
509518.221200,6944467.507000,10.186065,875
509517.817100,6944467.212000,10.171976,875
509517.412900,6944466.918000,10.127821,875
509517.008800,6944466.623000,10.083705,875
509516.604600,6944466.329000,10.039528,875
509516.200500,6944466.035000,9.957278,875
509515.796300,6944465.740000,9.867239,875
509515.493600,6944465.520000,9.800000,875
509515.392200,6944465.446000,9.777031,875
509514.988100,6944465.151000,9.679533,875
509514.583900,6944464.857000,9.576010,875
509514.179800,6944464.563000,9.468951,875
509513.775600,6944464.268000,9.377428,875
509513.371500,6944463.974000,9.353234,875
509512.967300,6944463.679000,9.327921,875
509512.563200,6944463.385000,9.303290,875
509512.159000,6944463.091000,9.407811,875
509511.754900,6944462.796000,9.526648,875
509511.350700,6944462.502000,9.643989,875
509510.946600,6944462.208000,9.790669,875
509510.924200,6944462.191000,9.800000,875
509510.542400,6944461.913000,9.959167,875
509510.138300,6944461.619000,10.124980,875
509509.734200,6944461.324000,10.273064,875
509509.624900,6944461.245000,10.300000,875
509509.330000,6944461.030000,10.378412,875
509508.925900,6944460.736000,10.484900,875
509508.521700,6944460.441000,10.592479,875
509508.117600,6944460.147000,10.593869,875
509507.713400,6944459.852000,10.591464,875
509507.309300,6944459.558000,10.589054,875
509506.905100,6944459.264000,10.528610,875
509506.501000,6944458.969000,10.438153,875
509506.096800,6944458.675000,10.347209,875
509505.927100,6944458.551000,10.300000,875
509505.692700,6944458.380000,10.240322,875
509505.288500,6944458.086000,10.105074,875
509504.884400,6944457.792000,9.968562,875
509504.480300,6944457.497000,9.829857,875
509504.411000,6944457.447000,9.800000,875
509504.076100,6944457.203000,9.655148,875
509503.672000,6944456.909000,9.480820,875
509503.267800,6944456.614000,9.301962,875
509503.263500,6944456.611000,9.300000,875
509502.863700,6944456.320000,9.129256,875
509502.459500,6944456.025000,8.953253,875
509502.107900,6944455.769000,8.800000,875
509502.055400,6944455.731000,8.777212,875
509501.651200,6944455.437000,8.617159,875
509501.247100,6944455.142000,8.478267,875
509500.842900,6944454.848000,8.339121,875
509500.722100,6944454.760000,8.300000,875
509500.438800,6944454.553000,8.207290,875
509500.034600,6944454.259000,8.145652,875
509499.630500,6944453.965000,8.084431,875
509499.226400,6944453.670000,8.023309,875
509498.822200,6944453.376000,8.019401,875
509498.418100,6944453.081000,8.030439,875
509498.013900,6944452.787000,8.041459,875
509497.609800,6944452.493000,8.063049,875
509497.205600,6944452.198000,8.095958,875
509496.801500,6944451.904000,8.128739,875
509496.397300,6944451.609000,8.157504,875
509495.993200,6944451.315000,8.167967,875
509495.589000,6944451.021000,8.178374,875
509495.184900,6944450.726000,8.188721,875
509494.780700,6944450.432000,8.170594,875
509494.376600,6944450.138000,8.147984,875
509493.972500,6944449.843000,8.125423,875
509493.568300,6944449.549000,8.090951,875
509493.164200,6944449.254000,8.046852,875
509492.760000,6944448.960000,8.002790,875
509492.355900,6944448.666000,7.956715,875
509491.951700,6944448.371000,7.904417,875
509491.547600,6944448.077000,7.852106,875
509491.146100,6944447.784000,7.800000,875
509491.143400,6944447.782000,7.799663,875
509490.739300,6944447.488000,7.749370,875
509489.931000,6944446.899000,7.648799,875
509489.526800,6944446.605000,7.603860,875
509488.718600,6944446.016000,7.520516,875
509488.314400,6944445.722000,7.484485,875
509487.102000,6944444.838000,7.414004,875
509525.900000,6944473.100000,11.223112,875
509525.495900,6944472.806000,11.105518,875
509525.091700,6944472.511000,10.892751,880
509524.762800,6944472.272000,10.800000,880
509524.687600,6944472.217000,10.779600,880
509524.283400,6944471.922000,10.668042,880
509523.879300,6944471.628000,10.555333,880
509523.475100,6944471.334000,10.442984,880
509523.071000,6944471.039000,10.355888,880
509522.678900,6944470.754000,10.300000,880
509522.666800,6944470.745000,10.298346,880
509522.262700,6944470.450000,10.240334,880
509521.858500,6944470.156000,10.186776,880
509520.646100,6944469.273000,10.142983,880
509520.242000,6944468.979000,10.140764,880
509519.433700,6944468.390000,10.144202,880
509519.029500,6944468.095000,10.140787,880
509518.221200,6944467.507000,10.121319,880
509517.817100,6944467.212000,10.106703,880
509517.412900,6944466.918000,10.061581,880
509517.008800,6944466.623000,10.016490,880
509516.604600,6944466.329000,9.971351,880
509516.200500,6944466.035000,9.887463,880
509515.815600,6944465.754000,9.800000,880
509515.796300,6944465.740000,9.795565,880
509515.392200,6944465.446000,9.703909,880
509514.988100,6944465.151000,9.604698,880
509514.583900,6944464.857000,9.499475,880
509514.179800,6944464.563000,9.389525,880
509513.795000,6944464.282000,9.300000,880
509513.775600,6944464.268000,9.295173,880
509513.371500,6944463.974000,9.268816,880
509512.967300,6944463.679000,9.241398,880
509512.563200,6944463.385000,9.214813,880
509512.245600,6944463.154000,9.300000,880
509512.159000,6944463.091000,9.322385,880
509511.754900,6944462.796000,9.442173,880
509511.350700,6944462.502000,9.559988,880
509510.946600,6944462.208000,9.708460,880
509510.727400,6944462.048000,9.800000,880
509510.542400,6944461.913000,9.877092,880
509510.138300,6944461.619000,10.045254,880
509509.734200,6944461.324000,10.194771,880
509509.330000,6944461.030000,10.294424,880
509509.307300,6944461.013000,10.300000,880
509508.925900,6944460.736000,10.401069,880
509508.521700,6944460.441000,10.509556,880
509508.117600,6944460.147000,10.510433,880
509507.713400,6944459.852000,10.507461,880
509507.309300,6944459.558000,10.504479,880
509506.905100,6944459.264000,10.442929,880
509506.501000,6944458.969000,10.351088,880
509506.276100,6944458.805000,10.300000,880
509506.096800,6944458.675000,10.262554,880
509505.692700,6944458.380000,10.159176,880
509505.288500,6944458.086000,10.022308,880
509504.884400,6944457.792000,9.884294,880
509504.639300,6944457.613000,9.800000,880
509504.480300,6944457.497000,9.744841,880
509504.076100,6944457.203000,9.569845,880
509503.672000,6944456.909000,9.394427,880
509503.458600,6944456.753000,9.300000,880
509503.267800,6944456.614000,9.219685,880
509502.863700,6944456.320000,9.046613,880
509502.459500,6944456.025000,8.870320,880
509502.298200,6944455.908000,8.800000,880
509502.055400,6944455.731000,8.694622,880
509501.651200,6944455.437000,8.534399,880
509501.247100,6944455.142000,8.395340,880
509500.970400,6944454.941000,8.300000,880
509500.842900,6944454.848000,8.255557,880
509500.438800,6944454.553000,8.123235,880
509500.034600,6944454.259000,8.061940,880
509499.630500,6944453.965000,8.000913,880
509499.226400,6944453.670000,7.939832,880
509498.822200,6944453.376000,7.936030,880
509498.418100,6944453.081000,7.947242,880
509498.013900,6944452.787000,7.958470,880
509497.609800,6944452.493000,7.980121,880
509497.205600,6944452.198000,8.012978,880
509496.801500,6944451.904000,8.045802,880
509496.397300,6944451.609000,8.074608,880
509495.993200,6944451.315000,8.084697,880
509495.589000,6944451.021000,8.094754,880
509495.184900,6944450.726000,8.104770,880
509494.780700,6944450.432000,8.086080,880
509494.376600,6944450.138000,8.062842,880
509493.972500,6944449.843000,8.039626,880
509493.568300,6944449.549000,8.004609,880
509493.164200,6944449.254000,7.960041,880
509492.760000,6944448.960000,7.915470,880
509492.355900,6944448.666000,7.869046,880
509491.951700,6944448.371000,7.816965,880
509491.820400,6944448.276000,7.800000,880
509491.547600,6944448.077000,7.766180,880
509491.143400,6944447.782000,7.716040,880
509490.739300,6944447.488000,7.666802,880
509489.931000,6944446.899000,7.568458,880
509489.526800,6944446.605000,7.524890,880
509488.718600,6944446.016000,7.444605,880
509488.314400,6944445.722000,7.409964,880
509487.102000,6944444.838000,7.342713,880
509525.900000,6944473.100000,11.119437,880
509525.495900,6944472.806000,11.006197,880
509525.099500,6944472.517000,10.800000,885
509525.091700,6944472.511000,10.797974,885
509524.687600,6944472.217000,10.688459,885
509524.283400,6944471.922000,10.581789,885
509523.879300,6944471.628000,10.472856,885
509523.475100,6944471.334000,10.364772,885
509523.162600,6944471.106000,10.300000,885
509523.071000,6944471.039000,10.282152,885
509522.666800,6944470.745000,10.227371,885
509522.262700,6944470.450000,10.172015,885
509521.858500,6944470.156000,10.120758,885
509520.646100,6944469.273000,10.079390,885
509520.242000,6944468.979000,10.077313,885
509519.433700,6944468.390000,10.080612,885
509519.029500,6944468.095000,10.076954,885
509518.221200,6944467.507000,10.056572,885
509517.817100,6944467.212000,10.041430,885
509517.412900,6944466.918000,9.995342,885
509517.008800,6944466.623000,9.949275,885
509516.604600,6944466.329000,9.903175,885
509516.200500,6944466.035000,9.817648,885
509516.122800,6944465.978000,9.800000,885
509515.796300,6944465.740000,9.724777,885
509515.392200,6944465.446000,9.630787,885
509514.988100,6944465.151000,9.529863,885
509514.583900,6944464.857000,9.422939,885
509514.179800,6944464.563000,9.310099,885
509514.136400,6944464.531000,9.300000,885
509513.775600,6944464.268000,9.210098,885
509513.371500,6944463.974000,9.182497,885
509512.967300,6944463.679000,9.154034,885
509512.563200,6944463.385000,9.126244,885
509512.159000,6944463.091000,9.234928,885
509511.949100,6944462.938000,9.300000,885
509511.754900,6944462.796000,9.357699,885
509511.350700,6944462.502000,9.475988,885
509510.946600,6944462.208000,9.626252,885
509510.542400,6944461.913000,9.795148,885
509510.531000,6944461.905000,9.800000,885
509510.138300,6944461.619000,9.965529,885
509509.734200,6944461.324000,10.116479,885
509509.330000,6944461.030000,10.216890,885
509508.990900,6944460.783000,10.300000,885
509508.925900,6944460.736000,10.317237,885
509508.521700,6944460.441000,10.426633,885
509508.117600,6944460.147000,10.426997,885
509507.713400,6944459.852000,10.423457,885
509507.309300,6944459.558000,10.419905,885
509506.905100,6944459.264000,10.357249,885
509506.655400,6944459.082000,10.300000,885
509506.501000,6944458.969000,10.267404,885
509506.096800,6944458.675000,10.182462,885
509505.692700,6944458.380000,10.078031,885
509505.288500,6944458.086000,9.939542,885
509504.884400,6944457.792000,9.800026,885
509504.884300,6944457.792000,9.800000,885
509504.480300,6944457.497000,9.659862,885
509504.076100,6944457.203000,9.484543,885
509503.672000,6944456.909000,9.308034,885
509503.653800,6944456.895000,9.300000,885
509503.267800,6944456.614000,9.137544,885
509502.863700,6944456.320000,8.963969,885
509502.488300,6944456.046000,8.800000,885
509502.459500,6944456.025000,8.787487,885
509502.055400,6944455.731000,8.612033,885
509501.651200,6944455.437000,8.451639,885
509501.247100,6944455.142000,8.312413,885
509501.211100,6944455.116000,8.300000,885
509500.842900,6944454.848000,8.171620,885
509500.438800,6944454.553000,8.039181,885
509500.034600,6944454.259000,7.978229,885
509499.630500,6944453.965000,7.917395,885
509499.226400,6944453.670000,7.856355,885
509498.822200,6944453.376000,7.852658,885
509498.418100,6944453.081000,7.864045,885
509498.013900,6944452.787000,7.875481,885
509497.609800,6944452.493000,7.897192,885
509497.205600,6944452.198000,7.929997,885
509496.801500,6944451.904000,7.962865,885
509496.397300,6944451.609000,7.991712,885
509495.993200,6944451.315000,8.001428,885
509495.589000,6944451.021000,8.011133,885
509495.184900,6944450.726000,8.020819,885
509494.780700,6944450.432000,8.001567,885
509494.376600,6944450.138000,7.977701,885
509493.972500,6944449.843000,7.953829,885
509493.568300,6944449.549000,7.918267,885
509493.164200,6944449.254000,7.873230,885
509492.760000,6944448.960000,7.828151,885
509492.516400,6944448.782000,7.800000,885
509492.355900,6944448.666000,7.782075,885
509491.143400,6944447.782000,7.632417,885
509490.739300,6944447.488000,7.584233,885
509489.931000,6944446.899000,7.488116,885
509489.526800,6944446.605000,7.445921,885
509488.718600,6944446.016000,7.368695,885
509488.314400,6944445.722000,7.335443,885
509487.910300,6944445.427000,7.314102,885
509487.644500,6944445.234000,7.300000,885
509487.506100,6944445.133000,7.292937,885
509487.102000,6944444.838000,7.272160,885
509525.900000,6944473.100000,11.015762,885
509525.495900,6944472.806000,10.906877,885
509525.467800,6944472.785000,10.800000,890
509525.091700,6944472.511000,10.702178,890
509524.687600,6944472.217000,10.597319,890
509524.283400,6944471.922000,10.495537,890
509523.879300,6944471.628000,10.390379,890
509523.529900,6944471.374000,10.300000,890
509523.475100,6944471.334000,10.286839,890
509523.071000,6944471.039000,10.208627,890
509522.666800,6944470.745000,10.156395,890
509522.262700,6944470.450000,10.103696,890
509521.858500,6944470.156000,10.054741,890
509520.646100,6944469.273000,10.015796,890
509520.242000,6944468.979000,10.013862,890
509519.433700,6944468.390000,10.017023,890
509519.029500,6944468.095000,10.013121,890
509518.221200,6944467.507000,9.991826,890
509517.817100,6944467.212000,9.976157,890
509517.412900,6944466.918000,9.929103,890
509517.008800,6944466.623000,9.882061,890
509516.604600,6944466.329000,9.834998,890
509516.440100,6944466.209000,9.800000,890
509516.200500,6944466.035000,9.748291,890
509515.796300,6944465.740000,9.653989,890
509515.392200,6944465.446000,9.557665,890
509514.988100,6944465.151000,9.455028,890
509514.583900,6944464.857000,9.346404,890
509514.418200,6944464.736000,9.300000,890
509514.179800,6944464.563000,9.227008,890
509513.775600,6944464.268000,9.125023,890
509513.371500,6944463.974000,9.096179,890
509512.967300,6944463.679000,9.066669,890
509512.563200,6944463.385000,9.037674,890
509512.159000,6944463.091000,9.146751,890
509511.754900,6944462.796000,9.272262,890
509511.664200,6944462.730000,9.300000,890
509511.350700,6944462.502000,9.391987,890
509510.946600,6944462.208000,9.544043,890
509510.542400,6944461.913000,9.715216,890
509510.341800,6944461.767000,9.800000,890
509510.138300,6944461.619000,9.885803,890
509509.734200,6944461.324000,10.038186,890
509509.330000,6944461.030000,10.139356,890
509508.925900,6944460.736000,10.239227,890
509508.682900,6944460.559000,10.300000,890
509508.521700,6944460.441000,10.343710,890
509508.117600,6944460.147000,10.343562,890
509507.713400,6944459.852000,10.339454,890
509507.309300,6944459.558000,10.335331,890
509507.084000,6944459.394000,10.300000,890
509506.905100,6944459.264000,10.274243,890
509506.501000,6944458.969000,10.188523,890
509506.096800,6944458.675000,10.102370,890
509505.692700,6944458.380000,9.996886,890
509505.288500,6944458.086000,9.856776,890
509505.124100,6944457.966000,9.800000,890
509504.884400,6944457.792000,9.716947,890
509504.480300,6944457.497000,9.574882,890
509504.076100,6944457.203000,9.399240,890
509503.849000,6944457.037000,9.300000,890
509503.672000,6944456.909000,9.225596,890
509503.267800,6944456.614000,9.055403,890
509502.863700,6944456.320000,8.881325,890
509502.677500,6944456.184000,8.800000,890
509502.459500,6944456.025000,8.705213,890
509502.055400,6944455.731000,8.529443,890
509501.651200,6944455.437000,8.368879,890
509501.451300,6944455.291000,8.300000,890
509501.247100,6944455.142000,8.228552,890
509500.842900,6944454.848000,8.087683,890
509500.438800,6944454.553000,7.955126,890
509500.034600,6944454.259000,7.894517,890
509499.630500,6944453.965000,7.833877,890
509499.406100,6944453.801000,7.800000,890
509499.226400,6944453.670000,7.772940,890
509498.822200,6944453.376000,7.769480,890
509498.013900,6944452.787000,7.792586,890
509497.874600,6944452.686000,7.800000,890
509497.609800,6944452.493000,7.814264,890
509497.205600,6944452.198000,7.847017,890
509496.801500,6944451.904000,7.879928,890
509496.397300,6944451.609000,7.908815,890
509495.993200,6944451.315000,7.918159,890
509495.589000,6944451.021000,7.927512,890
509495.184900,6944450.726000,7.936868,890
509494.780700,6944450.432000,7.917053,890
509494.376600,6944450.138000,7.892559,890
509493.972500,6944449.843000,7.868031,890
509493.568300,6944449.549000,7.831925,890
509493.284300,6944449.342000,7.800000,890
509493.164200,6944449.254000,7.786899,890
509492.760000,6944448.960000,7.742985,890
509492.355900,6944448.666000,7.697690,890
509491.143400,6944447.782000,7.548794,890
509490.739300,6944447.488000,7.501664,890
509489.931000,6944446.899000,7.407775,890
509489.526800,6944446.605000,7.366951,890
509489.122700,6944446.310000,7.329868,890
509488.798500,6944446.074000,7.300000,890
509488.718600,6944446.016000,7.292916,890
509488.314400,6944445.722000,7.261710,890
509487.910300,6944445.427000,7.241983,890
509487.506100,6944445.133000,7.222323,890
509487.102000,6944444.838000,7.202710,890
509525.900000,6944473.100000,10.912087,890
509525.495900,6944472.806000,10.807556,890
509525.495900,6944472.806000,10.708018,895
509525.091700,6944472.511000,10.606381,895
509524.687600,6944472.217000,10.506179,895
509524.283400,6944471.922000,10.409285,895
509523.879300,6944471.628000,10.307902,895
509523.848700,6944471.606000,10.300000,895
509523.475100,6944471.334000,10.210257,895
509523.071000,6944471.039000,10.135103,895
509522.666800,6944470.745000,10.085420,895
509522.262700,6944470.450000,10.035377,895
509521.858500,6944470.156000,9.988723,895
509520.646100,6944469.273000,9.952203,895
509520.242000,6944468.979000,9.950411,895
509519.433700,6944468.390000,9.953433,895
509519.029500,6944468.095000,9.949288,895
509518.221200,6944467.507000,9.927080,895
509517.817100,6944467.212000,9.910883,895
509517.412900,6944466.918000,9.862863,895
509517.008800,6944466.623000,9.814846,895
509516.882600,6944466.532000,9.800000,895
509516.604600,6944466.329000,9.766824,895
509516.200500,6944466.035000,9.679088,895
509515.796300,6944465.740000,9.583201,895
509515.392200,6944465.446000,9.484543,895
509514.988100,6944465.151000,9.380193,895
509514.692500,6944464.936000,9.300000,895
509514.583900,6944464.857000,9.267679,895
509514.179800,6944464.563000,9.143383,895
509513.775600,6944464.268000,9.039948,895
509513.371500,6944463.974000,9.009860,895
509512.967300,6944463.679000,8.979305,895
509512.563200,6944463.385000,8.949105,895
509512.159000,6944463.091000,9.058573,895
509511.754900,6944462.796000,9.184750,895
509511.377900,6944462.522000,9.300000,895
509511.350700,6944462.502000,9.307986,895
509510.946600,6944462.208000,9.461834,895
509510.542400,6944461.913000,9.635284,895
509510.152700,6944461.629000,9.800000,895
509510.138300,6944461.619000,9.806078,895
509509.734200,6944461.324000,9.959894,895
509509.330000,6944461.030000,10.061823,895
509508.925900,6944460.736000,10.162723,895
509508.521700,6944460.441000,10.264225,895
509508.117600,6944460.147000,10.263687,895
509507.309300,6944459.558000,10.255322,895
509506.905100,6944459.264000,10.196623,895
509506.501000,6944458.969000,10.109641,895
509506.096800,6944458.675000,10.022278,895
509505.692700,6944458.380000,9.915741,895
509505.361500,6944458.139000,9.800000,895
509505.288500,6944458.086000,9.774392,895
509504.884400,6944457.792000,9.633869,895
509504.480300,6944457.497000,9.489903,895
509504.076100,6944457.203000,9.313938,895
509504.044200,6944457.180000,9.300000,895
509503.672000,6944456.909000,9.143565,895
509503.267800,6944456.614000,8.973263,895
509502.866700,6944456.322000,8.800000,895
509502.863700,6944456.320000,8.798691,895
509502.459500,6944456.025000,8.622940,895
509502.055400,6944455.731000,8.446854,895
509501.686100,6944455.462000,8.300000,895
509501.651200,6944455.437000,8.285850,895
509501.247100,6944455.142000,8.144526,895
509500.842900,6944454.848000,8.003745,895
509500.438800,6944454.553000,7.871072,895
509500.034600,6944454.259000,7.810805,895
509499.962500,6944454.206000,7.800000,895
509499.630500,6944453.965000,7.750255,895
509499.226400,6944453.670000,7.689654,895
509498.822200,6944453.376000,7.686635,895
509498.013900,6944452.787000,7.710641,895
509497.609800,6944452.493000,7.732446,895
509496.801500,6944451.904000,7.797059,895
509496.759500,6944451.873000,7.800000,895
509496.397300,6944451.609000,7.825919,895
509495.993200,6944451.315000,7.834890,895
509495.589000,6944451.021000,7.843891,895
509495.184900,6944450.726000,7.852917,895
509494.780700,6944450.432000,7.832539,895
509494.376600,6944450.138000,7.807418,895
509494.256900,6944450.050000,7.800000,895
509493.972500,6944449.843000,7.782837,895
509493.568300,6944449.549000,7.747476,895
509492.760000,6944448.960000,7.658843,895
509492.355900,6944448.666000,7.613304,895
509491.143400,6944447.782000,7.465171,895
509490.739300,6944447.488000,7.419095,895
509489.931000,6944446.899000,7.327433,895
509489.651400,6944446.696000,7.300000,895
509489.526800,6944446.605000,7.288125,895
509489.122700,6944446.310000,7.253164,895
509488.718600,6944446.016000,7.218383,895
509488.314400,6944445.722000,7.188692,895
509487.910300,6944445.427000,7.170179,895
509487.506100,6944445.133000,7.151708,895
509487.102000,6944444.838000,7.133260,895
509525.900000,6944473.100000,10.808412,895
509525.867400,6944473.076000,10.800000,895
509525.091700,6944472.511000,10.510585,900
509524.687600,6944472.217000,10.415038,900
509524.283400,6944471.922000,10.323032,900
509524.191300,6944471.855000,10.300000,900
509523.879300,6944471.628000,10.226453,900
509523.475100,6944471.334000,10.133675,900
509523.071000,6944471.039000,10.061578,900
509522.666800,6944470.745000,10.014445,900
509522.262700,6944470.450000,9.967058,900
509521.858500,6944470.156000,9.922706,900
509520.646100,6944469.273000,9.888610,900
509520.242000,6944468.979000,9.886960,900
509519.433700,6944468.390000,9.889843,900
509519.029500,6944468.095000,9.885455,900
509518.221200,6944467.507000,9.862333,900
509517.817100,6944467.212000,9.845610,900
509517.440400,6944466.938000,9.800000,900
509517.412900,6944466.918000,9.796634,900
509517.008800,6944466.623000,9.747763,900
509516.604600,6944466.329000,9.698652,900
509516.200500,6944466.035000,9.609886,900
509515.796300,6944465.740000,9.512414,900
509515.392200,6944465.446000,9.411421,900
509514.988100,6944465.151000,9.305358,900
509514.968300,6944465.137000,9.300000,900
509514.583900,6944464.857000,9.185581,900
509514.179800,6944464.563000,9.059758,900
509513.775600,6944464.268000,8.954873,900
509513.371500,6944463.974000,8.923541,900
509512.967300,6944463.679000,8.891940,900
509512.563200,6944463.385000,8.860535,900
509512.159000,6944463.091000,8.970395,900
509511.754900,6944462.796000,9.097238,900
509511.350700,6944462.502000,9.221953,900
509511.155500,6944462.360000,9.300000,900
509510.946600,6944462.208000,9.379625,900
509510.542400,6944461.913000,9.555352,900
509510.138300,6944461.619000,9.727289,900
509509.948400,6944461.480000,9.800000,900
509509.734200,6944461.324000,9.881601,900
509509.330000,6944461.030000,9.984289,900
509508.925900,6944460.736000,10.086219,900
509508.521700,6944460.441000,10.188572,900
509508.117600,6944460.147000,10.187702,900
509507.309300,6944459.558000,10.178589,900
509506.905100,6944459.264000,10.119003,900
509506.501000,6944458.969000,10.030760,900
509506.096800,6944458.675000,9.942186,900
509505.692700,6944458.380000,9.834595,900
509505.593700,6944458.308000,9.800000,900
509505.288500,6944458.086000,9.692844,900
509504.884400,6944457.792000,9.550792,900
509504.480300,6944457.497000,9.404924,900
509504.239300,6944457.322000,9.300000,900
509504.076100,6944457.203000,9.231704,900
509503.672000,6944456.909000,9.061533,900
509503.267800,6944456.614000,8.891122,900
509503.056900,6944456.460000,8.800000,900
509502.863700,6944456.320000,8.716661,900
509502.459500,6944456.025000,8.540666,900
509502.055400,6944455.731000,8.364264,900
509501.893800,6944455.613000,8.300000,900
509501.651200,6944455.437000,8.201488,900
509501.247100,6944455.142000,8.060501,900
509500.842900,6944454.848000,7.919808,900
509500.478300,6944454.582000,7.800000,900
509500.438800,6944454.553000,7.786947,900
509499.226400,6944453.670000,7.606368,900
509498.822200,6944453.376000,7.603791,900
509498.013900,6944452.787000,7.628696,900
509497.609800,6944452.493000,7.650858,900
509496.801500,6944451.904000,7.715988,900
509496.397300,6944451.609000,7.744405,900
509495.184900,6944450.726000,7.769913,900
509494.780700,6944450.432000,7.749659,900
509493.972500,6944449.843000,7.699950,900
509493.568300,6944449.549000,7.664137,900
509492.760000,6944448.960000,7.574701,900
509492.355900,6944448.666000,7.528919,900
509491.143400,6944447.782000,7.381548,900
509490.739300,6944447.488000,7.336526,900
509490.410000,6944447.248000,7.300000,900
509490.335100,6944447.194000,7.291865,900
509489.931000,6944446.899000,7.247561,900
509489.526800,6944446.605000,7.210096,900
509489.122700,6944446.310000,7.176922,900
509488.718600,6944446.016000,7.143850,900
509488.314400,6944445.722000,7.115674,900
509487.910300,6944445.427000,7.098375,900
509487.506100,6944445.133000,7.081093,900
509487.102000,6944444.838000,7.063810,900
509525.900000,6944473.100000,10.704309,900
509525.495900,6944472.806000,10.608461,900
509525.091700,6944472.511000,10.414789,905
509524.687600,6944472.217000,10.323898,905
509524.581100,6944472.139000,10.300000,905
509524.283400,6944471.922000,10.236442,905
509523.879300,6944471.628000,10.145112,905
509523.475100,6944471.334000,10.057093,905
509523.071000,6944471.039000,9.988054,905
509522.666800,6944470.745000,9.943470,905
509522.262700,6944470.450000,9.898738,905
509521.858500,6944470.156000,9.856688,905
509520.646100,6944469.273000,9.825016,905
509520.242000,6944468.979000,9.823509,905
509519.433700,6944468.390000,9.826253,905
509519.029500,6944468.095000,9.821623,905
509518.625400,6944467.801000,9.809605,905
509518.301900,6944467.565000,9.800000,905
509518.221200,6944467.507000,9.797587,905
509517.817100,6944467.212000,9.780332,905
509517.412900,6944466.918000,9.730584,905
509517.008800,6944466.623000,9.680717,905
509516.604600,6944466.329000,9.630481,905
509516.200500,6944466.035000,9.540683,905
509515.796300,6944465.740000,9.441626,905
509515.392200,6944465.446000,9.338299,905
509515.246400,6944465.340000,9.300000,905
509514.988100,6944465.151000,9.226343,905
509514.583900,6944464.857000,9.103482,905
509514.179800,6944464.563000,8.976133,905
509513.775600,6944464.268000,8.869799,905
509513.371500,6944463.974000,8.837223,905
509512.967300,6944463.679000,8.804576,905
509512.909900,6944463.638000,8.800000,905
509512.563200,6944463.385000,8.771910,905
509512.460800,6944463.310000,8.800000,905
509512.159000,6944463.091000,8.882217,905
509511.754900,6944462.796000,9.009727,905
509511.350700,6944462.502000,9.135706,905
509510.946600,6944462.208000,9.297319,905
509510.940900,6944462.203000,9.300000,905
509510.542400,6944461.913000,9.475420,905
509510.138300,6944461.619000,9.648578,905
509509.742800,6944461.331000,9.800000,905
509509.734200,6944461.324000,9.803308,905
509509.330000,6944461.030000,9.906755,905
509508.925900,6944460.736000,10.009714,905
509508.521700,6944460.441000,10.112919,905
509508.117600,6944460.147000,10.111717,905
509507.309300,6944459.558000,10.101855,905
509506.905100,6944459.264000,10.041382,905
509506.501000,6944458.969000,9.951878,905
509506.096800,6944458.675000,9.862093,905
509505.864600,6944458.506000,9.800000,905
509505.692700,6944458.380000,9.753659,905
509505.288500,6944458.086000,9.611295,905
509504.884400,6944457.792000,9.467714,905
509504.480300,6944457.497000,9.319944,905
509504.434500,6944457.464000,9.300000,905
509504.076100,6944457.203000,9.150071,905
509503.672000,6944456.909000,8.979502,905
509503.267800,6944456.614000,8.808981,905
509503.247000,6944456.599000,8.800000,905
509502.863700,6944456.320000,8.634631,905
509502.459500,6944456.025000,8.458392,905
509502.097100,6944455.761000,8.300000,905
509502.055400,6944455.731000,8.281281,905
509501.651200,6944455.437000,8.117127,905
509501.247100,6944455.142000,7.976475,905
509500.842900,6944454.848000,7.835871,905
509500.733800,6944454.768000,7.800000,905
509500.438800,6944454.553000,7.702437,905
509499.226400,6944453.670000,7.523082,905
509498.822200,6944453.376000,7.520946,905
509498.013900,6944452.787000,7.546750,905
509497.609800,6944452.493000,7.569270,905
509496.801500,6944451.904000,7.634918,905
509496.397300,6944451.609000,7.663519,905
509495.184900,6944450.726000,7.688522,905
509494.780700,6944450.432000,7.667802,905
509493.972500,6944449.843000,7.617064,905
509493.568300,6944449.549000,7.580798,905
509492.760000,6944448.960000,7.490559,905
509492.355900,6944448.666000,7.444534,905
509491.547600,6944448.077000,7.346794,905
509491.160600,6944447.795000,7.300000,905
509491.143400,6944447.782000,7.297923,905
509490.739300,6944447.488000,7.254119,905
509490.335100,6944447.194000,7.210967,905
509489.931000,6944446.899000,7.167933,905
509489.526800,6944446.605000,7.132067,905
509489.122700,6944446.310000,7.100680,905
509488.718600,6944446.016000,7.069317,905
509488.314400,6944445.722000,7.042656,905
509487.910300,6944445.427000,7.026571,905
509487.506100,6944445.133000,7.010478,905
509487.102000,6944444.838000,6.994360,905
509525.900000,6944473.100000,10.600168,905
509525.495900,6944472.806000,10.508905,905
509525.091700,6944472.511000,10.318993,910
509525.006100,6944472.449000,10.300000,910
509524.687600,6944472.217000,10.232857,910
509524.283400,6944471.922000,10.149729,910
509523.879300,6944471.628000,10.063771,910
509523.475100,6944471.334000,9.980511,910
509523.071000,6944471.039000,9.914530,910
509522.666800,6944470.745000,9.872494,910
509522.262700,6944470.450000,9.830419,910
509521.955900,6944470.227000,9.800000,910
509521.858500,6944470.156000,9.790661,910
509521.454400,6944469.862000,9.780899,910
509521.050200,6944469.567000,9.771137,910
509520.646100,6944469.273000,9.761377,910
509520.242000,6944468.979000,9.760013,910
509519.837800,6944468.684000,9.761319,910
509519.433700,6944468.390000,9.762626,910
509519.029500,6944468.095000,9.757759,910
509518.625400,6944467.801000,9.745319,910
509518.221200,6944467.507000,9.732847,910
509517.817100,6944467.212000,9.715041,910
509517.412900,6944466.918000,9.664533,910
509517.008800,6944466.623000,9.613672,910
509516.604600,6944466.329000,9.562309,910
509516.200500,6944466.035000,9.471481,910
509515.796300,6944465.740000,9.370838,910
509515.522500,6944465.541000,9.300000,910
509515.392200,6944465.446000,9.263299,910
509514.988100,6944465.151000,9.147006,910
509514.583900,6944464.857000,9.021384,910
509514.179800,6944464.563000,8.892508,910
509513.832100,6944464.309000,8.800000,910
509513.775600,6944464.268000,8.784693,910
509512.563200,6944463.385000,8.683165,910
509512.159000,6944463.091000,8.794050,910
509512.140400,6944463.077000,8.800000,910
509511.754900,6944462.796000,8.922215,910
509511.350700,6944462.502000,9.049460,910
509510.946600,6944462.208000,9.212020,910
509510.759300,6944462.071000,9.300000,910
509510.542400,6944461.913000,9.395488,910
509510.138300,6944461.619000,9.569867,910
509509.734200,6944461.324000,9.725148,910
509509.444100,6944461.113000,9.800000,910
509509.330000,6944461.030000,9.829221,910
509508.925900,6944460.736000,9.933210,910
509508.521700,6944460.441000,10.037267,910
509508.117600,6944460.147000,10.035733,910
509507.309300,6944459.558000,10.025122,910
509506.905100,6944459.264000,9.963762,910
509506.501000,6944458.969000,9.872996,910
509506.175800,6944458.732000,9.800000,910
509506.096800,6944458.675000,9.782084,910
509505.692700,6944458.380000,9.672878,910
509505.288500,6944458.086000,9.529747,910
509504.884400,6944457.792000,9.384636,910
509504.653600,6944457.624000,9.300000,910
509504.480300,6944457.497000,9.238027,910
509504.076100,6944457.203000,9.068437,910
509503.672000,6944456.909000,8.897470,910
509503.441000,6944456.740000,8.800000,910
509503.267800,6944456.614000,8.727094,910
509502.863700,6944456.320000,8.552601,910
509502.459500,6944456.025000,8.376119,910
509502.285400,6944455.898000,8.300000,910
509502.055400,6944455.731000,8.196915,910
509501.651200,6944455.437000,8.032765,910
509501.247100,6944455.142000,7.892449,910
509500.981300,6944454.949000,7.800000,910
509500.842900,6944454.848000,7.751427,910
509500.438800,6944454.553000,7.617927,910
509499.226400,6944453.670000,7.439797,910
509498.822200,6944453.376000,7.438101,910
509498.013900,6944452.787000,7.464805,910
509497.609800,6944452.493000,7.487682,910
509496.801500,6944451.904000,7.553847,910
509496.397300,6944451.609000,7.582633,910
509495.184900,6944450.726000,7.607132,910
509494.780700,6944450.432000,7.585945,910
509493.972500,6944449.843000,7.534177,910
509493.568300,6944449.549000,7.497459,910
509492.760000,6944448.960000,7.406417,910
509492.355900,6944448.666000,7.360149,910
509491.951700,6944448.371000,7.311533,910
509491.856100,6944448.302000,7.300000,910
509491.547600,6944448.077000,7.262856,910
509491.143400,6944447.782000,7.214236,910
509490.739300,6944447.488000,7.171839,910
509490.335100,6944447.194000,7.130069,910
509489.931000,6944446.899000,7.088304,910
509489.526800,6944446.605000,7.054038,910
509489.122700,6944446.310000,7.024437,910
509488.718600,6944446.016000,6.994784,910
509488.314400,6944445.722000,6.969638,910
509487.910300,6944445.427000,6.954766,910
509487.506100,6944445.133000,6.939863,910
509487.102000,6944444.838000,6.924910,910
509525.900000,6944473.100000,10.496027,910
509525.495900,6944472.806000,10.409349,910
509525.451700,6944472.773000,10.300000,915
509525.091700,6944472.511000,10.223483,915
509524.687600,6944472.217000,10.141852,915
509524.283400,6944471.922000,10.063017,915
509523.879300,6944471.628000,9.982430,915
509523.475100,6944471.334000,9.903929,915
509523.071000,6944471.039000,9.841005,915
509522.666800,6944470.745000,9.801519,915
509522.651800,6944470.734000,9.800000,915
509522.262700,6944470.450000,9.761996,915
509521.858500,6944470.156000,9.724576,915
509521.454400,6944469.862000,9.715613,915
509521.050200,6944469.567000,9.706656,915
509520.646100,6944469.273000,9.697708,915
509520.242000,6944468.979000,9.696491,915
509519.837800,6944468.684000,9.697731,915
509519.433700,6944468.390000,9.698973,915
509519.029500,6944468.095000,9.693879,915
509518.625400,6944467.801000,9.681034,915
509518.221200,6944467.507000,9.668106,915
509517.817100,6944467.212000,9.649750,915
509517.412900,6944466.918000,9.598483,915
509517.008800,6944466.623000,9.546626,915
509516.604600,6944466.329000,9.494138,915
509516.200500,6944466.035000,9.402278,915
509515.796300,6944465.740000,9.300050,915
509515.796200,6944465.740000,9.300000,915
509515.392200,6944465.446000,9.186233,915
509514.988100,6944465.151000,9.067668,915
509514.583900,6944464.857000,8.939286,915
509514.179800,6944464.563000,8.808882,915
509514.146400,6944464.538000,8.800000,915
509513.775600,6944464.268000,8.699445,915
509512.563200,6944463.385000,8.594420,915
509512.159000,6944463.091000,8.706021,915
509511.864300,6944462.876000,8.800000,915
509511.754900,6944462.796000,8.834703,915
509511.350700,6944462.502000,8.963213,915
509510.946600,6944462.208000,9.126721,915
509510.577800,6944461.939000,9.300000,915
509510.542400,6944461.913000,9.315556,915
509510.138300,6944461.619000,9.491156,915
509509.734200,6944461.324000,9.646993,915
509509.330000,6944461.030000,9.752037,915
509509.145400,6944460.896000,9.800000,915
509508.925900,6944460.736000,9.856706,915
509508.521700,6944460.441000,9.961614,915
509508.117600,6944460.147000,9.959748,915
509507.309300,6944459.558000,9.948389,915
509506.905100,6944459.264000,9.886142,915
509506.526400,6944458.988000,9.800000,915
509506.501000,6944458.969000,9.794159,915
509506.096800,6944458.675000,9.702358,915
509505.692700,6944458.380000,9.592096,915
509505.288500,6944458.086000,9.448199,915
509504.884400,6944457.792000,9.301558,915
509504.880200,6944457.789000,9.300000,915
509504.480300,6944457.497000,9.157048,915
509504.076100,6944457.203000,8.986803,915
509503.672000,6944456.909000,8.815438,915
509503.635400,6944456.882000,8.800000,915
509503.267800,6944456.614000,8.645238,915
509502.863700,6944456.320000,8.470571,915
509502.473600,6944456.036000,8.300000,915
509502.459500,6944456.025000,8.293696,915
509502.055400,6944455.731000,8.112550,915
509501.651200,6944455.437000,7.948403,915
509501.247100,6944455.142000,7.808423,915
509501.222900,6944455.125000,7.800000,915
509500.842900,6944454.848000,7.666605,915
509500.438800,6944454.553000,7.533418,915
509499.226400,6944453.670000,7.356511,915
509498.822200,6944453.376000,7.355256,915
509498.013900,6944452.787000,7.382860,915
509497.609800,6944452.493000,7.406094,915
509496.801500,6944451.904000,7.472776,915
509496.397300,6944451.609000,7.501748,915
509495.184900,6944450.726000,7.525742,915
509494.780700,6944450.432000,7.504088,915
509493.972500,6944449.843000,7.451291,915
509493.568300,6944449.549000,7.414120,915
509492.760000,6944448.960000,7.322275,915
509492.566200,6944448.819000,7.300000,915
509492.355900,6944448.666000,7.275590,915
509491.951700,6944448.371000,7.227127,915
509491.547600,6944448.077000,7.178841,915
509491.143400,6944447.782000,7.130550,915
509490.739300,6944447.488000,7.089559,915
509490.335100,6944447.194000,7.049171,915
509489.931000,6944446.899000,7.008676,915
509489.526800,6944446.605000,6.976009,915
509489.122700,6944446.310000,6.948195,915
509488.718600,6944446.016000,6.920251,915
509488.314400,6944445.722000,6.896621,915
509487.910300,6944445.427000,6.882962,915
509487.506100,6944445.133000,6.869248,915
509487.102000,6944444.838000,6.855460,915
509525.900000,6944473.100000,10.391887,915
509525.495900,6944472.806000,10.309792,915
509525.091700,6944472.511000,10.128044,920
509524.687600,6944472.217000,10.050847,920
509524.283400,6944471.922000,9.976304,920
509523.879300,6944471.628000,9.901089,920
509523.475100,6944471.334000,9.827347,920
509523.294600,6944471.202000,9.800000,920
509523.071000,6944471.039000,9.767410,920
509522.666800,6944470.745000,9.730440,920
509522.262700,6944470.450000,9.693488,920
509521.858500,6944470.156000,9.658491,920
509521.454400,6944469.862000,9.650327,920
509521.050200,6944469.567000,9.642175,920
509520.646100,6944469.273000,9.634039,920
509520.242000,6944468.979000,9.632968,920
509519.837800,6944468.684000,9.634143,920
509519.433700,6944468.390000,9.635320,920
509519.029500,6944468.095000,9.630000,920
509518.625400,6944467.801000,9.616749,920
509518.221200,6944467.507000,9.603366,920
509517.817100,6944467.212000,9.584459,920
509517.412900,6944466.918000,9.532433,920
509517.008800,6944466.623000,9.479581,920
509516.604600,6944466.329000,9.425966,920
509516.200500,6944466.035000,9.333076,920
509516.069700,6944465.939000,9.300000,920
509515.796300,6944465.740000,9.224049,920
509515.392200,6944465.446000,9.109167,920
509514.988100,6944465.151000,8.988331,920
509514.583900,6944464.857000,8.857187,920
509514.406900,6944464.728000,8.800000,920
509514.179800,6944464.563000,8.725561,920
509513.775600,6944464.268000,8.614197,920
509512.563200,6944463.385000,8.505675,920
509512.159000,6944463.091000,8.617992,920
509511.754900,6944462.796000,8.747560,920
509511.591800,6944462.678000,8.800000,920
509511.350700,6944462.502000,8.876967,920
509510.946600,6944462.208000,9.041422,920
509510.542400,6944461.913000,9.232040,920
509510.396700,6944461.807000,9.300000,920
509510.138300,6944461.619000,9.412444,920
509509.734200,6944461.324000,9.568838,920
509509.330000,6944461.030000,9.675065,920
509508.925900,6944460.736000,9.780287,920
509508.850900,6944460.681000,9.800000,920
509508.521700,6944460.441000,9.885961,920
509508.117600,6944460.147000,9.883763,920
509507.309300,6944459.558000,9.871655,920
509506.905100,6944459.264000,9.808521,920
509506.867700,6944459.236000,9.800000,920
509506.501000,6944458.969000,9.715868,920
509506.096800,6944458.675000,9.622632,920
509505.692700,6944458.380000,9.511315,920
509505.288500,6944458.086000,9.366651,920
509505.104900,6944457.952000,9.300000,920
509504.884400,6944457.792000,9.221027,920
509504.480300,6944457.497000,9.076070,920
509504.076100,6944457.203000,8.905169,920
509503.828200,6944457.022000,8.800000,920
509503.672000,6944456.909000,8.733935,920
509503.267800,6944456.614000,8.563382,920
509502.863700,6944456.320000,8.388541,920
509502.661200,6944456.172000,8.300000,920
509502.459500,6944456.025000,8.209420,920
509502.055400,6944455.731000,8.028184,920
509501.651200,6944455.437000,7.864042,920
509501.466300,6944455.302000,7.800000,920
509501.247100,6944455.142000,7.723373,920
509500.842900,6944454.848000,7.581783,920
509500.438800,6944454.553000,7.448908,920
509499.630500,6944453.965000,7.331786,920
509499.411600,6944453.805000,7.300000,920
509499.226400,6944453.670000,7.271912,920
509498.822200,6944453.376000,7.271122,920
509498.418100,6944453.081000,7.286087,920
509498.040000,6944452.806000,7.300000,920
509498.013900,6944452.787000,7.300915,920
509497.609800,6944452.493000,7.324507,920
509496.801500,6944451.904000,7.391706,920
509496.397300,6944451.609000,7.420862,920
509495.184900,6944450.726000,7.444351,920
509494.780700,6944450.432000,7.422231,920
509493.972500,6944449.843000,7.368404,920
509493.568300,6944449.549000,7.330782,920
509493.299300,6944449.353000,7.300000,920
509493.164200,6944449.254000,7.284308,920
509492.760000,6944448.960000,7.237611,920
509492.355900,6944448.666000,7.190602,920
509491.951700,6944448.371000,7.142677,920
509491.547600,6944448.077000,7.094825,920
509491.143400,6944447.782000,7.046863,920
509490.739300,6944447.488000,7.007278,920
509490.335100,6944447.194000,6.968273,920
509489.931000,6944446.899000,6.929047,920
509489.526800,6944446.605000,6.897980,920
509489.122700,6944446.310000,6.871953,920
509488.718600,6944446.016000,6.845719,920
509488.314400,6944445.722000,6.823603,920
509487.910300,6944445.427000,6.811158,920
509487.550900,6944445.165000,6.800000,920
509487.506100,6944445.133000,6.798693,920
509487.102000,6944444.838000,6.786678,920
509525.900000,6944473.100000,10.287569,920
509525.495900,6944472.806000,10.209027,920
509525.091700,6944472.511000,10.032604,925
509524.687600,6944472.217000,9.959842,925
509524.283400,6944471.922000,9.889591,925
509523.879300,6944471.628000,9.819748,925
509523.768500,6944471.547000,9.800000,925
509523.475100,6944471.334000,9.750116,925
509523.071000,6944471.039000,9.693727,925
509522.666800,6944470.745000,9.659359,925
509522.262700,6944470.450000,9.624980,925
509521.858500,6944470.156000,9.592406,925
509521.454400,6944469.862000,9.585041,925
509521.050200,6944469.567000,9.577695,925
509520.646100,6944469.273000,9.570371,925
509520.242000,6944468.979000,9.569446,925
509519.837800,6944468.684000,9.570555,925
509519.433700,6944468.390000,9.571667,925
509519.029500,6944468.095000,9.566120,925
509518.625400,6944467.801000,9.552464,925
509518.221200,6944467.507000,9.538626,925
509517.817100,6944467.212000,9.519169,925
509517.412900,6944466.918000,9.466383,925
509517.008800,6944466.623000,9.412535,925
509516.604600,6944466.329000,9.357795,925
509516.354500,6944466.147000,9.300000,925
509516.200500,6944466.035000,9.261249,925
509515.796300,6944465.740000,9.148044,925
509515.392200,6944465.446000,9.032101,925
509514.988100,6944465.151000,8.908994,925
509514.657000,6944464.910000,8.800000,925
509514.583900,6944464.857000,8.775540,925
509514.179800,6944464.563000,8.642275,925
509513.775600,6944464.268000,8.528949,925
509512.563200,6944463.385000,8.416930,925
509512.159000,6944463.091000,8.529963,925
509511.754900,6944462.796000,8.660659,925
509511.350700,6944462.502000,8.790746,925
509511.328300,6944462.486000,8.800000,925
509510.946600,6944462.208000,8.956122,925
509510.542400,6944461.913000,9.147659,925
509510.215800,6944461.675000,9.300000,925
509510.138300,6944461.619000,9.333733,925
509509.734200,6944461.324000,9.490683,925
509509.330000,6944461.030000,9.598093,925
509508.925900,6944460.736000,9.704111,925
509508.561200,6944460.470000,9.800000,925
509508.521700,6944460.441000,9.810309,925
509508.117600,6944460.147000,9.807778,925
509507.713400,6944459.852000,9.801350,925
509507.628200,6944459.790000,9.800000,925
509507.309300,6944459.558000,9.794922,925
509506.905100,6944459.264000,9.731207,925
509506.501000,6944458.969000,9.637577,925
509506.096800,6944458.675000,9.542906,925
509505.692700,6944458.380000,9.430534,925
509505.329600,6944458.116000,9.300000,925
509505.288500,6944458.086000,9.285392,925
509504.884400,6944457.792000,9.140546,925
509504.480300,6944457.497000,8.995091,925
509504.076100,6944457.203000,8.823535,925
509504.020600,6944457.162000,8.800000,925
509503.672000,6944456.909000,8.652554,925
509503.267800,6944456.614000,8.481527,925
509502.863700,6944456.320000,8.306511,925
509502.848800,6944456.309000,8.300000,925
509502.459500,6944456.025000,8.125144,925
509502.055400,6944455.731000,7.943818,925
509501.701300,6944455.473000,7.800000,925
509501.651200,6944455.437000,7.779404,925
509501.247100,6944455.142000,7.638208,925
509500.842900,6944454.848000,7.496962,925
509500.438800,6944454.553000,7.364398,925
509500.034600,6944454.259000,7.306245,925
509499.991400,6944454.228000,7.300000,925
509499.630500,6944453.965000,7.245514,925
509499.226400,6944453.670000,7.184543,925
509498.822200,6944453.376000,7.184406,925
509498.418100,6944453.081000,7.200134,925
509498.013900,6944452.787000,7.215834,925
509497.609800,6944452.493000,7.240896,925
509497.205600,6944452.198000,7.276007,925
509496.928700,6944451.997000,7.300000,925
509496.801500,6944451.904000,7.310635,925
509496.397300,6944451.609000,7.339976,925
509495.184900,6944450.726000,7.362961,925
509494.780700,6944450.432000,7.340373,925
509494.376600,6944450.138000,7.312946,925
509494.185200,6944449.998000,7.300000,925
509493.972500,6944449.843000,7.285324,925
509493.568300,6944449.549000,7.246833,925
509493.164200,6944449.254000,7.199765,925
509492.760000,6944448.960000,7.152759,925
509492.355900,6944448.666000,7.105613,925
509491.951700,6944448.371000,7.058228,925
509491.547600,6944448.077000,7.010810,925
509491.143400,6944447.782000,6.963177,925
509490.739300,6944447.488000,6.924998,925
509490.335100,6944447.194000,6.887375,925
509489.931000,6944446.899000,6.849419,925
509489.526800,6944446.605000,6.819951,925
509489.195600,6944446.364000,6.800000,925
509489.122700,6944446.310000,6.795819,925
509488.718600,6944446.016000,6.772089,925
509488.314400,6944445.722000,6.752425,925
509487.102000,6944444.838000,6.720543,925
509525.900000,6944473.100000,10.181926,925
509525.495900,6944472.806000,10.108131,925
509525.091700,6944472.511000,9.937165,930
509524.687600,6944472.217000,9.868838,930
509524.283400,6944471.922000,9.802878,930
509524.266400,6944471.910000,9.800000,930
509523.879300,6944471.628000,9.737475,930
509523.475100,6944471.334000,9.672524,930
509523.071000,6944471.039000,9.620043,930
509522.666800,6944470.745000,9.588277,930
509522.262700,6944470.450000,9.556473,930
509521.858500,6944470.156000,9.526321,930
509521.454400,6944469.862000,9.519755,930
509521.050200,6944469.567000,9.513214,930
509520.646100,6944469.273000,9.506702,930
509520.242000,6944468.979000,9.505924,930
509519.837800,6944468.684000,9.506967,930
509519.433700,6944468.390000,9.508014,930
509519.029500,6944468.095000,9.502240,930
509518.625400,6944467.801000,9.488180,930
509518.221200,6944467.507000,9.473885,930
509517.817100,6944467.212000,9.453878,930
509517.412900,6944466.918000,9.400332,930
509517.008800,6944466.623000,9.345490,930
509516.678700,6944466.383000,9.300000,930
509516.604600,6944466.329000,9.289008,930
509516.200500,6944466.035000,9.187020,930
509515.796300,6944465.740000,9.072039,930
509515.392200,6944465.446000,8.955035,930
509514.988100,6944465.151000,8.829656,930
509514.898000,6944465.086000,8.800000,930
509514.583900,6944464.857000,8.694928,930
509514.179800,6944464.563000,8.558989,930
509513.775600,6944464.268000,8.443702,930
509512.563200,6944463.385000,8.328185,930
509512.159000,6944463.091000,8.441934,930
509511.754900,6944462.796000,8.573759,930
509511.350700,6944462.502000,8.704744,930
509511.119800,6944462.334000,8.800000,930
509510.946600,6944462.208000,8.870823,930
509510.542400,6944461.913000,9.063278,930
509510.138300,6944461.619000,9.253092,930
509510.023500,6944461.535000,9.300000,930
509509.734200,6944461.324000,9.412528,930
509509.330000,6944461.030000,9.521121,930
509508.925900,6944460.736000,9.627935,930
509508.521700,6944460.441000,9.734673,930
509508.117600,6944460.147000,9.731800,930
509507.713400,6944459.852000,9.725000,930
509507.309300,6944459.558000,9.718194,930
509506.905100,6944459.264000,9.653930,930
509506.501000,6944458.969000,9.559286,930
509506.096800,6944458.675000,9.463180,930
509505.692700,6944458.380000,9.349752,930
509505.554300,6944458.280000,9.300000,930
509505.288500,6944458.086000,9.205431,930
509504.884400,6944457.792000,9.060064,930
509504.480300,6944457.497000,8.914113,930
509504.211700,6944457.302000,8.800000,930
509504.076100,6944457.203000,8.742444,930
509503.672000,6944456.909000,8.571173,930
509503.267800,6944456.614000,8.399671,930
509503.037700,6944456.446000,8.300000,930
509502.863700,6944456.320000,8.222169,930
509502.459500,6944456.025000,8.040869,930
509502.055400,6944455.731000,7.859452,930
509501.909000,6944455.624000,7.800000,930
509501.651200,6944455.437000,7.693896,930
509501.247100,6944455.142000,7.553043,930
509500.842900,6944454.848000,7.412140,930
509500.500400,6944454.598000,7.300000,930
509500.438800,6944454.553000,7.278704,930
509500.034600,6944454.259000,7.218012,930
509499.630500,6944453.965000,7.157662,930
509499.226400,6944453.670000,7.097175,930
509498.822200,6944453.376000,7.097689,930
509498.418100,6944453.081000,7.114180,930
509498.013900,6944452.787000,7.130718,930
509497.609800,6944452.493000,7.156417,930
509497.205600,6944452.198000,7.191981,930
509496.801500,6944451.904000,7.227501,930
509496.397300,6944451.609000,7.258085,930
509495.993200,6944451.315000,7.265829,930
509495.589000,6944451.021000,7.273548,930
509495.184900,6944450.726000,7.281238,930
509494.780700,6944450.432000,7.257853,930
509494.376600,6944450.138000,7.229572,930
509493.972500,6944449.843000,7.201326,930
509493.568300,6944449.549000,7.162526,930
509493.164200,6944449.254000,7.115222,930
509492.760000,6944448.960000,7.067908,930
509492.355900,6944448.666000,7.020625,930
509491.951700,6944448.371000,6.973778,930
509491.547600,6944448.077000,6.926795,930
509491.143400,6944447.782000,6.879490,930
509490.739300,6944447.488000,6.842718,930
509490.335100,6944447.194000,6.806477,930
509490.264700,6944447.142000,6.800000,930
509489.931000,6944446.899000,6.770232,930
509489.526800,6944446.605000,6.743095,930
509488.718600,6944446.016000,6.699892,930
509488.314400,6944445.722000,6.682127,930
509487.102000,6944444.838000,6.654408,930
509525.900000,6944473.100000,10.076282,930
509525.495900,6944472.806000,10.007234,930
509525.091700,6944472.511000,9.841726,935
509524.832200,6944472.322000,9.800000,935
509524.687600,6944472.217000,9.777653,935
509524.283400,6944471.922000,9.715677,935
509523.879300,6944471.628000,9.654902,935
509523.475100,6944471.334000,9.594932,935
509523.071000,6944471.039000,9.546359,935
509522.666800,6944470.745000,9.517196,935
509522.262700,6944470.450000,9.487965,935
509521.858500,6944470.156000,9.460236,935
509521.454400,6944469.862000,9.454469,935
509521.050200,6944469.567000,9.448734,935
509520.646100,6944469.273000,9.443033,935
509520.242000,6944468.979000,9.442401,935
509519.837800,6944468.684000,9.443379,935
509519.433700,6944468.390000,9.444361,935
509519.029500,6944468.095000,9.438361,935
509518.625400,6944467.801000,9.423895,935
509518.221200,6944467.507000,9.409145,935
509517.817100,6944467.212000,9.388587,935
509517.412900,6944466.918000,9.334282,935
509517.163400,6944466.736000,9.300000,935
509517.008800,6944466.623000,9.276963,935
509516.604600,6944466.329000,9.216793,935
509516.200500,6944466.035000,9.112791,935
509515.796300,6944465.740000,8.996034,935
509515.392200,6944465.446000,8.877969,935
509515.142600,6944465.264000,8.800000,935
509514.988100,6944465.151000,8.750854,935
509514.583900,6944464.857000,8.614316,935
509514.179800,6944464.563000,8.475703,935
509513.775600,6944464.268000,8.358454,935
509513.371500,6944463.974000,8.318783,935
509513.178800,6944463.834000,8.300000,935
509512.967300,6944463.679000,8.276398,935
509512.563200,6944463.385000,8.231637,935
509512.350200,6944463.230000,8.300000,935
509512.159000,6944463.091000,8.353905,935
509511.754900,6944462.796000,8.486858,935
509511.350700,6944462.502000,8.618741,935
509510.946600,6944462.208000,8.785604,935
509510.916600,6944462.186000,8.800000,935
509510.542400,6944461.913000,8.978897,935
509510.138300,6944461.619000,9.171003,935
509509.822500,6944461.389000,9.300000,935
509509.734200,6944461.324000,9.334373,935
509509.330000,6944461.030000,9.444148,935
509508.925900,6944460.736000,9.551759,935
509508.521700,6944460.441000,9.659039,935
509508.117600,6944460.147000,9.655823,935
509507.713400,6944459.852000,9.648651,935
509507.309300,6944459.558000,9.641467,935
509506.905100,6944459.264000,9.576654,935
509506.501000,6944458.969000,9.480995,935
509506.096800,6944458.675000,9.383455,935
509505.801200,6944458.459000,9.300000,935
509505.692700,6944458.380000,9.269624,935
509505.288500,6944458.086000,9.125470,935
509504.884400,6944457.792000,8.979582,935
509504.480300,6944457.497000,8.833134,935
509504.402300,6944457.440000,8.800000,935
509504.076100,6944457.203000,8.661571,935
509503.672000,6944456.909000,8.489791,935
509503.267800,6944456.614000,8.317815,935
509503.226700,6944456.584000,8.300000,935
509502.863700,6944456.320000,8.137627,935
509502.459500,6944456.025000,7.956593,935
509502.110800,6944455.771000,7.800000,935
509502.055400,6944455.731000,7.774683,935
509501.651200,6944455.437000,7.608388,935
509501.247100,6944455.142000,7.467879,935
509500.842900,6944454.848000,7.327318,935
509500.759500,6944454.787000,7.300000,935
509500.438800,6944454.553000,7.189218,935
509500.034600,6944454.259000,7.129447,935
509499.630500,6944453.965000,7.069811,935
509499.226400,6944453.670000,7.009806,935
509498.822200,6944453.376000,7.010972,935
509498.418100,6944453.081000,7.028227,935
509498.013900,6944452.787000,7.045602,935
509497.609800,6944452.493000,7.071938,935
509497.205600,6944452.198000,7.107956,935
509496.801500,6944451.904000,7.144055,935
509496.397300,6944451.609000,7.175212,935
509495.993200,6944451.315000,7.182942,935
509495.589000,6944451.021000,7.190665,935
509495.184900,6944450.726000,7.198376,935
509494.780700,6944450.432000,7.174688,935
509494.376600,6944450.138000,7.146011,935
509493.972500,6944449.843000,7.117329,935
509493.568300,6944449.549000,7.078220,935
509493.164200,6944449.254000,7.030679,935
509492.760000,6944448.960000,6.983056,935
509492.355900,6944448.666000,6.935636,935
509491.951700,6944448.371000,6.889329,935
509491.547600,6944448.077000,6.842780,935
509491.179700,6944447.809000,6.800000,935
509491.143400,6944447.782000,6.795796,935
509490.739300,6944447.488000,6.760527,935
509489.931000,6944446.899000,6.691768,935
509489.526800,6944446.605000,6.666641,935
509488.718600,6944446.016000,6.627695,935
509488.314400,6944445.722000,6.611828,935
509487.102000,6944444.838000,6.588273,935
509525.900000,6944473.100000,9.970639,935
509525.495900,6944472.806000,9.906338,935
509525.460500,6944472.780000,9.800000,940
509525.091700,6944472.511000,9.745518,940
509524.687600,6944472.217000,9.685912,940
509524.283400,6944471.922000,9.628460,940
509523.879300,6944471.628000,9.572330,940
509523.475100,6944471.334000,9.517341,940
509523.071000,6944471.039000,9.472676,940
509522.666800,6944470.745000,9.446115,940
509522.262700,6944470.450000,9.419457,940
509521.858500,6944470.156000,9.394151,940
509521.454400,6944469.862000,9.389183,940
509521.050200,6944469.567000,9.384253,940
509520.646100,6944469.273000,9.379364,940
509520.242000,6944468.979000,9.378879,940
509519.837800,6944468.684000,9.379791,940
509519.433700,6944468.390000,9.380709,940
509519.029500,6944468.095000,9.374481,940
509518.625400,6944467.801000,9.359610,940
509518.221200,6944467.507000,9.344405,940
509517.817100,6944467.212000,9.323296,940
509517.645000,6944467.087000,9.300000,940
509517.412900,6944466.918000,9.265830,940
509517.008800,6944466.623000,9.205309,940
509516.604600,6944466.329000,9.144578,940
509516.200500,6944466.035000,9.038561,940
509515.796300,6944465.740000,8.920028,940
509515.392200,6944465.446000,8.800903,940
509515.389300,6944465.444000,8.800000,940
509514.988100,6944465.151000,8.672370,940
509514.583900,6944464.857000,8.533704,940
509514.179800,6944464.563000,8.392417,940
509513.864800,6944464.333000,8.300000,940
509513.775600,6944464.268000,8.269626,940
509513.371500,6944463.974000,8.223478,940
509512.967300,6944463.679000,8.177444,940
509512.563200,6944463.385000,8.131458,940
509512.159000,6944463.091000,8.261539,940
509512.057200,6944463.017000,8.300000,940
509511.754900,6944462.796000,8.399958,940
509511.350700,6944462.502000,8.532738,940
509510.946600,6944462.208000,8.700775,940
509510.740100,6944462.057000,8.800000,940
509510.542400,6944461.913000,8.894515,940
509510.138300,6944461.619000,9.088914,940
509509.734200,6944461.324000,9.255447,940
509509.576200,6944461.209000,9.300000,940
509509.330000,6944461.030000,9.367176,940
509508.925900,6944460.736000,9.475583,940
509508.521700,6944460.441000,9.583406,940
509508.117600,6944460.147000,9.579846,940
509507.713400,6944459.852000,9.572302,940
509507.309300,6944459.558000,9.564739,940
509506.905100,6944459.264000,9.499377,940
509506.501000,6944458.969000,9.402704,940
509506.096800,6944458.675000,9.303729,940
509506.083600,6944458.665000,9.300000,940
509505.692700,6944458.380000,9.190541,940
509505.288500,6944458.086000,9.045509,940
509504.884400,6944457.792000,8.899100,940
509504.611300,6944457.593000,8.800000,940
509504.480300,6944457.497000,8.752357,940
509504.076100,6944457.203000,8.580699,940
509503.672000,6944456.909000,8.408410,940
509503.417400,6944456.723000,8.300000,940
509503.267800,6944456.614000,8.233729,940
509502.863700,6944456.320000,8.053086,940
509502.459500,6944456.025000,7.872317,940
509502.298500,6944455.908000,7.800000,940
509502.055400,6944455.731000,7.688951,940
509501.651200,6944455.437000,7.522880,940
509501.247100,6944455.142000,7.382714,940
509501.009100,6944454.969000,7.300000,940
509500.842900,6944454.848000,7.238968,940
509500.438800,6944454.553000,7.099731,940
509500.034600,6944454.259000,7.040882,940
509499.630500,6944453.965000,6.981960,940
509499.226400,6944453.670000,6.922437,940
509498.822200,6944453.376000,6.924256,940
509498.418100,6944453.081000,6.942273,940
509498.013900,6944452.787000,6.960486,940
509497.609800,6944452.493000,6.987458,940
509497.205600,6944452.198000,7.023930,940
509496.801500,6944451.904000,7.060609,940
509496.397300,6944451.609000,7.092338,940
509495.993200,6944451.315000,7.100056,940
509495.589000,6944451.021000,7.107783,940
509495.184900,6944450.726000,7.115515,940
509494.780700,6944450.432000,7.091523,940
509494.376600,6944450.138000,7.062451,940
509493.972500,6944449.843000,7.033332,940
509493.568300,6944449.549000,6.993914,940
509493.164200,6944449.254000,6.946136,940
509492.760000,6944448.960000,6.898204,940
509492.355900,6944448.666000,6.850648,940
509491.951700,6944448.371000,6.804879,940
509491.909200,6944448.340000,6.800000,940
509491.547600,6944448.077000,6.758446,940
509491.143400,6944447.782000,6.711952,940
509490.739300,6944447.488000,6.678430,940
509489.931000,6944446.899000,6.613305,940
509489.526800,6944446.605000,6.590188,940
509488.718600,6944446.016000,6.555498,940
509488.314400,6944445.722000,6.541530,940
509487.102000,6944444.838000,6.522138,940
509525.900000,6944473.100000,9.864995,940
509525.495900,6944472.806000,9.805441,940
509525.091700,6944472.511000,9.648713,945
509524.687600,6944472.217000,9.594171,945
509524.283400,6944471.922000,9.541242,945
509523.879300,6944471.628000,9.489758,945
509523.475100,6944471.334000,9.439749,945
509523.071000,6944471.039000,9.398992,945
509522.666800,6944470.745000,9.375034,945
509522.262700,6944470.450000,9.350950,945
509521.858500,6944470.156000,9.328066,945
509521.454400,6944469.862000,9.323897,945
509521.050200,6944469.567000,9.319772,945
509520.646100,6944469.273000,9.315695,945
509520.242000,6944468.979000,9.315357,945
509519.837800,6944468.684000,9.316203,945
509519.433700,6944468.390000,9.317056,945
509519.029500,6944468.095000,9.310602,945
509518.748500,6944467.891000,9.300000,945
509518.625400,6944467.801000,9.294899,945
509518.221200,6944467.507000,9.277959,945
509517.817100,6944467.212000,9.254809,945
509517.412900,6944466.918000,9.194785,945
509517.008800,6944466.623000,9.133655,945
509516.604600,6944466.329000,9.072363,945
509516.200500,6944466.035000,8.964332,945
509515.796300,6944465.740000,8.844023,945
509515.647000,6944465.631000,8.800000,945
509515.392200,6944465.446000,8.723802,945
509514.988100,6944465.151000,8.593887,945
509514.583900,6944464.857000,8.453092,945
509514.179800,6944464.563000,8.309131,945
509514.148600,6944464.540000,8.300000,945
509513.775600,6944464.268000,8.172987,945
509513.371500,6944463.974000,8.125704,945
509512.967300,6944463.679000,8.078490,945
509512.563200,6944463.385000,8.031279,945
509512.159000,6944463.091000,8.162325,945
509511.794400,6944462.825000,8.300000,945
509511.754900,6944462.796000,8.313058,945
509511.350700,6944462.502000,8.446735,945
509510.946600,6944462.208000,8.615947,945
509510.563600,6944461.929000,8.800000,945
509510.542400,6944461.913000,8.810134,945
509510.138300,6944461.619000,9.006825,945
509509.734200,6944461.324000,9.175917,945
509509.330000,6944461.030000,9.289957,945
509509.294100,6944461.004000,9.300000,945
509508.925900,6944460.736000,9.399406,945
509508.521700,6944460.441000,9.507772,945
509508.117600,6944460.147000,9.503869,945
509507.713400,6944459.852000,9.495952,945
509507.309300,6944459.558000,9.488011,945
509506.905100,6944459.264000,9.422100,945
509506.501000,6944458.969000,9.324414,945
509506.401400,6944458.897000,9.300000,945
509506.096800,6944458.675000,9.225369,945
509505.692700,6944458.380000,9.111459,945
509505.288500,6944458.086000,8.965547,945
509504.884400,6944457.792000,8.818618,945
509504.833100,6944457.754000,8.800000,945
509504.480300,6944457.497000,8.671718,945
509504.076100,6944457.203000,8.499827,945
509503.672000,6944456.909000,8.327029,945
509503.608500,6944456.862000,8.300000,945
509503.267800,6944456.614000,8.149022,945
509502.863700,6944456.320000,7.968544,945
509502.486400,6944456.045000,7.800000,945
509502.459500,6944456.025000,7.787785,945
509502.055400,6944455.731000,7.603218,945
509501.651200,6944455.437000,7.437373,945
509501.254200,6944455.147000,7.300000,945
509501.247100,6944455.142000,7.297401,945
509500.842900,6944454.848000,7.148943,945
509500.438800,6944454.553000,7.010244,945
509500.034600,6944454.259000,6.952317,945
509499.630500,6944453.965000,6.894109,945
509499.226400,6944453.670000,6.835068,945
509498.822200,6944453.376000,6.837539,945
509498.418100,6944453.081000,6.856320,945
509498.013900,6944452.787000,6.875370,945
509497.609800,6944452.493000,6.902979,945
509497.205600,6944452.198000,6.939904,945
509496.801500,6944451.904000,6.977163,945
509496.397300,6944451.609000,7.009464,945
509495.993200,6944451.315000,7.017170,945
509495.589000,6944451.021000,7.024901,945
509495.184900,6944450.726000,7.032653,945
509494.780700,6944450.432000,7.008358,945
509494.376600,6944450.138000,6.978890,945
509493.972500,6944449.843000,6.949335,945
509493.568300,6944449.549000,6.909607,945
509493.164200,6944449.254000,6.861593,945
509492.760000,6944448.960000,6.813353,945
509492.646700,6944448.877000,6.800000,945
509492.355900,6944448.666000,6.765128,945
509491.547600,6944448.077000,6.673782,945
509491.143400,6944447.782000,6.628108,945
509490.739300,6944447.488000,6.596334,945
509489.931000,6944446.899000,6.534841,945
509489.526800,6944446.605000,6.513734,945
509488.718600,6944446.016000,6.483301,945
509488.314400,6944445.722000,6.471231,945
509487.102000,6944444.838000,6.456003,945
509525.900000,6944473.100000,9.759146,945
509525.495900,6944472.806000,9.704029,945
509525.091700,6944472.511000,9.551908,950
509524.687600,6944472.217000,9.502430,950
509524.283400,6944471.922000,9.454025,950
509523.879300,6944471.628000,9.407185,950
509523.475100,6944471.334000,9.362157,950
509523.071000,6944471.039000,9.325308,950
509522.666800,6944470.745000,9.303952,950
509522.594800,6944470.692000,9.300000,950
509522.262700,6944470.450000,9.279755,950
509521.858500,6944470.156000,9.256350,950
509521.454400,6944469.862000,9.252772,950
509521.050200,6944469.567000,9.249293,950
509520.646100,6944469.273000,9.245911,950
509520.242000,6944468.979000,9.246054,950
509519.837800,6944468.684000,9.247294,950
509519.433700,6944468.390000,9.248530,950
509519.029500,6944468.095000,9.241550,950
509518.625400,6944467.801000,9.224762,950
509518.221200,6944467.507000,9.207791,950
509517.817100,6944467.212000,9.184548,950
509517.412900,6944466.918000,9.123741,950
509517.008800,6944466.623000,9.062002,950
509516.604600,6944466.329000,9.000149,950
509516.200500,6944466.035000,8.890103,950
509515.900400,6944465.816000,8.800000,950
509515.796300,6944465.740000,8.768261,950
509515.392200,6944465.446000,8.646700,950
509514.988100,6944465.151000,8.515404,950
509514.583900,6944464.857000,8.372479,950
509514.380800,6944464.709000,8.300000,950
509514.179800,6944464.563000,8.216388,950
509513.775600,6944464.268000,8.076348,950
509513.371500,6944463.974000,8.027930,950
509512.967300,6944463.679000,7.979537,950
509512.563200,6944463.385000,7.931100,950
509512.159000,6944463.091000,8.063110,950
509511.754900,6944462.796000,8.216303,950
509511.534200,6944462.636000,8.300000,950
509511.350700,6944462.502000,8.360733,950
509510.946600,6944462.208000,8.531118,950
509510.542400,6944461.913000,8.727833,950
509510.394200,6944461.805000,8.800000,950
509510.138300,6944461.619000,8.924736,950
509509.734200,6944461.324000,9.096386,950
509509.330000,6944461.030000,9.211044,950
509509.011900,6944460.798000,9.300000,950
509508.925900,6944460.736000,9.323230,950
509508.521700,6944460.441000,9.432139,950
509508.117600,6944460.147000,9.427891,950
509507.713400,6944459.852000,9.419603,950
509507.309300,6944459.558000,9.411284,950
509506.905100,6944459.264000,9.344824,950
509506.720300,6944459.129000,9.300000,950
509506.501000,6944458.969000,9.246454,950
509506.096800,6944458.675000,9.147075,950
509505.692700,6944458.380000,9.032377,950
509505.288500,6944458.086000,8.885586,950
509505.053300,6944457.915000,8.800000,950
509504.884400,6944457.792000,8.738487,950
509504.480300,6944457.497000,8.591079,950
509504.076100,6944457.203000,8.418955,950
509503.798200,6944457.000000,8.300000,950
509503.672000,6944456.909000,8.243658,950
509503.267800,6944456.614000,8.064316,950
509502.863700,6944456.320000,7.884002,950
509502.675600,6944456.183000,7.800000,950
509502.459500,6944456.025000,7.701700,950
509502.055400,6944455.731000,7.517485,950
509501.651200,6944455.437000,7.351865,950
509501.501300,6944455.327000,7.300000,950
509501.247100,6944455.142000,7.207084,950
509500.842900,6944454.848000,7.058917,950
509500.438800,6944454.553000,6.920758,950
509500.034600,6944454.259000,6.863752,950
509499.630500,6944453.965000,6.806257,950
509499.587500,6944453.933000,6.800000,950
509499.226400,6944453.670000,6.742112,950
509498.822200,6944453.376000,6.746053,950
509498.013900,6944452.787000,6.789482,950
509497.875100,6944452.686000,6.800000,950
509497.609800,6944452.493000,6.818500,950
509497.205600,6944452.198000,6.855879,950
509496.801500,6944451.904000,6.893717,950
509496.397300,6944451.609000,6.926591,950
509495.993200,6944451.315000,6.934284,950
509495.589000,6944451.021000,6.942019,950
509495.184900,6944450.726000,6.949792,950
509494.780700,6944450.432000,6.925192,950
509494.376600,6944450.138000,6.895329,950
509493.972500,6944449.843000,6.865337,950
509493.568300,6944449.549000,6.825301,950
509493.356100,6944449.394000,6.800000,950
509493.164200,6944449.254000,6.776533,950
509492.760000,6944448.960000,6.727130,950
509492.355900,6944448.666000,6.678825,950
509491.547600,6944448.077000,6.589119,950
509491.143400,6944447.782000,6.544264,950
509490.739300,6944447.488000,6.514237,950
509489.931000,6944446.899000,6.456378,950
509489.526800,6944446.605000,6.437280,950
509488.718600,6944446.016000,6.411104,950
509488.314400,6944445.722000,6.400933,950
509487.102000,6944444.838000,6.389869,950
509525.900000,6944473.100000,9.652966,950
509525.495900,6944472.806000,9.602587,950
509525.091700,6944472.511000,9.455103,955
509524.687600,6944472.217000,9.410689,955
509524.283400,6944471.922000,9.366808,955
509523.879300,6944471.628000,9.324613,955
509523.636900,6944471.451000,9.300000,955
509523.475100,6944471.334000,9.282060,955
509523.071000,6944471.039000,9.243891,955
509522.666800,6944470.745000,9.222343,955
509522.262700,6944470.450000,9.200765,955
509521.858500,6944470.156000,9.180478,955
509521.454400,6944469.862000,9.178278,955
509521.050200,6944469.567000,9.176161,955
509520.646100,6944469.273000,9.174126,955
509520.242000,6944468.979000,9.174907,955
509519.837800,6944468.684000,9.176566,955
509519.433700,6944468.390000,9.178220,955
509519.029500,6944468.095000,9.171470,955
509518.625400,6944467.801000,9.154626,955
509518.221200,6944467.507000,9.137624,955
509517.817100,6944467.212000,9.114286,955
509517.412900,6944466.918000,9.052696,955
509517.008800,6944466.623000,8.990348,955
509516.604600,6944466.329000,8.927934,955
509516.200500,6944466.035000,8.815873,955
509516.147600,6944465.996000,8.800000,955
509515.796300,6944465.740000,8.692832,955
509515.392200,6944465.446000,8.569599,955
509514.988100,6944465.151000,8.436920,955
509514.606000,6944464.873000,8.300000,955
509514.583900,6944464.857000,8.290645,955
509514.179800,6944464.563000,8.122481,955
509513.775600,6944464.268000,7.979709,955
509513.371500,6944463.974000,7.930156,955
509512.967300,6944463.679000,7.880583,955
509512.563200,6944463.385000,7.830921,955
509512.159000,6944463.091000,7.963895,955
509511.754900,6944462.796000,8.117806,955
509511.350700,6944462.502000,8.271450,955
509511.291900,6944462.459000,8.300000,955
509510.946600,6944462.208000,8.446289,955
509510.542400,6944461.913000,8.645816,955
509510.225800,6944461.683000,8.800000,955
509510.138300,6944461.619000,8.842647,955
509509.734200,6944461.324000,9.016856,955
509509.330000,6944461.030000,9.132132,955
509508.925900,6944460.736000,9.245921,955
509508.731100,6944460.594000,9.300000,955
509508.521700,6944460.441000,9.356505,955
509508.117600,6944460.147000,9.351914,955
509507.713400,6944459.852000,9.343254,955
509507.309300,6944459.558000,9.334556,955
509507.100100,6944459.406000,9.300000,955
509506.905100,6944459.264000,9.267615,955
509506.501000,6944458.969000,9.168645,955
509506.096800,6944458.675000,9.068782,955
509505.692700,6944458.380000,8.953295,955
509505.288500,6944458.086000,8.805625,955
509505.273100,6944458.075000,8.800000,955
509504.884400,6944457.792000,8.658462,955
509504.480300,6944457.497000,8.510441,955
509504.076100,6944457.203000,8.338083,955
509503.987100,6944457.138000,8.300000,955
509503.672000,6944456.909000,8.159297,955
509503.267800,6944456.614000,7.979609,955
509502.864900,6944456.321000,7.800000,955
509502.863700,6944456.320000,7.799448,955
509502.459500,6944456.025000,7.615614,955
509502.055400,6944455.731000,7.431753,955
509501.733600,6944455.497000,7.300000,955
509501.651200,6944455.437000,7.264244,955
509501.247100,6944455.142000,7.116767,955
509500.842900,6944454.848000,6.968891,955
509500.438800,6944454.553000,6.831271,955
509500.214500,6944454.390000,6.800000,955
509500.034600,6944454.259000,6.772070,955
509499.630500,6944453.965000,6.708786,955
509499.226400,6944453.670000,6.645410,955
509498.822200,6944453.376000,6.650927,955
509498.013900,6944452.787000,6.697624,955
509497.609800,6944452.493000,6.729366,955
509497.205600,6944452.198000,6.770103,955
509496.910100,6944451.983000,6.800000,955
509496.801500,6944451.904000,6.810271,955
509496.397300,6944451.609000,6.843717,955
509495.993200,6944451.315000,6.851397,955
509495.589000,6944451.021000,6.859136,955
509495.184900,6944450.726000,6.866930,955
509494.780700,6944450.432000,6.842027,955
509494.376600,6944450.138000,6.811769,955
509494.219800,6944450.023000,6.800000,955
509493.972500,6944449.843000,6.780823,955
509493.568300,6944449.549000,6.739515,955
509492.760000,6944448.960000,6.640651,955
509492.355900,6944448.666000,6.592522,955
509491.547600,6944448.077000,6.504455,955
509491.143400,6944447.782000,6.460420,955
509490.739300,6944447.488000,6.432141,955
509489.931000,6944446.899000,6.377914,955
509489.526800,6944446.605000,6.360827,955
509488.718600,6944446.016000,6.338907,955
509488.314400,6944445.722000,6.330634,955
509487.102000,6944444.838000,6.323734,955
509525.900000,6944473.100000,9.546787,955
509525.495900,6944472.806000,9.501145,955
509525.091700,6944472.511000,9.358297,960
509524.687600,6944472.217000,9.318947,960
509524.498100,6944472.079000,9.300000,960
509524.283400,6944471.922000,9.276299,960
509523.879300,6944471.628000,9.232978,960
509523.475100,6944471.334000,9.191871,960
509523.071000,6944471.039000,9.158428,960
509522.666800,6944470.745000,9.140115,960
509522.262700,6944470.450000,9.121775,960
509521.858500,6944470.156000,9.104605,960
509521.454400,6944469.862000,9.103783,960
509521.050200,6944469.567000,9.103028,960
509520.646100,6944469.273000,9.102341,960
509520.242000,6944468.979000,9.103761,960
509519.837800,6944468.684000,9.105837,960
509519.433700,6944468.390000,9.107911,960
509519.029500,6944468.095000,9.101390,960
509518.625400,6944467.801000,9.084489,960
509518.221200,6944467.507000,9.067456,960
509517.817100,6944467.212000,9.044025,960
509517.412900,6944466.918000,8.981652,960
509517.008800,6944466.623000,8.918694,960
509516.604600,6944466.329000,8.855719,960
509516.404500,6944466.183000,8.800000,960
509516.200500,6944466.035000,8.742179,960
509515.796300,6944465.740000,8.617404,960
509515.392200,6944465.446000,8.492498,960
509514.988100,6944465.151000,8.358437,960
509514.825000,6944465.033000,8.300000,960
509514.583900,6944464.857000,8.197921,960
509514.179800,6944464.563000,8.028574,960
509513.775600,6944464.268000,7.883070,960
509513.371500,6944463.974000,7.832382,960
509513.112500,6944463.785000,7.800000,960
509512.967300,6944463.679000,7.780162,960
509512.563200,6944463.385000,7.725321,960
509512.355200,6944463.234000,7.800000,960
509512.159000,6944463.091000,7.864680,960
509511.754900,6944462.796000,8.019309,960
509511.350700,6944462.502000,8.174285,960
509511.091700,6944462.313000,8.300000,960
509510.946600,6944462.208000,8.361461,960
509510.542400,6944461.913000,8.563799,960
509510.138300,6944461.619000,8.761459,960
509510.050300,6944461.555000,8.800000,960
509509.734200,6944461.324000,8.937326,960
509509.330000,6944461.030000,9.053219,960
509508.925900,6944460.736000,9.168114,960
509508.521700,6944460.441000,9.280688,960
509508.117600,6944460.147000,9.275817,960
509507.713400,6944459.852000,9.266872,960
509507.309300,6944459.558000,9.257956,960
509506.905100,6944459.264000,9.190501,960
509506.501000,6944458.969000,9.090836,960
509506.096800,6944458.675000,8.990489,960
509505.692700,6944458.380000,8.874212,960
509505.489700,6944458.233000,8.800000,960
509505.288500,6944458.086000,8.726355,960
509504.884400,6944457.792000,8.578438,960
509504.480300,6944457.497000,8.429802,960
509504.176100,6944457.276000,8.300000,960
509504.076100,6944457.203000,8.255289,960
509503.672000,6944456.909000,8.074937,960
509503.267800,6944456.614000,7.894903,960
509503.054900,6944456.459000,7.800000,960
509502.863700,6944456.320000,7.712993,960
509502.459500,6944456.025000,7.529529,960
509502.055400,6944455.731000,7.346020,960
509501.943000,6944455.649000,7.300000,960
509501.651200,6944455.437000,7.173366,960
509501.247100,6944455.142000,7.026450,960
509500.842900,6944454.848000,6.878866,960
509500.611000,6944454.679000,6.800000,960
509500.438800,6944454.553000,6.734185,960
509499.630500,6944453.965000,6.610578,960
509499.226400,6944453.670000,6.548707,960
509498.822200,6944453.376000,6.555801,960
509498.013900,6944452.787000,6.605766,960
509497.609800,6944452.493000,6.638928,960
509496.801500,6944451.904000,6.722778,960
509496.397300,6944451.609000,6.758888,960
509495.184900,6944450.726000,6.783491,960
509494.780700,6944450.432000,6.757477,960
509493.972500,6944449.843000,6.694498,960
509493.568300,6944449.549000,6.653094,960
509492.760000,6944448.960000,6.554172,960
509492.355900,6944448.666000,6.506218,960
509491.547600,6944448.077000,6.419791,960
509491.143400,6944447.782000,6.376577,960
509490.739300,6944447.488000,6.350044,960
509490.335100,6944447.194000,6.324747,960
509489.940000,6944446.906000,6.300000,960
509489.931000,6944446.899000,6.299446,960
509489.526800,6944446.605000,6.284264,960
509489.122700,6944446.310000,6.275363,960
509488.718600,6944446.016000,6.266466,960
509488.314400,6944445.722000,6.260048,960
509487.910300,6944445.427000,6.259129,960
509487.506100,6944445.133000,6.258233,960
509487.102000,6944444.838000,6.257366,960
509525.900000,6944473.100000,9.440608,960
509525.495900,6944472.806000,9.399703,960
509525.900000,6944473.100000,9.334429,965
509525.516100,6944472.820000,9.300000,965
509525.495900,6944472.806000,9.297966,965
509525.091700,6944472.511000,9.255180,965
509524.687600,6944472.217000,9.214852,965
509524.283400,6944471.922000,9.175017,965
509523.879300,6944471.628000,9.137495,965
509523.475100,6944471.334000,9.101683,965
509523.071000,6944471.039000,9.072965,965
509522.666800,6944470.745000,9.057886,965
509522.262700,6944470.450000,9.042785,965
509521.858500,6944470.156000,9.028732,965
509521.454400,6944469.862000,9.029289,965
509521.050200,6944469.567000,9.029896,965
509520.646100,6944469.273000,9.030556,965
509520.242000,6944468.979000,9.032615,965
509519.837800,6944468.684000,9.035108,965
509519.433700,6944468.390000,9.037601,965
509519.029500,6944468.095000,9.031309,965
509518.625400,6944467.801000,9.014352,965
509518.221200,6944467.507000,8.997288,965
509517.817100,6944467.212000,8.973764,965
509517.412900,6944466.918000,8.910607,965
509517.008800,6944466.623000,8.847040,965
509516.709000,6944466.405000,8.800000,965
509516.604600,6944466.329000,8.783435,965
509516.200500,6944466.035000,8.668629,965
509515.796300,6944465.740000,8.541976,965
509515.392200,6944465.446000,8.415397,965
509515.047000,6944465.194000,8.300000,965
509514.988100,6944465.151000,8.276890,965
509514.583900,6944464.857000,8.105197,965
509514.179800,6944464.563000,7.934666,965
509513.811700,6944464.295000,7.800000,965
509513.775600,6944464.268000,7.785324,965
509512.563200,6944463.385000,7.617300,965
509512.159000,6944463.091000,7.762713,965
509512.069700,6944463.026000,7.800000,965
509511.754900,6944462.796000,7.920811,965
509511.350700,6944462.502000,8.077119,965
509510.946600,6944462.208000,8.274010,965
509510.901900,6944462.175000,8.300000,965
509510.542400,6944461.913000,8.481782,965
509510.138300,6944461.619000,8.681244,965
509509.867200,6944461.421000,8.800000,965
509509.734200,6944461.324000,8.857795,965
509509.330000,6944461.030000,8.974307,965
509508.925900,6944460.736000,9.090308,965
509508.521700,6944460.441000,9.204331,965
509508.117600,6944460.147000,9.199460,965
509507.713400,6944459.852000,9.190449,965
509507.309300,6944459.558000,9.181460,965
509506.905100,6944459.264000,9.113387,965
509506.501000,6944458.969000,9.013027,965
509506.096800,6944458.675000,8.912196,965
509505.709300,6944458.393000,8.800000,965
509505.692700,6944458.380000,8.795155,965
509505.288500,6944458.086000,8.647138,965
509504.884400,6944457.792000,8.498413,965
509504.480300,6944457.497000,8.349163,965
509504.365000,6944457.413000,8.300000,965
509504.076100,6944457.203000,8.170785,965
509503.672000,6944456.909000,7.990576,965
509503.267800,6944456.614000,7.810196,965
509503.244900,6944456.597000,7.800000,965
509502.863700,6944456.320000,7.626539,965
509502.459500,6944456.025000,7.443444,965
509502.143300,6944455.795000,7.300000,965
509502.055400,6944455.731000,7.257543,965
509501.651200,6944455.437000,7.082488,965
509501.247100,6944455.142000,6.936133,965
509500.873700,6944454.870000,6.800000,965
509500.842900,6944454.848000,6.787375,965
509500.438800,6944454.553000,6.633016,965
509499.630500,6944453.965000,6.512369,965
509499.226400,6944453.670000,6.452004,965
509498.822200,6944453.376000,6.460675,965
509498.013900,6944452.787000,6.513909,965
509497.609800,6944452.493000,6.548489,965
509496.801500,6944451.904000,6.634716,965
509496.397300,6944451.609000,6.671876,965
509495.184900,6944450.726000,6.697627,965
509494.780700,6944450.432000,6.671511,965
509493.972500,6944449.843000,6.608174,965
509493.568300,6944449.549000,6.566673,965
509492.760000,6944448.960000,6.467693,965
509492.355900,6944448.666000,6.419915,965
509491.547600,6944448.077000,6.335127,965
509491.213300,6944447.833000,6.300000,965
509491.143400,6944447.782000,6.292656,965
509490.739300,6944447.488000,6.267594,965
509490.335100,6944447.194000,6.243912,965
509489.931000,6944446.899000,6.220370,965
509489.526800,6944446.605000,6.207277,965
509489.122700,6944446.310000,6.200496,965
509488.718600,6944446.016000,6.193741,965
509488.314400,6944445.722000,6.189239,965
509487.910300,6944445.427000,6.189717,965
509487.506100,6944445.133000,6.190258,965
509487.102000,6944444.838000,6.190869,965
509525.900000,6944473.100000,9.215839,970
509525.495900,6944472.806000,9.179308,970
509525.091700,6944472.511000,9.142505,970
509524.687600,6944472.217000,9.107540,970
509524.283400,6944471.922000,9.073735,970
509523.879300,6944471.628000,9.042012,970
509523.475100,6944471.334000,9.011495,970
509523.071000,6944471.039000,8.987502,970
509522.666800,6944470.745000,8.975657,970
509522.262700,6944470.450000,8.963794,970
509521.858500,6944470.156000,8.952859,970
509521.454400,6944469.862000,8.954794,970
509521.050200,6944469.567000,8.956764,970
509520.646100,6944469.273000,8.958770,970
509520.242000,6944468.979000,8.961468,970
509519.837800,6944468.684000,8.964380,970
509519.433700,6944468.390000,8.967292,970
509519.029500,6944468.095000,8.961229,970
509518.625400,6944467.801000,8.944215,970
509518.221200,6944467.507000,8.927120,970
509517.817100,6944467.212000,8.903503,970
509517.412900,6944466.918000,8.839563,970
509517.163000,6944466.736000,8.800000,970
509517.008800,6944466.623000,8.774912,970
509516.604600,6944466.329000,8.710917,970
509516.200500,6944466.035000,8.595080,970
509515.796300,6944465.740000,8.466547,970
509515.392200,6944465.446000,8.338295,970
509515.277600,6944465.362000,8.300000,970
509514.988100,6944465.151000,8.186413,970
509514.583900,6944464.857000,8.012472,970
509514.179800,6944464.563000,7.840759,970
509514.068300,6944464.482000,7.800000,970
509513.775600,6944464.268000,7.680804,970
509512.563200,6944463.385000,7.509280,970
509512.159000,6944463.091000,7.655592,970
509511.813000,6944462.839000,7.800000,970
509511.754900,6944462.796000,7.822314,970
509511.350700,6944462.502000,7.979954,970
509510.946600,6944462.208000,8.179662,970
509510.739700,6944462.057000,8.300000,970
509510.542400,6944461.913000,8.399764,970
509510.138300,6944461.619000,8.601029,970
509509.734200,6944461.324000,8.778233,970
509509.659600,6944461.270000,8.800000,970
509509.330000,6944461.030000,8.895394,970
509508.925900,6944460.736000,9.012501,970
509508.521700,6944460.441000,9.127973,970
509508.117600,6944460.147000,9.123104,970
509507.713400,6944459.852000,9.114026,970
509507.309300,6944459.558000,9.104965,970
509506.905100,6944459.264000,9.036272,970
509506.501000,6944458.969000,8.935218,970
509506.096800,6944458.675000,8.833902,970
509505.979700,6944458.590000,8.800000,970
509505.692700,6944458.380000,8.716480,970
509505.288500,6944458.086000,8.567921,970
509504.884400,6944457.792000,8.418388,970
509504.564600,6944457.559000,8.300000,970
509504.480300,6944457.497000,8.266874,970
509504.076100,6944457.203000,8.086282,970
509503.672000,6944456.909000,7.906215,970
509503.434000,6944456.735000,7.800000,970
509503.267800,6944456.614000,7.723783,970
509502.863700,6944456.320000,7.540084,970
509502.459500,6944456.025000,7.357358,970
509502.333100,6944455.933000,7.300000,970
509502.055400,6944455.731000,7.165886,970
509501.651200,6944455.437000,6.991610,970
509501.247100,6944455.142000,6.845817,970
509501.121400,6944455.051000,6.800000,970
509500.842900,6944454.848000,6.685529,970
509500.438800,6944454.553000,6.531847,970
509499.630500,6944453.965000,6.414160,970
509499.226400,6944453.670000,6.355302,970
509498.822200,6944453.376000,6.365548,970
509498.013900,6944452.787000,6.422051,970
509497.609800,6944452.493000,6.458051,970
509496.801500,6944451.904000,6.546654,970
509496.397300,6944451.609000,6.584864,970
509495.184900,6944450.726000,6.611763,970
509494.780700,6944450.432000,6.585545,970
509493.972500,6944449.843000,6.521850,970
509493.568300,6944449.549000,6.480252,970
509492.760000,6944448.960000,6.381213,970
509492.355900,6944448.666000,6.333612,970
509492.029700,6944448.428000,6.300000,970
509491.951700,6944448.371000,6.291939,970
509491.547600,6944448.077000,6.249978,970
509491.143400,6944447.782000,6.207919,970
509490.739300,6944447.488000,6.184590,970
509490.335100,6944447.194000,6.162828,970
509489.931000,6944446.899000,6.141295,970
509489.526800,6944446.605000,6.130289,970
509489.122700,6944446.310000,6.125628,970
509488.718600,6944446.016000,6.121015,970
509488.314400,6944445.722000,6.118430,970
509487.910300,6944445.427000,6.120306,970
509487.506100,6944445.133000,6.122284,970
509487.102000,6944444.838000,6.124372,970
509525.900000,6944473.100000,9.091295,975
509525.495900,6944472.806000,9.060650,975
509525.091700,6944472.511000,9.029830,975
509524.687600,6944472.217000,9.000228,975
509524.283400,6944471.922000,8.972454,975
509523.879300,6944471.628000,8.946529,975
509523.475100,6944471.334000,8.921307,975
509523.071000,6944471.039000,8.902039,975
509522.666800,6944470.745000,8.893428,975
509522.262700,6944470.450000,8.884804,975
509521.858500,6944470.156000,8.876987,975
509521.454400,6944469.862000,8.880299,975
509521.050200,6944469.567000,8.883631,975
509520.646100,6944469.273000,8.886985,975
509520.242000,6944468.979000,8.890322,975
509519.837800,6944468.684000,8.893651,975
509519.433700,6944468.390000,8.896982,975
509519.029500,6944468.095000,8.891148,975
509518.625400,6944467.801000,8.874078,975
509518.221200,6944467.507000,8.856952,975
509517.817100,6944467.212000,8.833242,975
509517.608400,6944467.060000,8.800000,975
509517.412900,6944466.918000,8.765898,975
509517.008800,6944466.623000,8.701875,975
509516.604600,6944466.329000,8.638399,975
509516.200500,6944466.035000,8.521530,975
509515.796300,6944465.740000,8.391119,975
509515.511100,6944465.532000,8.300000,975
509515.392200,6944465.446000,8.254886,975
509514.988100,6944465.151000,8.095936,975
509514.583900,6944464.857000,7.919748,975
509514.302900,6944464.652000,7.800000,975
509514.179800,6944464.563000,7.741712,975
509513.775600,6944464.268000,7.576284,975
509512.563200,6944463.385000,7.401260,975
509512.159000,6944463.091000,7.548471,975
509511.754900,6944462.796000,7.718390,975
509511.562600,6944462.656000,7.800000,975
509511.350700,6944462.502000,7.882788,975
509510.946600,6944462.208000,8.085315,975
509510.577500,6944461.939000,8.300000,975
509510.542400,6944461.913000,8.317747,975
509510.138300,6944461.619000,8.520814,975
509509.734200,6944461.324000,8.698585,975
509509.387000,6944461.071000,8.800000,975
509509.330000,6944461.030000,8.816482,975
509508.925900,6944460.736000,8.934695,975
509508.521700,6944460.441000,9.051615,975
509508.117600,6944460.147000,9.046747,975
509507.713400,6944459.852000,9.037602,975
509507.309300,6944459.558000,9.028469,975
509506.905100,6944459.264000,8.959158,975
509506.501000,6944458.969000,8.857409,975
509506.272500,6944458.803000,8.800000,975
509506.096800,6944458.675000,8.750186,975
509505.692700,6944458.380000,8.637805,975
509505.288500,6944458.086000,8.488703,975
509504.884400,6944457.792000,8.338363,975
509504.780800,6944457.716000,8.300000,975
509504.480300,6944457.497000,8.182006,975
509504.076100,6944457.203000,8.001778,975
509503.672000,6944456.909000,7.821854,975
509503.623000,6944456.873000,7.800000,975
509503.267800,6944456.614000,7.637136,975
509502.863700,6944456.320000,7.453629,975
509502.523400,6944456.072000,7.300000,975
509502.459500,6944456.025000,7.268956,975
509502.055400,6944455.731000,7.074229,975
509501.651200,6944455.437000,6.900733,975
509501.371500,6944455.233000,6.800000,975
509501.247100,6944455.142000,6.749197,975
509500.842900,6944454.848000,6.583684,975
509500.438800,6944454.553000,6.430678,975
509499.630500,6944453.965000,6.315952,975
509499.519300,6944453.884000,6.300000,975
509499.226400,6944453.670000,6.257572,975
509498.822200,6944453.376000,6.269947,975
509498.422300,6944453.085000,6.300000,975
509498.418100,6944453.081000,6.300308,975
509498.013900,6944452.787000,6.330193,975
509497.609800,6944452.493000,6.367612,975
509496.801500,6944451.904000,6.458593,975
509496.397300,6944451.609000,6.497852,975
509495.184900,6944450.726000,6.525898,975
509494.780700,6944450.432000,6.499579,975
509493.972500,6944449.843000,6.435525,975
509493.568300,6944449.549000,6.393831,975
509493.164200,6944449.254000,6.344283,975
509492.803000,6944448.991000,6.300000,975
509492.760000,6944448.960000,6.294638,975
509492.355900,6944448.666000,6.247151,975
509491.951700,6944448.371000,6.205400,975
509491.547600,6944448.077000,6.164484,975
509491.143400,6944447.782000,6.123182,975
509490.739300,6944447.488000,6.101586,975
509490.335100,6944447.194000,6.081744,975
509489.931000,6944446.899000,6.062219,975
509489.526800,6944446.605000,6.053302,975
509489.122700,6944446.310000,6.050761,975
509488.718600,6944446.016000,6.048290,975
509488.314400,6944445.722000,6.047621,975
509487.910300,6944445.427000,6.050895,975
509487.506100,6944445.133000,6.054309,975
509487.102000,6944444.838000,6.057875,975
509525.900000,6944473.100000,8.966750,980
509525.495900,6944472.806000,8.941992,980
509525.091700,6944472.511000,8.917155,980
509524.687600,6944472.217000,8.892916,980
509524.283400,6944471.922000,8.871172,980
509523.879300,6944471.628000,8.851045,980
509523.475100,6944471.334000,8.831119,980
509523.071000,6944471.039000,8.816576,980
509522.666800,6944470.745000,8.811200,980
509522.262700,6944470.450000,8.805814,980
509521.858500,6944470.156000,8.801114,980
509521.454400,6944469.862000,8.805805,980
509521.050200,6944469.567000,8.810499,980
509520.646100,6944469.273000,8.815200,980
509520.242000,6944468.979000,8.819176,980
509519.837800,6944468.684000,8.822922,980
509519.433700,6944468.390000,8.826673,980
509519.029500,6944468.095000,8.821068,980
509518.625400,6944467.801000,8.803941,980
509518.532500,6944467.733000,8.800000,980
509518.221200,6944467.507000,8.783710,980
509517.817100,6944467.212000,8.757617,980
509517.412900,6944466.918000,8.688940,980
509517.008800,6944466.623000,8.628838,980
509516.604600,6944466.329000,8.565881,980
509516.200500,6944466.035000,8.447980,980
509515.796300,6944465.740000,8.315690,980
509515.747200,6944465.704000,8.300000,980
509515.392200,6944465.446000,8.165252,980
509514.988100,6944465.151000,8.005459,980
509514.583900,6944464.857000,7.827024,980
509514.520500,6944464.811000,7.800000,980
509514.179800,6944464.563000,7.638724,980
509513.775600,6944464.268000,7.471764,980
509512.967300,6944463.679000,7.352748,980
509512.608700,6944463.418000,7.300000,980
509512.563200,6944463.385000,7.292410,980
509512.544900,6944463.372000,7.300000,980
509512.159000,6944463.091000,7.441349,980
509511.754900,6944462.796000,7.612877,980
509511.350700,6944462.502000,7.782731,980
509511.323200,6944462.482000,7.800000,980
509510.946600,6944462.208000,7.990968,980
509510.542400,6944461.913000,8.221606,980
509510.417600,6944461.822000,8.300000,980
509510.138300,6944461.619000,8.440599,980
509509.734200,6944461.324000,8.618938,980
509509.330000,6944461.030000,8.733983,980
509509.120000,6944460.877000,8.800000,980
509508.925900,6944460.736000,8.856888,980
509508.521700,6944460.441000,8.975258,980
509508.117600,6944460.147000,8.970391,980
509507.713400,6944459.852000,8.961179,980
509507.309300,6944459.558000,8.951974,980
509506.905100,6944459.264000,8.882044,980
509506.580900,6944459.027000,8.800000,980
509506.501000,6944458.969000,8.776446,980
509506.096800,6944458.675000,8.662328,980
509505.692700,6944458.380000,8.559130,980
509505.288500,6944458.086000,8.409486,980
509504.995000,6944457.872000,8.300000,980
509504.884400,6944457.792000,8.254122,980
509504.480300,6944457.497000,8.097139,980
509504.076100,6944457.203000,7.917274,980
509503.812600,6944457.011000,7.800000,980
509503.672000,6944456.909000,7.724605,980
509503.267800,6944456.614000,7.550490,980
509502.863700,6944456.320000,7.367175,980
509502.714900,6944456.211000,7.300000,980
509502.459500,6944456.025000,7.175928,980
509502.055400,6944455.731000,6.982572,980
509501.651200,6944455.437000,6.809855,980
509501.623900,6944455.417000,6.800000,980
509501.247100,6944455.142000,6.646088,980
509500.842900,6944454.848000,6.481838,980
509500.438800,6944454.553000,6.329510,980
509500.226900,6944454.399000,6.300000,980
509500.034600,6944454.259000,6.272592,980
509499.630500,6944453.965000,6.217262,980
509499.226400,6944453.670000,6.158470,980
509498.822200,6944453.376000,6.173294,980
509498.418100,6944453.081000,6.206662,980
509498.013900,6944452.787000,6.237197,980
509497.609800,6944452.493000,6.275426,980
509497.413500,6944452.350000,6.300000,980
509497.205600,6944452.198000,6.323852,980
509496.801500,6944451.904000,6.370531,980
509496.397300,6944451.609000,6.410840,980
509495.184900,6944450.726000,6.440034,980
509494.780700,6944450.432000,6.413613,980
509493.972500,6944449.843000,6.349201,980
509493.568300,6944449.549000,6.307410,980
509493.507900,6944449.505000,6.300000,980
509493.164200,6944449.254000,6.254109,980
509492.760000,6944448.960000,6.206575,980
509492.355900,6944448.666000,6.160591,980
509491.951700,6944448.371000,6.118860,980
509491.547600,6944448.077000,6.078991,980
509491.143400,6944447.782000,6.038446,980
509490.739300,6944447.488000,6.018583,980
509490.335100,6944447.194000,6.000661,980
509489.931000,6944446.899000,5.983143,980
509489.526800,6944446.605000,5.976314,980
509489.122700,6944446.310000,5.975894,980
509488.718600,6944446.016000,5.975564,980
509488.314400,6944445.722000,5.976812,980
509487.910300,6944445.427000,5.981483,980
509487.506100,6944445.133000,5.986334,980
509487.102000,6944444.838000,5.991377,980
509525.900000,6944473.100000,8.842206,985
509525.495900,6944472.806000,8.823333,985
509525.091700,6944472.511000,8.804480,985
509524.999300,6944472.444000,8.800000,985
509524.687600,6944472.217000,8.783466,985
509524.283400,6944471.922000,8.764613,985
509523.879300,6944471.628000,8.746632,985
509523.475100,6944471.334000,8.733176,985
509523.071000,6944471.039000,8.721354,985
509522.666800,6944470.745000,8.717865,985
509522.262700,6944470.450000,8.714204,985
509521.858500,6944470.156000,8.711015,985
509521.454400,6944469.862000,8.716788,985
509521.050200,6944469.567000,8.722719,985
509520.646100,6944469.273000,8.728829,985
509520.242000,6944468.979000,8.733817,985
509519.837800,6944468.684000,8.738488,985
509519.433700,6944468.390000,8.743254,985
509519.029500,6944468.095000,8.736788,985
509518.625400,6944467.801000,8.717248,985
509518.221200,6944467.507000,8.697223,985
509517.817100,6944467.212000,8.677176,985
509517.412900,6944466.918000,8.611983,985
509517.008800,6944466.623000,8.555801,985
509516.604600,6944466.329000,8.493364,985
509516.200500,6944466.035000,8.374431,985
509515.973800,6944465.869000,8.300000,985
509515.796300,6944465.740000,8.225205,985
509515.392200,6944465.446000,8.075618,985
509514.988100,6944465.151000,7.914982,985
509514.728600,6944464.962000,7.800000,985
509514.583900,6944464.857000,7.724392,985
509514.179800,6944464.563000,7.535736,985
509513.775600,6944464.268000,7.367244,985
509513.371500,6944463.974000,7.306569,985
509513.327300,6944463.942000,7.300000,985
509512.967300,6944463.679000,7.240664,985
509512.563200,6944463.385000,7.171135,985
509512.252500,6944463.159000,7.300000,985
509512.159000,6944463.091000,7.334228,985
509511.754900,6944462.796000,7.507364,985
509511.350700,6944462.502000,7.666018,985
509511.137100,6944462.346000,7.800000,985
509510.946600,6944462.208000,7.896620,985
509510.542400,6944461.913000,8.121565,985
509510.258200,6944461.706000,8.300000,985
509510.138300,6944461.619000,8.360384,985
509509.734200,6944461.324000,8.539290,985
509509.330000,6944461.030000,8.650539,985
509508.925900,6944460.736000,8.771344,985
509508.856400,6944460.685000,8.800000,985
509508.521700,6944460.441000,8.898900,985
509508.117600,6944460.147000,8.894034,985
509507.713400,6944459.852000,8.884756,985
509507.309300,6944459.558000,8.875478,985
509506.905100,6944459.264000,8.804930,985
509506.885600,6944459.249000,8.800000,985
509506.501000,6944458.969000,8.686606,985
509506.096800,6944458.675000,8.574470,985
509505.692700,6944458.380000,8.480454,985
509505.288500,6944458.086000,8.330269,985
509505.207400,6944458.027000,8.300000,985
509504.884400,6944457.792000,8.166001,985
509504.480300,6944457.497000,8.012271,985
509504.076100,6944457.203000,7.832770,985
509504.002500,6944457.149000,7.800000,985
509503.672000,6944456.909000,7.622850,985
509503.267800,6944456.614000,7.463843,985
509502.906300,6944456.351000,7.300000,985
509502.863700,6944456.320000,7.275215,985
509502.459500,6944456.025000,7.082899,985
509502.055400,6944455.731000,6.890915,985
509501.842500,6944455.576000,6.800000,985
509501.651200,6944455.437000,6.703573,985
509501.247100,6944455.142000,6.542980,985
509500.842900,6944454.848000,6.379992,985
509500.630400,6944454.693000,6.300000,985
509500.438800,6944454.553000,6.223848,985
509500.034600,6944454.259000,6.168995,985
509499.630500,6944453.965000,6.118480,985
509499.226400,6944453.670000,6.059369,985
509498.822200,6944453.376000,6.076641,985
509498.418100,6944453.081000,6.113015,985
509498.013900,6944452.787000,6.143644,985
509497.609800,6944452.493000,6.178063,985
509497.205600,6944452.198000,6.226825,985
509496.801500,6944451.904000,6.277705,985
509496.631400,6944451.780000,6.300000,985
509496.397300,6944451.609000,6.323828,985
509495.184900,6944450.726000,6.354170,985
509494.780700,6944450.432000,6.327647,985
509494.435600,6944450.181000,6.300000,985
509494.376600,6944450.138000,6.293837,985
509493.972500,6944449.843000,6.252937,985
509493.568300,6944449.549000,6.211908,985
509493.164200,6944449.254000,6.160023,985
509492.760000,6944448.960000,6.118513,985
509492.355900,6944448.666000,6.074030,985
509491.951700,6944448.371000,6.032320,985
509491.547600,6944448.077000,5.993498,985
509491.143400,6944447.782000,5.953709,985
509490.739300,6944447.488000,5.935579,985
509490.335100,6944447.194000,5.919577,985
509489.931000,6944446.899000,5.904067,985
509489.526800,6944446.605000,5.899327,985
509489.122700,6944446.310000,5.901026,985
509488.718600,6944446.016000,5.902839,985
509488.314400,6944445.722000,5.906003,985
509487.910300,6944445.427000,5.912072,985
509487.506100,6944445.133000,5.918359,985
509487.102000,6944444.838000,5.924880,985
509525.900000,6944473.100000,8.707132,990
509525.495900,6944472.806000,8.692204,990
509525.091700,6944472.511000,8.677197,990
509524.687600,6944472.217000,8.660209,990
509524.283400,6944471.922000,8.645581,990
509523.879300,6944471.628000,8.631961,990
509523.475100,6944471.334000,8.631149,990
509523.071000,6944471.039000,8.623784,990
509522.666800,6944470.745000,8.622780,990
509522.262700,6944470.450000,8.621591,990
509521.858500,6944470.156000,8.620704,990
509521.454400,6944469.862000,8.626545,990
509521.050200,6944469.567000,8.632483,990
509520.646100,6944469.273000,8.638540,990
509520.242000,6944468.979000,8.643214,990
509519.837800,6944468.684000,8.647482,990
509519.433700,6944468.390000,8.651822,990
509519.029500,6944468.095000,8.646405,990
509518.625400,6944467.801000,8.629570,990
509518.221200,6944467.507000,8.610735,990
509517.817100,6944467.212000,8.596734,990
509517.412900,6944466.918000,8.535025,990
509517.008800,6944466.623000,8.482764,990
509516.604600,6944466.329000,8.420846,990
509516.200500,6944466.035000,8.300881,990
509516.197800,6944466.033000,8.300000,990
509515.796300,6944465.740000,8.130765,990
509515.392200,6944465.446000,7.985984,990
509514.988100,6944465.151000,7.824505,990
509514.932800,6944465.111000,7.800000,990
509514.583900,6944464.857000,7.617686,990
509514.179800,6944464.563000,7.432748,990
509513.863200,6944464.332000,7.300000,990
509513.775600,6944464.268000,7.245996,990
509513.371500,6944463.974000,7.184759,990
509512.967300,6944463.679000,7.123481,990
509512.563200,6944463.385000,7.049861,990
509512.159000,6944463.091000,7.212737,990
509511.991900,6944462.969000,7.300000,990
509511.754900,6944462.796000,7.401851,990
509511.350700,6944462.502000,7.549304,990
509510.951100,6944462.211000,7.800000,990
509510.946600,6944462.208000,7.802273,990
509510.542400,6944461.913000,8.021524,990
509510.138300,6944461.619000,8.263555,990
509510.093900,6944461.586000,8.300000,990
509509.734200,6944461.324000,8.459643,990
509509.330000,6944461.030000,8.567094,990
509508.925900,6944460.736000,8.664759,990
509508.598000,6944460.497000,8.800000,990
509508.521700,6944460.441000,8.822542,990
509508.117600,6944460.147000,8.817678,990
509507.713400,6944459.852000,8.808333,990
509507.353200,6944459.590000,8.800000,990
509507.309300,6944459.558000,8.798041,990
509506.905100,6944459.264000,8.697478,990
509506.501000,6944458.969000,8.596765,990
509506.096800,6944458.675000,8.486611,990
509505.692700,6944458.380000,8.401779,990
509505.419200,6944458.181000,8.300000,990
509505.288500,6944458.086000,8.227598,990
509504.884400,6944457.792000,8.077879,990
509504.480300,6944457.497000,7.927404,990
509504.193200,6944457.288000,7.800000,990
509504.076100,6944457.203000,7.726097,990
509503.672000,6944456.909000,7.521094,990
509503.267800,6944456.614000,7.377196,990
509503.097500,6944456.490000,7.300000,990
509502.863700,6944456.320000,7.164076,990
509502.459500,6944456.025000,6.989871,990
509502.057000,6944455.732000,6.800000,990
509502.055400,6944455.731000,6.798711,990
509501.651200,6944455.437000,6.595418,990
509501.247100,6944455.142000,6.439871,990
509500.898100,6944454.888000,6.300000,990
509500.842900,6944454.848000,6.267114,990
509500.438800,6944454.553000,6.116337,990
509500.034600,6944454.259000,6.065398,990
509499.630500,6944453.965000,6.019697,990
509499.226400,6944453.670000,5.960267,990
509498.822200,6944453.376000,5.979987,990
509498.418100,6944453.081000,6.019368,990
509498.013900,6944452.787000,6.050091,990
509497.609800,6944452.493000,6.080700,990
509497.205600,6944452.198000,6.126960,990
509496.801500,6944451.904000,6.165708,990
509496.397300,6944451.609000,6.214190,990
509495.993200,6944451.315000,6.226688,990
509495.589000,6944451.021000,6.230938,990
509495.184900,6944450.726000,6.247037,990
509494.780700,6944450.432000,6.219470,990
509494.376600,6944450.138000,6.181795,990
509493.972500,6944449.843000,6.143502,990
509493.568300,6944449.549000,6.115553,990
509493.164200,6944449.254000,6.065938,990
509492.760000,6944448.960000,6.030450,990
509492.355900,6944448.666000,5.987469,990
509491.951700,6944448.371000,5.945781,990
509491.547600,6944448.077000,5.908004,990
509491.143400,6944447.782000,5.868973,990
509490.739300,6944447.488000,5.852576,990
509490.335100,6944447.194000,5.838494,990
509489.931000,6944446.899000,5.824992,990
509489.526800,6944446.605000,5.822339,990
509489.122700,6944446.310000,5.826159,990
509488.718600,6944446.016000,5.830113,990
509488.314400,6944445.722000,5.835195,990
509487.910300,6944445.427000,5.842661,990
509487.506100,6944445.133000,5.850384,990
509487.102000,6944444.838000,5.858383,990
509525.900000,6944473.100000,8.566659,995
509525.495900,6944472.806000,8.558023,995
509525.091700,6944472.511000,8.549309,995
509524.687600,6944472.217000,8.536953,995
509524.283400,6944471.922000,8.526548,995
509523.879300,6944471.628000,8.517289,995
509523.475100,6944471.334000,8.529122,995
509523.071000,6944471.039000,8.526214,995
509522.666800,6944470.745000,8.527695,995
509522.262700,6944470.450000,8.528979,995
509521.858500,6944470.156000,8.530393,995
509521.454400,6944469.862000,8.536301,995
509521.050200,6944469.567000,8.542247,995
509520.646100,6944469.273000,8.548250,995
509520.242000,6944468.979000,8.552612,995
509519.837800,6944468.684000,8.556476,995
509519.433700,6944468.390000,8.560391,995
509519.029500,6944468.095000,8.556021,995
509518.625400,6944467.801000,8.541891,995
509518.221200,6944467.507000,8.524248,995
509517.817100,6944467.212000,8.516293,995
509517.412900,6944466.918000,8.458067,995
509517.008800,6944466.623000,8.409728,995
509516.604600,6944466.329000,8.348328,995
509516.441800,6944466.210000,8.300000,995
509516.200500,6944466.035000,8.155046,995
509515.796300,6944465.740000,8.036326,995
509515.392200,6944465.446000,7.896350,995
509515.151400,6944465.270000,7.800000,995
509514.988100,6944465.151000,7.677984,995
509514.583900,6944464.857000,7.510980,995
509514.179800,6944464.563000,7.329760,995
509514.108800,6944464.511000,7.300000,995
509513.775600,6944464.268000,7.094569,995
509513.371500,6944463.974000,7.061881,995
509512.967300,6944463.679000,7.006299,995
509512.563200,6944463.385000,6.928587,995
509512.159000,6944463.091000,7.084499,995
509511.754900,6944462.796000,7.290435,995
509511.742900,6944462.788000,7.300000,995
509511.350700,6944462.502000,7.432591,995
509510.946600,6944462.208000,7.640841,995
509510.766500,6944462.076000,7.800000,995
509510.542400,6944461.913000,7.921482,995
509510.138300,6944461.619000,8.116139,995
509509.914400,6944461.456000,8.300000,995
509509.734200,6944461.324000,8.379995,995
509509.330000,6944461.030000,8.483649,995
509508.925900,6944460.736000,8.558174,995
509508.521700,6944460.441000,8.687059,995
509508.117600,6944460.147000,8.679103,995
509507.713400,6944459.852000,8.664575,995
509507.309300,6944459.558000,8.650747,995
509506.905100,6944459.264000,8.587953,995
509506.501000,6944458.969000,8.506925,995
509506.096800,6944458.675000,8.398753,995
509505.692700,6944458.380000,8.323104,995
509505.630600,6944458.335000,8.300000,995
509505.288500,6944458.086000,8.110425,995
509504.884400,6944457.792000,7.989758,995
509504.480300,6944457.497000,7.842536,995
509504.384400,6944457.427000,7.800000,995
509504.076100,6944457.203000,7.605381,995
509503.672000,6944456.909000,7.419339,995
509503.302200,6944456.639000,7.300000,995
509503.267800,6944456.614000,7.271325,995
509502.863700,6944456.320000,7.052937,995
509502.459500,6944456.025000,6.896842,995
509502.254200,6944455.876000,6.800000,995
509502.055400,6944455.731000,6.639529,995
509501.651200,6944455.437000,6.487262,995
509501.247100,6944455.142000,6.336762,995
509501.155400,6944455.075000,6.300000,995
509500.842900,6944454.848000,6.113855,995
509500.438800,6944454.553000,6.008825,995
509500.034600,6944454.259000,5.961801,995
509499.630500,6944453.965000,5.920915,995
509499.226400,6944453.670000,5.861165,995
509498.822200,6944453.376000,5.883334,995
509498.418100,6944453.081000,5.925722,995
509498.013900,6944452.787000,5.956538,995
509497.609800,6944452.493000,5.983338,995
509497.205600,6944452.198000,6.027096,995
509496.801500,6944451.904000,6.053711,995
509496.397300,6944451.609000,6.096020,995
509495.993200,6944451.315000,6.106148,995
509495.589000,6944451.021000,6.089760,995
509495.184900,6944450.726000,6.103553,995
509494.780700,6944450.432000,6.100764,995
509494.376600,6944450.138000,6.069753,995
509493.972500,6944449.843000,6.034067,995
509493.568300,6944449.549000,6.019199,995
509493.164200,6944449.254000,5.971852,995
509492.760000,6944448.960000,5.942388,995
509492.355900,6944448.666000,5.900908,995
509491.951700,6944448.371000,5.859241,995
509491.547600,6944448.077000,5.822511,995
509491.310800,6944447.904000,5.800000,995
509491.143400,6944447.782000,5.751672,995
509490.739300,6944447.488000,5.710891,995
509490.335100,6944447.194000,5.707506,995
509489.931000,6944446.899000,5.685669,995
509489.526800,6944446.605000,5.683012,995
509489.122700,6944446.310000,5.691771,995
509488.718600,6944446.016000,5.701413,995
509488.314400,6944445.722000,5.713803,995
509487.910300,6944445.427000,5.709474,995
509487.506100,6944445.133000,5.736575,995
509487.102000,6944444.838000,5.768594,995
509525.900000,6944473.100000,8.426187,1000
509525.495900,6944472.806000,8.423841,1000
509525.091700,6944472.511000,8.421422,1000
509524.687600,6944472.217000,8.413696,1000
509524.283400,6944471.922000,8.407516,1000
509523.879300,6944471.628000,8.402617,1000
509523.475100,6944471.334000,8.427095,1000
509523.071000,6944471.039000,8.428644,1000
509522.666800,6944470.745000,8.432609,1000
509522.262700,6944470.450000,8.436367,1000
509521.858500,6944470.156000,8.440082,1000
509521.454400,6944469.862000,8.446057,1000
509521.050200,6944469.567000,8.452011,1000
509520.646100,6944469.273000,8.457961,1000
509520.242000,6944468.979000,8.462009,1000
509519.837800,6944468.684000,8.465470,1000
509519.433700,6944468.390000,8.468959,1000
509519.029500,6944468.095000,8.465638,1000
509518.625400,6944467.801000,8.454213,1000
509518.221200,6944467.507000,8.437760,1000
509517.817100,6944467.212000,8.435851,1000
509517.412900,6944466.918000,8.381109,1000
509517.008800,6944466.623000,8.336691,1000
509516.765900,6944466.446000,8.300000,1000
509516.604600,6944466.329000,8.161165,1000
509516.200500,6944466.035000,8.008333,1000
509515.796300,6944465.740000,7.941886,1000
509515.392200,6944465.446000,7.806715,1000
509515.375400,6944465.434000,7.800000,1000
509514.988100,6944465.151000,7.510645,1000
509514.583900,6944464.857000,7.404273,1000
509514.350000,6944464.687000,7.300000,1000
509514.179800,6944464.563000,7.065759,1000
509513.775600,6944464.268000,6.943143,1000
509513.371500,6944463.974000,6.939002,1000
509512.967300,6944463.679000,6.889116,1000
509512.563200,6944463.385000,6.807313,1000
509512.159000,6944463.091000,6.956261,1000
509511.754900,6944462.796000,7.014875,1000
509511.397700,6944462.536000,7.300000,1000
509511.350700,6944462.502000,7.315878,1000
509510.946600,6944462.208000,7.477754,1000
509510.582000,6944461.942000,7.800000,1000
509510.542400,6944461.913000,7.821441,1000
509510.138300,6944461.619000,7.968722,1000
509509.734900,6944461.325000,8.300000,1000
509509.734200,6944461.324000,8.300348,1000
509509.330000,6944461.030000,8.400204,1000
509508.925900,6944460.736000,8.451589,1000
509508.521700,6944460.441000,8.526809,1000
509508.117600,6944460.147000,8.521785,1000
509507.713400,6944459.852000,8.512577,1000
509507.309300,6944459.558000,8.503453,1000
509506.905100,6944459.264000,8.478429,1000
509506.501000,6944458.969000,8.417084,1000
509506.096800,6944458.675000,8.310895,1000
509506.036500,6944458.631000,8.300000,1000
509505.692700,6944458.380000,8.073046,1000
509505.288500,6944458.086000,7.993253,1000
509504.884400,6944457.792000,7.901636,1000
509504.602300,6944457.586000,7.800000,1000
509504.480300,6944457.497000,7.613600,1000
509504.076100,6944457.203000,7.484666,1000
509503.672000,6944456.909000,7.317583,1000
509503.617500,6944456.869000,7.300000,1000
509503.267800,6944456.614000,7.008417,1000
509502.863700,6944456.320000,6.941797,1000
509502.459500,6944456.025000,6.803814,1000
509502.451400,6944456.019000,6.800000,1000
509502.055400,6944455.731000,6.480348,1000
509501.651200,6944455.437000,6.379107,1000
509501.436200,6944455.280000,6.300000,1000
509501.247100,6944455.142000,6.078255,1000
509500.842900,6944454.848000,5.960595,1000
509500.438800,6944454.553000,5.901314,1000
509500.034600,6944454.259000,5.858204,1000
509499.630500,6944453.965000,5.822132,1000
509499.481300,6944453.856000,5.800000,1000
509499.226400,6944453.670000,5.637750,1000
509498.822200,6944453.376000,5.728303,1000
509498.706300,6944453.291000,5.800000,1000
509498.418100,6944453.081000,5.832075,1000
509498.013900,6944452.787000,5.862985,1000
509497.609800,6944452.493000,5.885975,1000
509497.205600,6944452.198000,5.927231,1000
509496.801500,6944451.904000,5.941714,1000
509496.397300,6944451.609000,5.977849,1000
509495.993200,6944451.315000,5.985607,1000
509495.589000,6944451.021000,5.948583,1000
509495.184900,6944450.726000,5.960069,1000
509494.780700,6944450.432000,5.982058,1000
509494.376600,6944450.138000,5.957712,1000
509493.972500,6944449.843000,5.924631,1000
509493.568300,6944449.549000,5.922844,1000
509493.164200,6944449.254000,5.877767,1000
509492.760000,6944448.960000,5.854325,1000
509492.355900,6944448.666000,5.814348,1000
509492.216700,6944448.564000,5.800000,1000
509491.951700,6944448.371000,5.662752,1000
509491.547600,6944448.077000,5.561752,1000
509491.143400,6944447.782000,5.491890,1000
509490.739300,6944447.488000,5.467815,1000
509490.335100,6944447.194000,5.531413,1000
509489.931000,6944446.899000,5.518507,1000
509489.526800,6944446.605000,5.518201,1000
509489.122700,6944446.310000,5.525418,1000
509488.718600,6944446.016000,5.533156,1000
509488.314400,6944445.722000,5.542426,1000
509487.910300,6944445.427000,5.474582,1000
509487.506100,6944445.133000,5.491479,1000
509487.102000,6944444.838000,5.511233,1000
509525.900000,6944473.100000,3.300000,1005
509487.102000,6944444.838000,3.300000,1005
509517.396200,6944466.906000,32.010181,255
509515.796300,6944465.740000,31.642605,260
509502.459500,6944456.025000,31.469197,280
509515.796300,6944465.740000,30.788358,285
509512.967300,6944463.679000,30.719083,290
509514.583900,6944464.857000,30.666027,290
509489.122700,6944446.310000,30.685249,290
509487.910300,6944445.427000,30.569600,290
509490.335100,6944447.194000,26.995185,295
509514.583900,6944464.857000,30.543307,295
509510.089400,6944461.583000,32.284300,305
509491.122800,6944447.767000,26.792351,305
509525.091700,6944472.511000,31.568081,305
509487.910300,6944445.427000,26.187159,310
509487.910300,6944445.427000,26.061280,315
509521.454400,6944469.862000,30.704370,315
509487.910300,6944445.427000,25.935402,320
509521.454400,6944469.862000,30.579771,320
509490.335100,6944447.194000,26.159263,325
509512.967300,6944463.679000,29.764211,325
509521.454400,6944469.862000,30.455172,325
509490.335100,6944447.194000,26.043048,330
509512.967300,6944463.679000,29.664028,330
509498.418100,6944453.081000,27.252435,335
509512.967300,6944463.679000,29.563844,335
509514.583900,6944464.857000,29.660504,335
509515.796300,6944465.740000,29.692454,335
509498.418100,6944453.081000,27.149826,340
509500.034600,6944454.259000,27.277882,340
509523.879300,6944471.628000,30.555716,340
509500.034600,6944454.259000,27.181635,345
509502.459500,6944456.025000,27.224250,345
509515.796300,6944465.740000,29.506170,345
509525.091700,6944472.511000,30.629825,345
509493.164200,6944449.254000,26.008766,350
509494.376600,6944450.138000,26.193846,350
509498.418100,6944453.081000,26.944608,350
509499.630500,6944453.965000,27.064865,350
509500.034600,6944454.259000,27.085388,350
509501.247100,6944455.142000,27.113492,350
509502.459500,6944456.025000,27.129913,350
509503.672000,6944456.909000,27.177650,350
509504.076100,6944457.203000,27.204543,350
509514.583900,6944464.857000,29.381020,350
509515.796300,6944465.740000,29.413028,350
509517.008800,6944466.623000,29.447248,350
509517.412900,6944466.918000,29.463725,350
509518.625400,6944467.801000,29.535536,350
509519.837800,6944468.684000,29.640258,350
509525.091700,6944472.511000,30.517339,350
509525.495900,6944472.806000,30.563726,350
509491.117600,6944447.764000,25.603913,355
509493.164200,6944449.254000,25.907025,355
509494.376600,6944450.138000,26.093948,355
509499.630500,6944453.965000,26.967366,355
509500.034600,6944454.259000,26.989141,355
509501.247100,6944455.142000,27.019184,355
509502.459500,6944456.025000,27.035576,355
509503.672000,6944456.909000,27.082462,355
509504.076100,6944457.203000,27.109066,355
509505.288500,6944458.086000,27.224548,355
509515.796300,6944465.740000,29.319886,355
509517.008800,6944466.623000,29.351615,355
509517.412900,6944466.918000,29.366831,355
509518.625400,6944467.801000,29.434163,355
509519.837800,6944468.684000,29.533711,355
509525.091700,6944472.511000,30.404853,355
509525.495900,6944472.806000,30.452600,355
509494.376600,6944450.138000,25.994049,360
509499.630500,6944453.965000,26.869867,360
509500.034600,6944454.259000,26.892894,360
509501.247100,6944455.142000,26.924876,360
509502.459500,6944456.025000,26.941239,360
509503.672000,6944456.909000,26.987274,360
509504.076100,6944457.203000,27.013588,360
509505.288500,6944458.086000,27.129006,360
509518.625400,6944467.801000,29.332789,360
509519.837800,6944468.684000,29.427163,360
509494.376600,6944450.138000,25.894150,365
509495.993200,6944451.315000,26.190344,365
509501.247100,6944455.142000,26.830568,365
509502.459500,6944456.025000,26.846903,365
509503.672000,6944456.909000,26.892086,365
509504.076100,6944457.203000,26.918111,365
509505.288500,6944458.086000,27.033464,365
509506.501000,6944458.969000,27.194391,365
509495.993200,6944451.315000,26.090788,370
509505.288500,6944458.086000,26.937922,370
509506.501000,6944458.969000,27.099817,370
509495.993200,6944451.315000,25.991233,375
509506.501000,6944458.969000,27.005243,375
509495.993200,6944451.315000,25.891677,380
509506.501000,6944458.969000,26.910669,380
509507.713400,6944459.852000,27.131926,380
509507.713400,6944459.852000,27.038434,385
509525.495900,6944472.806000,29.733069,385
509507.713400,6944459.852000,26.944941,390
509525.495900,6944472.806000,29.587274,390
509499.630500,6944453.965000,26.208528,395
509500.034600,6944454.259000,26.237331,395
509501.247100,6944455.142000,26.278333,395
509502.459500,6944456.025000,26.292957,395
509525.495900,6944472.806000,29.441479,395
509499.630500,6944453.965000,26.117163,400
509500.034600,6944454.259000,26.146825,400
509501.247100,6944455.142000,26.189047,400
509502.459500,6944456.025000,26.203381,400
509503.672000,6944456.909000,26.240142,400
509504.076100,6944457.203000,26.262770,400
509491.111300,6944447.759000,24.527711,405
509499.630500,6944453.965000,26.025798,405
509500.034600,6944454.259000,26.056320,405
509501.247100,6944455.142000,26.099761,405
509502.459500,6944456.025000,26.113805,405
509503.672000,6944456.909000,26.149588,405
509504.076100,6944457.203000,26.171870,405
509487.506100,6944445.133000,23.752641,410
509499.630500,6944453.965000,25.934432,410
509500.034600,6944454.259000,25.965814,410
509501.247100,6944455.142000,26.010475,410
509502.459500,6944456.025000,26.024229,410
509503.672000,6944456.909000,26.059034,410
509504.076100,6944457.203000,26.080970,410
509505.288500,6944458.086000,26.188316,410
509514.583900,6944464.857000,28.249158,410
509515.796300,6944465.740000,28.267719,410
509517.008800,6944466.623000,28.269396,410
509517.412900,6944466.918000,28.271899,410
509487.506100,6944445.133000,23.632083,415
509487.910300,6944445.427000,23.673269,415
509499.630500,6944453.965000,25.843067,415
509500.034600,6944454.259000,25.875308,415
509501.247100,6944455.142000,25.921190,415
509502.459500,6944456.025000,25.934653,415
509503.672000,6944456.909000,25.968480,415
509504.076100,6944457.203000,25.990069,415
509505.288500,6944458.086000,26.096741,415
509514.583900,6944464.857000,28.153569,415
509515.796300,6944465.740000,28.169667,415
509517.008800,6944466.623000,28.168210,415
509517.412900,6944466.918000,28.169581,415
509518.625400,6944467.801000,28.190412,415
509487.506100,6944445.133000,23.511525,420
509487.910300,6944445.427000,23.552098,420
509501.247100,6944455.142000,25.831904,420
509502.459500,6944456.025000,25.845077,420
509503.672000,6944456.909000,25.877927,420
509504.076100,6944457.203000,25.899169,420
509505.288500,6944458.086000,26.005165,420
509514.583900,6944464.857000,28.057980,420
509515.796300,6944465.740000,28.071615,420
509517.008800,6944466.623000,28.067024,420
509517.412900,6944466.918000,28.067263,420
509518.625400,6944467.801000,28.084484,420
509521.050200,6944469.567000,28.184714,420
509521.454400,6944469.862000,28.208731,420
509487.506100,6944445.133000,23.390967,425
509487.910300,6944445.427000,23.430927,425
509505.288500,6944458.086000,25.913590,425
509514.583900,6944464.857000,27.962391,425
509515.796300,6944465.740000,27.973563,425
509517.008800,6944466.623000,27.965838,425
509517.412900,6944466.918000,27.964945,425
509518.625400,6944467.801000,27.978557,425
509521.050200,6944469.567000,28.067279,425
509521.454400,6944469.862000,28.087981,425
509522.666800,6944470.745000,28.165097,425
509514.583900,6944464.857000,27.866802,430
509515.796300,6944465.740000,27.875511,430
509517.008800,6944466.623000,27.864652,430
509517.412900,6944466.918000,27.862628,430
509518.625400,6944467.801000,27.872629,430
509521.050200,6944469.567000,27.949844,430
509521.454400,6944469.862000,27.967231,430
509522.666800,6944470.745000,28.027411,430
509523.879300,6944471.628000,28.107661,430
509521.050200,6944469.567000,27.832408,435
509521.454400,6944469.862000,27.846480,435
509522.666800,6944470.745000,27.889724,435
509523.879300,6944471.628000,27.941061,435
509511.754900,6944462.796000,27.112910,445
509487.506100,6944445.133000,22.752770,450
509511.754900,6944462.796000,27.007157,450
509487.506100,6944445.133000,22.617024,455
509487.910300,6944445.427000,22.657490,455
509491.098600,6944447.750000,23.382160,455
509512.967300,6944463.679000,27.179306,455
509513.371500,6944463.974000,27.235991,455
509517.008800,6944466.623000,27.282508,455
509517.412900,6944466.918000,27.276527,455
509518.625400,6944467.801000,27.279596,455
509523.879300,6944471.628000,27.235973,455
509487.506100,6944445.133000,22.481278,460
509487.910300,6944445.427000,22.520922,460
509512.967300,6944463.679000,27.066543,460
509513.371500,6944463.974000,27.121068,460
509514.583900,6944464.857000,27.195883,460
509515.796300,6944465.740000,27.185733,460
509517.008800,6944466.623000,27.156509,460
509517.412900,6944466.918000,27.150270,460
509518.625400,6944467.801000,27.153187,460
509519.837800,6944468.684000,27.177085,460
509521.050200,6944469.567000,27.197123,460
509521.454400,6944469.862000,27.198560,460
509522.666800,6944470.745000,27.160278,460
509523.879300,6944471.628000,27.053070,460
509487.506100,6944445.133000,22.345533,465
509487.910300,6944445.427000,22.384354,465
509512.967300,6944463.679000,26.953781,465
509513.371500,6944463.974000,27.006145,465
509514.583900,6944464.857000,27.075536,465
509515.796300,6944465.740000,27.061674,465
509517.008800,6944466.623000,27.030510,465
509517.412900,6944466.918000,27.024013,465
509518.625400,6944467.801000,27.026778,465
509519.837800,6944468.684000,27.050193,465
509521.050200,6944469.567000,27.066453,465
509521.454400,6944469.862000,27.065389,465
509522.666800,6944470.745000,27.010550,465
509523.879300,6944471.628000,26.870168,465
509494.376600,6944450.138000,23.708265,470
509513.371500,6944463.974000,26.891222,470
509514.583900,6944464.857000,26.955189,470
509515.796300,6944465.740000,26.937615,470
509517.008800,6944466.623000,26.904511,470
509517.412900,6944466.918000,26.897756,470
509518.625400,6944467.801000,26.900370,470
509519.837800,6944468.684000,26.923302,470
509521.050200,6944469.567000,26.935784,470
509521.454400,6944469.862000,26.932218,470
509522.666800,6944470.745000,26.860823,470
509494.376600,6944450.138000,23.592144,475
509501.247100,6944455.142000,24.763594,475
509502.459500,6944456.025000,24.781573,475
509514.583900,6944464.857000,26.834843,475
509494.376600,6944450.138000,23.476022,480
509495.589000,6944451.021000,23.657352,480
509501.247100,6944455.142000,24.659528,480
509502.459500,6944456.025000,24.678279,480
509494.376600,6944450.138000,23.359901,485
509495.589000,6944451.021000,23.534586,485
509495.993200,6944451.315000,23.603642,485
509501.247100,6944455.142000,24.555462,485
509502.459500,6944456.025000,24.574985,485
509495.589000,6944451.021000,23.411821,490
509495.993200,6944451.315000,23.478062,490
509501.247100,6944455.142000,24.451396,490
509502.459500,6944456.025000,24.471691,490
509501.247100,6944455.142000,24.347330,495
509502.459500,6944456.025000,24.368397,495
509513.371500,6944463.974000,26.237945,495
509514.583900,6944464.857000,26.280708,495
509515.796300,6944465.740000,26.232018,495
509517.008800,6944466.623000,26.182412,495
509517.412900,6944466.918000,26.176596,495
509518.625400,6944467.801000,26.195055,495
509519.837800,6944468.684000,26.237171,495
509521.050200,6944469.567000,26.247138,495
509521.454400,6944469.862000,26.234525,495
509513.371500,6944463.974000,26.077016,500
509514.583900,6944464.857000,26.107821,500
509515.796300,6944465.740000,26.055399,500
509517.008800,6944466.623000,26.008938,500
509517.412900,6944466.918000,26.005389,500
509518.625400,6944467.801000,26.032024,500
509519.837800,6944468.684000,26.082196,500
509521.050200,6944469.567000,26.096668,500
509521.454400,6944469.862000,26.084302,500
509491.082400,6944447.738000,22.044799,505
509493.164200,6944449.254000,22.649549,505
509513.371500,6944463.974000,25.916087,505
509514.583900,6944464.857000,25.934935,505
509515.796300,6944465.740000,25.878780,505
509517.008800,6944466.623000,25.835465,505
509517.412900,6944466.918000,25.834182,505
509518.625400,6944467.801000,25.868993,505
509519.837800,6944468.684000,25.927222,505
509521.050200,6944469.567000,25.946199,505
509521.454400,6944469.862000,25.934079,505
509493.164200,6944449.254000,22.513854,510
509494.376600,6944450.138000,22.721391,510
509494.376600,6944450.138000,22.582178,515
509494.376600,6944450.138000,22.442964,520
509495.589000,6944451.021000,22.594868,520
509495.993200,6944451.315000,22.651884,520
509501.247100,6944455.142000,23.700110,520
509502.459500,6944456.025000,23.743838,520
509495.589000,6944451.021000,22.446787,525
509495.993200,6944451.315000,22.499497,525
509501.247100,6944455.142000,23.562504,525
509502.459500,6944456.025000,23.610239,525
509503.672000,6944456.909000,23.667877,525
509504.076100,6944457.203000,23.698945,525
509501.247100,6944455.142000,23.424898,530
509502.459500,6944456.025000,23.476641,530
509503.672000,6944456.909000,23.537840,530
509504.076100,6944457.203000,23.569841,530
509505.288500,6944458.086000,23.716892,530
509521.050200,6944469.567000,25.158805,530
509521.454400,6944469.862000,25.151133,530
509502.459500,6944456.025000,23.343042,535
509503.672000,6944456.909000,23.407802,535
509504.076100,6944457.203000,23.440736,535
509505.288500,6944458.086000,23.589463,535
509521.050200,6944469.567000,24.977678,535
509521.454400,6944469.862000,24.974712,535
509505.288500,6944458.086000,23.462033,540
509521.050200,6944469.567000,24.796551,540
509521.050200,6944469.567000,24.615425,545
509521.454400,6944469.862000,24.621869,545
509507.713400,6944459.852000,23.621711,550
509515.796300,6944465.740000,23.558696,550
509521.050200,6944469.567000,24.434298,550
509521.454400,6944469.862000,24.445447,550
509525.495900,6944472.806000,23.650565,550
509491.059800,6944447.721000,20.387649,555
509501.247100,6944455.142000,22.604071,555
509502.459500,6944456.025000,22.715702,555
509507.713400,6944459.852000,23.489499,555
509508.925900,6944460.736000,23.681357,555
509509.330000,6944461.030000,23.736574,555
509525.495900,6944472.806000,23.503365,555
509501.247100,6944455.142000,22.411946,560
509502.459500,6944456.025000,22.534980,560
509504.076100,6944457.203000,22.713084,560
509508.925900,6944460.736000,23.537177,560
509509.330000,6944461.030000,23.585732,560
509510.542400,6944461.913000,23.680929,560
509502.459500,6944456.025000,22.354258,565
509504.076100,6944457.203000,22.545862,565
509508.925900,6944460.736000,23.392998,565
509509.330000,6944461.030000,23.434890,565
509510.542400,6944461.913000,23.498784,565
509504.076100,6944457.203000,22.378640,570
509505.288500,6944458.086000,22.595298,570
509510.542400,6944461.913000,23.316639,570
509522.666800,6944470.745000,23.573789,570
509505.288500,6944458.086000,22.433224,575
509522.666800,6944470.745000,23.381523,575
509508.925900,6944460.736000,22.753691,585
509509.330000,6944461.030000,22.773644,585
509525.091700,6944472.511000,22.658615,585
509525.495900,6944472.806000,22.612567,585
509494.376600,6944450.138000,20.083766,590
509495.589000,6944451.021000,20.124037,590
509495.993200,6944451.315000,20.110606,590
509508.925900,6944460.736000,22.574093,590
509509.330000,6944461.030000,22.586366,590
509522.666800,6944470.745000,22.725084,590
509525.091700,6944472.511000,22.500992,590
509525.495900,6944472.806000,22.461810,590
509494.376600,6944450.138000,19.882047,595
509495.589000,6944451.021000,19.908785,595
509495.993200,6944451.315000,19.887602,595
509508.925900,6944460.736000,22.394494,595
509509.330000,6944461.030000,22.399088,595
509522.666800,6944470.745000,22.472684,595
509525.091700,6944472.511000,22.343369,595
509491.009400,6944447.685000,18.209950,605
509498.418100,6944453.081000,19.081881,605
509519.837800,6944468.684000,15.575654,605
509494.376600,6944450.138000,19.205450,610
509495.589000,6944451.021000,19.182369,610
509495.993200,6944451.315000,19.125151,610
509494.376600,6944450.138000,18.961587,615
509495.589000,6944451.021000,18.918810,615
509508.925900,6944460.736000,21.610094,615
509523.879300,6944471.628000,21.595952,615
509525.091700,6944472.511000,21.676881,615
509525.495900,6944472.806000,21.676858,615
509508.925900,6944460.736000,21.381755,620
509522.313000,6944470.487000,16.800000,620
509525.091700,6944472.511000,21.491120,620
509525.495900,6944472.806000,21.503290,620
509519.837800,6944468.684000,14.617970,625
509522.509400,6944470.630000,16.800000,625
509525.495900,6944472.806000,21.329723,625
509519.837800,6944468.684000,14.449008,630
509517.008800,6944466.623000,14.708722,635
509515.796300,6944465.740000,14.683235,640
509517.008800,6944466.623000,14.534158,640
509515.796300,6944465.740000,14.492600,645
509517.008800,6944466.623000,14.359593,645
509490.959500,6944447.648000,14.905982,655
509507.713400,6944459.852000,19.138774,660
509494.376600,6944450.138000,15.622386,665
509511.754900,6944462.796000,15.013217,665
509507.713400,6944459.852000,17.908782,675
509501.707000,6944455.477000,13.300000,680
509501.996000,6944455.688000,13.300000,685
509491.077800,6944447.735000,11.970842,705
509503.045800,6944456.452000,13.300000,705
509494.376600,6944450.138000,12.144860,715
509523.185200,6944471.122000,13.300000,715
509494.376600,6944450.138000,11.923857,720
509498.418100,6944453.081000,11.133336,720
509499.630500,6944453.965000,11.124465,720
509500.034600,6944454.259000,11.188492,720
509523.345300,6944471.239000,13.300000,720
509498.418100,6944453.081000,11.005870,725
509499.630500,6944453.965000,11.002540,725
509500.034600,6944454.259000,11.068156,725
509513.371500,6944463.974000,12.236418,725
509514.583900,6944464.857000,12.262904,725
509498.418100,6944453.081000,10.878405,730
509499.630500,6944453.965000,10.880614,730
509500.034600,6944454.259000,10.947821,730
509512.967300,6944463.679000,12.151167,730
509513.371500,6944463.974000,12.121047,730
509514.583900,6944464.857000,12.157858,730
509519.837800,6944468.684000,12.278347,730
509491.951700,6944448.371000,11.107520,735
509512.967300,6944463.679000,12.033086,735
509513.371500,6944463.974000,12.005676,735
509514.583900,6944464.857000,12.052812,735
509515.796300,6944465.740000,12.179616,735
509517.008800,6944466.623000,12.261611,735
509517.412900,6944466.918000,12.269597,735
509518.625400,6944467.801000,12.246939,735
509519.837800,6944468.684000,12.200589,735
509521.050200,6944469.567000,12.225067,735
509491.951700,6944448.371000,10.950051,740
509493.164200,6944449.254000,11.145559,740
509494.376600,6944450.138000,11.207537,740
509495.589000,6944451.021000,11.118385,740
509512.967300,6944463.679000,11.915005,740
509513.371500,6944463.974000,11.890305,740
509514.583900,6944464.857000,11.947765,740
509515.796300,6944465.740000,12.085140,740
509517.008800,6944466.623000,12.175083,740
509517.412900,6944466.918000,12.185009,740
509518.625400,6944467.801000,12.166720,740
509519.837800,6944468.684000,12.122831,740
509521.050200,6944469.567000,12.147399,740
509521.454400,6944469.862000,12.186249,740
509493.164200,6944449.254000,10.989941,745
509494.376600,6944450.138000,11.056421,745
509495.589000,6944451.021000,10.974058,745
509515.796300,6944465.740000,11.990665,745
509517.008800,6944466.623000,12.088554,745
509517.412900,6944466.918000,12.100422,745
509518.625400,6944467.801000,12.086500,745
509519.837800,6944468.684000,12.045073,745
509521.050200,6944469.567000,12.069731,745
509521.454400,6944469.862000,12.107940,745
509494.376600,6944450.138000,10.905306,750
509515.796300,6944465.740000,11.896189,750
509517.008800,6944466.623000,12.002026,750
509517.412900,6944466.918000,12.015834,750
509518.625400,6944467.801000,12.006281,750
509519.837800,6944468.684000,11.967316,750
509521.050200,6944469.567000,11.992063,750
509521.454400,6944469.862000,12.029631,750
509491.109600,6944447.758000,10.325278,755
509517.008800,6944466.623000,11.915497,755
509517.412900,6944466.918000,11.931246,755
509518.625400,6944467.801000,11.926062,755
509519.837800,6944468.684000,11.889558,755
509521.050200,6944469.567000,11.914395,755
509521.454400,6944469.862000,11.951322,755
509524.387900,6944471.999000,13.300000,755
509517.008800,6944466.623000,11.828968,760
509517.412900,6944466.918000,11.846659,760
509518.625400,6944467.801000,11.845843,760
509519.837800,6944468.684000,11.811800,760
509521.050200,6944469.567000,11.836727,760
509521.454400,6944469.862000,11.873014,760
509524.552600,6944472.119000,13.300000,760
509512.967300,6944463.679000,11.279720,770
509513.371500,6944463.974000,11.271716,770
509494.376600,6944450.138000,10.220405,775
509512.967300,6944463.679000,11.185463,775
509513.371500,6944463.974000,11.179233,775
509494.376600,6944450.138000,10.108802,780
509512.967300,6944463.679000,11.091207,780
509513.371500,6944463.974000,11.086751,780
509514.583900,6944464.857000,11.195002,780
509494.376600,6944450.138000,9.997200,785
509512.967300,6944463.679000,10.996951,785
509513.371500,6944463.974000,10.994268,785
509514.583900,6944464.857000,11.109711,785
509494.376600,6944450.138000,9.885597,790
509512.967300,6944463.679000,10.902695,790
509513.371500,6944463.974000,10.901786,790
509514.583900,6944464.857000,11.024419,790
509515.796300,6944465.740000,11.217324,790
509507.713400,6944459.852000,12.191369,795
509512.967300,6944463.679000,10.808439,795
509513.371500,6944463.974000,10.809303,795
509514.583900,6944464.857000,10.939128,795
509515.796300,6944465.740000,11.139657,795
509487.506100,6944445.133000,8.692362,800
509487.910300,6944445.427000,8.737738,800
509507.713400,6944459.852000,12.081232,800
509515.796300,6944465.740000,11.061990,800
509517.008800,6944466.623000,11.210109,800
509517.412900,6944466.918000,11.236667,800
509518.625400,6944467.801000,11.262590,800
509519.837800,6944468.684000,11.249016,800
509521.050200,6944469.567000,11.269824,800
509487.506100,6944445.133000,8.605147,805
509487.910300,6944445.427000,8.649743,805
509491.118000,6944447.764000,9.175862,805
509507.713400,6944459.852000,11.971095,805
509515.796300,6944465.740000,10.984322,805
509517.008800,6944466.623000,11.138203,805
509517.412900,6944466.918000,11.166153,805
509518.625400,6944467.801000,11.195203,805
509519.837800,6944468.684000,11.183385,805
509521.050200,6944469.567000,11.204063,805
509521.454400,6944469.862000,11.229554,805
509487.506100,6944445.133000,8.517933,810
509487.910300,6944445.427000,8.561749,810
509507.713400,6944459.852000,11.860959,810
509515.796300,6944465.740000,10.906655,810
509517.008800,6944466.623000,11.066296,810
509517.412900,6944466.918000,11.095638,810
509518.625400,6944467.801000,11.127817,810
509519.837800,6944468.684000,11.117754,810
509521.050200,6944469.567000,11.138302,810
509521.454400,6944469.862000,11.163183,810
509487.506100,6944445.133000,8.430718,815
509487.910300,6944445.427000,8.473754,815
509517.008800,6944466.623000,10.994390,815
509517.412900,6944466.918000,11.025123,815
509518.625400,6944467.801000,11.060431,815
509519.837800,6944468.684000,11.052123,815
509521.050200,6944469.567000,11.072541,815
509521.454400,6944469.862000,11.096813,815
509487.506100,6944445.133000,8.343504,820
509487.910300,6944445.427000,8.385759,820
509517.008800,6944466.623000,10.922483,820
509517.412900,6944466.918000,10.954608,820
509518.625400,6944467.801000,10.993044,820
509519.837800,6944468.684000,10.986492,820
509521.050200,6944469.567000,11.006780,820
509521.454400,6944469.862000,11.030442,820
509512.967300,6944463.679000,10.260734,825
509513.371500,6944463.974000,10.270632,825
509517.008800,6944466.623000,10.850577,825
509517.412900,6944466.918000,10.884093,825
509518.625400,6944467.801000,10.925658,825
509519.837800,6944468.684000,10.920860,825
509521.050200,6944469.567000,10.941020,825
509521.454400,6944469.862000,10.964072,825
509512.967300,6944463.679000,10.175940,830
509513.371500,6944463.974000,10.187178,830
509518.625400,6944467.801000,10.858272,830
509519.837800,6944468.684000,10.855229,830
509521.050200,6944469.567000,10.875259,830
509521.454400,6944469.862000,10.897701,830
509491.547600,6944448.077000,8.665517,835
509498.418100,6944453.081000,8.786983,835
509512.967300,6944463.679000,10.091145,835
509513.371500,6944463.974000,10.103724,835
509521.454400,6944469.862000,10.831331,835
509491.547600,6944448.077000,8.571071,840
509498.418100,6944453.081000,8.702437,840
509506.501000,6944458.969000,11.147998,840
509507.713400,6944459.852000,11.278656,840
509512.967300,6944463.679000,10.006351,840
509513.371500,6944463.974000,10.020270,840
509491.547600,6944448.077000,8.476624,845
509493.164200,6944449.254000,8.679957,845
509494.376600,6944450.138000,8.772830,845
509495.993200,6944451.315000,8.773462,845
509497.205600,6944452.198000,8.689238,845
509498.418100,6944453.081000,8.617890,845
509506.501000,6944458.969000,11.057466,845
509507.713400,6944459.852000,11.191904,845
509512.967300,6944463.679000,9.921556,845
509513.371500,6944463.974000,9.936817,845
509491.547600,6944448.077000,8.382177,850
509493.164200,6944449.254000,8.586920,850
509494.376600,6944450.138000,8.682154,850
509495.589000,6944451.021000,8.700815,850
509495.993200,6944451.315000,8.686017,850
509497.205600,6944452.198000,8.603524,850
509498.418100,6944453.081000,8.533344,850
509506.501000,6944458.969000,10.966934,850
509507.713400,6944459.852000,11.105152,850
509512.967300,6944463.679000,9.836762,850
509513.371500,6944463.974000,9.853363,850
509491.121900,6944447.767000,8.232765,855
509493.164200,6944449.254000,8.493882,855
509494.376600,6944450.138000,8.591479,855
509495.589000,6944451.021000,8.612637,855
509495.993200,6944451.315000,8.598571,855
509497.205600,6944452.198000,8.517809,855
509498.418100,6944453.081000,8.448798,855
509507.713400,6944459.852000,11.018401,855
509487.506100,6944445.133000,7.726968,860
509487.910300,6944445.427000,7.754769,860
509493.164200,6944449.254000,8.400845,860
509494.376600,6944450.138000,8.500804,860
509495.589000,6944451.021000,8.524459,860
509495.993200,6944451.315000,8.511126,860
509497.205600,6944452.198000,8.432094,860
509498.418100,6944453.081000,8.364252,860
509507.713400,6944459.852000,10.931649,860
509487.506100,6944445.133000,7.654600,865
509487.910300,6944445.427000,7.681324,865
509494.376600,6944450.138000,8.410129,865
509495.589000,6944451.021000,8.436280,865
509495.993200,6944451.315000,8.423681,865
509497.205600,6944452.198000,8.346379,865
509507.713400,6944459.852000,10.844897,865
509487.506100,6944445.133000,7.582233,870
509487.910300,6944445.427000,7.607880,870
509489.122700,6944446.310000,7.717068,870
509495.589000,6944451.021000,8.348102,870
509495.993200,6944451.315000,8.336236,870
509487.506100,6944445.133000,7.509865,875
509487.910300,6944445.427000,7.534436,875
509489.122700,6944446.310000,7.639628,875
509518.625400,6944467.801000,10.259632,875
509519.837800,6944468.684000,10.269524,875
509487.506100,6944445.133000,7.437497,880
509487.910300,6944445.427000,7.460991,880
509489.122700,6944446.310000,7.562188,880
509490.335100,6944447.194000,7.699085,880
509518.625400,6944467.801000,10.195342,880
509519.837800,6944468.684000,10.206004,880
509521.050200,6944469.567000,10.221982,880
509521.454400,6944469.862000,10.237388,880
509487.506100,6944445.133000,7.365130,885
509487.910300,6944445.427000,7.387547,885
509489.122700,6944446.310000,7.484748,885
509490.335100,6944447.194000,7.617630,885
509518.625400,6944467.801000,10.131053,885
509519.837800,6944468.684000,10.142483,885
509521.050200,6944469.567000,10.157581,885
509521.454400,6944469.862000,10.172178,885
509489.122700,6944446.310000,7.407308,890
509490.335100,6944447.194000,7.536175,890
509491.547600,6944448.077000,7.682303,890
509491.951700,6944448.371000,7.732189,890
509518.625400,6944467.801000,10.066763,890
509519.837800,6944468.684000,10.078963,890
509521.050200,6944469.567000,10.093179,890
509521.454400,6944469.862000,10.106969,890
509490.335100,6944447.194000,7.454719,895
509491.547600,6944448.077000,7.598426,895
509491.951700,6944448.371000,7.648058,895
509498.418100,6944453.081000,7.781033,895
509518.625400,6944467.801000,10.002474,895
509519.837800,6944468.684000,10.015442,895
509521.050200,6944469.567000,10.028778,895
509521.454400,6944469.862000,10.041759,895
509490.335100,6944447.194000,7.373264,900
509491.547600,6944448.077000,7.514549,900
509491.951700,6944448.371000,7.563926,900
509493.164200,6944449.254000,7.703159,900
509497.205600,6944452.198000,7.764752,900
509498.418100,6944453.081000,7.698638,900
509507.713400,6944459.852000,10.259504,900
509518.625400,6944467.801000,9.938184,900
509519.837800,6944468.684000,9.951922,900
509521.050200,6944469.567000,9.964376,900
509521.454400,6944469.862000,9.976550,900
509491.125000,6944447.769000,7.379494,905
509491.547600,6944448.077000,7.430671,905
509491.951700,6944448.371000,7.479795,905
509493.164200,6944449.254000,7.619419,905
509494.376600,6944450.138000,7.724805,905
509495.589000,6944451.021000,7.761410,905
509495.993200,6944451.315000,7.752907,905
509497.205600,6944452.198000,7.683423,905
509498.418100,6944453.081000,7.616243,905
509499.630500,6944453.965000,7.666561,905
509500.034600,6944454.259000,7.726754,905
509507.713400,6944459.852000,10.183145,905
509518.625400,6944467.801000,9.873894,905
509519.837800,6944468.684000,9.888401,905
509521.050200,6944469.567000,9.899975,905
509521.454400,6944469.862000,9.911340,905
509491.951700,6944448.371000,7.395664,910
509493.164200,6944449.254000,7.535678,910
509494.376600,6944450.138000,7.642433,910
509495.589000,6944451.021000,7.680188,910
509495.993200,6944451.315000,7.671854,910
509497.205600,6944452.198000,7.602094,910
509498.418100,6944453.081000,7.533848,910
509499.630500,6944453.965000,7.582867,910
509500.034600,6944454.259000,7.642652,910
509507.713400,6944459.852000,10.106786,910
509519.837800,6944468.684000,9.824881,910
509521.050200,6944469.567000,9.835574,910
509521.454400,6944469.862000,9.846131,910
509493.164200,6944449.254000,7.451938,915
509494.376600,6944450.138000,7.560061,915
509495.589000,6944451.021000,7.598966,915
509495.993200,6944451.315000,7.590800,915
509497.205600,6944452.198000,7.520765,915
509498.418100,6944453.081000,7.451453,915
509499.630500,6944453.965000,7.499173,915
509500.034600,6944454.259000,7.558550,915
509507.713400,6944459.852000,10.030427,915
509512.967300,6944463.679000,8.717008,915
509513.371500,6944463.974000,8.750850,915
509493.164200,6944449.254000,7.368198,920
509494.376600,6944450.138000,7.477689,920
509495.589000,6944451.021000,7.517744,920
509495.993200,6944451.315000,7.509746,920
509497.205600,6944452.198000,7.439435,920
509498.418100,6944453.081000,7.369058,920
509499.630500,6944453.965000,7.415480,920
509500.034600,6944454.259000,7.474449,920
509507.713400,6944459.852000,9.954068,920
509512.967300,6944463.679000,8.629428,920
509513.371500,6944463.974000,8.664437,920
509494.376600,6944450.138000,7.395317,925
509495.589000,6944451.021000,7.436522,925
509495.993200,6944451.315000,7.428692,925
509497.205600,6944452.198000,7.358106,925
509500.034600,6944454.259000,7.390347,925
509507.713400,6944459.852000,9.877709,925
509512.967300,6944463.679000,8.541849,925
509513.371500,6944463.974000,8.578023,925
509487.506100,6944445.133000,6.731170,930
509487.910300,6944445.427000,6.741798,930
509495.589000,6944451.021000,7.355300,930
509495.993200,6944451.315000,7.347638,930
509512.967300,6944463.679000,8.454270,930
509513.371500,6944463.974000,8.491610,930
509487.506100,6944445.133000,6.663648,935
509487.910300,6944445.427000,6.672887,935
509489.122700,6944446.310000,6.721493,935
509512.967300,6944463.679000,8.366691,935
509513.371500,6944463.974000,8.405196,935
509487.506100,6944445.133000,6.596125,940
509487.910300,6944445.427000,6.603976,940
509489.122700,6944446.310000,6.647168,940
509490.335100,6944447.194000,6.726148,940
509487.506100,6944445.133000,6.528602,945
509487.910300,6944445.427000,6.535066,945
509489.122700,6944446.310000,6.572843,945
509490.335100,6944447.194000,6.645867,945
509487.506100,6944445.133000,6.461079,950
509487.910300,6944445.427000,6.466155,950
509489.122700,6944446.310000,6.498517,950
509490.335100,6944447.194000,6.565587,950
509491.951700,6944448.371000,6.719455,950
509487.506100,6944445.133000,6.393557,955
509487.910300,6944445.427000,6.397245,955
509489.122700,6944446.310000,6.424192,955
509490.335100,6944447.194000,6.485307,955
509491.951700,6944448.371000,6.633972,955
509494.359200,6944450.125000,6.894034,955
509498.418100,6944453.081000,6.767767,955
509487.506100,6944445.133000,6.326034,960
509487.910300,6944445.427000,6.328334,960
509489.122700,6944446.310000,6.349867,960
509490.335100,6944447.194000,6.405027,960
509491.951700,6944448.371000,6.548488,960
509493.164200,6944449.254000,6.690083,960
509498.418100,6944453.081000,6.674276,960
509491.951700,6944448.371000,6.463005,965
509493.164200,6944449.254000,6.603633,965
509494.376600,6944450.138000,6.725988,965
509495.589000,6944451.021000,6.775290,965
509495.993200,6944451.315000,6.767089,965
509497.205600,6944452.198000,6.680853,965
509498.418100,6944453.081000,6.580784,965
509500.034600,6944454.259000,6.672381,965
509491.951700,6944448.371000,6.377521,970
509493.164200,6944449.254000,6.517183,970
509494.376600,6944450.138000,6.639842,970
509495.589000,6944451.021000,6.689043,970
509495.993200,6944451.315000,6.680460,970
509497.205600,6944452.198000,6.591603,970
509498.418100,6944453.081000,6.487292,970
509500.034600,6944454.259000,6.572693,970
509512.967300,6944463.679000,7.673308,970
509513.371500,6944463.974000,7.729316,970
509493.164200,6944449.254000,6.430733,975
509494.376600,6944450.138000,6.553697,975
509495.589000,6944451.021000,6.602796,975
509495.993200,6944451.315000,6.593830,975
509497.205600,6944452.198000,6.502353,975
509498.418100,6944453.081000,6.393800,975
509500.034600,6944454.259000,6.473004,975
509512.967300,6944463.679000,7.566455,975
509513.371500,6944463.974000,7.623630,975
509494.376600,6944450.138000,6.467552,980
509495.589000,6944451.021000,6.516550,980
509495.993200,6944451.315000,6.507201,980
509497.205600,6944452.198000,6.413102,980
509500.034600,6944454.259000,6.373315,980
509512.967300,6944463.679000,7.459601,980
509513.371500,6944463.974000,7.517943,980
509494.376600,6944450.138000,6.381407,985
509495.589000,6944451.021000,6.430303,985
509495.993200,6944451.315000,6.420571,985
509513.371500,6944463.974000,7.412256,985
509495.589000,6944451.021000,6.344056,990
509495.993200,6944451.315000,6.333942,990
509507.997200,6944460.059000,8.519042,1005
