Easting,Northing,Elevation,Chainage,Velocity
511708.11,6940718.63,6.360674685,1.95,185
511708.45,6940718.56,6.457241379,2.29,185
511708.11,6940718.63,6.488769728,1.95,185
511706.2,6940719,6.579481076,0,185
511706.2,6940719,6.184015366,0,185
511710.83,6940718.1,5.676551724,4.71,190
511710.38,6940718.19,6.457241379,4.26,190
511710.03,6940718.26,6.51715546,3.9,190
511708.11,6940718.63,6.704215598,1.95,190
511706.2,6940719,6.808634678,0,190
511706.2,6940719,6.579481076,0,190
511708.11,6940718.63,6.488769728,1.95,190
511708.45,6940718.56,6.457241379,2.29,190
511708.11,6940718.63,6.360674685,1.95,190
511706.2,6940719,6.184015366,0,190
511706.2,6940719,5.675312555,0,190
511706.58,6940718.93,5.676551724,0.39,190
511708.11,6940718.63,5.700795679,1.95,190
511708.52,6940718.55,5.676551724,2.36,190
511710.03,6940718.26,5.65422467,3.9,190
511712.62,6940717.75,5.676551724,6.54,195
511711.94,6940717.88,6.199669891,5.85,195
511711.5,6940717.97,6.457241379,5.4,195
511710.03,6940718.26,6.706925131,3.9,195
511708.11,6940718.63,6.919661468,1.95,195
511706.2,6940719,7.037788279,0,195
511706.2,6940719,6.808634678,0,195
511708.11,6940718.63,6.704215598,1.95,195
511710.03,6940718.26,6.51715546,3.9,195
511710.38,6940718.19,6.457241379,4.26,195
511710.83,6940718.1,5.676551724,4.71,195
511710.03,6940718.26,5.65422467,3.9,195
511708.52,6940718.55,5.676551724,2.36,195
511708.11,6940718.63,5.700795679,1.95,195
511706.58,6940718.93,5.676551724,0.39,195
511706.2,6940719,5.675312555,0,195
511706.2,6940719,5.541203395,0,195
511708.11,6940718.63,5.542418992,1.95,195
511710.03,6940718.26,5.490320294,3.9,195
511711.94,6940717.88,5.481487757,5.85,195
511713.46,6940717.59,5.676551724,7.39,200
511712.31,6940717.81,6.457241379,6.22,200
511711.94,6940717.88,6.561710129,5.85,200
511710.03,6940718.26,6.896694802,3.9,200
511708.11,6940718.63,7.135107338,1.95,200
511706.6,6940718.92,7.237931034,0.41,200
511706.2,6940719,7.252850563,0,200
511706.2,6940719,7.037788279,0,200
511708.11,6940718.63,6.919661468,1.95,200
511710.03,6940718.26,6.706925131,3.9,200
511711.5,6940717.97,6.457241379,5.4,200
511711.94,6940717.88,6.199669891,5.85,200
511712.62,6940717.75,5.676551724,6.54,200
511711.94,6940717.88,5.481487757,5.85,200
511710.03,6940718.26,5.490320294,3.9,200
511708.11,6940718.63,5.542418992,1.95,200
511706.2,6940719,5.541203395,0,200
511706.2,6940719,5.407094235,0,200
511708.11,6940718.63,5.403170261,1.95,200
511710.03,6940718.26,5.326415918,3.9,200
511711.94,6940717.88,5.240495482,5.85,200
511713.86,6940717.51,5.412795444,7.8,205
511714.07,6940717.47,5.676551724,8.02,205
511713.86,6940717.51,5.873082855,7.8,205
511712.91,6940717.69,6.457241379,6.84,205
511711.94,6940717.88,6.735402062,5.85,205
511710.03,6940718.26,7.086464474,3.9,205
511708.87,6940718.48,7.237931034,2.72,205
511708.11,6940718.63,7.300529044,1.95,205
511706.2,6940719,7.370698338,0,205
511706.2,6940719,7.252850563,0,205
511706.6,6940718.92,7.237931034,0.41,205
511708.11,6940718.63,7.135107338,1.95,205
511710.03,6940718.26,6.896694802,3.9,205
511711.94,6940717.88,6.561710129,5.85,205
511712.31,6940717.81,6.457241379,6.22,205
511713.46,6940717.59,5.676551724,7.39,205
511711.94,6940717.88,5.240495482,5.85,205
511710.03,6940718.26,5.326415918,3.9,205
511708.11,6940718.63,5.403170261,1.95,205
511706.2,6940719,5.407094235,0,205
511706.2,6940719,5.272985074,0,205
511708.11,6940718.63,5.26392153,1.95,205
511710.03,6940718.26,5.162511542,3.9,205
511711.94,6940717.88,4.999503207,5.85,205
511713.76,6940717.53,4.895862069,7.7,210
511713.86,6940717.51,4.910459939,7.8,210
511714.49,6940717.39,5.676551724,8.45,210
511713.86,6940717.51,6.247385089,7.8,210
511713.52,6940717.58,6.457241379,7.45,210
511711.94,6940717.88,6.909093994,5.85,210
511710.21,6940718.22,7.237931034,4.09,210
511710.03,6940718.26,7.263620558,3.9,210
511708.11,6940718.63,7.420278844,1.95,210
511706.2,6940719,7.488546112,0,210
511706.2,6940719,7.370698338,0,210
511708.11,6940718.63,7.300529044,1.95,210
511708.87,6940718.48,7.237931034,2.72,210
511710.03,6940718.26,7.086464474,3.9,210
511711.94,6940717.88,6.735402062,5.85,210
511712.91,6940717.69,6.457241379,6.84,210
511713.86,6940717.51,5.873082855,7.8,210
511714.07,6940717.47,5.676551724,8.02,210
511713.86,6940717.51,5.412795444,7.8,210
511711.94,6940717.88,4.999503207,5.85,210
511710.03,6940718.26,5.162511542,3.9,210
511708.11,6940718.63,5.26392153,1.95,210
511706.2,6940719,5.272985074,0,210
511706.2,6940719,5.138875914,0,210
511708.11,6940718.63,5.124672799,1.95,210
511710.03,6940718.26,4.998607166,3.9,210
511711.03,6940718.06,4.895862069,4.92,210
511711.94,6940717.88,4.83174009,5.85,210
511713.86,6940717.51,4.747285922,7.8,215
511714.43,6940717.4,4.895862069,8.38,215
511714.91,6940717.31,5.676551724,8.87,215
511714.04,6940717.47,6.457241379,7.99,215
511713.86,6940717.51,6.539561048,7.8,215
511711.94,6940717.88,7.082785927,5.85,215
511711.13,6940718.04,7.237931034,5.02,215
511710.03,6940718.26,7.390897231,3.9,215
511708.11,6940718.63,7.540028643,1.95,215
511706.2,6940719,7.606393887,0,215
511706.2,6940719,7.488546112,0,215
511708.11,6940718.63,7.420278844,1.95,215
511710.03,6940718.26,7.263620558,3.9,215
511710.21,6940718.22,7.237931034,4.09,215
511711.94,6940717.88,6.909093994,5.85,215
511713.52,6940717.58,6.457241379,7.45,215
511713.86,6940717.51,6.247385089,7.8,215
511714.49,6940717.39,5.676551724,8.45,215
511713.86,6940717.51,4.910459939,7.8,215
511713.76,6940717.53,4.895862069,7.7,215
511711.94,6940717.88,4.83174009,5.85,215
511711.03,6940718.06,4.895862069,4.92,215
511710.03,6940718.26,4.998607166,3.9,215
511708.11,6940718.63,5.124672799,1.95,215
511706.2,6940719,5.138875914,0,215
511706.2,6940719,5.004766754,0,215
511708.11,6940718.63,4.985424068,1.95,215
511709.32,6940718.39,4.895862069,3.18,215
511710.03,6940718.26,4.85912899,3.9,215
511711.94,6940717.88,4.719233546,5.85,215
511715.01,6940717.29,4.895862069,8.98,220
511715.33,6940717.22,5.676551724,9.3,220
511714.46,6940717.39,6.457241379,8.41,220
511713.86,6940717.51,6.726932261,7.8,220
511712.01,6940717.87,7.237931034,5.92,220
511711.94,6940717.88,7.253694699,5.85,220
511710.03,6940718.26,7.518173904,3.9,220
511708.11,6940718.63,7.659778442,1.95,220
511706.2,6940719,7.724241662,0,220
511706.2,6940719,7.606393887,0,220
511708.11,6940718.63,7.540028643,1.95,220
511710.03,6940718.26,7.390897231,3.9,220
511711.13,6940718.04,7.237931034,5.02,220
511711.94,6940717.88,7.082785927,5.85,220
511713.86,6940717.51,6.539561048,7.8,220
511714.04,6940717.47,6.457241379,7.99,220
511714.91,6940717.31,5.676551724,8.87,220
511714.43,6940717.4,4.895862069,8.38,220
511713.86,6940717.51,4.747285922,7.8,220
511711.94,6940717.88,4.719233546,5.85,220
511710.03,6940718.26,4.85912899,3.9,220
511709.32,6940718.39,4.895862069,3.18,220
511708.11,6940718.63,4.985424068,1.95,220
511706.2,6940719,5.004766754,0,220
511706.2,6940719,4.877920513,0,220
511708.11,6940718.63,4.861896775,1.95,220
511710.03,6940718.26,4.760685836,3.9,220
511711.94,6940717.88,4.606727003,5.85,220
511713.86,6940717.51,4.594262927,7.8,220
511715.6,6940717.17,4.895862069,9.58,225
511715.75,6940717.14,5.676551724,9.72,225
511714.88,6940717.31,6.457241379,8.84,225
511713.86,6940717.51,6.914303475,7.8,225
511712.69,6940717.74,7.237931034,6.61,225
511711.94,6940717.88,7.4013222,5.85,225
511710.03,6940718.26,7.645450576,3.9,225
511708.11,6940718.63,7.779528241,1.95,225
511706.2,6940719,7.842089437,0,225
511706.2,6940719,7.724241662,0,225
511708.11,6940718.63,7.659778442,1.95,225
511710.03,6940718.26,7.518173904,3.9,225
511711.94,6940717.88,7.253694699,5.85,225
511712.01,6940717.87,7.237931034,5.92,225
511713.86,6940717.51,6.726932261,7.8,225
511714.46,6940717.39,6.457241379,8.41,225
511715.33,6940717.22,5.676551724,9.3,225
511715.01,6940717.29,4.895862069,8.98,225
511713.86,6940717.51,4.594262927,7.8,225
511711.94,6940717.88,4.606727003,5.85,225
511710.03,6940718.26,4.760685836,3.9,225
511708.11,6940718.63,4.861896775,1.95,225
511706.2,6940719,4.877920513,0,225
511706.2,6940719,4.782456238,0,225
511708.11,6940718.63,4.766707899,1.95,225
511710.03,6940718.26,4.662242681,3.9,225
511711.94,6940717.88,4.494220459,5.85,225
511713.86,6940717.51,4.441239932,7.8,225
511715.77,6940717.14,4.698055027,9.75,230
511716.05,6940717.08,4.895862069,10.03,230
511716.08,6940717.08,5.676551724,10.07,230
511715.77,6940717.14,6.030396123,9.75,230
511715.29,6940717.23,6.457241379,9.26,230
511713.86,6940717.51,7.101674688,7.8,230
511713.36,6940717.61,7.237931034,7.3,230
511711.94,6940717.88,7.548949701,5.85,230
511710.03,6940718.26,7.772727249,3.9,230
511708.11,6940718.63,7.89927804,1.95,230
511706.2,6940719,7.959937212,0,230
511706.2,6940719,7.842089437,0,230
511708.11,6940718.63,7.779528241,1.95,230
511710.03,6940718.26,7.645450576,3.9,230
511711.94,6940717.88,7.4013222,5.85,230
511712.69,6940717.74,7.237931034,6.61,230
511713.86,6940717.51,6.914303475,7.8,230
511714.88,6940717.31,6.457241379,8.84,230
511715.75,6940717.14,5.676551724,9.72,230
511715.6,6940717.17,4.895862069,9.58,230
511713.86,6940717.51,4.441239932,7.8,230
511711.94,6940717.88,4.494220459,5.85,230
511710.03,6940718.26,4.662242681,3.9,230
511708.11,6940718.63,4.766707899,1.95,230
511706.2,6940719,4.782456238,0,230
511706.2,6940719,4.686991964,0,230
511708.11,6940718.63,4.671519024,1.95,230
511710.03,6940718.26,4.563799527,3.9,230
511711.94,6940717.88,4.381713916,5.85,230
511713.86,6940717.51,4.288216937,7.8,230
511715.77,6940717.14,4.419994016,9.75,235
511716.44,6940717.01,4.895862069,10.44,235
511716.41,6940717.01,5.676551724,10.4,235
511715.77,6940717.14,6.4056447,9.75,235
511715.71,6940717.15,6.457241379,9.69,235
511714,6940717.48,7.237931034,7.95,235
511713.86,6940717.51,7.29066179,7.8,235
511711.94,6940717.88,7.696577202,5.85,235
511710.03,6940718.26,7.900003922,3.9,235
511708.12,6940718.63,8.01862069,1.96,235
511708.11,6940718.63,8.019045523,1.95,235
511706.2,6940719,8.077888231,0,235
511706.2,6940719,7.959937212,0,235
511708.11,6940718.63,7.89927804,1.95,235
511710.03,6940718.26,7.772727249,3.9,235
511711.94,6940717.88,7.548949701,5.85,235
511713.36,6940717.61,7.237931034,7.3,235
511713.86,6940717.51,7.101674688,7.8,235
511715.29,6940717.23,6.457241379,9.26,235
511715.77,6940717.14,6.030396123,9.75,235
511716.08,6940717.08,5.676551724,10.07,235
511716.05,6940717.08,4.895862069,10.03,235
511715.77,6940717.14,4.698055027,9.75,235
511713.86,6940717.51,4.288216937,7.8,235
511711.94,6940717.88,4.381713916,5.85,235
511710.03,6940718.26,4.563799527,3.9,235
511708.11,6940718.63,4.671519024,1.95,235
511706.2,6940719,4.686991964,0,235
511706.2,6940719,4.591527689,0,235
511708.11,6940718.63,4.576330149,1.95,235
511710.03,6940718.26,4.465356372,3.9,235
511711.94,6940717.88,4.269207373,5.85,235
511713.86,6940717.51,4.135193942,7.8,235
511742.66,6940711.9,5.676551724,37.15,235
511742.56,6940711.92,5.781215578,37.04,235
511740.96,6940712.24,6.457241379,35.41,235
511740.65,6940712.3,6.495006424,35.09,235
511740.55,6940712.32,6.457241379,35,235
511740.65,6940712.3,5.939445108,35.09,235
511741.39,6940712.15,5.676551724,35.85,235
511742.56,6940711.92,5.652153364,37.04,235
511715.58,6940717.18,4.115172414,9.55,240
511715.77,6940717.14,4.141933005,9.75,240
511716.84,6940716.93,4.895862069,10.84,240
511716.74,6940716.95,5.676551724,10.74,240
511716.08,6940717.08,6.457241379,10.06,240
511715.77,6940717.14,6.673840117,9.75,240
511714.55,6940717.38,7.237931034,8.5,240
511713.86,6940717.51,7.483956347,7.8,240
511711.94,6940717.88,7.844204702,5.85,240
511710.13,6940718.23,8.01862069,4.01,240
511710.03,6940718.26,8.028633342,3.9,240
511708.11,6940718.63,8.143996652,1.95,240
511706.2,6940719,8.195941655,0,240
511706.2,6940719,8.077888231,0,240
511708.11,6940718.63,8.019045523,1.95,240
511708.12,6940718.63,8.01862069,1.96,240
511710.03,6940718.26,7.900003922,3.9,240
511711.94,6940717.88,7.696577202,5.85,240
511713.86,6940717.51,7.29066179,7.8,240
511714,6940717.48,7.237931034,7.95,240
511715.71,6940717.15,6.457241379,9.69,240
511715.77,6940717.14,6.4056447,9.75,240
511716.41,6940717.01,5.676551724,10.4,240
511716.44,6940717.01,4.895862069,10.44,240
511715.77,6940717.14,4.419994016,9.75,240
511713.86,6940717.51,4.135193942,7.8,240
511711.94,6940717.88,4.269207373,5.85,240
511710.03,6940718.26,4.465356372,3.9,240
511708.11,6940718.63,4.576330149,1.95,240
511706.2,6940719,4.591527689,0,240
511706.2,6940719,4.496063414,0,240
511708.11,6940718.63,4.481141274,1.95,240
511710.03,6940718.26,4.366913217,3.9,240
511711.94,6940717.88,4.156700829,5.85,240
511712.51,6940717.77,4.115172414,6.43,240
511713.86,6940717.51,4.021860686,7.8,240
511743.4,6940711.76,5.676551724,37.9,240
511742.65,6940711.91,6.457241379,37.13,240
511742.56,6940711.92,6.480099811,37.04,240
511740.65,6940712.3,6.717441606,35.09,240
511739.99,6940712.43,6.457241379,34.42,240
511740.22,6940712.38,5.676551724,34.66,240
511740.65,6940712.3,5.543064793,35.09,240
511742.56,6940711.92,5.471344414,37.04,240
511741.39,6940712.15,5.676551724,35.85,240
511740.65,6940712.3,5.939445108,35.09,240
511740.55,6940712.32,6.457241379,35,240
511740.65,6940712.3,6.495006424,35.09,240
511740.96,6940712.24,6.457241379,35.41,240
511742.56,6940711.92,5.781215578,37.04,240
511742.66,6940711.9,5.676551724,37.15,240
511742.56,6940711.92,5.652153364,37.04,240
511715.77,6940717.14,3.964745563,9.75,245
511716.41,6940717.01,4.115172414,10.4,245
511717.23,6940716.85,4.895862069,11.24,245
511717.07,6940716.88,5.676551724,11.08,245
511716.43,6940717.01,6.457241379,10.42,245
511715.77,6940717.14,6.924969088,9.75,245
511715.09,6940717.27,7.237931034,9.06,245
511713.86,6940717.51,7.677250904,7.8,245
511711.94,6940717.88,7.991832203,5.85,245
511711.66,6940717.94,8.01862069,5.57,245
511710.03,6940718.26,8.175791672,3.9,245
511708.11,6940718.63,8.268947781,1.95,245
511706.2,6940719,8.313995079,0,245
511706.2,6940719,8.195941655,0,245
511708.11,6940718.63,8.143996652,1.95,245
511710.03,6940718.26,8.028633342,3.9,245
511710.13,6940718.23,8.01862069,4.01,245
511711.94,6940717.88,7.844204702,5.85,245
511713.86,6940717.51,7.483956347,7.8,245
511714.55,6940717.38,7.237931034,8.5,245
511715.77,6940717.14,6.673840117,9.75,245
511716.08,6940717.08,6.457241379,10.06,245
511716.74,6940716.95,5.676551724,10.74,245
511716.84,6940716.93,4.895862069,10.84,245
511715.77,6940717.14,4.141933005,9.75,245
511715.58,6940717.18,4.115172414,9.55,245
511713.86,6940717.51,4.021860686,7.8,245
511712.51,6940717.77,4.115172414,6.43,245
511711.94,6940717.88,4.156700829,5.85,245
511710.03,6940718.26,4.366913217,3.9,245
511708.11,6940718.63,4.481141274,1.95,245
511706.2,6940719,4.496063414,0,245
511706.2,6940719,4.40059914,0,245
511708.11,6940718.63,4.385952399,1.95,245
511710.03,6940718.26,4.268470063,3.9,245
511711.39,6940717.99,4.115172414,5.29,245
511711.94,6940717.88,4.059234828,5.85,245
511713.86,6940717.51,3.91450217,7.8,245
511744.14,6940711.62,5.676551724,38.65,245
511743.29,6940711.78,6.457241379,37.79,245
511742.56,6940711.92,6.658097251,37.04,245
511740.65,6940712.3,6.939876788,35.09,245
511739.42,6940712.54,6.457241379,33.84,245
511739.76,6940712.47,5.676551724,34.19,245
511740.65,6940712.3,5.396985857,35.09,245
511742.56,6940711.92,5.290535463,37.04,245
511740.65,6940712.3,5.543064793,35.09,245
511740.22,6940712.38,5.676551724,34.66,245
511739.99,6940712.43,6.457241379,34.42,245
511740.65,6940712.3,6.717441606,35.09,245
511742.56,6940711.92,6.480099811,37.04,245
511742.65,6940711.91,6.457241379,37.13,245
511743.4,6940711.76,5.676551724,37.9,245
511742.56,6940711.92,5.471344414,37.04,245
511717.12,6940716.87,4.115172414,11.13,250
511717.63,6940716.78,4.895862069,11.64,250
511717.41,6940716.82,5.676551724,11.42,250
511716.79,6940716.94,6.457241379,10.79,250
511715.77,6940717.14,7.176098059,9.75,250
511715.64,6940717.16,7.237931034,9.61,250
511713.86,6940717.51,7.870545461,7.8,250
511712.93,6940717.69,8.01862069,6.86,250
511711.94,6940717.88,8.181817302,5.85,250
511710.03,6940718.26,8.322950002,3.9,250
511708.11,6940718.63,8.39389891,1.95,250
511706.2,6940719,8.432048503,0,250
511706.2,6940719,8.313995079,0,250
511708.11,6940718.63,8.268947781,1.95,250
511710.03,6940718.26,8.175791672,3.9,250
511711.66,6940717.94,8.01862069,5.57,250
511711.94,6940717.88,7.991832203,5.85,250
511713.86,6940717.51,7.677250904,7.8,250
511715.09,6940717.27,7.237931034,9.06,250
511715.77,6940717.14,6.924969088,9.75,250
511716.43,6940717.01,6.457241379,10.42,250
511717.07,6940716.88,5.676551724,11.08,250
511717.23,6940716.85,4.895862069,11.24,250
511716.41,6940717.01,4.115172414,10.4,250
511715.77,6940717.14,3.964745563,9.75,250
511713.86,6940717.51,3.91450217,7.8,250
511711.94,6940717.88,4.059234828,5.85,250
511711.39,6940717.99,4.115172414,5.29,250
511710.03,6940718.26,4.268470063,3.9,250
511708.11,6940718.63,4.385952399,1.95,250
511706.2,6940719,4.40059914,0,250
511706.2,6940719,4.305134865,0,250
511708.11,6940718.63,4.290763524,1.95,250
511710.03,6940718.26,4.170026908,3.9,250
511710.51,6940718.16,4.115172414,4.4,250
511711.94,6940717.88,3.970568861,5.85,250
511713.86,6940717.51,3.807143655,7.8,250
511715.77,6940717.14,3.798299991,9.75,250
511754.04,6940709.69,7.084120789,48.74,250
511754.63,6940709.58,7.237931034,49.34,250
511754.04,6940709.69,7.344634611,48.74,250
511752.13,6940710.06,7.402319971,46.79,250
511751.56,6940710.17,7.237931034,46.21,250
511752.13,6940710.06,6.993330125,46.79,250
511744.48,6940711.55,5.544357468,38.99,250
511744.81,6940711.49,5.676551724,39.33,250
511744.48,6940711.55,5.985680634,38.99,250
511743.94,6940711.66,6.457241379,38.45,250
511742.56,6940711.92,6.836094692,37.04,250
511740.65,6940712.3,7.16231197,35.09,250
511738.85,6940712.65,6.457241379,33.27,250
511739.29,6940712.56,5.676551724,33.71,250
511740.65,6940712.3,5.250906922,35.09,250
511742.56,6940711.92,5.109726512,37.04,250
511740.65,6940712.3,5.396985857,35.09,250
511739.76,6940712.47,5.676551724,34.19,250
511739.42,6940712.54,6.457241379,33.84,250
511740.65,6940712.3,6.939876788,35.09,250
511742.56,6940711.92,6.658097251,37.04,250
511743.29,6940711.78,6.457241379,37.79,250
511744.14,6940711.62,5.676551724,38.65,250
511742.56,6940711.92,5.290535463,37.04,250
511717.68,6940716.77,4.028157877,11.7,255
511717.81,6940716.74,4.115172414,11.82,255
511718.01,6940716.7,4.895862069,12.03,255
511717.74,6940716.76,5.676551724,11.75,255
511717.68,6940716.77,5.752318378,11.7,255
511717.14,6940716.87,6.457241379,11.15,255
511716.11,6940717.07,7.237931034,10.1,255
511715.77,6940717.14,7.4572436,9.75,255
511714.06,6940717.47,8.01862069,8.01,255
511713.86,6940717.51,8.0896825,7.8,255
511711.94,6940717.88,8.381192546,5.85,255
511710.03,6940718.26,8.470108332,3.9,255
511708.11,6940718.63,8.518850039,1.95,255
511706.2,6940719,8.550101927,0,255
511706.2,6940719,8.432048503,0,255
511708.11,6940718.63,8.39389891,1.95,255
511710.03,6940718.26,8.322950002,3.9,255
511711.94,6940717.88,8.181817302,5.85,255
511712.93,6940717.69,8.01862069,6.86,255
511713.86,6940717.51,7.870545461,7.8,255
511715.64,6940717.16,7.237931034,9.61,255
511715.77,6940717.14,7.176098059,9.75,255
511716.79,6940716.94,6.457241379,10.79,255
511717.41,6940716.82,5.676551724,11.42,255
511717.63,6940716.78,4.895862069,11.64,255
511717.12,6940716.87,4.115172414,11.13,255
511715.77,6940717.14,3.798299991,9.75,255
511713.86,6940717.51,3.807143655,7.8,255
511711.94,6940717.88,3.970568861,5.85,255
511710.51,6940718.16,4.115172414,4.4,255
511710.03,6940718.26,4.170026908,3.9,255
511708.11,6940718.63,4.290763524,1.95,255
511706.2,6940719,4.305134865,0,255
511706.2,6940719,4.20967059,0,255
511708.11,6940718.63,4.195574649,1.95,255
511709.37,6940718.38,4.115172414,3.23,255
511710.03,6940718.26,4.077316825,3.9,255
511711.94,6940717.88,3.881902894,5.85,255
511713.86,6940717.51,3.699785139,7.8,255
511715.77,6940717.14,3.631854418,9.75,255
511752.76,6940709.94,6.457241379,47.43,255
511754.04,6940709.69,6.552199897,48.74,255
511755.96,6940709.32,7.039494946,50.69,255
511756.6,6940709.19,7.237931034,51.34,255
511755.96,6940709.32,7.363817037,50.69,255
511754.04,6940709.69,7.713646842,48.74,255
511752.13,6940710.06,7.796802925,46.79,255
511750.22,6940710.43,7.245353771,44.84,255
511750.2,6940710.44,7.237931034,44.83,255
511750.22,6940710.43,7.204160744,44.84,255
511751.81,6940710.12,6.457241379,46.47,255
511752.13,6940710.06,6.445269357,46.79,255
511751.56,6940710.17,7.237931034,46.21,255
511752.13,6940710.06,7.402319971,46.79,255
511754.04,6940709.69,7.344634611,48.74,255
511754.63,6940709.58,7.237931034,49.34,255
511754.04,6940709.69,7.084120789,48.74,255
511752.13,6940710.06,6.993330125,46.79,255
511744.48,6940711.55,5.298962526,38.99,255
511745.43,6940711.37,5.676551724,39.97,255
511744.66,6940711.52,6.457241379,39.18,255
511744.48,6940711.55,6.491240638,38.99,255
511742.56,6940711.92,7.014092133,37.04,255
511741.31,6940712.17,7.237931034,35.77,255
511740.65,6940712.3,7.370754609,35.09,255
511740.01,6940712.42,7.237931034,34.44,255
511738.73,6940712.67,6.750918506,33.14,255
511738.54,6940712.71,6.457241379,32.95,255
511738.73,6940712.67,5.830538716,33.14,255
511738.83,6940712.65,5.676551724,33.24,255
511740.65,6940712.3,5.104827986,35.09,255
511742.56,6940711.92,4.928917561,37.04,255
511740.65,6940712.3,5.250906922,35.09,255
511739.29,6940712.56,5.676551724,33.71,255
511738.85,6940712.65,6.457241379,33.27,255
511740.65,6940712.3,7.16231197,35.09,255
511742.56,6940711.92,6.836094692,37.04,255
511743.94,6940711.66,6.457241379,38.45,255
511744.48,6940711.55,5.985680634,38.99,255
511744.81,6940711.49,5.676551724,39.33,255
511744.48,6940711.55,5.544357468,38.99,255
511742.56,6940711.92,5.109726512,37.04,255
511717.68,6940716.77,3.62264694,11.7,260
511718.38,6940716.63,4.115172414,12.41,260
511718.39,6940716.63,4.895862069,12.41,260
511718.06,6940716.69,5.676551724,12.09,260
511717.68,6940716.77,6.216120126,11.7,260
511717.5,6940716.8,6.457241379,11.51,260
511716.57,6940716.98,7.237931034,10.56,260
511715.77,6940717.14,7.748193964,9.75,260
511714.95,6940717.3,8.01862069,8.91,260
511713.86,6940717.51,8.393443338,7.8,260
511711.94,6940717.88,8.58056779,5.85,260
511710.03,6940718.26,8.617266661,3.9,260
511708.11,6940718.63,8.643801168,1.95,260
511706.2,6940719,8.668155352,0,260
511706.2,6940719,8.550101927,0,260
511708.11,6940718.63,8.518850039,1.95,260
511710.03,6940718.26,8.470108332,3.9,260
511711.94,6940717.88,8.381192546,5.85,260
511713.86,6940717.51,8.0896825,7.8,260
511714.06,6940717.47,8.01862069,8.01,260
511715.77,6940717.14,7.4572436,9.75,260
511716.11,6940717.07,7.237931034,10.1,260
511717.14,6940716.87,6.457241379,11.15,260
511717.68,6940716.77,5.752318378,11.7,260
511717.74,6940716.76,5.676551724,11.75,260
511718.01,6940716.7,4.895862069,12.03,260
511717.81,6940716.74,4.115172414,11.82,260
511717.68,6940716.77,4.028157877,11.7,260
511715.77,6940717.14,3.631854418,9.75,260
511713.86,6940717.51,3.699785139,7.8,260
511711.94,6940717.88,3.881902894,5.85,260
511710.03,6940718.26,4.077316825,3.9,260
511709.37,6940718.38,4.115172414,3.23,260
511708.11,6940718.63,4.195574649,1.95,260
511706.2,6940719,4.20967059,0,260
511706.2,6940719,4.114260616,0,260
511708.11,6940718.63,4.101517988,1.95,260
511710.03,6940718.26,3.991821571,3.9,260
511711.94,6940717.88,3.793236927,5.85,260
511713.86,6940717.51,3.592426623,7.8,260
511715.77,6940717.14,3.465408846,9.75,260
511754.04,6940709.69,6.34824104,48.74,260
511755.96,6940709.32,6.456266766,50.69,260
511755.97,6940709.32,6.457241379,50.7,260
511757.87,6940708.94,7.073027747,52.64,260
511758.82,6940708.76,7.237931034,53.6,260
511757.87,6940708.94,7.388705245,52.64,260
511755.96,6940709.32,7.735864567,50.69,260
511754.4,6940709.62,8.01862069,49.1,260
511754.04,6940709.69,8.064903496,48.74,260
511752.13,6940710.06,8.148705912,46.79,260
511751.57,6940710.17,8.01862069,46.22,260
511750.22,6940710.43,7.621760266,44.84,260
511749.46,6940710.58,7.237931034,44.07,260
511749.18,6940710.64,6.457241379,43.79,260
511750.22,6940710.43,6.356224738,44.84,260
511752.13,6940710.06,6.307151888,46.79,260
511751.81,6940710.12,6.457241379,46.47,260
511750.22,6940710.43,7.204160744,44.84,260
511750.2,6940710.44,7.237931034,44.83,260
511750.22,6940710.43,7.245353771,44.84,260
511752.13,6940710.06,7.796802925,46.79,260
511754.04,6940709.69,7.713646842,48.74,260
511755.96,6940709.32,7.363817037,50.69,260
511756.6,6940709.19,7.237931034,51.34,260
511755.96,6940709.32,7.039494946,50.69,260
511754.04,6940709.69,6.552199897,48.74,260
511752.76,6940709.94,6.457241379,47.43,260
511752.13,6940710.06,6.445269357,46.79,260
511743.63,6940711.72,4.895862069,38.14,260
511744.48,6940711.55,5.053567583,38.99,260
511746.05,6940711.25,5.676551724,40.6,260
511745.68,6940711.32,6.457241379,40.22,260
511744.48,6940711.55,6.681990515,38.99,260
511742.56,6940711.92,7.192089574,37.04,260
511742.31,6940711.97,7.237931034,36.78,260
511740.65,6940712.3,7.571990253,35.09,260
511739.04,6940712.61,7.237931034,33.45,260
511738.73,6940712.67,7.122032221,33.14,260
511738.3,6940712.75,6.457241379,32.71,260
511738.52,6940712.71,5.676551724,32.92,260
511738.73,6940712.67,5.539934596,33.14,260
511740.65,6940712.3,4.958749051,35.09,260
511741.31,6940712.17,4.895862069,35.77,260
511742.56,6940711.92,4.818433807,37.04,260
511740.65,6940712.3,5.104827986,35.09,260
511738.83,6940712.65,5.676551724,33.24,260
511738.73,6940712.67,5.830538716,33.14,260
511738.54,6940712.71,6.457241379,32.95,260
511738.73,6940712.67,6.750918506,33.14,260
511740.01,6940712.42,7.237931034,34.44,260
511740.65,6940712.3,7.370754609,35.09,260
511741.31,6940712.17,7.237931034,35.77,260
511742.56,6940711.92,7.014092133,37.04,260
511744.48,6940711.55,6.491240638,38.99,260
511744.66,6940711.52,6.457241379,39.18,260
511745.43,6940711.37,5.676551724,39.97,260
511744.48,6940711.55,5.298962526,38.99,260
511742.56,6940711.92,4.928917561,37.04,260
511718.23,6940716.66,3.334482759,12.25,265
511718.96,6940716.52,4.115172414,13,265
511718.76,6940716.56,4.895862069,12.8,265
511718.39,6940716.63,5.676551724,12.42,265
511717.85,6940716.73,6.457241379,11.87,265
511717.68,6940716.77,6.652334556,11.7,265
511717.03,6940716.89,7.237931034,11.03,265
511715.81,6940717.13,8.01862069,9.79,265
511715.77,6940717.14,8.054232796,9.75,265
511713.86,6940717.51,8.697204177,7.8,265
511711.94,6940717.88,8.779943034,5.85,265
511710.03,6940718.26,8.764424991,3.9,265
511708.11,6940718.63,8.768752297,1.95,265
511706.2,6940719,8.786208776,0,265
511706.2,6940719,8.668155352,0,265
511708.11,6940718.63,8.643801168,1.95,265
511710.03,6940718.26,8.617266661,3.9,265
511711.94,6940717.88,8.58056779,5.85,265
511713.86,6940717.51,8.393443338,7.8,265
511714.95,6940717.3,8.01862069,8.91,265
511715.77,6940717.14,7.748193964,9.75,265
511716.57,6940716.98,7.237931034,10.56,265
511717.5,6940716.8,6.457241379,11.51,265
511717.68,6940716.77,6.216120126,11.7,265
511718.06,6940716.69,5.676551724,12.09,265
511718.39,6940716.63,4.895862069,12.41,265
511718.38,6940716.63,4.115172414,12.41,265
511717.68,6940716.77,3.62264694,11.7,265
511715.77,6940717.14,3.465408846,9.75,265
511713.86,6940717.51,3.592426623,7.8,265
511711.94,6940717.88,3.793236927,5.85,265
511710.03,6940718.26,3.991821571,3.9,265
511708.11,6940718.63,4.101517988,1.95,265
511706.2,6940719,4.114260616,0,265
511706.2,6940719,4.024162051,0,265
511708.11,6940718.63,4.01361773,1.95,265
511710.03,6940718.26,3.906326317,3.9,265
511711.94,6940717.88,3.704570959,5.85,265
511713.86,6940717.51,3.485068107,7.8,265
511715.52,6940717.19,3.334482759,9.49,265
511715.77,6940717.14,3.304639967,9.75,265
511717.68,6940716.77,3.258412164,11.7,265
511744.48,6940711.55,4.854995726,38.99,265
511744.68,6940711.51,4.895862069,39.2,265
511746.39,6940711.18,5.574070964,40.94,265
511746.81,6940711.1,5.676551724,41.37,265
511748.3,6940710.81,6.265954928,42.89,265
511750.22,6940710.43,6.177066393,44.84,265
511752.13,6940710.06,6.16903442,46.79,265
511754.04,6940709.69,6.215553282,48.74,265
511755.96,6940709.32,6.320526758,50.69,265
511757.52,6940709.01,6.457241379,52.29,265
511757.87,6940708.94,6.570427055,52.64,265
511759.79,6940708.57,6.990873193,54.59,265
511761.7,6940708.2,7.119083442,56.54,265
511761.7,6940708.2,7.578785303,56.54,265
511759.79,6940708.57,7.679440667,54.59,265
511757.87,6940708.94,7.848242615,52.64,265
511756.71,6940709.17,8.01862069,51.46,265
511755.96,6940709.32,8.086481668,50.69,265
511754.04,6940709.69,8.331601702,48.74,265
511752.13,6940710.06,8.445907699,46.79,265
511750.29,6940710.42,8.01862069,44.91,265
511750.22,6940710.43,7.998166761,44.84,265
511748.72,6940710.73,7.237931034,43.32,265
511748.3,6940710.81,6.835047932,42.89,265
511746.39,6940711.18,6.540363022,40.94,265
511744.48,6940711.55,6.872740393,38.99,265
511743.1,6940711.82,7.237931034,37.59,265
511742.56,6940711.92,7.376261808,37.04,265
511740.65,6940712.3,7.773225896,35.09,265
511738.73,6940712.67,7.439223899,33.14,265
511738.54,6940712.71,7.237931034,32.95,265
511738.06,6940712.8,6.457241379,32.46,265
511738.24,6940712.76,5.676551724,32.65,265
511738.73,6940712.67,5.370341855,33.14,265
511740.32,6940712.36,4.895862069,34.76,265
511740.65,6940712.3,4.843727966,35.09,265
511742.56,6940711.92,4.723683247,37.04,265
511750.22,6940710.43,6.356224738,44.84,265
511749.18,6940710.64,6.457241379,43.79,265
511749.46,6940710.58,7.237931034,44.07,265
511750.22,6940710.43,7.621760266,44.84,265
511751.57,6940710.17,8.01862069,46.22,265
511752.13,6940710.06,8.148705912,46.79,265
511754.04,6940709.69,8.064903496,48.74,265
511754.4,6940709.62,8.01862069,49.1,265
511755.96,6940709.32,7.735864567,50.69,265
511757.87,6940708.94,7.388705245,52.64,265
511758.82,6940708.76,7.237931034,53.6,265
511757.87,6940708.94,7.073027747,52.64,265
511755.97,6940709.32,6.457241379,50.7,265
511755.96,6940709.32,6.456266766,50.69,265
511754.04,6940709.69,6.34824104,48.74,265
511752.13,6940710.06,6.307151888,46.79,265
511741.31,6940712.17,4.895862069,35.77,265
511740.65,6940712.3,4.958749051,35.09,265
511738.73,6940712.67,5.539934596,33.14,265
511738.52,6940712.71,5.676551724,32.92,265
511738.3,6940712.75,6.457241379,32.71,265
511738.73,6940712.67,7.122032221,33.14,265
511739.04,6940712.61,7.237931034,33.45,265
511740.65,6940712.3,7.571990253,35.09,265
511742.31,6940711.97,7.237931034,36.78,265
511742.56,6940711.92,7.192089574,37.04,265
511744.48,6940711.55,6.681990515,38.99,265
511745.68,6940711.32,6.457241379,40.22,265
511746.05,6940711.25,5.676551724,40.6,265
511744.48,6940711.55,5.053567583,38.99,265
511743.63,6940711.72,4.895862069,38.14,265
511742.56,6940711.92,4.818433807,37.04,265
511729.17,6940714.53,1.679242279,23.4,265
511729.43,6940714.48,1.773103448,23.66,265
511729.17,6940714.53,1.914772366,23.4,265
511727.25,6940714.9,1.978416192,21.45,265
511725.69,6940715.21,1.773103448,19.85,265
511727.25,6940714.9,1.547346212,21.45,265
511719.6,6940716.39,3.045367141,13.65,270
511719.92,6940716.33,3.334482759,13.98,270
511719.6,6940716.39,3.899168997,13.65,270
511719.54,6940716.4,4.115172414,13.59,270
511719.14,6940716.48,4.895862069,13.18,270
511718.72,6940716.56,5.676551724,12.76,270
511718.19,6940716.67,6.457241379,12.21,270
511717.68,6940716.77,7.058677089,11.7,270
511717.48,6940716.8,7.237931034,11.49,270
511716.46,6940717,8.01862069,10.45,270
511715.77,6940717.14,8.559082609,9.75,270
511714.97,6940717.29,8.799310345,8.93,270
511713.86,6940717.51,9.288344517,7.8,270
511711.94,6940717.88,9.181096425,5.85,270
511710.03,6940718.26,9.010913075,3.9,270
511708.11,6940718.63,8.964377236,1.95,270
511706.2,6940719,8.97760437,0,270
511706.2,6940719,8.786208776,0,270
511708.11,6940718.63,8.768752297,1.95,270
511710.03,6940718.26,8.764424991,3.9,270
511711.94,6940717.88,8.779943034,5.85,270
511713.86,6940717.51,8.697204177,7.8,270
511715.77,6940717.14,8.054232796,9.75,270
511715.81,6940717.13,8.01862069,9.79,270
511717.03,6940716.89,7.237931034,11.03,270
511717.68,6940716.77,6.652334556,11.7,270
511717.85,6940716.73,6.457241379,11.87,270
511718.39,6940716.63,5.676551724,12.42,270
511718.76,6940716.56,4.895862069,12.8,270
511718.96,6940716.52,4.115172414,13,270
511718.23,6940716.66,3.334482759,12.25,270
511717.68,6940716.77,3.258412164,11.7,270
511715.77,6940717.14,3.304639967,9.75,270
511715.52,6940717.19,3.334482759,9.49,270
511713.86,6940717.51,3.485068107,7.8,270
511711.94,6940717.88,3.704570959,5.85,270
511710.03,6940718.26,3.906326317,3.9,270
511708.11,6940718.63,4.01361773,1.95,270
511706.2,6940719,4.024162051,0,270
511706.2,6940719,3.934063485,0,270
511708.11,6940718.63,3.925717472,1.95,270
511710.03,6940718.26,3.820831062,3.9,270
511711.94,6940717.88,3.615904992,5.85,270
511713.86,6940717.51,3.377709591,7.8,270
511714.33,6940717.42,3.334482759,8.28,270
511715.77,6940717.14,3.164795585,9.75,270
511717.68,6940716.77,2.995537763,11.7,270
511744.48,6940711.55,4.740633092,38.99,270
511745.25,6940711.4,4.895862069,39.78,270
511746.39,6940711.18,5.349085761,40.94,270
511747.74,6940710.92,5.676551724,42.31,270
511748.3,6940710.81,5.900904448,42.89,270
511750.22,6940710.43,5.997908048,44.84,270
511752.13,6940710.06,6.030916951,46.79,270
511754.04,6940709.69,6.082865523,48.74,270
511755.96,6940709.32,6.184786749,50.69,270
511757.87,6940708.94,6.355872143,52.64,270
511759.1,6940708.71,6.457241379,53.89,270
511759.79,6940708.57,6.618079493,54.59,270
511761.7,6940708.2,6.810276104,56.54,270
511761.7,6940708.2,7.119083442,56.54,270
511759.79,6940708.57,6.990873193,54.59,270
511757.87,6940708.94,6.570427055,52.64,270
511757.52,6940709.01,6.457241379,52.29,270
511755.96,6940709.32,6.320526758,50.69,270
511754.04,6940709.69,6.215553282,48.74,270
511752.13,6940710.06,6.16903442,46.79,270
511750.22,6940710.43,6.177066393,44.84,270
511748.3,6940710.81,6.265954928,42.89,270
511746.81,6940711.1,5.676551724,41.37,270
511746.39,6940711.18,5.574070964,40.94,270
511744.68,6940711.51,4.895862069,39.2,270
511744.48,6940711.55,4.854995726,38.99,270
511742.56,6940711.92,4.723683247,37.04,270
511740.65,6940712.3,4.843727966,35.09,270
511740.32,6940712.36,4.895862069,34.76,270
511738.73,6940712.67,5.370341855,33.14,270
511738.24,6940712.76,5.676551724,32.65,270
511738.06,6940712.8,6.457241379,32.46,270
511738.54,6940712.71,7.237931034,32.95,270
511738.73,6940712.67,7.439223899,33.14,270
511740.65,6940712.3,7.773225896,35.09,270
511742.56,6940711.92,7.376261808,37.04,270
511743.1,6940711.82,7.237931034,37.59,270
511744.48,6940711.55,6.872740393,38.99,270
511746.39,6940711.18,6.540363022,40.94,270
511748.3,6940710.81,6.835047932,42.89,270
511748.72,6940710.73,7.237931034,43.32,270
511750.22,6940710.43,7.998166761,44.84,270
511750.29,6940710.42,8.01862069,44.91,270
511752.13,6940710.06,8.445907699,46.79,270
511754.04,6940709.69,8.331601702,48.74,270
511755.96,6940709.32,8.086481668,50.69,270
511756.71,6940709.17,8.01862069,51.46,270
511757.87,6940708.94,7.848242615,52.64,270
511759.79,6940708.57,7.679440667,54.59,270
511761.7,6940708.2,7.578785303,56.54,270
511761.7,6940708.2,8.474623891,56.54,270
511759.79,6940708.57,8.30259619,54.59,270
511757.87,6940708.94,8.253608089,52.64,270
511755.96,6940709.32,8.369235742,50.69,270
511754.04,6940709.69,8.598299907,48.74,270
511752.13,6940710.06,8.743109487,46.79,270
511750.22,6940710.43,8.368069716,44.84,270
511749.62,6940710.55,8.01862069,44.23,270
511748.3,6940710.81,7.37538899,42.89,270
511747.87,6940710.89,7.237931034,42.45,270
511746.39,6940711.18,6.818808832,40.94,270
511744.48,6940711.55,7.063490271,38.99,270
511743.82,6940711.68,7.237931034,38.32,270
511742.56,6940711.92,7.562575918,37.04,270
511740.65,6940712.3,7.97446154,35.09,270
511738.73,6940712.67,7.731928369,33.14,270
511738.27,6940712.76,7.237931034,32.67,270
511737.82,6940712.85,6.457241379,32.22,270
511737.97,6940712.82,5.676551724,32.37,270
511738.73,6940712.67,5.200749115,33.14,270
511739.76,6940712.47,4.895862069,34.19,270
511740.65,6940712.3,4.752184326,35.09,270
511742.56,6940711.92,4.628932688,37.04,270
511729.17,6940714.53,1.31661993,23.4,270
511730.44,6940714.28,1.773103448,24.7,270
511729.17,6940714.53,2.462094717,23.4,270
511727.25,6940714.9,2.377484656,21.45,270
511725.34,6940715.28,2.244727454,19.5,270
511723.43,6940715.65,1.773103448,17.56,270
511725.34,6940715.28,1.41353509,19.5,270
511727.25,6940714.9,1.10853958,21.45,270
511725.69,6940715.21,1.773103448,19.85,270
511727.25,6940714.9,1.978416192,21.45,270
511729.17,6940714.53,1.914772366,23.4,270
511729.43,6940714.48,1.773103448,23.66,270
511729.17,6940714.53,1.679242279,23.4,270
511727.25,6940714.9,1.547346212,21.45,270
511729.17,6940714.53,0.977217476,23.4,275
511729.24,6940714.52,0.992413793,23.48,275
511731.08,6940714.16,1.67206869,25.35,275
511731.25,6940714.12,1.773103448,25.52,275
511731.33,6940714.11,2.553793103,25.6,275
511731.08,6940714.16,2.638061559,25.35,275
511729.17,6940714.53,2.693674144,23.4,275
511727.25,6940714.9,2.641650752,21.45,275
511725.34,6940715.28,2.633806742,19.5,275
511723.42,6940715.65,2.723719649,17.55,275
511721.51,6940716.02,3.108785889,15.6,275
511721.14,6940716.09,3.334482759,15.22,275
511720.1,6940716.29,4.115172414,14.16,275
511719.6,6940716.39,4.751023239,13.65,275
511719.52,6940716.41,4.895862069,13.57,275
511719.05,6940716.5,5.676551724,13.09,275
511718.53,6940716.6,6.457241379,12.56,275
511717.91,6940716.72,7.237931034,11.93,275
511717.68,6940716.77,7.539340494,11.7,275
511717.11,6940716.88,8.01862069,11.11,275
511716.24,6940717.05,8.799310345,10.23,275
511715.77,6940717.14,9.504109328,9.75,275
511715.61,6940717.17,9.58,9.58,275
511711.84,6940717.9,9.58,5.75,275
511710.03,6940718.26,9.288264807,3.9,275
511708.11,6940718.63,9.182881539,1.95,275
511706.2,6940719,9.178155567,0,275
511706.2,6940719,8.97760437,0,275
511708.11,6940718.63,8.964377236,1.95,275
511710.03,6940718.26,9.010913075,3.9,275
511711.94,6940717.88,9.181096425,5.85,275
511713.86,6940717.51,9.288344517,7.8,275
511714.97,6940717.29,8.799310345,8.93,275
511715.77,6940717.14,8.559082609,9.75,275
511716.46,6940717,8.01862069,10.45,275
511717.48,6940716.8,7.237931034,11.49,275
511717.68,6940716.77,7.058677089,11.7,275
511718.19,6940716.67,6.457241379,12.21,275
511718.72,6940716.56,5.676551724,12.76,275
511719.14,6940716.48,4.895862069,13.18,275
511719.54,6940716.4,4.115172414,13.59,275
511719.6,6940716.39,3.899168997,13.65,275
511719.92,6940716.33,3.334482759,13.98,275
511719.6,6940716.39,3.045367141,13.65,275
511717.68,6940716.77,2.995537763,11.7,275
511715.77,6940717.14,3.164795585,9.75,275
511714.33,6940717.42,3.334482759,8.28,275
511713.86,6940717.51,3.377709591,7.8,275
511711.94,6940717.88,3.615904992,5.85,275
511710.03,6940718.26,3.820831062,3.9,275
511708.11,6940718.63,3.925717472,1.95,275
511706.2,6940719,3.934063485,0,275
511706.2,6940719,3.84396492,0,275
511708.11,6940718.63,3.837817215,1.95,275
511710.03,6940718.26,3.735335808,3.9,275
511711.94,6940717.88,3.527239025,5.85,275
511713.44,6940717.59,3.334482759,7.38,275
511713.86,6940717.51,3.274825036,7.8,275
511715.77,6940717.14,3.024951203,9.75,275
511717.68,6940716.77,2.732663361,11.7,275
511718.75,6940716.56,2.553793103,12.78,275
511719.6,6940716.39,2.354311514,13.65,275
511721.51,6940716.02,1.798558314,15.6,275
511721.56,6940716.01,1.773103448,15.65,275
511723.42,6940715.65,1.446247374,17.55,275
511725.34,6940715.28,1.006976714,19.5,275
511725.43,6940715.26,0.992413793,19.59,275
511727.25,6940714.9,0.885500915,21.45,275
511744.48,6940711.55,4.626270459,38.99,275
511745.81,6940711.29,4.895862069,40.36,275
511746.39,6940711.18,5.124100558,40.94,275
511748.3,6940710.81,5.61919237,42.89,275
511748.93,6940710.69,5.676551724,43.53,275
511750.22,6940710.43,5.818749703,44.84,275
511752.13,6940710.06,5.892799482,46.79,275
511754.04,6940709.69,5.950177765,48.74,275
511755.96,6940709.32,6.049046741,50.69,275
511757.87,6940708.94,6.225039364,52.64,275
511759.79,6940708.57,6.391190048,54.59,275
511761.31,6940708.27,6.457241379,56.15,275
511761.7,6940708.2,6.501468766,56.54,275
511761.7,6940708.2,6.810276104,56.54,275
511759.79,6940708.57,6.618079493,54.59,275
511759.1,6940708.71,6.457241379,53.89,275
511757.87,6940708.94,6.355872143,52.64,275
511755.96,6940709.32,6.184786749,50.69,275
511754.04,6940709.69,6.082865523,48.74,275
511752.13,6940710.06,6.030916951,46.79,275
511750.22,6940710.43,5.997908048,44.84,275
511748.3,6940710.81,5.900904448,42.89,275
511747.74,6940710.92,5.676551724,42.31,275
511746.39,6940711.18,5.349085761,40.94,275
511745.25,6940711.4,4.895862069,39.78,275
511744.48,6940711.55,4.740633092,38.99,275
511742.56,6940711.92,4.628932688,37.04,275
511740.65,6940712.3,4.752184326,35.09,275
511739.76,6940712.47,4.895862069,34.19,275
511738.73,6940712.67,5.200749115,33.14,275
511737.97,6940712.82,5.676551724,32.37,275
511737.82,6940712.85,6.457241379,32.22,275
511738.27,6940712.76,7.237931034,32.67,275
511738.73,6940712.67,7.731928369,33.14,275
511740.65,6940712.3,7.97446154,35.09,275
511742.56,6940711.92,7.562575918,37.04,275
511743.82,6940711.68,7.237931034,38.32,275
511744.48,6940711.55,7.063490271,38.99,275
511746.39,6940711.18,6.818808832,40.94,275
511747.87,6940710.89,7.237931034,42.45,275
511748.3,6940710.81,7.37538899,42.89,275
511749.62,6940710.55,8.01862069,44.23,275
511750.22,6940710.43,8.368069716,44.84,275
511752.13,6940710.06,8.743109487,46.79,275
511754.04,6940709.69,8.598299907,48.74,275
511755.96,6940709.32,8.369235742,50.69,275
511757.87,6940708.94,8.253608089,52.64,275
511759.79,6940708.57,8.30259619,54.59,275
511761.7,6940708.2,8.474623891,56.54,275
511761.7,6940708.2,9.58,56.54,275
511760.16,6940708.5,9.58,54.97,275
511759.79,6940708.57,9.130187206,54.59,275
511759.34,6940708.66,8.799310345,54.13,275
511757.87,6940708.94,8.627054468,52.64,275
511755.96,6940709.32,8.651989817,50.69,275
511754.66,6940709.57,8.799310345,49.37,275
511754.04,6940709.69,8.910777958,48.74,275
511752.13,6940710.06,9.229572039,46.79,275
511750.54,6940710.37,8.799310345,45.18,275
511750.22,6940710.43,8.737598961,44.84,275
511748.98,6940710.68,8.01862069,43.58,275
511748.3,6940710.81,7.686929616,42.89,275
511746.89,6940711.08,7.237931034,41.45,275
511746.39,6940711.18,7.097254642,40.94,275
511744.75,6940711.5,7.237931034,39.28,275
511744.48,6940711.55,7.255252322,38.99,275
511742.56,6940711.92,7.748890027,37.04,275
511741.32,6940712.17,8.01862069,35.78,275
511740.65,6940712.3,8.343762948,35.09,275
511738.73,6940712.67,8.032643992,33.14,275
511738.73,6940712.67,8.01862069,33.14,275
511737.99,6940712.81,7.237931034,32.39,275
511737.58,6940712.89,6.457241379,31.97,275
511737.7,6940712.87,5.676551724,32.09,275
511738.73,6940712.67,5.031156374,33.14,275
511739.19,6940712.58,4.895862069,33.61,275
511740.65,6940712.3,4.660640686,35.09,275
511742.56,6940711.92,4.534182128,37.04,275
511725.34,6940715.28,1.41353509,19.5,275
511723.43,6940715.65,1.773103448,17.56,275
511725.34,6940715.28,2.244727454,19.5,275
511727.25,6940714.9,2.377484656,21.45,275
511729.17,6940714.53,2.462094717,23.4,275
511730.44,6940714.28,1.773103448,24.7,275
511729.17,6940714.53,1.31661993,23.4,275
511727.25,6940714.9,1.10853958,21.45,275
511729.17,6940714.53,0.833774795,23.4,280
511729.97,6940714.37,0.992413793,24.22,280
511731.08,6940714.16,1.401328678,25.35,280
511731.72,6940714.03,1.773103448,26,280
511732.05,6940713.97,2.553793103,26.33,280
511731.08,6940714.16,2.884777964,25.35,280
511729.17,6940714.53,2.861707492,23.4,280
511727.25,6940714.9,2.799045321,21.45,280
511725.34,6940715.28,2.824125086,19.5,280
511723.42,6940715.65,3.018046295,17.55,280
511722.26,6940715.87,3.334482759,16.36,280
511721.51,6940716.02,3.581901414,15.6,280
511720.67,6940716.18,4.115172414,14.74,280
511719.91,6940716.33,4.895862069,13.97,280
511719.6,6940716.39,5.319600201,13.65,280
511719.38,6940716.44,5.676551724,13.42,280
511718.87,6940716.53,6.457241379,12.91,280
511718.32,6940716.64,7.237931034,12.34,280
511717.74,6940716.75,8.01862069,11.76,280
511717.68,6940716.77,8.138160237,11.7,280
511717.13,6940716.87,8.799310345,11.14,280
511716.78,6940716.94,9.58,10.78,280
511715.61,6940717.17,9.58,9.58,280
511715.77,6940717.14,9.504109328,9.75,280
511716.24,6940717.05,8.799310345,10.23,280
511717.11,6940716.88,8.01862069,11.11,280
511717.68,6940716.77,7.539340494,11.7,280
511717.91,6940716.72,7.237931034,11.93,280
511718.53,6940716.6,6.457241379,12.56,280
511719.05,6940716.5,5.676551724,13.09,280
511719.52,6940716.41,4.895862069,13.57,280
511719.6,6940716.39,4.751023239,13.65,280
511720.1,6940716.29,4.115172414,14.16,280
511721.14,6940716.09,3.334482759,15.22,280
511721.51,6940716.02,3.108785889,15.6,280
511723.42,6940715.65,2.723719649,17.55,280
511725.34,6940715.28,2.633806742,19.5,280
511727.25,6940714.9,2.641650752,21.45,280
511729.17,6940714.53,2.693674144,23.4,280
511731.08,6940714.16,2.638061559,25.35,280
511731.33,6940714.11,2.553793103,25.6,280
511731.25,6940714.12,1.773103448,25.52,280
511731.08,6940714.16,1.67206869,25.35,280
511729.24,6940714.52,0.992413793,23.48,280
511729.17,6940714.53,0.977217476,23.4,280
511727.25,6940714.9,0.885500915,21.45,280
511725.43,6940715.26,0.992413793,19.59,280
511725.34,6940715.28,1.006976714,19.5,280
511723.42,6940715.65,1.446247374,17.55,280
511721.56,6940716.01,1.773103448,15.65,280
511721.51,6940716.02,1.798558314,15.6,280
511719.6,6940716.39,2.354311514,13.65,280
511718.75,6940716.56,2.553793103,12.78,280
511717.68,6940716.77,2.732663361,11.7,280
511715.77,6940717.14,3.024951203,9.75,280
511713.86,6940717.51,3.274825036,7.8,280
511713.44,6940717.59,3.334482759,7.38,280
511711.94,6940717.88,3.527239025,5.85,280
511710.03,6940718.26,3.735335808,3.9,280
511708.11,6940718.63,3.837817215,1.95,280
511706.2,6940719,3.84396492,0,280
511706.2,6940719,3.753866354,0,280
511708.11,6940718.63,3.749916957,1.95,280
511710.03,6940718.26,3.649840554,3.9,280
511711.94,6940717.88,3.438573058,5.85,280
511712.75,6940717.73,3.334482759,6.67,280
511713.86,6940717.51,3.174956074,7.8,280
511715.77,6940717.14,2.88510682,9.75,280
511717.46,6940716.81,2.553793103,11.47,280
511717.68,6940716.77,2.488331396,11.7,280
511719.6,6940716.39,1.987104407,13.65,280
511720.31,6940716.25,1.773103448,14.38,280
511721.51,6940716.02,1.514900966,15.6,280
511723.42,6940715.65,1.117834623,17.55,280
511723.97,6940715.54,0.992413793,18.1,280
511725.34,6940715.28,0.847904583,19.5,280
511727.25,6940714.9,0.740112427,21.45,280
511708.11,6940718.63,9.182881539,1.95,280
511710.03,6940718.26,9.288264807,3.9,280
511711.84,6940717.9,9.58,5.75,280
511710.12,6940718.24,9.58,3.99,280
511710.03,6940718.26,9.565616539,3.9,280
511708.11,6940718.63,9.401385842,1.95,280
511706.2,6940719,9.378706764,0,280
511706.2,6940719,9.178155567,0,280
511744.48,6940711.55,4.511907825,38.99,280
511746.38,6940711.18,4.895862069,40.94,280
511746.39,6940711.18,4.899115355,40.94,280
511748.3,6940710.81,5.470369386,42.89,280
511750.22,6940710.43,5.654205888,44.84,280
511750.73,6940710.33,5.676551724,45.36,280
511752.13,6940710.06,5.754682014,46.79,280
511754.04,6940709.69,5.817490007,48.74,280
511755.96,6940709.32,5.913306732,50.69,280
511757.87,6940708.94,6.094206586,52.64,280
511759.79,6940708.57,6.275017029,54.59,280
511761.7,6940708.2,6.366826873,56.54,280
511761.7,6940708.2,6.501468766,56.54,280
511761.31,6940708.27,6.457241379,56.15,280
511759.79,6940708.57,6.391190048,54.59,280
511757.87,6940708.94,6.225039364,52.64,280
511755.96,6940709.32,6.049046741,50.69,280
511754.04,6940709.69,5.950177765,48.74,280
511752.13,6940710.06,5.892799482,46.79,280
511750.22,6940710.43,5.818749703,44.84,280
511748.93,6940710.69,5.676551724,43.53,280
511748.3,6940710.81,5.61919237,42.89,280
511746.39,6940711.18,5.124100558,40.94,280
511745.81,6940711.29,4.895862069,40.36,280
511744.48,6940711.55,4.626270459,38.99,280
511742.56,6940711.92,4.534182128,37.04,280
511740.65,6940712.3,4.660640686,35.09,280
511739.19,6940712.58,4.895862069,33.61,280
511738.73,6940712.67,5.031156374,33.14,280
511737.7,6940712.87,5.676551724,32.09,280
511737.58,6940712.89,6.457241379,31.97,280
511737.99,6940712.81,7.237931034,32.39,280
511738.73,6940712.67,8.01862069,33.14,280
511738.73,6940712.67,8.032643992,33.14,280
511740.65,6940712.3,8.343762948,35.09,280
511741.32,6940712.17,8.01862069,35.78,280
511742.56,6940711.92,7.748890027,37.04,280
511744.48,6940711.55,7.255252322,38.99,280
511744.75,6940711.5,7.237931034,39.28,280
511746.39,6940711.18,7.097254642,40.94,280
511746.89,6940711.08,7.237931034,41.45,280
511748.3,6940710.81,7.686929616,42.89,280
511748.98,6940710.68,8.01862069,43.58,280
511750.22,6940710.43,8.737598961,44.84,280
511750.54,6940710.37,8.799310345,45.18,280
511752.13,6940710.06,9.229572039,46.79,280
511754.04,6940709.69,8.910777958,48.74,280
511754.66,6940709.57,8.799310345,49.37,280
511755.96,6940709.32,8.651989817,50.69,280
511757.87,6940708.94,8.627054468,52.64,280
511759.34,6940708.66,8.799310345,54.13,280
511759.79,6940708.57,9.130187206,54.59,280
511760.16,6940708.5,9.58,54.97,280
511758.56,6940708.81,9.58,53.34,280
511757.87,6940708.94,9.223350779,52.64,280
511755.96,6940709.32,9.041017021,50.69,280
511754.04,6940709.69,9.363346424,48.74,280
511752.93,6940709.91,9.58,47.6,280
511750.79,6940710.32,9.58,45.42,280
511750.22,6940710.43,9.465343203,44.84,280
511749.63,6940710.55,8.799310345,44.25,280
511748.34,6940710.8,8.01862069,42.94,280
511748.3,6940710.81,7.998470242,42.89,280
511746.39,6940711.18,7.360596812,40.94,280
511744.48,6940711.55,7.457840475,38.99,280
511742.56,6940711.92,7.935204137,37.04,280
511742.18,6940712,8.01862069,36.65,280
511740.65,6940712.3,8.760312935,35.09,280
511738.73,6940712.67,8.715375351,33.14,280
511738.35,6940712.74,8.01862069,32.75,280
511737.71,6940712.87,7.237931034,32.11,280
511737.34,6940712.94,6.457241379,31.72,280
511737.43,6940712.92,5.676551724,31.82,280
511738.64,6940712.69,4.895862069,33.05,280
511738.73,6940712.67,4.871776942,33.14,280
511740.65,6940712.3,4.569097046,35.09,280
511742.56,6940711.92,4.439431569,37.04,280
511729.17,6940714.53,0.690332115,23.4,285
511730.71,6940714.23,0.992413793,24.97,285
511731.08,6940714.16,1.130588666,25.35,285
511732.19,6940713.94,1.773103448,26.47,285
511732.77,6940713.83,2.553793103,27.07,285
511731.08,6940714.16,3.131494369,25.35,285
511729.17,6940714.53,3.02974084,23.4,285
511727.25,6940714.9,2.956439891,21.45,285
511725.34,6940715.28,3.014443431,19.5,285
511723.42,6940715.65,3.312372941,17.55,285
511723.34,6940715.66,3.334482759,17.46,285
511721.51,6940716.02,3.938032708,15.6,285
511721.23,6940716.08,4.115172414,15.31,285
511720.31,6940716.25,4.895862069,14.37,285
511719.71,6940716.37,5.676551724,13.76,285
511719.6,6940716.39,5.854810673,13.65,285
511719.22,6940716.47,6.457241379,13.26,285
511718.72,6940716.56,7.237931034,12.76,285
511718.26,6940716.65,8.01862069,12.29,285
511717.94,6940716.72,8.799310345,11.96,285
511717.81,6940716.74,9.58,11.83,285
511716.78,6940716.94,9.58,10.78,285
511717.13,6940716.87,8.799310345,11.14,285
511717.68,6940716.77,8.138160237,11.7,285
511717.74,6940716.75,8.01862069,11.76,285
511718.32,6940716.64,7.237931034,12.34,285
511718.87,6940716.53,6.457241379,12.91,285
511719.38,6940716.44,5.676551724,13.42,285
511719.6,6940716.39,5.319600201,13.65,285
511719.91,6940716.33,4.895862069,13.97,285
511720.67,6940716.18,4.115172414,14.74,285
511721.51,6940716.02,3.581901414,15.6,285
511722.26,6940715.87,3.334482759,16.36,285
511723.42,6940715.65,3.018046295,17.55,285
511725.34,6940715.28,2.824125086,19.5,285
511727.25,6940714.9,2.799045321,21.45,285
511729.17,6940714.53,2.861707492,23.4,285
511731.08,6940714.16,2.884777964,25.35,285
511732.05,6940713.97,2.553793103,26.33,285
511731.72,6940714.03,1.773103448,26,285
511731.08,6940714.16,1.401328678,25.35,285
511729.97,6940714.37,0.992413793,24.22,285
511729.17,6940714.53,0.833774795,23.4,285
511727.25,6940714.9,0.740112427,21.45,285
511725.34,6940715.28,0.847904583,19.5,285
511723.97,6940715.54,0.992413793,18.1,285
511723.42,6940715.65,1.117834623,17.55,285
511721.51,6940716.02,1.514900966,15.6,285
511720.31,6940716.25,1.773103448,14.38,285
511719.6,6940716.39,1.987104407,13.65,285
511717.68,6940716.77,2.488331396,11.7,285
511717.46,6940716.81,2.553793103,11.47,285
511715.77,6940717.14,2.88510682,9.75,285
511713.86,6940717.51,3.174956074,7.8,285
511712.75,6940717.73,3.334482759,6.67,285
511711.94,6940717.88,3.438573058,5.85,285
511710.03,6940718.26,3.649840554,3.9,285
511708.11,6940718.63,3.749916957,1.95,285
511706.2,6940719,3.753866354,0,285
511706.2,6940719,3.663767788,0,285
511708.11,6940718.63,3.662016699,1.95,285
511710.03,6940718.26,3.564345299,3.9,285
511711.94,6940717.88,3.34990709,5.85,285
511712.06,6940717.86,3.334482759,5.97,285
511713.86,6940717.51,3.075087112,7.8,285
511715.77,6940717.14,2.745262438,9.75,285
511716.74,6940716.95,2.553793103,10.74,285
511717.68,6940716.77,2.283481891,11.7,285
511719.32,6940716.45,1.773103448,13.37,285
511719.6,6940716.39,1.683287003,13.65,285
511721.51,6940716.02,1.249996399,15.6,285
511722.68,6940715.79,0.992413793,16.79,285
511723.42,6940715.65,0.89701877,17.55,285
511725.34,6940715.28,0.69802675,19.5,285
511727.25,6940714.9,0.594723939,21.45,285
511757.87,6940708.94,9.223350779,52.64,285
511758.56,6940708.81,9.58,53.34,285
511756.17,6940709.28,9.58,50.91,285
511755.96,6940709.32,9.545644932,50.69,285
511755.74,6940709.36,9.58,50.47,285
511752.93,6940709.91,9.58,47.6,285
511754.04,6940709.69,9.363346424,48.74,285
511755.96,6940709.32,9.041017021,50.69,285
511708.11,6940718.63,9.401385842,1.95,285
511710.03,6940718.26,9.565616539,3.9,285
511710.12,6940718.24,9.58,3.99,285
511706.24,6940718.99,9.58,0.04,285
511706.2,6940719,9.579257961,0,285
511706.2,6940719,9.378706764,0,285
511744.48,6940711.55,4.397545192,38.99,285
511746.39,6940711.18,4.769765918,40.94,285
511746.88,6940711.08,4.895862069,41.44,285
511748.3,6940710.81,5.321546402,42.89,285
511750.22,6940710.43,5.545888697,44.84,285
511752.13,6940710.06,5.635601247,46.79,285
511753.81,6940709.74,5.676551724,48.5,285
511754.04,6940709.69,5.684802249,48.74,285
511755.96,6940709.32,5.777566724,50.69,285
511757.87,6940708.94,5.963373808,52.64,285
511759.79,6940708.57,6.158844011,54.59,285
511761.7,6940708.2,6.261298609,56.54,285
511761.7,6940708.2,6.366826873,56.54,285
511759.79,6940708.57,6.275017029,54.59,285
511757.87,6940708.94,6.094206586,52.64,285
511755.96,6940709.32,5.913306732,50.69,285
511754.04,6940709.69,5.817490007,48.74,285
511752.13,6940710.06,5.754682014,46.79,285
511750.73,6940710.33,5.676551724,45.36,285
511750.22,6940710.43,5.654205888,44.84,285
511748.3,6940710.81,5.470369386,42.89,285
511746.39,6940711.18,4.899115355,40.94,285
511746.38,6940711.18,4.895862069,40.94,285
511744.48,6940711.55,4.511907825,38.99,285
511742.56,6940711.92,4.439431569,37.04,285
511740.65,6940712.3,4.569097046,35.09,285
511738.73,6940712.67,4.871776942,33.14,285
511738.64,6940712.69,4.895862069,33.05,285
511737.43,6940712.92,5.676551724,31.82,285
511737.34,6940712.94,6.457241379,31.72,285
511737.71,6940712.87,7.237931034,32.11,285
511738.35,6940712.74,8.01862069,32.75,285
511738.73,6940712.67,8.715375351,33.14,285
511740.65,6940712.3,8.760312935,35.09,285
511742.18,6940712,8.01862069,36.65,285
511742.56,6940711.92,7.935204137,37.04,285
511744.48,6940711.55,7.457840475,38.99,285
511746.39,6940711.18,7.360596812,40.94,285
511748.3,6940710.81,7.998470242,42.89,285
511748.34,6940710.8,8.01862069,42.94,285
511749.63,6940710.55,8.799310345,44.25,285
511750.22,6940710.43,9.465343203,44.84,285
511750.79,6940710.32,9.58,45.42,285
511749.54,6940710.57,9.58,44.15,285
511748.94,6940710.68,8.799310345,43.54,285
511748.3,6940710.81,8.415858527,42.89,285
511747.61,6940710.94,8.01862069,42.19,285
511746.39,6940711.18,7.608516651,40.94,285
511744.48,6940711.55,7.660428628,38.99,285
511743.02,6940711.84,8.01862069,37.51,285
511742.56,6940711.92,8.235294534,37.04,285
511741.39,6940712.15,8.799310345,35.85,285
511741.17,6940712.2,9.58,35.63,285
511738,6940712.81,9.58,32.4,285
511738.24,6940712.76,8.799310345,32.64,285
511737.97,6940712.82,8.01862069,32.36,285
511737.44,6940712.92,7.237931034,31.82,285
511737.1,6940712.99,6.457241379,31.48,285
511737.16,6940712.98,5.676551724,31.54,285
511738.18,6940712.78,4.895862069,32.58,285
511738.73,6940712.67,4.752685137,33.14,285
511740.65,6940712.3,4.477553406,35.09,285
511742.56,6940711.92,4.344681009,37.04,285
511706.24,6940718.99,9.58,0.04,290
511706.2,6940719,9.58,0,290
511706.2,6940719,9.579257961,0,290
511729.17,6940714.53,0.546889435,23.4,290
511731.08,6940714.16,0.920738298,25.35,290
511731.28,6940714.12,0.992413793,25.55,290
511732.65,6940713.85,1.773103448,26.95,290
511732.99,6940713.79,2.175218734,27.3,290
511733.25,6940713.74,2.553793103,27.56,290
511732.99,6940713.79,3.028732828,27.3,290
511731.63,6940714.05,3.334482759,25.9,290
511731.08,6940714.16,3.357895126,25.35,290
511730.74,6940714.23,3.334482759,25,290
511729.17,6940714.53,3.197774188,23.4,290
511727.25,6940714.9,3.11383446,21.45,290
511725.34,6940715.28,3.204761775,19.5,290
511724.53,6940715.43,3.334482759,18.67,290
511723.42,6940715.65,3.522499447,17.55,290
511721.79,6940715.97,4.115172414,15.88,290
511721.51,6940716.02,4.269880846,15.6,290
511720.7,6940716.18,4.895862069,14.78,290
511720.05,6940716.3,5.676551724,14.11,290
511719.6,6940716.39,6.395349665,13.65,290
511719.56,6940716.4,6.457241379,13.61,290
511719.13,6940716.48,7.237931034,13.17,290
511718.78,6940716.55,8.01862069,12.81,290
511718.6,6940716.59,8.799310345,12.63,290
511718.59,6940716.59,9.58,12.62,290
511717.81,6940716.74,9.58,11.83,290
511717.94,6940716.72,8.799310345,11.96,290
511718.26,6940716.65,8.01862069,12.29,290
511718.72,6940716.56,7.237931034,12.76,290
511719.22,6940716.47,6.457241379,13.26,290
511719.6,6940716.39,5.854810673,13.65,290
511719.71,6940716.37,5.676551724,13.76,290
511720.31,6940716.25,4.895862069,14.37,290
511721.23,6940716.08,4.115172414,15.31,290
511721.51,6940716.02,3.938032708,15.6,290
511723.34,6940715.66,3.334482759,17.46,290
511723.42,6940715.65,3.312372941,17.55,290
511725.34,6940715.28,3.014443431,19.5,290
511727.25,6940714.9,2.956439891,21.45,290
511729.17,6940714.53,3.02974084,23.4,290
511731.08,6940714.16,3.131494369,25.35,290
511732.77,6940713.83,2.553793103,27.07,290
511732.19,6940713.94,1.773103448,26.47,290
511731.08,6940714.16,1.130588666,25.35,290
511730.71,6940714.23,0.992413793,24.97,290
511729.17,6940714.53,0.690332115,23.4,290
511727.25,6940714.9,0.594723939,21.45,290
511725.34,6940715.28,0.69802675,19.5,290
511723.42,6940715.65,0.89701877,17.55,290
511722.68,6940715.79,0.992413793,16.79,290
511721.51,6940716.02,1.249996399,15.6,290
511719.6,6940716.39,1.683287003,13.65,290
511719.32,6940716.45,1.773103448,13.37,290
511717.68,6940716.77,2.283481891,11.7,290
511716.74,6940716.95,2.553793103,10.74,290
511715.77,6940717.14,2.745262438,9.75,290
511713.86,6940717.51,3.075087112,7.8,290
511712.06,6940717.86,3.334482759,5.97,290
511711.94,6940717.88,3.34990709,5.85,290
511710.03,6940718.26,3.564345299,3.9,290
511708.11,6940718.63,3.662016699,1.95,290
511706.2,6940719,3.663767788,0,290
511706.2,6940719,3.573669223,0,290
511708.11,6940718.63,3.574116441,1.95,290
511710.03,6940718.26,3.478850045,3.9,290
511711.31,6940718.01,3.334482759,5.21,290
511711.94,6940717.88,3.261588505,5.85,290
511713.86,6940717.51,2.975218151,7.8,290
511715.77,6940717.14,2.605418056,9.75,290
511716.03,6940717.09,2.553793103,10.02,290
511717.68,6940716.77,2.078632387,11.7,290
511718.66,6940716.57,1.773103448,12.7,290
511719.6,6940716.39,1.468013418,13.65,290
511721.49,6940716.03,0.992413793,15.57,290
511721.51,6940716.02,0.988063162,15.6,290
511723.42,6940715.65,0.742682865,17.55,290
511725.34,6940715.28,0.548148916,19.5,290
511727.25,6940714.9,0.449335451,21.45,290
511747.61,6940710.94,8.01862069,42.19,290
511748.3,6940710.81,8.415858527,42.89,290
511748.94,6940710.68,8.799310345,43.54,290
511749.54,6940710.57,9.58,44.15,290
511748.74,6940710.72,9.58,43.34,290
511748.3,6940710.81,8.917050126,42.89,290
511748.23,6940710.82,8.799310345,42.82,290
511746.87,6940711.09,8.01862069,41.44,290
511746.39,6940711.18,7.85643649,40.94,290
511744.48,6940711.55,7.863016781,38.99,290
511743.84,6940711.67,8.01862069,38.35,290
511742.56,6940711.92,8.627620608,37.04,290
511742.2,6940711.99,8.799310345,36.68,290
511741.95,6940712.04,9.58,36.42,290
511741.17,6940712.2,9.58,35.63,290
511741.39,6940712.15,8.799310345,35.85,290
511742.56,6940711.92,8.235294534,37.04,290
511743.02,6940711.84,8.01862069,37.51,290
511744.48,6940711.55,7.660428628,38.99,290
511746.39,6940711.18,7.608516651,40.94,290
511756.17,6940709.28,9.58,50.91,290
511755.74,6940709.36,9.58,50.47,290
511755.96,6940709.32,9.545644932,50.69,290
511744.48,6940711.55,4.283182559,38.99,290
511746.39,6940711.18,4.641819665,40.94,290
511747.38,6940710.99,4.895862069,41.95,290
511748.3,6940710.81,5.172723419,42.89,290
511750.22,6940710.43,5.437571506,44.84,290
511752.13,6940710.06,5.541314829,46.79,290
511754.04,6940709.69,5.589663691,48.74,290
511755.96,6940709.32,5.652523366,50.69,290
511756.3,6940709.25,5.676551724,51.04,290
511757.87,6940708.94,5.832541029,52.64,290
511759.79,6940708.57,6.042670992,54.59,290
511761.7,6940708.2,6.155770345,56.54,290
511761.7,6940708.2,6.261298609,56.54,290
511759.79,6940708.57,6.158844011,54.59,290
511757.87,6940708.94,5.963373808,52.64,290
511755.96,6940709.32,5.777566724,50.69,290
511754.04,6940709.69,5.684802249,48.74,290
511753.81,6940709.74,5.676551724,48.5,290
511752.13,6940710.06,5.635601247,46.79,290
511750.22,6940710.43,5.545888697,44.84,290
511748.3,6940710.81,5.321546402,42.89,290
511746.88,6940711.08,4.895862069,41.44,290
511746.39,6940711.18,4.769765918,40.94,290
511744.48,6940711.55,4.397545192,38.99,290
511742.56,6940711.92,4.344681009,37.04,290
511740.65,6940712.3,4.477553406,35.09,290
511738.73,6940712.67,4.752685137,33.14,290
511738.18,6940712.78,4.895862069,32.58,290
511737.16,6940712.98,5.676551724,31.54,290
511737.1,6940712.99,6.457241379,31.48,290
511737.44,6940712.92,7.237931034,31.82,290
511737.97,6940712.82,8.01862069,32.36,290
511738.24,6940712.76,8.799310345,32.64,290
511738,6940712.81,9.58,32.4,290
511737.26,6940712.96,9.58,31.64,290
511737.68,6940712.87,8.799310345,32.07,290
511737.59,6940712.89,8.01862069,31.98,290
511737.16,6940712.98,7.237931034,31.54,290
511736.86,6940713.03,6.457241379,31.23,290
511736.89,6940713.03,5.676551724,31.27,290
511737.72,6940712.87,4.895862069,32.11,290
511738.73,6940712.67,4.633593332,33.14,290
511740.65,6940712.3,4.386009766,35.09,290
511742.56,6940711.92,4.24993045,37.04,290
511729.17,6940714.53,0.403446755,23.4,295
511731.08,6940714.16,0.77435423,25.35,295
511731.69,6940714.04,0.992413793,25.97,295
511732.99,6940713.79,1.712363365,27.3,295
511733.08,6940713.77,1.773103448,27.38,295
511733.63,6940713.66,2.553793103,27.94,295
511733.34,6940713.72,3.334482759,27.65,295
511732.99,6940713.79,3.449571746,27.3,295
511731.08,6940714.16,3.48998928,25.35,295
511729.17,6940714.53,3.355821183,23.4,295
511728.56,6940714.65,3.334482759,22.78,295
511727.25,6940714.9,3.271229029,21.45,295
511726.18,6940715.11,3.334482759,20.36,295
511725.34,6940715.28,3.380636071,19.5,295
511723.42,6940715.65,3.725787104,17.55,295
511722.35,6940715.86,4.115172414,16.45,295
511721.51,6940716.02,4.577697067,15.6,295
511721.1,6940716.1,4.895862069,15.18,295
511720.4,6940716.24,5.676551724,14.46,295
511719.9,6940716.33,6.457241379,13.96,295
511719.6,6940716.39,7.123568142,13.65,295
511719.53,6940716.41,7.237931034,13.58,295
511719.3,6940716.45,8.01862069,13.34,295
511719.26,6940716.46,8.799310345,13.31,295
511719.36,6940716.44,9.58,13.41,295
511718.59,6940716.59,9.58,12.62,295
511718.6,6940716.59,8.799310345,12.63,295
511718.78,6940716.55,8.01862069,12.81,295
511719.13,6940716.48,7.237931034,13.17,295
511719.56,6940716.4,6.457241379,13.61,295
511719.6,6940716.39,6.395349665,13.65,295
511720.05,6940716.3,5.676551724,14.11,295
511720.7,6940716.18,4.895862069,14.78,295
511721.51,6940716.02,4.269880846,15.6,295
511721.79,6940715.97,4.115172414,15.88,295
511723.42,6940715.65,3.522499447,17.55,295
511724.53,6940715.43,3.334482759,18.67,295
511725.34,6940715.28,3.204761775,19.5,295
511727.25,6940714.9,3.11383446,21.45,295
511729.17,6940714.53,3.197774188,23.4,295
511730.74,6940714.23,3.334482759,25,295
511731.08,6940714.16,3.357895126,25.35,295
511731.63,6940714.05,3.334482759,25.9,295
511732.99,6940713.79,3.028732828,27.3,295
511733.25,6940713.74,2.553793103,27.56,295
511732.99,6940713.79,2.175218734,27.3,295
511732.65,6940713.85,1.773103448,26.95,295
511731.28,6940714.12,0.992413793,25.55,295
511731.08,6940714.16,0.920738298,25.35,295
511729.17,6940714.53,0.546889435,23.4,295
511727.25,6940714.9,0.449335451,21.45,295
511725.34,6940715.28,0.548148916,19.5,295
511723.42,6940715.65,0.742682865,17.55,295
511721.51,6940716.02,0.988063162,15.6,295
511721.49,6940716.03,0.992413793,15.57,295
511719.6,6940716.39,1.468013418,13.65,295
511718.66,6940716.57,1.773103448,12.7,295
511717.68,6940716.77,2.078632387,11.7,295
511716.03,6940717.09,2.553793103,10.02,295
511715.77,6940717.14,2.605418056,9.75,295
511713.86,6940717.51,2.975218151,7.8,295
511711.94,6940717.88,3.261588505,5.85,295
511711.31,6940718.01,3.334482759,5.21,295
511710.03,6940718.26,3.478850045,3.9,295
511708.11,6940718.63,3.574116441,1.95,295
511706.2,6940719,3.573669223,0,295
511706.2,6940719,3.483570657,0,295
511708.11,6940718.63,3.486216184,1.95,295
511710.03,6940718.26,3.393354791,3.9,295
511710.55,6940718.15,3.334482759,4.43,295
511711.94,6940717.88,3.173343077,5.85,295
511713.86,6940717.51,2.875349189,7.8,295
511715.46,6940717.2,2.553793103,9.43,295
511715.77,6940717.14,2.467387968,9.75,295
511717.68,6940716.77,1.873782883,11.7,295
511718.01,6940716.7,1.773103448,12.03,295
511719.6,6940716.39,1.252739834,13.65,295
511720.63,6940716.19,0.992413793,14.7,295
511721.51,6940716.02,0.830659707,15.6,295
511723.42,6940715.65,0.58834696,17.55,295
511725.34,6940715.28,0.398271082,19.5,295
511727.25,6940714.9,0.303946964,21.45,295
511746.87,6940711.09,8.01862069,41.44,295
511748.23,6940710.82,8.799310345,42.82,295
511748.3,6940710.81,8.917050126,42.89,295
511748.74,6940710.72,9.58,43.34,295
511747.94,6940710.88,9.58,42.52,295
511747.48,6940710.97,8.799310345,42.05,295
511746.39,6940711.18,8.168924158,40.94,295
511744.48,6940711.55,8.113582269,38.99,295
511743.04,6940711.83,8.799310345,37.53,295
511742.75,6940711.89,9.58,37.23,295
511741.95,6940712.04,9.58,36.42,295
511742.2,6940711.99,8.799310345,36.68,295
511742.56,6940711.92,8.627620608,37.04,295
511743.84,6940711.67,8.01862069,38.35,295
511744.48,6940711.55,7.863016781,38.99,295
511746.39,6940711.18,7.85643649,40.94,295
511744.48,6940711.55,4.168819925,38.99,295
511746.39,6940711.18,4.513873411,40.94,295
511747.88,6940710.89,4.895862069,42.46,295
511748.3,6940710.81,5.023900435,42.89,295
511750.22,6940710.43,5.329254315,44.84,295
511752.13,6940710.06,5.447028411,46.79,295
511754.04,6940709.69,5.497014746,48.74,295
511755.96,6940709.32,5.558596547,50.69,295
511757.62,6940708.99,5.676551724,52.38,295
511757.87,6940708.94,5.701708251,52.64,295
511759.79,6940708.57,5.926497974,54.59,295
511761.7,6940708.2,6.050242081,56.54,295
511761.7,6940708.2,6.155770345,56.54,295
511759.79,6940708.57,6.042670992,54.59,295
511757.87,6940708.94,5.832541029,52.64,295
511756.3,6940709.25,5.676551724,51.04,295
511755.96,6940709.32,5.652523366,50.69,295
511754.04,6940709.69,5.589663691,48.74,295
511752.13,6940710.06,5.541314829,46.79,295
511750.22,6940710.43,5.437571506,44.84,295
511748.3,6940710.81,5.172723419,42.89,295
511747.38,6940710.99,4.895862069,41.95,295
511746.39,6940711.18,4.641819665,40.94,295
511744.48,6940711.55,4.283182559,38.99,295
511742.56,6940711.92,4.24993045,37.04,295
511740.65,6940712.3,4.386009766,35.09,295
511738.73,6940712.67,4.633593332,33.14,295
511737.72,6940712.87,4.895862069,32.11,295
511736.89,6940713.03,5.676551724,31.27,295
511736.86,6940713.03,6.457241379,31.23,295
511737.16,6940712.98,7.237931034,31.54,295
511737.59,6940712.89,8.01862069,31.98,295
511737.68,6940712.87,8.799310345,32.07,295
511737.26,6940712.96,9.58,31.64,295
511736.65,6940713.08,9.58,31.02,295
511736.82,6940713.04,9.239389264,31.2,295
511737.12,6940712.98,8.799310345,31.5,295
511737.21,6940712.97,8.01862069,31.59,295
511736.89,6940713.03,7.237931034,31.26,295
511736.82,6940713.04,7.068253215,31.2,295
511736.66,6940713.07,6.457241379,31.04,295
511736.64,6940713.08,5.676551724,31.02,295
511736.82,6940713.04,5.333885861,31.2,295
511737.26,6940712.96,4.895862069,31.64,295
511738.73,6940712.67,4.514501527,33.14,295
511740.65,6940712.3,4.294466125,35.09,295
511742.56,6940711.92,4.15517989,37.04,295
511728.25,6940714.71,0.211724138,22.46,300
511729.17,6940714.53,0.260004075,23.4,300
511731.08,6940714.16,0.627970162,25.35,300
511732.1,6940713.96,0.992413793,26.39,300
511732.99,6940713.79,1.48475307,27.3,300
511733.39,6940713.71,1.773103448,27.7,300
511734,6940713.59,2.553793103,28.32,300
511733.98,6940713.59,3.334482759,28.3,300
511732.99,6940713.79,3.656692984,27.3,300
511731.08,6940714.16,3.622083433,25.35,300
511729.17,6940714.53,3.47028543,23.4,300
511727.25,6940714.9,3.40585418,21.45,300
511725.34,6940715.28,3.525589941,19.5,300
511723.42,6940715.65,3.929074761,17.55,300
511722.91,6940715.75,4.115172414,17.03,300
511721.51,6940716.02,4.885513288,15.6,300
511721.5,6940716.02,4.895862069,15.58,300
511720.74,6940716.17,5.676551724,14.81,300
511720.24,6940716.27,6.457241379,14.31,300
511719.92,6940716.33,7.237931034,13.98,300
511719.79,6940716.35,8.01862069,13.85,300
511719.89,6940716.34,8.799310345,13.94,300
511720.07,6940716.3,9.58,14.13,300
511719.36,6940716.44,9.58,13.41,300
511719.26,6940716.46,8.799310345,13.31,300
511719.3,6940716.45,8.01862069,13.34,300
511719.53,6940716.41,7.237931034,13.58,300
511719.6,6940716.39,7.123568142,13.65,300
511719.9,6940716.33,6.457241379,13.96,300
511720.4,6940716.24,5.676551724,14.46,300
511721.1,6940716.1,4.895862069,15.18,300
511721.51,6940716.02,4.577697067,15.6,300
511722.35,6940715.86,4.115172414,16.45,300
511723.42,6940715.65,3.725787104,17.55,300
511725.34,6940715.28,3.380636071,19.5,300
511726.18,6940715.11,3.334482759,20.36,300
511727.25,6940714.9,3.271229029,21.45,300
511728.56,6940714.65,3.334482759,22.78,300
511729.17,6940714.53,3.355821183,23.4,300
511731.08,6940714.16,3.48998928,25.35,300
511732.99,6940713.79,3.449571746,27.3,300
511733.34,6940713.72,3.334482759,27.65,300
511733.63,6940713.66,2.553793103,27.94,300
511733.08,6940713.77,1.773103448,27.38,300
511732.99,6940713.79,1.712363365,27.3,300
511731.69,6940714.04,0.992413793,25.97,300
511731.08,6940714.16,0.77435423,25.35,300
511729.17,6940714.53,0.403446755,23.4,300
511727.25,6940714.9,0.303946964,21.45,300
511725.34,6940715.28,0.398271082,19.5,300
511723.42,6940715.65,0.58834696,17.55,300
511721.51,6940716.02,0.830659707,15.6,300
511720.63,6940716.19,0.992413793,14.7,300
511719.6,6940716.39,1.252739834,13.65,300
511718.01,6940716.7,1.773103448,12.03,300
511717.68,6940716.77,1.873782883,11.7,300
511715.77,6940717.14,2.467387968,9.75,300
511715.46,6940717.2,2.553793103,9.43,300
511713.86,6940717.51,2.875349189,7.8,300
511711.94,6940717.88,3.173343077,5.85,300
511710.55,6940718.15,3.334482759,4.43,300
511710.03,6940718.26,3.393354791,3.9,300
511708.11,6940718.63,3.486216184,1.95,300
511706.2,6940719,3.483570657,0,300
511706.2,6940719,3.393472091,0,300
511708.11,6940718.63,3.398315926,1.95,300
511709.45,6940718.37,3.334482759,3.31,300
511710.03,6940718.26,3.306585436,3.9,300
511711.94,6940717.88,3.085097648,5.85,300
511713.86,6940717.51,2.775480227,7.8,300
511714.96,6940717.3,2.553793103,8.92,300
511715.77,6940717.14,2.330419584,9.75,300
511717.47,6940716.81,1.773103448,11.48,300
511717.68,6940716.77,1.684343571,11.7,300
511719.6,6940716.39,1.037466249,13.65,300
511719.78,6940716.36,0.992413793,13.83,300
511721.51,6940716.02,0.673256252,15.6,300
511723.42,6940715.65,0.434011055,17.55,300
511725.34,6940715.28,0.248393249,19.5,300
511726.11,6940715.13,0.211724138,20.28,300
511727.25,6940714.9,0.17645682,21.45,300
511746.39,6940711.18,8.168924158,40.94,300
511747.48,6940710.97,8.799310345,42.05,300
511747.94,6940710.88,9.58,42.52,300
511747.14,6940711.03,9.58,41.71,300
511746.73,6940711.11,8.799310345,41.29,300
511746.39,6940711.18,8.603553355,40.94,300
511744.48,6940711.55,8.523040612,38.99,300
511743.9,6940711.66,8.799310345,38.41,300
511743.57,6940711.73,9.58,38.07,300
511742.75,6940711.89,9.58,37.23,300
511743.04,6940711.83,8.799310345,37.53,300
511744.48,6940711.55,8.113582269,38.99,300
511744.86,6940711.48,4.115172414,39.38,300
511746.39,6940711.18,4.385927158,40.94,300
511748.3,6940710.81,4.879591439,42.89,300
511748.39,6940710.79,4.895862069,42.98,300
511750.22,6940710.43,5.220937124,44.84,300
511752.13,6940710.06,5.352741993,46.79,300
511754.04,6940709.69,5.404365802,48.74,300
511755.96,6940709.32,5.464669729,50.69,300
511757.87,6940708.94,5.602527287,52.64,300
511758.66,6940708.79,5.676551724,53.45,300
511759.79,6940708.57,5.810324955,54.59,300
511761.7,6940708.2,5.944713817,56.54,300
511761.7,6940708.2,6.050242081,56.54,300
511759.79,6940708.57,5.926497974,54.59,300
511757.87,6940708.94,5.701708251,52.64,300
511757.62,6940708.99,5.676551724,52.38,300
511755.96,6940709.32,5.558596547,50.69,300
511754.04,6940709.69,5.497014746,48.74,300
511752.13,6940710.06,5.447028411,46.79,300
511750.22,6940710.43,5.329254315,44.84,300
511748.3,6940710.81,5.023900435,42.89,300
511747.88,6940710.89,4.895862069,42.46,300
511746.39,6940711.18,4.513873411,40.94,300
511744.48,6940711.55,4.168819925,38.99,300
511742.56,6940711.92,4.15517989,37.04,300
511740.65,6940712.3,4.294466125,35.09,300
511738.73,6940712.67,4.514501527,33.14,300
511737.26,6940712.96,4.895862069,31.64,300
511736.82,6940713.04,5.333885861,31.2,300
511736.64,6940713.08,5.676551724,31.02,300
511736.66,6940713.07,6.457241379,31.04,300
511736.82,6940713.04,7.068253215,31.2,300
511736.89,6940713.03,7.237931034,31.26,300
511737.21,6940712.97,8.01862069,31.59,300
511737.12,6940712.98,8.799310345,31.5,300
511736.82,6940713.04,9.239389264,31.2,300
511736.65,6940713.08,9.58,31.02,300
511736.22,6940713.16,9.58,30.59,300
511736.67,6940713.07,8.799310345,31.04,300
511736.82,6940713.04,8.042126915,31.2,300
511736.83,6940713.04,8.01862069,31.2,300
511736.82,6940713.04,8.004013606,31.2,300
511736.67,6940713.07,7.237931034,31.05,300
511736.48,6940713.11,6.457241379,30.85,300
511736.41,6940713.12,5.676551724,30.77,300
511736.8,6940713.05,4.895862069,31.17,300
511736.82,6940713.04,4.882400191,31.2,300
511738.73,6940712.67,4.395409722,33.14,300
511740.65,6940712.3,4.202922485,35.09,300
511741.84,6940712.06,4.115172414,36.31,300
511742.56,6940711.92,4.064901892,37.04,300
511744.48,6940711.55,4.06312513,38.99,300
511729.17,6940714.53,0.146650155,23.4,305
511729.67,6940714.43,0.211724138,23.91,305
511731.08,6940714.16,0.481586095,25.35,305
511732.51,6940713.88,0.992413793,26.81,305
511732.99,6940713.79,1.257142775,27.3,305
511733.71,6940713.65,1.773103448,28.02,305
511734.37,6940713.52,2.553793103,28.7,305
511734.61,6940713.47,3.334482759,28.94,305
511732.99,6940713.79,3.863814222,27.3,305
511731.08,6940714.16,3.754177586,25.35,305
511729.17,6940714.53,3.584749676,23.4,305
511727.25,6940714.9,3.525180438,21.45,305
511725.34,6940715.28,3.670543811,19.5,305
511723.48,6940715.64,4.115172414,17.6,305
511723.42,6940715.65,4.132234111,17.55,305
511721.9,6940715.94,4.895862069,15.99,305
511721.51,6940716.02,5.236465255,15.6,305
511721.08,6940716.1,5.676551724,15.16,305
511720.59,6940716.2,6.457241379,14.66,305
511720.3,6940716.26,7.237931034,14.37,305
511720.26,6940716.26,8.01862069,14.32,305
511720.47,6940716.22,8.799310345,14.53,305
511720.75,6940716.17,9.58,14.83,305
511720.07,6940716.3,9.58,14.13,305
511719.89,6940716.34,8.799310345,13.94,305
511719.79,6940716.35,8.01862069,13.85,305
511719.92,6940716.33,7.237931034,13.98,305
511720.24,6940716.27,6.457241379,14.31,305
511720.74,6940716.17,5.676551724,14.81,305
511721.5,6940716.02,4.895862069,15.58,305
511721.51,6940716.02,4.885513288,15.6,305
511722.91,6940715.75,4.115172414,17.03,305
511723.42,6940715.65,3.929074761,17.55,305
511725.34,6940715.28,3.525589941,19.5,305
511727.25,6940714.9,3.40585418,21.45,305
511729.17,6940714.53,3.47028543,23.4,305
511731.08,6940714.16,3.622083433,25.35,305
511732.99,6940713.79,3.656692984,27.3,305
511733.98,6940713.59,3.334482759,28.3,305
511734,6940713.59,2.553793103,28.32,305
511733.39,6940713.71,1.773103448,27.7,305
511732.99,6940713.79,1.48475307,27.3,305
511732.1,6940713.96,0.992413793,26.39,305
511731.08,6940714.16,0.627970162,25.35,305
511729.17,6940714.53,0.260004075,23.4,305
511728.25,6940714.71,0.211724138,22.46,305
511727.25,6940714.9,0.17645682,21.45,305
511726.11,6940715.13,0.211724138,20.28,305
511725.34,6940715.28,0.248393249,19.5,305
511723.42,6940715.65,0.434011055,17.55,305
511721.51,6940716.02,0.673256252,15.6,305
511719.78,6940716.36,0.992413793,13.83,305
511719.6,6940716.39,1.037466249,13.65,305
511717.68,6940716.77,1.684343571,11.7,305
511717.47,6940716.81,1.773103448,11.48,305
511715.77,6940717.14,2.330419584,9.75,305
511714.96,6940717.3,2.553793103,8.92,305
511713.86,6940717.51,2.775480227,7.8,305
511711.94,6940717.88,3.085097648,5.85,305
511710.03,6940718.26,3.306585436,3.9,305
511709.45,6940718.37,3.334482759,3.31,305
511708.11,6940718.63,3.398315926,1.95,305
511706.2,6940719,3.393472091,0,305
511706.2,6940719,3.300583185,0,305
511708.11,6940718.63,3.308488568,1.95,305
511710.03,6940718.26,3.216998656,3.9,305
511711.94,6940717.88,2.99685222,5.85,305
511713.86,6940717.51,2.675611266,7.8,305
511714.46,6940717.39,2.553793103,8.42,305
511715.77,6940717.14,2.1934512,9.75,305
511717.05,6940716.89,1.773103448,11.06,305
511717.68,6940716.77,1.509798072,11.7,305
511719.19,6940716.47,0.992413793,13.24,305
511719.6,6940716.39,0.866916338,13.65,305
511721.51,6940716.02,0.515852797,15.6,305
511723.42,6940715.65,0.27967515,17.55,305
511724.13,6940715.51,0.211724138,18.27,305
511725.34,6940715.28,0.135035754,19.5,305
511727.25,6940714.9,0.080013705,21.45,305
511746.39,6940711.18,8.603553355,40.94,305
511746.73,6940711.11,8.799310345,41.29,305
511747.14,6940711.03,9.58,41.71,305
511745.6,6940711.33,9.58,40.14,305
511744.48,6940711.55,9.399278995,38.99,305
511744.4,6940711.57,9.58,38.91,305
511743.57,6940711.73,9.58,38.07,305
511743.9,6940711.66,8.799310345,38.41,305
511744.48,6940711.55,8.523040612,38.99,305
511745.58,6940711.34,4.115172414,40.12,305
511746.39,6940711.18,4.257980904,40.94,305
511748.3,6940710.81,4.763089722,42.89,305
511749,6940710.67,4.895862069,43.6,305
511750.22,6940710.43,5.112619933,44.84,305
511752.13,6940710.06,5.258455575,46.79,305
511754.04,6940709.69,5.311716857,48.74,305
511755.96,6940709.32,5.370742911,50.69,305
511757.87,6940708.94,5.510881126,52.64,305
511759.64,6940708.6,5.676551724,54.44,305
511759.79,6940708.57,5.694151936,54.59,305
511761.7,6940708.2,5.839185553,56.54,305
511761.7,6940708.2,5.944713817,56.54,305
511759.79,6940708.57,5.810324955,54.59,305
511758.66,6940708.79,5.676551724,53.45,305
511757.87,6940708.94,5.602527287,52.64,305
511755.96,6940709.32,5.464669729,50.69,305
511754.04,6940709.69,5.404365802,48.74,305
511752.13,6940710.06,5.352741993,46.79,305
511750.22,6940710.43,5.220937124,44.84,305
511748.39,6940710.79,4.895862069,42.98,305
511748.3,6940710.81,4.879591439,42.89,305
511746.39,6940711.18,4.385927158,40.94,305
511744.86,6940711.48,4.115172414,39.38,305
511744.48,6940711.55,4.06312513,38.99,305
511742.56,6940711.92,4.064901892,37.04,305
511741.84,6940712.06,4.115172414,36.31,305
511740.65,6940712.3,4.202922485,35.09,305
511738.73,6940712.67,4.395409722,33.14,305
511736.82,6940713.04,4.882400191,31.2,305
511736.8,6940713.05,4.895862069,31.17,305
511736.41,6940713.12,5.676551724,30.77,305
511736.48,6940713.11,6.457241379,30.85,305
511736.67,6940713.07,7.237931034,31.05,305
511736.82,6940713.04,8.004013606,31.2,305
511736.83,6940713.04,8.01862069,31.2,305
511736.82,6940713.04,8.042126915,31.2,305
511736.67,6940713.07,8.799310345,31.04,305
511736.22,6940713.16,9.58,30.59,305
511735.8,6940713.24,9.58,30.15,305
511736.33,6940713.14,8.799310345,30.7,305
511736.58,6940713.09,8.01862069,30.95,305
511736.48,6940713.11,7.237931034,30.85,305
511736.29,6940713.14,6.457241379,30.66,305
511736.17,6940713.17,5.676551724,30.53,305
511736.32,6940713.14,4.895862069,30.69,305
511736.82,6940713.04,4.590512127,31.2,305
511738.73,6940712.67,4.276317917,33.14,305
511740.59,6940712.31,4.115172414,35.04,305
511740.65,6940712.3,4.111407068,35.09,305
511742.56,6940711.92,3.977892541,37.04,305
511744.48,6940711.55,3.965089183,38.99,305
511729.17,6940714.53,0.048561489,23.4,310
511730.44,6940714.28,0.211724138,24.69,310
511731.08,6940714.16,0.335202027,25.35,310
511732.93,6940713.8,0.992413793,27.23,310
511732.99,6940713.79,1.02953248,27.3,310
511734.02,6940713.59,1.773103448,28.34,310
511734.75,6940713.44,2.553793103,29.08,310
511734.91,6940713.41,2.900439611,29.25,310
511735.15,6940713.37,3.334482759,29.49,310
511734.91,6940713.41,3.975520102,29.25,310
511732.99,6940713.79,4.07093546,27.3,310
511731.08,6940714.16,3.886271739,25.35,310
511729.17,6940714.53,3.699213922,23.4,310
511727.25,6940714.9,3.644506696,21.45,310
511725.34,6940715.28,3.815497682,19.5,310
511724.08,6940715.52,4.115172414,18.22,310
511723.42,6940715.65,4.334004413,17.55,310
511722.3,6940715.87,4.895862069,16.4,310
511721.51,6940716.02,5.588917899,15.6,310
511721.43,6940716.04,5.676551724,15.51,310
511720.93,6940716.13,6.457241379,15,310
511720.69,6940716.18,7.237931034,14.76,310
511720.72,6940716.17,8.01862069,14.79,310
511721.05,6940716.11,8.799310345,15.12,310
511721.43,6940716.04,9.58,15.52,310
511720.75,6940716.17,9.58,14.83,310
511720.47,6940716.22,8.799310345,14.53,310
511720.26,6940716.26,8.01862069,14.32,310
511720.3,6940716.26,7.237931034,14.37,310
511720.59,6940716.2,6.457241379,14.66,310
511721.08,6940716.1,5.676551724,15.16,310
511721.51,6940716.02,5.236465255,15.6,310
511721.9,6940715.94,4.895862069,15.99,310
511723.42,6940715.65,4.132234111,17.55,310
511723.48,6940715.64,4.115172414,17.6,310
511725.34,6940715.28,3.670543811,19.5,310
511727.25,6940714.9,3.525180438,21.45,310
511729.17,6940714.53,3.584749676,23.4,310
511731.08,6940714.16,3.754177586,25.35,310
511732.99,6940713.79,3.863814222,27.3,310
511734.61,6940713.47,3.334482759,28.94,310
511734.37,6940713.52,2.553793103,28.7,310
511733.71,6940713.65,1.773103448,28.02,310
511732.99,6940713.79,1.257142775,27.3,310
511732.51,6940713.88,0.992413793,26.81,310
511731.08,6940714.16,0.481586095,25.35,310
511729.67,6940714.43,0.211724138,23.91,310
511729.17,6940714.53,0.146650155,23.4,310
511727.25,6940714.9,0.080013705,21.45,310
511725.34,6940715.28,0.135035754,19.5,310
511724.13,6940715.51,0.211724138,18.27,310
511723.42,6940715.65,0.27967515,17.55,310
511721.51,6940716.02,0.515852797,15.6,310
511719.6,6940716.39,0.866916338,13.65,310
511719.19,6940716.47,0.992413793,13.24,310
511717.68,6940716.77,1.509798072,11.7,310
511717.05,6940716.89,1.773103448,11.06,310
511715.77,6940717.14,2.1934512,9.75,310
511714.46,6940717.39,2.553793103,8.42,310
511713.86,6940717.51,2.675611266,7.8,310
511711.94,6940717.88,2.99685222,5.85,310
511710.03,6940718.26,3.216998656,3.9,310
511708.11,6940718.63,3.308488568,1.95,310
511706.2,6940719,3.300583185,0,310
511706.2,6940719,3.202403235,0,310
511708.11,6940718.63,3.213549962,1.95,310
511710.03,6940718.26,3.127411877,3.9,310
511711.94,6940717.88,2.908606792,5.85,310
511713.86,6940717.51,2.575742304,7.8,310
511713.96,6940717.49,2.553793103,7.91,310
511715.77,6940717.14,2.056482816,9.75,310
511716.63,6940716.97,1.773103448,10.63,310
511717.68,6940716.77,1.335252572,11.7,310
511718.68,6940716.57,0.992413793,12.72,310
511719.6,6940716.39,0.708203449,13.65,310
511721.51,6940716.02,0.358449342,15.6,310
511722.71,6940715.79,0.211724138,16.82,310
511723.42,6940715.65,0.149713714,17.55,310
511725.34,6940715.28,0.033507457,19.5,310
511727.25,6940714.9,-0.01642941,21.45,310
511745.6,6940711.33,9.58,40.14,310
511744.4,6940711.57,9.58,38.91,310
511744.48,6940711.55,9.399278995,38.99,310
511746.31,6940711.2,4.115172414,40.86,310
511746.39,6940711.18,4.130034651,40.94,310
511748.3,6940710.81,4.646588005,42.89,310
511749.61,6940710.55,4.895862069,44.22,310
511750.22,6940710.43,5.004302742,44.84,310
511752.13,6940710.06,5.164169157,46.79,310
511754.04,6940709.69,5.219067912,48.74,310
511755.96,6940709.32,5.276816093,50.69,310
511757.87,6940708.94,5.419234965,52.64,310
511759.79,6940708.57,5.604257756,54.59,310
511760.95,6940708.35,5.676551724,55.78,310
511761.7,6940708.2,5.733657289,56.54,310
511761.7,6940708.2,5.839185553,56.54,310
511759.79,6940708.57,5.694151936,54.59,310
511759.64,6940708.6,5.676551724,54.44,310
511757.87,6940708.94,5.510881126,52.64,310
511755.96,6940709.32,5.370742911,50.69,310
511754.04,6940709.69,5.311716857,48.74,310
511752.13,6940710.06,5.258455575,46.79,310
511750.22,6940710.43,5.112619933,44.84,310
511749,6940710.67,4.895862069,43.6,310
511748.3,6940710.81,4.763089722,42.89,310
511746.39,6940711.18,4.257980904,40.94,310
511745.58,6940711.34,4.115172414,40.12,310
511744.48,6940711.55,3.965089183,38.99,310
511742.56,6940711.92,3.977892541,37.04,310
511740.65,6940712.3,4.111407068,35.09,310
511740.59,6940712.31,4.115172414,35.04,310
511738.73,6940712.67,4.276317917,33.14,310
511736.82,6940713.04,4.590512127,31.2,310
511736.32,6940713.14,4.895862069,30.69,310
511736.17,6940713.17,5.676551724,30.53,310
511736.29,6940713.14,6.457241379,30.66,310
511736.48,6940713.11,7.237931034,30.85,310
511736.58,6940713.09,8.01862069,30.95,310
511736.33,6940713.14,8.799310345,30.7,310
511735.8,6940713.24,9.58,30.15,310
511735.37,6940713.32,9.58,29.72,310
511736,6940713.2,8.799310345,30.36,310
511736.34,6940713.13,8.01862069,30.71,310
511736.29,6940713.14,7.237931034,30.65,310
511736.1,6940713.18,6.457241379,30.47,310
511735.94,6940713.21,5.676551724,30.29,310
511735.85,6940713.23,4.895862069,30.2,310
511736.82,6940713.04,4.298624062,31.2,310
511738.73,6940712.67,4.157226112,33.14,310
511739.22,6940712.57,4.115172414,33.64,310
511740.65,6940712.3,4.020544466,35.09,310
511742.56,6940711.92,3.890883191,37.04,310
511744.48,6940711.55,3.867053236,38.99,310
511729.17,6940714.53,-0.049527177,23.4,315
511731.08,6940714.16,0.194836848,25.35,315
511731.15,6940714.14,0.211724138,25.42,315
511732.99,6940713.79,0.859975822,27.3,315
511733.25,6940713.74,0.992413793,27.56,315
511734.33,6940713.53,1.773103448,28.66,315
511734.91,6940713.41,2.366109833,29.25,315
511735.08,6940713.38,2.553793103,29.43,315
511735.61,6940713.28,3.334482759,29.96,315
511736.82,6940713.04,4.018215189,31.2,315
511738.73,6940712.67,4.03607338,33.14,315
511740.65,6940712.3,3.929681865,35.09,315
511742.56,6940711.92,3.803873841,37.04,315
511744.48,6940711.55,3.769017289,38.99,315
511746.39,6940711.18,4.014497643,40.94,315
511746.77,6940711.11,4.115172414,41.33,315
511748.3,6940710.81,4.530086288,42.89,315
511750.22,6940710.43,4.895862069,44.84,315
511750.22,6940710.43,4.895985551,44.84,315
511752.13,6940710.06,5.069882739,46.79,315
511754.04,6940709.69,5.126418968,48.74,315
511755.96,6940709.32,5.182889275,50.69,315
511757.87,6940708.94,5.327588804,52.64,315
511759.79,6940708.57,5.519055672,54.59,315
511761.7,6940708.2,5.639841266,56.54,315
511761.7,6940708.2,5.733657289,56.54,315
511760.95,6940708.35,5.676551724,55.78,315
511759.79,6940708.57,5.604257756,54.59,315
511757.87,6940708.94,5.419234965,52.64,315
511755.96,6940709.32,5.276816093,50.69,315
511754.04,6940709.69,5.219067912,48.74,315
511752.13,6940710.06,5.164169157,46.79,315
511750.22,6940710.43,5.004302742,44.84,315
511749.61,6940710.55,4.895862069,44.22,315
511748.3,6940710.81,4.646588005,42.89,315
511746.39,6940711.18,4.130034651,40.94,315
511746.31,6940711.2,4.115172414,40.86,315
511744.48,6940711.55,3.867053236,38.99,315
511742.56,6940711.92,3.890883191,37.04,315
511740.65,6940712.3,4.020544466,35.09,315
511739.22,6940712.57,4.115172414,33.64,315
511738.73,6940712.67,4.157226112,33.14,315
511736.82,6940713.04,4.298624062,31.2,315
511735.85,6940713.23,4.895862069,30.2,315
511735.94,6940713.21,5.676551724,30.29,315
511736.1,6940713.18,6.457241379,30.47,315
511736.29,6940713.14,7.237931034,30.65,315
511736.34,6940713.13,8.01862069,30.71,315
511736,6940713.2,8.799310345,30.36,315
511735.37,6940713.32,9.58,29.72,315
511734.95,6940713.41,9.58,29.29,315
511735.67,6940713.26,8.799310345,30.03,315
511736.1,6940713.18,8.01862069,30.47,315
511736.1,6940713.18,7.237931034,30.46,315
511735.92,6940713.22,6.457241379,30.28,315
511735.7,6940713.26,5.676551724,30.05,315
511735.37,6940713.32,4.895862069,29.72,315
511734.91,6940713.41,4.485285381,29.25,315
511732.99,6940713.79,4.225711572,27.3,315
511732,6940713.98,4.115172414,26.29,315
511731.08,6940714.16,4.018365893,25.35,315
511729.17,6940714.53,3.813678168,23.4,315
511727.25,6940714.9,3.763832953,21.45,315
511725.34,6940715.28,3.960451552,19.5,315
511724.69,6940715.4,4.115172414,18.84,315
511723.42,6940715.65,4.535774716,17.55,315
511722.71,6940715.79,4.895862069,16.81,315
511721.77,6940715.97,5.676551724,15.86,315
511721.51,6940716.02,6.081681279,15.6,315
511721.27,6940716.07,6.457241379,15.35,315
511721.07,6940716.11,7.237931034,15.15,315
511721.18,6940716.08,8.01862069,15.27,315
511721.51,6940716.02,8.628116046,15.6,315
511721.62,6940716,8.799310345,15.71,315
511722.08,6940715.91,9.58,16.18,315
511721.43,6940716.04,9.58,15.52,315
511721.05,6940716.11,8.799310345,15.12,315
511720.72,6940716.17,8.01862069,14.79,315
511720.69,6940716.18,7.237931034,14.76,315
511720.93,6940716.13,6.457241379,15,315
511721.43,6940716.04,5.676551724,15.51,315
511721.51,6940716.02,5.588917899,15.6,315
511722.3,6940715.87,4.895862069,16.4,315
511723.42,6940715.65,4.334004413,17.55,315
511724.08,6940715.52,4.115172414,18.22,315
511725.34,6940715.28,3.815497682,19.5,315
511727.25,6940714.9,3.644506696,21.45,315
511729.17,6940714.53,3.699213922,23.4,315
511731.08,6940714.16,3.886271739,25.35,315
511732.99,6940713.79,4.07093546,27.3,315
511734.91,6940713.41,3.975520102,29.25,315
511735.15,6940713.37,3.334482759,29.49,315
511734.91,6940713.41,2.900439611,29.25,315
511734.75,6940713.44,2.553793103,29.08,315
511734.02,6940713.59,1.773103448,28.34,315
511732.99,6940713.79,1.02953248,27.3,315
511732.93,6940713.8,0.992413793,27.23,315
511731.08,6940714.16,0.335202027,25.35,315
511730.44,6940714.28,0.211724138,24.69,315
511729.17,6940714.53,0.048561489,23.4,315
511727.25,6940714.9,-0.01642941,21.45,315
511725.34,6940715.28,0.033507457,19.5,315
511723.42,6940715.65,0.149713714,17.55,315
511722.71,6940715.79,0.211724138,16.82,315
511721.51,6940716.02,0.358449342,15.6,315
511719.6,6940716.39,0.708203449,13.65,315
511718.68,6940716.57,0.992413793,12.72,315
511717.68,6940716.77,1.335252572,11.7,315
511716.63,6940716.97,1.773103448,10.63,315
511715.77,6940717.14,2.056482816,9.75,315
511713.96,6940717.49,2.553793103,7.91,315
511713.86,6940717.51,2.575742304,7.8,315
511711.94,6940717.88,2.908606792,5.85,315
511710.03,6940718.26,3.127411877,3.9,315
511708.11,6940718.63,3.213549962,1.95,315
511706.2,6940719,3.202403235,0,315
511706.2,6940719,3.104223285,0,315
511708.11,6940718.63,3.118611355,1.95,315
511710.03,6940718.26,3.037825097,3.9,315
511711.94,6940717.88,2.820361363,5.85,315
511713.46,6940717.59,2.553793103,7.4,315
511713.86,6940717.51,2.468925553,7.8,315
511715.77,6940717.14,1.919514433,9.75,315
511716.22,6940717.05,1.773103448,10.2,315
511717.68,6940716.77,1.160707073,11.7,315
511718.17,6940716.67,0.992413793,12.2,315
511719.6,6940716.39,0.54949056,13.65,315
511721.45,6940716.03,0.211724138,15.54,315
511721.51,6940716.02,0.203433204,15.6,315
511723.42,6940715.65,0.03892542,17.55,315
511725.34,6940715.28,-0.068020839,19.5,315
511727.25,6940714.9,-0.112872525,21.45,315
511729.17,6940714.53,3.813678168,23.4,320
511731.08,6940714.16,4.018365893,25.35,320
511732,6940713.98,4.115172414,26.29,320
511732.99,6940713.79,4.225711572,27.3,320
511734.91,6940713.41,4.485285381,29.25,320
511735.37,6940713.32,4.895862069,29.72,320
511735.7,6940713.26,5.676551724,30.05,320
511735.92,6940713.22,6.457241379,30.28,320
511736.1,6940713.18,7.237931034,30.46,320
511736.1,6940713.18,8.01862069,30.47,320
511735.67,6940713.26,8.799310345,30.03,320
511734.95,6940713.41,9.58,29.29,320
511734.55,6940713.48,9.58,28.88,320
511734.91,6940713.41,9.263736161,29.25,320
511735.34,6940713.33,8.799310345,29.69,320
511735.86,6940713.23,8.01862069,30.22,320
511735.91,6940713.22,7.237931034,30.26,320
511735.73,6940713.25,6.457241379,30.09,320
511735.46,6940713.31,5.676551724,29.81,320
511734.91,6940713.41,4.901911837,29.25,320
511734.9,6940713.42,4.895862069,29.24,320
511732.99,6940713.79,4.366271524,27.3,320
511731.08,6940714.16,4.143441723,25.35,320
511730.81,6940714.21,4.115172414,25.07,320
511729.17,6940714.53,3.928142414,23.4,320
511727.25,6940714.9,3.883159211,21.45,320
511725.34,6940715.28,4.105405422,19.5,320
511725.3,6940715.28,4.115172414,19.46,320
511723.42,6940715.65,4.737545019,17.55,320
511723.11,6940715.71,4.895862069,17.23,320
511722.12,6940715.9,5.676551724,16.22,320
511721.61,6940716,6.457241379,15.7,320
511721.51,6940716.02,6.9772214,15.6,320
511721.45,6940716.03,7.237931034,15.54,320
511721.51,6940716.02,7.502826534,15.6,320
511721.64,6940716,8.01862069,15.73,320
511722.16,6940715.89,8.799310345,16.26,320
511722.72,6940715.79,9.58,16.83,320
511722.08,6940715.91,9.58,16.18,320
511721.62,6940716,8.799310345,15.71,320
511721.51,6940716.02,8.628116046,15.6,320
511721.18,6940716.08,8.01862069,15.27,320
511721.07,6940716.11,7.237931034,15.15,320
511721.27,6940716.07,6.457241379,15.35,320
511721.51,6940716.02,6.081681279,15.6,320
511721.77,6940715.97,5.676551724,15.86,320
511722.71,6940715.79,4.895862069,16.81,320
511723.42,6940715.65,4.535774716,17.55,320
511724.69,6940715.4,4.115172414,18.84,320
511725.34,6940715.28,3.960451552,19.5,320
511727.25,6940714.9,3.763832953,21.45,320
511729.17,6940714.53,-0.147615843,23.4,320
511731.08,6940714.16,0.086917051,25.35,320
511731.6,6940714.06,0.211724138,25.88,320
511732.99,6940713.79,0.70173134,27.3,320
511733.57,6940713.67,0.992413793,27.88,320
511734.65,6940713.46,1.773103448,28.98,320
511734.91,6940713.41,2.041342106,29.25,320
511735.39,6940713.32,2.553793103,29.74,320
511736.07,6940713.19,3.334482759,30.43,320
511736.82,6940713.04,3.757226698,31.2,320
511738.73,6940712.67,3.913795627,33.14,320
511740.65,6940712.3,3.838819263,35.09,320
511742.56,6940711.92,3.71686449,37.04,320
511744.48,6940711.55,3.670981342,38.99,320
511746.39,6940711.18,3.900591539,40.94,320
511747.2,6940711.02,4.115172414,41.77,320
511748.3,6940710.81,4.413584572,42.89,320
511750.22,6940710.43,4.794678479,44.84,320
511751.25,6940710.23,4.895862069,45.9,320
511752.13,6940710.06,4.975596321,46.79,320
511754.04,6940709.69,5.033770023,48.74,320
511755.96,6940709.32,5.088962457,50.69,320
511757.87,6940708.94,5.235942643,52.64,320
511759.79,6940708.57,5.433853588,54.59,320
511761.7,6940708.2,5.559837653,56.54,320
511761.7,6940708.2,5.639841266,56.54,320
511759.79,6940708.57,5.519055672,54.59,320
511757.87,6940708.94,5.327588804,52.64,320
511755.96,6940709.32,5.182889275,50.69,320
511754.04,6940709.69,5.126418968,48.74,320
511752.13,6940710.06,5.069882739,46.79,320
511750.22,6940710.43,4.895985551,44.84,320
511750.22,6940710.43,4.895862069,44.84,320
511748.3,6940710.81,4.530086288,42.89,320
511746.77,6940711.11,4.115172414,41.33,320
511746.39,6940711.18,4.014497643,40.94,320
511744.48,6940711.55,3.769017289,38.99,320
511742.56,6940711.92,3.803873841,37.04,320
511740.65,6940712.3,3.929681865,35.09,320
511738.73,6940712.67,4.03607338,33.14,320
511736.82,6940713.04,4.018215189,31.2,320
511735.61,6940713.28,3.334482759,29.96,320
511735.08,6940713.38,2.553793103,29.43,320
511734.91,6940713.41,2.366109833,29.25,320
511734.33,6940713.53,1.773103448,28.66,320
511733.25,6940713.74,0.992413793,27.56,320
511732.99,6940713.79,0.859975822,27.3,320
511731.15,6940714.14,0.211724138,25.42,320
511731.08,6940714.16,0.194836848,25.35,320
511729.17,6940714.53,-0.049527177,23.4,320
511727.25,6940714.9,-0.112872525,21.45,320
511725.34,6940715.28,-0.068020839,19.5,320
511723.42,6940715.65,0.03892542,17.55,320
511721.51,6940716.02,0.203433204,15.6,320
511721.45,6940716.03,0.211724138,15.54,320
511719.6,6940716.39,0.54949056,13.65,320
511718.17,6940716.67,0.992413793,12.2,320
511717.68,6940716.77,1.160707073,11.7,320
511716.22,6940717.05,1.773103448,10.2,320
511715.77,6940717.14,1.919514433,9.75,320
511713.86,6940717.51,2.468925553,7.8,320
511713.46,6940717.59,2.553793103,7.4,320
511711.94,6940717.88,2.820361363,5.85,320
511710.03,6940718.26,3.037825097,3.9,320
511708.11,6940718.63,3.118611355,1.95,320
511706.2,6940719,3.104223285,0,320
511706.2,6940719,3.006043335,0,320
511708.11,6940718.63,3.023672749,1.95,320
511710.03,6940718.26,2.948238318,3.9,320
511711.94,6940717.88,2.732115935,5.85,320
511712.96,6940717.68,2.553793103,6.89,320
511713.86,6940717.51,2.360151682,7.8,320
511715.77,6940717.14,1.782546049,9.75,320
511715.8,6940717.13,1.773103448,9.78,320
511717.67,6940716.77,0.992413793,11.69,320
511717.68,6940716.77,0.98669753,11.7,320
511719.6,6940716.39,0.390777671,13.65,320
511720.58,6940716.2,0.211724138,14.65,320
511721.51,6940716.02,0.081220151,15.6,320
511723.42,6940715.65,-0.071862874,17.55,320
511725.34,6940715.28,-0.169549136,19.5,320
511727.25,6940714.9,-0.20931564,21.45,320
511729.17,6940714.53,3.928142414,23.4,325
511730.81,6940714.21,4.115172414,25.07,325
511731.08,6940714.16,4.143441723,25.35,325
511732.99,6940713.79,4.366271524,27.3,325
511734.9,6940713.42,4.895862069,29.24,325
511734.91,6940713.41,4.901911837,29.25,325
511735.46,6940713.31,5.676551724,29.81,325
511735.73,6940713.25,6.457241379,30.09,325
511735.91,6940713.22,7.237931034,30.26,325
511735.86,6940713.23,8.01862069,30.22,325
511735.34,6940713.33,8.799310345,29.69,325
511734.91,6940713.41,9.263736161,29.25,325
511734.55,6940713.48,9.58,28.88,325
511734.15,6940713.56,9.58,28.47,325
511734.91,6940713.41,8.91255821,29.25,325
511735.01,6940713.39,8.799310345,29.35,325
511735.62,6940713.27,8.01862069,29.98,325
511735.71,6940713.26,7.237931034,30.07,325
511735.55,6940713.29,6.457241379,29.9,325
511735.23,6940713.35,5.676551724,29.57,325
511734.91,6940713.41,5.230703565,29.25,325
511734.39,6940713.51,4.895862069,28.72,325
511732.99,6940713.79,4.506831477,27.3,325
511731.08,6940714.16,4.249263797,25.35,325
511729.8,6940714.41,4.115172414,24.05,325
511729.17,6940714.53,4.04260666,23.4,325
511727.25,6940714.9,4.002485469,21.45,325
511726.29,6940715.09,4.115172414,20.47,325
511725.34,6940715.28,4.255799751,19.5,325
511723.52,6940715.63,4.895862069,17.64,325
511723.42,6940715.65,4.95236853,17.55,325
511722.47,6940715.83,5.676551724,16.57,325
511721.95,6940715.93,6.457241379,16.05,325
511721.82,6940715.96,7.237931034,15.92,325
511722.08,6940715.91,8.01862069,16.18,325
511722.71,6940715.79,8.799310345,16.82,325
511723.36,6940715.66,9.58,17.48,325
511722.72,6940715.79,9.58,16.83,325
511722.16,6940715.89,8.799310345,16.26,325
511721.64,6940716,8.01862069,15.73,325
511721.51,6940716.02,7.502826534,15.6,325
511721.45,6940716.03,7.237931034,15.54,325
511721.51,6940716.02,6.9772214,15.6,325
511721.61,6940716,6.457241379,15.7,325
511722.12,6940715.9,5.676551724,16.22,325
511723.11,6940715.71,4.895862069,17.23,325
511723.42,6940715.65,4.737545019,17.55,325
511725.3,6940715.28,4.115172414,19.46,325
511725.34,6940715.28,4.105405422,19.5,325
511727.25,6940714.9,3.883159211,21.45,325
511729.17,6940714.53,-0.245704509,23.4,325
511731.08,6940714.16,-0.021002747,25.35,325
511732.05,6940713.97,0.211724138,26.33,325
511732.99,6940713.79,0.543486858,27.3,325
511733.88,6940713.61,0.992413793,28.2,325
511734.91,6940713.41,1.733857698,29.25,325
511734.96,6940713.4,1.773103448,29.29,325
511735.7,6940713.26,2.553793103,30.05,325
511736.53,6940713.1,3.334482759,30.9,325
511736.82,6940713.04,3.496238206,31.2,325
511738.73,6940712.67,3.791517873,33.14,325
511740.65,6940712.3,3.747956661,35.09,325
511742.56,6940711.92,3.62985514,37.04,325
511744.48,6940711.55,3.572945396,38.99,325
511746.39,6940711.18,3.786685435,40.94,325
511747.63,6940710.94,4.115172414,42.21,325
511748.3,6940710.81,4.297082855,42.89,325
511750.22,6940710.43,4.693379408,44.84,325
511752.13,6940710.06,4.881173985,46.79,325
511752.59,6940709.97,4.895862069,47.26,325
511754.04,6940709.69,4.941121078,48.74,325
511755.96,6940709.32,4.995035639,50.69,325
511757.87,6940708.94,5.144296482,52.64,325
511759.79,6940708.57,5.348651504,54.59,325
511761.7,6940708.2,5.479834041,56.54,325
511761.7,6940708.2,5.559837653,56.54,325
511759.79,6940708.57,5.433853588,54.59,325
511757.87,6940708.94,5.235942643,52.64,325
511755.96,6940709.32,5.088962457,50.69,325
511754.04,6940709.69,5.033770023,48.74,325
511752.13,6940710.06,4.975596321,46.79,325
511751.25,6940710.23,4.895862069,45.9,325
511750.22,6940710.43,4.794678479,44.84,325
511748.3,6940710.81,4.413584572,42.89,325
511747.2,6940711.02,4.115172414,41.77,325
511746.39,6940711.18,3.900591539,40.94,325
511744.48,6940711.55,3.670981342,38.99,325
511742.56,6940711.92,3.71686449,37.04,325
511740.65,6940712.3,3.838819263,35.09,325
511738.73,6940712.67,3.913795627,33.14,325
511736.82,6940713.04,3.757226698,31.2,325
511736.07,6940713.19,3.334482759,30.43,325
511735.39,6940713.32,2.553793103,29.74,325
511734.91,6940713.41,2.041342106,29.25,325
511734.65,6940713.46,1.773103448,28.98,325
511733.57,6940713.67,0.992413793,27.88,325
511732.99,6940713.79,0.70173134,27.3,325
511731.6,6940714.06,0.211724138,25.88,325
511731.08,6940714.16,0.086917051,25.35,325
511729.17,6940714.53,-0.147615843,23.4,325
511727.25,6940714.9,-0.20931564,21.45,325
511725.34,6940715.28,-0.169549136,19.5,325
511723.42,6940715.65,-0.071862874,17.55,325
511721.51,6940716.02,0.081220151,15.6,325
511720.58,6940716.2,0.211724138,14.65,325
511719.6,6940716.39,0.390777671,13.65,325
511717.68,6940716.77,0.98669753,11.7,325
511717.67,6940716.77,0.992413793,11.69,325
511715.8,6940717.13,1.773103448,9.78,325
511715.77,6940717.14,1.782546049,9.75,325
511713.86,6940717.51,2.360151682,7.8,325
511712.96,6940717.68,2.553793103,6.89,325
511711.94,6940717.88,2.732115935,5.85,325
511710.03,6940718.26,2.948238318,3.9,325
511708.11,6940718.63,3.023672749,1.95,325
511706.2,6940719,3.006043335,0,325
511706.2,6940719,2.907863385,0,325
511708.11,6940718.63,2.928734142,1.95,325
511710.03,6940718.26,2.858651539,3.9,325
511711.94,6940717.88,2.643870507,5.85,325
511712.46,6940717.78,2.553793103,6.37,325
511713.86,6940717.51,2.25137781,7.8,325
511715.43,6940717.2,1.773103448,9.41,325
511715.77,6940717.14,1.637492565,9.75,325
511717.32,6940716.84,0.992413793,11.33,325
511717.68,6940716.77,0.827114521,11.7,325
511719.6,6940716.39,0.232064782,13.65,325
511719.71,6940716.37,0.211724138,13.76,325
511721.51,6940716.02,-0.040992903,15.6,325
511723.42,6940715.65,-0.182651168,17.55,325
511725.34,6940715.28,-0.271077433,19.5,325
511727.25,6940714.9,-0.305758755,21.45,325
511729.17,6940714.53,4.04260666,23.4,330
511729.8,6940714.41,4.115172414,24.05,330
511731.08,6940714.16,4.249263797,25.35,330
511732.99,6940713.79,4.506831477,27.3,330
511734.39,6940713.51,4.895862069,28.72,330
511734.91,6940713.41,5.230703565,29.25,330
511735.23,6940713.35,5.676551724,29.57,330
511735.55,6940713.29,6.457241379,29.9,330
511735.71,6940713.26,7.237931034,30.07,330
511735.62,6940713.27,8.01862069,29.98,330
511735.01,6940713.39,8.799310345,29.35,330
511734.91,6940713.41,8.91255821,29.25,330
511734.15,6940713.56,9.58,28.47,330
511733.75,6940713.64,9.58,28.06,330
511734.68,6940713.46,8.799310345,29.02,330
511734.91,6940713.41,8.601029922,29.25,330
511735.38,6940713.32,8.01862069,29.73,330
511735.52,6940713.29,7.237931034,29.87,330
511735.36,6940713.33,6.457241379,29.71,330
511734.99,6940713.4,5.676551724,29.33,330
511734.91,6940713.41,5.559495293,29.25,330
511733.89,6940713.61,4.895862069,28.21,330
511732.99,6940713.79,4.64739143,27.3,330
511731.08,6940714.16,4.355085872,25.35,330
511729.17,6940714.53,4.153828719,23.4,330
511727.25,6940714.9,4.121914677,21.45,330
511725.34,6940715.28,4.406587142,19.5,330
511723.95,6940715.55,4.895862069,18.08,330
511723.42,6940715.65,5.214749943,17.55,330
511722.81,6940715.77,5.676551724,16.92,330
511722.29,6940715.87,6.457241379,16.4,330
511722.2,6940715.89,7.237931034,16.3,330
511722.52,6940715.82,8.01862069,16.63,330
511723.25,6940715.68,8.799310345,17.37,330
511723.42,6940715.65,9.004471049,17.55,330
511724,6940715.54,9.58,18.13,330
511723.36,6940715.66,9.58,17.48,330
511722.71,6940715.79,8.799310345,16.82,330
511722.08,6940715.91,8.01862069,16.18,330
511721.82,6940715.96,7.237931034,15.92,330
511721.95,6940715.93,6.457241379,16.05,330
511722.47,6940715.83,5.676551724,16.57,330
511723.42,6940715.65,4.95236853,17.55,330
511723.52,6940715.63,4.895862069,17.64,330
511725.34,6940715.28,4.255799751,19.5,330
511726.29,6940715.09,4.115172414,20.47,330
511727.25,6940714.9,4.002485469,21.45,330
511729.17,6940714.53,-0.343793175,23.4,330
511731.08,6940714.16,-0.128922544,25.35,330
511732.5,6940713.88,0.211724138,26.79,330
511732.99,6940713.79,0.385242377,27.3,330
511734.19,6940713.55,0.992413793,28.52,330
511734.91,6940713.41,1.508385156,29.25,330
511735.23,6940713.35,1.773103448,29.58,330
511736.01,6940713.2,2.553793103,30.37,330
511736.82,6940713.04,3.236430428,31.2,330
511737.05,6940713,3.334482759,31.43,330
511738.73,6940712.67,3.669240119,33.14,330
511740.65,6940712.3,3.65709406,35.09,330
511742.56,6940711.92,3.54284579,37.04,330
511744.48,6940711.55,3.474909449,38.99,330
511746.39,6940711.18,3.672779331,40.94,330
511748.06,6940710.85,4.115172414,42.65,330
511748.3,6940710.81,4.180581138,42.89,330
511750.22,6940710.43,4.592080337,44.84,330
511752.13,6940710.06,4.786006925,46.79,330
511754.04,6940709.69,4.847006284,48.74,330
511755.77,6940709.35,4.895862069,50.5,330
511755.96,6940709.32,4.901108821,50.69,330
511757.87,6940708.94,5.052650321,52.64,330
511759.79,6940708.57,5.26344942,54.59,330
511761.7,6940708.2,5.399830428,56.54,330
511761.7,6940708.2,5.479834041,56.54,330
511759.79,6940708.57,5.348651504,54.59,330
511757.87,6940708.94,5.144296482,52.64,330
511755.96,6940709.32,4.995035639,50.69,330
511754.04,6940709.69,4.941121078,48.74,330
511752.59,6940709.97,4.895862069,47.26,330
511752.13,6940710.06,4.881173985,46.79,330
511750.22,6940710.43,4.693379408,44.84,330
511748.3,6940710.81,4.297082855,42.89,330
511747.63,6940710.94,4.115172414,42.21,330
511746.39,6940711.18,3.786685435,40.94,330
511744.48,6940711.55,3.572945396,38.99,330
511742.56,6940711.92,3.62985514,37.04,330
511740.65,6940712.3,3.747956661,35.09,330
511738.73,6940712.67,3.791517873,33.14,330
511736.82,6940713.04,3.496238206,31.2,330
511736.53,6940713.1,3.334482759,30.9,330
511735.7,6940713.26,2.553793103,30.05,330
511734.96,6940713.4,1.773103448,29.29,330
511734.91,6940713.41,1.733857698,29.25,330
511733.88,6940713.61,0.992413793,28.2,330
511732.99,6940713.79,0.543486858,27.3,330
511732.05,6940713.97,0.211724138,26.33,330
511731.08,6940714.16,-0.021002747,25.35,330
511729.17,6940714.53,-0.245704509,23.4,330
511727.25,6940714.9,-0.305758755,21.45,330
511725.34,6940715.28,-0.271077433,19.5,330
511723.42,6940715.65,-0.182651168,17.55,330
511721.51,6940716.02,-0.040992903,15.6,330
511719.71,6940716.37,0.211724138,13.76,330
511719.6,6940716.39,0.232064782,13.65,330
511717.68,6940716.77,0.827114521,11.7,330
511717.32,6940716.84,0.992413793,11.33,330
511715.77,6940717.14,1.637492565,9.75,330
511715.43,6940717.2,1.773103448,9.41,330
511713.86,6940717.51,2.25137781,7.8,330
511712.46,6940717.78,2.553793103,6.37,330
511711.94,6940717.88,2.643870507,5.85,330
511710.03,6940718.26,2.858651539,3.9,330
511708.11,6940718.63,2.928734142,1.95,330
511706.2,6940719,2.907863385,0,330
511706.2,6940719,2.809683435,0,330
511708.11,6940718.63,2.833795536,1.95,330
511710.03,6940718.26,2.769064759,3.9,330
511711.94,6940717.88,2.555625079,5.85,330
511711.95,6940717.88,2.553793103,5.86,330
511713.86,6940717.51,2.142603939,7.8,330
511715.08,6940717.27,1.773103448,9.04,330
511715.77,6940717.14,1.491840423,9.75,330
511716.97,6940716.9,0.992413793,10.97,330
511717.68,6940716.77,0.667531512,11.7,330
511719.15,6940716.48,0.211724138,13.19,330
511719.6,6940716.39,0.093052494,13.65,330
511721.51,6940716.02,-0.163205957,15.6,330
511723.42,6940715.65,-0.293439462,17.55,330
511725.34,6940715.28,-0.37260573,19.5,330
511727.25,6940714.9,-0.40220187,21.45,330
511729.17,6940714.53,4.153828719,23.4,335
511731.08,6940714.16,4.355085872,25.35,335
511732.99,6940713.79,4.64739143,27.3,335
511733.89,6940713.61,4.895862069,28.21,335
511734.91,6940713.41,5.559495293,29.25,335
511734.99,6940713.4,5.676551724,29.33,335
511735.36,6940713.33,6.457241379,29.71,335
511735.52,6940713.29,7.237931034,29.87,335
511735.38,6940713.32,8.01862069,29.73,335
511734.91,6940713.41,8.601029922,29.25,335
511734.68,6940713.46,8.799310345,29.02,335
511733.75,6940713.64,9.58,28.06,335
511733.35,6940713.72,9.58,27.66,335
511734.36,6940713.52,8.799310345,28.69,335
511734.91,6940713.41,8.308373731,29.25,335
511735.14,6940713.37,8.01862069,29.49,335
511735.33,6940713.33,7.237931034,29.68,335
511735.17,6940713.36,6.457241379,29.52,335
511734.91,6940713.41,5.91959918,29.25,335
511734.73,6940713.45,5.676551724,29.07,335
511733.38,6940713.71,4.895862069,27.69,335
511732.99,6940713.79,4.787951382,27.3,335
511731.08,6940714.16,4.460907946,25.35,335
511729.17,6940714.53,4.259435496,23.4,335
511727.25,6940714.9,4.243091233,21.45,335
511725.34,6940715.28,4.557374533,19.5,335
511724.37,6940715.46,4.895862069,18.52,335
511723.42,6940715.65,5.477131355,17.55,335
511723.16,6940715.7,5.676551724,17.28,335
511722.64,6940715.8,6.457241379,16.74,335
511722.57,6940715.82,7.237931034,16.67,335
511722.96,6940715.74,8.01862069,17.08,335
511723.42,6940715.65,8.492715302,17.55,335
511723.8,6940715.58,8.799310345,17.93,335
511724.64,6940715.41,9.58,18.79,335
511724,6940715.54,9.58,18.13,335
511723.42,6940715.65,9.004471049,17.55,335
511723.25,6940715.68,8.799310345,17.37,335
511722.52,6940715.82,8.01862069,16.63,335
511722.2,6940715.89,7.237931034,16.3,335
511722.29,6940715.87,6.457241379,16.4,335
511722.81,6940715.77,5.676551724,16.92,335
511723.42,6940715.65,5.214749943,17.55,335
511723.95,6940715.55,4.895862069,18.08,335
511725.34,6940715.28,4.406587142,19.5,335
511727.25,6940714.9,4.121914677,21.45,335
511729.17,6940714.53,-0.441881841,23.4,335
511731.08,6940714.16,-0.236842341,25.35,335
511732.95,6940713.79,0.211724138,27.25,335
511732.99,6940713.79,0.226997895,27.3,335
511734.5,6940713.49,0.992413793,28.84,335
511734.91,6940713.41,1.282912615,29.25,335
511735.51,6940713.3,1.773103448,29.86,335
511736.31,6940713.14,2.553793103,30.68,335
511736.82,6940713.04,2.97854728,31.2,335
511737.67,6940712.88,3.334482759,32.06,335
511738.73,6940712.67,3.546962366,33.14,335
511740.65,6940712.3,3.566231458,35.09,335
511742.56,6940711.92,3.45583644,37.04,335
511744.48,6940711.55,3.376873502,38.99,335
511746.39,6940711.18,3.558873227,40.94,335
511748.3,6940710.81,4.062029058,42.89,335
511748.51,6940710.77,4.115172414,43.1,335
511750.22,6940710.43,4.490781266,44.84,335
511752.13,6940710.06,4.690839864,46.79,335
511754.04,6940709.69,4.751491553,48.74,335
511755.96,6940709.32,4.803813323,50.69,335
511757.05,6940709.1,4.895862069,51.8,335
511757.87,6940708.94,4.96100416,52.64,335
511759.79,6940708.57,5.178247336,54.59,335
511761.7,6940708.2,5.319826815,56.54,335
511761.7,6940708.2,5.399830428,56.54,335
511759.79,6940708.57,5.26344942,54.59,335
511757.87,6940708.94,5.052650321,52.64,335
511755.96,6940709.32,4.901108821,50.69,335
511755.77,6940709.35,4.895862069,50.5,335
511754.04,6940709.69,4.847006284,48.74,335
511752.13,6940710.06,4.786006925,46.79,335
511750.22,6940710.43,4.592080337,44.84,335
511748.3,6940710.81,4.180581138,42.89,335
511748.06,6940710.85,4.115172414,42.65,335
511746.39,6940711.18,3.672779331,40.94,335
511744.48,6940711.55,3.474909449,38.99,335
511742.56,6940711.92,3.54284579,37.04,335
511740.65,6940712.3,3.65709406,35.09,335
511738.73,6940712.67,3.669240119,33.14,335
511737.05,6940713,3.334482759,31.43,335
511736.82,6940713.04,3.236430428,31.2,335
511736.01,6940713.2,2.553793103,30.37,335
511735.23,6940713.35,1.773103448,29.58,335
511734.91,6940713.41,1.508385156,29.25,335
511734.19,6940713.55,0.992413793,28.52,335
511732.99,6940713.79,0.385242377,27.3,335
511732.5,6940713.88,0.211724138,26.79,335
511731.08,6940714.16,-0.128922544,25.35,335
511729.17,6940714.53,-0.343793175,23.4,335
511727.25,6940714.9,-0.40220187,21.45,335
511725.34,6940715.28,-0.37260573,19.5,335
511723.42,6940715.65,-0.293439462,17.55,335
511721.51,6940716.02,-0.163205957,15.6,335
511719.6,6940716.39,0.093052494,13.65,335
511719.15,6940716.48,0.211724138,13.19,335
511717.68,6940716.77,0.667531512,11.7,335
511716.97,6940716.9,0.992413793,10.97,335
511715.77,6940717.14,1.491840423,9.75,335
511715.08,6940717.27,1.773103448,9.04,335
511713.86,6940717.51,2.142603939,7.8,335
511711.95,6940717.88,2.553793103,5.86,335
511711.94,6940717.88,2.555625079,5.85,335
511710.03,6940718.26,2.769064759,3.9,335
511708.11,6940718.63,2.833795536,1.95,335
511706.2,6940719,2.809683435,0,335
511706.2,6940719,2.711503485,0,335
511708.11,6940718.63,2.738856929,1.95,335
511710.03,6940718.26,2.67947798,3.9,335
511711.15,6940718.04,2.553793103,5.05,335
511711.94,6940717.88,2.45398443,5.85,335
511713.86,6940717.51,2.033830067,7.8,335
511714.72,6940717.34,1.773103448,8.68,335
511715.77,6940717.14,1.346188281,9.75,335
511716.62,6940716.97,0.992413793,10.62,335
511717.68,6940716.77,0.507948503,11.7,335
511718.64,6940716.58,0.211724138,12.67,335
511719.6,6940716.39,-0.043063817,13.65,335
511721.51,6940716.02,-0.285419011,15.6,335
511723.42,6940715.65,-0.404227756,17.55,335
511725.34,6940715.28,-0.474134027,19.5,335
511727.25,6940714.9,-0.498644984,21.45,335
511729.17,6940714.53,4.259435496,23.4,340
511731.08,6940714.16,4.460907946,25.35,340
511732.99,6940713.79,4.787951382,27.3,340
511733.38,6940713.71,4.895862069,27.69,340
511734.73,6940713.45,5.676551724,29.07,340
511734.91,6940713.41,5.91959918,29.25,340
511735.17,6940713.36,6.457241379,29.52,340
511735.33,6940713.33,7.237931034,29.68,340
511735.14,6940713.37,8.01862069,29.49,340
511734.91,6940713.41,8.308373731,29.25,340
511734.36,6940713.52,8.799310345,28.69,340
511733.35,6940713.72,9.58,27.66,340
511732.93,6940713.8,9.58,27.23,340
511732.99,6940713.79,9.553172406,27.3,340
511734.03,6940713.58,8.799310345,28.35,340
511734.9,6940713.41,8.01862069,29.24,340
511734.91,6940713.41,8.012197605,29.25,340
511735.14,6940713.37,7.237931034,29.48,340
511734.99,6940713.4,6.457241379,29.33,340
511734.91,6940713.41,6.297013784,29.25,340
511734.46,6940713.5,5.676551724,28.79,340
511732.99,6940713.79,4.927811727,27.3,340
511732.86,6940713.81,4.895862069,27.16,340
511731.08,6940714.16,4.56673002,25.35,340
511729.17,6940714.53,4.365042274,23.4,340
511727.25,6940714.9,4.364267789,21.45,340
511725.34,6940715.28,4.708161924,19.5,340
511724.8,6940715.38,4.895862069,18.95,340
511723.51,6940715.63,5.676551724,17.64,340
511723.42,6940715.65,5.79691093,17.55,340
511722.98,6940715.74,6.457241379,17.09,340
511722.94,6940715.74,7.237931034,17.05,340
511723.4,6940715.65,8.01862069,17.52,340
511723.42,6940715.65,8.042713772,17.55,340
511724.34,6940715.47,8.799310345,18.48,340
511725.29,6940715.29,9.58,19.45,340
511724.64,6940715.41,9.58,18.79,340
511723.8,6940715.58,8.799310345,17.93,340
511723.42,6940715.65,8.492715302,17.55,340
511722.96,6940715.74,8.01862069,17.08,340
511722.57,6940715.82,7.237931034,16.67,340
511722.64,6940715.8,6.457241379,16.74,340
511723.16,6940715.7,5.676551724,17.28,340
511723.42,6940715.65,5.477131355,17.55,340
511724.37,6940715.46,4.895862069,18.52,340
511725.34,6940715.28,4.557374533,19.5,340
511727.25,6940714.9,4.243091233,21.45,340
511728.17,6940714.73,-0.568965517,22.38,340
511729.17,6940714.53,-0.539970508,23.4,340
511731.08,6940714.16,-0.344762138,25.35,340
511732.99,6940713.79,0.096771565,27.3,340
511733.31,6940713.72,0.211724138,27.62,340
511734.82,6940713.43,0.992413793,29.15,340
511734.91,6940713.41,1.057440074,29.25,340
511735.79,6940713.24,1.773103448,30.15,340
511736.62,6940713.08,2.553793103,30.99,340
511736.82,6940713.04,2.720664131,31.2,340
511738.28,6940712.76,3.334482759,32.68,340
511738.73,6940712.67,3.424684612,33.14,340
511740.65,6940712.3,3.475368857,35.09,340
511742.56,6940711.92,3.368827089,37.04,340
511743.35,6940711.77,3.334482759,37.84,340
511744.48,6940711.55,3.271748709,38.99,340
511745.18,6940711.41,3.334482759,39.71,340
511746.39,6940711.18,3.444967123,40.94,340
511748.3,6940710.81,3.940852126,42.89,340
511748.97,6940710.68,4.115172414,43.57,340
511750.22,6940710.43,4.389482194,44.84,340
511752.13,6940710.06,4.595672804,46.79,340
511754.04,6940709.69,4.655976822,48.74,340
511755.96,6940709.32,4.706318518,50.69,340
511757.87,6940708.94,4.867468999,52.64,340
511758.09,6940708.9,4.895862069,52.86,340
511759.79,6940708.57,5.093045252,54.59,340
511761.7,6940708.2,5.239823202,56.54,340
511761.7,6940708.2,5.319826815,56.54,340
511759.79,6940708.57,5.178247336,54.59,340
511757.87,6940708.94,4.96100416,52.64,340
511757.05,6940709.1,4.895862069,51.8,340
511755.96,6940709.32,4.803813323,50.69,340
511754.04,6940709.69,4.751491553,48.74,340
511752.13,6940710.06,4.690839864,46.79,340
511750.22,6940710.43,4.490781266,44.84,340
511748.51,6940710.77,4.115172414,43.1,340
511748.3,6940710.81,4.062029058,42.89,340
511746.39,6940711.18,3.558873227,40.94,340
511744.48,6940711.55,3.376873502,38.99,340
511742.56,6940711.92,3.45583644,37.04,340
511740.65,6940712.3,3.566231458,35.09,340
511738.73,6940712.67,3.546962366,33.14,340
511737.67,6940712.88,3.334482759,32.06,340
511736.82,6940713.04,2.97854728,31.2,340
511736.31,6940713.14,2.553793103,30.68,340
511735.51,6940713.3,1.773103448,29.86,340
511734.91,6940713.41,1.282912615,29.25,340
511734.5,6940713.49,0.992413793,28.84,340
511732.99,6940713.79,0.226997895,27.3,340
511732.95,6940713.79,0.211724138,27.25,340
511731.08,6940714.16,-0.236842341,25.35,340
511729.17,6940714.53,-0.441881841,23.4,340
511727.25,6940714.9,-0.498644984,21.45,340
511725.34,6940715.28,-0.474134027,19.5,340
511723.42,6940715.65,-0.404227756,17.55,340
511721.51,6940716.02,-0.285419011,15.6,340
511719.6,6940716.39,-0.043063817,13.65,340
511718.64,6940716.58,0.211724138,12.67,340
511717.68,6940716.77,0.507948503,11.7,340
511716.62,6940716.97,0.992413793,10.62,340
511715.77,6940717.14,1.346188281,9.75,340
511714.72,6940717.34,1.773103448,8.68,340
511713.86,6940717.51,2.033830067,7.8,340
511711.94,6940717.88,2.45398443,5.85,340
511711.15,6940718.04,2.553793103,5.05,340
511710.03,6940718.26,2.67947798,3.9,340
511708.11,6940718.63,2.738856929,1.95,340
511706.2,6940719,2.711503485,0,340
511706.2,6940719,2.613323534,0,340
511708.11,6940718.63,2.643918323,1.95,340
511710.03,6940718.26,2.5898912,3.9,340
511710.35,6940718.19,2.553793103,4.23,340
511711.94,6940717.88,2.352059801,5.85,340
511713.86,6940717.51,1.925056196,7.8,340
511714.36,6940717.41,1.773103448,8.31,340
511715.77,6940717.14,1.200536139,9.75,340
511716.27,6940717.04,0.992413793,10.26,340
511717.68,6940716.77,0.348365494,11.7,340
511718.12,6940716.68,0.211724138,12.15,340
511719.6,6940716.39,-0.179180128,13.65,340
511721.51,6940716.02,-0.407632065,15.6,340
511723.42,6940715.65,-0.51501605,17.55,340
511725.11,6940715.32,-0.568965517,19.26,340
511725.34,6940715.28,-0.574671863,19.5,340
511727.25,6940714.9,-0.590938471,21.45,340
511729.17,6940714.53,4.365042274,23.4,345
511731.08,6940714.16,4.56673002,25.35,345
511732.86,6940713.81,4.895862069,27.16,345
511732.99,6940713.79,4.927811727,27.3,345
511734.46,6940713.5,5.676551724,28.79,345
511734.91,6940713.41,6.297013784,29.25,345
511734.99,6940713.4,6.457241379,29.33,345
511735.14,6940713.37,7.237931034,29.48,345
511734.91,6940713.41,8.012197605,29.25,345
511734.9,6940713.41,8.01862069,29.24,345
511734.03,6940713.58,8.799310345,28.35,345
511732.99,6940713.79,9.553172406,27.3,345
511732.93,6940713.8,9.58,27.23,345
511732.34,6940713.91,9.58,26.63,345
511732.99,6940713.79,9.314747293,27.3,345
511733.7,6940713.65,8.799310345,28.02,345
511734.65,6940713.46,8.01862069,28.98,345
511734.91,6940713.41,7.364709254,29.25,345
511734.94,6940713.41,7.237931034,29.28,345
511734.91,6940713.41,7.039737125,29.25,345
511734.78,6940713.44,6.457241379,29.12,345
511734.19,6940713.55,5.676551724,28.52,345
511732.99,6940713.79,5.065359766,27.3,345
511732.29,6940713.92,4.895862069,26.58,345
511731.08,6940714.16,4.672552095,25.35,345
511729.17,6940714.53,4.470649052,23.4,345
511727.25,6940714.9,4.485444345,21.45,345
511725.34,6940715.28,4.858949316,19.5,345
511725.23,6940715.3,4.895862069,19.39,345
511723.87,6940715.56,5.676551724,18.01,345
511723.42,6940715.65,6.298491218,17.55,345
511723.32,6940715.67,6.457241379,17.44,345
511723.31,6940715.67,7.237931034,17.43,345
511723.42,6940715.65,7.430789912,17.55,345
511723.84,6940715.57,8.01862069,17.97,345
511724.88,6940715.36,8.799310345,19.03,345
511725.34,6940715.28,9.169401578,19.5,345
511726.03,6940715.14,9.58,20.2,345
511725.29,6940715.29,9.58,19.45,345
511724.34,6940715.47,8.799310345,18.48,345
511723.42,6940715.65,8.042713772,17.55,345
511723.4,6940715.65,8.01862069,17.52,345
511722.94,6940715.74,7.237931034,17.05,345
511722.98,6940715.74,6.457241379,17.09,345
511723.42,6940715.65,5.79691093,17.55,345
511723.51,6940715.63,5.676551724,17.64,345
511724.8,6940715.38,4.895862069,18.95,345
511725.34,6940715.28,4.708161924,19.5,345
511727.25,6940714.9,4.364267789,21.45,345
511729.17,6940714.53,-0.627014259,23.4,345
511729.92,6940714.38,-0.568965517,24.17,345
511731.08,6940714.16,-0.452681936,25.35,345
511732.99,6940713.79,-0.030461547,27.3,345
511733.66,6940713.66,0.211724138,27.98,345
511734.91,6940713.41,0.861276065,29.25,345
511735.11,6940713.37,0.992413793,29.46,345
511736.07,6940713.19,1.773103448,30.43,345
511736.82,6940713.04,2.463448873,31.2,345
511736.95,6940713.02,2.553793103,31.33,345
511738.73,6940712.67,3.293995923,33.14,345
511739.35,6940712.55,3.334482759,33.77,345
511740.65,6940712.3,3.384506255,35.09,345
511741.56,6940712.12,3.334482759,36.02,345
511742.56,6940711.92,3.270375507,37.04,345
511744.48,6940711.55,3.161223605,38.99,345
511746.39,6940711.18,3.330678026,40.94,345
511746.4,6940711.18,3.334482759,40.96,345
511748.3,6940710.81,3.819675194,42.89,345
511749.43,6940710.59,4.115172414,44.04,345
511750.22,6940710.43,4.288183123,44.84,345
511752.13,6940710.06,4.500505744,46.79,345
511754.04,6940709.69,4.56046209,48.74,345
511755.96,6940709.32,4.608823712,50.69,345
511757.87,6940708.94,4.769291024,52.64,345
511758.82,6940708.76,4.895862069,53.61,345
511759.79,6940708.57,5.007843168,54.59,345
511761.7,6940708.2,5.159819589,56.54,345
511761.7,6940708.2,5.239823202,56.54,345
511759.79,6940708.57,5.093045252,54.59,345
511758.09,6940708.9,4.895862069,52.86,345
511757.87,6940708.94,4.867468999,52.64,345
511755.96,6940709.32,4.706318518,50.69,345
511754.04,6940709.69,4.655976822,48.74,345
511752.13,6940710.06,4.595672804,46.79,345
511750.22,6940710.43,4.389482194,44.84,345
511748.97,6940710.68,4.115172414,43.57,345
511748.3,6940710.81,3.940852126,42.89,345
511746.39,6940711.18,3.444967123,40.94,345
511745.18,6940711.41,3.334482759,39.71,345
511744.48,6940711.55,3.271748709,38.99,345
511743.35,6940711.77,3.334482759,37.84,345
511742.56,6940711.92,3.368827089,37.04,345
511740.65,6940712.3,3.475368857,35.09,345
511738.73,6940712.67,3.424684612,33.14,345
511738.28,6940712.76,3.334482759,32.68,345
511736.82,6940713.04,2.720664131,31.2,345
511736.62,6940713.08,2.553793103,30.99,345
511735.79,6940713.24,1.773103448,30.15,345
511734.91,6940713.41,1.057440074,29.25,345
511734.82,6940713.43,0.992413793,29.15,345
511733.31,6940713.72,0.211724138,27.62,345
511732.99,6940713.79,0.096771565,27.3,345
511731.08,6940714.16,-0.344762138,25.35,345
511729.17,6940714.53,-0.539970508,23.4,345
511728.17,6940714.73,-0.568965517,22.38,345
511727.25,6940714.9,-0.590938471,21.45,345
511725.34,6940715.28,-0.574671863,19.5,345
511725.11,6940715.32,-0.568965517,19.26,345
511723.42,6940715.65,-0.51501605,17.55,345
511721.51,6940716.02,-0.407632065,15.6,345
511719.6,6940716.39,-0.179180128,13.65,345
511718.12,6940716.68,0.211724138,12.15,345
511717.68,6940716.77,0.348365494,11.7,345
511716.27,6940717.04,0.992413793,10.26,345
511715.77,6940717.14,1.200536139,9.75,345
511714.36,6940717.41,1.773103448,8.31,345
511713.86,6940717.51,1.925056196,7.8,345
511711.94,6940717.88,2.352059801,5.85,345
511710.35,6940718.19,2.553793103,4.23,345
511710.03,6940718.26,2.5898912,3.9,345
511708.11,6940718.63,2.643918323,1.95,345
511706.2,6940719,2.613323534,0,345
511706.2,6940719,2.507485731,0,345
511708.11,6940718.63,2.548007884,1.95,345
511710.03,6940718.26,2.490064163,3.9,345
511711.94,6940717.88,2.250135173,5.85,345
511713.86,6940717.51,1.816282324,7.8,345
511714,6940717.48,1.773103448,7.94,345
511715.77,6940717.14,1.054883997,9.75,345
511715.92,6940717.11,0.992413793,9.9,345
511717.63,6940716.78,0.211724138,11.65,345
511717.68,6940716.77,0.189234028,11.7,345
511719.6,6940716.39,-0.315296438,13.65,345
511721.51,6940716.02,-0.529845119,15.6,345
511722.25,6940715.88,-0.568965517,16.35,345
511723.42,6940715.65,-0.618643779,17.55,345
511725.34,6940715.28,-0.661184074,19.5,345
511727.25,6940714.9,-0.67206139,21.45,345
511707.26,6940718.79,-6.814482759,1.08,345
511706.2,6940719,-6.435210215,0,345
511706.2,6940719,-7.344018964,0,345
511731.08,6940714.16,4.672552095,25.35,350
511732.29,6940713.92,4.895862069,26.58,350
511732.99,6940713.79,5.065359766,27.3,350
511734.19,6940713.55,5.676551724,28.52,350
511734.78,6940713.44,6.457241379,29.12,350
511734.91,6940713.41,7.039737125,29.25,350
511734.94,6940713.41,7.237931034,29.28,350
511734.91,6940713.41,7.364709254,29.25,350
511734.65,6940713.46,8.01862069,28.98,350
511733.7,6940713.65,8.799310345,28.02,350
511732.99,6940713.79,9.314747293,27.3,350
511732.34,6940713.91,9.58,26.63,350
511731.76,6940714.03,9.58,26.04,350
511732.99,6940713.79,9.076322179,27.3,350
511733.37,6940713.71,8.799310345,27.68,350
511734.4,6940713.51,8.01862069,28.73,350
511734.73,6940713.45,7.237931034,29.07,350
511734.57,6940713.48,6.457241379,28.9,350
511733.92,6940713.61,5.676551724,28.24,350
511732.99,6940713.79,5.202907804,27.3,350
511731.71,6940714.03,4.895862069,25.99,350
511731.08,6940714.16,4.778374169,25.35,350
511729.17,6940714.53,4.576255829,23.4,350
511727.25,6940714.9,4.606620901,21.45,350
511725.8,6940715.19,4.895862069,19.97,350
511725.34,6940715.28,5.051360874,19.5,350
511724.24,6940715.49,5.676551724,18.37,350
511723.66,6940715.6,6.457241379,17.79,350
511723.68,6940715.6,7.237931034,17.81,350
511724.28,6940715.48,8.01862069,18.42,350
511725.34,6940715.28,8.748718227,19.5,350
511725.44,6940715.26,8.799310345,19.6,350
511726.78,6940715,9.58,20.96,350
511726.03,6940715.14,9.58,20.2,350
511725.34,6940715.28,9.169401578,19.5,350
511724.88,6940715.36,8.799310345,19.03,350
511723.84,6940715.57,8.01862069,17.97,350
511723.42,6940715.65,7.430789912,17.55,350
511723.31,6940715.67,7.237931034,17.43,350
511723.32,6940715.67,6.457241379,17.44,350
511723.42,6940715.65,6.298491218,17.55,350
511723.87,6940715.56,5.676551724,18.01,350
511725.23,6940715.3,4.895862069,19.39,350
511725.34,6940715.28,4.858949316,19.5,350
511727.25,6940714.9,4.485444345,21.45,350
511729.17,6940714.53,4.470649052,23.4,350
511729.17,6940714.53,-0.709423036,23.4,350
511731,6940714.17,-0.568965517,25.26,350
511731.08,6940714.16,-0.560601733,25.35,350
511732.99,6940713.79,-0.15769466,27.3,350
511734.02,6940713.59,0.211724138,28.34,350
511734.91,6940713.41,0.676990331,29.25,350
511735.41,6940713.32,0.992413793,29.75,350
511736.35,6940713.13,1.773103448,30.71,350
511736.82,6940713.04,2.207458193,31.2,350
511737.32,6940712.94,2.553793103,31.71,350
511738.73,6940712.67,3.139654526,33.14,350
511740.65,6940712.3,3.281799921,35.09,350
511742.56,6940711.92,3.164462125,37.04,350
511744.48,6940711.55,3.0506985,38.99,350
511746.39,6940711.18,3.204022469,40.94,350
511746.88,6940711.08,3.334482759,41.44,350
511748.3,6940710.81,3.698498262,42.89,350
511749.89,6940710.5,4.115172414,44.51,350
511750.22,6940710.43,4.186884052,44.84,350
511752.13,6940710.06,4.405338684,46.79,350
511754.04,6940709.69,4.464947359,48.74,350
511755.96,6940709.32,4.511328907,50.69,350
511757.87,6940708.94,4.671113049,52.64,350
511759.56,6940708.62,4.895862069,54.36,350
511759.79,6940708.57,4.922641084,54.59,350
511761.7,6940708.2,5.079815976,56.54,350
511761.7,6940708.2,5.159819589,56.54,350
511759.79,6940708.57,5.007843168,54.59,350
511758.82,6940708.76,4.895862069,53.61,350
511757.87,6940708.94,4.769291024,52.64,350
511755.96,6940709.32,4.608823712,50.69,350
511754.04,6940709.69,4.56046209,48.74,350
511752.13,6940710.06,4.500505744,46.79,350
511750.22,6940710.43,4.288183123,44.84,350
511749.43,6940710.59,4.115172414,44.04,350
511748.3,6940710.81,3.819675194,42.89,350
511746.4,6940711.18,3.334482759,40.96,350
511746.39,6940711.18,3.330678026,40.94,350
511744.48,6940711.55,3.161223605,38.99,350
511742.56,6940711.92,3.270375507,37.04,350
511741.56,6940712.12,3.334482759,36.02,350
511740.65,6940712.3,3.384506255,35.09,350
511739.35,6940712.55,3.334482759,33.77,350
511738.73,6940712.67,3.293995923,33.14,350
511736.95,6940713.02,2.553793103,31.33,350
511736.82,6940713.04,2.463448873,31.2,350
511736.07,6940713.19,1.773103448,30.43,350
511735.11,6940713.37,0.992413793,29.46,350
511734.91,6940713.41,0.861276065,29.25,350
511733.66,6940713.66,0.211724138,27.98,350
511732.99,6940713.79,-0.030461547,27.3,350
511731.08,6940714.16,-0.452681936,25.35,350
511729.92,6940714.38,-0.568965517,24.17,350
511729.17,6940714.53,-0.627014259,23.4,350
511727.25,6940714.9,-0.67206139,21.45,350
511725.34,6940715.28,-0.661184074,19.5,350
511723.42,6940715.65,-0.618643779,17.55,350
511722.25,6940715.88,-0.568965517,16.35,350
511721.51,6940716.02,-0.529845119,15.6,350
511719.6,6940716.39,-0.315296438,13.65,350
511717.68,6940716.77,0.189234028,11.7,350
511717.63,6940716.78,0.211724138,11.65,350
511715.92,6940717.11,0.992413793,9.9,350
511715.77,6940717.14,1.054883997,9.75,350
511714,6940717.48,1.773103448,7.94,350
511713.86,6940717.51,1.816282324,7.8,350
511711.94,6940717.88,2.250135173,5.85,350
511710.03,6940718.26,2.490064163,3.9,350
511708.11,6940718.63,2.548007884,1.95,350
511706.2,6940719,2.507485731,0,350
511706.2,6940719,2.389852816,0,350
511708.11,6940718.63,2.433900997,1.95,350
511710.03,6940718.26,2.383326248,3.9,350
511711.94,6940717.88,2.148210544,5.85,350
511713.59,6940717.56,1.773103448,7.52,350
511713.86,6940717.51,1.693583706,7.8,350
511715.58,6940717.17,0.992413793,9.56,350
511715.77,6940717.14,0.899258226,9.75,350
511717.27,6940716.85,0.211724138,11.28,350
511717.68,6940716.77,0.032791974,11.7,350
511719.6,6940716.39,-0.451412749,13.65,350
511720.67,6940716.18,-0.568965517,14.74,350
511721.51,6940716.02,-0.644452021,15.6,350
511723.42,6940715.65,-0.715474944,17.55,350
511725.34,6940715.28,-0.747696285,19.5,350
511727.25,6940714.9,-0.753184309,21.45,350
511706.93,6940718.86,-7.595172414,0.74,350
511708.11,6940718.63,-7.018474068,1.95,350
511708.31,6940718.59,-6.814482759,2.15,350
511708.11,6940718.63,-6.60151345,1.95,350
511706.48,6940718.95,-6.033793103,0.29,350
511706.2,6940719,-5.996040473,0,350
511706.2,6940719,-6.435210215,0,350
511707.26,6940718.79,-6.814482759,1.08,350
511706.2,6940719,-7.344018964,0,350
511706.2,6940719,-7.69802784,0,350
511731.08,6940714.16,4.778374169,25.35,355
511731.71,6940714.03,4.895862069,25.99,355
511732.99,6940713.79,5.202907804,27.3,355
511733.92,6940713.61,5.676551724,28.24,355
511734.57,6940713.48,6.457241379,28.9,355
511734.73,6940713.45,7.237931034,29.07,355
511734.4,6940713.51,8.01862069,28.73,355
511733.37,6940713.71,8.799310345,27.68,355
511732.99,6940713.79,9.076322179,27.3,355
511731.76,6940714.03,9.58,26.04,355
511731.17,6940714.14,9.58,25.44,355
511732.99,6940713.79,8.837897065,27.3,355
511733.05,6940713.78,8.799310345,27.35,355
511734.14,6940713.56,8.01862069,28.47,355
511734.52,6940713.49,7.237931034,28.85,355
511734.36,6940713.52,6.457241379,28.68,355
511733.65,6940713.66,5.676551724,27.97,355
511732.99,6940713.79,5.340455843,27.3,355
511731.14,6940714.15,4.895862069,25.41,355
511731.08,6940714.16,4.884196243,25.35,355
511729.17,6940714.53,4.681862607,23.4,355
511727.25,6940714.9,4.727797457,21.45,355
511726.41,6940715.07,4.895862069,20.59,355
511725.34,6940715.28,5.257265011,19.5,355
511724.6,6940715.42,5.676551724,18.74,355
511724.01,6940715.53,6.457241379,18.15,355
511724.06,6940715.53,7.237931034,18.19,355
511724.72,6940715.4,8.01862069,18.87,355
511725.34,6940715.28,8.445662531,19.5,355
511726.04,6940715.14,8.799310345,20.21,355
511727.25,6940714.9,9.460940134,21.45,355
511727.78,6940714.8,9.58,21.98,355
511726.78,6940715,9.58,20.96,355
511725.44,6940715.26,8.799310345,19.6,355
511725.34,6940715.28,8.748718227,19.5,355
511724.28,6940715.48,8.01862069,18.42,355
511723.68,6940715.6,7.237931034,17.81,355
511723.66,6940715.6,6.457241379,17.79,355
511724.24,6940715.49,5.676551724,18.37,355
511725.34,6940715.28,5.051360874,19.5,355
511725.8,6940715.19,4.895862069,19.97,355
511727.25,6940714.9,4.606620901,21.45,355
511729.17,6940714.53,4.576255829,23.4,355
511729.17,6940714.53,-0.791831812,23.4,355
511731.08,6940714.16,-0.653470412,25.35,355
511731.64,6940714.05,-0.568965517,25.92,355
511732.99,6940713.79,-0.284927772,27.3,355
511734.37,6940713.52,0.211724138,28.7,355
511734.91,6940713.41,0.492704597,29.25,355
511735.7,6940713.26,0.992413793,30.05,355
511736.63,6940713.08,1.773103448,31,355
511736.82,6940713.04,1.951467514,31.2,355
511737.7,6940712.87,2.553793103,32.09,355
511738.73,6940712.67,2.985313129,33.14,355
511740.65,6940712.3,3.164586292,35.09,355
511742.56,6940711.92,3.058548743,37.04,355
511744.48,6940711.55,2.940173396,38.99,355
511746.39,6940711.18,3.077366912,40.94,355
511747.35,6940710.99,3.334482759,41.92,355
511748.3,6940710.81,3.57732133,42.89,355
511750.22,6940710.43,4.079966708,44.84,355
511750.46,6940710.39,4.115172414,45.09,355
511752.13,6940710.06,4.310171624,46.79,355
511754.04,6940709.69,4.369432628,48.74,355
511755.96,6940709.32,4.413834101,50.69,355
511757.87,6940708.94,4.572935075,52.64,355
511759.79,6940708.57,4.829336217,54.59,355
511760.45,6940708.44,4.895862069,55.26,355
511761.7,6940708.2,4.999812363,56.54,355
511761.7,6940708.2,5.079815976,56.54,355
511759.79,6940708.57,4.922641084,54.59,355
511759.56,6940708.62,4.895862069,54.36,355
511757.87,6940708.94,4.671113049,52.64,355
511755.96,6940709.32,4.511328907,50.69,355
511754.04,6940709.69,4.464947359,48.74,355
511752.13,6940710.06,4.405338684,46.79,355
511750.22,6940710.43,4.186884052,44.84,355
511749.89,6940710.5,4.115172414,44.51,355
511748.3,6940710.81,3.698498262,42.89,355
511746.88,6940711.08,3.334482759,41.44,355
511746.39,6940711.18,3.204022469,40.94,355
511744.48,6940711.55,3.0506985,38.99,355
511742.56,6940711.92,3.164462125,37.04,355
511740.65,6940712.3,3.281799921,35.09,355
511738.73,6940712.67,3.139654526,33.14,355
511737.32,6940712.94,2.553793103,31.71,355
511736.82,6940713.04,2.207458193,31.2,355
511736.35,6940713.13,1.773103448,30.71,355
511735.41,6940713.32,0.992413793,29.75,355
511734.91,6940713.41,0.676990331,29.25,355
511734.02,6940713.59,0.211724138,28.34,355
511732.99,6940713.79,-0.15769466,27.3,355
511731.08,6940714.16,-0.560601733,25.35,355
511731,6940714.17,-0.568965517,25.26,355
511729.17,6940714.53,-0.709423036,23.4,355
511727.25,6940714.9,-0.753184309,21.45,355
511725.34,6940715.28,-0.747696285,19.5,355
511723.42,6940715.65,-0.715474944,17.55,355
511721.51,6940716.02,-0.644452021,15.6,355
511720.67,6940716.18,-0.568965517,14.74,355
511719.6,6940716.39,-0.451412749,13.65,355
511717.68,6940716.77,0.032791974,11.7,355
511717.27,6940716.85,0.211724138,11.28,355
511715.77,6940717.14,0.899258226,9.75,355
511715.58,6940717.17,0.992413793,9.56,355
511713.86,6940717.51,1.693583706,7.8,355
511713.59,6940717.56,1.773103448,7.52,355
511711.94,6940717.88,2.148210544,5.85,355
511710.03,6940718.26,2.383326248,3.9,355
511708.11,6940718.63,2.433900997,1.95,355
511706.2,6940719,2.389852816,0,355
511706.2,6940719,2.272219902,0,355
511708.11,6940718.63,2.31979411,1.95,355
511710.03,6940718.26,2.276588332,3.9,355
511711.94,6940717.88,2.046285915,5.85,355
511713.14,6940717.65,1.773103448,7.07,355
511713.86,6940717.51,1.561718918,7.8,355
511715.26,6940717.24,0.992413793,9.23,355
511715.77,6940717.14,0.73614219,9.75,355
511716.92,6940716.91,0.211724138,10.92,355
511717.68,6940716.77,-0.123650081,11.7,355
511719.51,6940716.41,-0.568965517,13.56,355
511719.6,6940716.39,-0.586813876,13.65,355
511721.51,6940716.02,-0.755477912,15.6,355
511723.42,6940715.65,-0.81230611,17.55,355
511725.34,6940715.28,-0.834208497,19.5,355
511727.25,6940714.9,-0.834307228,21.45,355
511708.1,6940718.63,-7.595172414,1.93,355
511708.11,6940718.63,-7.586884983,1.95,355
511708.86,6940718.48,-6.814482759,2.71,355
511708.14,6940718.62,-6.033793103,1.98,355
511708.11,6940718.63,-6.022733108,1.95,355
511706.2,6940719,-5.766317764,0,355
511706.2,6940719,-5.996040473,0,355
511706.48,6940718.95,-6.033793103,0.29,355
511708.11,6940718.63,-6.60151345,1.95,355
511708.31,6940718.59,-6.814482759,2.15,355
511708.11,6940718.63,-7.018474068,1.95,355
511706.93,6940718.86,-7.595172414,0.74,355
511706.2,6940719,-7.69802784,0,355
511706.2,6940719,-7.862459715,0,355
511731.08,6940714.16,4.884196243,25.35,360
511731.14,6940714.15,4.895862069,25.41,360
511732.99,6940713.79,5.340455843,27.3,360
511733.65,6940713.66,5.676551724,27.97,360
511734.36,6940713.52,6.457241379,28.68,360
511734.52,6940713.49,7.237931034,28.85,360
511734.14,6940713.56,8.01862069,28.47,360
511733.05,6940713.78,8.799310345,27.35,360
511732.99,6940713.79,8.837897065,27.3,360
511731.17,6940714.14,9.58,25.44,360
511727.78,6940714.8,9.58,21.98,360
511727.25,6940714.9,9.460940134,21.45,360
511726.04,6940715.14,8.799310345,20.21,360
511725.34,6940715.28,8.445662531,19.5,360
511724.72,6940715.4,8.01862069,18.87,360
511724.06,6940715.53,7.237931034,18.19,360
511724.01,6940715.53,6.457241379,18.15,360
511724.6,6940715.42,5.676551724,18.74,360
511725.34,6940715.28,5.257265011,19.5,360
511726.41,6940715.07,4.895862069,20.59,360
511727.25,6940714.9,4.727797457,21.45,360
511729.17,6940714.53,4.681862607,23.4,360
511727.25,6940714.9,4.848974012,21.45,360
511727.02,6940714.95,4.895862069,21.21,360
511725.34,6940715.28,5.463169148,19.5,360
511724.96,6940715.35,5.676551724,19.11,360
511724.36,6940715.47,6.457241379,18.5,360
511724.43,6940715.45,7.237931034,18.57,360
511725.16,6940715.31,8.01862069,19.31,360
511725.34,6940715.28,8.142606836,19.5,360
511726.64,6940715.02,8.799310345,20.82,360
511727.25,6940714.9,9.133834616,21.45,360
511729.17,6940714.53,9.570627823,23.4,360
511731.08,6940714.16,9.39359337,25.35,360
511732.54,6940713.87,8.799310345,26.83,360
511732.99,6940713.79,8.649239972,27.3,360
511733.89,6940713.61,8.01862069,28.21,360
511734.31,6940713.53,7.237931034,28.63,360
511734.14,6940713.56,6.457241379,28.47,360
511733.38,6940713.71,5.676551724,27.69,360
511732.99,6940713.79,5.478003881,27.3,360
511731.08,6940714.16,4.997151459,25.35,360
511730.19,6940714.33,4.895862069,24.44,360
511729.17,6940714.53,4.787469385,23.4,360
511727.25,6940714.9,-0.915430147,21.45,360
511729.17,6940714.53,-0.874240589,23.4,360
511731.08,6940714.16,-0.745074634,25.35,360
511732.25,6940713.93,-0.568965517,26.53,360
511732.99,6940713.79,-0.412160885,27.3,360
511734.72,6940713.45,0.211724138,29.06,360
511734.91,6940713.41,0.308418863,29.25,360
511735.99,6940713.2,0.992413793,30.35,360
511736.82,6940713.04,1.698292003,31.2,360
511736.92,6940713.02,1.773103448,31.3,360
511738.07,6940712.8,2.553793103,32.46,360
511738.73,6940712.67,2.830971732,33.14,360
511740.65,6940712.3,3.047372663,35.09,360
511742.56,6940711.92,2.952635362,37.04,360
511744.48,6940711.55,2.829648291,38.99,360
511746.39,6940711.18,2.950711354,40.94,360
511747.83,6940710.9,3.334482759,42.41,360
511748.3,6940710.81,3.456144398,42.89,360
511750.22,6940710.43,3.959432246,44.84,360
511751.27,6940710.23,4.115172414,45.92,360
511752.13,6940710.06,4.215004563,46.79,360
511754.04,6940709.69,4.273917897,48.74,360
511755.96,6940709.32,4.316339296,50.69,360
511757.87,6940708.94,4.4747571,52.64,360
511759.79,6940708.57,4.732317328,54.59,360
511761.41,6940708.26,4.895862069,56.25,360
511761.7,6940708.2,4.91980875,56.54,360
511761.7,6940708.2,4.999812363,56.54,360
511760.45,6940708.44,4.895862069,55.26,360
511759.79,6940708.57,4.829336217,54.59,360
511757.87,6940708.94,4.572935075,52.64,360
511755.96,6940709.32,4.413834101,50.69,360
511754.04,6940709.69,4.369432628,48.74,360
511752.13,6940710.06,4.310171624,46.79,360
511750.46,6940710.39,4.115172414,45.09,360
511750.22,6940710.43,4.079966708,44.84,360
511748.3,6940710.81,3.57732133,42.89,360
511747.35,6940710.99,3.334482759,41.92,360
511746.39,6940711.18,3.077366912,40.94,360
511744.48,6940711.55,2.940173396,38.99,360
511742.56,6940711.92,3.058548743,37.04,360
511740.65,6940712.3,3.164586292,35.09,360
511738.73,6940712.67,2.985313129,33.14,360
511737.7,6940712.87,2.553793103,32.09,360
511736.82,6940713.04,1.951467514,31.2,360
511736.63,6940713.08,1.773103448,31,360
511735.7,6940713.26,0.992413793,30.05,360
511734.91,6940713.41,0.492704597,29.25,360
511734.37,6940713.52,0.211724138,28.7,360
511732.99,6940713.79,-0.284927772,27.3,360
511731.64,6940714.05,-0.568965517,25.92,360
511731.08,6940714.16,-0.653470412,25.35,360
511729.17,6940714.53,-0.791831812,23.4,360
511727.25,6940714.9,-0.834307228,21.45,360
511725.34,6940715.28,-0.834208497,19.5,360
511723.42,6940715.65,-0.81230611,17.55,360
511721.51,6940716.02,-0.755477912,15.6,360
511719.6,6940716.39,-0.586813876,13.65,360
511719.51,6940716.41,-0.568965517,13.56,360
511717.68,6940716.77,-0.123650081,11.7,360
511716.92,6940716.91,0.211724138,10.92,360
511715.77,6940717.14,0.73614219,9.75,360
511715.26,6940717.24,0.992413793,9.23,360
511713.86,6940717.51,1.561718918,7.8,360
511713.14,6940717.65,1.773103448,7.07,360
511711.94,6940717.88,2.046285915,5.85,360
511710.03,6940718.26,2.276588332,3.9,360
511708.11,6940718.63,2.31979411,1.95,360
511706.2,6940719,2.272219902,0,360
511706.2,6940719,2.154586988,0,360
511708.11,6940718.63,2.205687222,1.95,360
511710.03,6940718.26,2.169850416,3.9,360
511711.94,6940717.88,1.944361286,5.85,360
511712.69,6940717.74,1.773103448,6.61,360
511713.86,6940717.51,1.42985413,7.8,360
511714.93,6940717.3,0.992413793,8.9,360
511715.77,6940717.14,0.573026155,9.75,360
511716.56,6940716.98,0.211724138,10.55,360
511717.68,6940716.77,-0.280092135,11.7,360
511718.87,6940716.53,-0.568965517,12.91,360
511719.6,6940716.39,-0.717686132,13.65,360
511721.51,6940716.02,-0.866503803,15.6,360
511723.42,6940715.65,-0.909137276,17.55,360
511725.34,6940715.28,-0.920720708,19.5,360
511708.11,6940718.63,-7.755452761,1.95,360
511708.61,6940718.53,-7.595172414,2.46,360
511709.41,6940718.38,-6.814482759,3.27,360
511708.8,6940718.49,-6.033793103,2.65,360
511708.11,6940718.63,-5.767423883,1.95,360
511706.2,6940719,-5.536595055,0,360
511706.2,6940719,-5.766317764,0,360
511708.11,6940718.63,-6.022733108,1.95,360
511708.14,6940718.62,-6.033793103,1.98,360
511708.86,6940718.48,-6.814482759,2.71,360
511708.11,6940718.63,-7.586884983,1.95,360
511708.1,6940718.63,-7.595172414,1.93,360
511706.2,6940719,-7.862459715,0,360
511706.2,6940719,-8.02689159,0,360
511730.19,6940714.33,4.895862069,24.44,365
511731.08,6940714.16,4.997151459,25.35,365
511732.99,6940713.79,5.478003881,27.3,365
511733.38,6940713.71,5.676551724,27.69,365
511734.14,6940713.56,6.457241379,28.47,365
511734.31,6940713.53,7.237931034,28.63,365
511733.89,6940713.61,8.01862069,28.21,365
511732.99,6940713.79,8.649239972,27.3,365
511732.54,6940713.87,8.799310345,26.83,365
511731.08,6940714.16,9.39359337,25.35,365
511729.17,6940714.53,9.570627823,23.4,365
511727.25,6940714.9,9.133834616,21.45,365
511726.64,6940715.02,8.799310345,20.82,365
511725.34,6940715.28,8.142606836,19.5,365
511725.16,6940715.31,8.01862069,19.31,365
511724.43,6940715.45,7.237931034,18.57,365
511724.36,6940715.47,6.457241379,18.5,365
511724.96,6940715.35,5.676551724,19.11,365
511725.34,6940715.28,5.463169148,19.5,365
511727.02,6940714.95,4.895862069,21.21,365
511727.25,6940714.9,4.848974012,21.45,365
511729.17,6940714.53,4.787469385,23.4,365
511729.09,6940714.55,4.895862069,23.32,365
511727.25,6940714.9,4.994145249,21.45,365
511725.34,6940715.28,5.669073286,19.5,365
511725.32,6940715.28,5.676551724,19.48,365
511724.71,6940715.4,6.457241379,18.86,365
511724.8,6940715.38,7.237931034,18.95,365
511725.34,6940715.28,7.790383918,19.5,365
511725.61,6940715.22,8.01862069,19.78,365
511727.24,6940714.91,8.799310345,21.43,365
511727.25,6940714.9,8.806729098,21.45,365
511729.17,6940714.53,9.316639283,23.4,365
511731.08,6940714.16,9.172570071,25.35,365
511732,6940713.98,8.799310345,26.28,365
511732.99,6940713.79,8.470192568,27.3,365
511733.63,6940713.66,8.01862069,27.95,365
511734.09,6940713.57,7.237931034,28.41,365
511733.93,6940713.6,6.457241379,28.25,365
511733.11,6940713.76,5.676551724,27.42,365
511732.99,6940713.79,5.61555192,27.3,365
511731.08,6940714.16,5.11099046,25.35,365
511729.19,6940714.53,4.895862069,23.42,365
511729.17,6940714.53,4.893076162,23.4,365
511727.25,6940714.9,-0.996553066,21.45,365
511729.17,6940714.53,-0.956649365,23.4,365
511731.08,6940714.16,-0.836678857,25.35,365
511732.85,6940713.81,-0.568965517,27.15,365
511732.99,6940713.79,-0.539393997,27.3,365
511734.91,6940713.41,0.136510536,29.25,365
511735.06,6940713.38,0.211724138,29.41,365
511736.28,6940713.15,0.992413793,30.64,365
511736.82,6940713.04,1.451584953,31.2,365
511737.25,6940712.96,1.773103448,31.63,365
511738.44,6940712.73,2.553793103,32.84,365
511738.73,6940712.67,2.676630335,33.14,365
511740.65,6940712.3,2.930159034,35.09,365
511742.56,6940711.92,2.84672198,37.04,365
511744.48,6940711.55,2.719123186,38.99,365
511746.39,6940711.18,2.824055797,40.94,365
511748.3,6940710.81,3.334482759,42.89,365
511748.3,6940710.81,3.334967466,42.89,365
511750.22,6940710.43,3.838897785,44.84,365
511752.09,6940710.07,4.115172414,46.75,365
511752.13,6940710.06,4.119837503,46.79,365
511754.04,6940709.69,4.178403166,48.74,365
511755.96,6940709.32,4.21884449,50.69,365
511757.87,6940708.94,4.376579126,52.64,365
511759.79,6940708.57,4.635298439,54.59,365
511761.7,6940708.2,4.829039002,56.54,365
511761.7,6940708.2,4.91980875,56.54,365
511761.41,6940708.26,4.895862069,56.25,365
511759.79,6940708.57,4.732317328,54.59,365
511757.87,6940708.94,4.4747571,52.64,365
511755.96,6940709.32,4.316339296,50.69,365
511754.04,6940709.69,4.273917897,48.74,365
511752.13,6940710.06,4.215004563,46.79,365
511751.27,6940710.23,4.115172414,45.92,365
511750.22,6940710.43,3.959432246,44.84,365
511748.3,6940710.81,3.456144398,42.89,365
511747.83,6940710.9,3.334482759,42.41,365
511746.39,6940711.18,2.950711354,40.94,365
511744.48,6940711.55,2.829648291,38.99,365
511742.56,6940711.92,2.952635362,37.04,365
511740.65,6940712.3,3.047372663,35.09,365
511738.73,6940712.67,2.830971732,33.14,365
511738.07,6940712.8,2.553793103,32.46,365
511736.92,6940713.02,1.773103448,31.3,365
511736.82,6940713.04,1.698292003,31.2,365
511735.99,6940713.2,0.992413793,30.35,365
511734.91,6940713.41,0.308418863,29.25,365
511734.72,6940713.45,0.211724138,29.06,365
511732.99,6940713.79,-0.412160885,27.3,365
511732.25,6940713.93,-0.568965517,26.53,365
511731.08,6940714.16,-0.745074634,25.35,365
511729.17,6940714.53,-0.874240589,23.4,365
511727.25,6940714.9,-0.915430147,21.45,365
511725.34,6940715.28,-0.920720708,19.5,365
511723.42,6940715.65,-0.909137276,17.55,365
511721.51,6940716.02,-0.866503803,15.6,365
511719.6,6940716.39,-0.717686132,13.65,365
511718.87,6940716.53,-0.568965517,12.91,365
511717.68,6940716.77,-0.280092135,11.7,365
511716.56,6940716.98,0.211724138,10.55,365
511715.77,6940717.14,0.573026155,9.75,365
511714.93,6940717.3,0.992413793,8.9,365
511713.86,6940717.51,1.42985413,7.8,365
511712.69,6940717.74,1.773103448,6.61,365
511711.94,6940717.88,1.944361286,5.85,365
511710.03,6940718.26,2.169850416,3.9,365
511708.11,6940718.63,2.205687222,1.95,365
511706.2,6940719,2.154586988,0,365
511706.2,6940719,2.036954074,0,365
511708.11,6940718.63,2.091580335,1.95,365
511710.03,6940718.26,2.0631125,3.9,365
511711.94,6940717.88,1.842436658,5.85,365
511712.25,6940717.82,1.773103448,6.16,365
511713.86,6940717.51,1.297989342,7.8,365
511714.61,6940717.36,0.992413793,8.57,365
511715.77,6940717.14,0.40991012,9.75,365
511716.2,6940717.05,0.211724138,10.19,365
511717.68,6940716.77,-0.436534189,11.7,365
511718.23,6940716.66,-0.568965517,12.25,365
511719.6,6940716.39,-0.848558389,13.65,365
511721.51,6940716.02,-0.977529694,15.6,365
511723.42,6940715.65,-1.005968442,17.55,365
511725.34,6940715.28,-1.007232919,19.5,365
511708.11,6940718.63,-7.918104572,1.95,365
511709.12,6940718.43,-7.595172414,2.97,365
511709.96,6940718.27,-6.814482759,3.83,365
511709.45,6940718.37,-6.033793103,3.31,365
511708.11,6940718.63,-5.512114657,1.95,365
511706.2,6940719,-5.306872346,0,365
511706.2,6940719,-5.536595055,0,365
511708.11,6940718.63,-5.767423883,1.95,365
511708.8,6940718.49,-6.033793103,2.65,365
511709.41,6940718.38,-6.814482759,3.27,365
511708.61,6940718.53,-7.595172414,2.46,365
511708.11,6940718.63,-7.755452761,1.95,365
511706.2,6940719,-8.02689159,0,365
511706.2,6940719,-8.191323465,0,365
511729.19,6940714.53,4.895862069,23.42,370
511731.08,6940714.16,5.11099046,25.35,370
511732.99,6940713.79,5.61555192,27.3,370
511733.11,6940713.76,5.676551724,27.42,370
511733.93,6940713.6,6.457241379,28.25,370
511734.09,6940713.57,7.237931034,28.41,370
511733.63,6940713.66,8.01862069,27.95,370
511732.99,6940713.79,8.470192568,27.3,370
511732,6940713.98,8.799310345,26.28,370
511731.08,6940714.16,9.172570071,25.35,370
511729.17,6940714.53,9.316639283,23.4,370
511727.25,6940714.9,8.806729098,21.45,370
511727.24,6940714.91,8.799310345,21.43,370
511725.61,6940715.22,8.01862069,19.78,370
511725.34,6940715.28,7.790383918,19.5,370
511724.8,6940715.38,7.237931034,18.95,370
511724.71,6940715.4,6.457241379,18.86,370
511725.32,6940715.28,5.676551724,19.48,370
511725.34,6940715.28,5.669073286,19.5,370
511727.25,6940714.9,4.994145249,21.45,370
511729.09,6940714.55,4.895862069,23.32,370
511729.17,6940714.53,4.893076162,23.4,370
511727.25,6940714.9,5.154461008,21.45,370
511725.77,6940715.19,5.676551724,19.94,370
511725.34,6940715.28,6.102128716,19.5,370
511725.06,6940715.33,6.457241379,19.21,370
511725.18,6940715.31,7.237931034,19.33,370
511725.34,6940715.28,7.404118058,19.5,370
511726.08,6940715.13,8.01862069,20.26,370
511727.25,6940714.9,8.579462019,21.45,370
511728.18,6940714.72,8.799310345,22.39,370
511729.17,6940714.53,9.062650743,23.4,370
511731.08,6940714.16,8.951546773,25.35,370
511731.45,6940714.09,8.799310345,25.73,370
511732.99,6940713.79,8.291145163,27.3,370
511733.38,6940713.71,8.01862069,27.69,370
511733.88,6940713.61,7.237931034,28.2,370
511733.72,6940713.65,6.457241379,28.03,370
511732.99,6940713.79,5.786937455,27.3,370
511732.76,6940713.83,5.676551724,27.06,370
511731.08,6940714.16,5.224829461,25.35,370
511729.17,6940714.53,5.019338313,23.4,370
511725.34,6940715.28,-1.09374513,19.5,370
511727.25,6940714.9,-1.077675985,21.45,370
511729.17,6940714.53,-1.039058142,23.4,370
511731.08,6940714.16,-0.928283079,25.35,370
511732.99,6940713.79,-0.653382649,27.3,370
511733.34,6940713.72,-0.568965517,27.65,370
511734.91,6940713.41,-0.021733946,29.25,370
511735.4,6940713.32,0.211724138,29.74,370
511736.57,6940713.09,0.992413793,30.94,370
511736.82,6940713.04,1.204877904,31.2,370
511737.58,6940712.89,1.773103448,31.97,370
511738.73,6940712.67,2.51108266,33.14,370
511738.9,6940712.64,2.553793103,33.31,370
511740.65,6940712.3,2.812945405,35.09,370
511742.56,6940711.92,2.740808598,37.04,370
511744.48,6940711.55,2.608598082,38.99,370
511746.39,6940711.18,2.69740024,40.94,370
511748.3,6940710.81,3.186714224,42.89,370
511748.76,6940710.72,3.334482759,43.36,370
511750.22,6940710.43,3.718363323,44.84,370
511752.13,6940710.06,4.000328456,46.79,370
511754.04,6940709.69,4.073510915,48.74,370
511755.66,6940709.38,4.115172414,50.38,370
511755.96,6940709.32,4.121349685,50.69,370
511757.87,6940708.94,4.278401151,52.64,370
511759.79,6940708.57,4.53827955,54.59,370
511761.7,6940708.2,4.733670121,56.54,370
511761.7,6940708.2,4.829039002,56.54,370
511759.79,6940708.57,4.635298439,54.59,370
511757.87,6940708.94,4.376579126,52.64,370
511755.96,6940709.32,4.21884449,50.69,370
511754.04,6940709.69,4.178403166,48.74,370
511752.13,6940710.06,4.119837503,46.79,370
511752.09,6940710.07,4.115172414,46.75,370
511750.22,6940710.43,3.838897785,44.84,370
511748.3,6940710.81,3.334967466,42.89,370
511748.3,6940710.81,3.334482759,42.89,370
511746.39,6940711.18,2.824055797,40.94,370
511744.48,6940711.55,2.719123186,38.99,370
511742.56,6940711.92,2.84672198,37.04,370
511740.65,6940712.3,2.930159034,35.09,370
511738.73,6940712.67,2.676630335,33.14,370
511738.44,6940712.73,2.553793103,32.84,370
511737.25,6940712.96,1.773103448,31.63,370
511736.82,6940713.04,1.451584953,31.2,370
511736.28,6940713.15,0.992413793,30.64,370
511735.06,6940713.38,0.211724138,29.41,370
511734.91,6940713.41,0.136510536,29.25,370
511732.99,6940713.79,-0.539393997,27.3,370
511732.85,6940713.81,-0.568965517,27.15,370
511731.08,6940714.16,-0.836678857,25.35,370
511729.17,6940714.53,-0.956649365,23.4,370
511727.25,6940714.9,-0.996553066,21.45,370
511725.34,6940715.28,-1.007232919,19.5,370
511723.42,6940715.65,-1.005968442,17.55,370
511721.51,6940716.02,-0.977529694,15.6,370
511719.6,6940716.39,-0.848558389,13.65,370
511718.23,6940716.66,-0.568965517,12.25,370
511717.68,6940716.77,-0.436534189,11.7,370
511716.2,6940717.05,0.211724138,10.19,370
511715.77,6940717.14,0.40991012,9.75,370
511714.61,6940717.36,0.992413793,8.57,370
511713.86,6940717.51,1.297989342,7.8,370
511712.25,6940717.82,1.773103448,6.16,370
511711.94,6940717.88,1.842436658,5.85,370
511710.03,6940718.26,2.0631125,3.9,370
511708.11,6940718.63,2.091580335,1.95,370
511706.2,6940719,2.036954074,0,370
511706.2,6940719,1.91932116,0,370
511708.11,6940718.63,1.977473448,1.95,370
511710.03,6940718.26,1.956374584,3.9,370
511711.64,6940717.94,1.773103448,5.54,370
511711.94,6940717.88,1.730751081,5.85,370
511713.86,6940717.51,1.166124553,7.8,370
511714.28,6940717.43,0.992413793,8.23,370
511715.77,6940717.14,0.246794085,9.75,370
511715.85,6940717.12,0.211724138,9.83,370
511717.62,6940716.78,-0.568965517,11.63,370
511717.68,6940716.77,-0.594194657,11.7,370
511719.6,6940716.39,-0.979430646,13.65,370
511721.51,6940716.02,-1.088555585,15.6,370
511723.42,6940715.65,-1.102799608,17.55,370
511708.11,6940718.63,-8.080756383,1.95,370
511709.62,6940718.33,-7.595172414,3.48,370
511710.03,6940718.26,-7.221414975,3.9,370
511710.33,6940718.2,-6.814482759,4.21,370
511710.08,6940718.25,-6.033793103,3.95,370
511710.03,6940718.26,-5.992747373,3.9,370
511708.11,6940718.63,-5.256805432,1.95,370
511708.08,6940718.63,-5.253103448,1.91,370
511706.2,6940719,-5.107938286,0,370
511706.2,6940719,-5.306872346,0,370
511708.11,6940718.63,-5.512114657,1.95,370
511709.45,6940718.37,-6.033793103,3.31,370
511709.96,6940718.27,-6.814482759,3.83,370
511709.12,6940718.43,-7.595172414,2.97,370
511708.11,6940718.63,-7.918104572,1.95,370
511706.2,6940719,-8.191323465,0,370
511706.2,6940719,-8.355755339,0,370
511731.08,6940714.16,5.224829461,25.35,375
511732.76,6940713.83,5.676551724,27.06,375
511732.99,6940713.79,5.786937455,27.3,375
511733.72,6940713.65,6.457241379,28.03,375
511733.88,6940713.61,7.237931034,28.2,375
511733.38,6940713.71,8.01862069,27.69,375
511732.99,6940713.79,8.291145163,27.3,375
511731.45,6940714.09,8.799310345,25.73,375
511731.08,6940714.16,8.951546773,25.35,375
511729.17,6940714.53,9.062650743,23.4,375
511728.18,6940714.72,8.799310345,22.39,375
511727.25,6940714.9,8.579462019,21.45,375
511726.08,6940715.13,8.01862069,20.26,375
511725.34,6940715.28,7.404118058,19.5,375
511725.18,6940715.31,7.237931034,19.33,375
511725.06,6940715.33,6.457241379,19.21,375
511725.34,6940715.28,6.102128716,19.5,375
511725.77,6940715.19,5.676551724,19.94,375
511727.25,6940714.9,5.154461008,21.45,375
511729.17,6940714.53,5.019338313,23.4,375
511727.25,6940714.9,5.314776768,21.45,375
511726.23,6940715.1,5.676551724,20.4,375
511725.42,6940715.26,6.457241379,19.58,375
511725.57,6940715.23,7.237931034,19.73,375
511726.55,6940715.04,8.01862069,20.73,375
511727.25,6940714.9,8.354511823,21.45,375
511729.13,6940714.54,8.799310345,23.36,375
511729.17,6940714.53,8.808662203,23.4,375
511729.37,6940714.49,8.799310345,23.6,375
511731.08,6940714.16,8.749386118,25.35,375
511732.99,6940713.79,8.112097759,27.3,375
511733.13,6940713.76,8.01862069,27.43,375
511733.66,6940713.66,7.237931034,27.98,375
511733.5,6940713.69,6.457241379,27.81,375
511732.99,6940713.79,5.985287436,27.3,375
511732.33,6940713.91,5.676551724,26.62,375
511731.08,6940714.16,5.338668462,25.35,375
511729.17,6940714.53,5.146160116,23.4,375
511725.34,6940715.28,-1.180257342,19.5,375
511727.25,6940714.9,-1.158798904,21.45,375
511729.17,6940714.53,-1.121466918,23.4,375
511731.08,6940714.16,-1.019887301,25.35,375
511732.99,6940713.79,-0.763360934,27.3,375
511733.79,6940713.63,-0.568965517,28.11,375
511734.91,6940713.41,-0.179978427,29.25,375
511735.73,6940713.25,0.211724138,30.08,375
511736.82,6940713.04,0.960779612,31.2,375
511736.87,6940713.03,0.992413793,31.24,375
511737.91,6940712.83,1.773103448,32.3,375
511738.73,6940712.67,2.301840825,33.14,375
511739.69,6940712.48,2.553793103,34.12,375
511740.65,6940712.3,2.695731775,35.09,375
511742.56,6940711.92,2.634895216,37.04,375
511743.72,6940711.7,2.553793103,38.22,375
511744.48,6940711.55,2.483239381,38.99,375
511745.99,6940711.26,2.553793103,40.53,375
511746.39,6940711.18,2.570744683,40.94,375
511748.3,6940710.81,3.038352241,42.89,375
511749.22,6940710.63,3.334482759,43.82,375
511750.22,6940710.43,3.597828861,44.84,375
511752.13,6940710.06,3.879564657,46.79,375
511754.04,6940709.69,3.950252042,48.74,375
511755.96,6940709.32,3.994737142,50.69,375
511757.08,6940709.1,4.115172414,51.83,375
511757.87,6940708.94,4.180223176,52.64,375
511759.79,6940708.57,4.441260661,54.59,375
511761.7,6940708.2,4.638301241,56.54,375
511761.7,6940708.2,4.733670121,56.54,375
511759.79,6940708.57,4.53827955,54.59,375
511757.87,6940708.94,4.278401151,52.64,375
511755.96,6940709.32,4.121349685,50.69,375
511755.66,6940709.38,4.115172414,50.38,375
511754.04,6940709.69,4.073510915,48.74,375
511752.13,6940710.06,4.000328456,46.79,375
511750.22,6940710.43,3.718363323,44.84,375
511748.76,6940710.72,3.334482759,43.36,375
511748.3,6940710.81,3.186714224,42.89,375
511746.39,6940711.18,2.69740024,40.94,375
511744.48,6940711.55,2.608598082,38.99,375
511742.56,6940711.92,2.740808598,37.04,375
511740.65,6940712.3,2.812945405,35.09,375
511738.9,6940712.64,2.553793103,33.31,375
511738.73,6940712.67,2.51108266,33.14,375
511737.58,6940712.89,1.773103448,31.97,375
511736.82,6940713.04,1.204877904,31.2,375
511736.57,6940713.09,0.992413793,30.94,375
511735.4,6940713.32,0.211724138,29.74,375
511734.91,6940713.41,-0.021733946,29.25,375
511733.34,6940713.72,-0.568965517,27.65,375
511732.99,6940713.79,-0.653382649,27.3,375
511731.08,6940714.16,-0.928283079,25.35,375
511729.17,6940714.53,-1.039058142,23.4,375
511727.25,6940714.9,-1.077675985,21.45,375
511725.34,6940715.28,-1.09374513,19.5,375
511723.42,6940715.65,-1.102799608,17.55,375
511721.51,6940716.02,-1.088555585,15.6,375
511719.6,6940716.39,-0.979430646,13.65,375
511717.68,6940716.77,-0.594194657,11.7,375
511717.62,6940716.78,-0.568965517,11.63,375
511715.85,6940717.12,0.211724138,9.83,375
511715.77,6940717.14,0.246794085,9.75,375
511714.28,6940717.43,0.992413793,8.23,375
511713.86,6940717.51,1.166124553,7.8,375
511711.94,6940717.88,1.730751081,5.85,375
511711.64,6940717.94,1.773103448,5.54,375
511710.03,6940718.26,1.956374584,3.9,375
511708.11,6940718.63,1.977473448,1.95,375
511706.2,6940719,1.91932116,0,375
511706.2,6940719,1.801688246,0,375
511708.11,6940718.63,1.86336656,1.95,375
511710.03,6940718.26,1.849636669,3.9,375
511710.7,6940718.12,1.773103448,4.59,375
511711.94,6940717.88,1.598300595,5.85,375
511713.86,6940717.51,1.034259765,7.8,375
511713.96,6940717.49,0.992413793,7.9,375
511715.5,6940717.19,0.211724138,9.47,375
511715.77,6940717.14,0.062380305,9.75,375
511717.19,6940716.86,-0.568965517,11.2,375
511717.68,6940716.77,-0.75857529,11.7,375
511719.6,6940716.39,-1.110302902,13.65,375
511721.51,6940716.02,-1.199581476,15.6,375
511723.42,6940715.65,-1.199630774,17.55,375
511707.19,6940718.81,-8.375862069,1.01,375
511708.11,6940718.63,-8.243408193,1.95,375
511710.03,6940718.26,-7.626639569,3.9,375
511710.09,6940718.24,-7.595172414,3.96,375
511710.68,6940718.13,-6.814482759,4.56,375
511710.48,6940718.17,-6.033793103,4.36,375
511710.03,6940718.26,-5.664434063,3.9,375
511708.96,6940718.46,-5.253103448,2.81,375
511708.11,6940718.63,-5.051547932,1.95,375
511706.2,6940719,-4.918412784,0,375
511706.2,6940719,-5.107938286,0,375
511708.08,6940718.63,-5.253103448,1.91,375
511708.11,6940718.63,-5.256805432,1.95,375
511710.03,6940718.26,-5.992747373,3.9,375
511710.08,6940718.25,-6.033793103,3.95,375
511710.33,6940718.2,-6.814482759,4.21,375
511710.03,6940718.26,-7.221414975,3.9,375
511709.62,6940718.33,-7.595172414,3.48,375
511708.11,6940718.63,-8.080756383,1.95,375
511706.2,6940719,-8.355755339,0,375
511706.2,6940719,-8.454348271,0,375
511731.08,6940714.16,5.338668462,25.35,380
511732.33,6940713.91,5.676551724,26.62,380
511732.99,6940713.79,5.985287436,27.3,380
511733.5,6940713.69,6.457241379,27.81,380
511733.66,6940713.66,7.237931034,27.98,380
511733.13,6940713.76,8.01862069,27.43,380
511732.99,6940713.79,8.112097759,27.3,380
511731.08,6940714.16,8.749386118,25.35,380
511729.37,6940714.49,8.799310345,23.6,380
511729.17,6940714.53,8.808662203,23.4,380
511729.13,6940714.54,8.799310345,23.36,380
511727.25,6940714.9,8.354511823,21.45,380
511726.55,6940715.04,8.01862069,20.73,380
511725.57,6940715.23,7.237931034,19.73,380
511725.42,6940715.26,6.457241379,19.58,380
511726.23,6940715.1,5.676551724,20.4,380
511727.25,6940714.9,5.314776768,21.45,380
511729.17,6940714.53,5.146160116,23.4,380
511727.25,6940714.9,5.475092528,21.45,380
511726.68,6940715.01,5.676551724,20.87,380
511725.81,6940715.18,6.457241379,19.98,380
511725.97,6940715.15,7.237931034,20.14,380
511727.02,6940714.95,8.01862069,21.21,380
511727.25,6940714.9,8.129561627,21.45,380
511729.17,6940714.53,8.6267193,23.4,380
511731.08,6940714.16,8.588971534,25.35,380
511732.77,6940713.83,8.01862069,27.06,380
511732.99,6940713.79,7.875371362,27.3,380
511733.45,6940713.7,7.237931034,27.76,380
511733.29,6940713.73,6.457241379,27.6,380
511732.99,6940713.79,6.183637416,27.3,380
511731.91,6940714,5.676551724,26.19,380
511731.08,6940714.16,5.452507463,25.35,380
511729.17,6940714.53,5.272981919,23.4,380
511723.42,6940715.65,-1.29646194,17.55,380
511725.34,6940715.28,-1.266769553,19.5,380
511727.25,6940714.9,-1.239921822,21.45,380
511729.17,6940714.53,-1.203875695,23.4,380
511731.08,6940714.16,-1.111491523,25.35,380
511732.99,6940713.79,-0.87333922,27.3,380
511734.25,6940713.54,-0.568965517,28.57,380
511734.91,6940713.41,-0.338222909,29.25,380
511736.06,6940713.19,0.211724138,30.42,380
511736.82,6940713.04,0.732867644,31.2,380
511737.21,6940712.97,0.992413793,31.59,380
511738.23,6940712.77,1.773103448,32.63,380
511738.73,6940712.67,2.092598991,33.14,380
511740.48,6940712.33,2.553793103,34.92,380
511740.65,6940712.3,2.578518146,35.09,380
511741.56,6940712.12,2.553793103,36.02,380
511742.56,6940711.92,2.519448623,37.04,380
511744.48,6940711.55,2.343290712,38.99,380
511746.39,6940711.18,2.419144052,40.94,380
511746.92,6940711.08,2.553793103,41.48,380
511748.3,6940710.81,2.889990258,42.89,380
511749.67,6940710.54,3.334482759,44.29,380
511750.22,6940710.43,3.4772944,44.84,380
511752.13,6940710.06,3.758800858,46.79,380
511754.04,6940709.69,3.826993168,48.74,380
511755.96,6940709.32,3.8661549,50.69,380
511757.87,6940708.94,4.068079422,52.64,380
511758.11,6940708.9,4.115172414,52.89,380
511759.79,6940708.57,4.344241772,54.59,380
511761.7,6940708.2,4.542932361,56.54,380
511761.7,6940708.2,4.638301241,56.54,380
511759.79,6940708.57,4.441260661,54.59,380
511757.87,6940708.94,4.180223176,52.64,380
511757.08,6940709.1,4.115172414,51.83,380
511755.96,6940709.32,3.994737142,50.69,380
511754.04,6940709.69,3.950252042,48.74,380
511752.13,6940710.06,3.879564657,46.79,380
511750.22,6940710.43,3.597828861,44.84,380
511749.22,6940710.63,3.334482759,43.82,380
511748.3,6940710.81,3.038352241,42.89,380
511746.39,6940711.18,2.570744683,40.94,380
511745.99,6940711.26,2.553793103,40.53,380
511744.48,6940711.55,2.483239381,38.99,380
511743.72,6940711.7,2.553793103,38.22,380
511742.56,6940711.92,2.634895216,37.04,380
511740.65,6940712.3,2.695731775,35.09,380
511739.69,6940712.48,2.553793103,34.12,380
511738.73,6940712.67,2.301840825,33.14,380
511737.91,6940712.83,1.773103448,32.3,380
511736.87,6940713.03,0.992413793,31.24,380
511736.82,6940713.04,0.960779612,31.2,380
511735.73,6940713.25,0.211724138,30.08,380
511734.91,6940713.41,-0.179978427,29.25,380
511733.79,6940713.63,-0.568965517,28.11,380
511732.99,6940713.79,-0.763360934,27.3,380
511731.08,6940714.16,-1.019887301,25.35,380
511729.17,6940714.53,-1.121466918,23.4,380
511727.25,6940714.9,-1.158798904,21.45,380
511725.34,6940715.28,-1.180257342,19.5,380
511723.42,6940715.65,-1.199630774,17.55,380
511721.51,6940716.02,-1.199581476,15.6,380
511719.6,6940716.39,-1.110302902,13.65,380
511717.68,6940716.77,-0.75857529,11.7,380
511717.19,6940716.86,-0.568965517,11.2,380
511715.77,6940717.14,0.062380305,9.75,380
511715.5,6940717.19,0.211724138,9.47,380
511713.96,6940717.49,0.992413793,7.9,380
511713.86,6940717.51,1.034259765,7.8,380
511711.94,6940717.88,1.598300595,5.85,380
511710.7,6940718.12,1.773103448,4.59,380
511710.03,6940718.26,1.849636669,3.9,380
511708.11,6940718.63,1.86336656,1.95,380
511706.2,6940719,1.801688246,0,380
511706.2,6940719,1.657319055,0,380
511708.11,6940718.63,1.741646923,1.95,380
511710.03,6940718.26,1.732923106,3.9,380
511711.94,6940717.88,1.465850109,5.85,380
511713.55,6940717.57,0.992413793,7.49,380
511713.86,6940717.51,0.873790058,7.8,380
511715.16,6940717.26,0.211724138,9.13,380
511715.77,6940717.14,-0.127866616,9.75,380
511716.76,6940716.94,-0.568965517,10.76,380
511717.68,6940716.77,-0.922955924,11.7,380
511719.6,6940716.39,-1.241175159,13.65,380
511721.51,6940716.02,-1.310607367,15.6,380
511708.11,6940718.63,-8.39273818,1.95,380
511708.21,6940718.61,-8.375862069,2.05,380
511710.03,6940718.26,-7.790548074,3.9,380
511710.41,6940718.18,-7.595172414,4.29,380
511711.02,6940718.06,-6.814482759,4.91,380
511710.88,6940718.09,-6.033793103,4.77,380
511710.03,6940718.26,-5.336120752,3.9,380
511709.81,6940718.3,-5.253103448,3.68,380
511708.11,6940718.63,-4.84702686,1.95,380
511706.2,6940719,-4.728887283,0,380
511706.2,6940719,-4.918412784,0,380
511708.11,6940718.63,-5.051547932,1.95,380
511708.96,6940718.46,-5.253103448,2.81,380
511710.03,6940718.26,-5.664434063,3.9,380
511710.48,6940718.17,-6.033793103,4.36,380
511710.68,6940718.13,-6.814482759,4.56,380
511710.09,6940718.24,-7.595172414,3.96,380
511710.03,6940718.26,-7.626639569,3.9,380
511708.11,6940718.63,-8.243408193,1.95,380
511707.19,6940718.81,-8.375862069,1.01,380
511706.2,6940719,-8.454348271,0,380
511706.2,6940719,-8.543768817,0,380
511731.08,6940714.16,5.452507463,25.35,385
511731.91,6940714,5.676551724,26.19,385
511732.99,6940713.79,6.183637416,27.3,385
511733.29,6940713.73,6.457241379,27.6,385
511733.45,6940713.7,7.237931034,27.76,385
511732.99,6940713.79,7.875371362,27.3,385
511732.77,6940713.83,8.01862069,27.06,385
511731.08,6940714.16,8.588971534,25.35,385
511729.17,6940714.53,8.6267193,23.4,385
511727.25,6940714.9,8.129561627,21.45,385
511727.02,6940714.95,8.01862069,21.21,385
511725.97,6940715.15,7.237931034,20.14,385
511725.81,6940715.18,6.457241379,19.98,385
511726.68,6940715.01,5.676551724,20.87,385
511727.25,6940714.9,5.475092528,21.45,385
511729.17,6940714.53,5.272981919,23.4,385
511727.25,6940714.9,5.635408288,21.45,385
511727.14,6940714.93,5.676551724,21.33,385
511726.21,6940715.11,6.457241379,20.39,385
511726.38,6940715.07,7.237931034,20.55,385
511727.25,6940714.9,7.870895863,21.45,385
511727.59,6940714.84,8.01862069,21.79,385
511729.17,6940714.53,8.447530525,23.4,385
511731.08,6940714.16,8.42855695,25.35,385
511732.29,6940713.92,8.01862069,26.58,385
511732.99,6940713.79,7.57563641,27.3,385
511733.23,6940713.74,7.237931034,27.54,385
511733.07,6940713.77,6.457241379,27.38,385
511732.99,6940713.79,6.381987397,27.3,385
511731.49,6940714.08,5.676551724,25.76,385
511731.08,6940714.16,5.566346464,25.35,385
511729.17,6940714.53,5.399803722,23.4,385
511723.42,6940715.65,-1.392848655,17.55,385
511725.34,6940715.28,-1.353189834,19.5,385
511725.54,6940715.24,-1.349655172,19.7,385
511727.25,6940714.9,-1.321044741,21.45,385
511729.17,6940714.53,-1.286284471,23.4,385
511731.08,6940714.16,-1.203095745,25.35,385
511732.99,6940713.79,-0.983317505,27.3,385
511734.7,6940713.45,-0.568965517,29.03,385
511734.91,6940713.41,-0.49646739,29.25,385
511736.39,6940713.12,0.211724138,30.76,385
511736.82,6940713.04,0.504955676,31.2,385
511737.54,6940712.9,0.992413793,31.93,385
511738.56,6940712.7,1.773103448,32.97,385
511738.73,6940712.67,1.883357156,33.14,385
511740.65,6940712.3,2.418587933,35.09,385
511742.56,6940711.92,2.372840237,37.04,385
511744.48,6940711.55,2.203342043,38.99,385
511746.39,6940711.18,2.26368888,40.94,385
511747.53,6940710.96,2.553793103,42.11,385
511748.3,6940710.81,2.741628275,42.89,385
511750.13,6940710.45,3.334482759,44.76,385
511750.22,6940710.43,3.356759938,44.84,385
511752.13,6940710.06,3.638037059,46.79,385
511754.04,6940709.69,3.703734295,48.74,385
511755.96,6940709.32,3.737572658,50.69,385
511757.87,6940708.94,3.928511547,52.64,385
511758.82,6940708.76,4.115172414,53.61,385
511759.79,6940708.57,4.247222883,54.59,385
511761.7,6940708.2,4.44756348,56.54,385
511761.7,6940708.2,4.542932361,56.54,385
511759.79,6940708.57,4.344241772,54.59,385
511758.11,6940708.9,4.115172414,52.89,385
511757.87,6940708.94,4.068079422,52.64,385
511755.96,6940709.32,3.8661549,50.69,385
511754.04,6940709.69,3.826993168,48.74,385
511752.13,6940710.06,3.758800858,46.79,385
511750.22,6940710.43,3.4772944,44.84,385
511749.67,6940710.54,3.334482759,44.29,385
511748.3,6940710.81,2.889990258,42.89,385
511746.92,6940711.08,2.553793103,41.48,385
511746.39,6940711.18,2.419144052,40.94,385
511744.48,6940711.55,2.343290712,38.99,385
511742.56,6940711.92,2.519448623,37.04,385
511741.56,6940712.12,2.553793103,36.02,385
511740.65,6940712.3,2.578518146,35.09,385
511740.48,6940712.33,2.553793103,34.92,385
511738.73,6940712.67,2.092598991,33.14,385
511738.23,6940712.77,1.773103448,32.63,385
511737.21,6940712.97,0.992413793,31.59,385
511736.82,6940713.04,0.732867644,31.2,385
511736.06,6940713.19,0.211724138,30.42,385
511734.91,6940713.41,-0.338222909,29.25,385
511734.25,6940713.54,-0.568965517,28.57,385
511732.99,6940713.79,-0.87333922,27.3,385
511731.08,6940714.16,-1.111491523,25.35,385
511729.17,6940714.53,-1.203875695,23.4,385
511727.25,6940714.9,-1.239921822,21.45,385
511725.34,6940715.28,-1.266769553,19.5,385
511723.42,6940715.65,-1.29646194,17.55,385
511721.51,6940716.02,-1.310607367,15.6,385
511719.6,6940716.39,-1.241175159,13.65,385
511717.68,6940716.77,-0.922955924,11.7,385
511716.76,6940716.94,-0.568965517,10.76,385
511715.77,6940717.14,-0.127866616,9.75,385
511715.16,6940717.26,0.211724138,9.13,385
511713.86,6940717.51,0.873790058,7.8,385
511713.55,6940717.57,0.992413793,7.49,385
511711.94,6940717.88,1.465850109,5.85,385
511710.03,6940718.26,1.732923106,3.9,385
511708.11,6940718.63,1.741646923,1.95,385
511706.2,6940719,1.657319055,0,385
511706.2,6940719,1.504367413,0,385
511708.11,6940718.63,1.591108422,1.95,385
511710.03,6940718.26,1.590933063,3.9,385
511711.94,6940717.88,1.333399623,5.85,385
511713.1,6940717.66,0.992413793,7.03,385
511713.86,6940717.51,0.700023124,7.8,385
511714.82,6940717.32,0.211724138,8.78,385
511715.77,6940717.14,-0.318113537,9.75,385
511716.33,6940717.03,-0.568965517,10.32,385
511717.68,6940716.77,-1.087336557,11.7,385
511719.41,6940716.43,-1.349655172,13.46,385
511719.6,6940716.39,-1.373214215,13.65,385
511721.51,6940716.02,-1.422587909,15.6,385
511708.11,6940718.63,-8.483636117,1.95,385
511708.72,6940718.51,-8.375862069,2.57,385
511710.03,6940718.26,-7.95445658,3.9,385
511710.73,6940718.12,-7.595172414,4.61,385
511711.37,6940717.99,-6.814482759,5.26,385
511711.28,6940718.01,-6.033793103,5.18,385
511710.41,6940718.18,-5.253103448,4.29,385
511710.03,6940718.26,-5.067737229,3.9,385
511708.11,6940718.63,-4.642505788,1.95,385
511706.2,6940719,-4.539361781,0,385
511706.2,6940719,-4.728887283,0,385
511708.11,6940718.63,-4.84702686,1.95,385
511709.81,6940718.3,-5.253103448,3.68,385
511710.03,6940718.26,-5.336120752,3.9,385
511710.88,6940718.09,-6.033793103,4.77,385
511711.02,6940718.06,-6.814482759,4.91,385
511710.41,6940718.18,-7.595172414,4.29,385
511710.03,6940718.26,-7.790548074,3.9,385
511708.21,6940718.61,-8.375862069,2.05,385
511708.11,6940718.63,-8.39273818,1.95,385
511706.2,6940719,-8.543768817,0,385
511706.2,6940719,-8.633189363,0,385
511731.08,6940714.16,5.566346464,25.35,390
511731.49,6940714.08,5.676551724,25.76,390
511732.99,6940713.79,6.381987397,27.3,390
511733.07,6940713.77,6.457241379,27.38,390
511733.23,6940713.74,7.237931034,27.54,390
511732.99,6940713.79,7.57563641,27.3,390
511732.29,6940713.92,8.01862069,26.58,390
511731.08,6940714.16,8.42855695,25.35,390
511729.17,6940714.53,8.447530525,23.4,390
511727.59,6940714.84,8.01862069,21.79,390
511727.25,6940714.9,7.870895863,21.45,390
511726.38,6940715.07,7.237931034,20.55,390
511726.21,6940715.11,6.457241379,20.39,390
511727.14,6940714.93,5.676551724,21.33,390
511727.25,6940714.9,5.635408288,21.45,390
511729.17,6940714.53,5.399803722,23.4,390
511727.99,6940714.76,5.676551724,22.2,390
511727.25,6940714.9,5.922587091,21.45,390
511726.61,6940715.03,6.457241379,20.79,390
511726.78,6940715,7.237931034,20.96,390
511727.25,6940714.9,7.579421913,21.45,390
511728.25,6940714.71,8.01862069,22.46,390
511729.17,6940714.53,8.26834175,23.4,390
511731.08,6940714.16,8.268142367,25.35,390
511731.82,6940714.01,8.01862069,26.1,390
511732.99,6940713.79,7.275901458,27.3,390
511733.02,6940713.78,7.237931034,27.32,390
511732.99,6940713.79,7.105587381,27.3,390
511732.75,6940713.83,6.457241379,27.05,390
511731.08,6940714.16,5.682320794,25.35,390
511731.03,6940714.17,5.676551724,25.29,390
511729.17,6940714.53,5.526625525,23.4,390
511723.42,6940715.65,-1.488693599,17.55,390
511725.34,6940715.28,-1.437509045,19.5,390
511727.25,6940714.9,-1.400177235,21.45,390
511729.17,6940714.53,-1.367693479,23.4,390
511729.7,6940714.43,-1.349655172,23.94,390
511731.08,6940714.16,-1.294699967,25.35,390
511732.99,6940713.79,-1.09329579,27.3,390
511734.91,6940713.41,-0.644421257,29.25,390
511735.13,6940713.37,-0.568965517,29.47,390
511736.73,6940713.06,0.211724138,31.1,390
511736.82,6940713.04,0.277043708,31.2,390
511737.88,6940712.83,0.992413793,32.28,390
511738.73,6940712.67,1.649834466,33.14,390
511739.01,6940712.61,1.773103448,33.43,390
511740.65,6940712.3,2.247238264,35.09,390
511742.56,6940711.92,2.226231851,37.04,390
511744.48,6940711.55,2.063393374,38.99,390
511746.39,6940711.18,2.108233708,40.94,390
511748.14,6940710.84,2.553793103,42.73,390
511748.3,6940710.81,2.593266293,42.89,390
511750.22,6940710.43,3.199129213,44.84,390
511750.89,6940710.3,3.334482759,45.53,390
511752.13,6940710.06,3.51727326,46.79,390
511754.04,6940709.69,3.580475422,48.74,390
511755.96,6940709.32,3.608990416,50.69,390
511757.87,6940708.94,3.788943672,52.64,390
511759.53,6940708.62,4.115172414,54.33,390
511759.79,6940708.57,4.150203994,54.59,390
511761.7,6940708.2,4.3521946,56.54,390
511761.7,6940708.2,4.44756348,56.54,390
511759.79,6940708.57,4.247222883,54.59,390
511758.82,6940708.76,4.115172414,53.61,390
511757.87,6940708.94,3.928511547,52.64,390
511755.96,6940709.32,3.737572658,50.69,390
511754.04,6940709.69,3.703734295,48.74,390
511752.13,6940710.06,3.638037059,46.79,390
511750.22,6940710.43,3.356759938,44.84,390
511750.13,6940710.45,3.334482759,44.76,390
511748.3,6940710.81,2.741628275,42.89,390
511747.53,6940710.96,2.553793103,42.11,390
511746.39,6940711.18,2.26368888,40.94,390
511744.48,6940711.55,2.203342043,38.99,390
511742.56,6940711.92,2.372840237,37.04,390
511740.65,6940712.3,2.418587933,35.09,390
511738.73,6940712.67,1.883357156,33.14,390
511738.56,6940712.7,1.773103448,32.97,390
511737.54,6940712.9,0.992413793,31.93,390
511736.82,6940713.04,0.504955676,31.2,390
511736.39,6940713.12,0.211724138,30.76,390
511734.91,6940713.41,-0.49646739,29.25,390
511734.7,6940713.45,-0.568965517,29.03,390
511732.99,6940713.79,-0.983317505,27.3,390
511731.08,6940714.16,-1.203095745,25.35,390
511729.17,6940714.53,-1.286284471,23.4,390
511727.25,6940714.9,-1.321044741,21.45,390
511725.54,6940715.24,-1.349655172,19.7,390
511725.34,6940715.28,-1.353189834,19.5,390
511723.42,6940715.65,-1.392848655,17.55,390
511721.51,6940716.02,-1.422587909,15.6,390
511719.6,6940716.39,-1.373214215,13.65,390
511719.41,6940716.43,-1.349655172,13.46,390
511717.68,6940716.77,-1.087336557,11.7,390
511716.33,6940717.03,-0.568965517,10.32,390
511715.77,6940717.14,-0.318113537,9.75,390
511714.82,6940717.32,0.211724138,8.78,390
511713.86,6940717.51,0.700023124,7.8,390
511713.1,6940717.66,0.992413793,7.03,390
511711.94,6940717.88,1.333399623,5.85,390
511710.03,6940718.26,1.590933063,3.9,390
511708.11,6940718.63,1.591108422,1.95,390
511706.2,6940719,1.504367413,0,390
511706.2,6940719,1.35141577,0,390
511708.11,6940718.63,1.440569921,1.95,390
511710.03,6940718.26,1.44894302,3.9,390
511711.94,6940717.88,1.200949136,5.85,390
511712.65,6940717.75,0.992413793,6.57,390
511713.86,6940717.51,0.52625619,7.8,390
511714.47,6940717.39,0.211724138,8.43,390
511715.77,6940717.14,-0.508360458,9.75,390
511715.91,6940717.11,-0.568965517,9.89,390
511717.68,6940716.77,-1.251717191,11.7,390
511718.33,6940716.64,-1.349655172,12.36,390
511719.6,6940716.39,-1.51090587,13.65,390
511721.51,6940716.02,-1.535086347,15.6,390
511708.11,6940718.63,-8.574534053,1.95,390
511709.23,6940718.41,-8.375862069,3.08,390
511710.03,6940718.26,-8.118365085,3.9,390
511711.05,6940718.06,-7.595172414,4.94,390
511711.71,6940717.93,-6.814482759,5.62,390
511711.69,6940717.93,-6.033793103,5.59,390
511710.92,6940718.08,-5.253103448,4.81,390
511710.03,6940718.26,-4.819636177,3.9,390
511708.32,6940718.59,-4.472413793,2.16,390
511708.11,6940718.63,-4.437035654,1.95,390
511706.2,6940719,-4.343704498,0,390
511706.2,6940719,-4.539361781,0,390
511708.11,6940718.63,-4.642505788,1.95,390
511710.03,6940718.26,-5.067737229,3.9,390
511710.41,6940718.18,-5.253103448,4.29,390
511711.28,6940718.01,-6.033793103,5.18,390
511711.37,6940717.99,-6.814482759,5.26,390
511710.73,6940718.12,-7.595172414,4.61,390
511710.03,6940718.26,-7.95445658,3.9,390
511708.72,6940718.51,-8.375862069,2.57,390
511708.11,6940718.63,-8.483636117,1.95,390
511706.2,6940719,-8.633189363,0,390
511706.2,6940719,-8.722609909,0,390
511731.03,6940714.17,5.676551724,25.29,395
511731.08,6940714.16,5.682320794,25.35,395
511732.75,6940713.83,6.457241379,27.05,395
511732.99,6940713.79,7.105587381,27.3,395
511733.02,6940713.78,7.237931034,27.32,395
511732.99,6940713.79,7.275901458,27.3,395
511731.82,6940714.01,8.01862069,26.1,395
511731.08,6940714.16,8.268142367,25.35,395
511729.17,6940714.53,8.26834175,23.4,395
511728.25,6940714.71,8.01862069,22.46,395
511727.25,6940714.9,7.579421913,21.45,395
511726.78,6940715,7.237931034,20.96,395
511726.61,6940715.03,6.457241379,20.79,395
511727.25,6940714.9,5.922587091,21.45,395
511727.99,6940714.76,5.676551724,22.2,395
511729.17,6940714.53,5.526625525,23.4,395
511728.98,6940714.57,5.676551724,23.21,395
511727.25,6940714.9,6.253564501,21.45,395
511727.01,6940714.95,6.457241379,21.2,395
511727.18,6940714.92,7.237931034,21.38,395
511727.25,6940714.9,7.287947964,21.45,395
511728.91,6940714.58,8.01862069,23.13,395
511729.17,6940714.53,8.089152975,23.4,395
511731.08,6940714.16,8.107727783,25.35,395
511731.34,6940714.11,8.01862069,25.61,395
511732.63,6940713.86,7.237931034,26.93,395
511732.36,6940713.91,6.457241379,26.65,395
511731.08,6940714.16,5.863056074,25.35,395
511729.45,6940714.48,5.676551724,23.69,395
511729.17,6940714.53,5.653447328,23.4,395
511721.51,6940716.02,-1.647584784,15.6,395
511723.42,6940715.65,-1.584538543,17.55,395
511725.34,6940715.28,-1.521828257,19.5,395
511727.25,6940714.9,-1.478225284,21.45,395
511729.17,6940714.53,-1.445774625,23.4,395
511731.08,6940714.16,-1.3837873,25.35,395
511731.52,6940714.07,-1.349655172,25.8,395
511732.99,6940713.79,-1.203274075,27.3,395
511734.91,6940713.41,-0.783674459,29.25,395
511735.54,6940713.29,-0.568965517,29.89,395
511736.82,6940713.04,0.066520258,31.2,395
511737.09,6940712.99,0.211724138,31.47,395
511738.22,6940712.77,0.992413793,32.62,395
511738.73,6940712.67,1.389267581,33.14,395
511739.6,6940712.5,1.773103448,34.03,395
511740.65,6940712.3,2.075888595,35.09,395
511742.56,6940711.92,2.079623465,37.04,395
511744.48,6940711.55,1.923444705,38.99,395
511746.39,6940711.18,1.952778536,40.94,395
511748.3,6940710.81,2.409938318,42.89,395
511748.69,6940710.73,2.553793103,43.29,395
511750.22,6940710.43,3.033087915,44.84,395
511751.71,6940710.14,3.334482759,46.36,395
511752.13,6940710.06,3.396509461,46.79,395
511754.04,6940709.69,3.457216549,48.74,395
511755.96,6940709.32,3.480408174,50.69,395
511757.87,6940708.94,3.649375797,52.64,395
511759.79,6940708.57,4.015189204,54.59,395
511760.36,6940708.46,4.115172414,55.18,395
511761.7,6940708.2,4.256825719,56.54,395
511761.7,6940708.2,4.3521946,56.54,395
511759.79,6940708.57,4.150203994,54.59,395
511759.53,6940708.62,4.115172414,54.33,395
511757.87,6940708.94,3.788943672,52.64,395
511755.96,6940709.32,3.608990416,50.69,395
511754.04,6940709.69,3.580475422,48.74,395
511752.13,6940710.06,3.51727326,46.79,395
511750.89,6940710.3,3.334482759,45.53,395
511750.22,6940710.43,3.199129213,44.84,395
511748.3,6940710.81,2.593266293,42.89,395
511748.14,6940710.84,2.553793103,42.73,395
511746.39,6940711.18,2.108233708,40.94,395
511744.48,6940711.55,2.063393374,38.99,395
511742.56,6940711.92,2.226231851,37.04,395
511740.65,6940712.3,2.247238264,35.09,395
511739.01,6940712.61,1.773103448,33.43,395
511738.73,6940712.67,1.649834466,33.14,395
511737.88,6940712.83,0.992413793,32.28,395
511736.82,6940713.04,0.277043708,31.2,395
511736.73,6940713.06,0.211724138,31.1,395
511735.13,6940713.37,-0.568965517,29.47,395
511734.91,6940713.41,-0.644421257,29.25,395
511732.99,6940713.79,-1.09329579,27.3,395
511731.08,6940714.16,-1.294699967,25.35,395
511729.7,6940714.43,-1.349655172,23.94,395
511729.17,6940714.53,-1.367693479,23.4,395
511727.25,6940714.9,-1.400177235,21.45,395
511725.34,6940715.28,-1.437509045,19.5,395
511723.42,6940715.65,-1.488693599,17.55,395
511721.51,6940716.02,-1.535086347,15.6,395
511719.6,6940716.39,-1.51090587,13.65,395
511718.33,6940716.64,-1.349655172,12.36,395
511717.68,6940716.77,-1.251717191,11.7,395
511715.91,6940717.11,-0.568965517,9.89,395
511715.77,6940717.14,-0.508360458,9.75,395
511714.47,6940717.39,0.211724138,8.43,395
511713.86,6940717.51,0.52625619,7.8,395
511712.65,6940717.75,0.992413793,6.57,395
511711.94,6940717.88,1.200949136,5.85,395
511710.03,6940718.26,1.44894302,3.9,395
511708.11,6940718.63,1.440569921,1.95,395
511706.2,6940719,1.35141577,0,395
511706.2,6940719,1.198464128,0,395
511708.11,6940718.63,1.29003142,1.95,395
511710.03,6940718.26,1.306952976,3.9,395
511711.94,6940717.88,1.06849865,5.85,395
511712.2,6940717.83,0.992413793,6.11,395
511713.86,6940717.51,0.352489256,7.8,395
511714.13,6940717.46,0.211724138,8.08,395
511715.49,6940717.19,-0.568965517,9.46,395
511715.77,6940717.14,-0.726695001,9.75,395
511717.43,6940716.81,-1.349655172,11.44,395
511717.68,6940716.77,-1.424288988,11.7,395
511719.6,6940716.39,-1.648597525,13.65,395
511708.11,6940718.63,-8.66543199,1.95,395
511709.74,6940718.31,-8.375862069,3.6,395
511710.03,6940718.26,-8.282273591,3.9,395
511711.37,6940717.99,-7.595172414,5.27,395
511711.94,6940717.88,-6.938826444,5.85,395
511712.04,6940717.86,-6.814482759,5.95,395
511712.07,6940717.86,-6.033793103,5.98,395
511711.94,6940717.88,-5.825316629,5.85,395
511711.43,6940717.98,-5.253103448,5.32,395
511710.03,6940718.26,-4.571535125,3.9,395
511709.54,6940718.35,-4.472413793,3.4,395
511708.11,6940718.63,-4.226876813,1.95,395
511706.2,6940719,-4.144698229,0,395
511706.2,6940719,-4.343704498,0,395
511708.11,6940718.63,-4.437035654,1.95,395
511708.32,6940718.59,-4.472413793,2.16,395
511710.03,6940718.26,-4.819636177,3.9,395
511710.92,6940718.08,-5.253103448,4.81,395
511711.69,6940717.93,-6.033793103,5.59,395
511711.71,6940717.93,-6.814482759,5.62,395
511711.05,6940718.06,-7.595172414,4.94,395
511710.03,6940718.26,-8.118365085,3.9,395
511709.23,6940718.41,-8.375862069,3.08,395
511708.11,6940718.63,-8.574534053,1.95,395
511706.2,6940719,-8.722609909,0,395
511706.2,6940719,-8.812030455,0,395
511729.45,6940714.48,5.676551724,23.69,400
511731.08,6940714.16,5.863056074,25.35,400
511732.36,6940713.91,6.457241379,26.65,400
511732.63,6940713.86,7.237931034,26.93,400
511731.34,6940714.11,8.01862069,25.61,400
511731.08,6940714.16,8.107727783,25.35,400
511729.17,6940714.53,8.089152975,23.4,400
511728.91,6940714.58,8.01862069,23.13,400
511727.25,6940714.9,7.287947964,21.45,400
511727.18,6940714.92,7.237931034,21.38,400
511727.01,6940714.95,6.457241379,21.2,400
511727.25,6940714.9,6.253564501,21.45,400
511728.98,6940714.57,5.676551724,23.21,400
511729.17,6940714.53,5.653447328,23.4,400
511727.5,6940714.86,6.457241379,21.7,400
511727.73,6940714.81,7.237931034,21.93,400
511729.17,6940714.53,7.867088839,23.4,400
511731.08,6940714.16,7.909983702,25.35,400
511732.22,6940713.94,7.237931034,26.51,400
511731.97,6940713.99,6.457241379,26.25,400
511731.08,6940714.16,6.043791354,25.35,400
511729.17,6940714.53,5.863112617,23.4,400
511721.51,6940716.02,-1.760083221,15.6,400
511723.42,6940715.65,-1.680383486,17.55,400
511725.34,6940715.28,-1.606147468,19.5,400
511727.25,6940714.9,-1.556273333,21.45,400
511729.17,6940714.53,-1.523855771,23.4,400
511731.08,6940714.16,-1.469100555,25.35,400
511732.63,6940713.86,-1.349655172,26.92,400
511732.99,6940713.79,-1.31325236,27.3,400
511734.91,6940713.41,-0.922927661,29.25,400
511735.95,6940713.21,-0.568965517,30.31,400
511736.82,6940713.04,-0.13701756,31.2,400
511737.46,6940712.92,0.211724138,31.85,400
511738.56,6940712.7,0.992413793,32.96,400
511738.73,6940712.67,1.128700697,33.14,400
511740.2,6940712.38,1.773103448,34.63,400
511740.65,6940712.3,1.904538926,35.09,400
511742.56,6940711.92,1.933015079,37.04,400
511744.48,6940711.55,1.783496036,38.99,400
511746.39,6940711.18,1.797323364,40.94,400
511748.3,6940710.81,2.213934849,42.89,400
511749.22,6940710.63,2.553793103,43.83,400
511750.22,6940710.43,2.867046617,44.84,400
511752.13,6940710.06,3.249793329,46.79,400
511754.04,6940709.69,3.333732688,48.74,400
511754.1,6940709.68,3.334482759,48.8,400
511755.96,6940709.32,3.351825931,50.69,400
511757.87,6940708.94,3.509807923,52.64,400
511759.79,6940708.57,3.858701367,54.59,400
511761.26,6940708.29,4.115172414,56.1,400
511761.7,6940708.2,4.161456839,56.54,400
511761.7,6940708.2,4.256825719,56.54,400
511760.36,6940708.46,4.115172414,55.18,400
511759.79,6940708.57,4.015189204,54.59,400
511757.87,6940708.94,3.649375797,52.64,400
511755.96,6940709.32,3.480408174,50.69,400
511754.04,6940709.69,3.457216549,48.74,400
511752.13,6940710.06,3.396509461,46.79,400
511751.71,6940710.14,3.334482759,46.36,400
511750.22,6940710.43,3.033087915,44.84,400
511748.69,6940710.73,2.553793103,43.29,400
511748.3,6940710.81,2.409938318,42.89,400
511746.39,6940711.18,1.952778536,40.94,400
511744.48,6940711.55,1.923444705,38.99,400
511742.56,6940711.92,2.079623465,37.04,400
511740.65,6940712.3,2.075888595,35.09,400
511739.6,6940712.5,1.773103448,34.03,400
511738.73,6940712.67,1.389267581,33.14,400
511738.22,6940712.77,0.992413793,32.62,400
511737.09,6940712.99,0.211724138,31.47,400
511736.82,6940713.04,0.066520258,31.2,400
511735.54,6940713.29,-0.568965517,29.89,400
511734.91,6940713.41,-0.783674459,29.25,400
511732.99,6940713.79,-1.203274075,27.3,400
511731.52,6940714.07,-1.349655172,25.8,400
511731.08,6940714.16,-1.3837873,25.35,400
511729.17,6940714.53,-1.445774625,23.4,400
511727.25,6940714.9,-1.478225284,21.45,400
511725.34,6940715.28,-1.521828257,19.5,400
511723.42,6940715.65,-1.584538543,17.55,400
511721.51,6940716.02,-1.647584784,15.6,400
511719.6,6940716.39,-1.648597525,13.65,400
511717.68,6940716.77,-1.424288988,11.7,400
511717.43,6940716.81,-1.349655172,11.44,400
511715.77,6940717.14,-0.726695001,9.75,400
511715.49,6940717.19,-0.568965517,9.46,400
511714.13,6940717.46,0.211724138,8.08,400
511713.86,6940717.51,0.352489256,7.8,400
511712.2,6940717.83,0.992413793,6.11,400
511711.94,6940717.88,1.06849865,5.85,400
511710.03,6940718.26,1.306952976,3.9,400
511708.11,6940718.63,1.29003142,1.95,400
511706.2,6940719,1.198464128,0,400
511706.2,6940719,1.045512485,0,400
511708.11,6940718.63,1.139492919,1.95,400
511710.03,6940718.26,1.164962933,3.9,400
511711.45,6940717.98,0.992413793,5.34,400
511711.94,6940717.88,0.910274131,5.85,400
511713.76,6940717.53,0.211724138,7.7,400
511713.86,6940717.51,0.16485502,7.8,400
511715.08,6940717.27,-0.568965517,9.04,400
511715.77,6940717.14,-0.958159964,9.75,400
511716.81,6940716.93,-1.349655172,10.81,400
511717.68,6940716.77,-1.608934747,11.7,400
511719.6,6940716.39,-1.786289181,13.65,400
511708.11,6940718.63,-8.756329927,1.95,400
511710.03,6940718.26,-8.417001265,3.9,400
511710.17,6940718.23,-8.375862069,4.04,400
511711.69,6940717.93,-7.595172414,5.59,400
511711.94,6940717.88,-7.307361375,5.85,400
511712.33,6940717.81,-6.814482759,6.24,400
511712.4,6940717.79,-6.033793103,6.32,400
511711.94,6940717.88,-5.259787997,5.85,400
511711.94,6940717.88,-5.253103448,5.84,400
511710.45,6940718.17,-4.472413793,4.33,400
511710.03,6940718.26,-4.324000059,3.9,400
511708.11,6940718.63,-4.016717972,1.95,400
511706.2,6940719,-3.945691959,0,400
511706.2,6940719,-4.144698229,0,400
511708.11,6940718.63,-4.226876813,1.95,400
511709.54,6940718.35,-4.472413793,3.4,400
511710.03,6940718.26,-4.571535125,3.9,400
511711.43,6940717.98,-5.253103448,5.32,400
511711.94,6940717.88,-5.825316629,5.85,400
511712.07,6940717.86,-6.033793103,5.98,400
511712.04,6940717.86,-6.814482759,5.95,400
511711.94,6940717.88,-6.938826444,5.85,400
511711.37,6940717.99,-7.595172414,5.27,400
511710.03,6940718.26,-8.282273591,3.9,400
511709.74,6940718.31,-8.375862069,3.6,400
511708.11,6940718.63,-8.66543199,1.95,400
511706.2,6940719,-8.812030455,0,400
511706.2,6940719,-8.901451002,0,400
511731.08,6940714.16,6.043791354,25.35,405
511731.97,6940713.99,6.457241379,26.25,405
511732.22,6940713.94,7.237931034,26.51,405
511731.08,6940714.16,7.909983702,25.35,405
511729.17,6940714.53,7.867088839,23.4,405
511727.73,6940714.81,7.237931034,21.93,405
511727.5,6940714.86,6.457241379,21.7,405
511729.17,6940714.53,5.863112617,23.4,405
511728.14,6940714.73,6.457241379,22.35,405
511728.3,6940714.7,7.237931034,22.51,405
511729.17,6940714.53,7.617192981,23.4,405
511731.08,6940714.16,7.665592027,25.35,405
511731.8,6940714.02,7.237931034,26.08,405
511731.58,6940714.06,6.457241379,25.86,405
511731.08,6940714.16,6.224526633,25.35,405
511729.17,6940714.53,6.091232367,23.4,405
511721.51,6940716.02,-1.872581658,15.6,405
511723.42,6940715.65,-1.77622843,17.55,405
511725.34,6940715.28,-1.690466679,19.5,405
511727.25,6940714.9,-1.634321381,21.45,405
511729.17,6940714.53,-1.601936917,23.4,405
511731.08,6940714.16,-1.55441381,25.35,405
511732.99,6940713.79,-1.417245863,27.3,405
511733.46,6940713.7,-1.349655172,27.77,405
511734.91,6940713.41,-1.062180863,29.25,405
511736.36,6940713.13,-0.568965517,30.73,405
511736.82,6940713.04,-0.340555378,31.2,405
511737.84,6940712.84,0.211724138,32.23,405
511738.73,6940712.67,0.86245144,33.14,405
511738.99,6940712.62,0.992413793,33.41,405
511740.65,6940712.3,1.717864988,35.09,405
511742.03,6940712.03,1.773103448,36.5,405
511742.56,6940711.92,1.786406693,37.04,405
511742.73,6940711.89,1.773103448,37.22,405
511744.48,6940711.55,1.612770757,38.99,405
511746.39,6940711.18,1.614276637,40.94,405
511747.16,6940711.03,1.773103448,41.73,405
511748.3,6940710.81,2.017931381,42.89,405
511749.75,6940710.53,2.553793103,44.37,405
511750.22,6940710.43,2.701005318,44.84,405
511752.13,6940710.06,3.075671387,46.79,405
511754.04,6940709.69,3.157659783,48.74,405
511755.96,6940709.32,3.171619607,50.69,405
511757.44,6940709.03,3.334482759,52.2,405
511757.87,6940708.94,3.370240048,52.64,405
511759.79,6940708.57,3.702213529,54.59,405
511761.7,6940708.2,4.027311923,56.54,405
511761.7,6940708.2,4.161456839,56.54,405
511761.26,6940708.29,4.115172414,56.1,405
511759.79,6940708.57,3.858701367,54.59,405
511757.87,6940708.94,3.509807923,52.64,405
511755.96,6940709.32,3.351825931,50.69,405
511754.1,6940709.68,3.334482759,48.8,405
511754.04,6940709.69,3.333732688,48.74,405
511752.13,6940710.06,3.249793329,46.79,405
511750.22,6940710.43,2.867046617,44.84,405
511749.22,6940710.63,2.553793103,43.83,405
511748.3,6940710.81,2.213934849,42.89,405
511746.39,6940711.18,1.797323364,40.94,405
511744.48,6940711.55,1.783496036,38.99,405
511742.56,6940711.92,1.933015079,37.04,405
511740.65,6940712.3,1.904538926,35.09,405
511740.2,6940712.38,1.773103448,34.63,405
511738.73,6940712.67,1.128700697,33.14,405
511738.56,6940712.7,0.992413793,32.96,405
511737.46,6940712.92,0.211724138,31.85,405
511736.82,6940713.04,-0.13701756,31.2,405
511735.95,6940713.21,-0.568965517,30.31,405
511734.91,6940713.41,-0.922927661,29.25,405
511732.99,6940713.79,-1.31325236,27.3,405
511732.63,6940713.86,-1.349655172,26.92,405
511731.08,6940714.16,-1.469100555,25.35,405
511729.17,6940714.53,-1.523855771,23.4,405
511727.25,6940714.9,-1.556273333,21.45,405
511725.34,6940715.28,-1.606147468,19.5,405
511723.42,6940715.65,-1.680383486,17.55,405
511721.51,6940716.02,-1.760083221,15.6,405
511719.6,6940716.39,-1.786289181,13.65,405
511717.68,6940716.77,-1.608934747,11.7,405
511716.81,6940716.93,-1.349655172,10.81,405
511715.77,6940717.14,-0.958159964,9.75,405
511715.08,6940717.27,-0.568965517,9.04,405
511713.86,6940717.51,0.16485502,7.8,405
511713.76,6940717.53,0.211724138,7.7,405
511711.94,6940717.88,0.910274131,5.85,405
511711.45,6940717.98,0.992413793,5.34,405
511710.03,6940718.26,1.164962933,3.9,405
511708.11,6940718.63,1.139492919,1.95,405
511706.2,6940719,1.045512485,0,405
511706.2,6940719,0.849661562,0,405
511708.11,6940718.63,0.987332146,1.95,405
511708.3,6940718.59,0.992413793,2.14,405
511710.03,6940718.26,1.02297289,3.9,405
511710.28,6940718.21,0.992413793,4.16,405
511711.94,6940717.88,0.717258665,5.85,405
511713.26,6940717.63,0.211724138,7.19,405
511713.86,6940717.51,-0.081928456,7.8,405
511714.67,6940717.35,-0.568965517,8.63,405
511715.77,6940717.14,-1.189624927,9.75,405
511716.2,6940717.05,-1.349655172,10.18,405
511717.68,6940716.77,-1.793580506,11.7,405
511719.6,6940716.39,-1.923980836,13.65,405
511708.11,6940718.63,-8.847227863,1.95,405
511710.03,6940718.26,-8.512892357,3.9,405
511710.49,6940718.17,-8.375862069,4.37,405
511711.94,6940717.88,-7.631374248,5.85,405
511712,6940717.87,-7.595172414,5.91,405
511712.61,6940717.75,-6.814482759,6.53,405
511712.74,6940717.73,-6.033793103,6.66,405
511712.37,6940717.8,-5.253103448,6.28,405
511711.94,6940717.88,-4.882820693,5.85,405
511711.16,6940718.03,-4.472413793,5.06,405
511710.03,6940718.26,-4.076841563,3.9,405
511708.11,6940718.63,-3.806559132,1.95,405
511706.2,6940719,-3.746685689,0,405
511706.2,6940719,-3.945691959,0,405
511708.11,6940718.63,-4.016717972,1.95,405
511710.03,6940718.26,-4.324000059,3.9,405
511710.45,6940718.17,-4.472413793,4.33,405
511711.94,6940717.88,-5.253103448,5.84,405
511711.94,6940717.88,-5.259787997,5.85,405
511712.4,6940717.79,-6.033793103,6.32,405
511712.33,6940717.81,-6.814482759,6.24,405
511711.94,6940717.88,-7.307361375,5.85,405
511711.69,6940717.93,-7.595172414,5.59,405
511710.17,6940718.23,-8.375862069,4.04,405
511710.03,6940718.26,-8.417001265,3.9,405
511708.11,6940718.63,-8.756329927,1.95,405
511706.2,6940719,-8.901451002,0,405
511706.2,6940719,-8.990871548,0,405
511731.08,6940714.16,6.224526633,25.35,410
511731.58,6940714.06,6.457241379,25.86,410
511731.8,6940714.02,7.237931034,26.08,410
511731.08,6940714.16,7.665592027,25.35,410
511729.17,6940714.53,7.617192981,23.4,410
511728.3,6940714.7,7.237931034,22.51,410
511728.14,6940714.73,6.457241379,22.35,410
511729.17,6940714.53,6.091232367,23.4,410
511728.78,6940714.61,6.457241379,23,410
511728.87,6940714.59,7.237931034,23.09,410
511729.17,6940714.53,7.367297122,23.4,410
511731.08,6940714.16,7.421200352,25.35,410
511731.39,6940714.1,7.237931034,25.66,410
511731.19,6940714.14,6.457241379,25.46,410
511731.08,6940714.16,6.405261913,25.35,410
511729.17,6940714.53,6.319352116,23.4,410
511721.51,6940716.02,-1.985080096,15.6,410
511723.42,6940715.65,-1.872073374,17.55,410
511725.34,6940715.28,-1.774785891,19.5,410
511727.25,6940714.9,-1.71236943,21.45,410
511729.17,6940714.53,-1.680018064,23.4,410
511731.08,6940714.16,-1.639727065,25.35,410
511732.99,6940713.79,-1.518278286,27.3,410
511734.16,6940713.56,-1.349655172,28.49,410
511734.91,6940713.41,-1.201434064,29.25,410
511736.77,6940713.05,-0.568965517,31.14,410
511736.82,6940713.04,-0.544093196,31.2,410
511738.21,6940712.77,0.211724138,32.61,410
511738.73,6940712.67,0.589970826,33.14,410
511739.53,6940712.51,0.992413793,33.96,410
511740.65,6940712.3,1.480728988,35.09,410
511742.56,6940711.92,1.595709276,37.04,410
511744.48,6940711.55,1.439576672,38.99,410
511746.39,6940711.18,1.426137794,40.94,410
511748.08,6940710.85,1.773103448,42.66,410
511748.3,6940710.81,1.821927912,42.89,410
511750.22,6940710.43,2.526123609,44.84,410
511750.32,6940710.41,2.553793103,44.95,410
511752.13,6940710.06,2.901549445,46.79,410
511754.04,6940709.69,2.981586877,48.74,410
511755.96,6940709.32,2.983364622,50.69,410
511757.87,6940708.94,3.159437702,52.64,410
511758.55,6940708.81,3.334482759,53.33,410
511759.79,6940708.57,3.545725691,54.59,410
511761.7,6940708.2,3.856602958,56.54,410
511761.7,6940708.2,4.027311923,56.54,410
511759.79,6940708.57,3.702213529,54.59,410
511757.87,6940708.94,3.370240048,52.64,410
511757.44,6940709.03,3.334482759,52.2,410
511755.96,6940709.32,3.171619607,50.69,410
511754.04,6940709.69,3.157659783,48.74,410
511752.13,6940710.06,3.075671387,46.79,410
511750.22,6940710.43,2.701005318,44.84,410
511749.75,6940710.53,2.553793103,44.37,410
511748.3,6940710.81,2.017931381,42.89,410
511747.16,6940711.03,1.773103448,41.73,410
511746.39,6940711.18,1.614276637,40.94,410
511744.48,6940711.55,1.612770757,38.99,410
511742.73,6940711.89,1.773103448,37.22,410
511742.56,6940711.92,1.786406693,37.04,410
511742.03,6940712.03,1.773103448,36.5,410
511740.65,6940712.3,1.717864988,35.09,410
511738.99,6940712.62,0.992413793,33.41,410
511738.73,6940712.67,0.86245144,33.14,410
511737.84,6940712.84,0.211724138,32.23,410
511736.82,6940713.04,-0.340555378,31.2,410
511736.36,6940713.13,-0.568965517,30.73,410
511734.91,6940713.41,-1.062180863,29.25,410
511733.46,6940713.7,-1.349655172,27.77,410
511732.99,6940713.79,-1.417245863,27.3,410
511731.08,6940714.16,-1.55441381,25.35,410
511729.17,6940714.53,-1.601936917,23.4,410
511727.25,6940714.9,-1.634321381,21.45,410
511725.34,6940715.28,-1.690466679,19.5,410
511723.42,6940715.65,-1.77622843,17.55,410
511721.51,6940716.02,-1.872581658,15.6,410
511719.6,6940716.39,-1.923980836,13.65,410
511717.68,6940716.77,-1.793580506,11.7,410
511716.2,6940717.05,-1.349655172,10.18,410
511715.77,6940717.14,-1.189624927,9.75,410
511714.67,6940717.35,-0.568965517,8.63,410
511713.86,6940717.51,-0.081928456,7.8,410
511713.26,6940717.63,0.211724138,7.19,410
511711.94,6940717.88,0.717258665,5.85,410
511710.28,6940718.21,0.992413793,4.16,410
511710.03,6940718.26,1.02297289,3.9,410
511708.3,6940718.59,0.992413793,2.14,410
511708.11,6940718.63,0.987332146,1.95,410
511706.2,6940719,0.849661562,0,410
511706.2,6940719,0.630998137,0,410
511708.11,6940718.63,0.766198661,1.95,410
511710.03,6940718.26,0.825103661,3.9,410
511711.94,6940717.88,0.524243199,5.85,410
511712.75,6940717.72,0.211724138,6.68,410
511713.86,6940717.51,-0.328711932,7.8,410
511714.26,6940717.43,-0.568965517,8.21,410
511715.59,6940717.17,-1.349655172,9.57,410
511715.77,6940717.14,-1.441565131,9.75,410
511717.68,6940716.77,-1.978226265,11.7,410
511719.6,6940716.39,-2.061672491,13.65,410
511708.11,6940718.63,-8.9381258,1.95,410
511710.03,6940718.26,-8.60878345,3.9,410
511710.81,6940718.1,-8.375862069,4.7,410
511711.94,6940717.88,-7.796649242,5.85,410
511712.26,6940717.82,-7.595172414,6.17,410
511712.9,6940717.7,-6.814482759,6.83,410
511713.08,6940717.66,-6.033793103,7.01,410
511712.8,6940717.72,-5.253103448,6.72,410
511711.94,6940717.88,-4.508108844,5.85,410
511711.87,6940717.9,-4.472413793,5.78,410
511710.03,6940718.26,-3.829683067,3.9,410
511708.97,6940718.46,-3.691724138,2.82,410
511708.11,6940718.63,-3.573236444,1.95,410
511706.2,6940719,-3.507998113,0,410
511706.2,6940719,-3.746685689,0,410
511708.11,6940718.63,-3.806559132,1.95,410
511710.03,6940718.26,-4.076841563,3.9,410
511711.16,6940718.03,-4.472413793,5.06,410
511711.94,6940717.88,-4.882820693,5.85,410
511712.37,6940717.8,-5.253103448,6.28,410
511712.74,6940717.73,-6.033793103,6.66,410
511712.61,6940717.75,-6.814482759,6.53,410
511712,6940717.87,-7.595172414,5.91,410
511711.94,6940717.88,-7.631374248,5.85,410
511710.49,6940718.17,-8.375862069,4.37,410
511710.03,6940718.26,-8.512892357,3.9,410
511708.11,6940718.63,-8.847227863,1.95,410
511706.2,6940719,-8.990871548,0,410
511706.2,6940719,-9.080292094,0,410
511731.08,6940714.16,6.405261913,25.35,415
511731.19,6940714.14,6.457241379,25.46,415
511731.39,6940714.1,7.237931034,25.66,415
511731.08,6940714.16,7.421200352,25.35,415
511729.17,6940714.53,7.367297122,23.4,415
511728.87,6940714.59,7.237931034,23.09,415
511728.78,6940714.61,6.457241379,23,415
511729.17,6940714.53,6.319352116,23.4,415
511720.81,6940716.16,-2.130344828,14.88,415
511721.51,6940716.02,-2.097578533,15.6,415
511723.42,6940715.65,-1.967918318,17.55,415
511725.34,6940715.28,-1.859105102,19.5,415
511727.25,6940714.9,-1.790417478,21.45,415
511729.17,6940714.53,-1.75809921,23.4,415
511731.08,6940714.16,-1.725040321,25.35,415
511732.99,6940713.79,-1.619310709,27.3,415
511734.86,6940713.42,-1.349655172,29.2,415
511734.91,6940713.41,-1.340687266,29.25,415
511736.82,6940713.04,-0.72786583,31.2,415
511737.21,6940712.97,-0.568965517,31.59,415
511738.59,6940712.7,0.211724138,33,415
511738.73,6940712.67,0.317490213,33.14,415
511740.08,6940712.41,0.992413793,34.51,415
511740.65,6940712.3,1.243592987,35.09,415
511742.56,6940711.92,1.400611975,37.04,415
511744.48,6940711.55,1.266382588,38.99,415
511746.39,6940711.18,1.237998951,40.94,415
511748.3,6940710.81,1.584740352,42.89,415
511748.81,6940710.71,1.773103448,43.41,415
511750.22,6940710.43,2.282124542,44.84,415
511751.23,6940710.24,2.553793103,45.87,415
511752.13,6940710.06,2.727427504,46.79,415
511754.04,6940709.69,2.805513972,48.74,415
511755.96,6940709.32,2.795109638,50.69,415
511757.87,6940708.94,2.924098826,52.64,415
511759.47,6940708.63,3.334482759,54.27,415
511759.79,6940708.57,3.389237853,54.59,415
511761.7,6940708.2,3.685893992,56.54,415
511761.7,6940708.2,3.856602958,56.54,415
511759.79,6940708.57,3.545725691,54.59,415
511758.55,6940708.81,3.334482759,53.33,415
511757.87,6940708.94,3.159437702,52.64,415
511755.96,6940709.32,2.983364622,50.69,415
511754.04,6940709.69,2.981586877,48.74,415
511752.13,6940710.06,2.901549445,46.79,415
511750.32,6940710.41,2.553793103,44.95,415
511750.22,6940710.43,2.526123609,44.84,415
511748.3,6940710.81,1.821927912,42.89,415
511748.08,6940710.85,1.773103448,42.66,415
511746.39,6940711.18,1.426137794,40.94,415
511744.48,6940711.55,1.439576672,38.99,415
511742.56,6940711.92,1.595709276,37.04,415
511740.65,6940712.3,1.480728988,35.09,415
511739.53,6940712.51,0.992413793,33.96,415
511738.73,6940712.67,0.589970826,33.14,415
511738.21,6940712.77,0.211724138,32.61,415
511736.82,6940713.04,-0.544093196,31.2,415
511736.77,6940713.05,-0.568965517,31.14,415
511734.91,6940713.41,-1.201434064,29.25,415
511734.16,6940713.56,-1.349655172,28.49,415
511732.99,6940713.79,-1.518278286,27.3,415
511731.08,6940714.16,-1.639727065,25.35,415
511729.17,6940714.53,-1.680018064,23.4,415
511727.25,6940714.9,-1.71236943,21.45,415
511725.34,6940715.28,-1.774785891,19.5,415
511723.42,6940715.65,-1.872073374,17.55,415
511721.51,6940716.02,-1.985080096,15.6,415
511719.6,6940716.39,-2.061672491,13.65,415
511717.68,6940716.77,-1.978226265,11.7,415
511715.77,6940717.14,-1.441565131,9.75,415
511715.59,6940717.17,-1.349655172,9.57,415
511714.26,6940717.43,-0.568965517,8.21,415
511713.86,6940717.51,-0.328711932,7.8,415
511712.75,6940717.72,0.211724138,6.68,415
511711.94,6940717.88,0.524243199,5.85,415
511710.03,6940718.26,0.825103661,3.9,415
511708.11,6940718.63,0.766198661,1.95,415
511706.2,6940719,0.630998137,0,415
511706.2,6940719,0.412334711,0,415
511708.11,6940718.63,0.545065176,1.95,415
511710.03,6940718.26,0.611909986,3.9,415
511711.94,6940717.88,0.331227734,5.85,415
511712.25,6940717.82,0.211724138,6.17,415
511713.84,6940717.51,-0.568965517,7.78,415
511713.86,6940717.51,-0.579141303,7.8,415
511715.01,6940717.29,-1.349655172,8.98,415
511715.77,6940717.14,-1.7393746,9.75,415
511717.46,6940716.81,-2.130344828,11.47,415
511717.68,6940716.77,-2.16923229,11.7,415
511719.6,6940716.39,-2.20834346,13.65,415
511706.38,6940718.96,-9.156551724,0.19,415
511708.11,6940718.63,-9.029023737,1.95,415
511710.03,6940718.26,-8.704674542,3.9,415
511711.13,6940718.04,-8.375862069,5.03,415
511711.94,6940717.88,-7.961924236,5.85,415
511712.52,6940717.77,-7.595172414,6.44,415
511713.19,6940717.64,-6.814482759,7.12,415
511713.42,6940717.6,-6.033793103,7.35,415
511713.23,6940717.63,-5.253103448,7.16,415
511712.5,6940717.77,-4.472413793,6.42,415
511711.94,6940717.88,-4.144237291,5.85,415
511710.53,6940718.16,-3.691724138,4.41,415
511710.03,6940718.26,-3.559387713,3.9,415
511708.11,6940718.63,-3.312008669,1.95,415
511706.2,6940719,-3.254169778,0,415
511706.2,6940719,-3.507998113,0,415
511708.11,6940718.63,-3.573236444,1.95,415
511708.97,6940718.46,-3.691724138,2.82,415
511710.03,6940718.26,-3.829683067,3.9,415
511711.87,6940717.9,-4.472413793,5.78,415
511711.94,6940717.88,-4.508108844,5.85,415
511712.8,6940717.72,-5.253103448,6.72,415
511713.08,6940717.66,-6.033793103,7.01,415
511712.9,6940717.7,-6.814482759,6.83,415
511712.26,6940717.82,-7.595172414,6.17,415
511711.94,6940717.88,-7.796649242,5.85,415
511710.81,6940718.1,-8.375862069,4.7,415
511710.03,6940718.26,-8.60878345,3.9,415
511708.11,6940718.63,-8.9381258,1.95,415
511706.2,6940719,-9.080292094,0,415
511706.2,6940719,-9.165667812,0,415
511719.6,6940716.39,-2.363948599,13.65,420
511721.51,6940716.02,-2.217932602,15.6,420
511722.48,6940715.83,-2.130344828,16.58,420
511723.42,6940715.65,-2.063763262,17.55,420
511725.34,6940715.28,-1.943424313,19.5,420
511727.25,6940714.9,-1.868465527,21.45,420
511729.17,6940714.53,-1.836180356,23.4,420
511731.08,6940714.16,-1.810353576,25.35,420
511732.99,6940713.79,-1.720343132,27.3,420
511734.91,6940713.41,-1.468731345,29.25,420
511735.44,6940713.31,-1.349655172,29.79,420
511736.82,6940713.04,-0.90888692,31.2,420
511737.64,6940712.88,-0.568965517,32.03,420
511738.73,6940712.67,0.057435133,33.14,420
511739.06,6940712.61,0.211724138,33.48,420
511740.62,6940712.3,0.992413793,35.06,420
511740.65,6940712.3,1.006456987,35.09,420
511742.56,6940711.92,1.205514673,37.04,420
511744.48,6940711.55,1.093188503,38.99,420
511746.39,6940711.18,1.049860107,40.94,420
511748.3,6940710.81,1.333890576,42.89,420
511749.48,6940710.58,1.773103448,44.1,420
511750.22,6940710.43,2.038125475,44.84,420
511752.13,6940710.06,2.553076583,46.79,420
511752.14,6940710.06,2.553793103,46.81,420
511754.04,6940709.69,2.629441067,48.74,420
511755.96,6940709.32,2.606854653,50.69,420
511757.87,6940708.94,2.688759949,52.64,420
511759.79,6940708.57,3.097012426,54.59,420
511760.51,6940708.43,3.334482759,55.33,420
511761.7,6940708.2,3.515185027,56.54,420
511761.7,6940708.2,3.685893992,56.54,420
511759.79,6940708.57,3.389237853,54.59,420
511759.47,6940708.63,3.334482759,54.27,420
511757.87,6940708.94,2.924098826,52.64,420
511755.96,6940709.32,2.795109638,50.69,420
511754.04,6940709.69,2.805513972,48.74,420
511752.13,6940710.06,2.727427504,46.79,420
511751.23,6940710.24,2.553793103,45.87,420
511750.22,6940710.43,2.282124542,44.84,420
511748.81,6940710.71,1.773103448,43.41,420
511748.3,6940710.81,1.584740352,42.89,420
511746.39,6940711.18,1.237998951,40.94,420
511744.48,6940711.55,1.266382588,38.99,420
511742.56,6940711.92,1.400611975,37.04,420
511740.65,6940712.3,1.243592987,35.09,420
511740.08,6940712.41,0.992413793,34.51,420
511738.73,6940712.67,0.317490213,33.14,420
511738.59,6940712.7,0.211724138,33,420
511737.21,6940712.97,-0.568965517,31.59,420
511736.82,6940713.04,-0.72786583,31.2,420
511734.91,6940713.41,-1.340687266,29.25,420
511734.86,6940713.42,-1.349655172,29.2,420
511732.99,6940713.79,-1.619310709,27.3,420
511731.08,6940714.16,-1.725040321,25.35,420
511729.17,6940714.53,-1.75809921,23.4,420
511727.25,6940714.9,-1.790417478,21.45,420
511725.34,6940715.28,-1.859105102,19.5,420
511723.42,6940715.65,-1.967918318,17.55,420
511721.51,6940716.02,-2.097578533,15.6,420
511720.81,6940716.16,-2.130344828,14.88,420
511719.6,6940716.39,-2.20834346,13.65,420
511717.68,6940716.77,-2.16923229,11.7,420
511717.46,6940716.81,-2.130344828,11.47,420
511715.77,6940717.14,-1.7393746,9.75,420
511715.01,6940717.29,-1.349655172,8.98,420
511713.86,6940717.51,-0.579141303,7.8,420
511713.84,6940717.51,-0.568965517,7.78,420
511712.25,6940717.82,0.211724138,6.17,420
511711.94,6940717.88,0.331227734,5.85,420
511710.03,6940718.26,0.611909986,3.9,420
511708.11,6940718.63,0.545065176,1.95,420
511706.2,6940719,0.412334711,0,420
511706.2,6940719,0.181382972,0,420
511706.47,6940718.95,0.211724138,0.27,420
511708.11,6940718.63,0.323931691,1.95,420
511710.03,6940718.26,0.39871631,3.9,420
511711.36,6940718,0.211724138,5.26,420
511711.94,6940717.88,0.087793885,5.85,420
511713.21,6940717.64,-0.568965517,7.14,420
511713.86,6940717.51,-0.963713699,7.8,420
511714.44,6940717.4,-1.349655172,8.39,420
511715.77,6940717.14,-2.037184069,9.75,420
511716.17,6940717.06,-2.130344828,10.16,420
511717.68,6940716.77,-2.3899831,11.7,420
511707.62,6940718.72,-9.156551724,1.44,420
511708.11,6940718.63,-9.119921674,1.95,420
511710.03,6940718.26,-8.800565634,3.9,420
511711.46,6940717.98,-8.375862069,5.35,420
511711.94,6940717.88,-8.12719923,5.85,420
511712.78,6940717.72,-7.595172414,6.71,420
511713.47,6940717.58,-6.814482759,7.41,420
511713.75,6940717.53,-6.033793103,7.7,420
511713.66,6940717.55,-5.253103448,7.6,420
511713.12,6940717.65,-4.472413793,7.05,420
511711.94,6940717.88,-3.781507112,5.85,420
511711.66,6940717.94,-3.691724138,5.56,420
511710.03,6940718.26,-3.259862059,3.9,420
511708.11,6940718.63,-3.050780893,1.95,420
511706.2,6940719,-3.000341444,0,420
511706.2,6940719,-3.254169778,0,420
511708.11,6940718.63,-3.312008669,1.95,420
511710.03,6940718.26,-3.559387713,3.9,420
511710.53,6940718.16,-3.691724138,4.41,420
511711.94,6940717.88,-4.144237291,5.85,420
511712.5,6940717.77,-4.472413793,6.42,420
511713.23,6940717.63,-5.253103448,7.16,420
511713.42,6940717.6,-6.033793103,7.35,420
511713.19,6940717.64,-6.814482759,7.12,420
511712.52,6940717.77,-7.595172414,6.44,420
511711.94,6940717.88,-7.961924236,5.85,420
511711.13,6940718.04,-8.375862069,5.03,420
511710.03,6940718.26,-8.704674542,3.9,420
511708.11,6940718.63,-9.029023737,1.95,420
511706.38,6940718.96,-9.156551724,0.19,420
511706.2,6940719,-9.165667812,0,420
511706.2,6940719,-9.227606171,0,420
511719.6,6940716.39,-2.519553738,13.65,425
511721.51,6940716.02,-2.34151498,15.6,425
511723.42,6940715.65,-2.161976292,17.55,425
511723.81,6940715.57,-2.130344828,17.94,425
511725.34,6940715.28,-2.027743525,19.5,425
511727.25,6940714.9,-1.946513576,21.45,425
511729.17,6940714.53,-1.914261502,23.4,425
511731.08,6940714.16,-1.895666831,25.35,425
511732.99,6940713.79,-1.821375555,27.3,425
511734.91,6940713.41,-1.596003868,29.25,425
511736.01,6940713.2,-1.349655172,30.37,425
511736.82,6940713.04,-1.08990801,31.2,425
511738.08,6940712.8,-0.568965517,32.48,425
511738.73,6940712.67,-0.194737011,33.14,425
511739.6,6940712.5,0.211724138,34.03,425
511740.65,6940712.3,0.73889567,35.09,425
511742.39,6940711.96,0.992413793,36.87,425
511742.56,6940711.92,1.010417372,37.04,425
511742.91,6940711.86,0.992413793,37.4,425
511744.48,6940711.55,0.911243127,38.99,425
511746.39,6940711.18,0.847508495,40.94,425
511747.65,6940710.93,0.992413793,42.23,425
511748.3,6940710.81,1.0830408,42.89,425
511750.16,6940710.45,1.773103448,44.78,425
511750.22,6940710.43,1.794126408,44.84,425
511752.13,6940710.06,2.297176527,46.79,425
511754.04,6940709.69,2.416778084,48.74,425
511755.96,6940709.32,2.372495578,50.69,425
511757.87,6940708.94,2.397858454,52.64,425
511758.77,6940708.77,2.553793103,53.55,425
511759.79,6940708.57,2.731729649,54.59,425
511761.63,6940708.21,3.334482759,56.47,425
511761.7,6940708.2,3.344476061,56.54,425
511761.7,6940708.2,3.515185027,56.54,425
511760.51,6940708.43,3.334482759,55.33,425
511759.79,6940708.57,3.097012426,54.59,425
511757.87,6940708.94,2.688759949,52.64,425
511755.96,6940709.32,2.606854653,50.69,425
511754.04,6940709.69,2.629441067,48.74,425
511752.14,6940710.06,2.553793103,46.81,425
511752.13,6940710.06,2.553076583,46.79,425
511750.22,6940710.43,2.038125475,44.84,425
511749.48,6940710.58,1.773103448,44.1,425
511748.3,6940710.81,1.333890576,42.89,425
511746.39,6940711.18,1.049860107,40.94,425
511744.48,6940711.55,1.093188503,38.99,425
511742.56,6940711.92,1.205514673,37.04,425
511740.65,6940712.3,1.006456987,35.09,425
511740.62,6940712.3,0.992413793,35.06,425
511739.06,6940712.61,0.211724138,33.48,425
511738.73,6940712.67,0.057435133,33.14,425
511737.64,6940712.88,-0.568965517,32.03,425
511736.82,6940713.04,-0.90888692,31.2,425
511735.44,6940713.31,-1.349655172,29.79,425
511734.91,6940713.41,-1.468731345,29.25,425
511732.99,6940713.79,-1.720343132,27.3,425
511731.08,6940714.16,-1.810353576,25.35,425
511729.17,6940714.53,-1.836180356,23.4,425
511727.25,6940714.9,-1.868465527,21.45,425
511725.34,6940715.28,-1.943424313,19.5,425
511723.42,6940715.65,-2.063763262,17.55,425
511722.48,6940715.83,-2.130344828,16.58,425
511721.51,6940716.02,-2.217932602,15.6,425
511719.6,6940716.39,-2.363948599,13.65,425
511717.68,6940716.77,-2.3899831,11.7,425
511716.17,6940717.06,-2.130344828,10.16,425
511715.77,6940717.14,-2.037184069,9.75,425
511714.44,6940717.4,-1.349655172,8.39,425
511713.86,6940717.51,-0.963713699,7.8,425
511713.21,6940717.64,-0.568965517,7.14,425
511711.94,6940717.88,0.087793885,5.85,425
511711.36,6940718,0.211724138,5.26,425
511710.03,6940718.26,0.39871631,3.9,425
511708.11,6940718.63,0.323931691,1.95,425
511706.47,6940718.95,0.211724138,0.27,425
511706.2,6940719,0.181382972,0,425
511706.2,6940719,-0.186121455,0,425
511708.11,6940718.63,0.019736065,1.95,425
511710.03,6940718.26,0.16410079,3.9,425
511711.94,6940717.88,-0.237601936,5.85,425
511712.58,6940717.76,-0.568965517,6.5,425
511713.86,6940717.51,-1.348286095,7.8,425
511713.86,6940717.51,-1.349655172,7.8,425
511715.02,6940717.28,-2.130344828,8.99,425
511715.77,6940717.14,-2.415445703,9.75,425
511717.68,6940716.77,-2.610733911,11.7,425
511708.11,6940718.63,-9.194572729,1.95,425
511708.46,6940718.56,-9.156551724,2.3,425
511710.03,6940718.26,-8.896456726,3.9,425
511711.78,6940717.91,-8.375862069,5.68,425
511711.94,6940717.88,-8.292474224,5.85,425
511713.04,6940717.67,-7.595172414,6.97,425
511713.76,6940717.53,-6.814482759,7.7,425
511713.86,6940717.51,-6.566968236,7.8,425
511714.09,6940717.46,-6.033793103,8.04,425
511714.09,6940717.46,-5.253103448,8.04,425
511713.86,6940717.51,-4.672268805,7.8,425
511713.74,6940717.53,-4.472413793,7.68,425
511712.79,6940717.72,-3.691724138,6.71,425
511711.94,6940717.88,-3.35347743,5.85,425
511710.03,6940718.26,-2.960336405,3.9,425
511709.53,6940718.35,-2.911034483,3.39,425
511708.11,6940718.63,-2.720883265,1.95,425
511706.2,6940719,-2.642039519,0,425
511706.2,6940719,-3.000341444,0,425
511708.11,6940718.63,-3.050780893,1.95,425
511710.03,6940718.26,-3.259862059,3.9,425
511711.66,6940717.94,-3.691724138,5.56,425
511711.94,6940717.88,-3.781507112,5.85,425
511713.12,6940717.65,-4.472413793,7.05,425
511713.66,6940717.55,-5.253103448,7.6,425
511713.75,6940717.53,-6.033793103,7.7,425
511713.47,6940717.58,-6.814482759,7.41,425
511712.78,6940717.72,-7.595172414,6.71,425
511711.94,6940717.88,-8.12719923,5.85,425
511711.46,6940717.98,-8.375862069,5.35,425
511710.03,6940718.26,-8.800565634,3.9,425
511708.11,6940718.63,-9.119921674,1.95,425
511707.62,6940718.72,-9.156551724,1.44,425
511706.2,6940719,-9.227606171,0,425
511706.2,6940719,-9.289544529,0,425
511719.6,6940716.39,-2.675158877,13.65,430
511721.51,6940716.02,-2.465097358,15.6,430
511723.42,6940715.65,-2.265577315,17.55,430
511725.07,6940715.33,-2.130344828,19.22,430
511725.34,6940715.28,-2.112062736,19.5,430
511727.25,6940714.9,-2.024561624,21.45,430
511729.17,6940714.53,-1.992342648,23.4,430
511731.08,6940714.16,-1.980980087,25.35,430
511732.99,6940713.79,-1.922407977,27.3,430
511734.91,6940713.41,-1.72327639,29.25,430
511736.57,6940713.09,-1.349655172,30.94,430
511736.82,6940713.04,-1.2709291,31.2,430
511738.52,6940712.71,-0.568965517,32.93,430
511738.73,6940712.67,-0.446909156,33.14,430
511740.14,6940712.4,0.211724138,34.57,430
511740.65,6940712.3,0.469419147,35.09,430
511742.56,6940711.92,0.789676592,37.04,430
511744.48,6940711.55,0.717119949,38.99,430
511746.39,6940711.18,0.638909614,40.94,430
511748.3,6940710.81,0.814076384,42.89,430
511748.9,6940710.69,0.992413793,43.5,430
511750.22,6940710.43,1.466959576,44.84,430
511751.11,6940710.26,1.773103448,45.75,430
511752.13,6940710.06,2.041276471,46.79,430
511754.04,6940709.69,2.176552577,48.74,430
511755.96,6940709.32,2.120041285,50.69,430
511757.87,6940708.94,2.032243802,52.64,430
511759.79,6940708.57,1.952681993,54.59,430
511760.97,6940708.34,1.773103448,55.8,430
511761.11,6940708.31,0.992413793,55.94,430
511761.7,6940708.2,0.730627885,56.54,430
511761.7,6940708.2,1.943439692,56.54,430
511760.94,6940708.35,2.553793103,55.77,430
511761.7,6940708.2,2.759437707,56.54,430
511761.7,6940708.2,3.344476061,56.54,430
511761.63,6940708.21,3.334482759,56.47,430
511759.79,6940708.57,2.731729649,54.59,430
511758.77,6940708.77,2.553793103,53.55,430
511757.87,6940708.94,2.397858454,52.64,430
511755.96,6940709.32,2.372495578,50.69,430
511754.04,6940709.69,2.416778084,48.74,430
511752.13,6940710.06,2.297176527,46.79,430
511750.22,6940710.43,1.794126408,44.84,430
511750.16,6940710.45,1.773103448,44.78,430
511748.3,6940710.81,1.0830408,42.89,430
511747.65,6940710.93,0.992413793,42.23,430
511746.39,6940711.18,0.847508495,40.94,430
511744.48,6940711.55,0.911243127,38.99,430
511742.91,6940711.86,0.992413793,37.4,430
511742.56,6940711.92,1.010417372,37.04,430
511742.39,6940711.96,0.992413793,36.87,430
511740.65,6940712.3,0.73889567,35.09,430
511739.6,6940712.5,0.211724138,34.03,430
511738.73,6940712.67,-0.194737011,33.14,430
511738.08,6940712.8,-0.568965517,32.48,430
511736.82,6940713.04,-1.08990801,31.2,430
511736.01,6940713.2,-1.349655172,30.37,430
511734.91,6940713.41,-1.596003868,29.25,430
511732.99,6940713.79,-1.821375555,27.3,430
511731.08,6940714.16,-1.895666831,25.35,430
511729.17,6940714.53,-1.914261502,23.4,430
511727.25,6940714.9,-1.946513576,21.45,430
511725.34,6940715.28,-2.027743525,19.5,430
511723.81,6940715.57,-2.130344828,17.94,430
511723.42,6940715.65,-2.161976292,17.55,430
511721.51,6940716.02,-2.34151498,15.6,430
511719.6,6940716.39,-2.519553738,13.65,430
511717.68,6940716.77,-2.610733911,11.7,430
511715.77,6940717.14,-2.415445703,9.75,430
511715.02,6940717.28,-2.130344828,8.99,430
511713.86,6940717.51,-1.349655172,7.8,430
511713.86,6940717.51,-1.348286095,7.8,430
511712.58,6940717.76,-0.568965517,6.5,430
511711.94,6940717.88,-0.237601936,5.85,430
511710.03,6940718.26,0.16410079,3.9,430
511708.11,6940718.63,0.019736065,1.95,430
511706.2,6940719,-0.186121455,0,430
511706.2,6940719,-0.553625882,0,430
511708.11,6940718.63,-0.370024122,1.95,430
511710.03,6940718.26,-0.223395936,3.9,430
511711.94,6940717.88,-0.562997758,5.85,430
511711.95,6940717.88,-0.568965517,5.86,430
511712.93,6940717.69,-1.349655172,6.85,430
511713.86,6940717.51,-2.073683392,7.8,430
511713.94,6940717.49,-2.130344828,7.88,430
511715.77,6940717.14,-2.830330996,9.75,430
511717.68,6940716.77,-2.831484721,11.7,430
511708.11,6940718.63,-9.258257372,1.95,430
511709.04,6940718.45,-9.156551724,2.89,430
511710.03,6940718.26,-8.992347818,3.9,430
511711.94,6940717.88,-8.426962213,5.85,430
511712.07,6940717.86,-8.375862069,5.98,430
511713.31,6940717.62,-7.595172414,7.24,430
511713.86,6940717.51,-7.004568953,7.8,430
511714.05,6940717.47,-6.814482759,7.99,430
511714.42,6940717.4,-6.033793103,8.38,430
511714.52,6940717.38,-5.253103448,8.47,430
511714.37,6940717.41,-4.472413793,8.32,430
511713.92,6940717.5,-3.691724138,7.86,430
511713.86,6940717.51,-3.594728506,7.8,430
511712.03,6940717.87,-2.911034483,5.94,430
511711.94,6940717.88,-2.89881775,5.85,430
511710.03,6940718.26,-2.529258367,3.9,430
511708.11,6940718.63,-2.311991088,1.95,430
511706.2,6940719,-2.227026306,0,430
511706.2,6940719,-2.642039519,0,430
511708.11,6940718.63,-2.720883265,1.95,430
511709.53,6940718.35,-2.911034483,3.39,430
511710.03,6940718.26,-2.960336405,3.9,430
511711.94,6940717.88,-3.35347743,5.85,430
511712.79,6940717.72,-3.691724138,6.71,430
511713.74,6940717.53,-4.472413793,7.68,430
511713.86,6940717.51,-4.672268805,7.8,430
511714.09,6940717.46,-5.253103448,8.04,430
511714.09,6940717.46,-6.033793103,8.04,430
511713.86,6940717.51,-6.566968236,7.8,430
511713.76,6940717.53,-6.814482759,7.7,430
511713.04,6940717.67,-7.595172414,6.97,430
511711.94,6940717.88,-8.292474224,5.85,430
511711.78,6940717.91,-8.375862069,5.68,430
511710.03,6940718.26,-8.896456726,3.9,430
511708.46,6940718.56,-9.156551724,2.3,430
511708.11,6940718.63,-9.194572729,1.95,430
511706.2,6940719,-9.289544529,0,430
511706.2,6940719,-9.351482888,0,430
511761.7,6940708.2,2.759437707,56.54,435
511760.94,6940708.35,2.553793103,55.77,435
511761.7,6940708.2,1.943439692,56.54,435
511708.11,6940718.63,-9.321942015,1.95,435
511709.62,6940718.34,-9.156551724,3.48,435
511710.03,6940718.26,-9.08823891,3.9,435
511711.94,6940717.88,-8.530098983,5.85,435
511712.32,6940717.81,-8.375862069,6.23,435
511713.57,6940717.57,-7.595172414,7.51,435
511713.86,6940717.51,-7.285886393,7.8,435
511714.33,6940717.42,-6.814482759,8.28,435
511714.76,6940717.33,-6.033793103,8.72,435
511714.95,6940717.3,-5.253103448,8.91,435
511715,6940717.29,-4.472413793,8.97,435
511715.22,6940717.24,-3.691724138,9.19,435
511715.77,6940717.14,-3.423511585,9.75,435
511717.68,6940716.77,-3.08814276,11.7,435
511718.74,6940716.56,-2.911034483,12.78,435
511719.6,6940716.39,-2.830764016,13.65,435
511721.51,6940716.02,-2.588679736,15.6,435
511723.42,6940715.65,-2.369178339,17.55,435
511725.34,6940715.28,-2.200922884,19.5,435
511726.65,6940715.02,-2.130344828,20.84,435
511727.25,6940714.9,-2.102609673,21.45,435
511729.17,6940714.53,-2.070423794,23.4,435
511731.08,6940714.16,-2.066293342,25.35,435
511732.99,6940713.79,-2.0234404,27.3,435
511734.91,6940713.41,-1.850548913,29.25,435
511736.82,6940713.04,-1.443467951,31.2,435
511737.13,6940712.98,-1.349655172,31.51,435
511738.73,6940712.67,-0.686279274,33.14,435
511739.02,6940712.61,-0.568965517,33.44,435
511740.65,6940712.3,0.200232275,35.09,435
511740.7,6940712.29,0.211724138,35.15,435
511742.56,6940711.92,0.566328862,37.04,435
511744.48,6940711.55,0.522996771,38.99,435
511746.39,6940711.18,0.430310733,40.94,435
511748.3,6940710.81,0.534865761,42.89,435
511749.83,6940710.51,0.992413793,44.45,435
511750.22,6940710.43,1.131951399,44.84,435
511752.08,6940710.07,1.773103448,46.74,435
511752.13,6940710.06,1.785376415,46.79,435
511754.04,6940709.69,1.936327071,48.74,435
511755.96,6940709.32,1.867586992,50.69,435
511757.03,6940709.11,1.773103448,51.79,435
511757.87,6940708.94,1.668377138,52.64,435
511759.71,6940708.59,0.992413793,54.51,435
511759.79,6940708.57,0.962297143,54.59,435
511761.53,6940708.23,0.211724138,56.36,435
511761.7,6940708.2,0.167339382,56.54,435
511761.7,6940708.2,0.730627885,56.54,435
511761.11,6940708.31,0.992413793,55.94,435
511760.97,6940708.34,1.773103448,55.8,435
511759.79,6940708.57,1.952681993,54.59,435
511757.87,6940708.94,2.032243802,52.64,435
511755.96,6940709.32,2.120041285,50.69,435
511754.04,6940709.69,2.176552577,48.74,435
511752.13,6940710.06,2.041276471,46.79,435
511751.11,6940710.26,1.773103448,45.75,435
511750.22,6940710.43,1.466959576,44.84,435
511748.9,6940710.69,0.992413793,43.5,435
511748.3,6940710.81,0.814076384,42.89,435
511746.39,6940711.18,0.638909614,40.94,435
511744.48,6940711.55,0.717119949,38.99,435
511742.56,6940711.92,0.789676592,37.04,435
511740.65,6940712.3,0.469419147,35.09,435
511740.14,6940712.4,0.211724138,34.57,435
511738.73,6940712.67,-0.446909156,33.14,435
511738.52,6940712.71,-0.568965517,32.93,435
511736.82,6940713.04,-1.2709291,31.2,435
511736.57,6940713.09,-1.349655172,30.94,435
511734.91,6940713.41,-1.72327639,29.25,435
511732.99,6940713.79,-1.922407977,27.3,435
511731.08,6940714.16,-1.980980087,25.35,435
511729.17,6940714.53,-1.992342648,23.4,435
511727.25,6940714.9,-2.024561624,21.45,435
511725.34,6940715.28,-2.112062736,19.5,435
511725.07,6940715.33,-2.130344828,19.22,435
511723.42,6940715.65,-2.265577315,17.55,435
511721.51,6940716.02,-2.465097358,15.6,435
511719.6,6940716.39,-2.675158877,13.65,435
511717.68,6940716.77,-2.831484721,11.7,435
511715.77,6940717.14,-2.830330996,9.75,435
511713.94,6940717.49,-2.130344828,7.88,435
511713.86,6940717.51,-2.073683392,7.8,435
511712.93,6940717.69,-1.349655172,6.85,435
511711.95,6940717.88,-0.568965517,5.86,435
511711.94,6940717.88,-0.562997758,5.85,435
511710.03,6940718.26,-0.223395936,3.9,435
511708.11,6940718.63,-0.370024122,1.95,435
511706.2,6940719,-0.553625882,0,435
511706.2,6940719,-2.227026306,0,435
511708.11,6940718.63,-2.311991088,1.95,435
511710.03,6940718.26,-2.529258367,3.9,435
511711.94,6940717.88,-2.89881775,5.85,435
511712.03,6940717.87,-2.911034483,5.94,435
511713.86,6940717.51,-3.594728506,7.8,435
511713.92,6940717.5,-3.691724138,7.86,435
511714.37,6940717.41,-4.472413793,8.32,435
511714.52,6940717.38,-5.253103448,8.47,435
511714.42,6940717.4,-6.033793103,8.38,435
511714.05,6940717.47,-6.814482759,7.99,435
511713.86,6940717.51,-7.004568953,7.8,435
511713.31,6940717.62,-7.595172414,7.24,435
511712.07,6940717.86,-8.375862069,5.98,435
511711.94,6940717.88,-8.426962213,5.85,435
511710.03,6940718.26,-8.992347818,3.9,435
511709.04,6940718.45,-9.156551724,2.89,435
511708.11,6940718.63,-9.258257372,1.95,435
511706.2,6940719,-9.351482888,0,435
511706.2,6940719,-9.413421247,0,435
511710.03,6940718.26,-1.970941063,3.9,435
511708.11,6940718.63,-1.493509244,1.95,435
511707.37,6940718.77,-1.349655172,1.19,435
511708.11,6940718.63,-1.190324019,1.95,435
511710.03,6940718.26,-0.708914854,3.9,435
511711.94,6940717.88,-1.304094349,5.85,435
511712,6940717.87,-1.349655172,5.91,435
511711.94,6940717.88,-2.009337931,5.85,435
511708.11,6940718.63,-9.385626657,1.95,440
511710.03,6940718.26,-9.176257804,3.9,440
511710.13,6940718.24,-9.156551724,4,440
511711.94,6940717.88,-8.633235753,5.85,440
511712.57,6940717.76,-8.375862069,6.49,440
511713.83,6940717.52,-7.595172414,7.77,440
511713.86,6940717.51,-7.567203834,7.8,440
511714.61,6940717.36,-6.814482759,8.57,440
511715.09,6940717.27,-6.033793103,9.06,440
511715.38,6940717.21,-5.253103448,9.35,440
511715.64,6940717.16,-4.472413793,9.62,440
511715.77,6940717.14,-4.267912828,9.75,440
511716.4,6940717.02,-3.691724138,10.39,440
511717.68,6940716.77,-3.365030193,11.7,440
511719.6,6940716.39,-3.000616178,13.65,440
511720.04,6940716.31,-2.911034483,14.1,440
511721.51,6940716.02,-2.712262114,15.6,440
511723.42,6940715.65,-2.472779362,17.55,440
511725.34,6940715.28,-2.29104017,19.5,440
511727.25,6940714.9,-2.183364946,21.45,440
511729.17,6940714.53,-2.149058078,23.4,440
511731.08,6940714.16,-2.151629252,25.35,440
511732.63,6940713.86,-2.130344828,26.93,440
511732.99,6940713.79,-2.124472823,27.3,440
511734.91,6940713.41,-1.977821436,29.25,440
511736.82,6940713.04,-1.609478884,31.2,440
511737.68,6940712.87,-1.349655172,32.07,440
511738.73,6940712.67,-0.91364033,33.14,440
511739.58,6940712.5,-0.568965517,34,440
511740.65,6940712.3,-0.062619114,35.09,440
511741.87,6940712.06,0.211724138,36.34,440
511742.56,6940711.92,0.342981132,37.04,440
511744.48,6940711.55,0.328873593,38.99,440
511746.39,6940711.18,0.221711852,40.94,440
511748.3,6940710.81,0.255655137,42.89,440
511750.22,6940710.43,0.778920983,44.84,440
511750.77,6940710.33,0.992413793,45.41,440
511752.13,6940710.06,1.460372964,46.79,440
511754.04,6940709.69,1.686222824,48.74,440
511755.96,6940709.32,1.609076363,50.69,440
511757.87,6940708.94,1.308764782,52.64,440
511758.73,6940708.78,0.992413793,53.52,440
511759.79,6940708.57,0.578156191,54.59,440
511760.64,6940708.41,0.211724138,55.46,440
511761.7,6940708.2,-0.060041539,56.54,440
511761.7,6940708.2,0.167339382,56.54,440
511761.53,6940708.23,0.211724138,56.36,440
511759.79,6940708.57,0.962297143,54.59,440
511759.71,6940708.59,0.992413793,54.51,440
511757.87,6940708.94,1.668377138,52.64,440
511757.03,6940709.11,1.773103448,51.79,440
511755.96,6940709.32,1.867586992,50.69,440
511754.04,6940709.69,1.936327071,48.74,440
511752.13,6940710.06,1.785376415,46.79,440
511752.08,6940710.07,1.773103448,46.74,440
511750.22,6940710.43,1.131951399,44.84,440
511749.83,6940710.51,0.992413793,44.45,440
511748.3,6940710.81,0.534865761,42.89,440
511746.39,6940711.18,0.430310733,40.94,440
511744.48,6940711.55,0.522996771,38.99,440
511742.56,6940711.92,0.566328862,37.04,440
511740.7,6940712.29,0.211724138,35.15,440
511740.65,6940712.3,0.200232275,35.09,440
511739.02,6940712.61,-0.568965517,33.44,440
511738.73,6940712.67,-0.686279274,33.14,440
511737.13,6940712.98,-1.349655172,31.51,440
511736.82,6940713.04,-1.443467951,31.2,440
511734.91,6940713.41,-1.850548913,29.25,440
511732.99,6940713.79,-2.0234404,27.3,440
511731.08,6940714.16,-2.066293342,25.35,440
511729.17,6940714.53,-2.070423794,23.4,440
511727.25,6940714.9,-2.102609673,21.45,440
511726.65,6940715.02,-2.130344828,20.84,440
511725.34,6940715.28,-2.200922884,19.5,440
511723.42,6940715.65,-2.369178339,17.55,440
511721.51,6940716.02,-2.588679736,15.6,440
511719.6,6940716.39,-2.830764016,13.65,440
511718.74,6940716.56,-2.911034483,12.78,440
511717.68,6940716.77,-3.08814276,11.7,440
511715.77,6940717.14,-3.423511585,9.75,440
511715.22,6940717.24,-3.691724138,9.19,440
511715,6940717.29,-4.472413793,8.97,440
511714.95,6940717.3,-5.253103448,8.91,440
511714.76,6940717.33,-6.033793103,8.72,440
511714.33,6940717.42,-6.814482759,8.28,440
511713.86,6940717.51,-7.285886393,7.8,440
511713.57,6940717.57,-7.595172414,7.51,440
511712.32,6940717.81,-8.375862069,6.23,440
511711.94,6940717.88,-8.530098983,5.85,440
511710.03,6940718.26,-9.08823891,3.9,440
511709.62,6940718.34,-9.156551724,3.48,440
511708.11,6940718.63,-9.321942015,1.95,440
511706.2,6940719,-9.413421247,0,440
511706.2,6940719,-9.475359606,0,440
511712,6940717.87,-1.349655172,5.91,440
511711.94,6940717.88,-1.304094349,5.85,440
511710.03,6940718.26,-0.708914854,3.9,440
511708.11,6940718.63,-1.190324019,1.95,440
511707.37,6940718.77,-1.349655172,1.19,440
511708.11,6940718.63,-1.493509244,1.95,440
511710.03,6940718.26,-1.970941063,3.9,440
511711.94,6940717.88,-2.009337931,5.85,440
511708.11,6940718.63,-9.4493113,1.95,445
511710.03,6940718.26,-9.244776858,3.9,445
511710.49,6940718.17,-9.156551724,4.37,445
511711.94,6940717.88,-8.736372523,5.85,445
511712.83,6940717.71,-8.375862069,6.75,445
511713.86,6940717.51,-7.73675554,7.8,445
511714.08,6940717.47,-7.595172414,8.03,445
511714.89,6940717.31,-6.814482759,8.85,445
511715.42,6940717.2,-6.033793103,9.4,445
511715.77,6940717.14,-5.315661074,9.75,445
511715.81,6940717.13,-5.253103448,9.79,445
511716.24,6940717.05,-4.472413793,10.23,445
511717.49,6940716.8,-3.691724138,11.5,445
511717.68,6940716.77,-3.641917626,11.7,445
511719.6,6940716.39,-3.185648804,13.65,445
511720.95,6940716.13,-2.911034483,15.03,445
511721.51,6940716.02,-2.835844492,15.6,445
511723.42,6940715.65,-2.576380385,17.55,445
511725.34,6940715.28,-2.381157456,19.5,445
511727.25,6940714.9,-2.265612585,21.45,445
511729.17,6940714.53,-2.229517493,23.4,445
511731.08,6940714.16,-2.23703341,25.35,445
511732.99,6940713.79,-2.223161034,27.3,445
511734.57,6940713.48,-2.130344828,28.91,445
511734.91,6940713.41,-2.105093959,29.25,445
511736.82,6940713.04,-1.775489817,31.2,445
511738.23,6940712.77,-1.349655172,32.63,445
511738.73,6940712.67,-1.141001385,33.14,445
511740.13,6940712.4,-0.568965517,34.57,445
511740.65,6940712.3,-0.325470504,35.09,445
511742.56,6940711.92,0.11740066,37.04,445
511744.48,6940711.55,0.131508787,38.99,445
511746.39,6940711.18,0.008861161,40.94,445
511748.3,6940710.81,-0.013173113,42.89,445
511749.46,6940710.58,0.211724138,44.07,445
511750.22,6940710.43,0.413025304,44.84,445
511751.73,6940710.14,0.992413793,46.38,445
511752.13,6940710.06,1.131888357,46.79,445
511754.04,6940709.69,1.415178261,48.74,445
511755.96,6940709.32,1.346943393,50.69,445
511757.72,6940708.98,0.992413793,52.48,445
511757.87,6940708.94,0.961466711,52.64,445
511759.76,6940708.58,0.211724138,54.56,445
511759.79,6940708.57,0.20228548,54.59,445
511761.7,6940708.2,-0.28742246,56.54,445
511761.7,6940708.2,-0.060041539,56.54,445
511760.64,6940708.41,0.211724138,55.46,445
511759.79,6940708.57,0.578156191,54.59,445
511758.73,6940708.78,0.992413793,53.52,445
511757.87,6940708.94,1.308764782,52.64,445
511755.96,6940709.32,1.609076363,50.69,445
511754.04,6940709.69,1.686222824,48.74,445
511752.13,6940710.06,1.460372964,46.79,445
511750.77,6940710.33,0.992413793,45.41,445
511750.22,6940710.43,0.778920983,44.84,445
511748.3,6940710.81,0.255655137,42.89,445
511746.39,6940711.18,0.221711852,40.94,445
511744.48,6940711.55,0.328873593,38.99,445
511742.56,6940711.92,0.342981132,37.04,445
511741.87,6940712.06,0.211724138,36.34,445
511740.65,6940712.3,-0.062619114,35.09,445
511739.58,6940712.5,-0.568965517,34,445
511738.73,6940712.67,-0.91364033,33.14,445
511737.68,6940712.87,-1.349655172,32.07,445
511736.82,6940713.04,-1.609478884,31.2,445
511734.91,6940713.41,-1.977821436,29.25,445
511732.99,6940713.79,-2.124472823,27.3,445
511732.63,6940713.86,-2.130344828,26.93,445
511731.08,6940714.16,-2.151629252,25.35,445
511729.17,6940714.53,-2.149058078,23.4,445
511727.25,6940714.9,-2.183364946,21.45,445
511725.34,6940715.28,-2.29104017,19.5,445
511723.42,6940715.65,-2.472779362,17.55,445
511721.51,6940716.02,-2.712262114,15.6,445
511720.04,6940716.31,-2.911034483,14.1,445
511719.6,6940716.39,-3.000616178,13.65,445
511717.68,6940716.77,-3.365030193,11.7,445
511716.4,6940717.02,-3.691724138,10.39,445
511715.77,6940717.14,-4.267912828,9.75,445
511715.64,6940717.16,-4.472413793,9.62,445
511715.38,6940717.21,-5.253103448,9.35,445
511715.09,6940717.27,-6.033793103,9.06,445
511714.61,6940717.36,-6.814482759,8.57,445
511713.86,6940717.51,-7.567203834,7.8,445
511713.83,6940717.52,-7.595172414,7.77,445
511712.57,6940717.76,-8.375862069,6.49,445
511711.94,6940717.88,-8.633235753,5.85,445
511710.13,6940718.24,-9.156551724,4,445
511710.03,6940718.26,-9.176257804,3.9,445
511708.11,6940718.63,-9.385626657,1.95,445
511706.2,6940719,-9.475359606,0,445
511706.2,6940719,-9.537297964,0,445
511708.11,6940718.63,-9.512995943,1.95,450
511710.03,6940718.26,-9.313295912,3.9,450
511710.84,6940718.1,-9.156551724,4.73,450
511711.94,6940717.88,-8.839509293,5.85,450
511713.08,6940717.66,-8.375862069,7.01,450
511713.86,6940717.51,-7.89396881,7.8,450
511714.33,6940717.42,-7.595172414,8.28,450
511715.17,6940717.25,-6.814482759,9.14,450
511715.76,6940717.14,-6.033793103,9.74,450
511715.77,6940717.14,-6.011673818,9.75,450
511716.23,6940717.05,-5.253103448,10.22,450
511716.83,6940716.93,-4.472413793,10.83,450
511717.68,6940716.77,-3.97633438,11.7,450
511718.3,6940716.65,-3.691724138,12.32,450
511719.6,6940716.39,-3.37068143,13.65,450
511721.51,6940716.02,-2.967316279,15.6,450
511721.8,6940715.97,-2.911034483,15.89,450
511723.42,6940715.65,-2.679981409,17.55,450
511725.34,6940715.28,-2.471274742,19.5,450
511727.25,6940714.9,-2.347860224,21.45,450
511729.17,6940714.53,-2.309976908,23.4,450
511731.08,6940714.16,-2.322437567,25.35,450
511732.99,6940713.79,-2.321704591,27.3,450
511734.91,6940713.41,-2.228563279,29.25,450
511735.7,6940713.26,-2.130344828,30.05,450
511736.82,6940713.04,-1.941500751,31.2,450
511738.73,6940712.67,-1.367078086,33.14,450
511738.78,6940712.66,-1.349655172,33.2,450
511740.65,6940712.3,-0.587219436,35.09,450
511740.72,6940712.28,-0.568965517,35.16,450
511742.56,6940711.92,-0.111362139,37.04,450
511744.48,6940711.55,-0.070789587,38.99,450
511746.39,6940711.18,-0.204203345,40.94,450
511748.3,6940710.81,-0.280062785,42.89,450
511750.22,6940710.43,0.067948884,44.84,450
511750.6,6940710.36,0.211724138,45.24,450
511752.13,6940710.06,0.801859522,46.79,450
511753.1,6940709.87,0.992413793,47.78,450
511754.04,6940709.69,1.144133698,48.74,450
511755.96,6940709.32,1.084810423,50.69,450
511756.42,6940709.23,0.992413793,51.16,450
511757.87,6940708.94,0.704217487,52.64,450
511759.11,6940708.7,0.211724138,53.9,450
511759.79,6940708.57,-0.002457652,54.59,450
511761.7,6940708.2,-0.514803382,56.54,450
511761.7,6940708.2,-0.28742246,56.54,450
511759.79,6940708.57,0.20228548,54.59,450
511759.76,6940708.58,0.211724138,54.56,450
511757.87,6940708.94,0.961466711,52.64,450
511757.72,6940708.98,0.992413793,52.48,450
511755.96,6940709.32,1.346943393,50.69,450
511754.04,6940709.69,1.415178261,48.74,450
511752.13,6940710.06,1.131888357,46.79,450
511751.73,6940710.14,0.992413793,46.38,450
511750.22,6940710.43,0.413025304,44.84,450
511749.46,6940710.58,0.211724138,44.07,450
511748.3,6940710.81,-0.013173113,42.89,450
511746.39,6940711.18,0.008861161,40.94,450
511744.48,6940711.55,0.131508787,38.99,450
511742.56,6940711.92,0.11740066,37.04,450
511740.65,6940712.3,-0.325470504,35.09,450
511740.13,6940712.4,-0.568965517,34.57,450
511738.73,6940712.67,-1.141001385,33.14,450
511738.23,6940712.77,-1.349655172,32.63,450
511736.82,6940713.04,-1.775489817,31.2,450
511734.91,6940713.41,-2.105093959,29.25,450
511734.57,6940713.48,-2.130344828,28.91,450
511732.99,6940713.79,-2.223161034,27.3,450
511731.08,6940714.16,-2.23703341,25.35,450
511729.17,6940714.53,-2.229517493,23.4,450
511727.25,6940714.9,-2.265612585,21.45,450
511725.34,6940715.28,-2.381157456,19.5,450
511723.42,6940715.65,-2.576380385,17.55,450
511721.51,6940716.02,-2.835844492,15.6,450
511720.95,6940716.13,-2.911034483,15.03,450
511719.6,6940716.39,-3.185648804,13.65,450
511717.68,6940716.77,-3.641917626,11.7,450
511717.49,6940716.8,-3.691724138,11.5,450
511716.24,6940717.05,-4.472413793,10.23,450
511715.81,6940717.13,-5.253103448,9.79,450
511715.77,6940717.14,-5.315661074,9.75,450
511715.42,6940717.2,-6.033793103,9.4,450
511714.89,6940717.31,-6.814482759,8.85,450
511714.08,6940717.47,-7.595172414,8.03,450
511713.86,6940717.51,-7.73675554,7.8,450
511712.83,6940717.71,-8.375862069,6.75,450
511711.94,6940717.88,-8.736372523,5.85,450
511710.49,6940718.17,-9.156551724,4.37,450
511710.03,6940718.26,-9.244776858,3.9,450
511708.11,6940718.63,-9.4493113,1.95,450
511706.2,6940719,-9.537297964,0,450
511706.2,6940719,-9.599236323,0,450
511708.11,6940718.63,-9.576680585,1.95,455
511710.03,6940718.26,-9.381814966,3.9,455
511711.2,6940718.03,-9.156551724,5.09,455
511711.94,6940717.88,-8.942646063,5.85,455
511713.33,6940717.61,-8.375862069,7.27,455
511713.86,6940717.51,-8.05118208,7.8,455
511714.58,6940717.37,-7.595172414,8.54,455
511715.45,6940717.2,-6.814482759,9.42,455
511715.77,6940717.14,-6.393677378,9.75,455
511716.1,6940717.07,-6.033793103,10.08,455
511716.65,6940716.97,-5.253103448,10.65,455
511717.43,6940716.82,-4.472413793,11.44,455
511717.68,6940716.77,-4.323369255,11.7,455
511719.05,6940716.5,-3.691724138,13.09,455
511719.6,6940716.39,-3.555714056,13.65,455
511721.51,6940716.02,-3.111046286,15.6,455
511722.53,6940715.82,-2.911034483,16.63,455
511723.42,6940715.65,-2.783582432,17.55,455
511725.34,6940715.28,-2.561392029,19.5,455
511727.25,6940714.9,-2.430107863,21.45,455
511729.17,6940714.53,-2.390436322,23.4,455
511731.08,6940714.16,-2.407841725,25.35,455
511732.99,6940713.79,-2.420248149,27.3,455
511734.91,6940713.41,-2.351091287,29.25,455
511736.68,6940713.07,-2.130344828,31.06,455
511736.82,6940713.04,-2.107511684,31.2,455
511738.73,6940712.67,-1.578829583,33.14,455
511739.39,6940712.54,-1.349655172,33.81,455
511740.65,6940712.3,-0.835099915,35.09,455
511741.64,6940712.1,-0.568965517,36.1,455
511742.56,6940711.92,-0.340124938,37.04,455
511744.48,6940711.55,-0.273087961,38.99,455
511746.39,6940711.18,-0.417267851,40.94,455
511748.3,6940710.81,-0.546952457,42.89,455
511750.22,6940710.43,-0.25166532,44.84,455
511751.46,6940710.19,0.211724138,46.11,455
511752.13,6940710.06,0.470691168,46.79,455
511754.04,6940709.69,0.880912027,48.74,455
511755.96,6940709.32,0.846574185,50.69,455
511757.87,6940708.94,0.446968263,52.64,455
511758.46,6940708.83,0.211724138,53.24,455
511759.79,6940708.57,-0.207200783,54.59,455
511761.12,6940708.31,-0.568965517,55.95,455
511761.7,6940708.2,-0.674511675,56.54,455
511761.7,6940708.2,-0.514803382,56.54,455
511759.79,6940708.57,-0.002457652,54.59,455
511759.11,6940708.7,0.211724138,53.9,455
511757.87,6940708.94,0.704217487,52.64,455
511756.42,6940709.23,0.992413793,51.16,455
511755.96,6940709.32,1.084810423,50.69,455
511754.04,6940709.69,1.144133698,48.74,455
511753.1,6940709.87,0.992413793,47.78,455
511752.13,6940710.06,0.801859522,46.79,455
511750.6,6940710.36,0.211724138,45.24,455
511750.22,6940710.43,0.067948884,44.84,455
511748.3,6940710.81,-0.280062785,42.89,455
511746.39,6940711.18,-0.204203345,40.94,455
511744.48,6940711.55,-0.070789587,38.99,455
511742.56,6940711.92,-0.111362139,37.04,455
511740.72,6940712.28,-0.568965517,35.16,455
511740.65,6940712.3,-0.587219436,35.09,455
511738.78,6940712.66,-1.349655172,33.2,455
511738.73,6940712.67,-1.367078086,33.14,455
511736.82,6940713.04,-1.941500751,31.2,455
511735.7,6940713.26,-2.130344828,30.05,455
511734.91,6940713.41,-2.228563279,29.25,455
511732.99,6940713.79,-2.321704591,27.3,455
511731.08,6940714.16,-2.322437567,25.35,455
511729.17,6940714.53,-2.309976908,23.4,455
511727.25,6940714.9,-2.347860224,21.45,455
511725.34,6940715.28,-2.471274742,19.5,455
511723.42,6940715.65,-2.679981409,17.55,455
511721.8,6940715.97,-2.911034483,15.89,455
511721.51,6940716.02,-2.967316279,15.6,455
511719.6,6940716.39,-3.37068143,13.65,455
511718.3,6940716.65,-3.691724138,12.32,455
511717.68,6940716.77,-3.97633438,11.7,455
511716.83,6940716.93,-4.472413793,10.83,455
511716.23,6940717.05,-5.253103448,10.22,455
511715.77,6940717.14,-6.011673818,9.75,455
511715.76,6940717.14,-6.033793103,9.74,455
511715.17,6940717.25,-6.814482759,9.14,455
511714.33,6940717.42,-7.595172414,8.28,455
511713.86,6940717.51,-7.89396881,7.8,455
511713.08,6940717.66,-8.375862069,7.01,455
511711.94,6940717.88,-8.839509293,5.85,455
511710.84,6940718.1,-9.156551724,4.73,455
511710.03,6940718.26,-9.313295912,3.9,455
511708.11,6940718.63,-9.512995943,1.95,455
511706.2,6940719,-9.599236323,0,455
511706.2,6940719,-9.661174682,0,455
511708.11,6940718.63,-9.640365228,1.95,460
511710.03,6940718.26,-9.450334019,3.9,460
511711.56,6940717.96,-9.156551724,5.46,460
511711.94,6940717.88,-9.045782833,5.85,460
511713.59,6940717.56,-8.375862069,7.52,460
511713.86,6940717.51,-8.20839535,7.8,460
511714.83,6940717.32,-7.595172414,8.79,460
511715.73,6940717.15,-6.814482759,9.71,460
511715.77,6940717.14,-6.765374178,9.75,460
511716.43,6940717.01,-6.033793103,10.43,460
511717.07,6940716.88,-5.253103448,11.08,460
511717.68,6940716.77,-4.693989933,11.7,460
511717.97,6940716.71,-4.472413793,11.99,460
511719.6,6940716.39,-3.750803572,13.65,460
511719.75,6940716.36,-3.691724138,13.8,460
511721.51,6940716.02,-3.254776293,15.6,460
511723.26,6940715.68,-2.911034483,17.38,460
511723.42,6940715.65,-2.887183455,17.55,460
511725.34,6940715.28,-2.651509315,19.5,460
511727.25,6940714.9,-2.512355502,21.45,460
511729.17,6940714.53,-2.470895737,23.4,460
511731.08,6940714.16,-2.493245883,25.35,460
511732.99,6940713.79,-2.518791706,27.3,460
511734.91,6940713.41,-2.473619296,29.25,460
511736.82,6940713.04,-2.268634044,31.2,460
511737.49,6940712.91,-2.130344828,31.88,460
511738.73,6940712.67,-1.79058108,33.14,460
511740,6940712.42,-1.349655172,34.43,460
511740.65,6940712.3,-1.082980395,35.09,460
511742.56,6940711.92,-0.568965517,37.04,460
511742.56,6940711.92,-0.568887738,37.04,460
511744.48,6940711.55,-0.475386335,38.99,460
511745.66,6940711.32,-0.568965517,40.2,460
511746.39,6940711.18,-0.62969393,40.94,460
511748.3,6940710.81,-0.788116195,42.89,460
511750.22,6940710.43,-0.570860967,44.84,460
511750.22,6940710.43,-0.568965517,44.85,460
511752.13,6940710.06,0.149603361,46.79,460
511752.36,6940710.02,0.211724138,47.02,460
511754.04,6940709.69,0.627637072,48.74,460
511755.96,6940709.32,0.621346227,50.69,460
511757.79,6940708.96,0.211724138,52.55,460
511757.87,6940708.94,0.195750461,52.64,460
511759.79,6940708.57,-0.411943915,54.59,460
511760.37,6940708.46,-0.568965517,55.18,460
511761.7,6940708.2,-0.813060058,56.54,460
511761.7,6940708.2,-0.674511675,56.54,460
511761.12,6940708.31,-0.568965517,55.95,460
511759.79,6940708.57,-0.207200783,54.59,460
511758.46,6940708.83,0.211724138,53.24,460
511757.87,6940708.94,0.446968263,52.64,460
511755.96,6940709.32,0.846574185,50.69,460
511754.04,6940709.69,0.880912027,48.74,460
511752.13,6940710.06,0.470691168,46.79,460
511751.46,6940710.19,0.211724138,46.11,460
511750.22,6940710.43,-0.25166532,44.84,460
511748.3,6940710.81,-0.546952457,42.89,460
511746.39,6940711.18,-0.417267851,40.94,460
511744.48,6940711.55,-0.273087961,38.99,460
511742.56,6940711.92,-0.340124938,37.04,460
511741.64,6940712.1,-0.568965517,36.1,460
511740.65,6940712.3,-0.835099915,35.09,460
511739.39,6940712.54,-1.349655172,33.81,460
511738.73,6940712.67,-1.578829583,33.14,460
511736.82,6940713.04,-2.107511684,31.2,460
511736.68,6940713.07,-2.130344828,31.06,460
511734.91,6940713.41,-2.351091287,29.25,460
511732.99,6940713.79,-2.420248149,27.3,460
511731.08,6940714.16,-2.407841725,25.35,460
511729.17,6940714.53,-2.390436322,23.4,460
511727.25,6940714.9,-2.430107863,21.45,460
511725.34,6940715.28,-2.561392029,19.5,460
511723.42,6940715.65,-2.783582432,17.55,460
511722.53,6940715.82,-2.911034483,16.63,460
511721.51,6940716.02,-3.111046286,15.6,460
511719.6,6940716.39,-3.555714056,13.65,460
511719.05,6940716.5,-3.691724138,13.09,460
511717.68,6940716.77,-4.323369255,11.7,460
511717.43,6940716.82,-4.472413793,11.44,460
511716.65,6940716.97,-5.253103448,10.65,460
511716.1,6940717.07,-6.033793103,10.08,460
511715.77,6940717.14,-6.393677378,9.75,460
511715.45,6940717.2,-6.814482759,9.42,460
511714.58,6940717.37,-7.595172414,8.54,460
511713.86,6940717.51,-8.05118208,7.8,460
511713.33,6940717.61,-8.375862069,7.27,460
511711.94,6940717.88,-8.942646063,5.85,460
511711.2,6940718.03,-9.156551724,5.09,460
511710.03,6940718.26,-9.381814966,3.9,460
511708.11,6940718.63,-9.576680585,1.95,460
511706.2,6940719,-9.661174682,0,460
511706.2,6940719,-9.723113041,0,460
511708.11,6940718.63,-9.704049871,1.95,465
511710.03,6940718.26,-9.518853073,3.9,465
511711.91,6940717.89,-9.156551724,5.82,465
511711.94,6940717.88,-9.148919603,5.85,465
511713.84,6940717.51,-8.375862069,7.78,465
511713.86,6940717.51,-8.36560862,7.8,465
511715.08,6940717.27,-7.595172414,9.05,465
511715.77,6940717.14,-7.001814431,9.75,465
511716.02,6940717.09,-6.814482759,10,465
511716.77,6940716.94,-6.033793103,10.77,465
511717.5,6940716.8,-5.253103448,11.51,465
511717.68,6940716.77,-5.082365696,11.7,465
511718.47,6940716.61,-4.472413793,12.5,465
511719.6,6940716.39,-3.973795322,13.65,465
511720.33,6940716.25,-3.691724138,14.39,465
511721.51,6940716.02,-3.3985063,15.6,465
511723.42,6940715.65,-3.002824631,17.55,465
511723.98,6940715.54,-2.911034483,18.11,465
511725.34,6940715.28,-2.741626601,19.5,465
511727.25,6940714.9,-2.594603141,21.45,465
511729.17,6940714.53,-2.551355152,23.4,465
511731.08,6940714.16,-2.578650041,25.35,465
511732.99,6940713.79,-2.617335264,27.3,465
511734.91,6940713.41,-2.596147304,29.25,465
511736.82,6940713.04,-2.428976804,31.2,465
511738.27,6940712.76,-2.130344828,32.67,465
511738.73,6940712.67,-2.002332577,33.14,465
511740.6,6940712.31,-1.349655172,35.05,465
511740.65,6940712.3,-1.330860874,35.09,465
511742.56,6940711.92,-0.798394086,37.04,465
511744.48,6940711.55,-0.680769599,38.99,465
511746.39,6940711.18,-0.840541831,40.94,465
511748.3,6940710.81,-1.026967312,42.89,465
511750.22,6940710.43,-0.832663412,44.84,465
511750.98,6940710.29,-0.568965517,45.62,465
511752.13,6940710.06,-0.13532819,46.79,465
511753.38,6940709.82,0.211724138,48.07,465
511754.04,6940709.69,0.374362117,48.74,465
511755.96,6940709.32,0.396118268,50.69,465
511756.78,6940709.16,0.211724138,51.53,465
511757.87,6940708.94,0.009011192,52.64,465
511759.65,6940708.6,-0.568965517,54.45,465
511759.79,6940708.57,-0.602103711,54.59,465
511761.7,6940708.2,-0.95160844,56.54,465
511761.7,6940708.2,-0.813060058,56.54,465
511760.37,6940708.46,-0.568965517,55.18,465
511759.79,6940708.57,-0.411943915,54.59,465
511757.87,6940708.94,0.195750461,52.64,465
511757.79,6940708.96,0.211724138,52.55,465
511755.96,6940709.32,0.621346227,50.69,465
511754.04,6940709.69,0.627637072,48.74,465
511752.36,6940710.02,0.211724138,47.02,465
511752.13,6940710.06,0.149603361,46.79,465
511750.22,6940710.43,-0.568965517,44.85,465
511750.22,6940710.43,-0.570860967,44.84,465
511748.3,6940710.81,-0.788116195,42.89,465
511746.39,6940711.18,-0.62969393,40.94,465
511745.66,6940711.32,-0.568965517,40.2,465
511744.48,6940711.55,-0.475386335,38.99,465
511742.56,6940711.92,-0.568887738,37.04,465
511742.56,6940711.92,-0.568965517,37.04,465
511740.65,6940712.3,-1.082980395,35.09,465
511740,6940712.42,-1.349655172,34.43,465
511738.73,6940712.67,-1.79058108,33.14,465
511737.49,6940712.91,-2.130344828,31.88,465
511736.82,6940713.04,-2.268634044,31.2,465
511734.91,6940713.41,-2.473619296,29.25,465
511732.99,6940713.79,-2.518791706,27.3,465
511731.08,6940714.16,-2.493245883,25.35,465
511729.17,6940714.53,-2.470895737,23.4,465
511727.25,6940714.9,-2.512355502,21.45,465
511725.34,6940715.28,-2.651509315,19.5,465
511723.42,6940715.65,-2.887183455,17.55,465
511723.26,6940715.68,-2.911034483,17.38,465
511721.51,6940716.02,-3.254776293,15.6,465
511719.75,6940716.36,-3.691724138,13.8,465
511719.6,6940716.39,-3.750803572,13.65,465
511717.97,6940716.71,-4.472413793,11.99,465
511717.68,6940716.77,-4.693989933,11.7,465
511717.07,6940716.88,-5.253103448,11.08,465
511716.43,6940717.01,-6.033793103,10.43,465
511715.77,6940717.14,-6.765374178,9.75,465
511715.73,6940717.15,-6.814482759,9.71,465
511714.83,6940717.32,-7.595172414,8.79,465
511713.86,6940717.51,-8.20839535,7.8,465
511713.59,6940717.56,-8.375862069,7.52,465
511711.94,6940717.88,-9.045782833,5.85,465
511711.56,6940717.96,-9.156551724,5.46,465
511710.03,6940718.26,-9.450334019,3.9,465
511708.11,6940718.63,-9.640365228,1.95,465
511706.2,6940719,-9.723113041,0,465
511706.2,6940719,-9.785051399,0,465
511708.11,6940718.63,-9.767734513,1.95,470
511710.03,6940718.26,-9.587372127,3.9,470
511711.94,6940717.88,-9.226782182,5.85,470
511712.18,6940717.84,-9.156551724,6.09,470
511713.86,6940717.51,-8.475038388,7.8,470
511714.07,6940717.47,-8.375862069,8.02,470
511715.33,6940717.22,-7.595172414,9.3,470
511715.77,6940717.14,-7.21766417,9.75,470
511716.31,6940717.03,-6.814482759,10.3,470
511717.11,6940716.88,-6.033793103,11.12,470
511717.68,6940716.77,-5.447241737,11.7,470
511717.9,6940716.72,-5.253103448,11.92,470
511718.98,6940716.51,-4.472413793,13.01,470
511719.6,6940716.39,-4.196787071,13.65,470
511720.91,6940716.14,-3.691724138,14.98,470
511721.51,6940716.02,-3.542236307,15.6,470
511723.42,6940715.65,-3.122066686,17.55,470
511724.7,6940715.4,-2.911034483,18.85,470
511725.34,6940715.28,-2.831743887,19.5,470
511727.25,6940714.9,-2.67685078,21.45,470
511729.17,6940714.53,-2.631814567,23.4,470
511731.08,6940714.16,-2.664054199,25.35,470
511732.99,6940713.79,-2.715878821,27.3,470
511734.91,6940713.41,-2.718675312,29.25,470
511736.82,6940713.04,-2.589319563,31.2,470
511738.73,6940712.67,-2.212713212,33.14,470
511739.01,6940712.61,-2.130344828,33.43,470
511740.65,6940712.3,-1.572408419,35.09,470
511741.41,6940712.15,-1.349655172,35.87,470
511742.56,6940711.92,-1.027900688,37.04,470
511744.48,6940711.55,-0.888808158,38.99,470
511746.39,6940711.18,-1.051389732,40.94,470
511748.3,6940710.81,-1.26581843,42.89,470
511750.22,6940710.43,-1.094465857,44.84,470
511751.74,6940710.14,-0.568965517,46.39,470
511752.13,6940710.06,-0.420259741,46.79,470
511754.04,6940709.69,0.13219056,48.74,470
511755.96,6940709.32,0.177332774,50.69,470
511757.87,6940708.94,-0.177728076,52.64,470
511759.08,6940708.71,-0.568965517,53.87,470
511759.79,6940708.57,-0.7442789,54.59,470
511761.7,6940708.2,-1.090156823,56.54,470
511761.7,6940708.2,-0.95160844,56.54,470
511759.79,6940708.57,-0.602103711,54.59,470
511759.65,6940708.6,-0.568965517,54.45,470
511757.87,6940708.94,0.009011192,52.64,470
511756.78,6940709.16,0.211724138,51.53,470
511755.96,6940709.32,0.396118268,50.69,470
511754.04,6940709.69,0.374362117,48.74,470
511753.38,6940709.82,0.211724138,48.07,470
511752.13,6940710.06,-0.13532819,46.79,470
511750.98,6940710.29,-0.568965517,45.62,470
511750.22,6940710.43,-0.832663412,44.84,470
511748.3,6940710.81,-1.026967312,42.89,470
511746.39,6940711.18,-0.840541831,40.94,470
511744.48,6940711.55,-0.680769599,38.99,470
511742.56,6940711.92,-0.798394086,37.04,470
511740.65,6940712.3,-1.330860874,35.09,470
511740.6,6940712.31,-1.349655172,35.05,470
511738.73,6940712.67,-2.002332577,33.14,470
511738.27,6940712.76,-2.130344828,32.67,470
511736.82,6940713.04,-2.428976804,31.2,470
511734.91,6940713.41,-2.596147304,29.25,470
511732.99,6940713.79,-2.617335264,27.3,470
511731.08,6940714.16,-2.578650041,25.35,470
511729.17,6940714.53,-2.551355152,23.4,470
511727.25,6940714.9,-2.594603141,21.45,470
511725.34,6940715.28,-2.741626601,19.5,470
511723.98,6940715.54,-2.911034483,18.11,470
511723.42,6940715.65,-3.002824631,17.55,470
511721.51,6940716.02,-3.3985063,15.6,470
511720.33,6940716.25,-3.691724138,14.39,470
511719.6,6940716.39,-3.973795322,13.65,470
511718.47,6940716.61,-4.472413793,12.5,470
511717.68,6940716.77,-5.082365696,11.7,470
511717.5,6940716.8,-5.253103448,11.51,470
511716.77,6940716.94,-6.033793103,10.77,470
511716.02,6940717.09,-6.814482759,10,470
511715.77,6940717.14,-7.001814431,9.75,470
511715.08,6940717.27,-7.595172414,9.05,470
511713.86,6940717.51,-8.36560862,7.8,470
511713.84,6940717.51,-8.375862069,7.78,470
511711.94,6940717.88,-9.148919603,5.85,470
511711.91,6940717.89,-9.156551724,5.82,470
511710.03,6940718.26,-9.518853073,3.9,470
511708.11,6940718.63,-9.704049871,1.95,470
511706.2,6940719,-9.785051399,0,470
511706.2,6940719,-9.846989758,0,470
511708.11,6940718.63,-9.831419156,1.95,475
511710.03,6940718.26,-9.655891181,3.9,475
511711.94,6940717.88,-9.302625009,5.85,475
511712.44,6940717.79,-9.156551724,6.36,475
511713.86,6940717.51,-8.581134281,7.8,475
511714.31,6940717.42,-8.375862069,8.26,475
511715.58,6940717.17,-7.595172414,9.56,475
511715.77,6940717.14,-7.43351391,9.75,475
511716.6,6940716.98,-6.814482759,10.59,475
511717.45,6940716.81,-6.033793103,11.46,475
511717.68,6940716.77,-5.793682169,11.7,475
511718.29,6940716.65,-5.253103448,12.32,475
511719.48,6940716.42,-4.472413793,13.53,475
511719.6,6940716.39,-4.419778821,13.65,475
511721.49,6940716.03,-3.691724138,15.57,475
511721.51,6940716.02,-3.685966314,15.6,475
511723.42,6940715.65,-3.241308741,17.55,475
511725.34,6940715.28,-2.923401774,19.5,475
511725.45,6940715.25,-2.911034483,19.62,475
511727.25,6940714.9,-2.759098419,21.45,475
511729.17,6940714.53,-2.712273981,23.4,475
511731.08,6940714.16,-2.749458357,25.35,475
511732.99,6940713.79,-2.814422379,27.3,475
511734.91,6940713.41,-2.84120332,29.25,475
511736.82,6940713.04,-2.749662323,31.2,475
511738.73,6940712.67,-2.420998208,33.14,475
511739.72,6940712.48,-2.130344828,34.15,475
511740.65,6940712.3,-1.813436408,35.09,475
511742.23,6940711.99,-1.349655172,36.71,475
511742.56,6940711.92,-1.257407289,37.04,475
511744.48,6940711.55,-1.096846716,38.99,475
511746.39,6940711.18,-1.262237633,40.94,475
511747.14,6940711.03,-1.349655172,41.7,475
511748.3,6940710.81,-1.49079764,42.89,475
511750.22,6940710.43,-1.355349918,44.84,475
511750.23,6940710.43,-1.349655172,44.86,475
511752.13,6940710.06,-0.684522088,46.79,475
511752.48,6940709.99,-0.568965517,47.15,475
511754.04,6940709.69,-0.090057186,48.74,475
511755.96,6940709.32,-0.012360354,50.69,475
511757.87,6940708.94,-0.364467344,52.64,475
511758.5,6940708.82,-0.568965517,53.28,475
511759.79,6940708.57,-0.88645409,54.59,475
511761.7,6940708.2,-1.228705205,56.54,475
511761.7,6940708.2,-1.090156823,56.54,475
511759.79,6940708.57,-0.7442789,54.59,475
511759.08,6940708.71,-0.568965517,53.87,475
511757.87,6940708.94,-0.177728076,52.64,475
511755.96,6940709.32,0.177332774,50.69,475
511754.04,6940709.69,0.13219056,48.74,475
511752.13,6940710.06,-0.420259741,46.79,475
511751.74,6940710.14,-0.568965517,46.39,475
511750.22,6940710.43,-1.094465857,44.84,475
511748.3,6940710.81,-1.26581843,42.89,475
511746.39,6940711.18,-1.051389732,40.94,475
511744.48,6940711.55,-0.888808158,38.99,475
511742.56,6940711.92,-1.027900688,37.04,475
511741.41,6940712.15,-1.349655172,35.87,475
511740.65,6940712.3,-1.572408419,35.09,475
511739.01,6940712.61,-2.130344828,33.43,475
511738.73,6940712.67,-2.212713212,33.14,475
511736.82,6940713.04,-2.589319563,31.2,475
511734.91,6940713.41,-2.718675312,29.25,475
511732.99,6940713.79,-2.715878821,27.3,475
511731.08,6940714.16,-2.664054199,25.35,475
511729.17,6940714.53,-2.631814567,23.4,475
511727.25,6940714.9,-2.67685078,21.45,475
511725.34,6940715.28,-2.831743887,19.5,475
511724.7,6940715.4,-2.911034483,18.85,475
511723.42,6940715.65,-3.122066686,17.55,475
511721.51,6940716.02,-3.542236307,15.6,475
511720.91,6940716.14,-3.691724138,14.98,475
511719.6,6940716.39,-4.196787071,13.65,475
511718.98,6940716.51,-4.472413793,13.01,475
511717.9,6940716.72,-5.253103448,11.92,475
511717.68,6940716.77,-5.447241737,11.7,475
511717.11,6940716.88,-6.033793103,11.12,475
511716.31,6940717.03,-6.814482759,10.3,475
511715.77,6940717.14,-7.21766417,9.75,475
511715.33,6940717.22,-7.595172414,9.3,475
511714.07,6940717.47,-8.375862069,8.02,475
511713.86,6940717.51,-8.475038388,7.8,475
511712.18,6940717.84,-9.156551724,6.09,475
511711.94,6940717.88,-9.226782182,5.85,475
511710.03,6940718.26,-9.587372127,3.9,475
511708.11,6940718.63,-9.767734513,1.95,475
511706.2,6940719,-9.846989758,0,475
511706.2,6940719,-9.908928117,0,475
511707.06,6940718.83,-9.937241379,0.88,480
511708.11,6940718.63,-9.895103799,1.95,480
511710.03,6940718.26,-9.724410235,3.9,480
511711.94,6940717.88,-9.378467836,5.85,480
511712.7,6940717.73,-9.156551724,6.63,480
511713.86,6940717.51,-8.687230175,7.8,480
511714.54,6940717.38,-8.375862069,8.49,480
511715.77,6940717.14,-7.630506437,9.75,480
511715.83,6940717.13,-7.595172414,9.81,480
511716.89,6940716.92,-6.814482759,10.89,480
511717.68,6940716.77,-6.112103952,11.7,480
511717.78,6940716.75,-6.033793103,11.8,480
511718.69,6940716.57,-5.253103448,12.72,480
511719.6,6940716.39,-4.665938375,13.65,480
511719.93,6940716.33,-4.472413793,13.99,480
511721.51,6940716.02,-3.856195822,15.6,480
511722,6940715.93,-3.691724138,16.1,480
511723.42,6940715.65,-3.360550795,17.55,480
511725.34,6940715.28,-3.02634244,19.5,480
511726.43,6940715.06,-2.911034483,20.61,480
511727.25,6940714.9,-2.841346058,21.45,480
511729.17,6940714.53,-2.792733396,23.4,480
511731.08,6940714.16,-2.834862514,25.35,480
511732.95,6940713.79,-2.911034483,27.25,480
511732.99,6940713.79,-2.913020584,27.3,480
511734.91,6940713.41,-2.964429403,29.25,480
511736.79,6940713.05,-2.911034483,31.17,480
511736.82,6940713.04,-2.910005082,31.2,480
511738.73,6940712.67,-2.629283203,33.14,480
511740.43,6940712.34,-2.130344828,34.87,480
511740.65,6940712.3,-2.054464396,35.09,480
511742.56,6940711.92,-1.49098305,37.04,480
511743.97,6940711.65,-1.349655172,38.48,480
511744.48,6940711.55,-1.304885275,38.99,480
511744.99,6940711.45,-1.349655172,39.52,480
511746.39,6940711.18,-1.473059537,40.94,480
511748.3,6940710.81,-1.708274479,42.89,480
511750.22,6940710.43,-1.580795113,44.84,480
511750.92,6940710.3,-1.349655172,45.56,480
511752.13,6940710.06,-0.926221672,46.79,480
511753.21,6940709.85,-0.568965517,47.89,480
511754.04,6940709.69,-0.312304931,48.74,480
511755.96,6940709.32,-0.202053482,50.69,480
511757.87,6940708.94,-0.551206613,52.64,480
511757.93,6940708.93,-0.568965517,52.7,480
511759.79,6940708.57,-1.02862928,54.59,480
511761.6,6940708.22,-1.349655172,56.44,480
511761.7,6940708.2,-1.363400082,56.54,480
511761.7,6940708.2,-1.228705205,56.54,480
511759.79,6940708.57,-0.88645409,54.59,480
511758.5,6940708.82,-0.568965517,53.28,480
511757.87,6940708.94,-0.364467344,52.64,480
511755.96,6940709.32,-0.012360354,50.69,480
511754.04,6940709.69,-0.090057186,48.74,480
511752.48,6940709.99,-0.568965517,47.15,480
511752.13,6940710.06,-0.684522088,46.79,480
511750.23,6940710.43,-1.349655172,44.86,480
511750.22,6940710.43,-1.355349918,44.84,480
511748.3,6940710.81,-1.49079764,42.89,480
511747.14,6940711.03,-1.349655172,41.7,480
511746.39,6940711.18,-1.262237633,40.94,480
511744.48,6940711.55,-1.096846716,38.99,480
511742.56,6940711.92,-1.257407289,37.04,480
511742.23,6940711.99,-1.349655172,36.71,480
511740.65,6940712.3,-1.813436408,35.09,480
511739.72,6940712.48,-2.130344828,34.15,480
511738.73,6940712.67,-2.420998208,33.14,480
511736.82,6940713.04,-2.749662323,31.2,480
511734.91,6940713.41,-2.84120332,29.25,480
511732.99,6940713.79,-2.814422379,27.3,480
511731.08,6940714.16,-2.749458357,25.35,480
511729.17,6940714.53,-2.712273981,23.4,480
511727.25,6940714.9,-2.759098419,21.45,480
511725.45,6940715.25,-2.911034483,19.62,480
511725.34,6940715.28,-2.923401774,19.5,480
511723.42,6940715.65,-3.241308741,17.55,480
511721.51,6940716.02,-3.685966314,15.6,480
511721.49,6940716.03,-3.691724138,15.57,480
511719.6,6940716.39,-4.419778821,13.65,480
511719.48,6940716.42,-4.472413793,13.53,480
511718.29,6940716.65,-5.253103448,12.32,480
511717.68,6940716.77,-5.793682169,11.7,480
511717.45,6940716.81,-6.033793103,11.46,480
511716.6,6940716.98,-6.814482759,10.59,480
511715.77,6940717.14,-7.43351391,9.75,480
511715.58,6940717.17,-7.595172414,9.56,480
511714.31,6940717.42,-8.375862069,8.26,480
511713.86,6940717.51,-8.581134281,7.8,480
511712.44,6940717.79,-9.156551724,6.36,480
511711.94,6940717.88,-9.302625009,5.85,480
511710.03,6940718.26,-9.655891181,3.9,480
511708.11,6940718.63,-9.831419156,1.95,480
511706.2,6940719,-9.908928117,0,480
511706.2,6940719,-9.964082571,0,480
511708.11,6940718.63,-9.954564279,1.95,485
511708.38,6940718.58,-9.937241379,2.22,485
511710.03,6940718.26,-9.792929289,3.9,485
511711.94,6940717.88,-9.454310662,5.85,485
511712.96,6940717.68,-9.156551724,6.89,485
511713.86,6940717.51,-8.793326068,7.8,485
511714.77,6940717.33,-8.375862069,8.73,485
511715.77,6940717.14,-7.771245793,9.75,485
511716.09,6940717.08,-7.595172414,10.08,485
511717.18,6940716.86,-6.814482759,11.18,485
511717.68,6940716.77,-6.367254637,11.7,485
511718.12,6940716.68,-6.033793103,12.14,485
511719.08,6940716.49,-5.253103448,13.12,485
511719.6,6940716.39,-4.919256065,13.65,485
511720.37,6940716.24,-4.472413793,14.44,485
511721.51,6940716.02,-4.027531201,15.6,485
511722.51,6940715.83,-3.691724138,16.62,485
511723.42,6940715.65,-3.47979285,17.55,485
511725.34,6940715.28,-3.129283106,19.5,485
511727.25,6940714.9,-2.925181876,21.45,485
511727.72,6940714.81,-2.911034483,21.92,485
511729.17,6940714.53,-2.873192811,23.4,485
511730.72,6940714.23,-2.911034483,24.98,485
511731.08,6940714.16,-2.920820601,25.35,485
511732.99,6940713.79,-3.014352263,27.3,485
511734.91,6940713.41,-3.088580539,29.25,485
511736.82,6940713.04,-3.073109408,31.2,485
511738.23,6940712.77,-2.911034483,32.63,485
511738.73,6940712.67,-2.837568199,33.14,485
511740.65,6940712.3,-2.298899914,35.09,485
511741.2,6940712.19,-2.130344828,35.65,485
511742.56,6940711.92,-1.727293583,37.04,485
511744.48,6940711.55,-1.52089675,38.99,485
511746.39,6940711.18,-1.68386303,40.94,485
511748.3,6940710.81,-1.925751317,42.89,485
511750.22,6940710.43,-1.806240307,44.84,485
511751.61,6940710.16,-1.349655172,46.26,485
511752.13,6940710.06,-1.167921255,46.79,485
511753.93,6940709.71,-0.568965517,48.63,485
511754.04,6940709.69,-0.534552676,48.74,485
511755.96,6940709.32,-0.39174661,50.69,485
511756.93,6940709.13,-0.568965517,51.68,485
511757.87,6940708.94,-0.706391949,52.64,485
511759.79,6940708.57,-1.17080447,54.59,485
511760.8,6940708.38,-1.349655172,55.62,485
511761.7,6940708.2,-1.471610675,56.54,485
511761.7,6940708.2,-1.363400082,56.54,485
511761.6,6940708.22,-1.349655172,56.44,485
511759.79,6940708.57,-1.02862928,54.59,485
511757.93,6940708.93,-0.568965517,52.7,485
511757.87,6940708.94,-0.551206613,52.64,485
511755.96,6940709.32,-0.202053482,50.69,485
511754.04,6940709.69,-0.312304931,48.74,485
511753.21,6940709.85,-0.568965517,47.89,485
511752.13,6940710.06,-0.926221672,46.79,485
511750.92,6940710.3,-1.349655172,45.56,485
511750.22,6940710.43,-1.580795113,44.84,485
511748.3,6940710.81,-1.708274479,42.89,485
511746.39,6940711.18,-1.473059537,40.94,485
511744.99,6940711.45,-1.349655172,39.52,485
511744.48,6940711.55,-1.304885275,38.99,485
511743.97,6940711.65,-1.349655172,38.48,485
511742.56,6940711.92,-1.49098305,37.04,485
511740.65,6940712.3,-2.054464396,35.09,485
511740.43,6940712.34,-2.130344828,34.87,485
511738.73,6940712.67,-2.629283203,33.14,485
511736.82,6940713.04,-2.910005082,31.2,485
511736.79,6940713.05,-2.911034483,31.17,485
511734.91,6940713.41,-2.964429403,29.25,485
511732.99,6940713.79,-2.913020584,27.3,485
511732.95,6940713.79,-2.911034483,27.25,485
511731.08,6940714.16,-2.834862514,25.35,485
511729.17,6940714.53,-2.792733396,23.4,485
511727.25,6940714.9,-2.841346058,21.45,485
511726.43,6940715.06,-2.911034483,20.61,485
511725.34,6940715.28,-3.02634244,19.5,485
511723.42,6940715.65,-3.360550795,17.55,485
511722,6940715.93,-3.691724138,16.1,485
511721.51,6940716.02,-3.856195822,15.6,485
511719.93,6940716.33,-4.472413793,13.99,485
511719.6,6940716.39,-4.665938375,13.65,485
511718.69,6940716.57,-5.253103448,12.72,485
511717.78,6940716.75,-6.033793103,11.8,485
511717.68,6940716.77,-6.112103952,11.7,485
511716.89,6940716.92,-6.814482759,10.89,485
511715.83,6940717.13,-7.595172414,9.81,485
511715.77,6940717.14,-7.630506437,9.75,485
511714.54,6940717.38,-8.375862069,8.49,485
511713.86,6940717.51,-8.687230175,7.8,485
511712.7,6940717.73,-9.156551724,6.63,485
511711.94,6940717.88,-9.378467836,5.85,485
511710.03,6940718.26,-9.724410235,3.9,485
511708.11,6940718.63,-9.895103799,1.95,485
511707.06,6940718.83,-9.937241379,0.88,485
511706.2,6940719,-9.964082571,0,485
511706.2,6940719,-10.01352479,0,485
511708.11,6940718.63,-10.00576396,1.95,490
511709.16,6940718.42,-9.937241379,3.02,490
511710.03,6940718.26,-9.861448343,3.9,490
511711.94,6940717.88,-9.530153489,5.85,490
511713.22,6940717.63,-9.156551724,7.16,490
511713.86,6940717.51,-8.899421961,7.8,490
511715,6940717.29,-8.375862069,8.97,490
511715.77,6940717.14,-7.91198515,9.75,490
511716.35,6940717.02,-7.595172414,10.34,490
511717.47,6940716.81,-6.814482759,11.48,490
511717.68,6940716.77,-6.622405323,11.7,490
511718.45,6940716.62,-6.033793103,12.48,490
511719.47,6940716.42,-5.253103448,13.52,490
511719.6,6940716.39,-5.172573755,13.65,490
511720.81,6940716.16,-4.472413793,14.88,490
511721.51,6940716.02,-4.19886658,15.6,490
511723.03,6940715.73,-3.691724138,17.14,490
511723.42,6940715.65,-3.599034904,17.55,490
511725.34,6940715.28,-3.232223771,19.5,490
511727.25,6940714.9,-3.017830161,21.45,490
511729.17,6940714.53,-2.957793234,23.4,490
511731.08,6940714.16,-3.011348989,25.35,490
511732.99,6940713.79,-3.115683942,27.3,490
511734.91,6940713.41,-3.212731675,29.25,490
511736.82,6940713.04,-3.236231578,31.2,490
511738.73,6940712.67,-3.050595356,33.14,490
511739.31,6940712.56,-2.911034483,33.74,490
511740.65,6940712.3,-2.544901091,35.09,490
511742,6940712.03,-2.130344828,36.47,490
511742.56,6940711.92,-1.963604116,37.04,490
511744.48,6940711.55,-1.739094479,38.99,490
511746.39,6940711.18,-1.894666523,40.94,490
511748.21,6940710.83,-2.130344828,42.8,490
511748.3,6940710.81,-2.142722532,42.89,490
511748.53,6940710.76,-2.130344828,43.13,490
511750.22,6940710.43,-2.031685502,44.84,490
511752.13,6940710.06,-1.403955758,46.79,490
511752.28,6940710.03,-1.349655172,46.94,490
511754.04,6940709.69,-0.739380953,48.74,490
511755.96,6940709.32,-0.580180598,50.69,490
511757.87,6940708.94,-0.858261141,52.64,490
511759.79,6940708.57,-1.31297966,54.59,490
511759.99,6940708.53,-1.349655172,54.8,490
511761.7,6940708.2,-1.579821269,56.54,490
511761.7,6940708.2,-1.471610675,56.54,490
511760.8,6940708.38,-1.349655172,55.62,490
511759.79,6940708.57,-1.17080447,54.59,490
511757.87,6940708.94,-0.706391949,52.64,490
511756.93,6940709.13,-0.568965517,51.68,490
511755.96,6940709.32,-0.39174661,50.69,490
511754.04,6940709.69,-0.534552676,48.74,490
511753.93,6940709.71,-0.568965517,48.63,490
511752.13,6940710.06,-1.167921255,46.79,490
511751.61,6940710.16,-1.349655172,46.26,490
511750.22,6940710.43,-1.806240307,44.84,490
511748.3,6940710.81,-1.925751317,42.89,490
511746.39,6940711.18,-1.68386303,40.94,490
511744.48,6940711.55,-1.52089675,38.99,490
511742.56,6940711.92,-1.727293583,37.04,490
511741.2,6940712.19,-2.130344828,35.65,490
511740.65,6940712.3,-2.298899914,35.09,490
511738.73,6940712.67,-2.837568199,33.14,490
511738.23,6940712.77,-2.911034483,32.63,490
511736.82,6940713.04,-3.073109408,31.2,490
511734.91,6940713.41,-3.088580539,29.25,490
511732.99,6940713.79,-3.014352263,27.3,490
511731.08,6940714.16,-2.920820601,25.35,490
511730.72,6940714.23,-2.911034483,24.98,490
511729.17,6940714.53,-2.873192811,23.4,490
511727.72,6940714.81,-2.911034483,21.92,490
511727.25,6940714.9,-2.925181876,21.45,490
511725.34,6940715.28,-3.129283106,19.5,490
511723.42,6940715.65,-3.47979285,17.55,490
511722.51,6940715.83,-3.691724138,16.62,490
511721.51,6940716.02,-4.027531201,15.6,490
511720.37,6940716.24,-4.472413793,14.44,490
511719.6,6940716.39,-4.919256065,13.65,490
511719.08,6940716.49,-5.253103448,13.12,490
511718.12,6940716.68,-6.033793103,12.14,490
511717.68,6940716.77,-6.367254637,11.7,490
511717.18,6940716.86,-6.814482759,11.18,490
511716.09,6940717.08,-7.595172414,10.08,490
511715.77,6940717.14,-7.771245793,9.75,490
511714.77,6940717.33,-8.375862069,8.73,490
511713.86,6940717.51,-8.793326068,7.8,490
511712.96,6940717.68,-9.156551724,6.89,490
511711.94,6940717.88,-9.454310662,5.85,490
511710.03,6940718.26,-9.792929289,3.9,490
511708.38,6940718.58,-9.937241379,2.22,490
511708.11,6940718.63,-9.954564279,1.95,490
511706.2,6940719,-10.01352479,0,490
511706.2,6940719,-10.06296701,0,490
511708.11,6940718.63,-10.05696364,1.95,495
511709.94,6940718.27,-9.937241379,3.81,495
511710.03,6940718.26,-9.929967397,3.9,495
511711.94,6940717.88,-9.605996316,5.85,495
511713.48,6940717.58,-9.156551724,7.42,495
511713.86,6940717.51,-9.005517854,7.8,495
511715.24,6940717.24,-8.375862069,9.2,495
511715.77,6940717.14,-8.052724506,9.75,495
511716.61,6940716.97,-7.595172414,10.6,495
511717.68,6940716.77,-6.858224425,11.7,495
511717.76,6940716.75,-6.814482759,11.77,495
511718.78,6940716.55,-6.033793103,12.82,495
511719.6,6940716.39,-5.422659716,13.65,495
511719.85,6940716.34,-5.253103448,13.9,495
511721.25,6940716.07,-4.472413793,15.33,495
511721.51,6940716.02,-4.370201959,15.6,495
511723.42,6940715.65,-3.723336041,17.55,495
511723.54,6940715.63,-3.691724138,17.66,495
511725.34,6940715.28,-3.335164437,19.5,495
511727.25,6940714.9,-3.110478446,21.45,495
511729.17,6940714.53,-3.046070594,23.4,495
511731.08,6940714.16,-3.101877376,25.35,495
511732.99,6940713.79,-3.217015621,27.3,495
511734.91,6940713.41,-3.336882811,29.25,495
511736.82,6940713.04,-3.399353748,31.2,495
511738.73,6940712.67,-3.266206641,33.14,495
511740.21,6940712.38,-2.911034483,34.65,495
511740.65,6940712.3,-2.790902268,35.09,495
511742.56,6940711.92,-2.204520574,37.04,495
511743.08,6940711.82,-2.130344828,37.57,495
511744.48,6940711.55,-1.957292209,38.99,495
511746.39,6940711.18,-2.105470015,40.94,495
511746.58,6940711.14,-2.130344828,41.14,495
511748.3,6940710.81,-2.351664202,42.89,495
511750.22,6940710.43,-2.249371523,44.84,495
511750.59,6940710.36,-2.130344828,45.22,495
511752.13,6940710.06,-1.622821481,46.79,495
511752.86,6940709.92,-1.349655172,47.54,495
511754.04,6940709.69,-0.941017846,48.74,495
511755.96,6940709.32,-0.750726223,50.69,495
511757.87,6940708.94,-1.010130332,52.64,495
511759.31,6940708.67,-1.349655172,54.11,495
511759.79,6940708.57,-1.437504749,54.59,495
511761.7,6940708.2,-1.688031862,56.54,495
511761.7,6940708.2,-1.579821269,56.54,495
511759.99,6940708.53,-1.349655172,54.8,495
511759.79,6940708.57,-1.31297966,54.59,495
511757.87,6940708.94,-0.858261141,52.64,495
511755.96,6940709.32,-0.580180598,50.69,495
511754.04,6940709.69,-0.739380953,48.74,495
511752.28,6940710.03,-1.349655172,46.94,495
511752.13,6940710.06,-1.403955758,46.79,495
511750.22,6940710.43,-2.031685502,44.84,495
511748.53,6940710.76,-2.130344828,43.13,495
511748.3,6940710.81,-2.142722532,42.89,495
511748.21,6940710.83,-2.130344828,42.8,495
511746.39,6940711.18,-1.894666523,40.94,495
511744.48,6940711.55,-1.739094479,38.99,495
511742.56,6940711.92,-1.963604116,37.04,495
511742,6940712.03,-2.130344828,36.47,495
511740.65,6940712.3,-2.544901091,35.09,495
511739.31,6940712.56,-2.911034483,33.74,495
511738.73,6940712.67,-3.050595356,33.14,495
511736.82,6940713.04,-3.236231578,31.2,495
511734.91,6940713.41,-3.212731675,29.25,495
511732.99,6940713.79,-3.115683942,27.3,495
511731.08,6940714.16,-3.011348989,25.35,495
511729.17,6940714.53,-2.957793234,23.4,495
511727.25,6940714.9,-3.017830161,21.45,495
511725.34,6940715.28,-3.232223771,19.5,495
511723.42,6940715.65,-3.599034904,17.55,495
511723.03,6940715.73,-3.691724138,17.14,495
511721.51,6940716.02,-4.19886658,15.6,495
511720.81,6940716.16,-4.472413793,14.88,495
511719.6,6940716.39,-5.172573755,13.65,495
511719.47,6940716.42,-5.253103448,13.52,495
511718.45,6940716.62,-6.033793103,12.48,495
511717.68,6940716.77,-6.622405323,11.7,495
511717.47,6940716.81,-6.814482759,11.48,495
511716.35,6940717.02,-7.595172414,10.34,495
511715.77,6940717.14,-7.91198515,9.75,495
511715,6940717.29,-8.375862069,8.97,495
511713.86,6940717.51,-8.899421961,7.8,495
511713.22,6940717.63,-9.156551724,7.16,495
511711.94,6940717.88,-9.530153489,5.85,495
511710.03,6940718.26,-9.861448343,3.9,495
511709.16,6940718.42,-9.937241379,3.02,495
511708.11,6940718.63,-10.00576396,1.95,495
511706.2,6940719,-10.06296701,0,495
511706.2,6940719,-10.11240922,0,495
511708.11,6940718.63,-10.10816332,1.95,500
511710.03,6940718.26,-9.987066419,3.9,500
511710.43,6940718.18,-9.937241379,4.31,500
511711.94,6940717.88,-9.681839143,5.85,500
511713.74,6940717.53,-9.156551724,7.69,500
511713.86,6940717.51,-9.111613748,7.8,500
511715.47,6940717.2,-8.375862069,9.44,500
511715.77,6940717.14,-8.193463863,9.75,500
511716.87,6940716.92,-7.595172414,10.87,500
511717.68,6940716.77,-7.035172914,11.7,500
511718.05,6940716.69,-6.814482759,12.07,500
511719.11,6940716.49,-6.033793103,13.15,500
511719.6,6940716.39,-5.671239495,13.65,500
511720.21,6940716.27,-5.253103448,14.28,500
511721.51,6940716.02,-4.552185601,15.6,500
511721.68,6940715.99,-4.472413793,15.77,500
511723.42,6940715.65,-3.865297167,17.55,500
511724.06,6940715.52,-3.691724138,18.19,500
511725.34,6940715.28,-3.438105102,19.5,500
511727.25,6940714.9,-3.203126731,21.45,500
511729.17,6940714.53,-3.134347953,23.4,500
511731.08,6940714.16,-3.192405764,25.35,500
511732.99,6940713.79,-3.3183473,27.3,500
511734.91,6940713.41,-3.461033946,29.25,500
511736.82,6940713.04,-3.562475918,31.2,500
511738.73,6940712.67,-3.481817927,33.14,500
511740.65,6940712.3,-3.044755139,35.09,500
511741.07,6940712.21,-2.911034483,35.53,500
511742.56,6940711.92,-2.456476235,37.04,500
511744.48,6940711.55,-2.178920468,38.99,500
511746.39,6940711.18,-2.32147151,40.94,500
511748.3,6940710.81,-2.560605872,42.89,500
511750.22,6940710.43,-2.461019688,44.84,500
511751.26,6940710.23,-2.130344828,45.9,500
511752.13,6940710.06,-1.841687203,46.79,500
511753.44,6940709.81,-1.349655172,48.13,500
511754.04,6940709.69,-1.142654739,48.74,500
511755.96,6940709.32,-0.921271849,50.69,500
511757.87,6940708.94,-1.161999524,52.64,500
511758.67,6940708.79,-1.349655172,53.45,500
511759.79,6940708.57,-1.555894024,54.59,500
511761.7,6940708.2,-1.796242456,56.54,500
511761.7,6940708.2,-1.688031862,56.54,500
511759.79,6940708.57,-1.437504749,54.59,500
511759.31,6940708.67,-1.349655172,54.11,500
511757.87,6940708.94,-1.010130332,52.64,500
511755.96,6940709.32,-0.750726223,50.69,500
511754.04,6940709.69,-0.941017846,48.74,500
511752.86,6940709.92,-1.349655172,47.54,500
511752.13,6940710.06,-1.622821481,46.79,500
511750.59,6940710.36,-2.130344828,45.22,500
511750.22,6940710.43,-2.249371523,44.84,500
511748.3,6940710.81,-2.351664202,42.89,500
511746.58,6940711.14,-2.130344828,41.14,500
511746.39,6940711.18,-2.105470015,40.94,500
511744.48,6940711.55,-1.957292209,38.99,500
511743.08,6940711.82,-2.130344828,37.57,500
511742.56,6940711.92,-2.204520574,37.04,500
511740.65,6940712.3,-2.790902268,35.09,500
511740.21,6940712.38,-2.911034483,34.65,500
511738.73,6940712.67,-3.266206641,33.14,500
511736.82,6940713.04,-3.399353748,31.2,500
511734.91,6940713.41,-3.336882811,29.25,500
511732.99,6940713.79,-3.217015621,27.3,500
511731.08,6940714.16,-3.101877376,25.35,500
511729.17,6940714.53,-3.046070594,23.4,500
511727.25,6940714.9,-3.110478446,21.45,500
511725.34,6940715.28,-3.335164437,19.5,500
511723.54,6940715.63,-3.691724138,17.66,500
511723.42,6940715.65,-3.723336041,17.55,500
511721.51,6940716.02,-4.370201959,15.6,500
511721.25,6940716.07,-4.472413793,15.33,500
511719.85,6940716.34,-5.253103448,13.9,500
511719.6,6940716.39,-5.422659716,13.65,500
511718.78,6940716.55,-6.033793103,12.82,500
511717.76,6940716.75,-6.814482759,11.77,500
511717.68,6940716.77,-6.858224425,11.7,500
511716.61,6940716.97,-7.595172414,10.6,500
511715.77,6940717.14,-8.052724506,9.75,500
511715.24,6940717.24,-8.375862069,9.2,500
511713.86,6940717.51,-9.005517854,7.8,500
511713.48,6940717.58,-9.156551724,7.42,500
511711.94,6940717.88,-9.605996316,5.85,500
511710.03,6940718.26,-9.929967397,3.9,500
511709.94,6940718.27,-9.937241379,3.81,500
511708.11,6940718.63,-10.05696364,1.95,500
511706.2,6940719,-10.11240922,0,500
511706.2,6940719,-10.16185144,0,500
511708.11,6940718.63,-10.159363,1.95,505
511710.03,6940718.26,-10.0428091,3.9,505
511710.88,6940718.09,-9.937241379,4.77,505
511711.94,6940717.88,-9.75768197,5.85,505
511713.86,6940717.51,-9.203228176,7.8,505
511713.98,6940717.49,-9.156551724,7.93,505
511715.7,6940717.15,-8.375862069,9.68,505
511715.77,6940717.14,-8.334203219,9.75,505
511717.12,6940716.87,-7.595172414,11.13,505
511717.68,6940716.77,-7.212121403,11.7,505
511718.35,6940716.64,-6.814482759,12.37,505
511719.44,6940716.42,-6.033793103,13.49,505
511719.6,6940716.39,-5.919819275,13.65,505
511720.58,6940716.2,-5.253103448,14.65,505
511721.51,6940716.02,-4.749914652,15.6,505
511722.08,6940715.91,-4.472413793,16.18,505
511723.42,6940715.65,-4.007258292,17.55,505
511724.58,6940715.42,-3.691724138,18.72,505
511725.34,6940715.28,-3.541045768,19.5,505
511727.25,6940714.9,-3.295775016,21.45,505
511729.17,6940714.53,-3.222625313,23.4,505
511731.08,6940714.16,-3.282934151,25.35,505
511732.99,6940713.79,-3.419678979,27.3,505
511734.91,6940713.41,-3.585185082,29.25,505
511736.45,6940713.11,-3.691724138,30.82,505
511736.82,6940713.04,-3.72725623,31.2,505
511738.73,6940712.67,-3.697763469,33.14,505
511738.77,6940712.66,-3.691724138,33.18,505
511740.65,6940712.3,-3.306101845,35.09,505
511741.9,6940712.05,-2.911034483,36.37,505
511742.56,6940711.92,-2.708431897,37.04,505
511744.48,6940711.55,-2.413698815,38.99,505
511746.39,6940711.18,-2.538168429,40.94,505
511748.3,6940710.81,-2.769547542,42.89,505
511750.22,6940710.43,-2.672667853,44.84,505
511751.92,6940710.1,-2.130344828,46.58,505
511752.13,6940710.06,-2.060552926,46.79,505
511754.03,6940709.69,-1.349655172,48.73,505
511754.04,6940709.69,-1.344291631,48.74,505
511755.96,6940709.32,-1.091817474,50.69,505
511757.87,6940708.94,-1.313868716,52.64,505
511758.02,6940708.92,-1.349655172,52.8,505
511759.79,6940708.57,-1.674283298,54.59,505
511761.7,6940708.2,-1.904453049,56.54,505
511761.7,6940708.2,-1.796242456,56.54,505
511759.79,6940708.57,-1.555894024,54.59,505
511758.67,6940708.79,-1.349655172,53.45,505
511757.87,6940708.94,-1.161999524,52.64,505
511755.96,6940709.32,-0.921271849,50.69,505
511754.04,6940709.69,-1.142654739,48.74,505
511753.44,6940709.81,-1.349655172,48.13,505
511752.13,6940710.06,-1.841687203,46.79,505
511751.26,6940710.23,-2.130344828,45.9,505
511750.22,6940710.43,-2.461019688,44.84,505
511748.3,6940710.81,-2.560605872,42.89,505
511746.39,6940711.18,-2.32147151,40.94,505
511744.48,6940711.55,-2.178920468,38.99,505
511742.56,6940711.92,-2.456476235,37.04,505
511741.07,6940712.21,-2.911034483,35.53,505
511740.65,6940712.3,-3.044755139,35.09,505
511738.73,6940712.67,-3.481817927,33.14,505
511736.82,6940713.04,-3.562475918,31.2,505
511734.91,6940713.41,-3.461033946,29.25,505
511732.99,6940713.79,-3.3183473,27.3,505
511731.08,6940714.16,-3.192405764,25.35,505
511729.17,6940714.53,-3.134347953,23.4,505
511727.25,6940714.9,-3.203126731,21.45,505
511725.34,6940715.28,-3.438105102,19.5,505
511724.06,6940715.52,-3.691724138,18.19,505
511723.42,6940715.65,-3.865297167,17.55,505
511721.68,6940715.99,-4.472413793,15.77,505
511721.51,6940716.02,-4.552185601,15.6,505
511720.21,6940716.27,-5.253103448,14.28,505
511719.6,6940716.39,-5.671239495,13.65,505
511719.11,6940716.49,-6.033793103,13.15,505
511718.05,6940716.69,-6.814482759,12.07,505
511717.68,6940716.77,-7.035172914,11.7,505
511716.87,6940716.92,-7.595172414,10.87,505
511715.77,6940717.14,-8.193463863,9.75,505
511715.47,6940717.2,-8.375862069,9.44,505
511713.86,6940717.51,-9.111613748,7.8,505
511713.74,6940717.53,-9.156551724,7.69,505
511711.94,6940717.88,-9.681839143,5.85,505
511710.43,6940718.18,-9.937241379,4.31,505
511710.03,6940718.26,-9.987066419,3.9,505
511708.11,6940718.63,-10.10816332,1.95,505
511706.2,6940719,-10.16185144,0,505
511706.2,6940719,-10.21129366,0,505
511708.11,6940718.63,-10.21056268,1.95,510
511710.03,6940718.26,-10.09855179,3.9,510
511711.33,6940718,-9.937241379,5.22,510
511711.94,6940717.88,-9.833524797,5.85,510
511713.86,6940717.51,-9.284201829,7.8,510
511714.21,6940717.44,-9.156551724,8.16,510
511715.77,6940717.14,-8.447498043,9.75,510
511715.94,6940717.11,-8.375862069,9.92,510
511717.38,6940716.82,-7.595172414,11.39,510
511717.68,6940716.77,-7.389069892,11.7,510
511718.64,6940716.58,-6.814482759,12.67,510
511719.6,6940716.39,-6.145750245,13.65,510
511719.77,6940716.36,-6.033793103,13.83,510
511720.94,6940716.13,-5.253103448,15.02,510
511721.51,6940716.02,-4.947643702,15.6,510
511722.49,6940715.83,-4.472413793,16.6,510
511723.42,6940715.65,-4.149219417,17.55,510
511725.1,6940715.32,-3.691724138,19.25,510
511725.34,6940715.28,-3.643986434,19.5,510
511727.25,6940714.9,-3.388423301,21.45,510
511729.17,6940714.53,-3.310902672,23.4,510
511731.08,6940714.16,-3.373462539,25.35,510
511732.99,6940713.79,-3.521010658,27.3,510
511734.76,6940713.44,-3.691724138,29.09,510
511734.91,6940713.41,-3.71018452,29.25,510
511736.82,6940713.04,-3.898363291,31.2,510
511738.73,6940712.67,-3.926007268,33.14,510
511740.04,6940712.41,-3.691724138,34.48,510
511740.65,6940712.3,-3.567448552,35.09,510
511742.56,6940711.92,-2.964803589,37.04,510
511742.85,6940711.87,-2.911034483,37.33,510
511744.48,6940711.55,-2.648477162,38.99,510
511746.39,6940711.18,-2.754865347,40.94,510
511747.71,6940710.92,-2.911034483,42.29,510
511748.3,6940710.81,-2.979246104,42.89,510
511749.68,6940710.54,-2.911034483,44.29,510
511750.22,6940710.43,-2.884316018,44.84,510
511752.13,6940710.06,-2.278288843,46.79,510
511752.49,6940709.99,-2.130344828,47.15,510
511754.04,6940709.69,-1.541523989,48.74,510
511755.3,6940709.45,-1.349655172,50.02,510
511755.96,6940709.32,-1.262363099,50.69,510
511756.73,6940709.17,-1.349655172,51.47,510
511757.87,6940708.94,-1.455983988,52.64,510
511759.79,6940708.57,-1.792672572,54.59,510
511761.7,6940708.2,-2.012663643,56.54,510
511761.7,6940708.2,-1.904453049,56.54,510
511759.79,6940708.57,-1.674283298,54.59,510
511758.02,6940708.92,-1.349655172,52.8,510
511757.87,6940708.94,-1.313868716,52.64,510
511755.96,6940709.32,-1.091817474,50.69,510
511754.04,6940709.69,-1.344291631,48.74,510
511754.03,6940709.69,-1.349655172,48.73,510
511752.13,6940710.06,-2.060552926,46.79,510
511751.92,6940710.1,-2.130344828,46.58,510
511750.22,6940710.43,-2.672667853,44.84,510
511748.3,6940710.81,-2.769547542,42.89,510
511746.39,6940711.18,-2.538168429,40.94,510
511744.48,6940711.55,-2.413698815,38.99,510
511742.56,6940711.92,-2.708431897,37.04,510
511741.9,6940712.05,-2.911034483,36.37,510
511740.65,6940712.3,-3.306101845,35.09,510
511738.77,6940712.66,-3.691724138,33.18,510
511738.73,6940712.67,-3.697763469,33.14,510
511736.82,6940713.04,-3.72725623,31.2,510
511736.45,6940713.11,-3.691724138,30.82,510
511734.91,6940713.41,-3.585185082,29.25,510
511732.99,6940713.79,-3.419678979,27.3,510
511731.08,6940714.16,-3.282934151,25.35,510
511729.17,6940714.53,-3.222625313,23.4,510
511727.25,6940714.9,-3.295775016,21.45,510
511725.34,6940715.28,-3.541045768,19.5,510
511724.58,6940715.42,-3.691724138,18.72,510
511723.42,6940715.65,-4.007258292,17.55,510
511722.08,6940715.91,-4.472413793,16.18,510
511721.51,6940716.02,-4.749914652,15.6,510
511720.58,6940716.2,-5.253103448,14.65,510
511719.6,6940716.39,-5.919819275,13.65,510
511719.44,6940716.42,-6.033793103,13.49,510
511718.35,6940716.64,-6.814482759,12.37,510
511717.68,6940716.77,-7.212121403,11.7,510
511717.12,6940716.87,-7.595172414,11.13,510
511715.77,6940717.14,-8.334203219,9.75,510
511715.7,6940717.15,-8.375862069,9.68,510
511713.98,6940717.49,-9.156551724,7.93,510
511713.86,6940717.51,-9.203228176,7.8,510
511711.94,6940717.88,-9.75768197,5.85,510
511710.88,6940718.09,-9.937241379,4.77,510
511710.03,6940718.26,-10.0428091,3.9,510
511708.11,6940718.63,-10.159363,1.95,510
511706.2,6940719,-10.21129366,0,510
511706.2,6940719,-10.26073588,0,510
511708.11,6940718.63,-10.26176236,1.95,515
511710.03,6940718.26,-10.15429447,3.9,515
511711.78,6940717.91,-9.937241379,5.68,515
511711.94,6940717.88,-9.909367624,5.85,515
511713.86,6940717.51,-9.365175481,7.8,515
511714.43,6940717.4,-9.156551724,8.39,515
511715.77,6940717.14,-8.549253687,9.75,515
511716.17,6940717.06,-8.375862069,10.16,515
511717.64,6940716.77,-7.595172414,11.65,515
511717.68,6940716.77,-7.566018381,11.7,515
511718.94,6940716.52,-6.814482759,12.98,515
511719.6,6940716.39,-6.352503968,13.65,515
511720.1,6940716.3,-6.033793103,14.16,515
511721.31,6940716.06,-5.253103448,15.39,515
511721.51,6940716.02,-5.145372752,15.6,515
511722.9,6940715.75,-4.472413793,17.02,515
511723.42,6940715.65,-4.291180542,17.55,515
511725.34,6940715.28,-3.757390401,19.5,515
511725.7,6940715.2,-3.691724138,19.87,515
511727.25,6940714.9,-3.481071585,21.45,515
511729.17,6940714.53,-3.399180031,23.4,515
511731.08,6940714.16,-3.463990926,25.35,515
511732.99,6940713.79,-3.622342337,27.3,515
511733.71,6940713.65,-3.691724138,28.03,515
511734.91,6940713.41,-3.840315512,29.25,515
511736.82,6940713.04,-4.069470353,31.2,515
511738.73,6940712.67,-4.154251067,33.14,515
511740.65,6940712.3,-3.838036845,35.09,515
511741.11,6940712.21,-3.691724138,35.57,515
511742.56,6940711.92,-3.239303827,37.04,515
511744.3,6940711.59,-2.911034483,38.82,515
511744.48,6940711.55,-2.883255509,38.99,515
511745.05,6940711.44,-2.911034483,39.57,515
511746.39,6940711.18,-2.974633212,40.94,515
511748.3,6940710.81,-3.190532256,42.89,515
511750.22,6940710.43,-3.098768524,44.84,515
511750.82,6940710.32,-2.911034483,45.45,515
511752.13,6940710.06,-2.495495818,46.79,515
511753.01,6940709.89,-2.130344828,47.69,515
511754.04,6940709.69,-1.738635985,48.74,515
511755.96,6940709.32,-1.431504048,50.69,515
511757.87,6940708.94,-1.595092282,52.64,515
511759.79,6940708.57,-1.911061846,54.59,515
511761.7,6940708.2,-2.120874236,56.54,515
511761.7,6940708.2,-2.012663643,56.54,515
511759.79,6940708.57,-1.792672572,54.59,515
511757.87,6940708.94,-1.455983988,52.64,515
511756.73,6940709.17,-1.349655172,51.47,515
511755.96,6940709.32,-1.262363099,50.69,515
511755.3,6940709.45,-1.349655172,50.02,515
511754.04,6940709.69,-1.541523989,48.74,515
511752.49,6940709.99,-2.130344828,47.15,515
511752.13,6940710.06,-2.278288843,46.79,515
511750.22,6940710.43,-2.884316018,44.84,515
511749.68,6940710.54,-2.911034483,44.29,515
511748.3,6940710.81,-2.979246104,42.89,515
511747.71,6940710.92,-2.911034483,42.29,515
511746.39,6940711.18,-2.754865347,40.94,515
511744.48,6940711.55,-2.648477162,38.99,515
511742.85,6940711.87,-2.911034483,37.33,515
511742.56,6940711.92,-2.964803589,37.04,515
511740.65,6940712.3,-3.567448552,35.09,515
511740.04,6940712.41,-3.691724138,34.48,515
511738.73,6940712.67,-3.926007268,33.14,515
511736.82,6940713.04,-3.898363291,31.2,515
511734.91,6940713.41,-3.71018452,29.25,515
511734.76,6940713.44,-3.691724138,29.09,515
511732.99,6940713.79,-3.521010658,27.3,515
511731.08,6940714.16,-3.373462539,25.35,515
511729.17,6940714.53,-3.310902672,23.4,515
511727.25,6940714.9,-3.388423301,21.45,515
511725.34,6940715.28,-3.643986434,19.5,515
511725.1,6940715.32,-3.691724138,19.25,515
511723.42,6940715.65,-4.149219417,17.55,515
511722.49,6940715.83,-4.472413793,16.6,515
511721.51,6940716.02,-4.947643702,15.6,515
511720.94,6940716.13,-5.253103448,15.02,515
511719.77,6940716.36,-6.033793103,13.83,515
511719.6,6940716.39,-6.145750245,13.65,515
511718.64,6940716.58,-6.814482759,12.67,515
511717.68,6940716.77,-7.389069892,11.7,515
511717.38,6940716.82,-7.595172414,11.39,515
511715.94,6940717.11,-8.375862069,9.92,515
511715.77,6940717.14,-8.447498043,9.75,515
511714.21,6940717.44,-9.156551724,8.16,515
511713.86,6940717.51,-9.284201829,7.8,515
511711.94,6940717.88,-9.833524797,5.85,515
511711.33,6940718,-9.937241379,5.22,515
511710.03,6940718.26,-10.09855179,3.9,515
511708.11,6940718.63,-10.21056268,1.95,515
511706.2,6940719,-10.26073588,0,515
511706.2,6940719,-10.3101781,0,515
511708.11,6940718.63,-10.31296204,1.95,520
511710.03,6940718.26,-10.21003715,3.9,520
511711.94,6940717.88,-9.976909442,5.85,520
511712.12,6940717.85,-9.937241379,6.03,520
511713.86,6940717.51,-9.446149133,7.8,520
511714.66,6940717.35,-9.156551724,8.61,520
511715.77,6940717.14,-8.651009331,9.75,520
511716.41,6940717.01,-8.375862069,10.4,520
511717.68,6940716.77,-7.700530488,11.7,520
511717.91,6940716.72,-7.595172414,11.93,520
511719.23,6940716.46,-6.814482759,13.28,520
511719.6,6940716.39,-6.559257692,13.65,520
511720.42,6940716.23,-6.033793103,14.49,520
511721.51,6940716.02,-5.346282114,15.6,520
511721.67,6940715.99,-5.253103448,15.76,520
511723.31,6940715.67,-4.472413793,17.43,520
511723.42,6940715.65,-4.433141667,17.55,520
511725.34,6940715.28,-3.879842688,19.5,520
511726.38,6940715.07,-3.691724138,20.56,520
511727.25,6940714.9,-3.57371987,21.45,520
511729.17,6940714.53,-3.487457391,23.4,520
511731.08,6940714.16,-3.554519314,25.35,520
511732.66,6940713.85,-3.691724138,26.96,520
511732.99,6940713.79,-3.725769322,27.3,520
511734.91,6940713.41,-3.970446504,29.25,520
511736.82,6940713.04,-4.240577414,31.2,520
511738.73,6940712.67,-4.382494866,33.14,520
511740.65,6940712.3,-4.117004026,35.09,520
511741.99,6940712.04,-3.691724138,36.46,520
511742.56,6940711.92,-3.513804064,37.04,520
511744.48,6940711.55,-3.136476136,38.99,520
511746.39,6940711.18,-3.202324495,40.94,520
511748.3,6940710.81,-3.401818409,42.89,520
511750.22,6940710.43,-3.313626198,44.84,520
511751.5,6940710.18,-2.911034483,46.15,520
511752.13,6940710.06,-2.712702794,46.79,520
511753.53,6940709.79,-2.130344828,48.22,520
511754.04,6940709.69,-1.935747981,48.74,520
511755.96,6940709.32,-1.599172182,50.69,520
511757.87,6940708.94,-1.734200575,52.64,520
511759.79,6940708.57,-2.02945112,54.59,520
511760.71,6940708.39,-2.130344828,55.53,520
511761.7,6940708.2,-2.22148515,56.54,520
511761.7,6940708.2,-2.120874236,56.54,520
511759.79,6940708.57,-1.911061846,54.59,520
511757.87,6940708.94,-1.595092282,52.64,520
511755.96,6940709.32,-1.431504048,50.69,520
511754.04,6940709.69,-1.738635985,48.74,520
511753.01,6940709.89,-2.130344828,47.69,520
511752.13,6940710.06,-2.495495818,46.79,520
511750.82,6940710.32,-2.911034483,45.45,520
511750.22,6940710.43,-3.098768524,44.84,520
511748.3,6940710.81,-3.190532256,42.89,520
511746.39,6940711.18,-2.974633212,40.94,520
511745.05,6940711.44,-2.911034483,39.57,520
511744.48,6940711.55,-2.883255509,38.99,520
511744.3,6940711.59,-2.911034483,38.82,520
511742.56,6940711.92,-3.239303827,37.04,520
511741.11,6940712.21,-3.691724138,35.57,520
511740.65,6940712.3,-3.838036845,35.09,520
511738.73,6940712.67,-4.154251067,33.14,520
511736.82,6940713.04,-4.069470353,31.2,520
511734.91,6940713.41,-3.840315512,29.25,520
511733.71,6940713.65,-3.691724138,28.03,520
511732.99,6940713.79,-3.622342337,27.3,520
511731.08,6940714.16,-3.463990926,25.35,520
511729.17,6940714.53,-3.399180031,23.4,520
511727.25,6940714.9,-3.481071585,21.45,520
511725.7,6940715.2,-3.691724138,19.87,520
511725.34,6940715.28,-3.757390401,19.5,520
511723.42,6940715.65,-4.291180542,17.55,520
511722.9,6940715.75,-4.472413793,17.02,520
511721.51,6940716.02,-5.145372752,15.6,520
511721.31,6940716.06,-5.253103448,15.39,520
511720.1,6940716.3,-6.033793103,14.16,520
511719.6,6940716.39,-6.352503968,13.65,520
511718.94,6940716.52,-6.814482759,12.98,520
511717.68,6940716.77,-7.566018381,11.7,520
511717.64,6940716.77,-7.595172414,11.65,520
511716.17,6940717.06,-8.375862069,10.16,520
511715.77,6940717.14,-8.549253687,9.75,520
511714.43,6940717.4,-9.156551724,8.39,520
511713.86,6940717.51,-9.365175481,7.8,520
511711.94,6940717.88,-9.909367624,5.85,520
511711.78,6940717.91,-9.937241379,5.68,520
511710.03,6940718.26,-10.15429447,3.9,520
511708.11,6940718.63,-10.26176236,1.95,520
511706.2,6940719,-10.3101781,0,520
511706.2,6940719,-10.35962031,0,520
511708.11,6940718.63,-10.36416172,1.95,525
511710.03,6940718.26,-10.26577983,3.9,525
511711.94,6940717.88,-10.03962773,5.85,525
511712.41,6940717.79,-9.937241379,6.32,525
511713.86,6940717.51,-9.527122786,7.8,525
511714.88,6940717.31,-9.156551724,8.84,525
511715.77,6940717.14,-8.752764976,9.75,525
511716.65,6940716.97,-8.375862069,10.64,525
511717.68,6940716.77,-7.826671566,11.7,525
511718.18,6940716.67,-7.595172414,12.21,525
511719.53,6940716.41,-6.814482759,13.58,525
511719.6,6940716.39,-6.766011416,13.65,525
511720.75,6940716.17,-6.033793103,14.82,525
511721.51,6940716.02,-5.550998401,15.6,525
511722.02,6940715.92,-5.253103448,16.12,525
511723.42,6940715.65,-4.592875501,17.55,525
511723.73,6940715.59,-4.472413793,17.86,525
511725.34,6940715.28,-4.002294974,19.5,525
511727.07,6940714.94,-3.691724138,21.26,525
511727.25,6940714.9,-3.666368155,21.45,525
511729.17,6940714.53,-3.57573475,23.4,525
511731.08,6940714.16,-3.645047701,25.35,525
511731.62,6940714.05,-3.691724138,25.9,525
511732.99,6940713.79,-3.833746437,27.3,525
511734.91,6940713.41,-4.100577497,29.25,525
511736.82,6940713.04,-4.411684475,31.2,525
511737.53,6940712.9,-4.472413793,31.92,525
511738.73,6940712.67,-4.614667205,33.14,525
511740.05,6940712.41,-4.472413793,34.49,525
511740.65,6940712.3,-4.395971206,35.09,525
511742.56,6940711.92,-3.795283148,37.04,525
511743,6940711.84,-3.691724138,37.49,525
511744.48,6940711.55,-3.392171686,38.99,525
511746.39,6940711.18,-3.430015777,40.94,525
511748.3,6940710.81,-3.613104561,42.89,525
511750.22,6940710.43,-3.528483872,44.84,525
511752.13,6940710.06,-2.931473478,46.79,525
511752.18,6940710.05,-2.911034483,46.84,525
511754.04,6940709.69,-2.133036992,48.74,525
511754.06,6940709.69,-2.130344828,48.75,525
511755.96,6940709.32,-1.766840315,50.69,525
511757.87,6940708.94,-1.873308869,52.64,525
511759.64,6940708.6,-2.130344828,54.45,525
511759.79,6940708.57,-2.147129285,54.59,525
511761.7,6940708.2,-2.321367145,56.54,525
511761.7,6940708.2,-2.22148515,56.54,525
511760.71,6940708.39,-2.130344828,55.53,525
511759.79,6940708.57,-2.02945112,54.59,525
511757.87,6940708.94,-1.734200575,52.64,525
511755.96,6940709.32,-1.599172182,50.69,525
511754.04,6940709.69,-1.935747981,48.74,525
511753.53,6940709.79,-2.130344828,48.22,525
511752.13,6940710.06,-2.712702794,46.79,525
511751.5,6940710.18,-2.911034483,46.15,525
511750.22,6940710.43,-3.313626198,44.84,525
511748.3,6940710.81,-3.401818409,42.89,525
511746.39,6940711.18,-3.202324495,40.94,525
511744.48,6940711.55,-3.136476136,38.99,525
511742.56,6940711.92,-3.513804064,37.04,525
511741.99,6940712.04,-3.691724138,36.46,525
511740.65,6940712.3,-4.117004026,35.09,525
511738.73,6940712.67,-4.382494866,33.14,525
511736.82,6940713.04,-4.240577414,31.2,525
511734.91,6940713.41,-3.970446504,29.25,525
511732.99,6940713.79,-3.725769322,27.3,525
511732.66,6940713.85,-3.691724138,26.96,525
511731.08,6940714.16,-3.554519314,25.35,525
511729.17,6940714.53,-3.487457391,23.4,525
511727.25,6940714.9,-3.57371987,21.45,525
511726.38,6940715.07,-3.691724138,20.56,525
511725.34,6940715.28,-3.879842688,19.5,525
511723.42,6940715.65,-4.433141667,17.55,525
511723.31,6940715.67,-4.472413793,17.43,525
511721.67,6940715.99,-5.253103448,15.76,525
511721.51,6940716.02,-5.346282114,15.6,525
511720.42,6940716.23,-6.033793103,14.49,525
511719.6,6940716.39,-6.559257692,13.65,525
511719.23,6940716.46,-6.814482759,13.28,525
511717.91,6940716.72,-7.595172414,11.93,525
511717.68,6940716.77,-7.700530488,11.7,525
511716.41,6940717.01,-8.375862069,10.4,525
511715.77,6940717.14,-8.651009331,9.75,525
511714.66,6940717.35,-9.156551724,8.61,525
511713.86,6940717.51,-9.446149133,7.8,525
511712.12,6940717.85,-9.937241379,6.03,525
511711.94,6940717.88,-9.976909442,5.85,525
511710.03,6940718.26,-10.21003715,3.9,525
511708.11,6940718.63,-10.31296204,1.95,525
511706.2,6940719,-10.35962031,0,525
511706.2,6940719,-10.40906253,0,525
511708.11,6940718.63,-10.4153614,1.95,530
511710.03,6940718.26,-10.32152252,3.9,530
511711.94,6940717.88,-10.10234602,5.85,530
511712.69,6940717.74,-9.937241379,6.62,530
511713.86,6940717.51,-9.608096438,7.8,530
511715.1,6940717.27,-9.156551724,9.07,530
511715.77,6940717.14,-8.85452062,9.75,530
511716.89,6940716.92,-8.375862069,10.89,530
511717.68,6940716.77,-7.952812644,11.7,530
511718.45,6940716.62,-7.595172414,12.48,530
511719.6,6940716.39,-6.934525655,13.65,530
511719.83,6940716.35,-6.814482759,13.88,530
511721.07,6940716.11,-6.033793103,15.15,530
511721.51,6940716.02,-5.755714688,15.6,530
511722.38,6940715.85,-5.253103448,16.48,530
511723.42,6940715.65,-4.759406285,17.55,530
511724.15,6940715.51,-4.472413793,18.28,530
511725.34,6940715.28,-4.124747261,19.5,530
511727.25,6940714.9,-3.770862195,21.45,530
511728.59,6940714.64,-3.691724138,22.81,530
511729.17,6940714.53,-3.664012109,23.4,530
511729.92,6940714.38,-3.691724138,24.16,530
511731.08,6940714.16,-3.74,25.35,530
511732.99,6940713.79,-3.941723551,27.3,530
511734.91,6940713.41,-4.230708489,29.25,530
511736.33,6940713.14,-4.472413793,30.69,530
511736.82,6940713.04,-4.587292958,31.2,530
511738.73,6940712.67,-4.849393316,33.14,530
511740.65,6940712.3,-4.67700292,35.09,530
511741.33,6940712.16,-4.472413793,35.79,530
511742.56,6940711.92,-4.089618672,37.04,530
511744.26,6940711.59,-3.691724138,38.77,530
511744.48,6940711.55,-3.647867237,38.99,530
511746.39,6940711.18,-3.65770706,40.94,530
511746.76,6940711.11,-3.691724138,41.32,530
511748.3,6940710.81,-3.828546171,42.89,530
511750.22,6940710.43,-3.746256739,44.84,530
511750.4,6940710.4,-3.691724138,45.03,530
511752.13,6940710.06,-3.166674806,46.79,530
511752.68,6940709.95,-2.911034483,47.35,530
511754.04,6940709.69,-2.344021651,48.74,530
511754.93,6940709.52,-2.130344828,49.65,530
511755.96,6940709.32,-1.934508448,50.69,530
511757.87,6940708.94,-2.012417163,52.64,530
511758.69,6940708.79,-2.130344828,53.47,530
511759.79,6940708.57,-2.260706612,54.59,530
511761.7,6940708.2,-2.421249139,56.54,530
511761.7,6940708.2,-2.321367145,56.54,530
511759.79,6940708.57,-2.147129285,54.59,530
511759.64,6940708.6,-2.130344828,54.45,530
511757.87,6940708.94,-1.873308869,52.64,530
511755.96,6940709.32,-1.766840315,50.69,530
511754.06,6940709.69,-2.130344828,48.75,530
511754.04,6940709.69,-2.133036992,48.74,530
511752.18,6940710.05,-2.911034483,46.84,530
511752.13,6940710.06,-2.931473478,46.79,530
511750.22,6940710.43,-3.528483872,44.84,530
511748.3,6940710.81,-3.613104561,42.89,530
511746.39,6940711.18,-3.430015777,40.94,530
511744.48,6940711.55,-3.392171686,38.99,530
511743,6940711.84,-3.691724138,37.49,530
511742.56,6940711.92,-3.795283148,37.04,530
511740.65,6940712.3,-4.395971206,35.09,530
511740.05,6940712.41,-4.472413793,34.49,530
511738.73,6940712.67,-4.614667205,33.14,530
511737.53,6940712.9,-4.472413793,31.92,530
511736.82,6940713.04,-4.411684475,31.2,530
511734.91,6940713.41,-4.100577497,29.25,530
511732.99,6940713.79,-3.833746437,27.3,530
511731.62,6940714.05,-3.691724138,25.9,530
511731.08,6940714.16,-3.645047701,25.35,530
511729.17,6940714.53,-3.57573475,23.4,530
511727.25,6940714.9,-3.666368155,21.45,530
511727.07,6940714.94,-3.691724138,21.26,530
511725.34,6940715.28,-4.002294974,19.5,530
511723.73,6940715.59,-4.472413793,17.86,530
511723.42,6940715.65,-4.592875501,17.55,530
511722.02,6940715.92,-5.253103448,16.12,530
511721.51,6940716.02,-5.550998401,15.6,530
511720.75,6940716.17,-6.033793103,14.82,530
511719.6,6940716.39,-6.766011416,13.65,530
511719.53,6940716.41,-6.814482759,13.58,530
511718.18,6940716.67,-7.595172414,12.21,530
511717.68,6940716.77,-7.826671566,11.7,530
511716.65,6940716.97,-8.375862069,10.64,530
511715.77,6940717.14,-8.752764976,9.75,530
511714.88,6940717.31,-9.156551724,8.84,530
511713.86,6940717.51,-9.527122786,7.8,530
511712.41,6940717.79,-9.937241379,6.32,530
511711.94,6940717.88,-10.03962773,5.85,530
511710.03,6940718.26,-10.26577983,3.9,530
511708.11,6940718.63,-10.36416172,1.95,530
511706.2,6940719,-10.40906253,0,530
511706.2,6940719,-10.45850475,0,530
511708.11,6940718.63,-10.46656108,1.95,535
511710.03,6940718.26,-10.3772652,3.9,535
511711.94,6940717.88,-10.16506431,5.85,535
511712.98,6940717.68,-9.937241379,6.91,535
511713.86,6940717.51,-9.689070091,7.8,535
511715.33,6940717.22,-9.156551724,9.3,535
511715.77,6940717.14,-8.956276265,9.75,535
511717.12,6940716.87,-8.375862069,11.13,535
511717.68,6940716.77,-8.078953722,11.7,535
511718.72,6940716.56,-7.595172414,12.76,535
511719.6,6940716.39,-7.09132969,13.65,535
511720.13,6940716.29,-6.814482759,14.19,535
511721.39,6940716.04,-6.033793103,15.48,535
511721.51,6940716.02,-5.960430975,15.6,535
511722.73,6940715.78,-5.253103448,16.84,535
511723.42,6940715.65,-4.92593707,17.55,535
511724.57,6940715.43,-4.472413793,18.71,535
511725.34,6940715.28,-4.247199548,19.5,535
511727.25,6940714.9,-3.879819758,21.45,535
511729.17,6940714.53,-3.760974681,23.4,535
511731.08,6940714.16,-3.839661152,25.35,535
511732.99,6940713.79,-4.049700666,27.3,535
511734.91,6940713.41,-4.360839481,29.25,535
511735.56,6940713.29,-4.472413793,29.91,535
511736.82,6940713.04,-4.765378102,31.2,535
511738.73,6940712.67,-5.084119427,33.14,535
511740.65,6940712.3,-4.958813889,35.09,535
511742.28,6940711.98,-4.472413793,36.75,535
511742.56,6940711.92,-4.383954195,37.04,535
511744.48,6940711.55,-3.917357049,38.99,535
511746.39,6940711.18,-3.893851973,40.94,535
511748.3,6940710.81,-4.046450349,42.89,535
511750.22,6940710.43,-3.973248916,44.84,535
511751.18,6940710.25,-3.691724138,45.82,535
511752.13,6940710.06,-3.401876134,46.79,535
511753.19,6940709.86,-2.911034483,47.87,535
511754.04,6940709.69,-2.55500631,48.74,535
511755.81,6940709.35,-2.130344828,50.54,535
511755.96,6940709.32,-2.102176581,50.69,535
511756.96,6940709.12,-2.130344828,51.71,535
511757.87,6940708.94,-2.152038488,52.64,535
511759.79,6940708.57,-2.374283938,54.59,535
511761.7,6940708.2,-2.521131134,56.54,535
511761.7,6940708.2,-2.421249139,56.54,535
511759.79,6940708.57,-2.260706612,54.59,535
511758.69,6940708.79,-2.130344828,53.47,535
511757.87,6940708.94,-2.012417163,52.64,535
511755.96,6940709.32,-1.934508448,50.69,535
511754.93,6940709.52,-2.130344828,49.65,535
511754.04,6940709.69,-2.344021651,48.74,535
511752.68,6940709.95,-2.911034483,47.35,535
511752.13,6940710.06,-3.166674806,46.79,535
511750.4,6940710.4,-3.691724138,45.03,535
511750.22,6940710.43,-3.746256739,44.84,535
511748.3,6940710.81,-3.828546171,42.89,535
511746.76,6940711.11,-3.691724138,41.32,535
511746.39,6940711.18,-3.65770706,40.94,535
511744.48,6940711.55,-3.647867237,38.99,535
511744.26,6940711.59,-3.691724138,38.77,535
511742.56,6940711.92,-4.089618672,37.04,535
511741.33,6940712.16,-4.472413793,35.79,535
511740.65,6940712.3,-4.67700292,35.09,535
511738.73,6940712.67,-4.849393316,33.14,535
511736.82,6940713.04,-4.587292958,31.2,535
511736.33,6940713.14,-4.472413793,30.69,535
511734.91,6940713.41,-4.230708489,29.25,535
511732.99,6940713.79,-3.941723551,27.3,535
511731.08,6940714.16,-3.74,25.35,535
511729.92,6940714.38,-3.691724138,24.16,535
511729.17,6940714.53,-3.664012109,23.4,535
511728.59,6940714.64,-3.691724138,22.81,535
511727.25,6940714.9,-3.770862195,21.45,535
511725.34,6940715.28,-4.124747261,19.5,535
511724.15,6940715.51,-4.472413793,18.28,535
511723.42,6940715.65,-4.759406285,17.55,535
511722.38,6940715.85,-5.253103448,16.48,535
511721.51,6940716.02,-5.755714688,15.6,535
511721.07,6940716.11,-6.033793103,15.15,535
511719.83,6940716.35,-6.814482759,13.88,535
511719.6,6940716.39,-6.934525655,13.65,535
511718.45,6940716.62,-7.595172414,12.48,535
511717.68,6940716.77,-7.952812644,11.7,535
511716.89,6940716.92,-8.375862069,10.89,535
511715.77,6940717.14,-8.85452062,9.75,535
511715.1,6940717.27,-9.156551724,9.07,535
511713.86,6940717.51,-9.608096438,7.8,535
511712.69,6940717.74,-9.937241379,6.62,535
511711.94,6940717.88,-10.10234602,5.85,535
511710.03,6940718.26,-10.32152252,3.9,535
511708.11,6940718.63,-10.4153614,1.95,535
511706.2,6940719,-10.45850475,0,535
511706.2,6940719,-10.50794697,0,535
511708.11,6940718.63,-10.51776076,1.95,540
511710.03,6940718.26,-10.43300788,3.9,540
511711.94,6940717.88,-10.22778259,5.85,540
511713.27,6940717.63,-9.937241379,7.2,540
511713.86,6940717.51,-9.770043743,7.8,540
511715.55,6940717.18,-9.156551724,9.53,540
511715.77,6940717.14,-9.058031909,9.75,540
511717.36,6940716.83,-8.375862069,11.37,540
511717.68,6940716.77,-8.2050948,11.7,540
511719,6940716.51,-7.595172414,13.04,540
511719.6,6940716.39,-7.248133724,13.65,540
511720.42,6940716.23,-6.814482759,14.49,540
511721.51,6940716.02,-6.15110443,15.6,540
511721.72,6940715.98,-6.033793103,15.81,540
511723.08,6940715.71,-5.253103448,17.2,540
511723.42,6940715.65,-5.092467854,17.55,540
511724.99,6940715.34,-4.472413793,19.14,540
511725.34,6940715.28,-4.369651834,19.5,540
511727.25,6940714.9,-3.988777321,21.45,540
511729.17,6940714.53,-3.861911225,23.4,540
511731.08,6940714.16,-3.939322304,25.35,540
511732.99,6940713.79,-4.15767778,27.3,540
511734.82,6940713.43,-4.472413793,29.15,540
511734.91,6940713.41,-4.491944046,29.25,540
511736.82,6940713.04,-4.943463246,31.2,540
511738.47,6940712.72,-5.253103448,32.87,540
511738.73,6940712.67,-5.315511204,33.14,540
511740.39,6940712.35,-5.253103448,34.83,540
511740.65,6940712.3,-5.240624859,35.09,540
511742.56,6940711.92,-4.677474849,37.04,540
511743.33,6940711.77,-4.472413793,37.83,540
511744.48,6940711.55,-4.189702684,38.99,540
511746.39,6940711.18,-4.131481688,40.94,540
511748.3,6940710.81,-4.264354526,42.89,540
511750.22,6940710.43,-4.200241093,44.84,540
511751.95,6940710.1,-3.691724138,46.61,540
511752.13,6940710.06,-3.637077461,46.79,540
511753.7,6940709.76,-2.911034483,48.39,540
511754.04,6940709.69,-2.765990969,48.74,540
511755.96,6940709.32,-2.281325463,50.69,540
511757.87,6940708.94,-2.294516223,52.64,540
511759.79,6940708.57,-2.487861265,54.59,540
511761.7,6940708.2,-2.621013128,56.54,540
511761.7,6940708.2,-2.521131134,56.54,540
511759.79,6940708.57,-2.374283938,54.59,540
511757.87,6940708.94,-2.152038488,52.64,540
511756.96,6940709.12,-2.130344828,51.71,540
511755.96,6940709.32,-2.102176581,50.69,540
511755.81,6940709.35,-2.130344828,50.54,540
511754.04,6940709.69,-2.55500631,48.74,540
511753.19,6940709.86,-2.911034483,47.87,540
511752.13,6940710.06,-3.401876134,46.79,540
511751.18,6940710.25,-3.691724138,45.82,540
511750.22,6940710.43,-3.973248916,44.84,540
511748.3,6940710.81,-4.046450349,42.89,540
511746.39,6940711.18,-3.893851973,40.94,540
511744.48,6940711.55,-3.917357049,38.99,540
511742.56,6940711.92,-4.383954195,37.04,540
511742.28,6940711.98,-4.472413793,36.75,540
511740.65,6940712.3,-4.958813889,35.09,540
511738.73,6940712.67,-5.084119427,33.14,540
511736.82,6940713.04,-4.765378102,31.2,540
511735.56,6940713.29,-4.472413793,29.91,540
511734.91,6940713.41,-4.360839481,29.25,540
511732.99,6940713.79,-4.049700666,27.3,540
511731.08,6940714.16,-3.839661152,25.35,540
511729.17,6940714.53,-3.760974681,23.4,540
511727.25,6940714.9,-3.879819758,21.45,540
511725.34,6940715.28,-4.247199548,19.5,540
511724.57,6940715.43,-4.472413793,18.71,540
511723.42,6940715.65,-4.92593707,17.55,540
511722.73,6940715.78,-5.253103448,16.84,540
511721.51,6940716.02,-5.960430975,15.6,540
511721.39,6940716.04,-6.033793103,15.48,540
511720.13,6940716.29,-6.814482759,14.19,540
511719.6,6940716.39,-7.09132969,13.65,540
511718.72,6940716.56,-7.595172414,12.76,540
511717.68,6940716.77,-8.078953722,11.7,540
511717.12,6940716.87,-8.375862069,11.13,540
511715.77,6940717.14,-8.956276265,9.75,540
511715.33,6940717.22,-9.156551724,9.3,540
511713.86,6940717.51,-9.689070091,7.8,540
511712.98,6940717.68,-9.937241379,6.91,540
511711.94,6940717.88,-10.16506431,5.85,540
511710.03,6940718.26,-10.3772652,3.9,540
511708.11,6940718.63,-10.46656108,1.95,540
511706.2,6940719,-10.50794697,0,540
511706.2,6940719,-10.55738919,0,540
511708.11,6940718.63,-10.56896044,1.95,545
511710.03,6940718.26,-10.48875057,3.9,545
511711.94,6940717.88,-10.29050088,5.85,545
511713.55,6940717.57,-9.937241379,7.49,545
511713.86,6940717.51,-9.851017395,7.8,545
511715.77,6940717.14,-9.159109585,9.75,545
511715.78,6940717.14,-9.156551724,9.76,545
511717.6,6940716.78,-8.375862069,11.61,545
511717.68,6940716.77,-8.331235878,11.7,545
511719.27,6940716.46,-7.595172414,13.31,545
511719.6,6940716.39,-7.404937759,13.65,545
511720.72,6940716.17,-6.814482759,14.8,545
511721.51,6940716.02,-6.333934875,15.6,545
511722.04,6940715.92,-6.033793103,16.13,545
511723.42,6940715.65,-5.259456442,17.55,545
511723.44,6940715.65,-5.253103448,17.56,545
511725.34,6940715.28,-4.495786516,19.5,545
511725.42,6940715.26,-4.472413793,19.58,545
511727.25,6940714.9,-4.097734884,21.45,545
511729.17,6940714.53,-3.962847768,23.4,545
511731.08,6940714.16,-4.038983456,25.35,545
511732.99,6940713.79,-4.265654895,27.3,545
511734.19,6940713.55,-4.472413793,28.52,545
511734.91,6940713.41,-4.628902337,29.25,545
511736.82,6940713.04,-5.121548391,31.2,545
511737.52,6940712.91,-5.253103448,31.91,545
511738.73,6940712.67,-5.538332384,33.14,545
511740.65,6940712.3,-5.497729983,35.09,545
511741.6,6940712.11,-5.253103448,36.07,545
511742.56,6940711.92,-4.970645374,37.04,545
511744.43,6940711.56,-4.472413793,38.95,545
511744.48,6940711.55,-4.462048318,38.99,545
511746.39,6940711.18,-4.369111403,40.94,545
511748.12,6940710.84,-4.472413793,42.71,545
511748.3,6940710.81,-4.482265743,42.89,545
511748.66,6940710.74,-4.472413793,43.25,545
511750.22,6940710.43,-4.42723327,44.84,545
511752.13,6940710.06,-3.897252486,46.79,545
511752.54,6940709.98,-3.691724138,47.21,545
511754.04,6940709.69,-2.988400436,48.74,545
511754.26,6940709.65,-2.911034483,48.96,545
511755.96,6940709.32,-2.462792574,50.69,545
511757.87,6940708.94,-2.436993959,52.64,545
511759.79,6940708.57,-2.601438591,54.59,545
511761.7,6940708.2,-2.720895123,56.54,545
511761.7,6940708.2,-2.621013128,56.54,545
511759.79,6940708.57,-2.487861265,54.59,545
511757.87,6940708.94,-2.294516223,52.64,545
511755.96,6940709.32,-2.281325463,50.69,545
511754.04,6940709.69,-2.765990969,48.74,545
511753.7,6940709.76,-2.911034483,48.39,545
511752.13,6940710.06,-3.637077461,46.79,545
511751.95,6940710.1,-3.691724138,46.61,545
511750.22,6940710.43,-4.200241093,44.84,545
511748.3,6940710.81,-4.264354526,42.89,545
511746.39,6940711.18,-4.131481688,40.94,545
511744.48,6940711.55,-4.189702684,38.99,545
511743.33,6940711.77,-4.472413793,37.83,545
511742.56,6940711.92,-4.677474849,37.04,545
511740.65,6940712.3,-5.240624859,35.09,545
511740.39,6940712.35,-5.253103448,34.83,545
511738.73,6940712.67,-5.315511204,33.14,545
511738.47,6940712.72,-5.253103448,32.87,545
511736.82,6940713.04,-4.943463246,31.2,545
511734.91,6940713.41,-4.491944046,29.25,545
511734.82,6940713.43,-4.472413793,29.15,545
511732.99,6940713.79,-4.15767778,27.3,545
511731.08,6940714.16,-3.939322304,25.35,545
511729.17,6940714.53,-3.861911225,23.4,545
511727.25,6940714.9,-3.988777321,21.45,545
511725.34,6940715.28,-4.369651834,19.5,545
511724.99,6940715.34,-4.472413793,19.14,545
511723.42,6940715.65,-5.092467854,17.55,545
511723.08,6940715.71,-5.253103448,17.2,545
511721.72,6940715.98,-6.033793103,15.81,545
511721.51,6940716.02,-6.15110443,15.6,545
511720.42,6940716.23,-6.814482759,14.49,545
511719.6,6940716.39,-7.248133724,13.65,545
511719,6940716.51,-7.595172414,13.04,545
511717.68,6940716.77,-8.2050948,11.7,545
511717.36,6940716.83,-8.375862069,11.37,545
511715.77,6940717.14,-9.058031909,9.75,545
511715.55,6940717.18,-9.156551724,9.53,545
511713.86,6940717.51,-9.770043743,7.8,545
511713.27,6940717.63,-9.937241379,7.2,545
511711.94,6940717.88,-10.22778259,5.85,545
511710.03,6940718.26,-10.43300788,3.9,545
511708.11,6940718.63,-10.51776076,1.95,545
511706.2,6940719,-10.55738919,0,545
511706.2,6940719,-10.6068314,0,545
511708.11,6940718.63,-10.62016012,1.95,550
511710.03,6940718.26,-10.54449325,3.9,550
511711.94,6940717.88,-10.35321917,5.85,550
511713.84,6940717.51,-9.937241379,7.78,550
511713.86,6940717.51,-9.931991048,7.8,550
511715.77,6940717.14,-9.239545456,9.75,550
511716,6940717.09,-9.156551724,9.98,550
511717.68,6940716.77,-8.43755767,11.7,550
511717.85,6940716.73,-8.375862069,11.87,550
511719.54,6940716.4,-7.595172414,13.59,550
511719.6,6940716.39,-7.561741794,13.65,550
511721.02,6940716.12,-6.814482759,15.1,550
511721.51,6940716.02,-6.516765319,15.6,550
511722.36,6940715.86,-6.033793103,16.46,550
511723.42,6940715.65,-5.438919553,17.55,550
511723.8,6940715.57,-5.253103448,17.93,550
511725.34,6940715.28,-4.641139273,19.5,550
511725.96,6940715.16,-4.472413793,20.13,550
511727.25,6940714.9,-4.206692447,21.45,550
511729.17,6940714.53,-4.063784311,23.4,550
511731.08,6940714.16,-4.138644608,25.35,550
511732.99,6940713.79,-4.37363201,27.3,550
511733.57,6940713.67,-4.472413793,27.88,550
511734.91,6940713.41,-4.765860629,29.25,550
511736.69,6940713.07,-5.253103448,31.06,550
511736.82,6940713.04,-5.29919239,31.2,550
511738.73,6940712.67,-5.761153564,33.14,550
511740.65,6940712.3,-5.753690448,35.09,550
511742.56,6940711.92,-5.26261802,37.04,550
511742.6,6940711.92,-5.253103448,37.08,550
511744.48,6940711.55,-4.732209758,38.99,550
511746.39,6940711.18,-4.605653405,40.94,550
511748.3,6940710.81,-4.700325734,42.89,550
511750.22,6940710.43,-4.659931767,44.84,550
511751,6940710.28,-4.472413793,45.64,550
511752.13,6940710.06,-4.16498605,46.79,550
511753.07,6940709.88,-3.691724138,47.75,550
511754.04,6940709.69,-3.235939803,48.74,550
511754.95,6940709.51,-2.911034483,49.66,550
511755.96,6940709.32,-2.644259684,50.69,550
511757.87,6940708.94,-2.579471695,52.64,550
511759.79,6940708.57,-2.715015918,54.59,550
511761.7,6940708.2,-2.820777117,56.54,550
511761.7,6940708.2,-2.720895123,56.54,550
511759.79,6940708.57,-2.601438591,54.59,550
511757.87,6940708.94,-2.436993959,52.64,550
511755.96,6940709.32,-2.462792574,50.69,550
511754.26,6940709.65,-2.911034483,48.96,550
511754.04,6940709.69,-2.988400436,48.74,550
511752.54,6940709.98,-3.691724138,47.21,550
511752.13,6940710.06,-3.897252486,46.79,550
511750.22,6940710.43,-4.42723327,44.84,550
511748.66,6940710.74,-4.472413793,43.25,550
511748.3,6940710.81,-4.482265743,42.89,550
511748.12,6940710.84,-4.472413793,42.71,550
511746.39,6940711.18,-4.369111403,40.94,550
511744.48,6940711.55,-4.462048318,38.99,550
511744.43,6940711.56,-4.472413793,38.95,550
511742.56,6940711.92,-4.970645374,37.04,550
511741.6,6940712.11,-5.253103448,36.07,550
511740.65,6940712.3,-5.497729983,35.09,550
511738.73,6940712.67,-5.538332384,33.14,550
511737.52,6940712.91,-5.253103448,31.91,550
511736.82,6940713.04,-5.121548391,31.2,550
511734.91,6940713.41,-4.628902337,29.25,550
511734.19,6940713.55,-4.472413793,28.52,550
511732.99,6940713.79,-4.265654895,27.3,550
511731.08,6940714.16,-4.038983456,25.35,550
511729.17,6940714.53,-3.962847768,23.4,550
511727.25,6940714.9,-4.097734884,21.45,550
511725.42,6940715.26,-4.472413793,19.58,550
511725.34,6940715.28,-4.495786516,19.5,550
511723.44,6940715.65,-5.253103448,17.56,550
511723.42,6940715.65,-5.259456442,17.55,550
511722.04,6940715.92,-6.033793103,16.13,550
511721.51,6940716.02,-6.333934875,15.6,550
511720.72,6940716.17,-6.814482759,14.8,550
511719.6,6940716.39,-7.404937759,13.65,550
511719.27,6940716.46,-7.595172414,13.31,550
511717.68,6940716.77,-8.331235878,11.7,550
511717.6,6940716.78,-8.375862069,11.61,550
511715.78,6940717.14,-9.156551724,9.76,550
511715.77,6940717.14,-9.159109585,9.75,550
511713.86,6940717.51,-9.851017395,7.8,550
511713.55,6940717.57,-9.937241379,7.49,550
511711.94,6940717.88,-10.29050088,5.85,550
511710.03,6940718.26,-10.48875057,3.9,550
511708.11,6940718.63,-10.56896044,1.95,550
511706.2,6940719,-10.6068314,0,550
511706.2,6940719,-10.65627362,0,550
511708.11,6940718.63,-10.67135981,1.95,555
511710.03,6940718.26,-10.60023593,3.9,555
511711.94,6940717.88,-10.41593746,5.85,555
511713.86,6940717.51,-10.0011476,7.8,555
511714.06,6940717.47,-9.937241379,8.01,555
511715.77,6940717.14,-9.319981328,9.75,555
511716.22,6940717.05,-9.156551724,10.21,555
511717.68,6940716.77,-8.533029183,11.7,555
511718.1,6940716.68,-8.375862069,12.13,555
511719.6,6940716.39,-7.687833218,13.65,555
511719.82,6940716.35,-7.595172414,13.88,555
511721.32,6940716.06,-6.814482759,15.41,555
511721.51,6940716.02,-6.699595764,15.6,555
511722.68,6940715.79,-6.033793103,16.79,555
511723.42,6940715.65,-5.618382663,17.55,555
511724.17,6940715.5,-5.253103448,18.3,555
511725.34,6940715.28,-4.786492029,19.5,555
511726.49,6940715.05,-4.472413793,20.67,555
511727.25,6940714.9,-4.31565001,21.45,555
511729.17,6940714.53,-4.164720854,23.4,555
511731.08,6940714.16,-4.23830576,25.35,555
511732.93,6940713.8,-4.472413793,27.23,555
511732.99,6940713.79,-4.482296088,27.3,555
511734.91,6940713.41,-4.902818921,29.25,555
511736.19,6940713.16,-5.253103448,30.55,555
511736.82,6940713.04,-5.475589134,31.2,555
511738.73,6940712.67,-5.983974744,33.14,555
511740.65,6940712.3,-6.009650912,35.09,555
511742.56,6940711.92,-5.523005874,37.04,555
511743.57,6940711.73,-5.253103448,38.07,555
511744.48,6940711.55,-5.002284777,38.99,555
511746.39,6940711.18,-4.841358917,40.94,555
511748.3,6940710.81,-4.918385724,42.89,555
511750.22,6940710.43,-4.894048295,44.84,555
511751.99,6940710.09,-4.472413793,46.64,555
511752.13,6940710.06,-4.432719615,46.79,555
511753.6,6940709.78,-3.691724138,48.29,555
511754.04,6940709.69,-3.48347917,48.74,555
511755.64,6940709.38,-2.911034483,50.36,555
511755.96,6940709.32,-2.825726794,50.69,555
511757.87,6940708.94,-2.72194943,52.64,555
511759.79,6940708.57,-2.828593244,54.59,555
511761.48,6940708.24,-2.911034483,56.31,555
511761.7,6940708.2,-2.921153589,56.54,555
511761.7,6940708.2,-2.820777117,56.54,555
511759.79,6940708.57,-2.715015918,54.59,555
511757.87,6940708.94,-2.579471695,52.64,555
511755.96,6940709.32,-2.644259684,50.69,555
511754.95,6940709.51,-2.911034483,49.66,555
511754.04,6940709.69,-3.235939803,48.74,555
511753.07,6940709.88,-3.691724138,47.75,555
511752.13,6940710.06,-4.16498605,46.79,555
511751,6940710.28,-4.472413793,45.64,555
511750.22,6940710.43,-4.659931767,44.84,555
511748.3,6940710.81,-4.700325734,42.89,555
511746.39,6940711.18,-4.605653405,40.94,555
511744.48,6940711.55,-4.732209758,38.99,555
511742.6,6940711.92,-5.253103448,37.08,555
511742.56,6940711.92,-5.26261802,37.04,555
511740.65,6940712.3,-5.753690448,35.09,555
511738.73,6940712.67,-5.761153564,33.14,555
511736.82,6940713.04,-5.29919239,31.2,555
511736.69,6940713.07,-5.253103448,31.06,555
511734.91,6940713.41,-4.765860629,29.25,555
511733.57,6940713.67,-4.472413793,27.88,555
511732.99,6940713.79,-4.37363201,27.3,555
511731.08,6940714.16,-4.138644608,25.35,555
511729.17,6940714.53,-4.063784311,23.4,555
511727.25,6940714.9,-4.206692447,21.45,555
511725.96,6940715.16,-4.472413793,20.13,555
511725.34,6940715.28,-4.641139273,19.5,555
511723.8,6940715.57,-5.253103448,17.93,555
511723.42,6940715.65,-5.438919553,17.55,555
511722.36,6940715.86,-6.033793103,16.46,555
511721.51,6940716.02,-6.516765319,15.6,555
511721.02,6940716.12,-6.814482759,15.1,555
511719.6,6940716.39,-7.561741794,13.65,555
511719.54,6940716.4,-7.595172414,13.59,555
511717.85,6940716.73,-8.375862069,11.87,555
511717.68,6940716.77,-8.43755767,11.7,555
511716,6940717.09,-9.156551724,9.98,555
511715.77,6940717.14,-9.239545456,9.75,555
511713.86,6940717.51,-9.931991048,7.8,555
511713.84,6940717.51,-9.937241379,7.78,555
511711.94,6940717.88,-10.35321917,5.85,555
511710.03,6940718.26,-10.54449325,3.9,555
511708.11,6940718.63,-10.62016012,1.95,555
511706.2,6940719,-10.65627362,0,555
511706.2,6940719,-10.70571584,0,555
511708.11,6940718.63,-10.72218979,1.95,560
511708.26,6940718.6,-10.71793103,2.1,560
511710.03,6940718.26,-10.65597862,3.9,560
511711.94,6940717.88,-10.47865575,5.85,560
511713.86,6940717.51,-10.0694848,7.8,560
511714.29,6940717.43,-9.937241379,8.24,560
511715.77,6940717.14,-9.400417199,9.75,560
511716.45,6940717.01,-9.156551724,10.44,560
511717.68,6940716.77,-8.628500696,11.7,560
511718.36,6940716.63,-8.375862069,12.39,560
511719.6,6940716.39,-7.805602416,13.65,560
511720.1,6940716.29,-7.595172414,14.17,560
511721.51,6940716.02,-6.869039544,15.6,560
511721.62,6940716,-6.814482759,15.71,560
511723,6940715.73,-6.033793103,17.12,560
511723.42,6940715.65,-5.797845774,17.55,560
511724.53,6940715.43,-5.253103448,18.68,560
511725.34,6940715.28,-4.931844786,19.5,560
511727.02,6940714.95,-4.472413793,21.21,560
511727.25,6940714.9,-4.424607573,21.45,560
511729.17,6940714.53,-4.265657397,23.4,560
511731.08,6940714.16,-4.337966912,25.35,560
511732.14,6940713.95,-4.472413793,26.43,560
511732.99,6940713.79,-4.598339939,27.3,560
511734.91,6940713.41,-5.039777213,29.25,560
511735.69,6940713.26,-5.253103448,30.04,560
511736.82,6940713.04,-5.651985878,31.2,560
511738.23,6940712.77,-6.033793103,32.63,560
511738.73,6940712.67,-6.183421112,33.14,560
511740.65,6940712.3,-6.223789128,35.09,560
511741.58,6940712.12,-6.033793103,36.04,560
511742.56,6940711.92,-5.783393728,37.04,560
511744.48,6940711.55,-5.270313185,38.99,560
511744.64,6940711.52,-5.253103448,39.16,560
511746.39,6940711.18,-5.077064429,40.94,560
511748.3,6940710.81,-5.136445715,42.89,560
511750.22,6940710.43,-5.128164822,44.84,560
511752.13,6940710.06,-4.723841038,46.79,560
511752.64,6940709.96,-4.472413793,47.31,560
511754.04,6940709.69,-3.740862002,48.74,560
511754.14,6940709.67,-3.691724138,48.84,560
511755.96,6940709.32,-3.025574136,50.69,560
511757.14,6940709.09,-2.911034483,51.9,560
511757.87,6940708.94,-2.864427166,52.64,560
511758.91,6940708.74,-2.911034483,53.7,560
511759.79,6940708.57,-2.944649213,54.59,560
511761.7,6940708.2,-3.026167142,56.54,560
511761.7,6940708.2,-2.921153589,56.54,560
511761.48,6940708.24,-2.911034483,56.31,560
511759.79,6940708.57,-2.828593244,54.59,560
511757.87,6940708.94,-2.72194943,52.64,560
511755.96,6940709.32,-2.825726794,50.69,560
511755.64,6940709.38,-2.911034483,50.36,560
511754.04,6940709.69,-3.48347917,48.74,560
511753.6,6940709.78,-3.691724138,48.29,560
511752.13,6940710.06,-4.432719615,46.79,560
511751.99,6940710.09,-4.472413793,46.64,560
511750.22,6940710.43,-4.894048295,44.84,560
511748.3,6940710.81,-4.918385724,42.89,560
511746.39,6940711.18,-4.841358917,40.94,560
511744.48,6940711.55,-5.002284777,38.99,560
511743.57,6940711.73,-5.253103448,38.07,560
511742.56,6940711.92,-5.523005874,37.04,560
511740.65,6940712.3,-6.009650912,35.09,560
511738.73,6940712.67,-5.983974744,33.14,560
511736.82,6940713.04,-5.475589134,31.2,560
511736.19,6940713.16,-5.253103448,30.55,560
511734.91,6940713.41,-4.902818921,29.25,560
511732.99,6940713.79,-4.482296088,27.3,560
511732.93,6940713.8,-4.472413793,27.23,560
511731.08,6940714.16,-4.23830576,25.35,560
511729.17,6940714.53,-4.164720854,23.4,560
511727.25,6940714.9,-4.31565001,21.45,560
511726.49,6940715.05,-4.472413793,20.67,560
511725.34,6940715.28,-4.786492029,19.5,560
511724.17,6940715.5,-5.253103448,18.3,560
511723.42,6940715.65,-5.618382663,17.55,560
511722.68,6940715.79,-6.033793103,16.79,560
511721.51,6940716.02,-6.699595764,15.6,560
511721.32,6940716.06,-6.814482759,15.41,560
511719.82,6940716.35,-7.595172414,13.88,560
511719.6,6940716.39,-7.687833218,13.65,560
511718.1,6940716.68,-8.375862069,12.13,560
511717.68,6940716.77,-8.533029183,11.7,560
511716.22,6940717.05,-9.156551724,10.21,560
511715.77,6940717.14,-9.319981328,9.75,560
511714.06,6940717.47,-9.937241379,8.01,560
511713.86,6940717.51,-10.0011476,7.8,560
511711.94,6940717.88,-10.41593746,5.85,560
511710.03,6940718.26,-10.60023593,3.9,560
511708.11,6940718.63,-10.67135981,1.95,560
511706.2,6940719,-10.70571584,0,560
511706.2,6940719,-10.75201542,0,560
511708.11,6940718.63,-10.76929994,1.95,565
511709.85,6940718.29,-10.71793103,3.72,565
511710.03,6940718.26,-10.7117213,3.9,565
511711.94,6940717.88,-10.54137404,5.85,565
511713.86,6940717.51,-10.137822,7.8,565
511714.51,6940717.38,-9.937241379,8.46,565
511715.77,6940717.14,-9.480853071,9.75,565
511716.67,6940716.96,-9.156551724,10.67,565
511717.68,6940716.77,-8.723972209,11.7,565
511718.61,6940716.58,-8.375862069,12.65,565
511719.6,6940716.39,-7.923371614,13.65,565
511720.39,6940716.24,-7.595172414,14.45,565
511721.51,6940716.02,-7.015847533,15.6,565
511721.93,6940715.94,-6.814482759,16.02,565
511723.32,6940715.67,-6.033793103,17.44,565
511723.42,6940715.65,-5.977308884,17.55,565
511724.9,6940715.36,-5.253103448,19.05,565
511725.34,6940715.28,-5.077197542,19.5,565
511727.25,6940714.9,-4.544730081,21.45,565
511727.92,6940714.77,-4.472413793,22.13,565
511729.17,6940714.53,-4.36659394,23.4,565
511731.08,6940714.16,-4.437628065,25.35,565
511731.35,6940714.11,-4.472413793,25.63,565
511732.99,6940713.79,-4.714383791,27.3,565
511734.91,6940713.41,-5.176735505,29.25,565
511735.19,6940713.36,-5.253103448,29.53,565
511736.82,6940713.04,-5.828382623,31.2,565
511737.58,6940712.89,-6.033793103,31.97,565
511738.73,6940712.67,-6.376136406,33.14,565
511740.65,6940712.3,-6.433571861,35.09,565
511742.56,6940711.92,-6.041831383,37.04,565
511742.6,6940711.92,-6.033793103,37.08,565
511744.48,6940711.55,-5.511683966,38.99,565
511746.39,6940711.18,-5.307523073,40.94,565
511748.3,6940710.81,-5.347399082,42.89,565
511750.22,6940710.43,-5.356312202,44.84,565
511750.93,6940710.3,-5.253103448,45.56,565
511752.13,6940710.06,-5.019033521,46.79,565
511753.23,6940709.85,-4.472413793,47.92,565
511754.04,6940709.69,-4.050411353,48.74,565
511754.73,6940709.56,-3.691724138,49.44,565
511755.96,6940709.32,-3.241727474,50.69,565
511757.87,6940708.94,-3.01984262,52.64,565
511759.79,6940708.57,-3.067268056,54.59,565
511761.7,6940708.2,-3.131180695,56.54,565
511761.7,6940708.2,-3.026167142,56.54,565
511759.79,6940708.57,-2.944649213,54.59,565
511758.91,6940708.74,-2.911034483,53.7,565
511757.87,6940708.94,-2.864427166,52.64,565
511757.14,6940709.09,-2.911034483,51.9,565
511755.96,6940709.32,-3.025574136,50.69,565
511754.14,6940709.67,-3.691724138,48.84,565
511754.04,6940709.69,-3.740862002,48.74,565
511752.64,6940709.96,-4.472413793,47.31,565
511752.13,6940710.06,-4.723841038,46.79,565
511750.22,6940710.43,-5.128164822,44.84,565
511748.3,6940710.81,-5.136445715,42.89,565
511746.39,6940711.18,-5.077064429,40.94,565
511744.64,6940711.52,-5.253103448,39.16,565
511744.48,6940711.55,-5.270313185,38.99,565
511742.56,6940711.92,-5.783393728,37.04,565
511741.58,6940712.12,-6.033793103,36.04,565
511740.65,6940712.3,-6.223789128,35.09,565
511738.73,6940712.67,-6.183421112,33.14,565
511738.23,6940712.77,-6.033793103,32.63,565
511736.82,6940713.04,-5.651985878,31.2,565
511735.69,6940713.26,-5.253103448,30.04,565
511734.91,6940713.41,-5.039777213,29.25,565
511732.99,6940713.79,-4.598339939,27.3,565
511732.14,6940713.95,-4.472413793,26.43,565
511731.08,6940714.16,-4.337966912,25.35,565
511729.17,6940714.53,-4.265657397,23.4,565
511727.25,6940714.9,-4.424607573,21.45,565
511727.02,6940714.95,-4.472413793,21.21,565
511725.34,6940715.28,-4.931844786,19.5,565
511724.53,6940715.43,-5.253103448,18.68,565
511723.42,6940715.65,-5.797845774,17.55,565
511723,6940715.73,-6.033793103,17.12,565
511721.62,6940716,-6.814482759,15.71,565
511721.51,6940716.02,-6.869039544,15.6,565
511720.1,6940716.29,-7.595172414,14.17,565
511719.6,6940716.39,-7.805602416,13.65,565
511718.36,6940716.63,-8.375862069,12.39,565
511717.68,6940716.77,-8.628500696,11.7,565
511716.45,6940717.01,-9.156551724,10.44,565
511715.77,6940717.14,-9.400417199,9.75,565
511714.29,6940717.43,-9.937241379,8.24,565
511713.86,6940717.51,-10.0694848,7.8,565
511711.94,6940717.88,-10.47865575,5.85,565
511710.03,6940718.26,-10.65597862,3.9,565
511708.26,6940718.6,-10.71793103,2.1,565
511708.11,6940718.63,-10.72218979,1.95,565
511706.2,6940719,-10.75201542,0,565
511706.2,6940719,-10.79728381,0,565
511708.11,6940718.63,-10.8164101,1.95,570
511710.03,6940718.26,-10.76390441,3.9,570
511710.66,6940718.13,-10.71793103,4.54,570
511711.94,6940717.88,-10.60409232,5.85,570
511713.86,6940717.51,-10.2061592,7.8,570
511714.73,6940717.34,-9.937241379,8.69,570
511715.77,6940717.14,-9.561288942,9.75,570
511716.89,6940716.92,-9.156551724,10.89,570
511717.68,6940716.77,-8.819443722,11.7,570
511718.87,6940716.53,-8.375862069,12.91,570
511719.6,6940716.39,-8.041140811,13.65,570
511720.67,6940716.18,-7.595172414,14.74,570
511721.51,6940716.02,-7.162655523,15.6,570
511722.23,6940715.88,-6.814482759,16.33,570
511723.42,6940715.65,-6.149505991,17.55,570
511723.65,6940715.6,-6.033793103,17.78,570
511725.26,6940715.29,-5.253103448,19.42,570
511725.34,6940715.28,-5.222550299,19.5,570
511727.25,6940714.9,-4.673580996,21.45,570
511729.11,6940714.54,-4.472413793,23.34,570
511729.17,6940714.53,-4.467530483,23.4,570
511729.3,6940714.51,-4.472413793,23.53,570
511731.08,6940714.16,-4.544484676,25.35,570
511732.99,6940713.79,-4.830427643,27.3,570
511734.7,6940713.45,-5.253103448,29.03,570
511734.91,6940713.41,-5.315040944,29.25,570
511736.82,6940713.04,-6.004779367,31.2,570
511736.93,6940713.02,-6.033793103,31.3,570
511738.73,6940712.67,-6.568851699,33.14,570
511740.65,6940712.3,-6.643354593,35.09,570
511742.56,6940711.92,-6.251379871,37.04,570
511743.46,6940711.75,-6.033793103,37.96,570
511744.48,6940711.55,-5.753054748,38.99,570
511746.39,6940711.18,-5.522501444,40.94,570
511748.3,6940710.81,-5.550176669,42.89,570
511750.22,6940710.43,-5.577628738,44.84,570
511752.13,6940710.06,-5.312032981,46.79,570
511752.28,6940710.03,-5.253103448,46.94,570
511753.83,6940709.73,-4.472413793,48.52,570
511754.04,6940709.69,-4.359960705,48.74,570
511755.32,6940709.44,-3.691724138,50.04,570
511755.96,6940709.32,-3.457880811,50.69,570
511757.87,6940708.94,-3.181547735,52.64,570
511759.79,6940708.57,-3.1898869,54.59,570
511761.7,6940708.2,-3.236194248,56.54,570
511761.7,6940708.2,-3.131180695,56.54,570
511759.79,6940708.57,-3.067268056,54.59,570
511757.87,6940708.94,-3.01984262,52.64,570
511755.96,6940709.32,-3.241727474,50.69,570
511754.73,6940709.56,-3.691724138,49.44,570
511754.04,6940709.69,-4.050411353,48.74,570
511753.23,6940709.85,-4.472413793,47.92,570
511752.13,6940710.06,-5.019033521,46.79,570
511750.93,6940710.3,-5.253103448,45.56,570
511750.22,6940710.43,-5.356312202,44.84,570
511748.3,6940710.81,-5.347399082,42.89,570
511746.39,6940711.18,-5.307523073,40.94,570
511744.48,6940711.55,-5.511683966,38.99,570
511742.6,6940711.92,-6.033793103,37.08,570
511742.56,6940711.92,-6.041831383,37.04,570
511740.65,6940712.3,-6.433571861,35.09,570
511738.73,6940712.67,-6.376136406,33.14,570
511737.58,6940712.89,-6.033793103,31.97,570
511736.82,6940713.04,-5.828382623,31.2,570
511735.19,6940713.36,-5.253103448,29.53,570
511734.91,6940713.41,-5.176735505,29.25,570
511732.99,6940713.79,-4.714383791,27.3,570
511731.35,6940714.11,-4.472413793,25.63,570
511731.08,6940714.16,-4.437628065,25.35,570
511729.17,6940714.53,-4.36659394,23.4,570
511727.92,6940714.77,-4.472413793,22.13,570
511727.25,6940714.9,-4.544730081,21.45,570
511725.34,6940715.28,-5.077197542,19.5,570
511724.9,6940715.36,-5.253103448,19.05,570
511723.42,6940715.65,-5.977308884,17.55,570
511723.32,6940715.67,-6.033793103,17.44,570
511721.93,6940715.94,-6.814482759,16.02,570
511721.51,6940716.02,-7.015847533,15.6,570
511720.39,6940716.24,-7.595172414,14.45,570
511719.6,6940716.39,-7.923371614,13.65,570
511718.61,6940716.58,-8.375862069,12.65,570
511717.68,6940716.77,-8.723972209,11.7,570
511716.67,6940716.96,-9.156551724,10.67,570
511715.77,6940717.14,-9.480853071,9.75,570
511714.51,6940717.38,-9.937241379,8.46,570
511713.86,6940717.51,-10.137822,7.8,570
511711.94,6940717.88,-10.54137404,5.85,570
511710.03,6940718.26,-10.7117213,3.9,570
511709.85,6940718.29,-10.71793103,3.72,570
511708.11,6940718.63,-10.76929994,1.95,570
511706.2,6940719,-10.79728381,0,570
511706.2,6940719,-10.8425522,0,570
511708.11,6940718.63,-10.86352025,1.95,575
511710.03,6940718.26,-10.81564128,3.9,575
511711.36,6940718,-10.71793103,5.26,575
511711.94,6940717.88,-10.66681061,5.85,575
511713.86,6940717.51,-10.2744964,7.8,575
511714.95,6940717.3,-9.937241379,8.92,575
511715.77,6940717.14,-9.641724814,9.75,575
511717.12,6940716.88,-9.156551724,11.12,575
511717.68,6940716.77,-8.914915234,11.7,575
511719.13,6940716.48,-8.375862069,13.17,575
511719.6,6940716.39,-8.158910009,13.65,575
511720.96,6940716.13,-7.595172414,15.03,575
511721.51,6940716.02,-7.309463513,15.6,575
511722.53,6940715.82,-6.814482759,16.64,575
511723.42,6940715.65,-6.318365822,17.55,575
511723.99,6940715.54,-6.033793103,18.12,575
511725.34,6940715.28,-5.380551523,19.5,575
511725.69,6940715.21,-5.253103448,19.86,575
511727.25,6940714.9,-4.802431911,21.45,575
511729.17,6940714.53,-4.583160826,23.4,575
511731.08,6940714.16,-4.655199439,25.35,575
511732.99,6940713.79,-4.946471495,27.3,575
511734.23,6940713.55,-5.253103448,28.56,575
511734.91,6940713.41,-5.455044326,29.25,575
511736.5,6940713.1,-6.033793103,30.87,575
511736.82,6940713.04,-6.169842173,31.2,575
511738.73,6940712.67,-6.761566993,33.14,575
511739.88,6940712.45,-6.814482759,34.31,575
511740.65,6940712.3,-6.844544549,35.09,575
511740.84,6940712.26,-6.814482759,35.29,575
511742.56,6940711.92,-6.460928359,37.04,575
511744.33,6940711.58,-6.033793103,38.85,575
511744.48,6940711.55,-5.994425529,38.99,575
511746.39,6940711.18,-5.737479815,40.94,575
511748.3,6940710.81,-5.752954256,42.89,575
511750.22,6940710.43,-5.798945274,44.84,575
511752.13,6940710.06,-5.596634218,46.79,575
511753,6940709.89,-5.253103448,47.68,575
511754.04,6940709.69,-4.71126859,48.74,575
511754.39,6940709.62,-4.472413793,49.09,575
511755.91,6940709.33,-3.691724138,50.64,575
511755.96,6940709.32,-3.674034149,50.69,575
511757.87,6940708.94,-3.34325285,52.64,575
511759.79,6940708.57,-3.312505744,54.59,575
511761.7,6940708.2,-3.341207801,56.54,575
511761.7,6940708.2,-3.236194248,56.54,575
511759.79,6940708.57,-3.1898869,54.59,575
511757.87,6940708.94,-3.181547735,52.64,575
511755.96,6940709.32,-3.457880811,50.69,575
511755.32,6940709.44,-3.691724138,50.04,575
511754.04,6940709.69,-4.359960705,48.74,575
511753.83,6940709.73,-4.472413793,48.52,575
511752.28,6940710.03,-5.253103448,46.94,575
511752.13,6940710.06,-5.312032981,46.79,575
511750.22,6940710.43,-5.577628738,44.84,575
511748.3,6940710.81,-5.550176669,42.89,575
511746.39,6940711.18,-5.522501444,40.94,575
511744.48,6940711.55,-5.753054748,38.99,575
511743.46,6940711.75,-6.033793103,37.96,575
511742.56,6940711.92,-6.251379871,37.04,575
511740.65,6940712.3,-6.643354593,35.09,575
511738.73,6940712.67,-6.568851699,33.14,575
511736.93,6940713.02,-6.033793103,31.3,575
511736.82,6940713.04,-6.004779367,31.2,575
511734.91,6940713.41,-5.315040944,29.25,575
511734.7,6940713.45,-5.253103448,29.03,575
511732.99,6940713.79,-4.830427643,27.3,575
511731.08,6940714.16,-4.544484676,25.35,575
511729.3,6940714.51,-4.472413793,23.53,575
511729.17,6940714.53,-4.467530483,23.4,575
511729.11,6940714.54,-4.472413793,23.34,575
511727.25,6940714.9,-4.673580996,21.45,575
511725.34,6940715.28,-5.222550299,19.5,575
511725.26,6940715.29,-5.253103448,19.42,575
511723.65,6940715.6,-6.033793103,17.78,575
511723.42,6940715.65,-6.149505991,17.55,575
511722.23,6940715.88,-6.814482759,16.33,575
511721.51,6940716.02,-7.162655523,15.6,575
511720.67,6940716.18,-7.595172414,14.74,575
511719.6,6940716.39,-8.041140811,13.65,575
511718.87,6940716.53,-8.375862069,12.91,575
511717.68,6940716.77,-8.819443722,11.7,575
511716.89,6940716.92,-9.156551724,10.89,575
511715.77,6940717.14,-9.561288942,9.75,575
511714.73,6940717.34,-9.937241379,8.69,575
511713.86,6940717.51,-10.2061592,7.8,575
511711.94,6940717.88,-10.60409232,5.85,575
511710.66,6940718.13,-10.71793103,4.54,575
511710.03,6940718.26,-10.76390441,3.9,575
511708.11,6940718.63,-10.8164101,1.95,575
511706.2,6940719,-10.8425522,0,575
511706.2,6940719,-10.8878206,0,575
511708.11,6940718.63,-10.9106304,1.95,580
511710.03,6940718.26,-10.86737815,3.9,580
511711.94,6940717.88,-10.72882673,5.85,580
511712,6940717.87,-10.71793103,5.91,580
511713.86,6940717.51,-10.3428336,7.8,580
511715.17,6940717.25,-9.937241379,9.14,580
511715.77,6940717.14,-9.722160685,9.75,580
511717.34,6940716.83,-9.156551724,11.35,580
511717.68,6940716.77,-9.010386747,11.7,580
511719.38,6940716.43,-8.375862069,13.43,580
511719.6,6940716.39,-8.276679206,13.65,580
511721.24,6940716.07,-7.595172414,15.32,580
511721.51,6940716.02,-7.456271502,15.6,580
511722.84,6940715.76,-6.814482759,16.95,580
511723.42,6940715.65,-6.487225652,17.55,580
511724.32,6940715.47,-6.033793103,18.46,580
511725.34,6940715.28,-5.541919053,19.5,580
511726.14,6940715.12,-5.253103448,20.31,580
511727.25,6940714.9,-4.931282826,21.45,580
511729.17,6940714.53,-4.699538196,23.4,580
511731.08,6940714.16,-4.765914203,25.35,580
511732.99,6940713.79,-5.062515347,27.3,580
511733.76,6940713.64,-5.253103448,28.08,580
511734.91,6940713.41,-5.595047707,29.25,580
511736.11,6940713.18,-6.033793103,30.47,580
511736.82,6940713.04,-6.332673786,31.2,580
511738.36,6940712.74,-6.814482759,32.76,580
511738.73,6940712.67,-6.928267194,33.14,580
511740.65,6940712.3,-7.007693309,35.09,580
511741.86,6940712.06,-6.814482759,36.33,580
511742.56,6940711.92,-6.670476847,37.04,580
511744.48,6940711.55,-6.198935425,38.99,580
511745.79,6940711.3,-6.033793103,40.34,580
511746.39,6940711.18,-5.952458187,40.94,580
511748.3,6940710.81,-5.955731843,42.89,580
511750.22,6940710.43,-6.02026181,44.84,580
511752.13,6940710.06,-5.881235456,46.79,580
511753.72,6940709.75,-5.253103448,48.42,580
511754.04,6940709.69,-5.086401767,48.74,580
511754.93,6940709.52,-4.472413793,49.65,580
511755.96,6940709.32,-3.946296008,50.69,580
511756.81,6940709.15,-3.691724138,51.56,580
511757.87,6940708.94,-3.504957965,52.64,580
511759.79,6940708.57,-3.435124588,54.59,580
511761.7,6940708.2,-3.446221354,56.54,580
511761.7,6940708.2,-3.341207801,56.54,580
511759.79,6940708.57,-3.312505744,54.59,580
511757.87,6940708.94,-3.34325285,52.64,580
511755.96,6940709.32,-3.674034149,50.69,580
511755.91,6940709.33,-3.691724138,50.64,580
511754.39,6940709.62,-4.472413793,49.09,580
511754.04,6940709.69,-4.71126859,48.74,580
511753,6940709.89,-5.253103448,47.68,580
511752.13,6940710.06,-5.596634218,46.79,580
511750.22,6940710.43,-5.798945274,44.84,580
511748.3,6940710.81,-5.752954256,42.89,580
511746.39,6940711.18,-5.737479815,40.94,580
511744.48,6940711.55,-5.994425529,38.99,580
511744.33,6940711.58,-6.033793103,38.85,580
511742.56,6940711.92,-6.460928359,37.04,580
511740.84,6940712.26,-6.814482759,35.29,580
511740.65,6940712.3,-6.844544549,35.09,580
511739.88,6940712.45,-6.814482759,34.31,580
511738.73,6940712.67,-6.761566993,33.14,580
511736.82,6940713.04,-6.169842173,31.2,580
511736.5,6940713.1,-6.033793103,30.87,580
511734.91,6940713.41,-5.455044326,29.25,580
511734.23,6940713.55,-5.253103448,28.56,580
511732.99,6940713.79,-4.946471495,27.3,580
511731.08,6940714.16,-4.655199439,25.35,580
511729.17,6940714.53,-4.583160826,23.4,580
511727.25,6940714.9,-4.802431911,21.45,580
511725.69,6940715.21,-5.253103448,19.86,580
511725.34,6940715.28,-5.380551523,19.5,580
511723.99,6940715.54,-6.033793103,18.12,580
511723.42,6940715.65,-6.318365822,17.55,580
511722.53,6940715.82,-6.814482759,16.64,580
511721.51,6940716.02,-7.309463513,15.6,580
511720.96,6940716.13,-7.595172414,15.03,580
511719.6,6940716.39,-8.158910009,13.65,580
511719.13,6940716.48,-8.375862069,13.17,580
511717.68,6940716.77,-8.914915234,11.7,580
511717.12,6940716.88,-9.156551724,11.12,580
511715.77,6940717.14,-9.641724814,9.75,580
511714.95,6940717.3,-9.937241379,8.92,580
511713.86,6940717.51,-10.2744964,7.8,580
511711.94,6940717.88,-10.66681061,5.85,580
511711.36,6940718,-10.71793103,5.26,580
511710.03,6940718.26,-10.81564128,3.9,580
511708.11,6940718.63,-10.86352025,1.95,580
511706.2,6940719,-10.8878206,0,580
511706.2,6940719,-10.93308899,0,580
511708.11,6940718.63,-10.95774055,1.95,585
511710.03,6940718.26,-10.91911501,3.9,585
511711.94,6940717.88,-10.78774786,5.85,585
511712.34,6940717.8,-10.71793103,6.26,585
511713.86,6940717.51,-10.4111708,7.8,585
511715.4,6940717.21,-9.937241379,9.37,585
511715.77,6940717.14,-9.802596557,9.75,585
511717.56,6940716.79,-9.156551724,11.58,585
511717.68,6940716.77,-9.10585826,11.7,585
511719.6,6940716.39,-8.390335453,13.65,585
511719.64,6940716.38,-8.375862069,13.69,585
511721.51,6940716.02,-7.601322184,15.6,585
511721.53,6940716.02,-7.595172414,15.61,585
511723.14,6940715.7,-6.814482759,17.26,585
511723.42,6940715.65,-6.656085483,17.55,585
511724.65,6940715.41,-6.033793103,18.8,585
511725.34,6940715.28,-5.703286583,19.5,585
511726.58,6940715.03,-5.253103448,20.77,585
511727.25,6940714.9,-5.060133741,21.45,585
511729.17,6940714.53,-4.815915566,23.4,585
511731.08,6940714.16,-4.876628966,25.35,585
511732.99,6940713.79,-5.178559199,27.3,585
511733.29,6940713.73,-5.253103448,27.6,585
511734.91,6940713.41,-5.735051088,29.25,585
511735.73,6940713.25,-6.033793103,30.08,585
511736.82,6940713.04,-6.495505399,31.2,585
511737.84,6940712.84,-6.814482759,32.23,585
511738.73,6940712.67,-7.085120375,33.14,585
511740.65,6940712.3,-7.170842068,35.09,585
511742.56,6940711.92,-6.864943613,37.04,585
511742.81,6940711.88,-6.814482759,37.29,585
511744.48,6940711.55,-6.396261655,38.99,585
511746.39,6940711.18,-6.146403442,40.94,585
511748.3,6940710.81,-6.140902263,42.89,585
511750.22,6940710.43,-6.210996251,44.84,585
511752.13,6940710.06,-6.142011391,46.79,585
511752.58,6940709.98,-6.033793103,47.25,585
511754.04,6940709.69,-5.461783624,48.74,585
511754.33,6940709.63,-5.253103448,49.04,585
511755.47,6940709.41,-4.472413793,50.2,585
511755.96,6940709.32,-4.223559088,50.69,585
511757.73,6940708.97,-3.691724138,52.5,585
511757.87,6940708.94,-3.666663079,52.64,585
511759.79,6940708.57,-3.557743432,54.59,585
511761.7,6940708.2,-3.551234907,56.54,585
511761.7,6940708.2,-3.446221354,56.54,585
511759.79,6940708.57,-3.435124588,54.59,585
511757.87,6940708.94,-3.504957965,52.64,585
511756.81,6940709.15,-3.691724138,51.56,585
511755.96,6940709.32,-3.946296008,50.69,585
511754.93,6940709.52,-4.472413793,49.65,585
511754.04,6940709.69,-5.086401767,48.74,585
511753.72,6940709.75,-5.253103448,48.42,585
511752.13,6940710.06,-5.881235456,46.79,585
511750.22,6940710.43,-6.02026181,44.84,585
511748.3,6940710.81,-5.955731843,42.89,585
511746.39,6940711.18,-5.952458187,40.94,585
511745.79,6940711.3,-6.033793103,40.34,585
511744.48,6940711.55,-6.198935425,38.99,585
511742.56,6940711.92,-6.670476847,37.04,585
511741.86,6940712.06,-6.814482759,36.33,585
511740.65,6940712.3,-7.007693309,35.09,585
511738.73,6940712.67,-6.928267194,33.14,585
511738.36,6940712.74,-6.814482759,32.76,585
511736.82,6940713.04,-6.332673786,31.2,585
511736.11,6940713.18,-6.033793103,30.47,585
511734.91,6940713.41,-5.595047707,29.25,585
511733.76,6940713.64,-5.253103448,28.08,585
511732.99,6940713.79,-5.062515347,27.3,585
511731.08,6940714.16,-4.765914203,25.35,585
511729.17,6940714.53,-4.699538196,23.4,585
511727.25,6940714.9,-4.931282826,21.45,585
511726.14,6940715.12,-5.253103448,20.31,585
511725.34,6940715.28,-5.541919053,19.5,585
511724.32,6940715.47,-6.033793103,18.46,585
511723.42,6940715.65,-6.487225652,17.55,585
511722.84,6940715.76,-6.814482759,16.95,585
511721.51,6940716.02,-7.456271502,15.6,585
511721.24,6940716.07,-7.595172414,15.32,585
511719.6,6940716.39,-8.276679206,13.65,585
511719.38,6940716.43,-8.375862069,13.43,585
511717.68,6940716.77,-9.010386747,11.7,585
511717.34,6940716.83,-9.156551724,11.35,585
511715.77,6940717.14,-9.722160685,9.75,585
511715.17,6940717.25,-9.937241379,9.14,585
511713.86,6940717.51,-10.3428336,7.8,585
511712,6940717.87,-10.71793103,5.91,585
511711.94,6940717.88,-10.72882673,5.85,585
511710.03,6940718.26,-10.86737815,3.9,585
511708.11,6940718.63,-10.9106304,1.95,585
511706.2,6940719,-10.93308899,0,585
511706.2,6940719,-10.97835738,0,585
511708.11,6940718.63,-11.00485071,1.95,590
511710.03,6940718.26,-10.97085188,3.9,590
511711.94,6940717.88,-10.84666899,5.85,590
511712.68,6940717.74,-10.71793103,6.6,590
511713.86,6940717.51,-10.47950801,7.8,590
511715.62,6940717.17,-9.937241379,9.6,590
511715.77,6940717.14,-9.883032428,9.75,590
511717.68,6940716.77,-9.192817664,11.7,590
511717.8,6940716.74,-9.156551724,11.82,590
511719.6,6940716.39,-8.482043624,13.65,590
511719.92,6940716.33,-8.375862069,13.97,590
511721.51,6940716.02,-7.715502836,15.6,590
511721.82,6940715.96,-7.595172414,15.91,590
511723.42,6940715.65,-6.823252008,17.55,590
511723.44,6940715.64,-6.814482759,17.57,590
511724.99,6940715.34,-6.033793103,19.14,590
511725.34,6940715.28,-5.864654113,19.5,590
511727.03,6940714.95,-5.253103448,21.22,590
511727.25,6940714.9,-5.188984656,21.45,590
511729.17,6940714.53,-4.932292935,23.4,590
511731.08,6940714.16,-4.98734373,25.35,590
511732.74,6940713.83,-5.253103448,27.04,590
511732.99,6940713.79,-5.296698586,27.3,590
511734.91,6940713.41,-5.87505447,29.25,590
511735.34,6940713.33,-6.033793103,29.69,590
511736.82,6940713.04,-6.658337012,31.2,590
511737.32,6940712.94,-6.814482759,31.7,590
511738.73,6940712.67,-7.241973557,33.14,590
511740.65,6940712.3,-7.333990828,35.09,590
511742.56,6940711.92,-7.026273794,37.04,590
511743.6,6940711.72,-6.814482759,38.1,590
511744.48,6940711.55,-6.593587884,38.99,590
511746.39,6940711.18,-6.327548019,40.94,590
511748.3,6940710.81,-6.31505217,42.89,590
511750.22,6940710.43,-6.399739138,44.84,590
511752.13,6940710.06,-6.375260566,46.79,590
511753.54,6940709.79,-6.033793103,48.23,590
511754.04,6940709.69,-5.837364372,48.74,590
511754.86,6940709.53,-5.253103448,49.57,590
511755.96,6940709.32,-4.508568203,50.69,590
511756.02,6940709.31,-4.472413793,50.75,590
511757.87,6940708.94,-3.85982928,52.64,590
511759.6,6940708.61,-3.691724138,54.4,590
511759.79,6940708.57,-3.680362276,54.59,590
511761.7,6940708.2,-3.656248459,56.54,590
511761.7,6940708.2,-3.551234907,56.54,590
511759.79,6940708.57,-3.557743432,54.59,590
511757.87,6940708.94,-3.666663079,52.64,590
511757.73,6940708.97,-3.691724138,52.5,590
511755.96,6940709.32,-4.223559088,50.69,590
511755.47,6940709.41,-4.472413793,50.2,590
511754.33,6940709.63,-5.253103448,49.04,590
511754.04,6940709.69,-5.461783624,48.74,590
511752.58,6940709.98,-6.033793103,47.25,590
511752.13,6940710.06,-6.142011391,46.79,590
511750.22,6940710.43,-6.210996251,44.84,590
511748.3,6940710.81,-6.140902263,42.89,590
511746.39,6940711.18,-6.146403442,40.94,590
511744.48,6940711.55,-6.396261655,38.99,590
511742.81,6940711.88,-6.814482759,37.29,590
511742.56,6940711.92,-6.864943613,37.04,590
511740.65,6940712.3,-7.170842068,35.09,590
511738.73,6940712.67,-7.085120375,33.14,590
511737.84,6940712.84,-6.814482759,32.23,590
511736.82,6940713.04,-6.495505399,31.2,590
511735.73,6940713.25,-6.033793103,30.08,590
511734.91,6940713.41,-5.735051088,29.25,590
511733.29,6940713.73,-5.253103448,27.6,590
511732.99,6940713.79,-5.178559199,27.3,590
511731.08,6940714.16,-4.876628966,25.35,590
511729.17,6940714.53,-4.815915566,23.4,590
511727.25,6940714.9,-5.060133741,21.45,590
511726.58,6940715.03,-5.253103448,20.77,590
511725.34,6940715.28,-5.703286583,19.5,590
511724.65,6940715.41,-6.033793103,18.8,590
511723.42,6940715.65,-6.656085483,17.55,590
511723.14,6940715.7,-6.814482759,17.26,590
511721.53,6940716.02,-7.595172414,15.61,590
511721.51,6940716.02,-7.601322184,15.6,590
511719.64,6940716.38,-8.375862069,13.69,590
511719.6,6940716.39,-8.390335453,13.65,590
511717.68,6940716.77,-9.10585826,11.7,590
511717.56,6940716.79,-9.156551724,11.58,590
511715.77,6940717.14,-9.802596557,9.75,590
511715.4,6940717.21,-9.937241379,9.37,590
511713.86,6940717.51,-10.4111708,7.8,590
511712.34,6940717.8,-10.71793103,6.26,590
511711.94,6940717.88,-10.78774786,5.85,590
511710.03,6940718.26,-10.91911501,3.9,590
511708.11,6940718.63,-10.95774055,1.95,590
511706.2,6940719,-10.97835738,0,590
511706.2,6940719,-11.02362578,0,590
511708.11,6940718.63,-11.05196086,1.95,595
511710.03,6940718.26,-11.02258875,3.9,595
511711.94,6940717.88,-10.90559012,5.85,595
511713.02,6940717.67,-10.71793103,6.94,595
511713.86,6940717.51,-10.54784521,7.8,595
511715.77,6940717.14,-9.959798098,9.75,595
511715.84,6940717.12,-9.937241379,9.82,595
511717.68,6940716.77,-9.270140465,11.7,595
511718.04,6940716.7,-9.156551724,12.06,595
511719.6,6940716.39,-8.573751796,13.65,595
511720.19,6940716.28,-8.375862069,14.25,595
511721.51,6940716.02,-7.829683488,15.6,595
511722.11,6940715.9,-7.595172414,16.21,595
511723.42,6940715.65,-6.964782826,17.55,595
511723.76,6940715.58,-6.814482759,17.89,595
511725.32,6940715.28,-6.033793103,19.48,595
511725.34,6940715.28,-6.026021643,19.5,595
511727.25,6940714.9,-5.325813051,21.45,595
511727.68,6940714.82,-5.253103448,21.88,595
511729.17,6940714.53,-5.048670305,23.4,595
511731.08,6940714.16,-5.098058493,25.35,595
511732.05,6940713.97,-5.253103448,26.34,595
511732.99,6940713.79,-5.418602107,27.3,595
511734.91,6940713.41,-6.015057851,29.25,595
511734.96,6940713.4,-6.033793103,29.3,595
511736.81,6940713.04,-6.814482759,31.18,595
511736.82,6940713.04,-6.820303279,31.2,595
511738.73,6940712.67,-7.398826738,33.14,595
511740.65,6940712.3,-7.497139587,35.09,595
511742.56,6940711.92,-7.187603976,37.04,595
511744.38,6940711.57,-6.814482759,38.9,595
511744.48,6940711.55,-6.790914114,38.99,595
511746.39,6940711.18,-6.508692597,40.94,595
511748.3,6940710.81,-6.489202078,42.89,595
511750.22,6940710.43,-6.588482025,44.84,595
511752.13,6940710.06,-6.608509742,46.79,595
511754.04,6940709.69,-6.173951244,48.74,595
511754.29,6940709.64,-6.033793103,49,595
511755.38,6940709.43,-5.253103448,50.1,595
511755.96,6940709.32,-4.861431853,50.69,595
511756.62,6940709.19,-4.472413793,51.37,595
511757.87,6940708.94,-4.058765569,52.64,595
511759.79,6940708.57,-3.823316951,54.59,595
511761.7,6940708.2,-3.772457053,56.54,595
511761.7,6940708.2,-3.656248459,56.54,595
511759.79,6940708.57,-3.680362276,54.59,595
511759.6,6940708.61,-3.691724138,54.4,595
511757.87,6940708.94,-3.85982928,52.64,595
511756.02,6940709.31,-4.472413793,50.75,595
511755.96,6940709.32,-4.508568203,50.69,595
511754.86,6940709.53,-5.253103448,49.57,595
511754.04,6940709.69,-5.837364372,48.74,595
511753.54,6940709.79,-6.033793103,48.23,595
511752.13,6940710.06,-6.375260566,46.79,595
511750.22,6940710.43,-6.399739138,44.84,595
511748.3,6940710.81,-6.31505217,42.89,595
511746.39,6940711.18,-6.327548019,40.94,595
511744.48,6940711.55,-6.593587884,38.99,595
511743.6,6940711.72,-6.814482759,38.1,595
511742.56,6940711.92,-7.026273794,37.04,595
511740.65,6940712.3,-7.333990828,35.09,595
511738.73,6940712.67,-7.241973557,33.14,595
511737.32,6940712.94,-6.814482759,31.7,595
511736.82,6940713.04,-6.658337012,31.2,595
511735.34,6940713.33,-6.033793103,29.69,595
511734.91,6940713.41,-5.87505447,29.25,595
511732.99,6940713.79,-5.296698586,27.3,595
511732.74,6940713.83,-5.253103448,27.04,595
511731.08,6940714.16,-4.98734373,25.35,595
511729.17,6940714.53,-4.932292935,23.4,595
511727.25,6940714.9,-5.188984656,21.45,595
511727.03,6940714.95,-5.253103448,21.22,595
511725.34,6940715.28,-5.864654113,19.5,595
511724.99,6940715.34,-6.033793103,19.14,595
511723.44,6940715.64,-6.814482759,17.57,595
511723.42,6940715.65,-6.823252008,17.55,595
511721.82,6940715.96,-7.595172414,15.91,595
511721.51,6940716.02,-7.715502836,15.6,595
511719.92,6940716.33,-8.375862069,13.97,595
511719.6,6940716.39,-8.482043624,13.65,595
511717.8,6940716.74,-9.156551724,11.82,595
511717.68,6940716.77,-9.192817664,11.7,595
511715.77,6940717.14,-9.883032428,9.75,595
511715.62,6940717.17,-9.937241379,9.6,595
511713.86,6940717.51,-10.47950801,7.8,595
511712.68,6940717.74,-10.71793103,6.6,595
511711.94,6940717.88,-10.84666899,5.85,595
511710.03,6940718.26,-10.97085188,3.9,595
511708.11,6940718.63,-11.00485071,1.95,595
511706.2,6940719,-11.02362578,0,595
511706.2,6940719,-11.06889417,0,595
511708.11,6940718.63,-11.09907101,1.95,600
511710.03,6940718.26,-11.07432561,3.9,600
511711.94,6940717.88,-10.96451125,5.85,600
511713.35,6940717.61,-10.71793103,7.29,600
511713.86,6940717.51,-10.61618241,7.8,600
511715.77,6940717.14,-10.02897775,9.75,600
511716.05,6940717.08,-9.937241379,10.04,600
511717.68,6940716.77,-9.347463265,11.7,600
511718.29,6940716.65,-9.156551724,12.31,600
511719.6,6940716.39,-8.665459968,13.65,600
511720.47,6940716.22,-8.375862069,14.53,600
511721.51,6940716.02,-7.94386414,15.6,600
511722.41,6940715.85,-7.595172414,16.51,600
511723.42,6940715.65,-7.106313645,17.55,600
511724.08,6940715.52,-6.814482759,18.21,600
511725.34,6940715.28,-6.184463563,19.5,600
511725.71,6940715.2,-6.033793103,19.88,600
511727.25,6940714.9,-5.470543341,21.45,600
511728.52,6940714.66,-5.253103448,22.74,600
511729.17,6940714.53,-5.165047675,23.4,600
511731.08,6940714.16,-5.208773257,25.35,600
511731.36,6940714.1,-5.253103448,25.63,600
511732.99,6940713.79,-5.540505628,27.3,600
511734.57,6940713.48,-6.033793103,28.9,600
511734.91,6940713.41,-6.151578094,29.25,600
511736.48,6940713.11,-6.814482759,30.85,600
511736.82,6940713.04,-6.962059734,31.2,600
511738.73,6940712.67,-7.55567992,33.14,600
511739.47,6940712.52,-7.595172414,33.9,600
511740.65,6940712.3,-7.645773585,35.09,600
511741.04,6940712.22,-7.595172414,35.5,600
511742.56,6940711.92,-7.348934158,37.04,600
511744.48,6940711.55,-6.95068312,38.99,600
511745.55,6940711.34,-6.814482759,40.09,600
511746.39,6940711.18,-6.689837175,40.94,600
511748.3,6940710.81,-6.663351986,42.89,600
511750.22,6940710.43,-6.777224913,44.84,600
511751.42,6940710.2,-6.814482759,46.07,600
511752.13,6940710.06,-6.834914209,46.79,600
511752.3,6940710.03,-6.814482759,46.97,600
511754.04,6940709.69,-6.467783822,48.74,600
511754.82,6940709.54,-6.033793103,49.53,600
511755.9,6940709.33,-5.253103448,50.63,600
511755.96,6940709.32,-5.214295504,50.69,600
511757.22,6940709.07,-4.472413793,51.98,600
511757.87,6940708.94,-4.257701857,52.64,600
511759.79,6940708.57,-3.968348375,54.59,600
511761.7,6940708.2,-3.894376947,56.54,600
511761.7,6940708.2,-3.772457053,56.54,600
511759.79,6940708.57,-3.823316951,54.59,600
511757.87,6940708.94,-4.058765569,52.64,600
511756.62,6940709.19,-4.472413793,51.37,600
511755.96,6940709.32,-4.861431853,50.69,600
511755.38,6940709.43,-5.253103448,50.1,600
511754.29,6940709.64,-6.033793103,49,600
511754.04,6940709.69,-6.173951244,48.74,600
511752.13,6940710.06,-6.608509742,46.79,600
511750.22,6940710.43,-6.588482025,44.84,600
511748.3,6940710.81,-6.489202078,42.89,600
511746.39,6940711.18,-6.508692597,40.94,600
511744.48,6940711.55,-6.790914114,38.99,600
511744.38,6940711.57,-6.814482759,38.9,600
511742.56,6940711.92,-7.187603976,37.04,600
511740.65,6940712.3,-7.497139587,35.09,600
511738.73,6940712.67,-7.398826738,33.14,600
511736.82,6940713.04,-6.820303279,31.2,600
511736.81,6940713.04,-6.814482759,31.18,600
511734.96,6940713.4,-6.033793103,29.3,600
511734.91,6940713.41,-6.015057851,29.25,600
511732.99,6940713.79,-5.418602107,27.3,600
511732.05,6940713.97,-5.253103448,26.34,600
511731.08,6940714.16,-5.098058493,25.35,600
511729.17,6940714.53,-5.048670305,23.4,600
511727.68,6940714.82,-5.253103448,21.88,600
511727.25,6940714.9,-5.325813051,21.45,600
511725.34,6940715.28,-6.026021643,19.5,600
511725.32,6940715.28,-6.033793103,19.48,600
511723.76,6940715.58,-6.814482759,17.89,600
511723.42,6940715.65,-6.964782826,17.55,600
511722.11,6940715.9,-7.595172414,16.21,600
511721.51,6940716.02,-7.829683488,15.6,600
511720.19,6940716.28,-8.375862069,14.25,600
511719.6,6940716.39,-8.573751796,13.65,600
511718.04,6940716.7,-9.156551724,12.06,600
511717.68,6940716.77,-9.270140465,11.7,600
511715.84,6940717.12,-9.937241379,9.82,600
511715.77,6940717.14,-9.959798098,9.75,600
511713.86,6940717.51,-10.54784521,7.8,600
511713.02,6940717.67,-10.71793103,6.94,600
511711.94,6940717.88,-10.90559012,5.85,600
511710.03,6940718.26,-11.02258875,3.9,600
511708.11,6940718.63,-11.05196086,1.95,600
511706.2,6940719,-11.06889417,0,600
511706.2,6940719,-11.11416256,0,600
511708.11,6940718.63,-11.14618116,1.95,605
511710.03,6940718.26,-11.12606248,3.9,605
511711.94,6940717.88,-11.02343238,5.85,605
511713.69,6940717.54,-10.71793103,7.63,605
511713.86,6940717.51,-10.68451961,7.8,605
511715.77,6940717.14,-10.09815741,9.75,605
511716.27,6940717.04,-9.937241379,10.25,605
511717.68,6940716.77,-9.424786066,11.7,605
511718.53,6940716.6,-9.156551724,12.56,605
511719.6,6940716.39,-8.757168139,13.65,605
511720.74,6940716.17,-8.375862069,14.82,605
511721.51,6940716.02,-8.058044791,15.6,605
511722.7,6940715.79,-7.595172414,16.81,605
511723.42,6940715.65,-7.247844463,17.55,605
511724.39,6940715.46,-6.814482759,18.54,605
511725.34,6940715.28,-6.342757457,19.5,605
511726.11,6940715.13,-6.033793103,20.28,605
511727.25,6940714.9,-5.61527363,21.45,605
511729.17,6940714.53,-5.284545714,23.4,605
511731.08,6940714.16,-5.324876363,25.35,605
511732.99,6940713.79,-5.66240915,27.3,605
511734.18,6940713.56,-6.033793103,28.5,605
511734.91,6940713.41,-6.287560212,29.25,605
511736.16,6940713.17,-6.814482759,30.52,605
511736.82,6940713.04,-7.103816189,31.2,605
511738.39,6940712.74,-7.595172414,32.8,605
511738.73,6940712.67,-7.68930911,33.14,605
511740.65,6940712.3,-7.772555433,35.09,605
511742.04,6940712.03,-7.595172414,36.51,605
511742.56,6940711.92,-7.510264339,37.04,605
511744.48,6940711.55,-7.105357828,38.99,605
511746.39,6940711.18,-6.86006286,40.94,605
511748.3,6940710.81,-6.833306877,42.89,605
511750.22,6940710.43,-6.935640914,44.84,605
511752.13,6940710.06,-7.009631586,46.79,605
511753.78,6940709.74,-6.814482759,48.47,605
511754.04,6940709.69,-6.761616401,48.74,605
511755.34,6940709.44,-6.033793103,50.06,605
511755.96,6940709.32,-5.589100956,50.69,605
511756.37,6940709.24,-5.253103448,51.12,605
511757.82,6940708.95,-4.472413793,52.59,605
511757.87,6940708.94,-4.456638145,52.64,605
511759.79,6940708.57,-4.1133798,54.59,605
511761.7,6940708.2,-4.01629684,56.54,605
511761.7,6940708.2,-3.894376947,56.54,605
511759.79,6940708.57,-3.968348375,54.59,605
511757.87,6940708.94,-4.257701857,52.64,605
511757.22,6940709.07,-4.472413793,51.98,605
511755.96,6940709.32,-5.214295504,50.69,605
511755.9,6940709.33,-5.253103448,50.63,605
511754.82,6940709.54,-6.033793103,49.53,605
511754.04,6940709.69,-6.467783822,48.74,605
511752.3,6940710.03,-6.814482759,46.97,605
511752.13,6940710.06,-6.834914209,46.79,605
511751.42,6940710.2,-6.814482759,46.07,605
511750.22,6940710.43,-6.777224913,44.84,605
511748.3,6940710.81,-6.663351986,42.89,605
511746.39,6940711.18,-6.689837175,40.94,605
511745.55,6940711.34,-6.814482759,40.09,605
511744.48,6940711.55,-6.95068312,38.99,605
511742.56,6940711.92,-7.348934158,37.04,605
511741.04,6940712.22,-7.595172414,35.5,605
511740.65,6940712.3,-7.645773585,35.09,605
511739.47,6940712.52,-7.595172414,33.9,605
511738.73,6940712.67,-7.55567992,33.14,605
511736.82,6940713.04,-6.962059734,31.2,605
511736.48,6940713.11,-6.814482759,30.85,605
511734.91,6940713.41,-6.151578094,29.25,605
511734.57,6940713.48,-6.033793103,28.9,605
511732.99,6940713.79,-5.540505628,27.3,605
511731.36,6940714.1,-5.253103448,25.63,605
511731.08,6940714.16,-5.208773257,25.35,605
511729.17,6940714.53,-5.165047675,23.4,605
511728.52,6940714.66,-5.253103448,22.74,605
511727.25,6940714.9,-5.470543341,21.45,605
511725.71,6940715.2,-6.033793103,19.88,605
511725.34,6940715.28,-6.184463563,19.5,605
511724.08,6940715.52,-6.814482759,18.21,605
511723.42,6940715.65,-7.106313645,17.55,605
511722.41,6940715.85,-7.595172414,16.51,605
511721.51,6940716.02,-7.94386414,15.6,605
511720.47,6940716.22,-8.375862069,14.53,605
511719.6,6940716.39,-8.665459968,13.65,605
511718.29,6940716.65,-9.156551724,12.31,605
511717.68,6940716.77,-9.347463265,11.7,605
511716.05,6940717.08,-9.937241379,10.04,605
511715.77,6940717.14,-10.02897775,9.75,605
511713.86,6940717.51,-10.61618241,7.8,605
511713.35,6940717.61,-10.71793103,7.29,605
511711.94,6940717.88,-10.96451125,5.85,605
511710.03,6940718.26,-11.07432561,3.9,605
511708.11,6940718.63,-11.09907101,1.95,605
511706.2,6940719,-11.11416256,0,605
511706.2,6940719,-11.15943096,0,605
511708.11,6940718.63,-11.19329131,1.95,610
511710.03,6940718.26,-11.17779935,3.9,610
511711.94,6940717.88,-11.08235351,5.85,610
511713.86,6940717.51,-10.75120534,7.8,610
511713.97,6940717.49,-10.71793103,7.92,610
511715.77,6940717.14,-10.16733707,9.75,610
511716.48,6940717,-9.937241379,10.47,610
511717.68,6940716.77,-9.502108866,11.7,610
511718.78,6940716.55,-9.156551724,12.81,610
511719.6,6940716.39,-8.848876311,13.65,610
511721.02,6940716.12,-8.375862069,15.1,610
511721.51,6940716.02,-8.172225443,15.6,610
511723,6940715.73,-7.595172414,17.11,610
511723.42,6940715.65,-7.389375281,17.55,610
511724.71,6940715.4,-6.814482759,18.86,610
511725.34,6940715.28,-6.501051351,19.5,610
511726.5,6940715.05,-6.033793103,20.69,610
511727.25,6940714.9,-5.76000392,21.45,610
511729.17,6940714.53,-5.413746347,23.4,610
511731.08,6940714.16,-5.44457769,25.35,610
511732.99,6940713.79,-5.784312671,27.3,610
511733.79,6940713.63,-6.033793103,28.11,610
511734.91,6940713.41,-6.423542329,29.25,610
511735.84,6940713.23,-6.814482759,30.19,610
511736.82,6940713.04,-7.245572644,31.2,610
511737.94,6940712.82,-7.595172414,32.34,610
511738.73,6940712.67,-7.815123304,33.14,610
511740.65,6940712.3,-7.89933728,35.09,610
511742.56,6940711.92,-7.654312732,37.04,610
511742.91,6940711.86,-7.595172414,37.39,610
511744.48,6940711.55,-7.260032536,38.99,610
511746.39,6940711.18,-7.006199765,40.94,610
511748.3,6940710.81,-6.975719636,42.89,610
511750.22,6940710.43,-7.086597998,44.84,610
511752.13,6940710.06,-7.184348962,46.79,610
511754.04,6940709.69,-6.981783016,48.74,610
511754.49,6940709.6,-6.814482759,49.19,610
511755.87,6940709.34,-6.033793103,50.6,610
511755.96,6940709.32,-5.966617763,50.69,610
511756.84,6940709.15,-5.253103448,51.59,610
511757.87,6940708.94,-4.702225145,52.64,610
511758.61,6940708.8,-4.472413793,53.39,610
511759.79,6940708.57,-4.258411224,54.59,610
511761.7,6940708.2,-4.138216734,56.54,610
511761.7,6940708.2,-4.01629684,56.54,610
511759.79,6940708.57,-4.1133798,54.59,610
511757.87,6940708.94,-4.456638145,52.64,610
511757.82,6940708.95,-4.472413793,52.59,610
511756.37,6940709.24,-5.253103448,51.12,610
511755.96,6940709.32,-5.589100956,50.69,610
511755.34,6940709.44,-6.033793103,50.06,610
511754.04,6940709.69,-6.761616401,48.74,610
511753.78,6940709.74,-6.814482759,48.47,610
511752.13,6940710.06,-7.009631586,46.79,610
511750.22,6940710.43,-6.935640914,44.84,610
511748.3,6940710.81,-6.833306877,42.89,610
511746.39,6940711.18,-6.86006286,40.94,610
511744.48,6940711.55,-7.105357828,38.99,610
511742.56,6940711.92,-7.510264339,37.04,610
511742.04,6940712.03,-7.595172414,36.51,610
511740.65,6940712.3,-7.772555433,35.09,610
511738.73,6940712.67,-7.68930911,33.14,610
511738.39,6940712.74,-7.595172414,32.8,610
511736.82,6940713.04,-7.103816189,31.2,610
511736.16,6940713.17,-6.814482759,30.52,610
511734.91,6940713.41,-6.287560212,29.25,610
511734.18,6940713.56,-6.033793103,28.5,610
511732.99,6940713.79,-5.66240915,27.3,610
511731.08,6940714.16,-5.324876363,25.35,610
511729.17,6940714.53,-5.284545714,23.4,610
511727.25,6940714.9,-5.61527363,21.45,610
511726.11,6940715.13,-6.033793103,20.28,610
511725.34,6940715.28,-6.342757457,19.5,610
511724.39,6940715.46,-6.814482759,18.54,610
511723.42,6940715.65,-7.247844463,17.55,610
511722.7,6940715.79,-7.595172414,16.81,610
511721.51,6940716.02,-8.058044791,15.6,610
511720.74,6940716.17,-8.375862069,14.82,610
511719.6,6940716.39,-8.757168139,13.65,610
511718.53,6940716.6,-9.156551724,12.56,610
511717.68,6940716.77,-9.424786066,11.7,610
511716.27,6940717.04,-9.937241379,10.25,610
511715.77,6940717.14,-10.09815741,9.75,610
511713.86,6940717.51,-10.68451961,7.8,610
511713.69,6940717.54,-10.71793103,7.63,610
511711.94,6940717.88,-11.02343238,5.85,610
511710.03,6940718.26,-11.12606248,3.9,610
511708.11,6940718.63,-11.14618116,1.95,610
511706.2,6940719,-11.15943096,0,610
511706.2,6940719,-11.20469935,0,610
511708.11,6940718.63,-11.24040147,1.95,615
511710.03,6940718.26,-11.22953621,3.9,615
511711.94,6940717.88,-11.14127464,5.85,615
511713.86,6940717.51,-10.81631121,7.8,615
511714.2,6940717.44,-10.71793103,8.15,615
511715.77,6940717.14,-10.23651672,9.75,615
511716.69,6940716.96,-9.937241379,10.69,615
511717.68,6940716.77,-9.579431666,11.7,615
511719.02,6940716.51,-9.156551724,13.06,615
511719.6,6940716.39,-8.940584482,13.65,615
511721.29,6940716.06,-8.375862069,15.38,615
511721.51,6940716.02,-8.286406095,15.6,615
511723.29,6940715.67,-7.595172414,17.41,615
511723.42,6940715.65,-7.5309061,17.55,615
511725.03,6940715.34,-6.814482759,19.18,615
511725.34,6940715.28,-6.659345245,19.5,615
511726.9,6940714.97,-6.033793103,21.09,615
511727.25,6940714.9,-5.90473421,21.45,615
511729.17,6940714.53,-5.54294698,23.4,615
511731.08,6940714.16,-5.564279016,25.35,615
511732.99,6940713.79,-5.906216192,27.3,615
511733.4,6940713.71,-6.033793103,27.71,615
511734.91,6940713.41,-6.559524447,29.25,615
511735.51,6940713.3,-6.814482759,29.86,615
511736.82,6940713.04,-7.387329099,31.2,615
511737.49,6940712.91,-7.595172414,31.87,615
511738.73,6940712.67,-7.940937498,33.14,615
511740.65,6940712.3,-8.026119128,35.09,615
511742.56,6940711.92,-7.779160353,37.04,615
511743.63,6940711.72,-7.595172414,38.13,615
511744.48,6940711.55,-7.414707245,38.99,615
511746.39,6940711.18,-7.152336671,40.94,615
511748.3,6940710.81,-7.118132395,42.89,615
511750.22,6940710.43,-7.237555082,44.84,615
511752.13,6940710.06,-7.359066339,46.79,615
511754.04,6940709.69,-7.185787818,48.74,615
511755.03,6940709.5,-6.814482759,49.75,615
511755.96,6940709.32,-6.286936317,50.69,615
511756.29,6940709.25,-6.033793103,51.03,615
511757.31,6940709.05,-5.253103448,52.07,615
511757.87,6940708.94,-4.951830176,52.64,615
511759.41,6940708.65,-4.472413793,54.2,615
511759.79,6940708.57,-4.403442649,54.59,615
511761.7,6940708.2,-4.260136628,56.54,615
511761.7,6940708.2,-4.138216734,56.54,615
511759.79,6940708.57,-4.258411224,54.59,615
511758.61,6940708.8,-4.472413793,53.39,615
511757.87,6940708.94,-4.702225145,52.64,615
511756.84,6940709.15,-5.253103448,51.59,615
511755.96,6940709.32,-5.966617763,50.69,615
511755.87,6940709.34,-6.033793103,50.6,615
511754.49,6940709.6,-6.814482759,49.19,615
511754.04,6940709.69,-6.981783016,48.74,615
511752.13,6940710.06,-7.184348962,46.79,615
511750.22,6940710.43,-7.086597998,44.84,615
511748.3,6940710.81,-6.975719636,42.89,615
511746.39,6940711.18,-7.006199765,40.94,615
511744.48,6940711.55,-7.260032536,38.99,615
511742.91,6940711.86,-7.595172414,37.39,615
511742.56,6940711.92,-7.654312732,37.04,615
511740.65,6940712.3,-7.89933728,35.09,615
511738.73,6940712.67,-7.815123304,33.14,615
511737.94,6940712.82,-7.595172414,32.34,615
511736.82,6940713.04,-7.245572644,31.2,615
511735.84,6940713.23,-6.814482759,30.19,615
511734.91,6940713.41,-6.423542329,29.25,615
511733.79,6940713.63,-6.033793103,28.11,615
511732.99,6940713.79,-5.784312671,27.3,615
511731.08,6940714.16,-5.44457769,25.35,615
511729.17,6940714.53,-5.413746347,23.4,615
511727.25,6940714.9,-5.76000392,21.45,615
511726.5,6940715.05,-6.033793103,20.69,615
511725.34,6940715.28,-6.501051351,19.5,615
511724.71,6940715.4,-6.814482759,18.86,615
511723.42,6940715.65,-7.389375281,17.55,615
511723,6940715.73,-7.595172414,17.11,615
511721.51,6940716.02,-8.172225443,15.6,615
511721.02,6940716.12,-8.375862069,15.1,615
511719.6,6940716.39,-8.848876311,13.65,615
511718.78,6940716.55,-9.156551724,12.81,615
511717.68,6940716.77,-9.502108866,11.7,615
511716.48,6940717,-9.937241379,10.47,615
511715.77,6940717.14,-10.16733707,9.75,615
511713.97,6940717.49,-10.71793103,7.92,615
511713.86,6940717.51,-10.75120534,7.8,615
511711.94,6940717.88,-11.08235351,5.85,615
511710.03,6940718.26,-11.17779935,3.9,615
511708.11,6940718.63,-11.19329131,1.95,615
511706.2,6940719,-11.20469935,0,615
511706.2,6940719,-11.24996774,0,615
511708.11,6940718.63,-11.28751162,1.95,620
511710.03,6940718.26,-11.28127308,3.9,620
511711.94,6940717.88,-11.20019577,5.85,620
511713.86,6940717.51,-10.88141707,7.8,620
511714.42,6940717.4,-10.71793103,8.38,620
511715.77,6940717.14,-10.30569638,9.75,620
511716.91,6940716.92,-9.937241379,10.91,620
511717.68,6940716.77,-9.656754467,11.7,620
511719.27,6940716.46,-9.156551724,13.31,620
511719.6,6940716.39,-9.032292654,13.65,620
511721.51,6940716.02,-8.395485839,15.6,620
511721.57,6940716.01,-8.375862069,15.66,620
511723.42,6940715.65,-7.656851357,17.55,620
511723.59,6940715.62,-7.595172414,17.72,620
511725.34,6940715.28,-6.817228359,19.5,620
511725.35,6940715.27,-6.814482759,19.5,620
511727.25,6940714.9,-6.049634065,21.45,620
511727.32,6940714.89,-6.033793103,21.52,620
511729.17,6940714.53,-5.672147612,23.4,620
511731.08,6940714.16,-5.683980342,25.35,620
511732.99,6940713.79,-6.028119714,27.3,620
511733.01,6940713.78,-6.033793103,27.31,620
511734.91,6940713.41,-6.695506565,29.25,620
511735.19,6940713.36,-6.814482759,29.53,620
511736.82,6940713.04,-7.529085554,31.2,620
511737.03,6940713,-7.595172414,31.41,620
511738.73,6940712.67,-8.066751692,33.14,620
511740.65,6940712.3,-8.152900976,35.09,620
511742.56,6940711.92,-7.904007975,37.04,620
511744.36,6940711.58,-7.595172414,38.87,620
511744.48,6940711.55,-7.569381953,38.99,620
511746.39,6940711.18,-7.298473577,40.94,620
511748.3,6940710.81,-7.260545154,42.89,620
511750.22,6940710.43,-7.388512166,44.84,620
511752.13,6940710.06,-7.533783716,46.79,620
511754.04,6940709.69,-7.38979262,48.74,620
511755.57,6940709.39,-6.814482759,50.3,620
511755.96,6940709.32,-6.594873954,50.69,620
511756.69,6940709.18,-6.033793103,51.43,620
511757.78,6940708.96,-5.253103448,52.54,620
511757.87,6940708.94,-5.201435207,52.64,620
511759.79,6940708.57,-4.566165913,54.59,620
511760.58,6940708.42,-4.472413793,55.4,620
511761.7,6940708.2,-4.382056522,56.54,620
511761.7,6940708.2,-4.260136628,56.54,620
511759.79,6940708.57,-4.403442649,54.59,620
511759.41,6940708.65,-4.472413793,54.2,620
511757.87,6940708.94,-4.951830176,52.64,620
511757.31,6940709.05,-5.253103448,52.07,620
511756.29,6940709.25,-6.033793103,51.03,620
511755.96,6940709.32,-6.286936317,50.69,620
511755.03,6940709.5,-6.814482759,49.75,620
511754.04,6940709.69,-7.185787818,48.74,620
511752.13,6940710.06,-7.359066339,46.79,620
511750.22,6940710.43,-7.237555082,44.84,620
511748.3,6940710.81,-7.118132395,42.89,620
511746.39,6940711.18,-7.152336671,40.94,620
511744.48,6940711.55,-7.414707245,38.99,620
511743.63,6940711.72,-7.595172414,38.13,620
511742.56,6940711.92,-7.779160353,37.04,620
511740.65,6940712.3,-8.026119128,35.09,620
511738.73,6940712.67,-7.940937498,33.14,620
511737.49,6940712.91,-7.595172414,31.87,620
511736.82,6940713.04,-7.387329099,31.2,620
511735.51,6940713.3,-6.814482759,29.86,620
511734.91,6940713.41,-6.559524447,29.25,620
511733.4,6940713.71,-6.033793103,27.71,620
511732.99,6940713.79,-5.906216192,27.3,620
511731.08,6940714.16,-5.564279016,25.35,620
511729.17,6940714.53,-5.54294698,23.4,620
511727.25,6940714.9,-5.90473421,21.45,620
511726.9,6940714.97,-6.033793103,21.09,620
511725.34,6940715.28,-6.659345245,19.5,620
511725.03,6940715.34,-6.814482759,19.18,620
511723.42,6940715.65,-7.5309061,17.55,620
511723.29,6940715.67,-7.595172414,17.41,620
511721.51,6940716.02,-8.286406095,15.6,620
511721.29,6940716.06,-8.375862069,15.38,620
511719.6,6940716.39,-8.940584482,13.65,620
511719.02,6940716.51,-9.156551724,13.06,620
511717.68,6940716.77,-9.579431666,11.7,620
511716.69,6940716.96,-9.937241379,10.69,620
511715.77,6940717.14,-10.23651672,9.75,620
511714.2,6940717.44,-10.71793103,8.15,620
511713.86,6940717.51,-10.81631121,7.8,620
511711.94,6940717.88,-11.14127464,5.85,620
511710.03,6940718.26,-11.22953621,3.9,620
511708.11,6940718.63,-11.24040147,1.95,620
511706.2,6940719,-11.24996774,0,620
511706.2,6940719,-11.29523614,0,620
511708.11,6940718.63,-11.33462177,1.95,625
511710.03,6940718.26,-11.33300995,3.9,625
511711.94,6940717.88,-11.2591169,5.85,625
511713.86,6940717.51,-10.94652294,7.8,625
511714.65,6940717.36,-10.71793103,8.61,625
511715.77,6940717.14,-10.37487604,9.75,625
511717.12,6940716.87,-9.937241379,11.13,625
511717.68,6940716.77,-9.734077267,11.7,625
511719.51,6940716.41,-9.156551724,13.56,625
511719.6,6940716.39,-9.124000826,13.65,625
511721.51,6940716.02,-8.486110066,15.6,625
511721.86,6940715.95,-8.375862069,15.96,625
511723.42,6940715.65,-7.769833009,17.55,625
511723.9,6940715.56,-7.595172414,18.03,625
511725.34,6940715.28,-6.954921472,19.5,625
511725.71,6940715.2,-6.814482759,19.88,625
511727.25,6940714.9,-6.195930353,21.45,625
511727.98,6940714.76,-6.033793103,22.19,625
511729.17,6940714.53,-5.801348245,23.4,625
511731.08,6940714.16,-5.803681668,25.35,625
511732.36,6940713.91,-6.033793103,26.65,625
511732.99,6940713.79,-6.150352666,27.3,625
511734.86,6940713.42,-6.814482759,29.2,625
511734.91,6940713.41,-6.830181965,29.25,625
511736.67,6940713.07,-7.595172414,31.04,625
511736.82,6940713.04,-7.659306165,31.2,625
511738.73,6940712.67,-8.192565886,33.14,625
511740.65,6940712.3,-8.279682824,35.09,625
511742.56,6940711.92,-8.028855596,37.04,625
511744.48,6940711.55,-7.696426572,38.99,625
511745.33,6940711.39,-7.595172414,39.87,625
511746.39,6940711.18,-7.444610483,40.94,625
511748.3,6940710.81,-7.402957913,42.89,625
511750.22,6940710.43,-7.53946925,44.84,625
511750.91,6940710.3,-7.595172414,45.55,625
511752.13,6940710.06,-7.679519,46.79,625
511754.03,6940709.69,-7.595172414,48.72,625
511754.04,6940709.69,-7.593797421,48.74,625
511755.96,6940709.32,-6.876204942,50.69,625
511756.06,6940709.3,-6.814482759,50.8,625
511757.09,6940709.1,-6.033793103,51.84,625
511757.87,6940708.94,-5.477774979,52.64,625
511758.29,6940708.86,-5.253103448,53.07,625
511759.79,6940708.57,-4.744932063,54.59,625
511761.7,6940708.2,-4.511019244,56.54,625
511761.7,6940708.2,-4.382056522,56.54,625
511760.58,6940708.42,-4.472413793,55.4,625
511759.79,6940708.57,-4.566165913,54.59,625
511757.87,6940708.94,-5.201435207,52.64,625
511757.78,6940708.96,-5.253103448,52.54,625
511756.69,6940709.18,-6.033793103,51.43,625
511755.96,6940709.32,-6.594873954,50.69,625
511755.57,6940709.39,-6.814482759,50.3,625
511754.04,6940709.69,-7.38979262,48.74,625
511752.13,6940710.06,-7.533783716,46.79,625
511750.22,6940710.43,-7.388512166,44.84,625
511748.3,6940710.81,-7.260545154,42.89,625
511746.39,6940711.18,-7.298473577,40.94,625
511744.48,6940711.55,-7.569381953,38.99,625
511744.36,6940711.58,-7.595172414,38.87,625
511742.56,6940711.92,-7.904007975,37.04,625
511740.65,6940712.3,-8.152900976,35.09,625
511738.73,6940712.67,-8.066751692,33.14,625
511737.03,6940713,-7.595172414,31.41,625
511736.82,6940713.04,-7.529085554,31.2,625
511735.19,6940713.36,-6.814482759,29.53,625
511734.91,6940713.41,-6.695506565,29.25,625
511733.01,6940713.78,-6.033793103,27.31,625
511732.99,6940713.79,-6.028119714,27.3,625
511731.08,6940714.16,-5.683980342,25.35,625
511729.17,6940714.53,-5.672147612,23.4,625
511727.32,6940714.89,-6.033793103,21.52,625
511727.25,6940714.9,-6.049634065,21.45,625
511725.35,6940715.27,-6.814482759,19.5,625
511725.34,6940715.28,-6.817228359,19.5,625
511723.59,6940715.62,-7.595172414,17.72,625
511723.42,6940715.65,-7.656851357,17.55,625
511721.57,6940716.01,-8.375862069,15.66,625
511721.51,6940716.02,-8.395485839,15.6,625
511719.6,6940716.39,-9.032292654,13.65,625
511719.27,6940716.46,-9.156551724,13.31,625
511717.68,6940716.77,-9.656754467,11.7,625
511716.91,6940716.92,-9.937241379,10.91,625
511715.77,6940717.14,-10.30569638,9.75,625
511714.42,6940717.4,-10.71793103,8.38,625
511713.86,6940717.51,-10.88141707,7.8,625
511711.94,6940717.88,-11.20019577,5.85,625
511710.03,6940718.26,-11.28127308,3.9,625
511708.11,6940718.63,-11.28751162,1.95,625
511706.2,6940719,-11.29523614,0,625
511706.2,6940719,-11.34050453,0,625
511708.11,6940718.63,-11.38173192,1.95,630
511710.03,6940718.26,-11.38474681,3.9,630
511711.94,6940717.88,-11.31803803,5.85,630
511713.86,6940717.51,-11.01162881,7.8,630
511714.87,6940717.31,-10.71793103,8.84,630
511715.77,6940717.14,-10.44405569,9.75,630
511717.33,6940716.83,-9.937241379,11.34,630
511717.68,6940716.77,-9.811400068,11.7,630
511719.6,6940716.39,-9.205191194,13.65,630
511719.77,6940716.36,-9.156551724,13.83,630
511721.51,6940716.02,-8.576734294,15.6,630
511722.15,6940715.9,-8.375862069,16.25,630
511723.42,6940715.65,-7.88281466,17.55,630
511724.21,6940715.5,-7.595172414,18.35,630
511725.34,6940715.28,-7.092614584,19.5,630
511726.07,6940715.13,-6.814482759,20.25,630
511727.25,6940714.9,-6.34222664,21.45,630
511728.64,6940714.63,-6.033793103,22.86,630
511729.17,6940714.53,-5.930548878,23.4,630
511731.08,6940714.16,-5.923382994,25.35,630
511731.69,6940714.04,-6.033793103,25.97,630
511732.99,6940713.79,-6.272601698,27.3,630
511734.52,6940713.49,-6.814482759,28.85,630
511734.91,6940713.41,-6.955715357,29.25,630
511736.38,6940713.13,-7.595172414,30.74,630
511736.82,6940713.04,-7.779451822,31.2,630
511738.73,6940712.67,-8.31838008,33.14,630
511739.99,6940712.43,-8.375862069,34.42,630
511740.65,6940712.3,-8.400397304,35.09,630
511740.88,6940712.25,-8.375862069,35.33,630
511742.56,6940711.92,-8.153703218,37.04,630
511744.48,6940711.55,-7.817942254,38.99,630
511746.36,6940711.19,-7.595172414,40.91,630
511746.39,6940711.18,-7.590747388,40.94,630
511748.3,6940710.81,-7.545370672,42.89,630
511748.99,6940710.67,-7.595172414,43.59,630
511750.22,6940710.43,-7.670442892,44.84,630
511752.13,6940710.06,-7.809555054,46.79,630
511754.04,6940709.69,-7.736861551,48.74,630
511754.61,6940709.58,-7.595172414,49.32,630
511755.96,6940709.32,-7.091384777,50.69,630
511756.43,6940709.23,-6.814482759,51.17,630
511757.49,6940709.02,-6.033793103,52.25,630
511757.87,6940708.94,-5.761093429,52.64,630
511758.82,6940708.76,-5.253103448,53.6,630
511759.79,6940708.57,-4.923698214,54.59,630
511761.7,6940708.2,-4.660144129,56.54,630
511761.7,6940708.2,-4.511019244,56.54,630
511759.79,6940708.57,-4.744932063,54.59,630
511758.29,6940708.86,-5.253103448,53.07,630
511757.87,6940708.94,-5.477774979,52.64,630
511757.09,6940709.1,-6.033793103,51.84,630
511756.06,6940709.3,-6.814482759,50.8,630
511755.96,6940709.32,-6.876204942,50.69,630
511754.04,6940709.69,-7.593797421,48.74,630
511754.03,6940709.69,-7.595172414,48.72,630
511752.13,6940710.06,-7.679519,46.79,630
511750.91,6940710.3,-7.595172414,45.55,630
511750.22,6940710.43,-7.53946925,44.84,630
511748.3,6940710.81,-7.402957913,42.89,630
511746.39,6940711.18,-7.444610483,40.94,630
511745.33,6940711.39,-7.595172414,39.87,630
511744.48,6940711.55,-7.696426572,38.99,630
511742.56,6940711.92,-8.028855596,37.04,630
511740.65,6940712.3,-8.279682824,35.09,630
511738.73,6940712.67,-8.192565886,33.14,630
511736.82,6940713.04,-7.659306165,31.2,630
511736.67,6940713.07,-7.595172414,31.04,630
511734.91,6940713.41,-6.830181965,29.25,630
511734.86,6940713.42,-6.814482759,29.2,630
511732.99,6940713.79,-6.150352666,27.3,630
511732.36,6940713.91,-6.033793103,26.65,630
511731.08,6940714.16,-5.803681668,25.35,630
511729.17,6940714.53,-5.801348245,23.4,630
511727.98,6940714.76,-6.033793103,22.19,630
511727.25,6940714.9,-6.195930353,21.45,630
511725.71,6940715.2,-6.814482759,19.88,630
511725.34,6940715.28,-6.954921472,19.5,630
511723.9,6940715.56,-7.595172414,18.03,630
511723.42,6940715.65,-7.769833009,17.55,630
511721.86,6940715.95,-8.375862069,15.96,630
511721.51,6940716.02,-8.486110066,15.6,630
511719.6,6940716.39,-9.124000826,13.65,630
511719.51,6940716.41,-9.156551724,13.56,630
511717.68,6940716.77,-9.734077267,11.7,630
511717.12,6940716.87,-9.937241379,11.13,630
511715.77,6940717.14,-10.37487604,9.75,630
511714.65,6940717.36,-10.71793103,8.61,630
511713.86,6940717.51,-10.94652294,7.8,630
511711.94,6940717.88,-11.2591169,5.85,630
511710.03,6940718.26,-11.33300995,3.9,630
511708.11,6940718.63,-11.33462177,1.95,630
511706.2,6940719,-11.34050453,0,630
511706.2,6940719,-11.38577292,0,630
511711.94,6940717.88,-11.37695916,5.85,635
511713.86,6940717.51,-11.07673467,7.8,635
511715.1,6940717.27,-10.71793103,9.07,635
511715.77,6940717.14,-10.51323535,9.75,635
511717.55,6940716.79,-9.937241379,11.56,635
511717.68,6940716.77,-9.888722868,11.7,635
511719.6,6940716.39,-9.28059421,13.65,635
511720.04,6940716.31,-9.156551724,14.1,635
511721.51,6940716.02,-8.667358521,15.6,635
511722.45,6940715.84,-8.375862069,16.55,635
511723.42,6940715.65,-7.995796312,17.55,635
511724.52,6940715.44,-7.595172414,18.66,635
511725.34,6940715.28,-7.230307697,19.5,635
511726.44,6940715.06,-6.814482759,20.62,635
511727.25,6940714.9,-6.488522927,21.45,635
511729.17,6940714.53,-6.060382197,23.4,635
511731.08,6940714.16,-6.043275659,25.35,635
511732.99,6940713.79,-6.39485073,27.3,635
511734.18,6940713.56,-6.814482759,28.5,635
511734.91,6940713.41,-7.081248749,29.25,635
511736.09,6940713.18,-7.595172414,30.45,635
511736.82,6940713.04,-7.899597478,31.2,635
511738.5,6940712.71,-8.375862069,32.91,635
511738.73,6940712.67,-8.43176339,33.14,635
511740.65,6940712.3,-8.502042985,35.09,635
511741.82,6940712.07,-8.375862069,36.29,635
511742.56,6940711.92,-8.278550839,37.04,635
511744.48,6940711.55,-7.939457937,38.99,635
511746.39,6940711.18,-7.70902793,40.94,635
511748.3,6940710.81,-7.670187704,42.89,635
511750.22,6940710.43,-7.789730496,44.84,635
511752.13,6940710.06,-7.939591108,46.79,635
511754.04,6940709.69,-7.879512153,48.74,635
511755.19,6940709.47,-7.595172414,49.91,635
511755.96,6940709.32,-7.306564612,50.69,635
511756.79,6940709.15,-6.814482759,51.54,635
511757.87,6940708.94,-6.043571814,52.64,635
511757.89,6940708.94,-6.033793103,52.66,635
511759.34,6940708.66,-5.253103448,54.14,635
511759.79,6940708.57,-5.102464364,54.59,635
511761.7,6940708.2,-4.809269015,56.54,635
511761.7,6940708.2,-4.660144129,56.54,635
511759.79,6940708.57,-4.923698214,54.59,635
511758.82,6940708.76,-5.253103448,53.6,635
511757.87,6940708.94,-5.761093429,52.64,635
511757.49,6940709.02,-6.033793103,52.25,635
511756.43,6940709.23,-6.814482759,51.17,635
511755.96,6940709.32,-7.091384777,50.69,635
511754.61,6940709.58,-7.595172414,49.32,635
511754.04,6940709.69,-7.736861551,48.74,635
511752.13,6940710.06,-7.809555054,46.79,635
511750.22,6940710.43,-7.670442892,44.84,635
511748.99,6940710.67,-7.595172414,43.59,635
511748.3,6940710.81,-7.545370672,42.89,635
511746.39,6940711.18,-7.590747388,40.94,635
511746.36,6940711.19,-7.595172414,40.91,635
511744.48,6940711.55,-7.817942254,38.99,635
511742.56,6940711.92,-8.153703218,37.04,635
511740.88,6940712.25,-8.375862069,35.33,635
511740.65,6940712.3,-8.400397304,35.09,635
511739.99,6940712.43,-8.375862069,34.42,635
511738.73,6940712.67,-8.31838008,33.14,635
511736.82,6940713.04,-7.779451822,31.2,635
511736.38,6940713.13,-7.595172414,30.74,635
511734.91,6940713.41,-6.955715357,29.25,635
511734.52,6940713.49,-6.814482759,28.85,635
511732.99,6940713.79,-6.272601698,27.3,635
511731.69,6940714.04,-6.033793103,25.97,635
511731.08,6940714.16,-5.923382994,25.35,635
511729.17,6940714.53,-5.930548878,23.4,635
511728.64,6940714.63,-6.033793103,22.86,635
511727.25,6940714.9,-6.34222664,21.45,635
511726.07,6940715.13,-6.814482759,20.25,635
511725.34,6940715.28,-7.092614584,19.5,635
511724.21,6940715.5,-7.595172414,18.35,635
511723.42,6940715.65,-7.88281466,17.55,635
511722.15,6940715.9,-8.375862069,16.25,635
511721.51,6940716.02,-8.576734294,15.6,635
511719.77,6940716.36,-9.156551724,13.83,635
511719.6,6940716.39,-9.205191194,13.65,635
511717.68,6940716.77,-9.811400068,11.7,635
511717.33,6940716.83,-9.937241379,11.34,635
511715.77,6940717.14,-10.44405569,9.75,635
511714.87,6940717.31,-10.71793103,8.84,635
511713.86,6940717.51,-11.01162881,7.8,635
511711.94,6940717.88,-11.31803803,5.85,635
511710.03,6940718.26,-11.38474681,3.9,635
511708.11,6940718.63,-11.38173192,1.95,635
511706.2,6940719,-11.38577292,0,635
511706.2,6940719,-11.43104132,0,635
511708.11,6940718.63,-11.42884207,1.95,635
511710.03,6940718.26,-11.43648368,3.9,635
511711.94,6940717.88,-11.43588029,5.85,640
511713.86,6940717.51,-11.14184054,7.8,640
511715.33,6940717.22,-10.71793103,9.3,640
511715.77,6940717.14,-10.58241501,9.75,640
511717.68,6940716.77,-9.962326212,11.7,640
511717.77,6940716.75,-9.937241379,11.79,640
511719.6,6940716.39,-9.355997227,13.65,640
511720.32,6940716.25,-9.156551724,14.38,640
511721.51,6940716.02,-8.757982748,15.6,640
511722.74,6940715.78,-8.375862069,16.85,640
511723.42,6940715.65,-8.108777964,17.55,640
511724.83,6940715.38,-7.595172414,18.98,640
511725.34,6940715.28,-7.368000809,19.5,640
511726.8,6940714.99,-6.814482759,20.99,640
511727.25,6940714.9,-6.634819214,21.45,640
511729.17,6940714.53,-6.192732088,23.4,640
511731.08,6940714.16,-6.165442049,25.35,640
511732.99,6940713.79,-6.517099763,27.3,640
511733.83,6940713.62,-6.814482759,28.15,640
511734.91,6940713.41,-7.206782141,29.25,640
511735.8,6940713.24,-7.595172414,30.16,640
511736.82,6940713.04,-8.019743135,31.2,640
511738.08,6940712.8,-8.375862069,32.48,640
511738.73,6940712.67,-8.53468967,33.14,640
511740.65,6940712.3,-8.603688666,35.09,640
511742.56,6940711.92,-8.397909418,37.04,640
511742.71,6940711.89,-8.375862069,37.2,640
511744.48,6940711.55,-8.06097362,38.99,640
511746.39,6940711.18,-7.826438642,40.94,640
511748.3,6940710.81,-7.785542603,42.89,640
511750.22,6940710.43,-7.909018101,44.84,640
511752.13,6940710.06,-8.069627162,46.79,640
511754.04,6940709.69,-8.022162755,48.74,640
511755.76,6940709.36,-7.595172414,50.49,640
511755.96,6940709.32,-7.521744447,50.69,640
511757.16,6940709.08,-6.814482759,51.91,640
511757.87,6940708.94,-6.304476573,52.64,640
511758.3,6940708.86,-6.033793103,53.08,640
511759.79,6940708.57,-5.286135161,54.59,640
511759.93,6940708.54,-5.253103448,54.74,640
511761.7,6940708.2,-4.958393901,56.54,640
511761.7,6940708.2,-4.809269015,56.54,640
511759.79,6940708.57,-5.102464364,54.59,640
511759.34,6940708.66,-5.253103448,54.14,640
511757.89,6940708.94,-6.033793103,52.66,640
511757.87,6940708.94,-6.043571814,52.64,640
511756.79,6940709.15,-6.814482759,51.54,640
511755.96,6940709.32,-7.306564612,50.69,640
511755.19,6940709.47,-7.595172414,49.91,640
511754.04,6940709.69,-7.879512153,48.74,640
511752.13,6940710.06,-7.939591108,46.79,640
511750.22,6940710.43,-7.789730496,44.84,640
511748.3,6940710.81,-7.670187704,42.89,640
511746.39,6940711.18,-7.70902793,40.94,640
511744.48,6940711.55,-7.939457937,38.99,640
511742.56,6940711.92,-8.278550839,37.04,640
511741.82,6940712.07,-8.375862069,36.29,640
511740.65,6940712.3,-8.502042985,35.09,640
511738.73,6940712.67,-8.43176339,33.14,640
511738.5,6940712.71,-8.375862069,32.91,640
511736.82,6940713.04,-7.899597478,31.2,640
511736.09,6940713.18,-7.595172414,30.45,640
511734.91,6940713.41,-7.081248749,29.25,640
511734.18,6940713.56,-6.814482759,28.5,640
511732.99,6940713.79,-6.39485073,27.3,640
511731.08,6940714.16,-6.043275659,25.35,640
511729.17,6940714.53,-6.060382197,23.4,640
511727.25,6940714.9,-6.488522927,21.45,640
511726.44,6940715.06,-6.814482759,20.62,640
511725.34,6940715.28,-7.230307697,19.5,640
511724.52,6940715.44,-7.595172414,18.66,640
511723.42,6940715.65,-7.995796312,17.55,640
511722.45,6940715.84,-8.375862069,16.55,640
511721.51,6940716.02,-8.667358521,15.6,640
511720.04,6940716.31,-9.156551724,14.1,640
511719.6,6940716.39,-9.28059421,13.65,640
511717.68,6940716.77,-9.888722868,11.7,640
511717.55,6940716.79,-9.937241379,11.56,640
511715.77,6940717.14,-10.51323535,9.75,640
511715.1,6940717.27,-10.71793103,9.07,640
511713.86,6940717.51,-11.07673467,7.8,640
511711.94,6940717.88,-11.37695916,5.85,640
511710.03,6940718.26,-11.43648368,3.9,640
511708.11,6940718.63,-11.42884207,1.95,640
511706.2,6940719,-11.43104132,0,640
511706.2,6940719,-11.47630971,0,640
511708.11,6940718.63,-11.47595223,1.95,640
511710.03,6940718.26,-11.48822054,3.9,640
511711.8,6940717.91,-11.49862069,5.7,645
511711.94,6940717.88,-11.49480142,5.85,645
511713.86,6940717.51,-11.20694641,7.8,645
511715.55,6940717.18,-10.71793103,9.53,645
511715.77,6940717.14,-10.65159466,9.75,645
511717.68,6940716.77,-10.02966443,11.7,645
511718.01,6940716.7,-9.937241379,12.03,645
511719.6,6940716.39,-9.431400243,13.65,645
511720.59,6940716.2,-9.156551724,14.66,645
511721.51,6940716.02,-8.848606975,15.6,645
511723.03,6940715.73,-8.375862069,17.14,645
511723.42,6940715.65,-8.221759615,17.55,645
511725.14,6940715.31,-7.595172414,19.29,645
511725.34,6940715.28,-7.505693922,19.5,645
511727.17,6940714.92,-6.814482759,21.36,645
511727.25,6940714.9,-6.781115501,21.45,645
511729.17,6940714.53,-6.325081979,23.4,645
511731.08,6940714.16,-6.287608439,25.35,645
511732.99,6940713.79,-6.639348795,27.3,645
511733.49,6940713.69,-6.814482759,27.8,645
511734.91,6940713.41,-7.332315533,29.25,645
511735.51,6940713.3,-7.595172414,29.86,645
511736.82,6940713.04,-8.139888791,31.2,645
511737.65,6940712.88,-8.375862069,32.04,645
511738.73,6940712.67,-8.637615949,33.14,645
511740.65,6940712.3,-8.705334347,35.09,645
511742.56,6940711.92,-8.497870193,37.04,645
511743.39,6940711.76,-8.375862069,37.89,645
511744.48,6940711.55,-8.182489302,38.99,645
511746.39,6940711.18,-7.943849354,40.94,645
511748.3,6940710.81,-7.900897502,42.89,645
511750.22,6940710.43,-8.028305705,44.84,645
511752.13,6940710.06,-8.199663216,46.79,645
511754.04,6940709.69,-8.164813356,48.74,645
511755.96,6940709.32,-7.693534305,50.69,645
511756.19,6940709.27,-7.595172414,50.93,645
511757.52,6940709.01,-6.814482759,52.29,645
511757.87,6940708.94,-6.565381331,52.64,645
511758.72,6940708.78,-6.033793103,53.51,645
511759.79,6940708.57,-5.496073595,54.59,645
511760.82,6940708.37,-5.253103448,55.65,645
511761.7,6940708.2,-5.107518787,56.54,645
511761.7,6940708.2,-4.958393901,56.54,645
511759.93,6940708.54,-5.253103448,54.74,645
511759.79,6940708.57,-5.286135161,54.59,645
511758.3,6940708.86,-6.033793103,53.08,645
511757.87,6940708.94,-6.304476573,52.64,645
511757.16,6940709.08,-6.814482759,51.91,645
511755.96,6940709.32,-7.521744447,50.69,645
511755.76,6940709.36,-7.595172414,50.49,645
511754.04,6940709.69,-8.022162755,48.74,645
511752.13,6940710.06,-8.069627162,46.79,645
511750.22,6940710.43,-7.909018101,44.84,645
511748.3,6940710.81,-7.785542603,42.89,645
511746.39,6940711.18,-7.826438642,40.94,645
511744.48,6940711.55,-8.06097362,38.99,645
511742.71,6940711.89,-8.375862069,37.2,645
511742.56,6940711.92,-8.397909418,37.04,645
511740.65,6940712.3,-8.603688666,35.09,645
511738.73,6940712.67,-8.53468967,33.14,645
511738.08,6940712.8,-8.375862069,32.48,645
511736.82,6940713.04,-8.019743135,31.2,645
511735.8,6940713.24,-7.595172414,30.16,645
511734.91,6940713.41,-7.206782141,29.25,645
511733.83,6940713.62,-6.814482759,28.15,645
511732.99,6940713.79,-6.517099763,27.3,645
511731.08,6940714.16,-6.165442049,25.35,645
511729.17,6940714.53,-6.192732088,23.4,645
511727.25,6940714.9,-6.634819214,21.45,645
511726.8,6940714.99,-6.814482759,20.99,645
511725.34,6940715.28,-7.368000809,19.5,645
511724.83,6940715.38,-7.595172414,18.98,645
511723.42,6940715.65,-8.108777964,17.55,645
511722.74,6940715.78,-8.375862069,16.85,645
511721.51,6940716.02,-8.757982748,15.6,645
511720.32,6940716.25,-9.156551724,14.38,645
511719.6,6940716.39,-9.355997227,13.65,645
511717.77,6940716.75,-9.937241379,11.79,645
511717.68,6940716.77,-9.962326212,11.7,645
511715.77,6940717.14,-10.58241501,9.75,645
511715.33,6940717.22,-10.71793103,9.3,645
511713.86,6940717.51,-11.14184054,7.8,645
511711.94,6940717.88,-11.43588029,5.85,645
511710.03,6940718.26,-11.48822054,3.9,645
511708.11,6940718.63,-11.47595223,1.95,645
511706.2,6940719,-11.47630971,0,645
511706.2,6940719,-11.52427753,0,645
511708.11,6940718.63,-11.52600885,1.95,645
511710.03,6940718.26,-11.5452045,3.9,645
511711.94,6940717.88,-11.56138453,5.85,650
511712.35,6940717.8,-11.49862069,6.26,650
511713.86,6940717.51,-11.27205227,7.8,650
511715.77,6940717.14,-10.72066651,9.75,650
511715.78,6940717.14,-10.71793103,9.76,650
511717.68,6940716.77,-10.09700265,11.7,650
511718.24,6940716.66,-9.937241379,12.27,650
511719.6,6940716.39,-9.50680326,13.65,650
511720.86,6940716.15,-9.156551724,14.93,650
511721.51,6940716.02,-8.939231202,15.6,650
511723.32,6940715.67,-8.375862069,17.44,650
511723.42,6940715.65,-8.334741267,17.55,650
511725.34,6940715.28,-7.634589518,19.5,650
511725.46,6940715.25,-7.595172414,19.62,650
511727.25,6940714.9,-6.916463717,21.45,650
511727.68,6940714.82,-6.814482759,21.88,650
511729.17,6940714.53,-6.45743187,23.4,650
511731.08,6940714.16,-6.409774829,25.35,650
511732.99,6940713.79,-6.761597827,27.3,650
511733.14,6940713.76,-6.814482759,27.45,650
511734.91,6940713.41,-7.457848925,29.25,650
511735.22,6940713.35,-7.595172414,29.57,650
511736.82,6940713.04,-8.260034447,31.2,650
511737.23,6940712.96,-8.375862069,31.61,650
511738.73,6940712.67,-8.740542229,33.14,650
511740.65,6940712.3,-8.806980029,35.09,650
511742.56,6940711.92,-8.597830968,37.04,650
511744.07,6940711.63,-8.375862069,38.58,650
511744.48,6940711.55,-8.304004985,38.99,650
511746.39,6940711.18,-8.061260066,40.94,650
511748.3,6940710.81,-8.016252401,42.89,650
511750.22,6940710.43,-8.147593309,44.84,650
511752.13,6940710.06,-8.32969927,46.79,650
511754.04,6940709.69,-8.307463958,48.74,650
511755.96,6940709.32,-7.842848003,50.69,650
511756.54,6940709.2,-7.595172414,51.28,650
511757.87,6940708.94,-6.823620104,52.64,650
511757.89,6940708.94,-6.814482759,52.66,650
511759.14,6940708.7,-6.033793103,53.93,650
511759.79,6940708.57,-5.706012028,54.59,650
511761.7,6940708.2,-5.257323027,56.54,650
511761.7,6940708.2,-5.107518787,56.54,650
511760.82,6940708.37,-5.253103448,55.65,650
511759.79,6940708.57,-5.496073595,54.59,650
511758.72,6940708.78,-6.033793103,53.51,650
511757.87,6940708.94,-6.565381331,52.64,650
511757.52,6940709.01,-6.814482759,52.29,650
511756.19,6940709.27,-7.595172414,50.93,650
511755.96,6940709.32,-7.693534305,50.69,650
511754.04,6940709.69,-8.164813356,48.74,650
511752.13,6940710.06,-8.199663216,46.79,650
511750.22,6940710.43,-8.028305705,44.84,650
511748.3,6940710.81,-7.900897502,42.89,650
511746.39,6940711.18,-7.943849354,40.94,650
511744.48,6940711.55,-8.182489302,38.99,650
511743.39,6940711.76,-8.375862069,37.89,650
511742.56,6940711.92,-8.497870193,37.04,650
511740.65,6940712.3,-8.705334347,35.09,650
511738.73,6940712.67,-8.637615949,33.14,650
511737.65,6940712.88,-8.375862069,32.04,650
511736.82,6940713.04,-8.139888791,31.2,650
511735.51,6940713.3,-7.595172414,29.86,650
511734.91,6940713.41,-7.332315533,29.25,650
511733.49,6940713.69,-6.814482759,27.8,650
511732.99,6940713.79,-6.639348795,27.3,650
511731.08,6940714.16,-6.287608439,25.35,650
511729.17,6940714.53,-6.325081979,23.4,650
511727.25,6940714.9,-6.781115501,21.45,650
511727.17,6940714.92,-6.814482759,21.36,650
511725.34,6940715.28,-7.505693922,19.5,650
511725.14,6940715.31,-7.595172414,19.29,650
511723.42,6940715.65,-8.221759615,17.55,650
511723.03,6940715.73,-8.375862069,17.14,650
511721.51,6940716.02,-8.848606975,15.6,650
511720.59,6940716.2,-9.156551724,14.66,650
511719.6,6940716.39,-9.431400243,13.65,650
511718.01,6940716.7,-9.937241379,12.03,650
511717.68,6940716.77,-10.02966443,11.7,650
511715.77,6940717.14,-10.65159466,9.75,650
511715.55,6940717.18,-10.71793103,9.53,650
511713.86,6940717.51,-11.20694641,7.8,650
511711.94,6940717.88,-11.49480142,5.85,650
511711.8,6940717.91,-11.49862069,5.7,650
511710.03,6940718.26,-11.5452045,3.9,650
511708.11,6940718.63,-11.52600885,1.95,650
511706.2,6940719,-11.52427753,0,650
511706.2,6940719,-11.57486878,0,650
511708.11,6940718.63,-11.57879817,1.95,650
511710.03,6940718.26,-11.60350861,3.9,650
511711.94,6940717.88,-11.62849872,5.85,655
511712.78,6940717.72,-11.49862069,6.7,655
511713.86,6940717.51,-11.33715814,7.8,655
511715.77,6940717.14,-10.78722317,9.75,655
511715.98,6940717.1,-10.71793103,9.97,655
511717.68,6940716.77,-10.16434086,11.7,655
511718.48,6940716.61,-9.937241379,12.51,655
511719.6,6940716.39,-9.582206276,13.65,655
511721.13,6940716.09,-9.156551724,15.21,655
511721.51,6940716.02,-9.02985543,15.6,655
511723.42,6940715.65,-8.433683794,17.55,655
511723.62,6940715.61,-8.375862069,17.75,655
511725.34,6940715.28,-7.747158356,19.5,655
511725.81,6940715.18,-7.595172414,19.98,655
511727.25,6940714.9,-7.048577095,21.45,655
511728.23,6940714.71,-6.814482759,22.44,655
511729.17,6940714.53,-6.589781761,23.4,655
511731.08,6940714.16,-6.531941219,25.35,655
511732.62,6940713.86,-6.814482759,26.91,655
511732.99,6940713.79,-6.880571631,27.3,655
511734.91,6940713.41,-7.583382318,29.25,655
511734.93,6940713.41,-7.595172414,29.27,655
511736.81,6940713.04,-8.375862069,31.19,655
511736.82,6940713.04,-8.379537765,31.2,655
511738.73,6940712.67,-8.843468508,33.14,655
511740.65,6940712.3,-8.90862571,35.09,655
511742.56,6940711.92,-8.697791743,37.04,655
511744.48,6940711.55,-8.416067412,38.99,655
511744.85,6940711.48,-8.375862069,39.38,655
511746.39,6940711.18,-8.178670778,40.94,655
511748.3,6940710.81,-8.131607299,42.89,655
511750.22,6940710.43,-8.266880914,44.84,655
511751.34,6940710.22,-8.375862069,45.99,655
511752.13,6940710.06,-8.440805428,46.79,655
511754.04,6940709.69,-8.430973859,48.74,655
511754.37,6940709.63,-8.375862069,49.07,655
511755.96,6940709.32,-7.992161701,50.69,655
511756.89,6940709.14,-7.595172414,51.64,655
511757.87,6940708.94,-7.025595034,52.64,655
511758.25,6940708.87,-6.814482759,53.03,655
511759.55,6940708.62,-6.033793103,54.35,655
511759.79,6940708.57,-5.915950462,54.59,655
511761.7,6940708.2,-5.43506435,56.54,655
511761.7,6940708.2,-5.257323027,56.54,655
511759.79,6940708.57,-5.706012028,54.59,655
511759.14,6940708.7,-6.033793103,53.93,655
511757.89,6940708.94,-6.814482759,52.66,655
511757.87,6940708.94,-6.823620104,52.64,655
511756.54,6940709.2,-7.595172414,51.28,655
511755.96,6940709.32,-7.842848003,50.69,655
511754.04,6940709.69,-8.307463958,48.74,655
511752.13,6940710.06,-8.32969927,46.79,655
511750.22,6940710.43,-8.147593309,44.84,655
511748.3,6940710.81,-8.016252401,42.89,655
511746.39,6940711.18,-8.061260066,40.94,655
511744.48,6940711.55,-8.304004985,38.99,655
511744.07,6940711.63,-8.375862069,38.58,655
511742.56,6940711.92,-8.597830968,37.04,655
511740.65,6940712.3,-8.806980029,35.09,655
511738.73,6940712.67,-8.740542229,33.14,655
511737.23,6940712.96,-8.375862069,31.61,655
511736.82,6940713.04,-8.260034447,31.2,655
511735.22,6940713.35,-7.595172414,29.57,655
511734.91,6940713.41,-7.457848925,29.25,655
511733.14,6940713.76,-6.814482759,27.45,655
511732.99,6940713.79,-6.761597827,27.3,655
511731.08,6940714.16,-6.409774829,25.35,655
511729.17,6940714.53,-6.45743187,23.4,655
511727.68,6940714.82,-6.814482759,21.88,655
511727.25,6940714.9,-6.916463717,21.45,655
511725.46,6940715.25,-7.595172414,19.62,655
511725.34,6940715.28,-7.634589518,19.5,655
511723.42,6940715.65,-8.334741267,17.55,655
511723.32,6940715.67,-8.375862069,17.44,655
511721.51,6940716.02,-8.939231202,15.6,655
511720.86,6940716.15,-9.156551724,14.93,655
511719.6,6940716.39,-9.50680326,13.65,655
511718.24,6940716.66,-9.937241379,12.27,655
511717.68,6940716.77,-10.09700265,11.7,655
511715.78,6940717.14,-10.71793103,9.76,655
511715.77,6940717.14,-10.72066651,9.75,655
511713.86,6940717.51,-11.27205227,7.8,655
511712.35,6940717.8,-11.49862069,6.26,655
511711.94,6940717.88,-11.56138453,5.85,655
511710.03,6940718.26,-11.60350861,3.9,655
511708.11,6940718.63,-11.57879817,1.95,655
511706.2,6940719,-11.57486878,0,655
511706.2,6940719,-11.62546002,0,655
511708.11,6940718.63,-11.63158749,1.95,655
511710.03,6940718.26,-11.66181272,3.9,655
511711.94,6940717.88,-11.6956129,5.85,660
511713.21,6940717.64,-11.49862069,7.15,660
511713.86,6940717.51,-11.40226401,7.8,660
511715.77,6940717.14,-10.85377983,9.75,660
511716.19,6940717.06,-10.71793103,10.18,660
511717.68,6940716.77,-10.23167908,11.7,660
511718.72,6940716.56,-9.937241379,12.75,660
511719.6,6940716.39,-9.657609293,13.65,660
511721.4,6940716.04,-9.156551724,15.49,660
511721.51,6940716.02,-9.120479657,15.6,660
511723.42,6940715.65,-8.524592739,17.55,660
511723.93,6940715.55,-8.375862069,18.06,660
511725.34,6940715.28,-7.859727194,19.5,660
511726.16,6940715.12,-7.595172414,20.33,660
511727.25,6940714.9,-7.180690472,21.45,660
511728.78,6940714.61,-6.814482759,23,660
511729.17,6940714.53,-6.722131652,23.4,660
511731.08,6940714.16,-6.654107609,25.35,660
511731.95,6940713.99,-6.814482759,26.23,660
511732.99,6940713.79,-6.997048318,27.3,660
511734.62,6940713.47,-7.595172414,28.95,660
511734.91,6940713.41,-7.696890702,29.25,660
511736.54,6940713.1,-8.375862069,30.91,660
511736.82,6940713.04,-8.481810894,31.2,660
511738.73,6940712.67,-8.946394788,33.14,660
511740.65,6940712.3,-9.010271391,35.09,660
511742.56,6940711.92,-8.797752518,37.04,660
511744.48,6940711.55,-8.51445077,38.99,660
511745.77,6940711.3,-8.375862069,40.31,660
511746.39,6940711.18,-8.29608149,40.94,660
511748.3,6940710.81,-8.246962198,42.89,660
511750.08,6940710.46,-8.375862069,44.7,660
511750.22,6940710.43,-8.384203513,44.84,660
511752.13,6940710.06,-8.541492806,46.79,660
511754.04,6940709.69,-8.536852192,48.74,660
511754.99,6940709.51,-8.375862069,49.7,660
511755.96,6940709.32,-8.141475399,50.69,660
511757.24,6940709.07,-7.595172414,51.99,660
511757.87,6940708.94,-7.227569963,52.64,660
511758.61,6940708.8,-6.814482759,53.4,660
511759.79,6940708.57,-6.127125239,54.59,660
511760.09,6940708.51,-6.033793103,54.9,660
511761.7,6940708.2,-5.612805672,56.54,660
511761.7,6940708.2,-5.43506435,56.54,660
511759.79,6940708.57,-5.915950462,54.59,660
511759.55,6940708.62,-6.033793103,54.35,660
511758.25,6940708.87,-6.814482759,53.03,660
511757.87,6940708.94,-7.025595034,52.64,660
511756.89,6940709.14,-7.595172414,51.64,660
511755.96,6940709.32,-7.992161701,50.69,660
511754.37,6940709.63,-8.375862069,49.07,660
511754.04,6940709.69,-8.430973859,48.74,660
511752.13,6940710.06,-8.440805428,46.79,660
511751.34,6940710.22,-8.375862069,45.99,660
511750.22,6940710.43,-8.266880914,44.84,660
511748.3,6940710.81,-8.131607299,42.89,660
511746.39,6940711.18,-8.178670778,40.94,660
511744.85,6940711.48,-8.375862069,39.38,660
511744.48,6940711.55,-8.416067412,38.99,660
511742.56,6940711.92,-8.697791743,37.04,660
511740.65,6940712.3,-8.90862571,35.09,660
511738.73,6940712.67,-8.843468508,33.14,660
511736.82,6940713.04,-8.379537765,31.2,660
511736.81,6940713.04,-8.375862069,31.19,660
511734.93,6940713.41,-7.595172414,29.27,660
511734.91,6940713.41,-7.583382318,29.25,660
511732.99,6940713.79,-6.880571631,27.3,660
511732.62,6940713.86,-6.814482759,26.91,660
511731.08,6940714.16,-6.531941219,25.35,660
511729.17,6940714.53,-6.589781761,23.4,660
511728.23,6940714.71,-6.814482759,22.44,660
511727.25,6940714.9,-7.048577095,21.45,660
511725.81,6940715.18,-7.595172414,19.98,660
511725.34,6940715.28,-7.747158356,19.5,660
511723.62,6940715.61,-8.375862069,17.75,660
511723.42,6940715.65,-8.433683794,17.55,660
511721.51,6940716.02,-9.02985543,15.6,660
511721.13,6940716.09,-9.156551724,15.21,660
511719.6,6940716.39,-9.582206276,13.65,660
511718.48,6940716.61,-9.937241379,12.51,660
511717.68,6940716.77,-10.16434086,11.7,660
511715.98,6940717.1,-10.71793103,9.97,660
511715.77,6940717.14,-10.78722317,9.75,660
511713.86,6940717.51,-11.33715814,7.8,660
511712.78,6940717.72,-11.49862069,6.7,660
511711.94,6940717.88,-11.62849872,5.85,660
511710.03,6940718.26,-11.66181272,3.9,660
511708.11,6940718.63,-11.63158749,1.95,660
511706.2,6940719,-11.62546002,0,660
511706.2,6940719,-11.67605126,0,660
511708.11,6940718.63,-11.68437681,1.95,660
511710.03,6940718.26,-11.72011682,3.9,660
511711.94,6940717.88,-11.76272709,5.85,665
511713.65,6940717.55,-11.49862069,7.59,665
511713.86,6940717.51,-11.46736987,7.8,665
511715.77,6940717.14,-10.92033649,9.75,665
511716.4,6940717.02,-10.71793103,10.39,665
511717.68,6940716.77,-10.2990173,11.7,665
511718.96,6940716.52,-9.937241379,12.99,665
511719.6,6940716.39,-9.733012309,13.65,665
511721.51,6940716.02,-9.20185067,15.6,665
511721.69,6940715.99,-9.156551724,15.78,665
511723.42,6940715.65,-8.615501684,17.55,665
511724.24,6940715.49,-8.375862069,18.37,665
511725.34,6940715.28,-7.972296031,19.5,665
511726.51,6940715.05,-7.595172414,20.69,665
511727.25,6940714.9,-7.31280385,21.45,665
511729.17,6940714.53,-6.851899822,23.4,665
511730.11,6940714.35,-6.814482759,24.35,665
511731.08,6940714.16,-6.776273998,25.35,665
511731.29,6940714.12,-6.814482759,25.56,665
511732.99,6940713.79,-7.113525005,27.3,665
511734.3,6940713.53,-7.595172414,28.63,665
511734.91,6940713.41,-7.80915263,29.25,665
511736.27,6940713.15,-8.375862069,30.63,665
511736.82,6940713.04,-8.584084023,31.2,665
511738.73,6940712.67,-9.049321068,33.14,665
511740.65,6940712.3,-9.111917073,35.09,665
511742.56,6940711.92,-8.897713293,37.04,665
511744.48,6940711.55,-8.612834128,38.99,665
511746.39,6940711.18,-8.406809784,40.94,665
511747.79,6940710.91,-8.375862069,42.37,665
511748.3,6940710.81,-8.362317097,42.89,665
511748.49,6940710.77,-8.375862069,43.08,665
511750.22,6940710.43,-8.480748005,44.84,665
511752.13,6940710.06,-8.642180184,46.79,665
511754.04,6940709.69,-8.642730526,48.74,665
511755.61,6940709.39,-8.375862069,50.33,665
511755.96,6940709.32,-8.290789097,50.69,665
511757.59,6940709,-7.595172414,52.35,665
511757.87,6940708.94,-7.429544893,52.64,665
511758.98,6940708.73,-6.814482759,53.77,665
511759.79,6940708.57,-6.339881999,54.59,665
511760.77,6940708.38,-6.033793103,55.59,665
511761.7,6940708.2,-5.790546994,56.54,665
511761.7,6940708.2,-5.612805672,56.54,665
511760.09,6940708.51,-6.033793103,54.9,665
511759.79,6940708.57,-6.127125239,54.59,665
511758.61,6940708.8,-6.814482759,53.4,665
511757.87,6940708.94,-7.227569963,52.64,665
511757.24,6940709.07,-7.595172414,51.99,665
511755.96,6940709.32,-8.141475399,50.69,665
511754.99,6940709.51,-8.375862069,49.7,665
511754.04,6940709.69,-8.536852192,48.74,665
511752.13,6940710.06,-8.541492806,46.79,665
511750.22,6940710.43,-8.384203513,44.84,665
511750.08,6940710.46,-8.375862069,44.7,665
511748.3,6940710.81,-8.246962198,42.89,665
511746.39,6940711.18,-8.29608149,40.94,665
511745.77,6940711.3,-8.375862069,40.31,665
511744.48,6940711.55,-8.51445077,38.99,665
511742.56,6940711.92,-8.797752518,37.04,665
511740.65,6940712.3,-9.010271391,35.09,665
511738.73,6940712.67,-8.946394788,33.14,665
511736.82,6940713.04,-8.481810894,31.2,665
511736.54,6940713.1,-8.375862069,30.91,665
511734.91,6940713.41,-7.696890702,29.25,665
511734.62,6940713.47,-7.595172414,28.95,665
511732.99,6940713.79,-6.997048318,27.3,665
511731.95,6940713.99,-6.814482759,26.23,665
511731.08,6940714.16,-6.654107609,25.35,665
511729.17,6940714.53,-6.722131652,23.4,665
511728.78,6940714.61,-6.814482759,23,665
511727.25,6940714.9,-7.180690472,21.45,665
511726.16,6940715.12,-7.595172414,20.33,665
511725.34,6940715.28,-7.859727194,19.5,665
511723.93,6940715.55,-8.375862069,18.06,665
511723.42,6940715.65,-8.524592739,17.55,665
511721.51,6940716.02,-9.120479657,15.6,665
511721.4,6940716.04,-9.156551724,15.49,665
511719.6,6940716.39,-9.657609293,13.65,665
511718.72,6940716.56,-9.937241379,12.75,665
511717.68,6940716.77,-10.23167908,11.7,665
511716.19,6940717.06,-10.71793103,10.18,665
511715.77,6940717.14,-10.85377983,9.75,665
511713.86,6940717.51,-11.40226401,7.8,665
511713.21,6940717.64,-11.49862069,7.15,665
511711.94,6940717.88,-11.6956129,5.85,665
511710.03,6940718.26,-11.72011682,3.9,665
511708.11,6940718.63,-11.68437681,1.95,665
511706.2,6940719,-11.67605126,0,665
511706.2,6940719,-11.7266425,0,665
511708.11,6940718.63,-11.73716613,1.95,665
511710.03,6940718.26,-11.77842093,3.9,665
511711.94,6940717.88,-11.82984128,5.85,670
511713.86,6940717.51,-11.53766351,7.8,670
511713.98,6940717.49,-11.49862069,7.92,670
511715.77,6940717.14,-10.98689315,9.75,670
511716.6,6940716.98,-10.71793103,10.6,670
511717.68,6940716.77,-10.36635551,11.7,670
511719.19,6940716.47,-9.937241379,13.24,670
511719.6,6940716.39,-9.808415326,13.65,670
511721.51,6940716.02,-9.277103088,15.6,670
511721.98,6940715.93,-9.156551724,16.07,670
511723.42,6940715.65,-8.706410629,17.55,670
511724.54,6940715.43,-8.375862069,18.69,670
511725.34,6940715.28,-8.084864869,19.5,670
511726.86,6940714.98,-7.595172414,21.04,670
511727.25,6940714.9,-7.444917227,21.45,670
511729.17,6940714.53,-6.975707192,23.4,670
511731.08,6940714.16,-6.89471766,25.35,670
511732.99,6940713.79,-7.230001693,27.3,670
511733.99,6940713.59,-7.595172414,28.31,670
511734.91,6940713.41,-7.921414558,29.25,670
511736,6940713.2,-8.375862069,30.36,670
511736.82,6940713.04,-8.686357151,31.2,670
511738.73,6940712.67,-9.152247347,33.14,670
511738.87,6940712.64,-9.156551724,33.28,670
511740.65,6940712.3,-9.204452579,35.09,670
511741.15,6940712.2,-9.156551724,35.6,670
511742.56,6940711.92,-8.997674068,37.04,670
511744.48,6940711.55,-8.711217486,38.99,670
511746.39,6940711.18,-8.503370515,40.94,670
511748.3,6940710.81,-8.459987312,42.89,670
511750.22,6940710.43,-8.577292497,44.84,670
511752.13,6940710.06,-8.742867562,46.79,670
511754.04,6940709.69,-8.748608859,48.74,670
511755.96,6940709.32,-8.423117482,50.69,670
511756.11,6940709.29,-8.375862069,50.84,670
511757.87,6940708.94,-7.621877016,52.64,670
511757.93,6940708.93,-7.595172414,52.7,670
511759.34,6940708.66,-6.814482759,54.14,670
511759.79,6940708.57,-6.552638759,54.59,670
511761.45,6940708.25,-6.033793103,56.29,670
511761.7,6940708.2,-5.968288317,56.54,670
511761.7,6940708.2,-5.790546994,56.54,670
511760.77,6940708.38,-6.033793103,55.59,670
511759.79,6940708.57,-6.339881999,54.59,670
511758.98,6940708.73,-6.814482759,53.77,670
511757.87,6940708.94,-7.429544893,52.64,670
511757.59,6940709,-7.595172414,52.35,670
511755.96,6940709.32,-8.290789097,50.69,670
511755.61,6940709.39,-8.375862069,50.33,670
511754.04,6940709.69,-8.642730526,48.74,670
511752.13,6940710.06,-8.642180184,46.79,670
511750.22,6940710.43,-8.480748005,44.84,670
511748.49,6940710.77,-8.375862069,43.08,670
511748.3,6940710.81,-8.362317097,42.89,670
511747.79,6940710.91,-8.375862069,42.37,670
511746.39,6940711.18,-8.406809784,40.94,670
511744.48,6940711.55,-8.612834128,38.99,670
511742.56,6940711.92,-8.897713293,37.04,670
511740.65,6940712.3,-9.111917073,35.09,670
511738.73,6940712.67,-9.049321068,33.14,670
511736.82,6940713.04,-8.584084023,31.2,670
511736.27,6940713.15,-8.375862069,30.63,670
511734.91,6940713.41,-7.80915263,29.25,670
511734.3,6940713.53,-7.595172414,28.63,670
511732.99,6940713.79,-7.113525005,27.3,670
511731.29,6940714.12,-6.814482759,25.56,670
511731.08,6940714.16,-6.776273998,25.35,670
511730.11,6940714.35,-6.814482759,24.35,670
511729.17,6940714.53,-6.851899822,23.4,670
511727.25,6940714.9,-7.31280385,21.45,670
511726.51,6940715.05,-7.595172414,20.69,670
511725.34,6940715.28,-7.972296031,19.5,670
511724.24,6940715.49,-8.375862069,18.37,670
511723.42,6940715.65,-8.615501684,17.55,670
511721.69,6940715.99,-9.156551724,15.78,670
511721.51,6940716.02,-9.20185067,15.6,670
511719.6,6940716.39,-9.733012309,13.65,670
511718.96,6940716.52,-9.937241379,12.99,670
511717.68,6940716.77,-10.2990173,11.7,670
511716.4,6940717.02,-10.71793103,10.39,670
511715.77,6940717.14,-10.92033649,9.75,670
511713.86,6940717.51,-11.46736987,7.8,670
511713.65,6940717.55,-11.49862069,7.59,670
511711.94,6940717.88,-11.76272709,5.85,670
511710.03,6940718.26,-11.77842093,3.9,670
511708.11,6940718.63,-11.73716613,1.95,670
511706.2,6940719,-11.7266425,0,670
511706.2,6940719,-11.77723375,0,670
511708.11,6940718.63,-11.78995545,1.95,670
511710.03,6940718.26,-11.83672504,3.9,670
511713.86,6940717.51,-11.61274585,7.8,675
511714.21,6940717.44,-11.49862069,8.16,675
511715.77,6940717.14,-11.05344981,9.75,675
511716.81,6940716.94,-10.71793103,10.81,675
511717.68,6940716.77,-10.43369373,11.7,675
511719.43,6940716.43,-9.937241379,13.48,675
511719.6,6940716.39,-9.883818342,13.65,675
511721.51,6940716.02,-9.352355506,15.6,675
511722.27,6940715.87,-9.156551724,16.37,675
511723.42,6940715.65,-8.797319574,17.55,675
511724.85,6940715.37,-8.375862069,19,675
511725.34,6940715.28,-8.197433707,19.5,675
511727.2,6940714.91,-7.595172414,21.4,675
511727.25,6940714.9,-7.577030605,21.45,675
511729.17,6940714.53,-7.099514561,23.4,675
511731.08,6940714.16,-7.011467124,25.35,675
511732.99,6940713.79,-7.34647838,27.3,675
511733.67,6940713.65,-7.595172414,27.98,675
511734.91,6940713.41,-8.033676486,29.25,675
511735.73,6940713.25,-8.375862069,30.08,675
511736.82,6940713.04,-8.78863028,31.2,675
511738.33,6940712.75,-9.156551724,32.73,675
511738.73,6940712.67,-9.240453481,33.14,675
511740.65,6940712.3,-9.289855616,35.09,675
511742.04,6940712.03,-9.156551724,36.51,675
511742.56,6940711.92,-9.097634843,37.04,675
511744.48,6940711.55,-8.809600844,38.99,675
511746.39,6940711.18,-8.599931247,40.94,675
511748.3,6940710.81,-8.555304726,42.89,675
511750.22,6940710.43,-8.673836989,44.84,675
511752.13,6940710.06,-8.84355494,46.79,675
511754.04,6940709.69,-8.854487192,48.74,675
511755.96,6940709.32,-8.532952489,50.69,675
511756.46,6940709.22,-8.375862069,51.2,675
511757.87,6940708.94,-7.770268891,52.64,675
511758.27,6940708.87,-7.595172414,53.05,675
511759.7,6940708.59,-6.814482759,54.51,675
511759.79,6940708.57,-6.765395519,54.59,675
511761.7,6940708.2,-6.152785092,56.54,675
511761.7,6940708.2,-5.968288317,56.54,675
511761.45,6940708.25,-6.033793103,56.29,675
511759.79,6940708.57,-6.552638759,54.59,675
511759.34,6940708.66,-6.814482759,54.14,675
511757.93,6940708.93,-7.595172414,52.7,675
511757.87,6940708.94,-7.621877016,52.64,675
511756.11,6940709.29,-8.375862069,50.84,675
511755.96,6940709.32,-8.423117482,50.69,675
511754.04,6940709.69,-8.748608859,48.74,675
511752.13,6940710.06,-8.742867562,46.79,675
511750.22,6940710.43,-8.577292497,44.84,675
511748.3,6940710.81,-8.459987312,42.89,675
511746.39,6940711.18,-8.503370515,40.94,675
511744.48,6940711.55,-8.711217486,38.99,675
511742.56,6940711.92,-8.997674068,37.04,675
511741.15,6940712.2,-9.156551724,35.6,675
511740.65,6940712.3,-9.204452579,35.09,675
511738.87,6940712.64,-9.156551724,33.28,675
511738.73,6940712.67,-9.152247347,33.14,675
511736.82,6940713.04,-8.686357151,31.2,675
511736,6940713.2,-8.375862069,30.36,675
511734.91,6940713.41,-7.921414558,29.25,675
511733.99,6940713.59,-7.595172414,28.31,675
511732.99,6940713.79,-7.230001693,27.3,675
511731.08,6940714.16,-6.89471766,25.35,675
511729.17,6940714.53,-6.975707192,23.4,675
511727.25,6940714.9,-7.444917227,21.45,675
511726.86,6940714.98,-7.595172414,21.04,675
511725.34,6940715.28,-8.084864869,19.5,675
511724.54,6940715.43,-8.375862069,18.69,675
511723.42,6940715.65,-8.706410629,17.55,675
511721.98,6940715.93,-9.156551724,16.07,675
511721.51,6940716.02,-9.277103088,15.6,675
511719.6,6940716.39,-9.808415326,13.65,675
511719.19,6940716.47,-9.937241379,13.24,675
511717.68,6940716.77,-10.36635551,11.7,675
511716.6,6940716.98,-10.71793103,10.6,675
511715.77,6940717.14,-10.98689315,9.75,675
511713.98,6940717.49,-11.49862069,7.92,675
511713.86,6940717.51,-11.53766351,7.8,675
511711.94,6940717.88,-11.82984128,5.85,675
511710.03,6940718.26,-11.83672504,3.9,675
511708.11,6940718.63,-11.78995545,1.95,675
511706.2,6940719,-11.77723375,0,675
511706.2,6940719,-11.82782499,0,675
511708.11,6940718.63,-11.84274477,1.95,675
511710.03,6940718.26,-11.89502914,3.9,675
511711.94,6940717.88,-11.89695546,5.85,675
511713.86,6940717.51,-11.68782819,7.8,680
511714.44,6940717.4,-11.49862069,8.4,680
511715.77,6940717.14,-11.12000647,9.75,680
511717.02,6940716.9,-10.71793103,11.02,680
511717.68,6940716.77,-10.50103195,11.7,680
511719.6,6940716.39,-9.956524413,13.65,680
511719.68,6940716.38,-9.937241379,13.73,680
511721.51,6940716.02,-9.427607924,15.6,680
511722.56,6940715.82,-9.156551724,16.67,680
511723.42,6940715.65,-8.888228519,17.55,680
511725.16,6940715.31,-8.375862069,19.31,680
511725.34,6940715.28,-8.310002545,19.5,680
511727.25,6940714.9,-7.691309071,21.45,680
511727.68,6940714.82,-7.595172414,21.88,680
511729.17,6940714.53,-7.223321931,23.4,680
511731.08,6940714.16,-7.128216588,25.35,680
511732.99,6940713.79,-7.462955067,27.3,680
511733.35,6940713.72,-7.595172414,27.66,680
511734.91,6940713.41,-8.145938414,29.25,680
511735.46,6940713.31,-8.375862069,29.81,680
511736.82,6940713.04,-8.890903409,31.2,680
511737.91,6940712.83,-9.156551724,32.31,680
511738.73,6940712.67,-9.32801715,33.14,680
511740.65,6940712.3,-9.375258653,35.09,680
511742.56,6940711.92,-9.191031901,37.04,680
511742.83,6940711.87,-9.156551724,37.32,680
511744.48,6940711.55,-8.907984202,38.99,680
511746.39,6940711.18,-8.696491979,40.94,680
511748.3,6940710.81,-8.650622141,42.89,680
511750.22,6940710.43,-8.77038148,44.84,680
511752.13,6940710.06,-8.944242319,46.79,680
511754.04,6940709.69,-8.960365525,48.74,680
511755.96,6940709.32,-8.642787496,50.69,680
511756.8,6940709.15,-8.375862069,51.55,680
511757.87,6940708.94,-7.918660766,52.64,680
511758.61,6940708.8,-7.595172414,53.39,680
511759.79,6940708.57,-6.955292147,54.59,680
511760.23,6940708.49,-6.814482759,55.05,680
511761.7,6940708.2,-6.341224564,56.54,680
511761.7,6940708.2,-6.152785092,56.54,680
511759.79,6940708.57,-6.765395519,54.59,680
511759.7,6940708.59,-6.814482759,54.51,680
511758.27,6940708.87,-7.595172414,53.05,680
511757.87,6940708.94,-7.770268891,52.64,680
511756.46,6940709.22,-8.375862069,51.2,680
511755.96,6940709.32,-8.532952489,50.69,680
511754.04,6940709.69,-8.854487192,48.74,680
511752.13,6940710.06,-8.84355494,46.79,680
511750.22,6940710.43,-8.673836989,44.84,680
511748.3,6940710.81,-8.555304726,42.89,680
511746.39,6940711.18,-8.599931247,40.94,680
511744.48,6940711.55,-8.809600844,38.99,680
511742.56,6940711.92,-9.097634843,37.04,680
511742.04,6940712.03,-9.156551724,36.51,680
511740.65,6940712.3,-9.289855616,35.09,680
511738.73,6940712.67,-9.240453481,33.14,680
511738.33,6940712.75,-9.156551724,32.73,680
511736.82,6940713.04,-8.78863028,31.2,680
511735.73,6940713.25,-8.375862069,30.08,680
511734.91,6940713.41,-8.033676486,29.25,680
511733.67,6940713.65,-7.595172414,27.98,680
511732.99,6940713.79,-7.34647838,27.3,680
511731.08,6940714.16,-7.011467124,25.35,680
511729.17,6940714.53,-7.099514561,23.4,680
511727.25,6940714.9,-7.577030605,21.45,680
511727.2,6940714.91,-7.595172414,21.4,680
511725.34,6940715.28,-8.197433707,19.5,680
511724.85,6940715.37,-8.375862069,19,680
511723.42,6940715.65,-8.797319574,17.55,680
511722.27,6940715.87,-9.156551724,16.37,680
511721.51,6940716.02,-9.352355506,15.6,680
511719.6,6940716.39,-9.883818342,13.65,680
511719.43,6940716.43,-9.937241379,13.48,680
511717.68,6940716.77,-10.43369373,11.7,680
511716.81,6940716.94,-10.71793103,10.81,680
511715.77,6940717.14,-11.05344981,9.75,680
511714.21,6940717.44,-11.49862069,8.16,680
511713.86,6940717.51,-11.61274585,7.8,680
511711.94,6940717.88,-11.89695546,5.85,680
511710.03,6940718.26,-11.89502914,3.9,680
511708.11,6940718.63,-11.84274477,1.95,680
511706.2,6940719,-11.82782499,0,680
511706.2,6940719,-11.87841623,0,680
511708.11,6940718.63,-11.89553409,1.95,680
511710.03,6940718.26,-11.95333325,3.9,680
511711.94,6940717.88,-11.96406965,5.85,680
511713.86,6940717.51,-11.76291053,7.8,685
511714.68,6940717.35,-11.49862069,8.63,685
511715.77,6940717.14,-11.18656313,9.75,685
511717.22,6940716.85,-10.71793103,11.23,685
511717.68,6940716.77,-10.56837016,11.7,685
511719.6,6940716.39,-10.02267547,13.65,685
511719.95,6940716.33,-9.937241379,14,685
511721.51,6940716.02,-9.502860342,15.6,685
511722.85,6940715.76,-9.156551724,16.97,685
511723.42,6940715.65,-8.979137464,17.55,685
511725.34,6940715.28,-8.413933257,19.5,685
511725.48,6940715.25,-8.375862069,19.64,685
511727.25,6940714.9,-7.802748605,21.45,685
511728.17,6940714.72,-7.595172414,22.39,685
511729.17,6940714.53,-7.347129301,23.4,685
511731.08,6940714.16,-7.244966052,25.35,685
511732.99,6940713.79,-7.579431754,27.3,685
511733.04,6940713.78,-7.595172414,27.34,685
511734.91,6940713.41,-8.258200342,29.25,685
511735.19,6940713.36,-8.375862069,29.53,685
511736.82,6940713.04,-8.993176537,31.2,685
511737.49,6940712.91,-9.156551724,31.88,685
511738.73,6940712.67,-9.415580819,33.14,685
511740.65,6940712.3,-9.460661689,35.09,685
511742.56,6940711.92,-9.275007004,37.04,685
511743.48,6940711.75,-9.156551724,37.98,685
511744.48,6940711.55,-9.00636756,38.99,685
511746.39,6940711.18,-8.793052711,40.94,685
511748.3,6940710.81,-8.745939555,42.89,685
511750.22,6940710.43,-8.866925972,44.84,685
511752.13,6940710.06,-9.044929697,46.79,685
511754.04,6940709.69,-9.066243859,48.74,685
511755.96,6940709.32,-8.752622503,50.69,685
511757.15,6940709.09,-8.375862069,51.91,685
511757.87,6940708.94,-8.067052641,52.64,685
511758.94,6940708.74,-7.595172414,53.73,685
511759.79,6940708.57,-7.138332637,54.59,685
511760.82,6940708.37,-6.814482759,55.64,685
511761.7,6940708.2,-6.529664035,56.54,685
511761.7,6940708.2,-6.341224564,56.54,685
511760.23,6940708.49,-6.814482759,55.05,685
511759.79,6940708.57,-6.955292147,54.59,685
511758.61,6940708.8,-7.595172414,53.39,685
511757.87,6940708.94,-7.918660766,52.64,685
511756.8,6940709.15,-8.375862069,51.55,685
511755.96,6940709.32,-8.642787496,50.69,685
511754.04,6940709.69,-8.960365525,48.74,685
511752.13,6940710.06,-8.944242319,46.79,685
511750.22,6940710.43,-8.77038148,44.84,685
511748.3,6940710.81,-8.650622141,42.89,685
511746.39,6940711.18,-8.696491979,40.94,685
511744.48,6940711.55,-8.907984202,38.99,685
511742.83,6940711.87,-9.156551724,37.32,685
511742.56,6940711.92,-9.191031901,37.04,685
511740.65,6940712.3,-9.375258653,35.09,685
511738.73,6940712.67,-9.32801715,33.14,685
511737.91,6940712.83,-9.156551724,32.31,685
511736.82,6940713.04,-8.890903409,31.2,685
511735.46,6940713.31,-8.375862069,29.81,685
511734.91,6940713.41,-8.145938414,29.25,685
511733.35,6940713.72,-7.595172414,27.66,685
511732.99,6940713.79,-7.462955067,27.3,685
511731.08,6940714.16,-7.128216588,25.35,685
511729.17,6940714.53,-7.223321931,23.4,685
511727.68,6940714.82,-7.595172414,21.88,685
511727.25,6940714.9,-7.691309071,21.45,685
511725.34,6940715.28,-8.310002545,19.5,685
511725.16,6940715.31,-8.375862069,19.31,685
511723.42,6940715.65,-8.888228519,17.55,685
511722.56,6940715.82,-9.156551724,16.67,685
511721.51,6940716.02,-9.427607924,15.6,685
511719.68,6940716.38,-9.937241379,13.73,685
511719.6,6940716.39,-9.956524413,13.65,685
511717.68,6940716.77,-10.50103195,11.7,685
511717.02,6940716.9,-10.71793103,11.02,685
511715.77,6940717.14,-11.12000647,9.75,685
511714.44,6940717.4,-11.49862069,8.4,685
511713.86,6940717.51,-11.68782819,7.8,685
511711.94,6940717.88,-11.96406965,5.85,685
511710.03,6940718.26,-11.95333325,3.9,685
511708.11,6940718.63,-11.89553409,1.95,685
511706.2,6940719,-11.87841623,0,685
511706.2,6940719,-11.92900747,0,685
511708.11,6940718.63,-11.94832341,1.95,685
511710.03,6940718.26,-12.01163736,3.9,685
511711.94,6940717.88,-12.03118383,5.85,685
511713.86,6940717.51,-11.83799287,7.8,690
511714.91,6940717.31,-11.49862069,8.87,690
511715.77,6940717.14,-11.25311979,9.75,690
511717.43,6940716.81,-10.71793103,11.44,690
511717.68,6940716.77,-10.63570838,11.7,690
511719.6,6940716.39,-10.08882653,13.65,690
511720.22,6940716.27,-9.937241379,14.28,690
511721.51,6940716.02,-9.57811276,15.6,690
511723.15,6940715.7,-9.156551724,17.26,690
511723.42,6940715.65,-9.070046409,17.55,690
511725.34,6940715.28,-8.505684326,19.5,690
511725.83,6940715.18,-8.375862069,19.99,690
511727.25,6940714.9,-7.914188139,21.45,690
511728.67,6940714.63,-7.595172414,22.89,690
511729.17,6940714.53,-7.470936671,23.4,690
511731.08,6940714.16,-7.361715516,25.35,690
511732.42,6940713.9,-7.595172414,26.71,690
511732.99,6940713.79,-7.687677758,27.3,690
511734.91,6940713.41,-8.37046227,29.25,690
511734.92,6940713.41,-8.375862069,29.26,690
511736.82,6940713.04,-9.095449666,31.2,690
511737.07,6940712.99,-9.156551724,31.45,690
511738.73,6940712.67,-9.503144489,33.14,690
511740.65,6940712.3,-9.546064726,35.09,690
511742.56,6940711.92,-9.358982106,37.04,690
511744.13,6940711.62,-9.156551724,38.64,690
511744.48,6940711.55,-9.104750918,38.99,690
511746.39,6940711.18,-8.889613443,40.94,690
511748.3,6940710.81,-8.841256969,42.89,690
511750.22,6940710.43,-8.963470464,44.84,690
511752.13,6940710.06,-9.145617075,46.79,690
511752.94,6940709.9,-9.156551724,47.62,690
511754.04,6940709.69,-9.16897925,48.74,690
511754.14,6940709.67,-9.156551724,48.84,690
511755.96,6940709.32,-8.86245751,50.69,690
511757.5,6940709.02,-8.375862069,52.26,690
511757.87,6940708.94,-8.215444516,52.64,690
511759.28,6940708.67,-7.595172414,54.08,690
511759.79,6940708.57,-7.321373127,54.59,690
511761.4,6940708.26,-6.814482759,56.24,690
511761.7,6940708.2,-6.718103507,56.54,690
511761.7,6940708.2,-6.529664035,56.54,690
511760.82,6940708.37,-6.814482759,55.64,690
511759.79,6940708.57,-7.138332637,54.59,690
511758.94,6940708.74,-7.595172414,53.73,690
511757.87,6940708.94,-8.067052641,52.64,690
511757.15,6940709.09,-8.375862069,51.91,690
511755.96,6940709.32,-8.752622503,50.69,690
511754.04,6940709.69,-9.066243859,48.74,690
511752.13,6940710.06,-9.044929697,46.79,690
511750.22,6940710.43,-8.866925972,44.84,690
511748.3,6940710.81,-8.745939555,42.89,690
511746.39,6940711.18,-8.793052711,40.94,690
511744.48,6940711.55,-9.00636756,38.99,690
511743.48,6940711.75,-9.156551724,37.98,690
511742.56,6940711.92,-9.275007004,37.04,690
511740.65,6940712.3,-9.460661689,35.09,690
511738.73,6940712.67,-9.415580819,33.14,690
511737.49,6940712.91,-9.156551724,31.88,690
511736.82,6940713.04,-8.993176537,31.2,690
511735.19,6940713.36,-8.375862069,29.53,690
511734.91,6940713.41,-8.258200342,29.25,690
511733.04,6940713.78,-7.595172414,27.34,690
511732.99,6940713.79,-7.579431754,27.3,690
511731.08,6940714.16,-7.244966052,25.35,690
511729.17,6940714.53,-7.347129301,23.4,690
511728.17,6940714.72,-7.595172414,22.39,690
511727.25,6940714.9,-7.802748605,21.45,690
511725.48,6940715.25,-8.375862069,19.64,690
511725.34,6940715.28,-8.413933257,19.5,690
511723.42,6940715.65,-8.979137464,17.55,690
511722.85,6940715.76,-9.156551724,16.97,690
511721.51,6940716.02,-9.502860342,15.6,690
511719.95,6940716.33,-9.937241379,14,690
511719.6,6940716.39,-10.02267547,13.65,690
511717.68,6940716.77,-10.56837016,11.7,690
511717.22,6940716.85,-10.71793103,11.23,690
511715.77,6940717.14,-11.18656313,9.75,690
511714.68,6940717.35,-11.49862069,8.63,690
511713.86,6940717.51,-11.76291053,7.8,690
511711.94,6940717.88,-12.03118383,5.85,690
511710.03,6940718.26,-12.01163736,3.9,690
511708.11,6940718.63,-11.94832341,1.95,690
511706.2,6940719,-11.92900747,0,690
511706.2,6940719,-11.97959872,0,690
511708.11,6940718.63,-12.00111273,1.95,690
511710.03,6940718.26,-12.06994146,3.9,690
511711.94,6940717.88,-12.09829802,5.85,690
511713.86,6940717.51,-11.91307521,7.8,695
511715.14,6940717.26,-11.49862069,9.11,695
511715.77,6940717.14,-11.31967645,9.75,695
511717.64,6940716.77,-10.71793103,11.65,695
511717.68,6940716.77,-10.7030466,11.7,695
511719.6,6940716.39,-10.15497759,13.65,695
511720.49,6940716.22,-9.937241379,14.56,695
511721.51,6940716.02,-9.653365178,15.6,695
511723.42,6940715.65,-9.160233649,17.55,695
511723.44,6940715.65,-9.156551724,17.56,695
511725.34,6940715.28,-8.597435394,19.5,695
511726.17,6940715.11,-8.375862069,20.34,695
511727.25,6940714.9,-8.025627673,21.45,695
511729.16,6940714.53,-7.595172414,23.39,695
511729.17,6940714.53,-7.59474404,23.4,695
511731.08,6940714.16,-7.47846498,25.35,695
511731.75,6940714.03,-7.595172414,26.03,695
511732.99,6940713.79,-7.794637663,27.3,695
511734.62,6940713.47,-8.375862069,28.95,695
511734.91,6940713.41,-8.470756655,29.25,695
511736.71,6940713.06,-9.156551724,31.09,695
511736.82,6940713.04,-9.192526196,31.2,695
511738.73,6940712.67,-9.590708158,33.14,695
511740.65,6940712.3,-9.631467763,35.09,695
511742.56,6940711.92,-9.442957208,37.04,695
511744.48,6940711.55,-9.19598396,38.99,695
511744.88,6940711.47,-9.156551724,39.41,695
511746.39,6940711.18,-8.986174175,40.94,695
511748.3,6940710.81,-8.936574383,42.89,695
511750.22,6940710.43,-9.060014956,44.84,695
511751.23,6940710.24,-9.156551724,45.87,695
511752.13,6940710.06,-9.230138143,46.79,695
511754.04,6940709.69,-9.253485752,48.74,695
511754.82,6940709.54,-9.156551724,49.53,695
511755.96,6940709.32,-8.972292517,50.69,695
511757.84,6940708.95,-8.375862069,52.61,695
511757.87,6940708.94,-8.363836391,52.64,695
511759.62,6940708.6,-7.595172414,54.42,695
511759.79,6940708.57,-7.504413617,54.59,695
511761.7,6940708.2,-6.898369576,56.54,695
511761.7,6940708.2,-6.718103507,56.54,695
511761.4,6940708.26,-6.814482759,56.24,695
511759.79,6940708.57,-7.321373127,54.59,695
511759.28,6940708.67,-7.595172414,54.08,695
511757.87,6940708.94,-8.215444516,52.64,695
511757.5,6940709.02,-8.375862069,52.26,695
511755.96,6940709.32,-8.86245751,50.69,695
511754.14,6940709.67,-9.156551724,48.84,695
511754.04,6940709.69,-9.16897925,48.74,695
511752.94,6940709.9,-9.156551724,47.62,695
511752.13,6940710.06,-9.145617075,46.79,695
511750.22,6940710.43,-8.963470464,44.84,695
511748.3,6940710.81,-8.841256969,42.89,695
511746.39,6940711.18,-8.889613443,40.94,695
511744.48,6940711.55,-9.104750918,38.99,695
511744.13,6940711.62,-9.156551724,38.64,695
511742.56,6940711.92,-9.358982106,37.04,695
511740.65,6940712.3,-9.546064726,35.09,695
511738.73,6940712.67,-9.503144489,33.14,695
511737.07,6940712.99,-9.156551724,31.45,695
511736.82,6940713.04,-9.095449666,31.2,695
511734.92,6940713.41,-8.375862069,29.26,695
511734.91,6940713.41,-8.37046227,29.25,695
511732.99,6940713.79,-7.687677758,27.3,695
511732.42,6940713.9,-7.595172414,26.71,695
511731.08,6940714.16,-7.361715516,25.35,695
511729.17,6940714.53,-7.470936671,23.4,695
511728.67,6940714.63,-7.595172414,22.89,695
511727.25,6940714.9,-7.914188139,21.45,695
511725.83,6940715.18,-8.375862069,19.99,695
511725.34,6940715.28,-8.505684326,19.5,695
511723.42,6940715.65,-9.070046409,17.55,695
511723.15,6940715.7,-9.156551724,17.26,695
511721.51,6940716.02,-9.57811276,15.6,695
511720.22,6940716.27,-9.937241379,14.28,695
511719.6,6940716.39,-10.08882653,13.65,695
511717.68,6940716.77,-10.63570838,11.7,695
511717.43,6940716.81,-10.71793103,11.44,695
511715.77,6940717.14,-11.25311979,9.75,695
511714.91,6940717.31,-11.49862069,8.87,695
511713.86,6940717.51,-11.83799287,7.8,695
511711.94,6940717.88,-12.09829802,5.85,695
511710.03,6940718.26,-12.06994146,3.9,695
511708.11,6940718.63,-12.00111273,1.95,695
511706.2,6940719,-11.97959872,0,695
511706.2,6940719,-12.03018996,0,695
511708.11,6940718.63,-12.05390206,1.95,695
511710.03,6940718.26,-12.12824557,3.9,695
511711.94,6940717.88,-12.1654122,5.85,695
511713.86,6940717.51,-11.98815755,7.8,700
511715.38,6940717.21,-11.49862069,9.35,700
511715.77,6940717.14,-11.38623311,9.75,700
511717.68,6940716.77,-10.76858229,11.7,700
511717.86,6940716.73,-10.71793103,11.88,700
511719.6,6940716.39,-10.22112865,13.65,700
511720.76,6940716.17,-9.937241379,14.83,700
511721.51,6940716.02,-9.728617596,15.6,700
511723.42,6940715.65,-9.236243655,17.55,700
511723.75,6940715.58,-9.156551724,17.88,700
511725.34,6940715.28,-8.689186462,19.5,700
511726.51,6940715.05,-8.375862069,20.69,700
511727.25,6940714.9,-8.137067207,21.45,700
511729.17,6940714.53,-7.703616163,23.4,700
511731.08,6940714.16,-7.59521068,25.35,700
511732.99,6940713.79,-7.901597569,27.3,700
511734.32,6940713.53,-8.375862069,28.65,700
511734.91,6940713.41,-8.570446314,29.25,700
511736.45,6940713.11,-9.156551724,30.82,700
511736.82,6940713.04,-9.281890445,31.2,700
511738.73,6940712.67,-9.678271827,33.14,700
511740.65,6940712.3,-9.7168708,35.09,700
511742.56,6940711.92,-9.526932311,37.04,700
511744.48,6940711.55,-9.279265696,38.99,700
511745.74,6940711.31,-9.156551724,40.28,700
511746.39,6940711.18,-9.082734907,40.94,700
511748.3,6940710.81,-9.031891797,42.89,700
511750.22,6940710.43,-9.156551724,44.84,700
511750.22,6940710.43,-9.156558249,44.84,700
511752.13,6940710.06,-9.312689655,46.79,700
511754.04,6940709.69,-9.337992254,48.74,700
511755.5,6940709.41,-9.156551724,50.22,700
511755.96,6940709.32,-9.082127523,50.69,700
511757.87,6940708.94,-8.479009678,52.64,700
511758.17,6940708.89,-8.375862069,52.95,700
511759.79,6940708.57,-7.668055054,54.59,700
511760.06,6940708.52,-7.595172414,54.87,700
511761.7,6940708.2,-7.070078784,56.54,700
511761.7,6940708.2,-6.898369576,56.54,700
511759.79,6940708.57,-7.504413617,54.59,700
511759.62,6940708.6,-7.595172414,54.42,700
511757.87,6940708.94,-8.363836391,52.64,700
511757.84,6940708.95,-8.375862069,52.61,700
511755.96,6940709.32,-8.972292517,50.69,700
511754.82,6940709.54,-9.156551724,49.53,700
511754.04,6940709.69,-9.253485752,48.74,700
511752.13,6940710.06,-9.230138143,46.79,700
511751.23,6940710.24,-9.156551724,45.87,700
511750.22,6940710.43,-9.060014956,44.84,700
511748.3,6940710.81,-8.936574383,42.89,700
511746.39,6940711.18,-8.986174175,40.94,700
511744.88,6940711.47,-9.156551724,39.41,700
511744.48,6940711.55,-9.19598396,38.99,700
511742.56,6940711.92,-9.442957208,37.04,700
511740.65,6940712.3,-9.631467763,35.09,700
511738.73,6940712.67,-9.590708158,33.14,700
511736.82,6940713.04,-9.192526196,31.2,700
511736.71,6940713.06,-9.156551724,31.09,700
511734.91,6940713.41,-8.470756655,29.25,700
511734.62,6940713.47,-8.375862069,28.95,700
511732.99,6940713.79,-7.794637663,27.3,700
511731.75,6940714.03,-7.595172414,26.03,700
511731.08,6940714.16,-7.47846498,25.35,700
511729.17,6940714.53,-7.59474404,23.4,700
511729.16,6940714.53,-7.595172414,23.39,700
511727.25,6940714.9,-8.025627673,21.45,700
511726.17,6940715.11,-8.375862069,20.34,700
511725.34,6940715.28,-8.597435394,19.5,700
511723.44,6940715.65,-9.156551724,17.56,700
511723.42,6940715.65,-9.160233649,17.55,700
511721.51,6940716.02,-9.653365178,15.6,700
511720.49,6940716.22,-9.937241379,14.56,700
511719.6,6940716.39,-10.15497759,13.65,700
511717.68,6940716.77,-10.7030466,11.7,700
511717.64,6940716.77,-10.71793103,11.65,700
511715.77,6940717.14,-11.31967645,9.75,700
511715.14,6940717.26,-11.49862069,9.11,700
511713.86,6940717.51,-11.91307521,7.8,700
511711.94,6940717.88,-12.1654122,5.85,700
511710.03,6940718.26,-12.12824557,3.9,700
511708.11,6940718.63,-12.05390206,1.95,700
511706.2,6940719,-12.03018996,0,700
511706.2,6940719,-12.0807812,0,700
511708.11,6940718.63,-12.10669138,1.95,700
511710.03,6940718.26,-12.18654968,3.9,700
511711.94,6940717.88,-12.23252639,5.85,700
511712.12,6940717.85,-12.27931034,6.03,705
511713.86,6940717.51,-12.06323989,7.8,705
511715.61,6940717.17,-11.49862069,9.58,705
511715.77,6940717.14,-11.45278977,9.75,705
511717.68,6940716.77,-10.83360649,11.7,705
511718.09,6940716.69,-10.71793103,12.12,705
511719.6,6940716.39,-10.28727971,13.65,705
511721.03,6940716.11,-9.937241379,15.11,705
511721.51,6940716.02,-9.803870014,15.6,705
511723.42,6940715.65,-9.312253662,17.55,705
511724.06,6940715.52,-9.156551724,18.2,705
511725.34,6940715.28,-8.780937531,19.5,705
511726.86,6940714.98,-8.375862069,21.05,705
511727.25,6940714.9,-8.248506741,21.45,705
511729.17,6940714.53,-7.81243643,23.4,705
511731.08,6940714.16,-7.701506501,25.35,705
511732.99,6940713.79,-8.008557475,27.3,705
511734.02,6940713.59,-8.375862069,28.34,705
511734.91,6940713.41,-8.670135972,29.25,705
511736.19,6940713.16,-9.156551724,30.55,705
511736.82,6940713.04,-9.371254695,31.2,705
511738.73,6940712.67,-9.765835497,33.14,705
511740.65,6940712.3,-9.802273836,35.09,705
511742.56,6940711.92,-9.610907413,37.04,705
511744.48,6940711.55,-9.362547432,38.99,705
511746.39,6940711.18,-9.176006605,40.94,705
511747.22,6940711.02,-9.156551724,41.79,705
511748.3,6940710.81,-9.127209211,42.89,705
511748.75,6940710.72,-9.156551724,43.35,705
511750.22,6940710.43,-9.238115244,44.84,705
511752.13,6940710.06,-9.395241168,46.79,705
511754.04,6940709.69,-9.422498756,48.74,705
511755.96,6940709.32,-9.184620306,50.69,705
511756.07,6940709.29,-9.156551724,50.81,705
511757.87,6940708.94,-8.591253529,52.64,705
511758.5,6940708.82,-8.375862069,53.29,705
511759.79,6940708.57,-7.812617575,54.59,705
511760.59,6940708.42,-7.595172414,55.41,705
511761.7,6940708.2,-7.241787993,56.54,705
511761.7,6940708.2,-7.070078784,56.54,705
511760.06,6940708.52,-7.595172414,54.87,705
511759.79,6940708.57,-7.668055054,54.59,705
511758.17,6940708.89,-8.375862069,52.95,705
511757.87,6940708.94,-8.479009678,52.64,705
511755.96,6940709.32,-9.082127523,50.69,705
511755.5,6940709.41,-9.156551724,50.22,705
511754.04,6940709.69,-9.337992254,48.74,705
511752.13,6940710.06,-9.312689655,46.79,705
511750.22,6940710.43,-9.156558249,44.84,705
511750.22,6940710.43,-9.156551724,44.84,705
511748.3,6940710.81,-9.031891797,42.89,705
511746.39,6940711.18,-9.082734907,40.94,705
511745.74,6940711.31,-9.156551724,40.28,705
511744.48,6940711.55,-9.279265696,38.99,705
511742.56,6940711.92,-9.526932311,37.04,705
511740.65,6940712.3,-9.7168708,35.09,705
511738.73,6940712.67,-9.678271827,33.14,705
511736.82,6940713.04,-9.281890445,31.2,705
511736.45,6940713.11,-9.156551724,30.82,705
511734.91,6940713.41,-8.570446314,29.25,705
511734.32,6940713.53,-8.375862069,28.65,705
511732.99,6940713.79,-7.901597569,27.3,705
511731.08,6940714.16,-7.59521068,25.35,705
511729.17,6940714.53,-7.703616163,23.4,705
511727.25,6940714.9,-8.137067207,21.45,705
511726.51,6940715.05,-8.375862069,20.69,705
511725.34,6940715.28,-8.689186462,19.5,705
511723.75,6940715.58,-9.156551724,17.88,705
511723.42,6940715.65,-9.236243655,17.55,705
511721.51,6940716.02,-9.728617596,15.6,705
511720.76,6940716.17,-9.937241379,14.83,705
511719.6,6940716.39,-10.22112865,13.65,705
511717.86,6940716.73,-10.71793103,11.88,705
511717.68,6940716.77,-10.76858229,11.7,705
511715.77,6940717.14,-11.38623311,9.75,705
511715.38,6940717.21,-11.49862069,9.35,705
511713.86,6940717.51,-11.98815755,7.8,705
511711.94,6940717.88,-12.23252639,5.85,705
511710.03,6940718.26,-12.18654968,3.9,705
511708.11,6940718.63,-12.10669138,1.95,705
511706.2,6940719,-12.0807812,0,705
511706.2,6940719,-12.13137244,0,705
511708.11,6940718.63,-12.1594807,1.95,705
511710.03,6940718.26,-12.24485378,3.9,705
511711.29,6940718.01,-12.27931034,5.19,705
511711.94,6940717.88,-12.31337011,5.85,705
511712.73,6940717.73,-12.27931034,6.65,710
511713.86,6940717.51,-12.13832223,7.8,710
511715.77,6940717.14,-11.52263171,9.75,710
511715.83,6940717.13,-11.49862069,9.81,710
511717.68,6940716.77,-10.89863069,11.7,710
511718.32,6940716.64,-10.71793103,12.35,710
511719.6,6940716.39,-10.35343076,13.65,710
511721.3,6940716.06,-9.937241379,15.38,710
511721.51,6940716.02,-9.879122432,15.6,710
511723.42,6940715.65,-9.388263668,17.55,710
511724.37,6940715.46,-9.156551724,18.51,710
511725.34,6940715.28,-8.872688599,19.5,710
511727.2,6940714.91,-8.375862069,21.4,710
511727.25,6940714.9,-8.359946275,21.45,710
511729.17,6940714.53,-7.921256697,23.4,710
511731.08,6940714.16,-7.807802322,25.35,710
511732.99,6940713.79,-8.11551738,27.3,710
511733.72,6940713.64,-8.375862069,28.04,710
511734.91,6940713.41,-8.769825631,29.25,710
511735.93,6940713.22,-9.156551724,30.28,710
511736.82,6940713.04,-9.460618944,31.2,710
511738.73,6940712.67,-9.853399166,33.14,710
511740.65,6940712.3,-9.887676873,35.09,710
511742.56,6940711.92,-9.694882516,37.04,710
511744.48,6940711.55,-9.445829168,38.99,710
511746.39,6940711.18,-9.258603534,40.94,710
511748.3,6940710.81,-9.213133674,42.89,710
511750.22,6940710.43,-9.319672239,44.84,710
511752.13,6940710.06,-9.47779268,46.79,710
511754.04,6940709.69,-9.507005258,48.74,710
511755.96,6940709.32,-9.271681666,50.69,710
511756.43,6940709.23,-9.156551724,51.17,710
511757.87,6940708.94,-8.70349738,52.64,710
511758.83,6940708.76,-8.375862069,53.62,710
511759.79,6940708.57,-7.957180096,54.59,710
511761.13,6940708.31,-7.595172414,55.96,710
511761.7,6940708.2,-7.413497202,56.54,710
511761.7,6940708.2,-7.241787993,56.54,710
511760.59,6940708.42,-7.595172414,55.41,710
511759.79,6940708.57,-7.812617575,54.59,710
511758.5,6940708.82,-8.375862069,53.29,710
511757.87,6940708.94,-8.591253529,52.64,710
511756.07,6940709.29,-9.156551724,50.81,710
511755.96,6940709.32,-9.184620306,50.69,710
511754.04,6940709.69,-9.422498756,48.74,710
511752.13,6940710.06,-9.395241168,46.79,710
511750.22,6940710.43,-9.238115244,44.84,710
511748.75,6940710.72,-9.156551724,43.35,710
511748.3,6940710.81,-9.127209211,42.89,710
511747.22,6940711.02,-9.156551724,41.79,710
511746.39,6940711.18,-9.176006605,40.94,710
511744.48,6940711.55,-9.362547432,38.99,710
511742.56,6940711.92,-9.610907413,37.04,710
511740.65,6940712.3,-9.802273836,35.09,710
511738.73,6940712.67,-9.765835497,33.14,710
511736.82,6940713.04,-9.371254695,31.2,710
511736.19,6940713.16,-9.156551724,30.55,710
511734.91,6940713.41,-8.670135972,29.25,710
511734.02,6940713.59,-8.375862069,28.34,710
511732.99,6940713.79,-8.008557475,27.3,710
511731.08,6940714.16,-7.701506501,25.35,710
511729.17,6940714.53,-7.81243643,23.4,710
511727.25,6940714.9,-8.248506741,21.45,710
511726.86,6940714.98,-8.375862069,21.05,710
511725.34,6940715.28,-8.780937531,19.5,710
511724.06,6940715.52,-9.156551724,18.2,710
511723.42,6940715.65,-9.312253662,17.55,710
511721.51,6940716.02,-9.803870014,15.6,710
511721.03,6940716.11,-9.937241379,15.11,710
511719.6,6940716.39,-10.28727971,13.65,710
511718.09,6940716.69,-10.71793103,12.12,710
511717.68,6940716.77,-10.83360649,11.7,710
511715.77,6940717.14,-11.45278977,9.75,710
511715.61,6940717.17,-11.49862069,9.58,710
511713.86,6940717.51,-12.06323989,7.8,710
511712.12,6940717.85,-12.27931034,6.03,710
511711.94,6940717.88,-12.31337011,5.85,710
511711.29,6940718.01,-12.27931034,5.19,710
511710.03,6940718.26,-12.24485378,3.9,710
511708.11,6940718.63,-12.1594807,1.95,710
511706.2,6940719,-12.13137244,0,710
511706.2,6940719,-12.18196369,0,710
511708.11,6940718.63,-12.21227002,1.95,710
511709.56,6940718.35,-12.27931034,3.42,710
511710.03,6940718.26,-12.31894809,3.9,710
511711.94,6940717.88,-12.42580828,5.85,710
511713.33,6940717.61,-12.27931034,7.26,715
511713.86,6940717.51,-12.21340457,7.8,715
511715.77,6940717.14,-11.59973838,9.75,715
511716.03,6940717.09,-11.49862069,10.02,715
511717.68,6940716.77,-10.96365489,11.7,715
511718.56,6940716.6,-10.71793103,12.59,715
511719.6,6940716.39,-10.41958182,13.65,715
511721.51,6940716.02,-9.952345244,15.6,715
511721.58,6940716.01,-9.937241379,15.67,715
511723.42,6940715.65,-9.464273675,17.55,715
511724.69,6940715.4,-9.156551724,18.83,715
511725.34,6940715.28,-8.964439667,19.5,715
511727.25,6940714.9,-8.455391017,21.45,715
511727.66,6940714.82,-8.375862069,21.86,715
511729.17,6940714.53,-8.030076964,23.4,715
511731.08,6940714.16,-7.914098142,25.35,715
511732.99,6940713.79,-8.222477286,27.3,715
511733.42,6940713.7,-8.375862069,27.73,715
511734.91,6940713.41,-8.86951529,29.25,715
511735.66,6940713.27,-9.156551724,30.02,715
511736.82,6940713.04,-9.549983193,31.2,715
511738.72,6940712.67,-9.937241379,33.13,715
511738.73,6940712.67,-9.940581139,33.14,715
511740.65,6940712.3,-9.969166629,35.09,715
511741,6940712.23,-9.937241379,35.45,715
511742.56,6940711.92,-9.778857618,37.04,715
511744.48,6940711.55,-9.529110904,38.99,715
511746.39,6940711.18,-9.341200463,40.94,715
511748.3,6940710.81,-9.294880597,42.89,715
511750.22,6940710.43,-9.401229234,44.84,715
511752.13,6940710.06,-9.560344193,46.79,715
511754.04,6940709.69,-9.591511759,48.74,715
511755.96,6940709.32,-9.358743025,50.69,715
511756.79,6940709.16,-9.156551724,51.54,715
511757.87,6940708.94,-8.81574123,52.64,715
511759.16,6940708.69,-8.375862069,53.96,715
511759.79,6940708.57,-8.101742617,54.59,715
511761.67,6940708.21,-7.595172414,56.51,715
511761.7,6940708.2,-7.585206411,56.54,715
511761.7,6940708.2,-7.413497202,56.54,715
511761.13,6940708.31,-7.595172414,55.96,715
511759.79,6940708.57,-7.957180096,54.59,715
511758.83,6940708.76,-8.375862069,53.62,715
511757.87,6940708.94,-8.70349738,52.64,715
511756.43,6940709.23,-9.156551724,51.17,715
511755.96,6940709.32,-9.271681666,50.69,715
511754.04,6940709.69,-9.507005258,48.74,715
511752.13,6940710.06,-9.47779268,46.79,715
511750.22,6940710.43,-9.319672239,44.84,715
511748.3,6940710.81,-9.213133674,42.89,715
511746.39,6940711.18,-9.258603534,40.94,715
511744.48,6940711.55,-9.445829168,38.99,715
511742.56,6940711.92,-9.694882516,37.04,715
511740.65,6940712.3,-9.887676873,35.09,715
511738.73,6940712.67,-9.853399166,33.14,715
511736.82,6940713.04,-9.460618944,31.2,715
511735.93,6940713.22,-9.156551724,30.28,715
511734.91,6940713.41,-8.769825631,29.25,715
511733.72,6940713.64,-8.375862069,28.04,715
511732.99,6940713.79,-8.11551738,27.3,715
511731.08,6940714.16,-7.807802322,25.35,715
511729.17,6940714.53,-7.921256697,23.4,715
511727.25,6940714.9,-8.359946275,21.45,715
511727.2,6940714.91,-8.375862069,21.4,715
511725.34,6940715.28,-8.872688599,19.5,715
511724.37,6940715.46,-9.156551724,18.51,715
511723.42,6940715.65,-9.388263668,17.55,715
511721.51,6940716.02,-9.879122432,15.6,715
511721.3,6940716.06,-9.937241379,15.38,715
511719.6,6940716.39,-10.35343076,13.65,715
511718.32,6940716.64,-10.71793103,12.35,715
511717.68,6940716.77,-10.89863069,11.7,715
511715.83,6940717.13,-11.49862069,9.81,715
511715.77,6940717.14,-11.52263171,9.75,715
511713.86,6940717.51,-12.13832223,7.8,715
511712.73,6940717.73,-12.27931034,6.65,715
511711.94,6940717.88,-12.42580828,5.85,715
511710.03,6940718.26,-12.31894809,3.9,715
511709.56,6940718.35,-12.27931034,3.42,715
511708.11,6940718.63,-12.21227002,1.95,715
511706.2,6940719,-12.18196369,0,715
511706.2,6940719,-12.23255493,0,715
511708.11,6940718.63,-12.26505934,1.95,715
511708.42,6940718.57,-12.27931034,2.26,715
511710.03,6940718.26,-12.41585714,3.9,715
511711.94,6940717.88,-12.53824644,5.85,715
511713.86,6940717.51,-12.29486083,7.8,720
511713.88,6940717.5,-12.27931034,7.83,720
511715.77,6940717.14,-11.67684506,9.75,720
511716.23,6940717.05,-11.49862069,10.22,720
511717.68,6940716.77,-11.02867909,11.7,720
511718.79,6940716.55,-10.71793103,12.82,720
511719.6,6940716.39,-10.48573288,13.65,720
511721.51,6940716.02,-10.01868337,15.6,720
511721.87,6940715.95,-9.937241379,15.97,720
511723.42,6940715.65,-9.540283681,17.55,720
511725,6940715.34,-9.156551724,19.15,720
511725.34,6940715.28,-9.056190736,19.5,720
511727.25,6940714.9,-8.548170769,21.45,720
511728.13,6940714.73,-8.375862069,22.34,720
511729.17,6940714.53,-8.138897232,23.4,720
511731.08,6940714.16,-8.020393963,25.35,720
511732.99,6940713.79,-8.329437192,27.3,720
511733.12,6940713.76,-8.375862069,27.43,720
511734.91,6940713.41,-8.969204949,29.25,720
511735.4,6940713.32,-9.156551724,29.75,720
511736.82,6940713.04,-9.639347442,31.2,720
511738.28,6940712.76,-9.937241379,32.68,720
511738.73,6940712.67,-10.01916372,33.14,720
511740.65,6940712.3,-10.04524434,35.09,720
511741.83,6940712.07,-9.937241379,36.29,720
511742.56,6940711.92,-9.862832721,37.04,720
511744.48,6940711.55,-9.61239264,38.99,720
511746.39,6940711.18,-9.423797392,40.94,720
511748.3,6940710.81,-9.376627521,42.89,720
511750.22,6940710.43,-9.482786229,44.84,720
511752.13,6940710.06,-9.642895706,46.79,720
511754.04,6940709.69,-9.676018261,48.74,720
511755.96,6940709.32,-9.445804384,50.69,720
511757.15,6940709.09,-9.156551724,51.9,720
511757.87,6940708.94,-8.927985081,52.64,720
511759.49,6940708.63,-8.375862069,54.29,720
511759.79,6940708.57,-8.246305138,54.59,720
511761.7,6940708.2,-7.728800321,56.54,720
511761.7,6940708.2,-7.585206411,56.54,720
511761.67,6940708.21,-7.595172414,56.51,720
511759.79,6940708.57,-8.101742617,54.59,720
511759.16,6940708.69,-8.375862069,53.96,720
511757.87,6940708.94,-8.81574123,52.64,720
511756.79,6940709.16,-9.156551724,51.54,720
511755.96,6940709.32,-9.358743025,50.69,720
511754.04,6940709.69,-9.591511759,48.74,720
511752.13,6940710.06,-9.560344193,46.79,720
511750.22,6940710.43,-9.401229234,44.84,720
511748.3,6940710.81,-9.294880597,42.89,720
511746.39,6940711.18,-9.341200463,40.94,720
511744.48,6940711.55,-9.529110904,38.99,720
511742.56,6940711.92,-9.778857618,37.04,720
511741,6940712.23,-9.937241379,35.45,720
511740.65,6940712.3,-9.969166629,35.09,720
511738.73,6940712.67,-9.940581139,33.14,720
511738.72,6940712.67,-9.937241379,33.13,720
511736.82,6940713.04,-9.549983193,31.2,720
511735.66,6940713.27,-9.156551724,30.02,720
511734.91,6940713.41,-8.86951529,29.25,720
511733.42,6940713.7,-8.375862069,27.73,720
511732.99,6940713.79,-8.222477286,27.3,720
511731.08,6940714.16,-7.914098142,25.35,720
511729.17,6940714.53,-8.030076964,23.4,720
511727.66,6940714.82,-8.375862069,21.86,720
511727.25,6940714.9,-8.455391017,21.45,720
511725.34,6940715.28,-8.964439667,19.5,720
511724.69,6940715.4,-9.156551724,18.83,720
511723.42,6940715.65,-9.464273675,17.55,720
511721.58,6940716.01,-9.937241379,15.67,720
511721.51,6940716.02,-9.952345244,15.6,720
511719.6,6940716.39,-10.41958182,13.65,720
511718.56,6940716.6,-10.71793103,12.59,720
511717.68,6940716.77,-10.96365489,11.7,720
511716.03,6940717.09,-11.49862069,10.02,720
511715.77,6940717.14,-11.59973838,9.75,720
511713.86,6940717.51,-12.21340457,7.8,720
511713.33,6940717.61,-12.27931034,7.26,720
511711.94,6940717.88,-12.53824644,5.85,720
511710.03,6940718.26,-12.41585714,3.9,720
511708.42,6940718.57,-12.27931034,2.26,720
511708.11,6940718.63,-12.26505934,1.95,720
511706.2,6940719,-12.23255493,0,720
511706.2,6940719,-12.28566402,0,720
511708.11,6940718.63,-12.34323031,1.95,720
511710.03,6940718.26,-12.5127662,3.9,720
511711.94,6940717.88,-12.65068461,5.85,720
511713.86,6940717.51,-12.42209435,7.8,725
511714.13,6940717.46,-12.27931034,8.07,725
511715.77,6940717.14,-11.75395173,9.75,725
511716.43,6940717.01,-11.49862069,10.43,725
511717.68,6940716.77,-11.09370329,11.7,725
511719.02,6940716.51,-10.71793103,13.06,725
511719.6,6940716.39,-10.55188394,13.65,725
511721.51,6940716.02,-10.0850215,15.6,725
511722.17,6940715.89,-9.937241379,16.27,725
511723.42,6940715.65,-9.616293688,17.55,725
511725.31,6940715.28,-9.156551724,19.47,725
511725.34,6940715.28,-9.147941804,19.5,725
511727.25,6940714.9,-8.64095052,21.45,725
511728.61,6940714.64,-8.375862069,22.83,725
511729.17,6940714.53,-8.247717499,23.4,725
511731.08,6940714.16,-8.126689784,25.35,725
511732.62,6940713.86,-8.375862069,26.92,725
511732.99,6940713.79,-8.430680274,27.3,725
511734.91,6940713.41,-9.068894607,29.25,725
511735.14,6940713.37,-9.156551724,29.48,725
511736.82,6940713.04,-9.728711691,31.2,725
511737.84,6940712.84,-9.937241379,32.23,725
511738.73,6940712.67,-10.0977463,33.14,725
511740.65,6940712.3,-10.12132204,35.09,725
511742.56,6940711.92,-9.945764578,37.04,725
511742.63,6940711.91,-9.937241379,37.12,725
511744.48,6940711.55,-9.695674376,38.99,725
511746.39,6940711.18,-9.506394322,40.94,725
511748.3,6940710.81,-9.458374444,42.89,725
511750.22,6940710.43,-9.564343224,44.84,725
511752.13,6940710.06,-9.725447218,46.79,725
511754.04,6940709.69,-9.760524763,48.74,725
511755.96,6940709.32,-9.532865743,50.69,725
511757.5,6940709.02,-9.156551724,52.26,725
511757.87,6940708.94,-9.040228932,52.64,725
511759.79,6940708.57,-8.387681729,54.59,725
511759.84,6940708.56,-8.375862069,54.65,725
511761.7,6940708.2,-7.870661873,56.54,725
511761.7,6940708.2,-7.728800321,56.54,725
511759.79,6940708.57,-8.246305138,54.59,725
511759.49,6940708.63,-8.375862069,54.29,725
511757.87,6940708.94,-8.927985081,52.64,725
511757.15,6940709.09,-9.156551724,51.9,725
511755.96,6940709.32,-9.445804384,50.69,725
511754.04,6940709.69,-9.676018261,48.74,725
511752.13,6940710.06,-9.642895706,46.79,725
511750.22,6940710.43,-9.482786229,44.84,725
511748.3,6940710.81,-9.376627521,42.89,725
511746.39,6940711.18,-9.423797392,40.94,725
511744.48,6940711.55,-9.61239264,38.99,725
511742.56,6940711.92,-9.862832721,37.04,725
511741.83,6940712.07,-9.937241379,36.29,725
511740.65,6940712.3,-10.04524434,35.09,725
511738.73,6940712.67,-10.01916372,33.14,725
511738.28,6940712.76,-9.937241379,32.68,725
511736.82,6940713.04,-9.639347442,31.2,725
511735.4,6940713.32,-9.156551724,29.75,725
511734.91,6940713.41,-8.969204949,29.25,725
511733.12,6940713.76,-8.375862069,27.43,725
511732.99,6940713.79,-8.329437192,27.3,725
511731.08,6940714.16,-8.020393963,25.35,725
511729.17,6940714.53,-8.138897232,23.4,725
511728.13,6940714.73,-8.375862069,22.34,725
511727.25,6940714.9,-8.548170769,21.45,725
511725.34,6940715.28,-9.056190736,19.5,725
511725,6940715.34,-9.156551724,19.15,725
511723.42,6940715.65,-9.540283681,17.55,725
511721.87,6940715.95,-9.937241379,15.97,725
511721.51,6940716.02,-10.01868337,15.6,725
511719.6,6940716.39,-10.48573288,13.65,725
511718.79,6940716.55,-10.71793103,12.82,725
511717.68,6940716.77,-11.02867909,11.7,725
511716.23,6940717.05,-11.49862069,10.22,725
511715.77,6940717.14,-11.67684506,9.75,725
511713.88,6940717.5,-12.27931034,7.83,725
511713.86,6940717.51,-12.29486083,7.8,725
511711.94,6940717.88,-12.65068461,5.85,725
511710.03,6940718.26,-12.5127662,3.9,725
511708.11,6940718.63,-12.34323031,1.95,725
511706.2,6940719,-12.28566402,0,725
511706.2,6940719,-12.36946354,0,725
511708.11,6940718.63,-12.4307871,1.95,725
511710.03,6940718.26,-12.60967525,3.9,725
511711.94,6940717.88,-12.76312277,5.85,725
511713.86,6940717.51,-12.54932788,7.8,730
511714.37,6940717.41,-12.27931034,8.32,730
511715.77,6940717.14,-11.8310584,9.75,730
511716.63,6940716.97,-11.49862069,10.63,730
511717.68,6940716.77,-11.15872749,11.7,730
511719.25,6940716.46,-10.71793103,13.29,730
511719.6,6940716.39,-10.618035,13.65,730
511721.51,6940716.02,-10.15135963,15.6,730
511722.47,6940715.83,-9.937241379,16.57,730
511723.42,6940715.65,-9.692303694,17.55,730
511725.34,6940715.28,-9.226543961,19.5,730
511725.66,6940715.21,-9.156551724,19.82,730
511727.25,6940714.9,-8.733730272,21.45,730
511729.08,6940714.55,-8.375862069,23.31,730
511729.17,6940714.53,-8.356537766,23.4,730
511731.08,6940714.16,-8.232985605,25.35,730
511731.96,6940713.99,-8.375862069,26.25,730
511732.99,6940713.79,-8.527539071,27.3,730
511734.87,6940713.42,-9.156551724,29.21,730
511734.91,6940713.41,-9.167389598,29.25,730
511736.82,6940713.04,-9.81807594,31.2,730
511737.4,6940712.93,-9.937241379,31.79,730
511738.73,6940712.67,-10.17632888,33.14,730
511740.65,6940712.3,-10.19739975,35.09,730
511742.56,6940711.92,-10.02058198,37.04,730
511743.27,6940711.79,-9.937241379,37.76,730
511744.48,6940711.55,-9.778956112,38.99,730
511746.39,6940711.18,-9.588991251,40.94,730
511748.3,6940710.81,-9.540121367,42.89,730
511750.22,6940710.43,-9.645900219,44.84,730
511752.13,6940710.06,-9.807998731,46.79,730
511754.04,6940709.69,-9.845031265,48.74,730
511755.96,6940709.32,-9.619927102,50.69,730
511757.86,6940708.95,-9.156551724,52.63,730
511757.87,6940708.94,-9.152472783,52.64,730
511759.79,6940708.57,-8.501551282,54.59,730
511760.36,6940708.46,-8.375862069,55.18,730
511761.7,6940708.2,-8.012523425,56.54,730
511761.7,6940708.2,-7.870661873,56.54,730
511759.84,6940708.56,-8.375862069,54.65,730
511759.79,6940708.57,-8.387681729,54.59,730
511757.87,6940708.94,-9.040228932,52.64,730
511757.5,6940709.02,-9.156551724,52.26,730
511755.96,6940709.32,-9.532865743,50.69,730
511754.04,6940709.69,-9.760524763,48.74,730
511752.13,6940710.06,-9.725447218,46.79,730
511750.22,6940710.43,-9.564343224,44.84,730
511748.3,6940710.81,-9.458374444,42.89,730
511746.39,6940711.18,-9.506394322,40.94,730
511744.48,6940711.55,-9.695674376,38.99,730
511742.63,6940711.91,-9.937241379,37.12,730
511742.56,6940711.92,-9.945764578,37.04,730
511740.65,6940712.3,-10.12132204,35.09,730
511738.73,6940712.67,-10.0977463,33.14,730
511737.84,6940712.84,-9.937241379,32.23,730
511736.82,6940713.04,-9.728711691,31.2,730
511735.14,6940713.37,-9.156551724,29.48,730
511734.91,6940713.41,-9.068894607,29.25,730
511732.99,6940713.79,-8.430680274,27.3,730
511732.62,6940713.86,-8.375862069,26.92,730
511731.08,6940714.16,-8.126689784,25.35,730
511729.17,6940714.53,-8.247717499,23.4,730
511728.61,6940714.64,-8.375862069,22.83,730
511727.25,6940714.9,-8.64095052,21.45,730
511725.34,6940715.28,-9.147941804,19.5,730
511725.31,6940715.28,-9.156551724,19.47,730
511723.42,6940715.65,-9.616293688,17.55,730
511722.17,6940715.89,-9.937241379,16.27,730
511721.51,6940716.02,-10.0850215,15.6,730
511719.6,6940716.39,-10.55188394,13.65,730
511719.02,6940716.51,-10.71793103,13.06,730
511717.68,6940716.77,-11.09370329,11.7,730
511716.43,6940717.01,-11.49862069,10.43,730
511715.77,6940717.14,-11.75395173,9.75,730
511714.13,6940717.46,-12.27931034,8.07,730
511713.86,6940717.51,-12.42209435,7.8,730
511711.94,6940717.88,-12.76312277,5.85,730
511710.03,6940718.26,-12.60967525,3.9,730
511708.11,6940718.63,-12.4307871,1.95,730
511706.2,6940719,-12.36946354,0,730
511706.2,6940719,-12.45326305,0,730
511708.11,6940718.63,-12.5183439,1.95,730
511710.03,6940718.26,-12.70658431,3.9,730
511711.94,6940717.88,-12.87556093,5.85,730
511713.86,6940717.51,-12.67656141,7.8,735
511714.61,6940717.36,-12.27931034,8.57,735
511715.77,6940717.14,-11.90816508,9.75,735
511716.83,6940716.93,-11.49862069,10.83,735
511717.68,6940716.77,-11.22375169,11.7,735
511719.48,6940716.42,-10.71793103,13.53,735
511719.6,6940716.39,-10.68418606,13.65,735
511721.51,6940716.02,-10.21769776,15.6,735
511722.76,6940715.78,-9.937241379,16.88,735
511723.42,6940715.65,-9.768313701,17.55,735
511725.34,6940715.28,-9.303784445,19.5,735
511726.01,6940715.15,-9.156551724,20.18,735
511727.25,6940714.9,-8.826510024,21.45,735
511729.17,6940714.53,-8.453000407,23.4,735
511730.51,6940714.27,-8.375862069,24.77,735
511731.08,6940714.16,-8.339281425,25.35,735
511731.31,6940714.11,-8.375862069,25.58,735
511732.99,6940713.79,-8.624397869,27.3,735
511734.58,6940713.48,-9.156551724,28.92,735
511734.91,6940713.41,-9.257181425,29.25,735
511736.82,6940713.04,-9.90744019,31.2,735
511736.97,6940713.01,-9.937241379,31.34,735
511738.73,6940712.67,-10.25491146,33.14,735
511740.65,6940712.3,-10.27347746,35.09,735
511742.56,6940711.92,-10.09539938,37.04,735
511743.9,6940711.66,-9.937241379,38.41,735
511744.48,6940711.55,-9.862237848,38.99,735
511746.39,6940711.18,-9.67158818,40.94,735
511748.3,6940710.81,-9.62186829,42.89,735
511750.22,6940710.43,-9.727457214,44.84,735
511752.13,6940710.06,-9.890550244,46.79,735
511754.04,6940709.69,-9.929537767,48.74,735
511755.96,6940709.32,-9.706988461,50.69,735
511757.87,6940708.94,-9.243503352,52.64,735
511758.2,6940708.88,-9.156551724,52.97,735
511759.79,6940708.57,-8.615420835,54.59,735
511760.88,6940708.36,-8.375862069,55.71,735
511761.7,6940708.2,-8.154384977,56.54,735
511761.7,6940708.2,-8.012523425,56.54,735
511760.36,6940708.46,-8.375862069,55.18,735
511759.79,6940708.57,-8.501551282,54.59,735
511757.87,6940708.94,-9.152472783,52.64,735
511757.86,6940708.95,-9.156551724,52.63,735
511755.96,6940709.32,-9.619927102,50.69,735
511754.04,6940709.69,-9.845031265,48.74,735
511752.13,6940710.06,-9.807998731,46.79,735
511750.22,6940710.43,-9.645900219,44.84,735
511748.3,6940710.81,-9.540121367,42.89,735
511746.39,6940711.18,-9.588991251,40.94,735
511744.48,6940711.55,-9.778956112,38.99,735
511743.27,6940711.79,-9.937241379,37.76,735
511742.56,6940711.92,-10.02058198,37.04,735
511740.65,6940712.3,-10.19739975,35.09,735
511738.73,6940712.67,-10.17632888,33.14,735
511737.4,6940712.93,-9.937241379,31.79,735
511736.82,6940713.04,-9.81807594,31.2,735
511734.91,6940713.41,-9.167389598,29.25,735
511734.87,6940713.42,-9.156551724,29.21,735
511732.99,6940713.79,-8.527539071,27.3,735
511731.96,6940713.99,-8.375862069,26.25,735
511731.08,6940714.16,-8.232985605,25.35,735
511729.17,6940714.53,-8.356537766,23.4,735
511729.08,6940714.55,-8.375862069,23.31,735
511727.25,6940714.9,-8.733730272,21.45,735
511725.66,6940715.21,-9.156551724,19.82,735
511725.34,6940715.28,-9.226543961,19.5,735
511723.42,6940715.65,-9.692303694,17.55,735
511722.47,6940715.83,-9.937241379,16.57,735
511721.51,6940716.02,-10.15135963,15.6,735
511719.6,6940716.39,-10.618035,13.65,735
511719.25,6940716.46,-10.71793103,13.29,735
511717.68,6940716.77,-11.15872749,11.7,735
511716.63,6940716.97,-11.49862069,10.63,735
511715.77,6940717.14,-11.8310584,9.75,735
511714.37,6940717.41,-12.27931034,8.32,735
511713.86,6940717.51,-12.54932788,7.8,735
511711.94,6940717.88,-12.87556093,5.85,735
511710.03,6940718.26,-12.70658431,3.9,735
511708.11,6940718.63,-12.5183439,1.95,735
511706.2,6940719,-12.45326305,0,735
511706.2,6940719,-12.53706256,0,735
511708.11,6940718.63,-12.60590069,1.95,735
511710.03,6940718.26,-12.80349336,3.9,735
511711.31,6940718.01,-12.92665324,5.2,735
511712.32,6940717.81,-12.92665324,6.23,735
511713.86,6940717.51,-12.80379494,7.8,740
511714.85,6940717.32,-12.27931034,8.81,740
511715.77,6940717.14,-11.98527175,9.75,740
511717.04,6940716.89,-11.49862069,11.04,740
511717.68,6940716.77,-11.28877589,11.7,740
511719.6,6940716.39,-10.74927327,13.65,740
511719.73,6940716.37,-10.71793103,13.78,740
511721.51,6940716.02,-10.28403589,15.6,740
511723.06,6940715.72,-9.937241379,17.18,740
511723.42,6940715.65,-9.844323707,17.55,740
511725.34,6940715.28,-9.381024929,19.5,740
511726.36,6940715.08,-9.156551724,20.53,740
511727.25,6940714.9,-8.919289776,21.45,740
511729.17,6940714.53,-8.546794743,23.4,740
511731.08,6940714.16,-8.438140318,25.35,740
511732.99,6940713.79,-8.721256666,27.3,740
511734.29,6940713.53,-9.156551724,28.62,740
511734.91,6940713.41,-9.346973252,29.25,740
511736.64,6940713.08,-9.937241379,31.02,740
511736.82,6940713.04,-9.991612789,31.2,740
511738.73,6940712.67,-10.33349405,33.14,740
511740.65,6940712.3,-10.34955517,35.09,740
511742.56,6940711.92,-10.17021678,37.04,740
511744.48,6940711.55,-9.944653226,38.99,740
511744.56,6940711.54,-9.937241379,39.08,740
511746.39,6940711.18,-9.754185109,40.94,740
511748.3,6940710.81,-9.703615213,42.89,740
511750.22,6940710.43,-9.809014209,44.84,740
511751.72,6940710.14,-9.937241379,46.37,740
511752.13,6940710.06,-9.968668467,46.79,740
511754.04,6940709.69,-10.00345865,48.74,740
511754.73,6940709.56,-9.937241379,49.44,740
511755.96,6940709.32,-9.794049821,50.69,740
511757.87,6940708.94,-9.333733959,52.64,740
511758.53,6940708.82,-9.156551724,53.31,740
511759.79,6940708.57,-8.729290387,54.59,740
511761.41,6940708.26,-8.375862069,56.24,740
511761.7,6940708.2,-8.296246529,56.54,740
511761.7,6940708.2,-8.154384977,56.54,740
511760.88,6940708.36,-8.375862069,55.71,740
511759.79,6940708.57,-8.615420835,54.59,740
511758.2,6940708.88,-9.156551724,52.97,740
511757.87,6940708.94,-9.243503352,52.64,740
511755.96,6940709.32,-9.706988461,50.69,740
511754.04,6940709.69,-9.929537767,48.74,740
511752.13,6940710.06,-9.890550244,46.79,740
511750.22,6940710.43,-9.727457214,44.84,740
511748.3,6940710.81,-9.62186829,42.89,740
511746.39,6940711.18,-9.67158818,40.94,740
511744.48,6940711.55,-9.862237848,38.99,740
511743.9,6940711.66,-9.937241379,38.41,740
511742.56,6940711.92,-10.09539938,37.04,740
511740.65,6940712.3,-10.27347746,35.09,740
511738.73,6940712.67,-10.25491146,33.14,740
511736.97,6940713.01,-9.937241379,31.34,740
511736.82,6940713.04,-9.90744019,31.2,740
511734.91,6940713.41,-9.257181425,29.25,740
511734.58,6940713.48,-9.156551724,28.92,740
511732.99,6940713.79,-8.624397869,27.3,740
511731.31,6940714.11,-8.375862069,25.58,740
511731.08,6940714.16,-8.339281425,25.35,740
511730.51,6940714.27,-8.375862069,24.77,740
511729.17,6940714.53,-8.453000407,23.4,740
511727.25,6940714.9,-8.826510024,21.45,740
511726.01,6940715.15,-9.156551724,20.18,740
511725.34,6940715.28,-9.303784445,19.5,740
511723.42,6940715.65,-9.768313701,17.55,740
511722.76,6940715.78,-9.937241379,16.88,740
511721.51,6940716.02,-10.21769776,15.6,740
511719.6,6940716.39,-10.68418606,13.65,740
511719.48,6940716.42,-10.71793103,13.53,740
511717.68,6940716.77,-11.22375169,11.7,740
511716.83,6940716.93,-11.49862069,10.83,740
511715.77,6940717.14,-11.90816508,9.75,740
511714.61,6940717.36,-12.27931034,8.57,740
511713.86,6940717.51,-12.67656141,7.8,740
511712.32,6940717.81,-12.92665324,6.23,740
511713.08,6940717.66,-12.92665324,7.01,740
511710.03,6940718.26,-12.80349336,3.9,740
511708.11,6940718.63,-12.60590069,1.95,740
511706.2,6940719,-12.53706256,0,740
511706.2,6940719,-12.62086207,0,740
511708.11,6940718.63,-12.69345749,1.95,740
511710.03,6940718.26,-12.90040242,3.9,740
511710.29,6940718.2,-12.92665324,4.16,740
511711.31,6940718.01,-12.92665324,5.2,740
511715.09,6940717.27,-12.27931034,9.06,745
511715.77,6940717.14,-12.06237843,9.75,745
511717.24,6940716.85,-11.49862069,11.24,745
511717.68,6940716.77,-11.35380009,11.7,745
511719.6,6940716.39,-10.81325269,13.65,745
511720,6940716.31,-10.71793103,14.06,745
511721.51,6940716.02,-10.35037402,15.6,745
511723.36,6940715.66,-9.937241379,17.48,745
511723.42,6940715.65,-9.920333713,17.55,745
511725.34,6940715.28,-9.458265413,19.5,745
511726.71,6940715.01,-9.156551724,20.89,745
511727.25,6940714.9,-9.012069528,21.45,745
511729.17,6940714.53,-8.64058908,23.4,745
511731.08,6940714.16,-8.533096939,25.35,745
511732.99,6940713.79,-8.818115463,27.3,745
511734,6940713.59,-9.156551724,28.33,745
511734.91,6940713.41,-9.43676508,29.25,745
511736.38,6940713.13,-9.937241379,30.75,745
511736.82,6940713.04,-10.07318785,31.2,745
511738.73,6940712.67,-10.41207663,33.14,745
511740.65,6940712.3,-10.42563287,35.09,745
511742.56,6940711.92,-10.24503418,37.04,745
511744.48,6940711.55,-10.01921909,38.99,745
511745.38,6940711.37,-9.937241379,39.92,745
511746.39,6940711.18,-9.836782038,40.94,745
511748.3,6940710.81,-9.785362136,42.89,745
511750.22,6940710.43,-9.890571204,44.84,745
511750.76,6940710.33,-9.937241379,45.4,745
511752.13,6940710.06,-10.04101443,46.79,745
511754.04,6940709.69,-10.07631775,48.74,745
511755.48,6940709.41,-9.937241379,50.2,745
511755.96,6940709.32,-9.88111118,50.69,745
511757.87,6940708.94,-9.423964567,52.64,745
511758.86,6940708.75,-9.156551724,53.65,745
511759.79,6940708.57,-8.84315994,54.59,745
511761.7,6940708.2,-8.42625693,56.54,745
511761.7,6940708.2,-8.296246529,56.54,745
511761.41,6940708.26,-8.375862069,56.24,745
511759.79,6940708.57,-8.729290387,54.59,745
511758.53,6940708.82,-9.156551724,53.31,745
511757.87,6940708.94,-9.333733959,52.64,745
511755.96,6940709.32,-9.794049821,50.69,745
511754.73,6940709.56,-9.937241379,49.44,745
511754.04,6940709.69,-10.00345865,48.74,745
511752.13,6940710.06,-9.968668467,46.79,745
511751.72,6940710.14,-9.937241379,46.37,745
511750.22,6940710.43,-9.809014209,44.84,745
511748.3,6940710.81,-9.703615213,42.89,745
511746.39,6940711.18,-9.754185109,40.94,745
511744.56,6940711.54,-9.937241379,39.08,745
511744.48,6940711.55,-9.944653226,38.99,745
511742.56,6940711.92,-10.17021678,37.04,745
511740.65,6940712.3,-10.34955517,35.09,745
511738.73,6940712.67,-10.33349405,33.14,745
511736.82,6940713.04,-9.991612789,31.2,745
511736.64,6940713.08,-9.937241379,31.02,745
511734.91,6940713.41,-9.346973252,29.25,745
511734.29,6940713.53,-9.156551724,28.62,745
511732.99,6940713.79,-8.721256666,27.3,745
511731.08,6940714.16,-8.438140318,25.35,745
511729.17,6940714.53,-8.546794743,23.4,745
511727.25,6940714.9,-8.919289776,21.45,745
511726.36,6940715.08,-9.156551724,20.53,745
511725.34,6940715.28,-9.381024929,19.5,745
511723.42,6940715.65,-9.844323707,17.55,745
511723.06,6940715.72,-9.937241379,17.18,745
511721.51,6940716.02,-10.28403589,15.6,745
511719.73,6940716.37,-10.71793103,13.78,745
511719.6,6940716.39,-10.74927327,13.65,745
511717.68,6940716.77,-11.28877589,11.7,745
511717.04,6940716.89,-11.49862069,11.04,745
511715.77,6940717.14,-11.98527175,9.75,745
511714.85,6940717.32,-12.27931034,8.81,745
511713.86,6940717.51,-12.80379494,7.8,745
511713.08,6940717.66,-12.92665324,7.01,745
511713.86,6940717.51,-12.92665324,7.81,745
511710.03,6940718.26,-12.90040242,3.9,745
511708.11,6940718.63,-12.69345749,1.95,745
511706.2,6940719,-12.62086207,0,745
511706.2,6940719,-12.70466158,0,745
511708.11,6940718.63,-12.78101428,1.95,745
511709.4,6940718.38,-12.92665324,3.26,745
511710.29,6940718.2,-12.92665324,4.16,745
511715.33,6940717.22,-12.27931034,9.3,750
511715.77,6940717.14,-12.1394851,9.75,750
511717.44,6940716.81,-11.49862069,11.45,750
511717.68,6940716.77,-11.41882429,11.7,750
511719.6,6940716.39,-10.87723211,13.65,750
511720.27,6940716.26,-10.71793103,14.34,750
511721.51,6940716.02,-10.41671215,15.6,750
511723.42,6940715.65,-9.989530344,17.55,750
511723.67,6940715.6,-9.937241379,17.8,750
511725.34,6940715.28,-9.535505898,19.5,750
511727.06,6940714.94,-9.156551724,21.25,750
511727.25,6940714.9,-9.10484928,21.45,750
511729.17,6940714.53,-8.734383416,23.4,750
511731.08,6940714.16,-8.62805356,25.35,750
511732.99,6940713.79,-8.914974261,27.3,750
511733.71,6940713.65,-9.156551724,28.03,750
511734.91,6940713.41,-9.526556907,29.25,750
511736.12,6940713.18,-9.937241379,30.48,750
511736.82,6940713.04,-10.15476291,31.2,750
511738.73,6940712.67,-10.49065921,33.14,750
511740.65,6940712.3,-10.50171058,35.09,750
511742.56,6940711.92,-10.31985158,37.04,750
511744.48,6940711.55,-10.09378495,38.99,750
511746.21,6940711.21,-9.937241379,40.76,750
511746.39,6940711.18,-9.919378967,40.94,750
511748.3,6940710.81,-9.867109059,42.89,750
511749.58,6940710.56,-9.937241379,44.19,750
511750.22,6940710.43,-9.968404971,44.84,750
511752.13,6940710.06,-10.1133604,46.79,750
511754.04,6940709.69,-10.14917685,48.74,750
511755.96,6940709.32,-9.963795836,50.69,750
511756.09,6940709.29,-9.937241379,50.83,750
511757.87,6940708.94,-9.514195175,52.64,750
511759.2,6940708.69,-9.156551724,53.99,750
511759.79,6940708.57,-8.957029493,54.59,750
511761.7,6940708.2,-8.54110916,56.54,750
511761.7,6940708.2,-8.42625693,56.54,750
511759.79,6940708.57,-8.84315994,54.59,750
511758.86,6940708.75,-9.156551724,53.65,750
511757.87,6940708.94,-9.423964567,52.64,750
511755.96,6940709.32,-9.88111118,50.69,750
511755.48,6940709.41,-9.937241379,50.2,750
511754.04,6940709.69,-10.07631775,48.74,750
511752.13,6940710.06,-10.04101443,46.79,750
511750.76,6940710.33,-9.937241379,45.4,750
511750.22,6940710.43,-9.890571204,44.84,750
511748.3,6940710.81,-9.785362136,42.89,750
511746.39,6940711.18,-9.836782038,40.94,750
511745.38,6940711.37,-9.937241379,39.92,750
511744.48,6940711.55,-10.01921909,38.99,750
511742.56,6940711.92,-10.24503418,37.04,750
511740.65,6940712.3,-10.42563287,35.09,750
511738.73,6940712.67,-10.41207663,33.14,750
511736.82,6940713.04,-10.07318785,31.2,750
511736.38,6940713.13,-9.937241379,30.75,750
511734.91,6940713.41,-9.43676508,29.25,750
511734,6940713.59,-9.156551724,28.33,750
511732.99,6940713.79,-8.818115463,27.3,750
511731.08,6940714.16,-8.533096939,25.35,750
511729.17,6940714.53,-8.64058908,23.4,750
511727.25,6940714.9,-9.012069528,21.45,750
511726.71,6940715.01,-9.156551724,20.89,750
511725.34,6940715.28,-9.458265413,19.5,750
511723.42,6940715.65,-9.920333713,17.55,750
511723.36,6940715.66,-9.937241379,17.48,750
511721.51,6940716.02,-10.35037402,15.6,750
511720,6940716.31,-10.71793103,14.06,750
511719.6,6940716.39,-10.81325269,13.65,750
511717.68,6940716.77,-11.35380009,11.7,750
511717.24,6940716.85,-11.49862069,11.24,750
511715.77,6940717.14,-12.06237843,9.75,750
511715.09,6940717.27,-12.27931034,9.06,750
511713.86,6940717.51,-12.92665324,7.81,750
511714.1,6940717.46,-12.92665324,8.05,750
511708.11,6940718.63,-12.78101428,1.95,750
511706.2,6940719,-12.70466158,0,750
511706.2,6940719,-12.78846109,0,750
511708.11,6940718.63,-12.86857108,1.95,750
511708.61,6940718.53,-12.92665324,2.46,750
511709.4,6940718.38,-12.92665324,3.26,750
511715.57,6940717.18,-12.27931034,9.55,755
511715.77,6940717.14,-12.21659178,9.75,755
511717.64,6940716.77,-11.49862069,11.65,755
511717.68,6940716.77,-11.48384849,11.7,755
511719.6,6940716.39,-10.94121153,13.65,755
511720.55,6940716.21,-10.71793103,14.62,755
511721.51,6940716.02,-10.48305028,15.6,755
511723.42,6940715.65,-10.05677784,17.55,755
511723.99,6940715.54,-9.937241379,18.13,755
511725.34,6940715.28,-9.612746382,19.5,755
511727.25,6940714.9,-9.191602838,21.45,755
511727.47,6940714.86,-9.156551724,21.67,755
511729.17,6940714.53,-8.828177753,23.4,755
511731.08,6940714.16,-8.72301018,25.35,755
511732.99,6940713.79,-9.011833058,27.3,755
511733.43,6940713.7,-9.156551724,27.74,755
511734.91,6940713.41,-9.616348734,29.25,755
511735.85,6940713.23,-9.937241379,30.21,755
511736.82,6940713.04,-10.23633797,31.2,755
511738.73,6940712.67,-10.56924179,33.14,755
511740.65,6940712.3,-10.57778829,35.09,755
511742.56,6940711.92,-10.39466899,37.04,755
511744.48,6940711.55,-10.16835081,38.99,755
511746.39,6940711.18,-9.995583775,40.94,755
511748.3,6940710.81,-9.947723842,42.89,755
511750.22,6940710.43,-10.04125795,44.84,755
511752.13,6940710.06,-10.18570636,46.79,755
511754.04,6940709.69,-10.22203595,48.74,755
511755.96,6940709.32,-10.03853817,50.69,755
511756.47,6940709.22,-9.937241379,51.22,755
511757.87,6940708.94,-9.604425783,52.64,755
511759.53,6940708.62,-9.156551724,54.33,755
511759.79,6940708.57,-9.070899046,54.59,755
511761.7,6940708.2,-8.65596139,56.54,755
511761.7,6940708.2,-8.54110916,56.54,755
511759.79,6940708.57,-8.957029493,54.59,755
511759.2,6940708.69,-9.156551724,53.99,755
511757.87,6940708.94,-9.514195175,52.64,755
511756.09,6940709.29,-9.937241379,50.83,755
511755.96,6940709.32,-9.963795836,50.69,755
511754.04,6940709.69,-10.14917685,48.74,755
511752.13,6940710.06,-10.1133604,46.79,755
511750.22,6940710.43,-9.968404971,44.84,755
511749.58,6940710.56,-9.937241379,44.19,755
511748.3,6940710.81,-9.867109059,42.89,755
511746.39,6940711.18,-9.919378967,40.94,755
511746.21,6940711.21,-9.937241379,40.76,755
511744.48,6940711.55,-10.09378495,38.99,755
511742.56,6940711.92,-10.31985158,37.04,755
511740.65,6940712.3,-10.50171058,35.09,755
511738.73,6940712.67,-10.49065921,33.14,755
511736.82,6940713.04,-10.15476291,31.2,755
511736.12,6940713.18,-9.937241379,30.48,755
511734.91,6940713.41,-9.526556907,29.25,755
511733.71,6940713.65,-9.156551724,28.03,755
511732.99,6940713.79,-8.914974261,27.3,755
511731.08,6940714.16,-8.62805356,25.35,755
511729.17,6940714.53,-8.734383416,23.4,755
511727.25,6940714.9,-9.10484928,21.45,755
511727.06,6940714.94,-9.156551724,21.25,755
511725.34,6940715.28,-9.535505898,19.5,755
511723.67,6940715.6,-9.937241379,17.8,755
511723.42,6940715.65,-9.989530344,17.55,755
511721.51,6940716.02,-10.41671215,15.6,755
511720.27,6940716.26,-10.71793103,14.34,755
511719.6,6940716.39,-10.87723211,13.65,755
511717.68,6940716.77,-11.41882429,11.7,755
511717.44,6940716.81,-11.49862069,11.45,755
511715.77,6940717.14,-12.1394851,9.75,755
511715.33,6940717.22,-12.27931034,9.3,755
511714.1,6940717.46,-12.92665324,8.05,755
511714.35,6940717.41,-12.92665324,8.3,755
511708.11,6940718.63,-12.86857108,1.95,755
511706.2,6940719,-12.78846109,0,755
511706.2,6940719,-12.8722606,0,755
511707.44,6940718.76,-12.92665324,1.26,755
511708.61,6940718.53,-12.92665324,2.46,755
511715.77,6940717.14,-12.3037042,9.75,760
511715.81,6940717.13,-12.27931034,9.79,760
511717.68,6940716.77,-11.5566302,11.7,760
511717.86,6940716.73,-11.49862069,11.88,760
511719.6,6940716.39,-11.00519094,13.65,760
511720.82,6940716.16,-10.71793103,14.89,760
511721.51,6940716.02,-10.5493884,15.6,760
511723.42,6940715.65,-10.12402534,17.55,760
511724.31,6940715.48,-9.937241379,18.45,760
511725.34,6940715.28,-9.689986866,19.5,760
511727.25,6940714.9,-9.270771456,21.45,760
511727.95,6940714.77,-9.156551724,22.16,760
511729.17,6940714.53,-8.921972089,23.4,760
511731.08,6940714.16,-8.817966801,25.35,760
511732.99,6940713.79,-9.108691855,27.3,760
511733.14,6940713.76,-9.156551724,27.44,760
511734.91,6940713.41,-9.706140562,29.25,760
511735.59,6940713.28,-9.937241379,29.94,760
511736.82,6940713.04,-10.31791304,31.2,760
511738.73,6940712.67,-10.64782437,33.14,760
511740.65,6940712.3,-10.653866,35.09,760
511742.56,6940711.92,-10.46948639,37.04,760
511744.48,6940711.55,-10.24291667,38.99,760
511746.39,6940711.18,-10.07002478,40.94,760
511748.3,6940710.81,-10.02150243,42.89,760
511750.22,6940710.43,-10.11411094,44.84,760
511752.13,6940710.06,-10.25805233,46.79,760
511754.04,6940709.69,-10.29489506,48.74,760
511755.96,6940709.32,-10.1132805,50.69,760
511756.85,6940709.14,-9.937241379,51.6,760
511757.87,6940708.94,-9.69465639,52.64,760
511759.79,6940708.57,-9.17975037,54.59,760
511759.92,6940708.55,-9.156551724,54.73,760
511761.7,6940708.2,-8.770813619,56.54,760
511761.7,6940708.2,-8.65596139,56.54,760
511759.79,6940708.57,-9.070899046,54.59,760
511759.53,6940708.62,-9.156551724,54.33,760
511757.87,6940708.94,-9.604425783,52.64,760
511756.47,6940709.22,-9.937241379,51.22,760
511755.96,6940709.32,-10.03853817,50.69,760
511754.04,6940709.69,-10.22203595,48.74,760
511752.13,6940710.06,-10.18570636,46.79,760
511750.22,6940710.43,-10.04125795,44.84,760
511748.3,6940710.81,-9.947723842,42.89,760
511746.39,6940711.18,-9.995583775,40.94,760
511744.48,6940711.55,-10.16835081,38.99,760
511742.56,6940711.92,-10.39466899,37.04,760
511740.65,6940712.3,-10.57778829,35.09,760
511738.73,6940712.67,-10.56924179,33.14,760
511736.82,6940713.04,-10.23633797,31.2,760
511735.85,6940713.23,-9.937241379,30.21,760
511734.91,6940713.41,-9.616348734,29.25,760
511733.43,6940713.7,-9.156551724,27.74,760
511732.99,6940713.79,-9.011833058,27.3,760
511731.08,6940714.16,-8.72301018,25.35,760
511729.17,6940714.53,-8.828177753,23.4,760
511727.47,6940714.86,-9.156551724,21.67,760
511727.25,6940714.9,-9.191602838,21.45,760
511725.34,6940715.28,-9.612746382,19.5,760
511723.99,6940715.54,-9.937241379,18.13,760
511723.42,6940715.65,-10.05677784,17.55,760
511721.51,6940716.02,-10.48305028,15.6,760
511720.55,6940716.21,-10.71793103,14.62,760
511719.6,6940716.39,-10.94121153,13.65,760
511717.68,6940716.77,-11.48384849,11.7,760
511717.64,6940716.77,-11.49862069,11.65,760
511715.77,6940717.14,-12.21659178,9.75,760
511715.57,6940717.18,-12.27931034,9.55,760
511714.35,6940717.41,-12.92665324,8.3,760
511714.6,6940717.37,-12.92665324,8.55,760
511706.2,6940719,-12.8722606,0,760
511706.2,6940719,-12.92665324,0,760
511707.44,6940718.76,-12.92665324,1.26,760
511715.77,6940717.14,-12.43443226,9.75,765
511716,6940717.09,-12.27931034,9.98,765
511717.68,6940716.77,-11.63169233,11.7,765
511718.08,6940716.69,-11.49862069,12.11,765
511719.6,6940716.39,-11.06917036,13.65,765
511721.09,6940716.1,-10.71793103,15.17,765
511721.51,6940716.02,-10.61572653,15.6,765
511723.42,6940715.65,-10.19127284,17.55,765
511724.63,6940715.41,-9.937241379,18.78,765
511725.34,6940715.28,-9.76722735,19.5,765
511727.25,6940714.9,-9.349940073,21.45,765
511728.44,6940714.67,-9.156551724,22.65,765
511729.17,6940714.53,-9.015766425,23.4,765
511731.08,6940714.16,-8.912923422,25.35,765
511732.68,6940713.85,-9.156551724,26.97,765
511732.99,6940713.79,-9.201284843,27.3,765
511734.91,6940713.41,-9.795932389,29.25,765
511735.32,6940713.33,-9.937241379,29.67,765
511736.82,6940713.04,-10.3994881,31.2,765
511738.68,6940712.68,-10.71793103,33.09,765
511738.73,6940712.67,-10.7262715,33.14,765
511740.65,6940712.3,-10.72969537,35.09,765
511740.77,6940712.27,-10.71793103,35.22,765
511742.56,6940711.92,-10.54430379,37.04,765
511744.48,6940711.55,-10.31748253,38.99,765
511746.39,6940711.18,-10.14446579,40.94,765
511748.3,6940710.81,-10.09528103,42.89,765
511750.22,6940710.43,-10.18696392,44.84,765
511752.13,6940710.06,-10.33039829,46.79,765
511754.04,6940709.69,-10.36775416,48.74,765
511755.96,6940709.32,-10.18802284,50.69,765
511757.23,6940709.07,-9.937241379,51.99,765
511757.87,6940708.94,-9.784886998,52.64,765
511759.79,6940708.57,-9.273368794,54.59,765
511760.45,6940708.44,-9.156551724,55.27,765
511761.7,6940708.2,-8.885665849,56.54,765
511761.7,6940708.2,-8.770813619,56.54,765
511759.92,6940708.55,-9.156551724,54.73,765
511759.79,6940708.57,-9.17975037,54.59,765
511757.87,6940708.94,-9.69465639,52.64,765
511756.85,6940709.14,-9.937241379,51.6,765
511755.96,6940709.32,-10.1132805,50.69,765
511754.04,6940709.69,-10.29489506,48.74,765
511752.13,6940710.06,-10.25805233,46.79,765
511750.22,6940710.43,-10.11411094,44.84,765
511748.3,6940710.81,-10.02150243,42.89,765
511746.39,6940711.18,-10.07002478,40.94,765
511744.48,6940711.55,-10.24291667,38.99,765
511742.56,6940711.92,-10.46948639,37.04,765
511740.65,6940712.3,-10.653866,35.09,765
511738.73,6940712.67,-10.64782437,33.14,765
511736.82,6940713.04,-10.31791304,31.2,765
511735.59,6940713.28,-9.937241379,29.94,765
511734.91,6940713.41,-9.706140562,29.25,765
511733.14,6940713.76,-9.156551724,27.44,765
511732.99,6940713.79,-9.108691855,27.3,765
511731.08,6940714.16,-8.817966801,25.35,765
511729.17,6940714.53,-8.921972089,23.4,765
511727.95,6940714.77,-9.156551724,22.16,765
511727.25,6940714.9,-9.270771456,21.45,765
511725.34,6940715.28,-9.689986866,19.5,765
511724.31,6940715.48,-9.937241379,18.45,765
511723.42,6940715.65,-10.12402534,17.55,765
511721.51,6940716.02,-10.5493884,15.6,765
511720.82,6940716.16,-10.71793103,14.89,765
511719.6,6940716.39,-11.00519094,13.65,765
511717.86,6940716.73,-11.49862069,11.88,765
511717.68,6940716.77,-11.5566302,11.7,765
511715.81,6940717.13,-12.27931034,9.79,765
511715.77,6940717.14,-12.3037042,9.75,765
511714.6,6940717.37,-12.92665324,8.55,765
511714.84,6940717.32,-12.92665324,8.8,765
511715.77,6940717.14,-12.56516031,9.75,770
511716.2,6940717.05,-12.27931034,10.18,770
511717.68,6940716.77,-11.70675446,11.7,770
511718.31,6940716.64,-11.49862069,12.34,770
511719.6,6940716.39,-11.13314978,13.65,770
511721.36,6940716.05,-10.71793103,15.45,770
511721.51,6940716.02,-10.68206466,15.6,770
511723.42,6940715.65,-10.25852034,17.55,770
511724.95,6940715.35,-9.937241379,19.11,770
511725.34,6940715.28,-9.844467834,19.5,770
511727.25,6940714.9,-9.429108691,21.45,770
511728.92,6940714.58,-9.156551724,23.15,770
511729.17,6940714.53,-9.109560762,23.4,770
511731.08,6940714.16,-9.007880042,25.35,770
511732.05,6940713.97,-9.156551724,26.34,770
511732.99,6940713.79,-9.289711186,27.3,770
511734.91,6940713.41,-9.885724216,29.25,770
511735.06,6940713.38,-9.937241379,29.4,770
511736.82,6940713.04,-10.48106316,31.2,770
511738.21,6940712.77,-10.71793103,32.61,770
511738.73,6940712.67,-10.80359828,33.14,770
511740.65,6940712.3,-10.80420031,35.09,770
511741.54,6940712.12,-10.71793103,36.01,770
511742.56,6940711.92,-10.61912119,37.04,770
511744.48,6940711.55,-10.39204839,38.99,770
511746.39,6940711.18,-10.2189068,40.94,770
511748.3,6940710.81,-10.16905962,42.89,770
511750.22,6940710.43,-10.2598169,44.84,770
511752.13,6940710.06,-10.40274426,46.79,770
511754.04,6940709.69,-10.44061326,48.74,770
511755.96,6940709.32,-10.26276517,50.69,770
511757.61,6940709,-9.937241379,52.38,770
511757.87,6940708.94,-9.875117606,52.64,770
511759.79,6940708.57,-9.366987218,54.59,770
511760.98,6940708.34,-9.156551724,55.81,770
511761.7,6940708.2,-9.000518079,56.54,770
511761.7,6940708.2,-8.885665849,56.54,770
511760.45,6940708.44,-9.156551724,55.27,770
511759.79,6940708.57,-9.273368794,54.59,770
511757.87,6940708.94,-9.784886998,52.64,770
511757.23,6940709.07,-9.937241379,51.99,770
511755.96,6940709.32,-10.18802284,50.69,770
511754.04,6940709.69,-10.36775416,48.74,770
511752.13,6940710.06,-10.33039829,46.79,770
511750.22,6940710.43,-10.18696392,44.84,770
511748.3,6940710.81,-10.09528103,42.89,770
511746.39,6940711.18,-10.14446579,40.94,770
511744.48,6940711.55,-10.31748253,38.99,770
511742.56,6940711.92,-10.54430379,37.04,770
511740.77,6940712.27,-10.71793103,35.22,770
511740.65,6940712.3,-10.72969537,35.09,770
511738.73,6940712.67,-10.7262715,33.14,770
511738.68,6940712.68,-10.71793103,33.09,770
511736.82,6940713.04,-10.3994881,31.2,770
511735.32,6940713.33,-9.937241379,29.67,770
511734.91,6940713.41,-9.795932389,29.25,770
511732.99,6940713.79,-9.201284843,27.3,770
511732.68,6940713.85,-9.156551724,26.97,770
511731.08,6940714.16,-8.912923422,25.35,770
511729.17,6940714.53,-9.015766425,23.4,770
511728.44,6940714.67,-9.156551724,22.65,770
511727.25,6940714.9,-9.349940073,21.45,770
511725.34,6940715.28,-9.76722735,19.5,770
511724.63,6940715.41,-9.937241379,18.78,770
511723.42,6940715.65,-10.19127284,17.55,770
511721.51,6940716.02,-10.61572653,15.6,770
511721.09,6940716.1,-10.71793103,15.17,770
511719.6,6940716.39,-11.06917036,13.65,770
511718.08,6940716.69,-11.49862069,12.11,770
511717.68,6940716.77,-11.63169233,11.7,770
511716,6940717.09,-12.27931034,9.98,770
511715.77,6940717.14,-12.43443226,9.75,770
511714.84,6940717.32,-12.92665324,8.8,770
511715.09,6940717.27,-12.92665324,9.05,770
511715.77,6940717.14,-12.69588837,9.75,775
511716.39,6940717.02,-12.27931034,10.38,775
511717.68,6940716.77,-11.78181658,11.7,775
511718.53,6940716.6,-11.49862069,12.57,775
511719.6,6940716.39,-11.1971292,13.65,775
511721.51,6940716.02,-10.74746986,15.6,775
511721.65,6940715.99,-10.71793103,15.74,775
511723.42,6940715.65,-10.32576783,17.55,775
511725.27,6940715.29,-9.937241379,19.43,775
511725.34,6940715.28,-9.921708318,19.5,775
511727.25,6940714.9,-9.508277308,21.45,775
511729.17,6940714.53,-9.197507948,23.4,775
511730.06,6940714.36,-9.156551724,24.31,775
511731.08,6940714.16,-9.102836663,25.35,775
511731.43,6940714.09,-9.156551724,25.71,775
511732.99,6940713.79,-9.378137529,27.3,775
511734.79,6940713.44,-9.937241379,29.12,775
511734.91,6940713.41,-9.972901586,29.25,775
511736.82,6940713.04,-10.56263822,31.2,775
511737.73,6940712.86,-10.71793103,32.12,775
511738.73,6940712.67,-10.88092507,33.14,775
511740.65,6940712.3,-10.87870526,35.09,775
511742.31,6940711.97,-10.71793103,36.79,775
511742.56,6940711.92,-10.69393859,37.04,775
511744.48,6940711.55,-10.46661426,38.99,775
511746.39,6940711.18,-10.29334781,40.94,775
511748.3,6940710.81,-10.24283821,42.89,775
511750.22,6940710.43,-10.33266989,44.84,775
511752.13,6940710.06,-10.47509023,46.79,775
511754.04,6940709.69,-10.51347236,48.74,775
511755.96,6940709.32,-10.3375075,50.69,775
511757.87,6940708.94,-9.961570275,52.64,775
511757.98,6940708.92,-9.937241379,52.75,775
511759.79,6940708.57,-9.460605642,54.59,775
511761.51,6940708.24,-9.156551724,56.35,775
511761.7,6940708.2,-9.115370309,56.54,775
511761.7,6940708.2,-9.000518079,56.54,775
511760.98,6940708.34,-9.156551724,55.81,775
511759.79,6940708.57,-9.366987218,54.59,775
511757.87,6940708.94,-9.875117606,52.64,775
511757.61,6940709,-9.937241379,52.38,775
511755.96,6940709.32,-10.26276517,50.69,775
511754.04,6940709.69,-10.44061326,48.74,775
511752.13,6940710.06,-10.40274426,46.79,775
511750.22,6940710.43,-10.2598169,44.84,775
511748.3,6940710.81,-10.16905962,42.89,775
511746.39,6940711.18,-10.2189068,40.94,775
511744.48,6940711.55,-10.39204839,38.99,775
511742.56,6940711.92,-10.61912119,37.04,775
511741.54,6940712.12,-10.71793103,36.01,775
511740.65,6940712.3,-10.80420031,35.09,775
511738.73,6940712.67,-10.80359828,33.14,775
511738.21,6940712.77,-10.71793103,32.61,775
511736.82,6940713.04,-10.48106316,31.2,775
511735.06,6940713.38,-9.937241379,29.4,775
511734.91,6940713.41,-9.885724216,29.25,775
511732.99,6940713.79,-9.289711186,27.3,775
511732.05,6940713.97,-9.156551724,26.34,775
511731.08,6940714.16,-9.007880042,25.35,775
511729.17,6940714.53,-9.109560762,23.4,775
511728.92,6940714.58,-9.156551724,23.15,775
511727.25,6940714.9,-9.429108691,21.45,775
511725.34,6940715.28,-9.844467834,19.5,775
511724.95,6940715.35,-9.937241379,19.11,775
511723.42,6940715.65,-10.25852034,17.55,775
511721.51,6940716.02,-10.68206466,15.6,775
511721.36,6940716.05,-10.71793103,15.45,775
511719.6,6940716.39,-11.13314978,13.65,775
511718.31,6940716.64,-11.49862069,12.34,775
511717.68,6940716.77,-11.70675446,11.7,775
511716.2,6940717.05,-12.27931034,10.18,775
511715.77,6940717.14,-12.56516031,9.75,775
511715.09,6940717.27,-12.92665324,9.05,775
511715.33,6940717.22,-12.92665324,9.31,775
511715.77,6940717.14,-12.82661643,9.75,780
511716.59,6940716.98,-12.27931034,10.58,780
511717.68,6940716.77,-11.85687871,11.7,780
511718.76,6940716.56,-11.49862069,12.79,780
511719.6,6940716.39,-11.26110862,13.65,780
511721.51,6940716.02,-10.81177698,15.6,780
511721.95,6940715.93,-10.71793103,16.05,780
511723.42,6940715.65,-10.39301533,17.55,780
511725.34,6940715.28,-9.992052738,19.5,780
511725.63,6940715.22,-9.937241379,19.8,780
511727.25,6940714.9,-9.587445926,21.45,780
511729.17,6940714.53,-9.27958455,23.4,780
511731.08,6940714.16,-9.193704692,25.35,780
511732.99,6940713.79,-9.466563872,27.3,780
511734.5,6940713.49,-9.937241379,28.83,780
511734.91,6940713.41,-10.05655993,29.25,780
511736.82,6940713.04,-10.64421328,31.2,780
511737.25,6940712.96,-10.71793103,31.63,780
511738.73,6940712.67,-10.95825185,33.14,780
511740.65,6940712.3,-10.95321021,35.09,780
511742.56,6940711.92,-10.76765875,37.04,780
511742.99,6940711.84,-10.71793103,37.48,780
511744.48,6940711.55,-10.54118012,38.99,780
511746.39,6940711.18,-10.36778882,40.94,780
511748.3,6940710.81,-10.31661681,42.89,780
511750.22,6940710.43,-10.40552287,44.84,780
511752.13,6940710.06,-10.54743619,46.79,780
511754.04,6940709.69,-10.58633147,48.74,780
511755.96,6940709.32,-10.41224984,50.69,780
511757.87,6940708.94,-10.03967267,52.64,780
511758.34,6940708.85,-9.937241379,53.11,780
511759.79,6940708.57,-9.554224066,54.59,780
511761.7,6940708.2,-9.218110918,56.54,780
511761.7,6940708.2,-9.115370309,56.54,780
511761.51,6940708.24,-9.156551724,56.35,780
511759.79,6940708.57,-9.460605642,54.59,780
511757.98,6940708.92,-9.937241379,52.75,780
511757.87,6940708.94,-9.961570275,52.64,780
511755.96,6940709.32,-10.3375075,50.69,780
511754.04,6940709.69,-10.51347236,48.74,780
511752.13,6940710.06,-10.47509023,46.79,780
511750.22,6940710.43,-10.33266989,44.84,780
511748.3,6940710.81,-10.24283821,42.89,780
511746.39,6940711.18,-10.29334781,40.94,780
511744.48,6940711.55,-10.46661426,38.99,780
511742.56,6940711.92,-10.69393859,37.04,780
511742.31,6940711.97,-10.71793103,36.79,780
511740.65,6940712.3,-10.87870526,35.09,780
511738.73,6940712.67,-10.88092507,33.14,780
511737.73,6940712.86,-10.71793103,32.12,780
511736.82,6940713.04,-10.56263822,31.2,780
511734.91,6940713.41,-9.972901586,29.25,780
511734.79,6940713.44,-9.937241379,29.12,780
511732.99,6940713.79,-9.378137529,27.3,780
511731.43,6940714.09,-9.156551724,25.71,780
511731.08,6940714.16,-9.102836663,25.35,780
511730.06,6940714.36,-9.156551724,24.31,780
511729.17,6940714.53,-9.197507948,23.4,780
511727.25,6940714.9,-9.508277308,21.45,780
511725.34,6940715.28,-9.921708318,19.5,780
511725.27,6940715.29,-9.937241379,19.43,780
511723.42,6940715.65,-10.32576783,17.55,780
511721.65,6940715.99,-10.71793103,15.74,780
511721.51,6940716.02,-10.74746986,15.6,780
511719.6,6940716.39,-11.1971292,13.65,780
511718.53,6940716.6,-11.49862069,12.57,780
511717.68,6940716.77,-11.78181658,11.7,780
511716.39,6940717.02,-12.27931034,10.38,780
511715.77,6940717.14,-12.69588837,9.75,780
511715.33,6940717.22,-12.92665324,9.31,780
511715.58,6940717.17,-12.92665324,9.56,780
511716.78,6940716.94,-12.27931034,10.78,785
511717.68,6940716.77,-11.93194084,11.7,785
511718.98,6940716.51,-11.49862069,13.02,785
511719.6,6940716.39,-11.32508803,13.65,785
511721.51,6940716.02,-10.87608409,15.6,785
511722.26,6940715.88,-10.71793103,16.36,785
511723.42,6940715.65,-10.46026283,17.55,785
511725.34,6940715.28,-10.06066127,19.5,785
511726,6940715.15,-9.937241379,20.17,785
511727.25,6940714.9,-9.666614544,21.45,785
511729.17,6940714.53,-9.361661152,23.4,785
511731.08,6940714.16,-9.279247536,25.35,785
511732.99,6940713.79,-9.554990215,27.3,785
511734.22,6940713.55,-9.937241379,28.54,785
511734.91,6940713.41,-10.14021828,29.25,785
511736.79,6940713.05,-10.71793103,31.17,785
511736.82,6940713.04,-10.72573547,31.2,785
511738.73,6940712.67,-11.03557863,33.14,785
511740.65,6940712.3,-11.02771515,35.09,785
511742.56,6940711.92,-10.84086094,37.04,785
511743.62,6940711.72,-10.71793103,38.12,785
511744.48,6940711.55,-10.61574598,38.99,785
511746.39,6940711.18,-10.44222983,40.94,785
511748.3,6940710.81,-10.3903954,42.89,785
511750.22,6940710.43,-10.47837585,44.84,785
511752.13,6940710.06,-10.61978216,46.79,785
511754.04,6940709.69,-10.65919057,48.74,785
511755.96,6940709.32,-10.48699217,50.69,785
511757.87,6940708.94,-10.11777506,52.64,785
511758.69,6940708.79,-9.937241379,53.48,785
511759.79,6940708.57,-9.64784249,54.59,785
511761.7,6940708.2,-9.314081225,56.54,785
511761.7,6940708.2,-9.218110918,56.54,785
511759.79,6940708.57,-9.554224066,54.59,785
511758.34,6940708.85,-9.937241379,53.11,785
511757.87,6940708.94,-10.03967267,52.64,785
511755.96,6940709.32,-10.41224984,50.69,785
511754.04,6940709.69,-10.58633147,48.74,785
511752.13,6940710.06,-10.54743619,46.79,785
511750.22,6940710.43,-10.40552287,44.84,785
511748.3,6940710.81,-10.31661681,42.89,785
511746.39,6940711.18,-10.36778882,40.94,785
511744.48,6940711.55,-10.54118012,38.99,785
511742.99,6940711.84,-10.71793103,37.48,785
511742.56,6940711.92,-10.76765875,37.04,785
511740.65,6940712.3,-10.95321021,35.09,785
511738.73,6940712.67,-10.95825185,33.14,785
511737.25,6940712.96,-10.71793103,31.63,785
511736.82,6940713.04,-10.64421328,31.2,785
511734.91,6940713.41,-10.05655993,29.25,785
511734.5,6940713.49,-9.937241379,28.83,785
511732.99,6940713.79,-9.466563872,27.3,785
511731.08,6940714.16,-9.193704692,25.35,785
511729.17,6940714.53,-9.27958455,23.4,785
511727.25,6940714.9,-9.587445926,21.45,785
511725.63,6940715.22,-9.937241379,19.8,785
511725.34,6940715.28,-9.992052738,19.5,785
511723.42,6940715.65,-10.39301533,17.55,785
511721.95,6940715.93,-10.71793103,16.05,785
511721.51,6940716.02,-10.81177698,15.6,785
511719.6,6940716.39,-11.26110862,13.65,785
511718.76,6940716.56,-11.49862069,12.79,785
511717.68,6940716.77,-11.85687871,11.7,785
511716.59,6940716.98,-12.27931034,10.58,785
511715.77,6940717.14,-12.82661643,9.75,785
511715.58,6940717.17,-12.92665324,9.56,785
511715.81,6940717.13,-12.92665324,9.8,785
511716.98,6940716.9,-12.27931034,10.98,790
511717.68,6940716.77,-12.00700296,11.7,790
511719.21,6940716.47,-11.49862069,13.25,790
511719.6,6940716.39,-11.38906745,13.65,790
511721.51,6940716.02,-10.94039121,15.6,790
511722.56,6940715.82,-10.71793103,16.67,790
511723.42,6940715.65,-10.52751033,17.55,790
511725.34,6940715.28,-10.12926981,19.5,790
511726.36,6940715.08,-9.937241379,20.54,790
511727.25,6940714.9,-9.745783161,21.45,790
511729.17,6940714.53,-9.443737754,23.4,790
511731.08,6940714.16,-9.36479038,25.35,790
511732.99,6940713.79,-9.643416558,27.3,790
511733.94,6940713.6,-9.937241379,28.26,790
511734.91,6940713.41,-10.22387663,29.25,790
511736.52,6940713.1,-10.71793103,30.89,790
511736.82,6940713.04,-10.80676156,31.2,790
511738.73,6940712.67,-11.11290542,33.14,790
511740.65,6940712.3,-11.1022201,35.09,790
511742.56,6940711.92,-10.91406313,37.04,790
511744.24,6940711.6,-10.71793103,38.76,790
511744.48,6940711.55,-10.69031184,38.99,790
511746.39,6940711.18,-10.51667084,40.94,790
511748.3,6940710.81,-10.46417399,42.89,790
511750.22,6940710.43,-10.55122884,44.84,790
511752.13,6940710.06,-10.69212812,46.79,790
511753.37,6940709.82,-10.71793103,48.06,790
511754.04,6940709.69,-10.73147595,48.74,790
511754.21,6940709.66,-10.71793103,48.91,790
511755.96,6940709.32,-10.56173451,50.69,790
511757.87,6940708.94,-10.19587745,52.64,790
511759.05,6940708.72,-9.937241379,53.84,790
511759.79,6940708.57,-9.741460914,54.59,790
511761.7,6940708.2,-9.410051531,56.54,790
511761.7,6940708.2,-9.314081225,56.54,790
511759.79,6940708.57,-9.64784249,54.59,790
511758.69,6940708.79,-9.937241379,53.48,790
511757.87,6940708.94,-10.11777506,52.64,790
511755.96,6940709.32,-10.48699217,50.69,790
511754.04,6940709.69,-10.65919057,48.74,790
511752.13,6940710.06,-10.61978216,46.79,790
511750.22,6940710.43,-10.47837585,44.84,790
511748.3,6940710.81,-10.3903954,42.89,790
511746.39,6940711.18,-10.44222983,40.94,790
511744.48,6940711.55,-10.61574598,38.99,790
511743.62,6940711.72,-10.71793103,38.12,790
511742.56,6940711.92,-10.84086094,37.04,790
511740.65,6940712.3,-11.02771515,35.09,790
511738.73,6940712.67,-11.03557863,33.14,790
511736.82,6940713.04,-10.72573547,31.2,790
511736.79,6940713.05,-10.71793103,31.17,790
511734.91,6940713.41,-10.14021828,29.25,790
511734.22,6940713.55,-9.937241379,28.54,790
511732.99,6940713.79,-9.554990215,27.3,790
511731.08,6940714.16,-9.279247536,25.35,790
511729.17,6940714.53,-9.361661152,23.4,790
511727.25,6940714.9,-9.666614544,21.45,790
511726,6940715.15,-9.937241379,20.17,790
511725.34,6940715.28,-10.06066127,19.5,790
511723.42,6940715.65,-10.46026283,17.55,790
511722.26,6940715.88,-10.71793103,16.36,790
511721.51,6940716.02,-10.87608409,15.6,790
511719.6,6940716.39,-11.32508803,13.65,790
511718.98,6940716.51,-11.49862069,13.02,790
511717.68,6940716.77,-11.93194084,11.7,790
511716.78,6940716.94,-12.27931034,10.78,790
511715.81,6940717.13,-12.92665324,9.8,790
511716.01,6940717.09,-12.92665324,9.99,790
511717.17,6940716.87,-12.27931034,11.18,795
511717.68,6940716.77,-12.08206509,11.7,795
511719.44,6940716.42,-11.49862069,13.48,795
511719.6,6940716.39,-11.45304687,13.65,795
511721.51,6940716.02,-11.00469832,15.6,795
511722.87,6940715.76,-10.71793103,16.98,795
511723.42,6940715.65,-10.59475783,17.55,795
511725.34,6940715.28,-10.19787834,19.5,795
511726.73,6940715,-9.937241379,20.92,795
511727.25,6940714.9,-9.824951779,21.45,795
511729.17,6940714.53,-9.525814356,23.4,795
511731.08,6940714.16,-9.450333223,25.35,795
511732.99,6940713.79,-9.731842901,27.3,795
511733.65,6940713.66,-9.937241379,27.97,795
511734.91,6940713.41,-10.30753497,29.25,795
511736.25,6940713.15,-10.71793103,30.61,795
511736.82,6940713.04,-10.88778766,31.2,795
511738.73,6940712.67,-11.1902322,33.14,795
511740.65,6940712.3,-11.17672505,35.09,795
511742.56,6940711.92,-10.98726532,37.04,795
511744.48,6940711.55,-10.76396466,38.99,795
511744.99,6940711.45,-10.71793103,39.52,795
511746.39,6940711.18,-10.59111184,40.94,795
511748.3,6940710.81,-10.53795258,42.89,795
511750.22,6940710.43,-10.62408182,44.84,795
511751.49,6940710.19,-10.71793103,46.14,795
511752.13,6940710.06,-10.76297481,46.79,795
511754.04,6940709.69,-10.80137435,48.74,795
511755.05,6940709.49,-10.71793103,49.76,795
511755.96,6940709.32,-10.63647684,50.69,795
511757.87,6940708.94,-10.27397985,52.64,795
511759.4,6940708.65,-9.937241379,54.2,795
511759.79,6940708.57,-9.835079338,54.59,795
511761.7,6940708.2,-9.506021838,56.54,795
511761.7,6940708.2,-9.410051531,56.54,795
511759.79,6940708.57,-9.741460914,54.59,795
511759.05,6940708.72,-9.937241379,53.84,795
511757.87,6940708.94,-10.19587745,52.64,795
511755.96,6940709.32,-10.56173451,50.69,795
511754.21,6940709.66,-10.71793103,48.91,795
511754.04,6940709.69,-10.73147595,48.74,795
511753.37,6940709.82,-10.71793103,48.06,795
511752.13,6940710.06,-10.69212812,46.79,795
511750.22,6940710.43,-10.55122884,44.84,795
511748.3,6940710.81,-10.46417399,42.89,795
511746.39,6940711.18,-10.51667084,40.94,795
511744.48,6940711.55,-10.69031184,38.99,795
511744.24,6940711.6,-10.71793103,38.76,795
511742.56,6940711.92,-10.91406313,37.04,795
511740.65,6940712.3,-11.1022201,35.09,795
511738.73,6940712.67,-11.11290542,33.14,795
511736.82,6940713.04,-10.80676156,31.2,795
511736.52,6940713.1,-10.71793103,30.89,795
511734.91,6940713.41,-10.22387663,29.25,795
511733.94,6940713.6,-9.937241379,28.26,795
511732.99,6940713.79,-9.643416558,27.3,795
511731.08,6940714.16,-9.36479038,25.35,795
511729.17,6940714.53,-9.443737754,23.4,795
511727.25,6940714.9,-9.745783161,21.45,795
511726.36,6940715.08,-9.937241379,20.54,795
511725.34,6940715.28,-10.12926981,19.5,795
511723.42,6940715.65,-10.52751033,17.55,795
511722.56,6940715.82,-10.71793103,16.67,795
511721.51,6940716.02,-10.94039121,15.6,795
511719.6,6940716.39,-11.38906745,13.65,795
511719.21,6940716.47,-11.49862069,13.25,795
511717.68,6940716.77,-12.00700296,11.7,795
511716.98,6940716.9,-12.27931034,10.98,795
511716.01,6940717.09,-12.92665324,9.99,795
511716.2,6940717.05,-12.92665324,10.19,795
511717.37,6940716.83,-12.27931034,11.37,800
511717.68,6940716.77,-12.15712722,11.7,800
511719.6,6940716.39,-11.51982476,13.65,800
511719.68,6940716.38,-11.49862069,13.73,800
511721.51,6940716.02,-11.06900544,15.6,800
511723.17,6940715.7,-10.71793103,17.29,800
511723.42,6940715.65,-10.66200533,17.55,800
511725.34,6940715.28,-10.26648688,19.5,800
511727.1,6940714.93,-9.937241379,21.29,800
511727.25,6940714.9,-9.904120396,21.45,800
511729.17,6940714.53,-9.607890958,23.4,800
511731.08,6940714.16,-9.535876067,25.35,800
511732.99,6940713.79,-9.820269244,27.3,800
511733.37,6940713.71,-9.937241379,27.68,800
511734.91,6940713.41,-10.39119332,29.25,800
511735.97,6940713.21,-10.71793103,30.33,800
511736.82,6940713.04,-10.96881375,31.2,800
511738.73,6940712.67,-11.26755898,33.14,800
511740.65,6940712.3,-11.25122999,35.09,800
511742.56,6940711.92,-11.06046751,37.04,800
511744.48,6940711.55,-10.83708033,38.99,800
511745.81,6940711.29,-10.71793103,40.36,800
511746.39,6940711.18,-10.66555285,40.94,800
511748.3,6940710.81,-10.61173118,42.89,800
511750.22,6940710.43,-10.6969348,44.84,800
511750.5,6940710.38,-10.71793103,45.13,800
511752.13,6940710.06,-10.83299031,46.79,800
511754.04,6940709.69,-10.87127275,48.74,800
511755.88,6940709.33,-10.71793103,50.62,800
511755.96,6940709.32,-10.71121917,50.69,800
511757.87,6940708.94,-10.35208224,52.64,800
511759.75,6940708.58,-9.937241379,54.56,800
511759.79,6940708.57,-9.928697762,54.59,800
511761.7,6940708.2,-9.601992145,56.54,800
511761.7,6940708.2,-9.506021838,56.54,800
511759.79,6940708.57,-9.835079338,54.59,800
511759.4,6940708.65,-9.937241379,54.2,800
511757.87,6940708.94,-10.27397985,52.64,800
511755.96,6940709.32,-10.63647684,50.69,800
511755.05,6940709.49,-10.71793103,49.76,800
511754.04,6940709.69,-10.80137435,48.74,800
511752.13,6940710.06,-10.76297481,46.79,800
511751.49,6940710.19,-10.71793103,46.14,800
511750.22,6940710.43,-10.62408182,44.84,800
511748.3,6940710.81,-10.53795258,42.89,800
511746.39,6940711.18,-10.59111184,40.94,800
511744.99,6940711.45,-10.71793103,39.52,800
511744.48,6940711.55,-10.76396466,38.99,800
511742.56,6940711.92,-10.98726532,37.04,800
511740.65,6940712.3,-11.17672505,35.09,800
511738.73,6940712.67,-11.1902322,33.14,800
511736.82,6940713.04,-10.88778766,31.2,800
511736.25,6940713.15,-10.71793103,30.61,800
511734.91,6940713.41,-10.30753497,29.25,800
511733.65,6940713.66,-9.937241379,27.97,800
511732.99,6940713.79,-9.731842901,27.3,800
511731.08,6940714.16,-9.450333223,25.35,800
511729.17,6940714.53,-9.525814356,23.4,800
511727.25,6940714.9,-9.824951779,21.45,800
511726.73,6940715,-9.937241379,20.92,800
511725.34,6940715.28,-10.19787834,19.5,800
511723.42,6940715.65,-10.59475783,17.55,800
511722.87,6940715.76,-10.71793103,16.98,800
511721.51,6940716.02,-11.00469832,15.6,800
511719.6,6940716.39,-11.45304687,13.65,800
511719.44,6940716.42,-11.49862069,13.48,800
511717.68,6940716.77,-12.08206509,11.7,800
511717.17,6940716.87,-12.27931034,11.18,800
511716.2,6940717.05,-12.92665324,10.19,800
511716.39,6940717.02,-12.92665324,10.38,800
511717.56,6940716.79,-12.27931034,11.57,805
511717.68,6940716.77,-12.23218934,11.7,805
511719.6,6940716.39,-11.59353188,13.65,805
511719.95,6940716.32,-11.49862069,14.01,805
511721.51,6940716.02,-11.13331255,15.6,805
511723.42,6940715.65,-10.72893469,17.55,805
511723.48,6940715.64,-10.71793103,17.6,805
511725.34,6940715.28,-10.33509541,19.5,805
511727.25,6940714.9,-9.978499805,21.45,805
511727.56,6940714.84,-9.937241379,21.76,805
511729.17,6940714.53,-9.689967559,23.4,805
511731.08,6940714.16,-9.621418911,25.35,805
511732.99,6940713.79,-9.908695587,27.3,805
511733.08,6940713.77,-9.937241379,27.39,805
511734.91,6940713.41,-10.47485167,29.25,805
511735.7,6940713.26,-10.71793103,30.05,805
511736.82,6940713.04,-11.04983984,31.2,805
511738.73,6940712.67,-11.34488577,33.14,805
511740.65,6940712.3,-11.32573494,35.09,805
511742.56,6940711.92,-11.1336697,37.04,805
511744.48,6940711.55,-10.910196,38.99,805
511746.39,6940711.18,-10.73964621,40.94,805
511747.16,6940711.03,-10.71793103,41.73,805
511748.3,6940710.81,-10.68550977,42.89,805
511749.03,6940710.66,-10.71793103,43.64,805
511750.22,6940710.43,-10.76867461,44.84,805
511752.13,6940710.06,-10.90300581,46.79,805
511754.04,6940709.69,-10.94117115,48.74,805
511755.96,6940709.32,-10.78306782,50.69,805
511756.34,6940709.24,-10.71793103,51.08,805
511757.87,6940708.94,-10.43018463,52.64,805
511759.79,6940708.57,-10.01194343,54.59,805
511760.3,6940708.47,-9.937241379,55.11,805
511761.7,6940708.2,-9.697962452,56.54,805
511761.7,6940708.2,-9.601992145,56.54,805
511759.79,6940708.57,-9.928697762,54.59,805
511759.75,6940708.58,-9.937241379,54.56,805
511757.87,6940708.94,-10.35208224,52.64,805
511755.96,6940709.32,-10.71121917,50.69,805
511755.88,6940709.33,-10.71793103,50.62,805
511754.04,6940709.69,-10.87127275,48.74,805
511752.13,6940710.06,-10.83299031,46.79,805
511750.5,6940710.38,-10.71793103,45.13,805
511750.22,6940710.43,-10.6969348,44.84,805
511748.3,6940710.81,-10.61173118,42.89,805
511746.39,6940711.18,-10.66555285,40.94,805
511745.81,6940711.29,-10.71793103,40.36,805
511744.48,6940711.55,-10.83708033,38.99,805
511742.56,6940711.92,-11.06046751,37.04,805
511740.65,6940712.3,-11.25122999,35.09,805
511738.73,6940712.67,-11.26755898,33.14,805
511736.82,6940713.04,-10.96881375,31.2,805
511735.97,6940713.21,-10.71793103,30.33,805
511734.91,6940713.41,-10.39119332,29.25,805
511733.37,6940713.71,-9.937241379,27.68,805
511732.99,6940713.79,-9.820269244,27.3,805
511731.08,6940714.16,-9.535876067,25.35,805
511729.17,6940714.53,-9.607890958,23.4,805
511727.25,6940714.9,-9.904120396,21.45,805
511727.1,6940714.93,-9.937241379,21.29,805
511725.34,6940715.28,-10.26648688,19.5,805
511723.42,6940715.65,-10.66200533,17.55,805
511723.17,6940715.7,-10.71793103,17.29,805
511721.51,6940716.02,-11.06900544,15.6,805
511719.68,6940716.38,-11.49862069,13.73,805
511719.6,6940716.39,-11.51982476,13.65,805
511717.68,6940716.77,-12.15712722,11.7,805
511717.37,6940716.83,-12.27931034,11.37,805
511716.39,6940717.02,-12.92665324,10.38,805
511716.58,6940716.98,-12.92665324,10.58,805
511717.68,6940716.77,-12.32639001,11.7,810
511717.76,6940716.75,-12.27931034,11.78,810
511719.6,6940716.39,-11.66723901,13.65,810
511720.22,6940716.27,-11.49862069,14.29,810
511721.51,6940716.02,-11.19761967,15.6,810
511723.42,6940715.65,-10.79429259,17.55,810
511723.81,6940715.57,-10.71793103,17.94,810
511725.34,6940715.28,-10.40370395,19.5,810
511727.25,6940714.9,-10.04943445,21.45,810
511728.09,6940714.74,-9.937241379,22.3,810
511729.17,6940714.53,-9.772044161,23.4,810
511731.08,6940714.16,-9.706961755,25.35,810
511732.61,6940713.86,-9.937241379,26.9,810
511732.99,6940713.79,-9.99354117,27.3,810
511734.91,6940713.41,-10.55851002,29.25,810
511735.43,6940713.31,-10.71793103,29.78,810
511736.82,6940713.04,-11.13086594,31.2,810
511738.73,6940712.67,-11.42221255,33.14,810
511740.65,6940712.3,-11.40023989,35.09,810
511742.56,6940711.92,-11.20687189,37.04,810
511744.48,6940711.55,-10.98331167,38.99,810
511746.39,6940711.18,-10.81291421,40.94,810
511748.3,6940710.81,-10.7586652,42.89,810
511750.22,6940710.43,-10.8399637,44.84,810
511752.13,6940710.06,-10.97302131,46.79,810
511754.04,6940709.69,-11.01106955,48.74,810
511755.96,6940709.32,-10.85463098,50.69,810
511756.75,6940709.16,-10.71793103,51.5,810
511757.87,6940708.94,-10.50828703,52.64,810
511759.79,6940708.57,-10.09414742,54.59,810
511760.86,6940708.36,-9.937241379,55.69,810
511761.7,6940708.2,-9.793932759,56.54,810
511761.7,6940708.2,-9.697962452,56.54,810
511760.3,6940708.47,-9.937241379,55.11,810
511759.79,6940708.57,-10.01194343,54.59,810
511757.87,6940708.94,-10.43018463,52.64,810
511756.34,6940709.24,-10.71793103,51.08,810
511755.96,6940709.32,-10.78306782,50.69,810
511754.04,6940709.69,-10.94117115,48.74,810
511752.13,6940710.06,-10.90300581,46.79,810
511750.22,6940710.43,-10.76867461,44.84,810
511749.03,6940710.66,-10.71793103,43.64,810
511748.3,6940710.81,-10.68550977,42.89,810
511747.16,6940711.03,-10.71793103,41.73,810
511746.39,6940711.18,-10.73964621,40.94,810
511744.48,6940711.55,-10.910196,38.99,810
511742.56,6940711.92,-11.1336697,37.04,810
511740.65,6940712.3,-11.32573494,35.09,810
511738.73,6940712.67,-11.34488577,33.14,810
511736.82,6940713.04,-11.04983984,31.2,810
511735.7,6940713.26,-10.71793103,30.05,810
511734.91,6940713.41,-10.47485167,29.25,810
511733.08,6940713.77,-9.937241379,27.39,810
511732.99,6940713.79,-9.908695587,27.3,810
511731.08,6940714.16,-9.621418911,25.35,810
511729.17,6940714.53,-9.689967559,23.4,810
511727.56,6940714.84,-9.937241379,21.76,810
511727.25,6940714.9,-9.978499805,21.45,810
511725.34,6940715.28,-10.33509541,19.5,810
511723.48,6940715.64,-10.71793103,17.6,810
511723.42,6940715.65,-10.72893469,17.55,810
511721.51,6940716.02,-11.13331255,15.6,810
511719.95,6940716.32,-11.49862069,14.01,810
511719.6,6940716.39,-11.59353188,13.65,810
511717.68,6940716.77,-12.23218934,11.7,810
511717.56,6940716.79,-12.27931034,11.57,810
511716.58,6940716.98,-12.92665324,10.58,810
511716.78,6940716.94,-12.92665324,10.77,810
511717.68,6940716.77,-12.45286664,11.7,815
511717.99,6940716.71,-12.27931034,12.01,815
511719.6,6940716.39,-11.74094613,13.65,815
511720.5,6940716.22,-11.49862069,14.57,815
511721.51,6940716.02,-11.26192678,15.6,815
511723.42,6940715.65,-10.85965049,17.55,815
511724.15,6940715.51,-10.71793103,18.28,815
511725.34,6940715.28,-10.47231248,19.5,815
511727.25,6940714.9,-10.12036909,21.45,815
511728.63,6940714.64,-9.937241379,22.85,815
511729.17,6940714.53,-9.854120763,23.4,815
511731.08,6940714.16,-9.792504598,25.35,815
511732.04,6940713.97,-9.937241379,26.33,815
511732.99,6940713.79,-10.07667976,27.3,815
511734.91,6940713.41,-10.64216836,29.25,815
511735.15,6940713.37,-10.71793103,29.5,815
511736.82,6940713.04,-11.21189203,31.2,815
511738.73,6940712.67,-11.49862069,33.14,815
511738.73,6940712.67,-11.49969557,33.14,815
511738.8,6940712.66,-11.49862069,33.21,815
511740.65,6940712.3,-11.47474483,35.09,815
511742.56,6940711.92,-11.28007408,37.04,815
511744.48,6940711.55,-11.05642735,38.99,815
511746.39,6940711.18,-10.88618222,40.94,815
511748.3,6940710.81,-10.8313321,42.89,815
511750.22,6940710.43,-10.91125278,44.84,815
511752.13,6940710.06,-11.04303682,46.79,815
511754.04,6940709.69,-11.08096795,48.74,815
511755.96,6940709.32,-10.92619414,50.69,815
511757.17,6940709.08,-10.71793103,51.93,815
511757.87,6940708.94,-10.58638942,52.64,815
511759.79,6940708.57,-10.17635142,54.59,815
511761.42,6940708.25,-9.937241379,56.26,815
511761.7,6940708.2,-9.889903066,56.54,815
511761.7,6940708.2,-9.793932759,56.54,815
511760.86,6940708.36,-9.937241379,55.69,815
511759.79,6940708.57,-10.09414742,54.59,815
511757.87,6940708.94,-10.50828703,52.64,815
511756.75,6940709.16,-10.71793103,51.5,815
511755.96,6940709.32,-10.85463098,50.69,815
511754.04,6940709.69,-11.01106955,48.74,815
511752.13,6940710.06,-10.97302131,46.79,815
511750.22,6940710.43,-10.8399637,44.84,815
511748.3,6940710.81,-10.7586652,42.89,815
511746.39,6940711.18,-10.81291421,40.94,815
511744.48,6940711.55,-10.98331167,38.99,815
511742.56,6940711.92,-11.20687189,37.04,815
511740.65,6940712.3,-11.40023989,35.09,815
511738.73,6940712.67,-11.42221255,33.14,815
511736.82,6940713.04,-11.13086594,31.2,815
511735.43,6940713.31,-10.71793103,29.78,815
511734.91,6940713.41,-10.55851002,29.25,815
511732.99,6940713.79,-9.99354117,27.3,815
511732.61,6940713.86,-9.937241379,26.9,815
511731.08,6940714.16,-9.706961755,25.35,815
511729.17,6940714.53,-9.772044161,23.4,815
511728.09,6940714.74,-9.937241379,22.3,815
511727.25,6940714.9,-10.04943445,21.45,815
511725.34,6940715.28,-10.40370395,19.5,815
511723.81,6940715.57,-10.71793103,17.94,815
511723.42,6940715.65,-10.79429259,17.55,815
511721.51,6940716.02,-11.19761967,15.6,815
511720.22,6940716.27,-11.49862069,14.29,815
511719.6,6940716.39,-11.66723901,13.65,815
511717.76,6940716.75,-12.27931034,11.78,815
511717.68,6940716.77,-12.32639001,11.7,815
511716.78,6940716.94,-12.92665324,10.77,815
511716.97,6940716.9,-12.92665324,10.97,815
511717.68,6940716.77,-12.57934327,11.7,820
511718.21,6940716.66,-12.27931034,12.23,820
511719.6,6940716.39,-11.81465326,13.65,820
511720.77,6940716.16,-11.49862069,14.85,820
511721.51,6940716.02,-11.32623389,15.6,820
511723.42,6940715.65,-10.92500839,17.55,820
511724.48,6940715.44,-10.71793103,18.62,820
511725.34,6940715.28,-10.54092102,19.5,820
511727.25,6940714.9,-10.19130373,21.45,820
511729.16,6940714.53,-9.937241379,23.39,820
511729.17,6940714.53,-9.936197365,23.4,820
511731.08,6940714.16,-9.878047442,25.35,820
511731.47,6940714.08,-9.937241379,25.75,820
511732.99,6940713.79,-10.15981835,27.3,820
511734.88,6940713.42,-10.71793103,29.22,820
511734.91,6940713.41,-10.72586551,29.25,820
511736.82,6940713.04,-11.29291812,31.2,820
511738.19,6940712.78,-11.49862069,32.59,820
511738.73,6940712.67,-11.5901736,33.14,820
511740.65,6940712.3,-11.55765412,35.09,820
511741.14,6940712.2,-11.49862069,35.59,820
511742.56,6940711.92,-11.35327628,37.04,820
511744.48,6940711.55,-11.12954302,38.99,820
511746.39,6940711.18,-10.95945022,40.94,820
511748.3,6940710.81,-10.90399901,42.89,820
511750.22,6940710.43,-10.98254187,44.84,820
511752.13,6940710.06,-11.11305232,46.79,820
511754.04,6940709.69,-11.15086636,48.74,820
511755.96,6940709.32,-10.9977573,50.69,820
511757.59,6940709,-10.71793103,52.35,820
511757.87,6940708.94,-10.66449181,52.64,820
511759.79,6940708.57,-10.25855541,54.59,820
511761.7,6940708.2,-9.980424224,56.54,820
511761.7,6940708.2,-9.889903066,56.54,820
511761.42,6940708.25,-9.937241379,56.26,820
511759.79,6940708.57,-10.17635142,54.59,820
511757.87,6940708.94,-10.58638942,52.64,820
511757.17,6940709.08,-10.71793103,51.93,820
511755.96,6940709.32,-10.92619414,50.69,820
511754.04,6940709.69,-11.08096795,48.74,820
511752.13,6940710.06,-11.04303682,46.79,820
511750.22,6940710.43,-10.91125278,44.84,820
511748.3,6940710.81,-10.8313321,42.89,820
511746.39,6940711.18,-10.88618222,40.94,820
511744.48,6940711.55,-11.05642735,38.99,820
511742.56,6940711.92,-11.28007408,37.04,820
511740.65,6940712.3,-11.47474483,35.09,820
511738.8,6940712.66,-11.49862069,33.21,820
511738.73,6940712.67,-11.49969557,33.14,820
511738.73,6940712.67,-11.49862069,33.14,820
511736.82,6940713.04,-11.21189203,31.2,820
511735.15,6940713.37,-10.71793103,29.5,820
511734.91,6940713.41,-10.64216836,29.25,820
511732.99,6940713.79,-10.07667976,27.3,820
511732.04,6940713.97,-9.937241379,26.33,820
511731.08,6940714.16,-9.792504598,25.35,820
511729.17,6940714.53,-9.854120763,23.4,820
511728.63,6940714.64,-9.937241379,22.85,820
511727.25,6940714.9,-10.12036909,21.45,820
511725.34,6940715.28,-10.47231248,19.5,820
511724.15,6940715.51,-10.71793103,18.28,820
511723.42,6940715.65,-10.85965049,17.55,820
511721.51,6940716.02,-11.26192678,15.6,820
511720.5,6940716.22,-11.49862069,14.57,820
511719.6,6940716.39,-11.74094613,13.65,820
511717.99,6940716.71,-12.27931034,12.01,820
511717.68,6940716.77,-12.45286664,11.7,820
511716.97,6940716.9,-12.92665324,10.97,820
511717.16,6940716.87,-12.92665324,11.16,820
511717.68,6940716.77,-12.7058199,11.7,825
511718.43,6940716.62,-12.27931034,12.46,825
511719.6,6940716.39,-11.88836038,13.65,825
511721.05,6940716.11,-11.49862069,15.13,825
511721.51,6940716.02,-11.39054101,15.6,825
511723.42,6940715.65,-10.99036629,17.55,825
511724.81,6940715.38,-10.71793103,18.96,825
511725.34,6940715.28,-10.60952955,19.5,825
511727.25,6940714.9,-10.26223838,21.45,825
511729.17,6940714.53,-10.01109479,23.4,825
511731.08,6940714.16,-9.961761019,25.35,825
511732.99,6940713.79,-10.24295694,27.3,825
511734.6,6940713.47,-10.71793103,28.93,825
511734.91,6940713.41,-10.80993503,29.25,825
511736.82,6940713.04,-11.37394422,31.2,825
511737.65,6940712.88,-11.49862069,32.04,825
511738.73,6940712.67,-11.68065162,33.14,825
511740.65,6940712.3,-11.64452676,35.09,825
511741.85,6940712.06,-11.49862069,36.32,825
511742.56,6940711.92,-11.42647847,37.04,825
511744.48,6940711.55,-11.20265869,38.99,825
511746.39,6940711.18,-11.03271823,40.94,825
511748.3,6940710.81,-10.97666592,42.89,825
511750.22,6940710.43,-11.05383096,44.84,825
511752.13,6940710.06,-11.18306782,46.79,825
511754.04,6940709.69,-11.22076476,48.74,825
511755.96,6940709.32,-11.06932046,50.69,825
511757.87,6940708.94,-10.7416445,52.64,825
511758,6940708.92,-10.71793103,52.77,825
511759.79,6940708.57,-10.3407594,54.59,825
511761.7,6940708.2,-10.06564119,56.54,825
511761.7,6940708.2,-9.980424224,56.54,825
511759.79,6940708.57,-10.25855541,54.59,825
511757.87,6940708.94,-10.66449181,52.64,825
511757.59,6940709,-10.71793103,52.35,825
511755.96,6940709.32,-10.9977573,50.69,825
511754.04,6940709.69,-11.15086636,48.74,825
511752.13,6940710.06,-11.11305232,46.79,825
511750.22,6940710.43,-10.98254187,44.84,825
511748.3,6940710.81,-10.90399901,42.89,825
511746.39,6940711.18,-10.95945022,40.94,825
511744.48,6940711.55,-11.12954302,38.99,825
511742.56,6940711.92,-11.35327628,37.04,825
511741.14,6940712.2,-11.49862069,35.59,825
511740.65,6940712.3,-11.55765412,35.09,825
511738.73,6940712.67,-11.5901736,33.14,825
511738.19,6940712.78,-11.49862069,32.59,825
511736.82,6940713.04,-11.29291812,31.2,825
511734.91,6940713.41,-10.72586551,29.25,825
511734.88,6940713.42,-10.71793103,29.22,825
511732.99,6940713.79,-10.15981835,27.3,825
511731.47,6940714.08,-9.937241379,25.75,825
511731.08,6940714.16,-9.878047442,25.35,825
511729.17,6940714.53,-9.936197365,23.4,825
511729.16,6940714.53,-9.937241379,23.39,825
511727.25,6940714.9,-10.19130373,21.45,825
511725.34,6940715.28,-10.54092102,19.5,825
511724.48,6940715.44,-10.71793103,18.62,825
511723.42,6940715.65,-10.92500839,17.55,825
511721.51,6940716.02,-11.32623389,15.6,825
511720.77,6940716.16,-11.49862069,14.85,825
511719.6,6940716.39,-11.81465326,13.65,825
511718.21,6940716.66,-12.27931034,12.23,825
511717.68,6940716.77,-12.57934327,11.7,825
511717.16,6940716.87,-12.92665324,11.16,825
511717.35,6940716.83,-12.92665324,11.36,825
511717.68,6940716.77,-12.83229653,11.7,830
511718.65,6940716.58,-12.27931034,12.68,830
511719.6,6940716.39,-11.96206751,13.65,830
511721.32,6940716.06,-11.49862069,15.41,830
511721.51,6940716.02,-11.45484812,15.6,830
511723.42,6940715.65,-11.05572419,17.55,830
511725.14,6940715.31,-10.71793103,19.3,830
511725.34,6940715.28,-10.67813808,19.5,830
511727.25,6940714.9,-10.33317302,21.45,830
511729.17,6940714.53,-10.08589972,23.4,830
511731.08,6940714.16,-10.04136507,25.35,830
511732.99,6940713.79,-10.32609553,27.3,830
511734.32,6940713.53,-10.71793103,28.65,830
511734.91,6940713.41,-10.89400454,29.25,830
511736.82,6940713.04,-11.45497031,31.2,830
511737.11,6940712.98,-11.49862069,31.49,830
511738.73,6940712.67,-11.77112965,33.14,830
511740.65,6940712.3,-11.7313994,35.09,830
511742.56,6940711.92,-11.49985303,37.04,830
511742.57,6940711.92,-11.49862069,37.05,830
511744.48,6940711.55,-11.27577436,38.99,830
511746.39,6940711.18,-11.10598624,40.94,830
511748.3,6940710.81,-11.04933283,42.89,830
511750.22,6940710.43,-11.12512005,44.84,830
511752.13,6940710.06,-11.25308332,46.79,830
511754.04,6940709.69,-11.29066316,48.74,830
511755.96,6940709.32,-11.14088362,50.69,830
511757.87,6940708.94,-10.81673941,52.64,830
511758.39,6940708.84,-10.71793103,53.16,830
511759.79,6940708.57,-10.42296339,54.59,830
511761.7,6940708.2,-10.15085815,56.54,830
511761.7,6940708.2,-10.06564119,56.54,830
511759.79,6940708.57,-10.3407594,54.59,830
511758,6940708.92,-10.71793103,52.77,830
511757.87,6940708.94,-10.7416445,52.64,830
511755.96,6940709.32,-11.06932046,50.69,830
511754.04,6940709.69,-11.22076476,48.74,830
511752.13,6940710.06,-11.18306782,46.79,830
511750.22,6940710.43,-11.05383096,44.84,830
511748.3,6940710.81,-10.97666592,42.89,830
511746.39,6940711.18,-11.03271823,40.94,830
511744.48,6940711.55,-11.20265869,38.99,830
511742.56,6940711.92,-11.42647847,37.04,830
511741.85,6940712.06,-11.49862069,36.32,830
511740.65,6940712.3,-11.64452676,35.09,830
511738.73,6940712.67,-11.68065162,33.14,830
511737.65,6940712.88,-11.49862069,32.04,830
511736.82,6940713.04,-11.37394422,31.2,830
511734.91,6940713.41,-10.80993503,29.25,830
511734.6,6940713.47,-10.71793103,28.93,830
511732.99,6940713.79,-10.24295694,27.3,830
511731.08,6940714.16,-9.961761019,25.35,830
511729.17,6940714.53,-10.01109479,23.4,830
511727.25,6940714.9,-10.26223838,21.45,830
511725.34,6940715.28,-10.60952955,19.5,830
511724.81,6940715.38,-10.71793103,18.96,830
511723.42,6940715.65,-10.99036629,17.55,830
511721.51,6940716.02,-11.39054101,15.6,830
511721.05,6940716.11,-11.49862069,15.13,830
511719.6,6940716.39,-11.88836038,13.65,830
511718.43,6940716.62,-12.27931034,12.46,830
511717.68,6940716.77,-12.7058199,11.7,830
511717.35,6940716.83,-12.92665324,11.36,830
511717.54,6940716.79,-12.92665324,11.55,830
511718.87,6940716.53,-12.27931034,12.91,835
511719.6,6940716.39,-12.03577463,13.65,835
511721.51,6940716.02,-11.5223219,15.6,835
511721.61,6940716,-11.49862069,15.7,835
511723.42,6940715.65,-11.12108209,17.55,835
511725.34,6940715.28,-10.74599965,19.5,835
511725.5,6940715.24,-10.71793103,19.67,835
511727.25,6940714.9,-10.40410766,21.45,835
511729.17,6940714.53,-10.16070464,23.4,835
511731.08,6940714.16,-10.12096912,25.35,835
511732.99,6940713.79,-10.40923412,27.3,835
511734.04,6940713.58,-10.71793103,28.36,835
511734.91,6940713.41,-10.97807405,29.25,835
511736.69,6940713.07,-11.49862069,31.06,835
511736.82,6940713.04,-11.54252727,31.2,835
511738.73,6940712.67,-11.86160768,33.14,835
511740.65,6940712.3,-11.81827204,35.09,835
511742.56,6940711.92,-11.58495963,37.04,835
511743.2,6940711.8,-11.49862069,37.69,835
511744.48,6940711.55,-11.34889003,38.99,835
511746.39,6940711.18,-11.17925424,40.94,835
511748.3,6940710.81,-11.12199973,42.89,835
511750.22,6940710.43,-11.19640914,44.84,835
511752.13,6940710.06,-11.32309883,46.79,835
511754.04,6940709.69,-11.36056156,48.74,835
511755.96,6940709.32,-11.21244677,50.69,835
511757.87,6940708.94,-10.89183432,52.64,835
511758.78,6940708.77,-10.71793103,53.56,835
511759.79,6940708.57,-10.50516738,54.59,835
511761.7,6940708.2,-10.23607512,56.54,835
511761.7,6940708.2,-10.15085815,56.54,835
511759.79,6940708.57,-10.42296339,54.59,835
511758.39,6940708.84,-10.71793103,53.16,835
511757.87,6940708.94,-10.81673941,52.64,835
511755.96,6940709.32,-11.14088362,50.69,835
511754.04,6940709.69,-11.29066316,48.74,835
511752.13,6940710.06,-11.25308332,46.79,835
511750.22,6940710.43,-11.12512005,44.84,835
511748.3,6940710.81,-11.04933283,42.89,835
511746.39,6940711.18,-11.10598624,40.94,835
511744.48,6940711.55,-11.27577436,38.99,835
511742.57,6940711.92,-11.49862069,37.05,835
511742.56,6940711.92,-11.49985303,37.04,835
511740.65,6940712.3,-11.7313994,35.09,835
511738.73,6940712.67,-11.77112965,33.14,835
511737.11,6940712.98,-11.49862069,31.49,835
511736.82,6940713.04,-11.45497031,31.2,835
511734.91,6940713.41,-10.89400454,29.25,835
511734.32,6940713.53,-10.71793103,28.65,835
511732.99,6940713.79,-10.32609553,27.3,835
511731.08,6940714.16,-10.04136507,25.35,835
511729.17,6940714.53,-10.08589972,23.4,835
511727.25,6940714.9,-10.33317302,21.45,835
511725.34,6940715.28,-10.67813808,19.5,835
511725.14,6940715.31,-10.71793103,19.3,835
511723.42,6940715.65,-11.05572419,17.55,835
511721.51,6940716.02,-11.45484812,15.6,835
511721.32,6940716.06,-11.49862069,15.41,835
511719.6,6940716.39,-11.96206751,13.65,835
511718.65,6940716.58,-12.27931034,12.68,835
511717.68,6940716.77,-12.83229653,11.7,835
511717.54,6940716.79,-12.92665324,11.55,835
511717.74,6940716.75,-12.92665324,11.76,835
511719.09,6940716.49,-12.27931034,13.13,840
511719.6,6940716.39,-12.10948176,13.65,840
511721.51,6940716.02,-11.59654591,15.6,840
511721.92,6940715.94,-11.49862069,16.02,840
511723.42,6940715.65,-11.18643999,17.55,840
511725.34,6940715.28,-10.81282967,19.5,840
511725.9,6940715.17,-10.71793103,20.07,840
511727.25,6940714.9,-10.47504231,21.45,840
511729.17,6940714.53,-10.23550957,23.4,840
511731.08,6940714.16,-10.20057317,25.35,840
511732.99,6940713.79,-10.49237271,27.3,840
511733.76,6940713.64,-10.71793103,28.07,840
511734.91,6940713.41,-11.06214356,29.25,840
511736.4,6940713.12,-11.49862069,30.77,840
511736.82,6940713.04,-11.63771151,31.2,840
511738.73,6940712.67,-11.9520857,33.14,840
511740.65,6940712.3,-11.90514468,35.09,840
511742.56,6940711.92,-11.67006623,37.04,840
511743.82,6940711.68,-11.49862069,38.33,840
511744.48,6940711.55,-11.4220057,38.99,840
511746.39,6940711.18,-11.25252225,40.94,840
511748.3,6940710.81,-11.19466664,42.89,840
511750.22,6940710.43,-11.26769822,44.84,840
511752.13,6940710.06,-11.39311433,46.79,840
511754.04,6940709.69,-11.43045996,48.74,840
511755.96,6940709.32,-11.28400993,50.69,840
511757.87,6940708.94,-10.96692922,52.64,840
511759.17,6940708.69,-10.71793103,53.96,840
511759.79,6940708.57,-10.58737137,54.59,840
511761.7,6940708.2,-10.32129208,56.54,840
511761.7,6940708.2,-10.23607512,56.54,840
511759.79,6940708.57,-10.50516738,54.59,840
511758.78,6940708.77,-10.71793103,53.56,840
511757.87,6940708.94,-10.89183432,52.64,840
511755.96,6940709.32,-11.21244677,50.69,840
511754.04,6940709.69,-11.36056156,48.74,840
511752.13,6940710.06,-11.32309883,46.79,840
511750.22,6940710.43,-11.19640914,44.84,840
511748.3,6940710.81,-11.12199973,42.89,840
511746.39,6940711.18,-11.17925424,40.94,840
511744.48,6940711.55,-11.34889003,38.99,840
511743.2,6940711.8,-11.49862069,37.69,840
511742.56,6940711.92,-11.58495963,37.04,840
511740.65,6940712.3,-11.81827204,35.09,840
511738.73,6940712.67,-11.86160768,33.14,840
511736.82,6940713.04,-11.54252727,31.2,840
511736.69,6940713.07,-11.49862069,31.06,840
511734.91,6940713.41,-10.97807405,29.25,840
511734.04,6940713.58,-10.71793103,28.36,840
511732.99,6940713.79,-10.40923412,27.3,840
511731.08,6940714.16,-10.12096912,25.35,840
511729.17,6940714.53,-10.16070464,23.4,840
511727.25,6940714.9,-10.40410766,21.45,840
511725.5,6940715.24,-10.71793103,19.67,840
511725.34,6940715.28,-10.74599965,19.5,840
511723.42,6940715.65,-11.12108209,17.55,840
511721.61,6940716,-11.49862069,15.7,840
511721.51,6940716.02,-11.5223219,15.6,840
511719.6,6940716.39,-12.03577463,13.65,840
511718.87,6940716.53,-12.27931034,12.91,840
511717.74,6940716.75,-12.92665324,11.76,840
511717.96,6940716.71,-12.92665324,11.98,840
511719.31,6940716.45,-12.27931034,13.35,845
511719.6,6940716.39,-12.18318888,13.65,845
511721.51,6940716.02,-11.67076993,15.6,845
511722.24,6940715.88,-11.49862069,16.34,845
511723.42,6940715.65,-11.25179789,17.55,845
511725.34,6940715.28,-10.8796597,19.5,845
511726.29,6940715.09,-10.71793103,20.47,845
511727.25,6940714.9,-10.54597695,21.45,845
511729.17,6940714.53,-10.3103145,23.4,845
511731.08,6940714.16,-10.28017722,25.35,845
511732.99,6940713.79,-10.5755113,27.3,845
511733.47,6940713.69,-10.71793103,27.79,845
511734.91,6940713.41,-11.14621307,29.25,845
511736.11,6940713.18,-11.49862069,30.47,845
511736.82,6940713.04,-11.73289574,31.2,845
511738.73,6940712.67,-12.04256373,33.14,845
511740.65,6940712.3,-11.99201732,35.09,845
511742.56,6940711.92,-11.75517283,37.04,845
511744.45,6940711.56,-11.49862069,38.96,845
511744.48,6940711.55,-11.49512137,38.99,845
511746.39,6940711.18,-11.32579026,40.94,845
511748.3,6940710.81,-11.26733355,42.89,845
511750.22,6940710.43,-11.33898731,44.84,845
511752.13,6940710.06,-11.46312983,46.79,845
511753.96,6940709.71,-11.49862069,48.65,845
511754.04,6940709.69,-11.50062031,48.74,845
511754.07,6940709.69,-11.49862069,48.77,845
511755.96,6940709.32,-11.35557309,50.69,845
511757.87,6940708.94,-11.04202413,52.64,845
511759.56,6940708.62,-10.71793103,54.36,845
511759.79,6940708.57,-10.66957536,54.59,845
511761.7,6940708.2,-10.40650905,56.54,845
511761.7,6940708.2,-10.32129208,56.54,845
511759.79,6940708.57,-10.58737137,54.59,845
511759.17,6940708.69,-10.71793103,53.96,845
511757.87,6940708.94,-10.96692922,52.64,845
511755.96,6940709.32,-11.28400993,50.69,845
511754.04,6940709.69,-11.43045996,48.74,845
511752.13,6940710.06,-11.39311433,46.79,845
511750.22,6940710.43,-11.26769822,44.84,845
511748.3,6940710.81,-11.19466664,42.89,845
511746.39,6940711.18,-11.25252225,40.94,845
511744.48,6940711.55,-11.4220057,38.99,845
511743.82,6940711.68,-11.49862069,38.33,845
511742.56,6940711.92,-11.67006623,37.04,845
511740.65,6940712.3,-11.90514468,35.09,845
511738.73,6940712.67,-11.9520857,33.14,845
511736.82,6940713.04,-11.63771151,31.2,845
511736.4,6940713.12,-11.49862069,30.77,845
511734.91,6940713.41,-11.06214356,29.25,845
511733.76,6940713.64,-10.71793103,28.07,845
511732.99,6940713.79,-10.49237271,27.3,845
511731.08,6940714.16,-10.20057317,25.35,845
511729.17,6940714.53,-10.23550957,23.4,845
511727.25,6940714.9,-10.47504231,21.45,845
511725.9,6940715.17,-10.71793103,20.07,845
511725.34,6940715.28,-10.81282967,19.5,845
511723.42,6940715.65,-11.18643999,17.55,845
511721.92,6940715.94,-11.49862069,16.02,845
511721.51,6940716.02,-11.59654591,15.6,845
511719.6,6940716.39,-12.10948176,13.65,845
511719.09,6940716.49,-12.27931034,13.13,845
511717.96,6940716.71,-12.92665324,11.98,845
511718.18,6940716.67,-12.92665324,12.2,845
511719.53,6940716.41,-12.27931034,13.58,850
511719.6,6940716.39,-12.25689601,13.65,850
511721.51,6940716.02,-11.74499394,15.6,850
511722.55,6940715.82,-11.49862069,16.66,850
511723.42,6940715.65,-11.31715579,17.55,850
511725.34,6940715.28,-10.94648972,19.5,850
511726.69,6940715.01,-10.71793103,20.87,850
511727.25,6940714.9,-10.61691159,21.45,850
511729.17,6940714.53,-10.38511942,23.4,850
511731.08,6940714.16,-10.35978127,25.35,850
511732.99,6940713.79,-10.65864989,27.3,850
511733.19,6940713.75,-10.71793103,27.5,850
511734.91,6940713.41,-11.23028258,29.25,850
511735.83,6940713.24,-11.49862069,30.18,850
511736.82,6940713.04,-11.82807997,31.2,850
511738.73,6940712.67,-12.13304176,33.14,850
511740.65,6940712.3,-12.07888995,35.09,850
511742.56,6940711.92,-11.84027944,37.04,850
511744.48,6940711.55,-11.5795625,38.99,850
511745.26,6940711.4,-11.49862069,39.8,850
511746.39,6940711.18,-11.39905826,40.94,850
511748.3,6940710.81,-11.34000046,42.89,850
511750.22,6940710.43,-11.4102764,44.84,850
511751.59,6940710.17,-11.49862069,46.24,850
511752.13,6940710.06,-11.5384895,46.79,850
511754.04,6940709.69,-11.58105569,48.74,850
511755.01,6940709.5,-11.49862069,49.73,850
511755.96,6940709.32,-11.42713625,50.69,850
511757.87,6940708.94,-11.11711904,52.64,850
511759.79,6940708.57,-10.75073027,54.59,850
511760.04,6940708.52,-10.71793103,54.85,850
511761.7,6940708.2,-10.49172601,56.54,850
511761.7,6940708.2,-10.40650905,56.54,850
511759.79,6940708.57,-10.66957536,54.59,850
511759.56,6940708.62,-10.71793103,54.36,850
511757.87,6940708.94,-11.04202413,52.64,850
511755.96,6940709.32,-11.35557309,50.69,850
511754.07,6940709.69,-11.49862069,48.77,850
511754.04,6940709.69,-11.50062031,48.74,850
511753.96,6940709.71,-11.49862069,48.65,850
511752.13,6940710.06,-11.46312983,46.79,850
511750.22,6940710.43,-11.33898731,44.84,850
511748.3,6940710.81,-11.26733355,42.89,850
511746.39,6940711.18,-11.32579026,40.94,850
511744.48,6940711.55,-11.49512137,38.99,850
511744.45,6940711.56,-11.49862069,38.96,850
511742.56,6940711.92,-11.75517283,37.04,850
511740.65,6940712.3,-11.99201732,35.09,850
511738.73,6940712.67,-12.04256373,33.14,850
511736.82,6940713.04,-11.73289574,31.2,850
511736.11,6940713.18,-11.49862069,30.47,850
511734.91,6940713.41,-11.14621307,29.25,850
511733.47,6940713.69,-10.71793103,27.79,850
511732.99,6940713.79,-10.5755113,27.3,850
511731.08,6940714.16,-10.28017722,25.35,850
511729.17,6940714.53,-10.3103145,23.4,850
511727.25,6940714.9,-10.54597695,21.45,850
511726.29,6940715.09,-10.71793103,20.47,850
511725.34,6940715.28,-10.8796597,19.5,850
511723.42,6940715.65,-11.25179789,17.55,850
511722.24,6940715.88,-11.49862069,16.34,850
511721.51,6940716.02,-11.67076993,15.6,850
511719.6,6940716.39,-12.18318888,13.65,850
511719.31,6940716.45,-12.27931034,13.35,850
511718.18,6940716.67,-12.92665324,12.2,850
511718.39,6940716.63,-12.92665324,12.42,850
511719.6,6940716.39,-12.36553791,13.65,855
511719.79,6940716.36,-12.27931034,13.84,855
511721.51,6940716.02,-11.81921795,15.6,855
511722.87,6940715.76,-11.49862069,16.98,855
511723.42,6940715.65,-11.38251369,17.55,855
511725.34,6940715.28,-11.01331975,19.5,855
511727.08,6940714.94,-10.71793103,21.28,855
511727.25,6940714.9,-10.68784623,21.45,855
511729.17,6940714.53,-10.45992435,23.4,855
511731.08,6940714.16,-10.43938532,25.35,855
511732.85,6940713.81,-10.71793103,27.15,855
511732.99,6940713.79,-10.74201646,27.3,855
511734.91,6940713.41,-11.31435209,29.25,855
511735.54,6940713.29,-11.49862069,29.89,855
511736.82,6940713.04,-11.9232642,31.2,855
511738.73,6940712.67,-12.22351978,33.14,855
511740.65,6940712.3,-12.16576259,35.09,855
511742.56,6940711.92,-11.92538604,37.04,855
511744.48,6940711.55,-11.6645729,38.99,855
511746.09,6940711.24,-11.49862069,40.64,855
511746.39,6940711.18,-11.47232627,40.94,855
511748.3,6940710.81,-11.41266736,42.89,855
511750.22,6940710.43,-11.48156549,44.84,855
511750.48,6940710.38,-11.49862069,45.11,855
511752.13,6940710.06,-11.61934289,46.79,855
511754.04,6940709.69,-11.66149106,48.74,855
511755.96,6940709.32,-11.49871123,50.69,855
511755.96,6940709.32,-11.49862069,50.69,855
511757.87,6940708.94,-11.19221395,52.64,855
511759.79,6940708.57,-10.83038646,54.59,855
511760.67,6940708.4,-10.71793103,55.49,855
511761.7,6940708.2,-10.57694298,56.54,855
511761.7,6940708.2,-10.49172601,56.54,855
511760.04,6940708.52,-10.71793103,54.85,855
511759.79,6940708.57,-10.75073027,54.59,855
511757.87,6940708.94,-11.11711904,52.64,855
511755.96,6940709.32,-11.42713625,50.69,855
511755.01,6940709.5,-11.49862069,49.73,855
511754.04,6940709.69,-11.58105569,48.74,855
511752.13,6940710.06,-11.5384895,46.79,855
511751.59,6940710.17,-11.49862069,46.24,855
511750.22,6940710.43,-11.4102764,44.84,855
511748.3,6940710.81,-11.34000046,42.89,855
511746.39,6940711.18,-11.39905826,40.94,855
511745.26,6940711.4,-11.49862069,39.8,855
511744.48,6940711.55,-11.5795625,38.99,855
511742.56,6940711.92,-11.84027944,37.04,855
511740.65,6940712.3,-12.07888995,35.09,855
511738.73,6940712.67,-12.13304176,33.14,855
511736.82,6940713.04,-11.82807997,31.2,855
511735.83,6940713.24,-11.49862069,30.18,855
511734.91,6940713.41,-11.23028258,29.25,855
511733.19,6940713.75,-10.71793103,27.5,855
511732.99,6940713.79,-10.65864989,27.3,855
511731.08,6940714.16,-10.35978127,25.35,855
511729.17,6940714.53,-10.38511942,23.4,855
511727.25,6940714.9,-10.61691159,21.45,855
511726.69,6940715.01,-10.71793103,20.87,855
511725.34,6940715.28,-10.94648972,19.5,855
511723.42,6940715.65,-11.31715579,17.55,855
511722.55,6940715.82,-11.49862069,16.66,855
511721.51,6940716.02,-11.74499394,15.6,855
511719.6,6940716.39,-12.25689601,13.65,855
511719.53,6940716.41,-12.27931034,13.58,855
511718.39,6940716.63,-12.92665324,12.42,855
511718.61,6940716.58,-12.92665324,12.65,855
511719.6,6940716.39,-12.48944589,13.65,860
511720.07,6940716.3,-12.27931034,14.13,860
511721.51,6940716.02,-11.89344197,15.6,860
511723.18,6940715.7,-11.49862069,17.3,860
511723.42,6940715.65,-11.44787159,17.55,860
511725.34,6940715.28,-11.08014978,19.5,860
511727.25,6940714.9,-10.7579157,21.45,860
511727.62,6940714.83,-10.71793103,21.82,860
511729.17,6940714.53,-10.53472928,23.4,860
511731.08,6940714.16,-10.51898937,25.35,860
511732.34,6940713.91,-10.71793103,26.63,860
511732.99,6940713.79,-10.82594949,27.3,860
511734.91,6940713.41,-11.3984216,29.25,860
511735.25,6940713.35,-11.49862069,29.59,860
511736.82,6940713.04,-12.01844844,31.2,860
511738.5,6940712.71,-12.27931034,32.91,860
511738.73,6940712.67,-12.3383671,33.14,860
511739.8,6940712.46,-12.27931034,34.23,860
511740.65,6940712.3,-12.25263523,35.09,860
511742.56,6940711.92,-12.01049264,37.04,860
511744.48,6940711.55,-11.74958331,38.99,860
511746.39,6940711.18,-11.55336159,40.94,860
511747.88,6940710.89,-11.49862069,42.46,860
511748.3,6940710.81,-11.48533427,42.89,860
511748.67,6940710.73,-11.49862069,43.27,860
511750.22,6940710.43,-11.5615833,44.84,860
511752.13,6940710.06,-11.70019629,46.79,860
511754.04,6940709.69,-11.74192644,48.74,860
511755.96,6940709.32,-11.581022,50.69,860
511756.43,6940709.23,-11.49862069,51.17,860
511757.87,6940708.94,-11.26730885,52.64,860
511759.79,6940708.57,-10.91004266,54.59,860
511761.29,6940708.28,-10.71793103,56.12,860
511761.7,6940708.2,-10.66215994,56.54,860
511761.7,6940708.2,-10.57694298,56.54,860
511760.67,6940708.4,-10.71793103,55.49,860
511759.79,6940708.57,-10.83038646,54.59,860
511757.87,6940708.94,-11.19221395,52.64,860
511755.96,6940709.32,-11.49862069,50.69,860
511755.96,6940709.32,-11.49871123,50.69,860
511754.04,6940709.69,-11.66149106,48.74,860
511752.13,6940710.06,-11.61934289,46.79,860
511750.48,6940710.38,-11.49862069,45.11,860
511750.22,6940710.43,-11.48156549,44.84,860
511748.3,6940710.81,-11.41266736,42.89,860
511746.39,6940711.18,-11.47232627,40.94,860
511746.09,6940711.24,-11.49862069,40.64,860
511744.48,6940711.55,-11.6645729,38.99,860
511742.56,6940711.92,-11.92538604,37.04,860
511740.65,6940712.3,-12.16576259,35.09,860
511738.73,6940712.67,-12.22351978,33.14,860
511736.82,6940713.04,-11.9232642,31.2,860
511735.54,6940713.29,-11.49862069,29.89,860
511734.91,6940713.41,-11.31435209,29.25,860
511732.99,6940713.79,-10.74201646,27.3,860
511732.85,6940713.81,-10.71793103,27.15,860
511731.08,6940714.16,-10.43938532,25.35,860
511729.17,6940714.53,-10.45992435,23.4,860
511727.25,6940714.9,-10.68784623,21.45,860
511727.08,6940714.94,-10.71793103,21.28,860
511725.34,6940715.28,-11.01331975,19.5,860
511723.42,6940715.65,-11.38251369,17.55,860
511722.87,6940715.76,-11.49862069,16.98,860
511721.51,6940716.02,-11.81921795,15.6,860
511719.79,6940716.36,-12.27931034,13.84,860
511719.6,6940716.39,-12.36553791,13.65,860
511718.61,6940716.58,-12.92665324,12.65,860
511718.83,6940716.54,-12.92665324,12.87,860
511719.6,6940716.39,-12.61335386,13.65,865
511720.34,6940716.25,-12.27931034,14.41,865
511721.51,6940716.02,-11.96766598,15.6,865
511723.42,6940715.65,-11.51551949,17.55,865
511723.5,6940715.63,-11.49862069,17.63,865
511725.34,6940715.28,-11.1469798,19.5,865
511727.25,6940714.9,-10.82734798,21.45,865
511728.25,6940714.71,-10.71793103,22.46,865
511729.17,6940714.53,-10.60953421,23.4,865
511731.08,6940714.16,-10.59859342,25.35,865
511731.84,6940714.01,-10.71793103,26.12,865
511732.99,6940713.79,-10.90988252,27.3,865
511734.91,6940713.41,-11.48249111,29.25,865
511734.96,6940713.4,-11.49862069,29.3,865
511736.82,6940713.04,-12.11363267,31.2,865
511737.89,6940712.83,-12.27931034,32.28,865
511738.73,6940712.67,-12.49240944,33.14,865
511740.65,6940712.3,-12.38147482,35.09,865
511741.11,6940712.21,-12.27931034,35.57,865
511742.56,6940711.92,-12.09559924,37.04,865
511744.48,6940711.55,-11.83459371,38.99,865
511746.39,6940711.18,-11.63874482,40.94,865
511748.3,6940710.81,-11.56782194,42.89,865
511750.22,6940710.43,-11.64434607,44.84,865
511752.13,6940710.06,-11.78104968,46.79,865
511754.04,6940709.69,-11.82236181,48.74,865
511755.96,6940709.32,-11.66333277,50.69,865
511756.9,6940709.13,-11.49862069,51.65,865
511757.87,6940708.94,-11.34240376,52.64,865
511759.79,6940708.57,-10.98969885,54.59,865
511761.7,6940708.2,-10.74664755,56.54,865
511761.7,6940708.2,-10.66215994,56.54,865
511761.29,6940708.28,-10.71793103,56.12,865
511759.79,6940708.57,-10.91004266,54.59,865
511757.87,6940708.94,-11.26730885,52.64,865
511756.43,6940709.23,-11.49862069,51.17,865
511755.96,6940709.32,-11.581022,50.69,865
511754.04,6940709.69,-11.74192644,48.74,865
511752.13,6940710.06,-11.70019629,46.79,865
511750.22,6940710.43,-11.5615833,44.84,865
511748.67,6940710.73,-11.49862069,43.27,865
511748.3,6940710.81,-11.48533427,42.89,865
511747.88,6940710.89,-11.49862069,42.46,865
511746.39,6940711.18,-11.55336159,40.94,865
511744.48,6940711.55,-11.74958331,38.99,865
511742.56,6940711.92,-12.01049264,37.04,865
511740.65,6940712.3,-12.25263523,35.09,865
511739.8,6940712.46,-12.27931034,34.23,865
511738.73,6940712.67,-12.3383671,33.14,865
511738.5,6940712.71,-12.27931034,32.91,865
511736.82,6940713.04,-12.01844844,31.2,865
511735.25,6940713.35,-11.49862069,29.59,865
511734.91,6940713.41,-11.3984216,29.25,865
511732.99,6940713.79,-10.82594949,27.3,865
511732.34,6940713.91,-10.71793103,26.63,865
511731.08,6940714.16,-10.51898937,25.35,865
511729.17,6940714.53,-10.53472928,23.4,865
511727.62,6940714.83,-10.71793103,21.82,865
511727.25,6940714.9,-10.7579157,21.45,865
511725.34,6940715.28,-11.08014978,19.5,865
511723.42,6940715.65,-11.44787159,17.55,865
511723.18,6940715.7,-11.49862069,17.3,865
511721.51,6940716.02,-11.89344197,15.6,865
511720.07,6940716.3,-12.27931034,14.13,865
511719.6,6940716.39,-12.48944589,13.65,865
511718.83,6940716.54,-12.92665324,12.87,865
511719.05,6940716.5,-12.92665324,13.09,865
511719.6,6940716.39,-12.73726184,13.65,870
511720.62,6940716.19,-12.27931034,14.69,870
511721.51,6940716.02,-12.04188999,15.6,870
511723.42,6940715.65,-11.59112259,17.55,870
511723.85,6940715.57,-11.49862069,17.98,870
511725.34,6940715.28,-11.21380983,19.5,870
511727.25,6940714.9,-10.89678027,21.45,870
511728.88,6940714.59,-10.71793103,23.11,870
511729.17,6940714.53,-10.68433913,23.4,870
511731.08,6940714.16,-10.67819747,25.35,870
511731.33,6940714.11,-10.71793103,25.6,870
511732.99,6940713.79,-10.99381555,27.3,870
511734.68,6940713.46,-11.49862069,29.01,870
511734.91,6940713.41,-11.57876003,29.25,870
511736.82,6940713.04,-12.2088169,31.2,870
511737.27,6940712.95,-12.27931034,31.66,870
511738.73,6940712.67,-12.64645177,33.14,870
511740.65,6940712.3,-12.52891106,35.09,870
511741.78,6940712.08,-12.27931034,36.25,870
511742.56,6940711.92,-12.18070584,37.04,870
511744.48,6940711.55,-11.91960412,38.99,870
511746.39,6940711.18,-11.72412806,40.94,870
511748.3,6940710.81,-11.65250701,42.89,870
511750.22,6940710.43,-11.72710884,44.84,870
511752.13,6940710.06,-11.86190308,46.79,870
511754.04,6940709.69,-11.90279718,48.74,870
511755.96,6940709.32,-11.74564354,50.69,870
511757.37,6940709.04,-11.49862069,52.13,870
511757.87,6940708.94,-11.41749867,52.64,870
511759.79,6940708.57,-11.06935505,54.59,870
511761.7,6940708.2,-10.82975375,56.54,870
511761.7,6940708.2,-10.74664755,56.54,870
511759.79,6940708.57,-10.98969885,54.59,870
511757.87,6940708.94,-11.34240376,52.64,870
511756.9,6940709.13,-11.49862069,51.65,870
511755.96,6940709.32,-11.66333277,50.69,870
511754.04,6940709.69,-11.82236181,48.74,870
511752.13,6940710.06,-11.78104968,46.79,870
511750.22,6940710.43,-11.64434607,44.84,870
511748.3,6940710.81,-11.56782194,42.89,870
511746.39,6940711.18,-11.63874482,40.94,870
511744.48,6940711.55,-11.83459371,38.99,870
511742.56,6940711.92,-12.09559924,37.04,870
511741.11,6940712.21,-12.27931034,35.57,870
511740.65,6940712.3,-12.38147482,35.09,870
511738.73,6940712.67,-12.49240944,33.14,870
511737.89,6940712.83,-12.27931034,32.28,870
511736.82,6940713.04,-12.11363267,31.2,870
511734.96,6940713.4,-11.49862069,29.3,870
511734.91,6940713.41,-11.48249111,29.25,870
511732.99,6940713.79,-10.90988252,27.3,870
511731.84,6940714.01,-10.71793103,26.12,870
511731.08,6940714.16,-10.59859342,25.35,870
511729.17,6940714.53,-10.60953421,23.4,870
511728.25,6940714.71,-10.71793103,22.46,870
511727.25,6940714.9,-10.82734798,21.45,870
511725.34,6940715.28,-11.1469798,19.5,870
511723.5,6940715.63,-11.49862069,17.63,870
511723.42,6940715.65,-11.51551949,17.55,870
511721.51,6940716.02,-11.96766598,15.6,870
511720.34,6940716.25,-12.27931034,14.41,870
511719.6,6940716.39,-12.61335386,13.65,870
511719.05,6940716.5,-12.92665324,13.09,870
511719.26,6940716.46,-12.92665324,13.31,870
511719.6,6940716.39,-12.86116982,13.65,875
511720.9,6940716.14,-12.27931034,14.98,875
511721.51,6940716.02,-12.11611401,15.6,875
511723.42,6940715.65,-11.66672568,17.55,875
511724.2,6940715.5,-11.49862069,18.34,875
511725.34,6940715.28,-11.28063986,19.5,875
511727.25,6940714.9,-10.96621255,21.45,875
511729.17,6940714.53,-10.75867843,23.4,875
511731.08,6940714.16,-10.7578892,25.35,875
511732.99,6940713.79,-11.07774858,27.3,875
511734.4,6940713.51,-11.49862069,28.73,875
511734.91,6940713.41,-11.67792519,29.25,875
511736.74,6940713.06,-12.27931034,31.12,875
511736.82,6940713.04,-12.32134686,31.2,875
511738.73,6940712.67,-12.80049411,33.14,875
511740.65,6940712.3,-12.6763473,35.09,875
511742.46,6940711.94,-12.27931034,36.94,875
511742.56,6940711.92,-12.26581244,37.04,875
511744.48,6940711.55,-12.00461452,38.99,875
511746.39,6940711.18,-11.80951129,40.94,875
511748.3,6940710.81,-11.73719209,42.89,875
511750.22,6940710.43,-11.80987162,44.84,875
511752.13,6940710.06,-11.94275647,46.79,875
511754.04,6940709.69,-11.98323256,48.74,875
511755.96,6940709.32,-11.82795431,50.69,875
511757.83,6940708.95,-11.49862069,52.6,875
511757.87,6940708.94,-11.49259357,52.64,875
511759.79,6940708.57,-11.14901124,54.59,875
511761.7,6940708.2,-10.91285995,56.54,875
511761.7,6940708.2,-10.82975375,56.54,875
511759.79,6940708.57,-11.06935505,54.59,875
511757.87,6940708.94,-11.41749867,52.64,875
511757.37,6940709.04,-11.49862069,52.13,875
511755.96,6940709.32,-11.74564354,50.69,875
511754.04,6940709.69,-11.90279718,48.74,875
511752.13,6940710.06,-11.86190308,46.79,875
511750.22,6940710.43,-11.72710884,44.84,875
511748.3,6940710.81,-11.65250701,42.89,875
511746.39,6940711.18,-11.72412806,40.94,875
511744.48,6940711.55,-11.91960412,38.99,875
511742.56,6940711.92,-12.18070584,37.04,875
511741.78,6940712.08,-12.27931034,36.25,875
511740.65,6940712.3,-12.52891106,35.09,875
511738.73,6940712.67,-12.64645177,33.14,875
511737.27,6940712.95,-12.27931034,31.66,875
511736.82,6940713.04,-12.2088169,31.2,875
511734.91,6940713.41,-11.57876003,29.25,875
511734.68,6940713.46,-11.49862069,29.01,875
511732.99,6940713.79,-10.99381555,27.3,875
511731.33,6940714.11,-10.71793103,25.6,875
511731.08,6940714.16,-10.67819747,25.35,875
511729.17,6940714.53,-10.68433913,23.4,875
511728.88,6940714.59,-10.71793103,23.11,875
511727.25,6940714.9,-10.89678027,21.45,875
511725.34,6940715.28,-11.21380983,19.5,875
511723.85,6940715.57,-11.49862069,17.98,875
511723.42,6940715.65,-11.59112259,17.55,875
511721.51,6940716.02,-12.04188999,15.6,875
511720.62,6940716.19,-12.27931034,14.69,875
511719.6,6940716.39,-12.73726184,13.65,875
511719.26,6940716.46,-12.92665324,13.31,875
511719.48,6940716.42,-12.92665324,13.53,875
511740.65,6940712.3,-12.82378355,35.09,880
511742.56,6940711.92,-12.40041422,37.04,880
511743.09,6940711.82,-12.27931034,37.58,880
511744.48,6940711.55,-12.08962493,38.99,880
511746.39,6940711.18,-11.89489453,40.94,880
511748.3,6940710.81,-11.82187716,42.89,880
511750.22,6940710.43,-11.89263439,44.84,880
511752.13,6940710.06,-12.02360987,46.79,880
511754.04,6940709.69,-12.06366793,48.74,880
511755.96,6940709.32,-11.91026507,50.69,880
511757.87,6940708.94,-11.57818538,52.64,880
511758.28,6940708.87,-11.49862069,53.06,880
511759.79,6940708.57,-11.22866744,54.59,880
511761.7,6940708.2,-10.99596615,56.54,880
511761.7,6940708.2,-10.91285995,56.54,880
511759.79,6940708.57,-11.14901124,54.59,880
511757.87,6940708.94,-11.49259357,52.64,880
511757.83,6940708.95,-11.49862069,52.6,880
511755.96,6940709.32,-11.82795431,50.69,880
511754.04,6940709.69,-11.98323256,48.74,880
511752.13,6940710.06,-11.94275647,46.79,880
511750.22,6940710.43,-11.80987162,44.84,880
511748.3,6940710.81,-11.73719209,42.89,880
511746.39,6940711.18,-11.80951129,40.94,880
511744.48,6940711.55,-12.00461452,38.99,880
511742.56,6940711.92,-12.26581244,37.04,880
511742.46,6940711.94,-12.27931034,36.94,880
511740.65,6940712.3,-12.6763473,35.09,880
511738.73,6940712.67,-12.80049411,33.14,880
511736.82,6940713.04,-12.32134686,31.2,880
511736.74,6940713.06,-12.27931034,31.12,880
511734.91,6940713.41,-11.67792519,29.25,880
511734.4,6940713.51,-11.49862069,28.73,880
511732.99,6940713.79,-11.07774858,27.3,880
511731.08,6940714.16,-10.7578892,25.35,880
511729.17,6940714.53,-10.75867843,23.4,880
511727.25,6940714.9,-10.96621255,21.45,880
511725.34,6940715.28,-11.28063986,19.5,880
511724.2,6940715.5,-11.49862069,18.34,880
511723.42,6940715.65,-11.66672568,17.55,880
511721.51,6940716.02,-12.11611401,15.6,880
511720.9,6940716.14,-12.27931034,14.98,880
511719.6,6940716.39,-12.86116982,13.65,880
511719.48,6940716.42,-12.92665324,13.53,880
511719.73,6940716.37,-12.92665324,13.78,880
511721.18,6940716.09,-12.27931034,15.26,880
511721.51,6940716.02,-12.19033802,15.6,880
511723.42,6940715.65,-11.74232878,17.55,880
511724.55,6940715.43,-11.49862069,18.69,880
511725.34,6940715.28,-11.34746988,19.5,880
511727.25,6940714.9,-11.03564483,21.45,880
511729.17,6940714.53,-10.83263819,23.4,880
511731.08,6940714.16,-10.83766831,25.35,880
511732.99,6940713.79,-11.16168161,27.3,880
511734.12,6940713.57,-11.49862069,28.44,880
511734.91,6940713.41,-11.77709035,29.25,880
511736.44,6940713.12,-12.27931034,30.81,880
511736.82,6940713.04,-12.48339972,31.2,880
511738.62,6940712.69,-12.92665324,33.03,880
511739.14,6940712.59,-12.92665324,33.56,880
511721.46,6940716.03,-12.27931034,15.54,885
511721.51,6940716.02,-12.26456203,15.6,885
511723.42,6940715.65,-11.81793187,17.55,885
511724.9,6940715.36,-11.49862069,19.05,885
511725.34,6940715.28,-11.41429991,19.5,885
511727.25,6940714.9,-11.10507712,21.45,885
511729.17,6940714.53,-10.90659795,23.4,885
511731.08,6940714.16,-10.91744742,25.35,885
511732.99,6940713.79,-11.24561464,27.3,885
511733.84,6940713.62,-11.49862069,28.16,885
511734.91,6940713.41,-11.87625552,29.25,885
511736.14,6940713.17,-12.27931034,30.5,885
511736.82,6940713.04,-12.64545258,31.2,885
511737.98,6940712.82,-12.92665324,32.37,885
511738.62,6940712.69,-12.92665324,33.03,885
511736.82,6940713.04,-12.48339972,31.2,885
511736.44,6940713.12,-12.27931034,30.81,885
511734.91,6940713.41,-11.77709035,29.25,885
511734.12,6940713.57,-11.49862069,28.44,885
511732.99,6940713.79,-11.16168161,27.3,885
511731.08,6940714.16,-10.83766831,25.35,885
511729.17,6940714.53,-10.83263819,23.4,885
511727.25,6940714.9,-11.03564483,21.45,885
511725.34,6940715.28,-11.34746988,19.5,885
511724.55,6940715.43,-11.49862069,18.69,885
511723.42,6940715.65,-11.74232878,17.55,885
511721.51,6940716.02,-12.19033802,15.6,885
511721.18,6940716.09,-12.27931034,15.26,885
511719.73,6940716.37,-12.92665324,13.78,885
511720.01,6940716.31,-12.92665324,14.06,885
511742.56,6940711.92,-12.54434562,37.04,885
511743.71,6940711.7,-12.27931034,38.21,885
511744.48,6940711.55,-12.17463533,38.99,885
511746.39,6940711.18,-11.98027776,40.94,885
511748.3,6940710.81,-11.90656223,42.89,885
511750.22,6940710.43,-11.97539716,44.84,885
511752.13,6940710.06,-12.10446326,46.79,885
511754.04,6940709.69,-12.14410331,48.74,885
511755.96,6940709.32,-11.99257584,50.69,885
511757.87,6940708.94,-11.66469318,52.64,885
511758.73,6940708.78,-11.49862069,53.51,885
511759.79,6940708.57,-11.30832363,54.59,885
511761.7,6940708.2,-11.07907234,56.54,885
511761.7,6940708.2,-10.99596615,56.54,885
511759.79,6940708.57,-11.22866744,54.59,885
511758.28,6940708.87,-11.49862069,53.06,885
511757.87,6940708.94,-11.57818538,52.64,885
511755.96,6940709.32,-11.91026507,50.69,885
511754.04,6940709.69,-12.06366793,48.74,885
511752.13,6940710.06,-12.02360987,46.79,885
511750.22,6940710.43,-11.89263439,44.84,885
511748.3,6940710.81,-11.82187716,42.89,885
511746.39,6940711.18,-11.89489453,40.94,885
511744.48,6940711.55,-12.08962493,38.99,885
511743.09,6940711.82,-12.27931034,37.58,885
511742.56,6940711.92,-12.40041422,37.04,885
511740.65,6940712.3,-12.82378355,35.09,885
511739.14,6940712.59,-12.92665324,33.56,885
511740.85,6940712.26,-12.92665324,35.3,885
511721.51,6940716.02,-12.3794151,15.6,890
511721.77,6940715.97,-12.27931034,15.86,890
511723.42,6940715.65,-11.89353497,17.55,890
511725.25,6940715.29,-11.49862069,19.4,890
511725.34,6940715.28,-11.48112994,19.5,890
511727.25,6940714.9,-11.1745094,21.45,890
511729.17,6940714.53,-10.98055771,23.4,890
511731.08,6940714.16,-10.99722653,25.35,890
511732.99,6940713.79,-11.32954767,27.3,890
511733.56,6940713.68,-11.49862069,27.87,890
511734.91,6940713.41,-11.97542068,29.25,890
511735.83,6940713.23,-12.27931034,30.19,890
511736.82,6940713.04,-12.80750544,31.2,890
511737.31,6940712.95,-12.92665324,31.69,890
511737.98,6940712.82,-12.92665324,32.37,890
511736.82,6940713.04,-12.64545258,31.2,890
511736.14,6940713.17,-12.27931034,30.5,890
511734.91,6940713.41,-11.87625552,29.25,890
511733.84,6940713.62,-11.49862069,28.16,890
511732.99,6940713.79,-11.24561464,27.3,890
511731.08,6940714.16,-10.91744742,25.35,890
511729.17,6940714.53,-10.90659795,23.4,890
511727.25,6940714.9,-11.10507712,21.45,890
511725.34,6940715.28,-11.41429991,19.5,890
511724.9,6940715.36,-11.49862069,19.05,890
511723.42,6940715.65,-11.81793187,17.55,890
511721.51,6940716.02,-12.26456203,15.6,890
511721.46,6940716.03,-12.27931034,15.54,890
511720.01,6940716.31,-12.92665324,14.06,890
511720.29,6940716.26,-12.92665324,14.35,890
511742.56,6940711.92,-12.68827702,37.04,890
511744.33,6940711.58,-12.27931034,38.85,890
511744.48,6940711.55,-12.25964574,38.99,890
511746.39,6940711.18,-12.065661,40.94,890
511748.3,6940710.81,-11.9912473,42.89,890
511750.22,6940710.43,-12.05815994,44.84,890
511752.13,6940710.06,-12.18531666,46.79,890
511754.04,6940709.69,-12.22453868,48.74,890
511755.96,6940709.32,-12.07488661,50.69,890
511757.87,6940708.94,-11.75120098,52.64,890
511759.17,6940708.69,-11.49862069,53.96,890
511759.79,6940708.57,-11.38797983,54.59,890
511761.7,6940708.2,-11.16217854,56.54,890
511761.7,6940708.2,-11.07907234,56.54,890
511759.79,6940708.57,-11.30832363,54.59,890
511758.73,6940708.78,-11.49862069,53.51,890
511757.87,6940708.94,-11.66469318,52.64,890
511755.96,6940709.32,-11.99257584,50.69,890
511754.04,6940709.69,-12.14410331,48.74,890
511752.13,6940710.06,-12.10446326,46.79,890
511750.22,6940710.43,-11.97539716,44.84,890
511748.3,6940710.81,-11.90656223,42.89,890
511746.39,6940711.18,-11.98027776,40.94,890
511744.48,6940711.55,-12.17463533,38.99,890
511743.71,6940711.7,-12.27931034,38.21,890
511742.56,6940711.92,-12.54434562,37.04,890
511740.85,6940712.26,-12.92665324,35.3,890
511741.5,6940712.13,-12.92665324,35.96,890
511721.51,6940716.02,-12.50434303,15.6,895
511722.09,6940715.91,-12.27931034,16.19,895
511723.42,6940715.65,-11.96913806,17.55,895
511725.34,6940715.28,-11.55576883,19.5,895
511725.66,6940715.21,-11.49862069,19.82,895
511727.25,6940714.9,-11.24394168,21.45,895
511729.17,6940714.53,-11.05451747,23.4,895
511731.08,6940714.16,-11.07700564,25.35,895
511732.99,6940713.79,-11.4134807,27.3,895
511733.28,6940713.73,-11.49862069,27.59,895
511734.91,6940713.41,-12.07458585,29.25,895
511735.53,6940713.29,-12.27931034,29.88,895
511736.74,6940713.06,-12.92665324,31.11,895
511737.31,6940712.95,-12.92665324,31.69,895
511736.82,6940713.04,-12.80750544,31.2,895
511735.83,6940713.23,-12.27931034,30.19,895
511734.91,6940713.41,-11.97542068,29.25,895
511733.56,6940713.68,-11.49862069,27.87,895
511732.99,6940713.79,-11.32954767,27.3,895
511731.08,6940714.16,-10.99722653,25.35,895
511729.17,6940714.53,-10.98055771,23.4,895
511727.25,6940714.9,-11.1745094,21.45,895
511725.34,6940715.28,-11.48112994,19.5,895
511725.25,6940715.29,-11.49862069,19.4,895
511723.42,6940715.65,-11.89353497,17.55,895
511721.77,6940715.97,-12.27931034,15.86,895
511721.51,6940716.02,-12.3794151,15.6,895
511720.29,6940716.26,-12.92665324,14.35,895
511720.56,6940716.2,-12.92665324,14.63,895
511742.56,6940711.92,-12.83220841,37.04,895
511744.48,6940711.55,-12.38975775,38.99,895
511745.12,6940711.43,-12.27931034,39.65,895
511746.39,6940711.18,-12.15104423,40.94,895
511748.3,6940710.81,-12.07593237,42.89,895
511750.22,6940710.43,-12.14092271,44.84,895
511752.13,6940710.06,-12.26617005,46.79,895
511752.78,6940709.94,-12.27931034,47.45,895
511754.04,6940709.69,-12.32253748,48.74,895
511754.38,6940709.62,-12.27931034,49.09,895
511755.96,6940709.32,-12.15719738,50.69,895
511757.87,6940708.94,-11.83770878,52.64,895
511759.61,6940708.61,-11.49862069,54.42,895
511759.79,6940708.57,-11.46763602,54.59,895
511761.7,6940708.2,-11.24528474,56.54,895
511761.7,6940708.2,-11.16217854,56.54,895
511759.79,6940708.57,-11.38797983,54.59,895
511759.17,6940708.69,-11.49862069,53.96,895
511757.87,6940708.94,-11.75120098,52.64,895
511755.96,6940709.32,-12.07488661,50.69,895
511754.04,6940709.69,-12.22453868,48.74,895
511752.13,6940710.06,-12.18531666,46.79,895
511750.22,6940710.43,-12.05815994,44.84,895
511748.3,6940710.81,-11.9912473,42.89,895
511746.39,6940711.18,-12.065661,40.94,895
511744.48,6940711.55,-12.25964574,38.99,895
511744.33,6940711.58,-12.27931034,38.85,895
511742.56,6940711.92,-12.68827702,37.04,895
511741.5,6940712.13,-12.92665324,35.96,895
511742.14,6940712.01,-12.92665324,36.61,895
511721.51,6940716.02,-12.62927097,15.6,900
511722.42,6940715.84,-12.27931034,16.52,900
511723.42,6940715.65,-12.04474116,17.55,900
511725.34,6940715.28,-11.63317596,19.5,900
511726.09,6940715.13,-11.49862069,20.27,900
511727.25,6940714.9,-11.31337397,21.45,900
511729.17,6940714.53,-11.12847723,23.4,900
511731.08,6940714.16,-11.15678475,25.35,900
511732.99,6940713.79,-11.49741373,27.3,900
511733,6940713.79,-11.49862069,27.3,900
511734.91,6940713.41,-12.17375101,29.25,900
511735.23,6940713.35,-12.27931034,29.57,900
511736.43,6940713.12,-12.92665324,30.8,900
511736.74,6940713.06,-12.92665324,31.11,900
511735.53,6940713.29,-12.27931034,29.88,900
511734.91,6940713.41,-12.07458585,29.25,900
511733.28,6940713.73,-11.49862069,27.59,900
511732.99,6940713.79,-11.4134807,27.3,900
511731.08,6940714.16,-11.07700564,25.35,900
511729.17,6940714.53,-11.05451747,23.4,900
511727.25,6940714.9,-11.24394168,21.45,900
511725.66,6940715.21,-11.49862069,19.82,900
511725.34,6940715.28,-11.55576883,19.5,900
511723.42,6940715.65,-11.96913806,17.55,900
511722.09,6940715.91,-12.27931034,16.19,900
511721.51,6940716.02,-12.50434303,15.6,900
511720.56,6940716.2,-12.92665324,14.63,900
511720.84,6940716.15,-12.92665324,14.92,900
511744.48,6940711.55,-12.53344226,38.99,900
511745.97,6940711.26,-12.27931034,40.51,900
511746.39,6940711.18,-12.23642747,40.94,900
511748.3,6940710.81,-12.16061744,42.89,900
511750.22,6940710.43,-12.22368548,44.84,900
511751.07,6940710.27,-12.27931034,45.71,900
511752.13,6940710.06,-12.39342521,46.79,900
511754.04,6940709.69,-12.45802025,48.74,900
511755.45,6940709.42,-12.27931034,50.17,900
511755.96,6940709.32,-12.23950815,50.69,900
511757.87,6940708.94,-11.92421658,52.64,900
511759.79,6940708.57,-11.5547579,54.59,900
511760.23,6940708.49,-11.49862069,55.04,900
511761.7,6940708.2,-11.32839094,56.54,900
511761.7,6940708.2,-11.24528474,56.54,900
511759.79,6940708.57,-11.46763602,54.59,900
511759.61,6940708.61,-11.49862069,54.42,900
511757.87,6940708.94,-11.83770878,52.64,900
511755.96,6940709.32,-12.15719738,50.69,900
511754.38,6940709.62,-12.27931034,49.09,900
511754.04,6940709.69,-12.32253748,48.74,900
511752.78,6940709.94,-12.27931034,47.45,900
511752.13,6940710.06,-12.26617005,46.79,900
511750.22,6940710.43,-12.14092271,44.84,900
511748.3,6940710.81,-12.07593237,42.89,900
511746.39,6940711.18,-12.15104423,40.94,900
511745.12,6940711.43,-12.27931034,39.65,900
511744.48,6940711.55,-12.38975775,38.99,900
511742.56,6940711.92,-12.83220841,37.04,900
511742.14,6940712.01,-12.92665324,36.61,900
511742.78,6940711.88,-12.92665324,37.26,900
511721.51,6940716.02,-12.7541989,15.6,905
511722.74,6940715.78,-12.27931034,16.85,905
511723.42,6940715.65,-12.12034425,17.55,905
511725.34,6940715.28,-11.7105831,19.5,905
511726.53,6940715.04,-11.49862069,20.71,905
511727.25,6940714.9,-11.38280625,21.45,905
511729.17,6940714.53,-11.20243699,23.4,905
511731.08,6940714.16,-11.23656386,25.35,905
511732.55,6940713.87,-11.49862069,26.85,905
511732.99,6940713.79,-11.59632312,27.3,905
511734.91,6940713.41,-12.27291618,29.25,905
511734.93,6940713.41,-12.27931034,29.27,905
511736.12,6940713.18,-12.92665324,30.49,905
511736.43,6940713.12,-12.92665324,30.8,905
511735.23,6940713.35,-12.27931034,29.57,905
511734.91,6940713.41,-12.17375101,29.25,905
511733,6940713.79,-11.49862069,27.3,905
511732.99,6940713.79,-11.49741373,27.3,905
511731.08,6940714.16,-11.15678475,25.35,905
511729.17,6940714.53,-11.12847723,23.4,905
511727.25,6940714.9,-11.31337397,21.45,905
511726.09,6940715.13,-11.49862069,20.27,905
511725.34,6940715.28,-11.63317596,19.5,905
511723.42,6940715.65,-12.04474116,17.55,905
511722.42,6940715.84,-12.27931034,16.52,905
511721.51,6940716.02,-12.62927097,15.6,905
511720.84,6940716.15,-12.92665324,14.92,905
511721.12,6940716.1,-12.92665324,15.2,905
511744.48,6940711.55,-12.67712677,38.99,905
511746.39,6940711.18,-12.35122304,40.94,905
511747.45,6940710.97,-12.27931034,42.02,905
511748.3,6940710.81,-12.24530251,42.89,905
511749.36,6940710.6,-12.27931034,43.97,905
511750.22,6940710.43,-12.32512658,44.84,905
511752.13,6940710.06,-12.52968501,46.79,905
511754.04,6940709.69,-12.59350302,48.74,905
511755.96,6940709.32,-12.35089632,50.69,905
511756.23,6940709.26,-12.27931034,50.97,905
511757.87,6940708.94,-12.01072438,52.64,905
511759.79,6940708.57,-11.6466325,54.59,905
511760.95,6940708.35,-11.49862069,55.77,905
511761.7,6940708.2,-11.41149714,56.54,905
511761.7,6940708.2,-11.32839094,56.54,905
511760.23,6940708.49,-11.49862069,55.04,905
511759.79,6940708.57,-11.5547579,54.59,905
511757.87,6940708.94,-11.92421658,52.64,905
511755.96,6940709.32,-12.23950815,50.69,905
511755.45,6940709.42,-12.27931034,50.17,905
511754.04,6940709.69,-12.45802025,48.74,905
511752.13,6940710.06,-12.39342521,46.79,905
511751.07,6940710.27,-12.27931034,45.71,905
511750.22,6940710.43,-12.22368548,44.84,905
511748.3,6940710.81,-12.16061744,42.89,905
511746.39,6940711.18,-12.23642747,40.94,905
511745.97,6940711.26,-12.27931034,40.51,905
511744.48,6940711.55,-12.53344226,38.99,905
511742.78,6940711.88,-12.92665324,37.26,905
511743.4,6940711.76,-12.92665324,37.9,905
511721.51,6940716.02,-12.87912684,15.6,910
511723.07,6940715.72,-12.27931034,17.18,910
511723.42,6940715.65,-12.19594735,17.55,910
511725.34,6940715.28,-11.78799023,19.5,910
511726.96,6940714.96,-11.49862069,21.15,910
511727.25,6940714.9,-11.45223854,21.45,910
511729.17,6940714.53,-11.27639675,23.4,910
511731.08,6940714.16,-11.31634297,25.35,910
511732.1,6940713.96,-11.49862069,26.39,910
511732.99,6940713.79,-11.69545102,27.3,910
511734.64,6940713.46,-12.27931034,28.98,910
511734.91,6940713.41,-12.43732994,29.25,910
511735.81,6940713.24,-12.92665324,30.17,910
511736.12,6940713.18,-12.92665324,30.49,910
511734.93,6940713.41,-12.27931034,29.27,910
511734.91,6940713.41,-12.27291618,29.25,910
511732.99,6940713.79,-11.59632312,27.3,910
511732.55,6940713.87,-11.49862069,26.85,910
511731.08,6940714.16,-11.23656386,25.35,910
511729.17,6940714.53,-11.20243699,23.4,910
511727.25,6940714.9,-11.38280625,21.45,910
511726.53,6940715.04,-11.49862069,20.71,910
511725.34,6940715.28,-11.7105831,19.5,910
511723.42,6940715.65,-12.12034425,17.55,910
511722.74,6940715.78,-12.27931034,16.85,910
511721.51,6940716.02,-12.7541989,15.6,910
511721.12,6940716.1,-12.92665324,15.2,910
511721.4,6940716.04,-12.92665324,15.49,910
511744.48,6940711.55,-12.82081127,38.99,910
511746.39,6940711.18,-12.49569568,40.94,910
511748.3,6940710.81,-12.36505793,42.89,910
511750.22,6940710.43,-12.46485283,44.84,910
511752.13,6940710.06,-12.66594482,46.79,910
511754.04,6940709.69,-12.72898579,48.74,910
511755.96,6940709.32,-12.48951063,50.69,910
511756.76,6940709.16,-12.27931034,51.51,910
511757.87,6940708.94,-12.09723218,52.64,910
511759.79,6940708.57,-11.73850709,54.59,910
511761.67,6940708.21,-11.49862069,56.51,910
511761.7,6940708.2,-11.49460334,56.54,910
511761.7,6940708.2,-11.41149714,56.54,910
511760.95,6940708.35,-11.49862069,55.77,910
511759.79,6940708.57,-11.6466325,54.59,910
511757.87,6940708.94,-12.01072438,52.64,910
511756.23,6940709.26,-12.27931034,50.97,910
511755.96,6940709.32,-12.35089632,50.69,910
511754.04,6940709.69,-12.59350302,48.74,910
511752.13,6940710.06,-12.52968501,46.79,910
511750.22,6940710.43,-12.32512658,44.84,910
511749.36,6940710.6,-12.27931034,43.97,910
511748.3,6940710.81,-12.24530251,42.89,910
511747.45,6940710.97,-12.27931034,42.02,910
511746.39,6940711.18,-12.35122304,40.94,910
511744.48,6940711.55,-12.67712677,38.99,910
511743.4,6940711.76,-12.92665324,37.9,910
511744.02,6940711.64,-12.92665324,38.53,910
511723.39,6940715.65,-12.27931034,17.51,915
511723.42,6940715.65,-12.27155044,17.55,915
511725.34,6940715.28,-11.86539737,19.5,915
511727.25,6940714.9,-11.52535734,21.45,915
511727.52,6940714.85,-11.49862069,21.72,915
511729.17,6940714.53,-11.35035651,23.4,915
511731.08,6940714.16,-11.39612208,25.35,915
511731.66,6940714.05,-11.49862069,25.93,915
511732.99,6940713.79,-11.79457891,27.3,915
511734.36,6940713.52,-12.27931034,28.69,915
511734.91,6940713.41,-12.60624092,29.25,915
511735.5,6940713.3,-12.92665324,29.85,915
511735.81,6940713.24,-12.92665324,30.17,915
511734.91,6940713.41,-12.43732994,29.25,915
511734.64,6940713.46,-12.27931034,28.98,915
511732.99,6940713.79,-11.69545102,27.3,915
511732.1,6940713.96,-11.49862069,26.39,915
511731.08,6940714.16,-11.31634297,25.35,915
511729.17,6940714.53,-11.27639675,23.4,915
511727.25,6940714.9,-11.45223854,21.45,915
511726.96,6940714.96,-11.49862069,21.15,915
511725.34,6940715.28,-11.78799023,19.5,915
511723.42,6940715.65,-12.19594735,17.55,915
511723.07,6940715.72,-12.27931034,17.18,915
511721.51,6940716.02,-12.87912684,15.6,915
511721.4,6940716.04,-12.92665324,15.49,915
511721.71,6940715.98,-12.92665324,15.8,915
511746.39,6940711.18,-12.64016831,40.94,915
511748.3,6940710.81,-12.50834791,42.89,915
511750.22,6940710.43,-12.60457907,44.84,915
511752.13,6940710.06,-12.80220462,46.79,915
511754.04,6940709.69,-12.86446856,48.74,915
511755.96,6940709.32,-12.62812494,50.69,915
511757.29,6940709.06,-12.27931034,52.05,915
511757.87,6940708.94,-12.18373999,52.64,915
511759.79,6940708.57,-11.83038168,54.59,915
511761.7,6940708.2,-11.58991139,56.54,915
511761.7,6940708.2,-11.49460334,56.54,915
511761.67,6940708.21,-11.49862069,56.51,915
511759.79,6940708.57,-11.73850709,54.59,915
511757.87,6940708.94,-12.09723218,52.64,915
511756.76,6940709.16,-12.27931034,51.51,915
511755.96,6940709.32,-12.48951063,50.69,915
511754.04,6940709.69,-12.72898579,48.74,915
511752.13,6940710.06,-12.66594482,46.79,915
511750.22,6940710.43,-12.46485283,44.84,915
511748.3,6940710.81,-12.36505793,42.89,915
511746.39,6940711.18,-12.49569568,40.94,915
511744.48,6940711.55,-12.82081127,38.99,915
511744.02,6940711.64,-12.92665324,38.53,915
511744.7,6940711.51,-12.92665324,39.22,915
511723.42,6940715.65,-12.39370088,17.55,920
511723.75,6940715.58,-12.27931034,17.88,920
511725.34,6940715.28,-11.9428045,19.5,920
511727.25,6940714.9,-11.60589428,21.45,920
511728.34,6940714.69,-11.49862069,22.56,920
511729.17,6940714.53,-11.42431628,23.4,920
511731.08,6940714.16,-11.47590119,25.35,920
511731.21,6940714.13,-11.49862069,25.48,920
511732.99,6940713.79,-11.8937068,27.3,920
511734.08,6940713.57,-12.27931034,28.41,920
511734.91,6940713.41,-12.7751519,29.25,920
511735.19,6940713.36,-12.92665324,29.53,920
511735.5,6940713.3,-12.92665324,29.85,920
511734.91,6940713.41,-12.60624092,29.25,920
511734.36,6940713.52,-12.27931034,28.69,920
511732.99,6940713.79,-11.79457891,27.3,920
511731.66,6940714.05,-11.49862069,25.93,920
511731.08,6940714.16,-11.39612208,25.35,920
511729.17,6940714.53,-11.35035651,23.4,920
511727.52,6940714.85,-11.49862069,21.72,920
511727.25,6940714.9,-11.52535734,21.45,920
511725.34,6940715.28,-11.86539737,19.5,920
511723.42,6940715.65,-12.27155044,17.55,920
511723.39,6940715.65,-12.27931034,17.51,920
511721.71,6940715.98,-12.92665324,15.8,920
511722.04,6940715.92,-12.92665324,16.14,920
511746.39,6940711.18,-12.78464094,40.94,920
511748.3,6940710.81,-12.65163789,42.89,920
511750.22,6940710.43,-12.74430532,44.84,920
511752.01,6940710.08,-12.92665324,46.67,920
511754.65,6940709.57,-12.92665324,49.36,920
511755.96,6940709.32,-12.76673925,50.69,920
511757.82,6940708.96,-12.27931034,52.59,920
511757.87,6940708.94,-12.27024779,52.64,920
511759.79,6940708.57,-11.92225628,54.59,920
511761.7,6940708.2,-11.68583925,56.54,920
511761.7,6940708.2,-11.58991139,56.54,920
511759.79,6940708.57,-11.83038168,54.59,920
511757.87,6940708.94,-12.18373999,52.64,920
511757.29,6940709.06,-12.27931034,52.05,920
511755.96,6940709.32,-12.62812494,50.69,920
511754.04,6940709.69,-12.86446856,48.74,920
511752.13,6940710.06,-12.80220462,46.79,920
511750.22,6940710.43,-12.60457907,44.84,920
511748.3,6940710.81,-12.50834791,42.89,920
511746.39,6940711.18,-12.64016831,40.94,920
511744.7,6940711.51,-12.92665324,39.22,920
511745.55,6940711.34,-12.92665324,40.09,920
511723.42,6940715.65,-12.5211754,17.55,925
511724.12,6940715.51,-12.27931034,18.25,925
511725.34,6940715.28,-12.02021164,19.5,925
511727.25,6940714.9,-11.68643122,21.45,925
511729.16,6940714.53,-11.49862069,23.39,925
511729.17,6940714.53,-11.49827604,23.4,925
511729.18,6940714.53,-11.49862069,23.41,925
511731.08,6940714.16,-11.56562924,25.35,925
511732.99,6940713.79,-11.9928347,27.3,925
511733.8,6940713.63,-12.27931034,28.12,925
511734.88,6940713.42,-12.92665324,29.22,925
511735.19,6940713.36,-12.92665324,29.53,925
511734.91,6940713.41,-12.7751519,29.25,925
511734.08,6940713.57,-12.27931034,28.41,925
511732.99,6940713.79,-11.8937068,27.3,925
511731.21,6940714.13,-11.49862069,25.48,925
511731.08,6940714.16,-11.47590119,25.35,925
511729.17,6940714.53,-11.42431628,23.4,925
511728.34,6940714.69,-11.49862069,22.56,925
511727.25,6940714.9,-11.60589428,21.45,925
511725.34,6940715.28,-11.9428045,19.5,925
511723.75,6940715.58,-12.27931034,17.88,925
511723.42,6940715.65,-12.39370088,17.55,925
511722.04,6940715.92,-12.92665324,16.14,925
511722.37,6940715.85,-12.92665324,16.47,925
511755.96,6940709.32,-12.90535356,50.69,925
511757.87,6940708.94,-12.40968159,52.64,925
511758.33,6940708.86,-12.27931034,53.1,925
511759.79,6940708.57,-12.01413087,54.59,925
511761.7,6940708.2,-11.7817671,56.54,925
511761.7,6940708.2,-11.68583925,56.54,925
511759.79,6940708.57,-11.92225628,54.59,925
511757.87,6940708.94,-12.27024779,52.64,925
511757.82,6940708.96,-12.27931034,52.59,925
511755.96,6940709.32,-12.76673925,50.69,925
511754.65,6940709.57,-12.92665324,49.36,925
511755.78,6940709.35,-12.92665324,50.51,925
511748.3,6940710.81,-12.79492787,42.89,925
511750.22,6940710.43,-12.88403156,44.84,925
511750.64,6940710.35,-12.92665324,45.28,925
511752.01,6940710.08,-12.92665324,46.67,925
511750.22,6940710.43,-12.74430532,44.84,925
511748.3,6940710.81,-12.65163789,42.89,925
511746.39,6940711.18,-12.78464094,40.94,925
511745.55,6940711.34,-12.92665324,40.09,925
511746.42,6940711.17,-12.92665324,40.98,925
511723.42,6940715.65,-12.64864992,17.55,930
511724.48,6940715.44,-12.27931034,18.62,930
511725.34,6940715.28,-12.09761877,19.5,930
511727.25,6940714.9,-11.76696816,21.45,930
511729.17,6940714.53,-11.5844126,23.4,930
511731.08,6940714.16,-11.65931867,25.35,930
511732.99,6940713.79,-12.09196259,27.3,930
511733.52,6940713.68,-12.27931034,27.84,930
511734.6,6940713.47,-12.92665324,28.93,930
511734.88,6940713.42,-12.92665324,29.22,930
511733.8,6940713.63,-12.27931034,28.12,930
511732.99,6940713.79,-11.9928347,27.3,930
511731.08,6940714.16,-11.56562924,25.35,930
511729.18,6940714.53,-11.49862069,23.41,930
511729.17,6940714.53,-11.49827604,23.4,930
511729.16,6940714.53,-11.49862069,23.39,930
511727.25,6940714.9,-11.68643122,21.45,930
511725.34,6940715.28,-12.02021164,19.5,930
511724.12,6940715.51,-12.27931034,18.25,930
511723.42,6940715.65,-12.5211754,17.55,930
511722.37,6940715.85,-12.92665324,16.47,930
511722.7,6940715.79,-12.92665324,16.81,930
511757.87,6940708.94,-12.55530874,52.64,930
511758.83,6940708.76,-12.27931034,53.62,930
511759.79,6940708.57,-12.10600546,54.59,930
511761.7,6940708.2,-11.87769495,56.54,930
511761.7,6940708.2,-11.7817671,56.54,930
511759.79,6940708.57,-12.01413087,54.59,930
511758.33,6940708.86,-12.27931034,53.1,930
511757.87,6940708.94,-12.40968159,52.64,930
511755.96,6940709.32,-12.90535356,50.69,930
511755.78,6940709.35,-12.92665324,50.51,930
511756.42,6940709.23,-12.92665324,51.16,930
511750.22,6940710.43,-12.88403156,44.84,930
511748.3,6940710.81,-12.79492787,42.89,930
511746.42,6940711.17,-12.92665324,40.98,930
511750.64,6940710.35,-12.92665324,45.28,930
511723.42,6940715.65,-12.77612444,17.55,935
511724.85,6940715.37,-12.27931034,19,935
511725.34,6940715.28,-12.17502591,19.5,935
511727.25,6940714.9,-11.8475051,21.45,935
511729.17,6940714.53,-11.67060617,23.4,935
511731.08,6940714.16,-11.7530081,25.35,935
511732.99,6940713.79,-12.19109048,27.3,935
511733.24,6940713.74,-12.27931034,27.55,935
511734.32,6940713.53,-12.92665324,28.64,935
511734.6,6940713.47,-12.92665324,28.93,935
511733.52,6940713.68,-12.27931034,27.84,935
511732.99,6940713.79,-12.09196259,27.3,935
511731.08,6940714.16,-11.65931867,25.35,935
511729.17,6940714.53,-11.5844126,23.4,935
511727.25,6940714.9,-11.76696816,21.45,935
511725.34,6940715.28,-12.09761877,19.5,935
511724.48,6940715.44,-12.27931034,18.62,935
511723.42,6940715.65,-12.64864992,17.55,935
511722.7,6940715.79,-12.92665324,16.81,935
511723.03,6940715.72,-12.92665324,17.15,935
511757.87,6940708.94,-12.70093588,52.64,935
511759.34,6940708.66,-12.27931034,54.13,935
511759.79,6940708.57,-12.19788006,54.59,935
511761.7,6940708.2,-11.97362281,56.54,935
511761.7,6940708.2,-11.87769495,56.54,935
511759.79,6940708.57,-12.10600546,54.59,935
511758.83,6940708.76,-12.27931034,53.62,935
511757.87,6940708.94,-12.55530874,52.64,935
511756.42,6940709.23,-12.92665324,51.16,935
511756.99,6940709.12,-12.92665324,51.74,935
511723.42,6940715.65,-12.90359896,17.55,940
511725.21,6940715.3,-12.27931034,19.37,940
511725.34,6940715.28,-12.25243304,19.5,940
511727.25,6940714.9,-11.92804204,21.45,940
511729.17,6940714.53,-11.75679974,23.4,940
511731.08,6940714.16,-11.84669753,25.35,940
511732.95,6940713.79,-12.27931034,27.25,940
511732.99,6940713.79,-12.29787281,27.3,940
511734.04,6940713.58,-12.92665324,28.36,940
511734.32,6940713.53,-12.92665324,28.64,940
511733.24,6940713.74,-12.27931034,27.55,940
511732.99,6940713.79,-12.19109048,27.3,940
511731.08,6940714.16,-11.7530081,25.35,940
511729.17,6940714.53,-11.67060617,23.4,940
511727.25,6940714.9,-11.8475051,21.45,940
511725.34,6940715.28,-12.17502591,19.5,940
511724.85,6940715.37,-12.27931034,19,940
511723.42,6940715.65,-12.77612444,17.55,940
511723.03,6940715.72,-12.92665324,17.15,940
511723.36,6940715.66,-12.92665324,17.49,940
511757.87,6940708.94,-12.84656303,52.64,940
511759.79,6940708.57,-12.296864,54.59,940
511759.88,6940708.55,-12.27931034,54.69,940
511761.7,6940708.2,-12.06955066,56.54,940
511761.7,6940708.2,-11.97362281,56.54,940
511759.79,6940708.57,-12.19788006,54.59,940
511759.34,6940708.66,-12.27931034,54.13,940
511757.87,6940708.94,-12.70093588,52.64,940
511756.99,6940709.12,-12.92665324,51.74,940
511757.56,6940709.01,-12.92665324,52.32,940
511725.34,6940715.28,-12.36455109,19.5,945
511725.65,6940715.22,-12.27931034,19.81,945
511727.25,6940714.9,-12.00857898,21.45,945
511729.17,6940714.53,-11.84299331,23.4,945
511731.08,6940714.16,-11.94038696,25.35,945
511732.54,6940713.87,-12.27931034,26.84,945
511732.99,6940713.79,-12.46656115,27.3,945
511733.76,6940713.64,-12.92665324,28.07,945
511734.04,6940713.58,-12.92665324,28.36,945
511732.99,6940713.79,-12.29787281,27.3,945
511732.95,6940713.79,-12.27931034,27.25,945
511731.08,6940714.16,-11.84669753,25.35,945
511729.17,6940714.53,-11.75679974,23.4,945
511727.25,6940714.9,-11.92804204,21.45,945
511725.34,6940715.28,-12.25243304,19.5,945
511725.21,6940715.3,-12.27931034,19.37,945
511723.42,6940715.65,-12.90359896,17.55,945
511723.36,6940715.66,-12.92665324,17.49,945
511723.72,6940715.59,-12.92665324,17.85,945
511759.79,6940708.57,-12.45127683,54.59,945
511760.71,6940708.39,-12.27931034,55.54,945
511761.7,6940708.2,-12.16547852,56.54,945
511761.7,6940708.2,-12.06955066,56.54,945
511759.88,6940708.55,-12.27931034,54.69,945
511759.79,6940708.57,-12.296864,54.59,945
511757.87,6940708.94,-12.84656303,52.64,945
511757.56,6940709.01,-12.92665324,52.32,945
511758.1,6940708.9,-12.92665324,52.88,945
511725.34,6940715.28,-12.4951322,19.5,950
511726.13,6940715.12,-12.27931034,20.3,950
511727.25,6940714.9,-12.08911592,21.45,950
511729.17,6940714.53,-11.92918689,23.4,950
511731.08,6940714.16,-12.03407639,25.35,950
511732.14,6940713.95,-12.27931034,26.43,950
511732.99,6940713.79,-12.6352495,27.3,950
511733.48,6940713.69,-12.92665324,27.79,950
511733.76,6940713.64,-12.92665324,28.07,950
511732.99,6940713.79,-12.46656115,27.3,950
511732.54,6940713.87,-12.27931034,26.84,950
511731.08,6940714.16,-11.94038696,25.35,950
511729.17,6940714.53,-11.84299331,23.4,950
511727.25,6940714.9,-12.00857898,21.45,950
511725.65,6940715.22,-12.27931034,19.81,950
511725.34,6940715.28,-12.36455109,19.5,950
511723.72,6940715.59,-12.92665324,17.85,950
511724.1,6940715.52,-12.92665324,18.23,950
511759.79,6940708.57,-12.60568966,54.59,950
511761.54,6940708.23,-12.27931034,56.38,950
511761.7,6940708.2,-12.26140637,56.54,950
511761.7,6940708.2,-12.16547852,56.54,950
511760.71,6940708.39,-12.27931034,55.54,950
511759.79,6940708.57,-12.45127683,54.59,950
511758.1,6940708.9,-12.92665324,52.88,950
511758.64,6940708.8,-12.92665324,53.43,950
511725.34,6940715.28,-12.62571332,19.5,955
511726.6,6940715.03,-12.27931034,20.79,955
511727.25,6940714.9,-12.16965286,21.45,955
511729.17,6940714.53,-12.01538046,23.4,955
511731.08,6940714.16,-12.12776582,25.35,955
511731.73,6940714.03,-12.27931034,26.01,955
511732.99,6940713.79,-12.80393784,27.3,955
511733.2,6940713.75,-12.92665324,27.5,955
511733.48,6940713.69,-12.92665324,27.79,955
511732.99,6940713.79,-12.6352495,27.3,955
511732.14,6940713.95,-12.27931034,26.43,955
511731.08,6940714.16,-12.03407639,25.35,955
511729.17,6940714.53,-11.92918689,23.4,955
511727.25,6940714.9,-12.08911592,21.45,955
511726.13,6940715.12,-12.27931034,20.3,955
511725.34,6940715.28,-12.4951322,19.5,955
511724.1,6940715.52,-12.92665324,18.23,955
511724.47,6940715.44,-12.92665324,18.62,955
511759.79,6940708.57,-12.76010249,54.59,955
511761.7,6940708.2,-12.40992901,56.54,955
511761.7,6940708.2,-12.26140637,56.54,955
511761.54,6940708.23,-12.27931034,56.38,955
511759.79,6940708.57,-12.60568966,54.59,955
511758.64,6940708.8,-12.92665324,53.43,955
511759.19,6940708.69,-12.92665324,53.99,955
511725.34,6940715.28,-12.75629444,19.5,960
511727.08,6940714.94,-12.27931034,21.27,960
511727.25,6940714.9,-12.2501898,21.45,960
511729.17,6940714.53,-12.10157403,23.4,960
511731.08,6940714.16,-12.22145525,25.35,960
511731.33,6940714.11,-12.27931034,25.6,960
511732.88,6940713.81,-12.92665324,27.18,960
511733.2,6940713.75,-12.92665324,27.5,960
511732.99,6940713.79,-12.80393784,27.3,960
511731.73,6940714.03,-12.27931034,26.01,960
511731.08,6940714.16,-12.12776582,25.35,960
511729.17,6940714.53,-12.01538046,23.4,960
511727.25,6940714.9,-12.16965286,21.45,960
511726.6,6940715.03,-12.27931034,20.79,960
511725.34,6940715.28,-12.62571332,19.5,960
511724.47,6940715.44,-12.92665324,18.62,960
511724.85,6940715.37,-12.92665324,19,960
511759.79,6940708.57,-12.91451532,54.59,960
511761.7,6940708.2,-12.57052046,56.54,960
511761.7,6940708.2,-12.40992901,56.54,960
511759.79,6940708.57,-12.76010249,54.59,960
511759.19,6940708.69,-12.92665324,53.99,960
511759.74,6940708.58,-12.92665324,54.55,960
511725.34,6940715.28,-12.88687555,19.5,965
511727.25,6940714.9,-12.3660473,21.45,965
511727.97,6940714.76,-12.27931034,22.18,965
511729.17,6940714.53,-12.1877676,23.4,965
511730.57,6940714.26,-12.27931034,24.83,965
511731.08,6940714.16,-12.34006129,25.35,965
511732.49,6940713.88,-12.92665324,26.78,965
511732.88,6940713.81,-12.92665324,27.18,965
511731.33,6940714.11,-12.27931034,25.6,965
511731.08,6940714.16,-12.22145525,25.35,965
511729.17,6940714.53,-12.10157403,23.4,965
511727.25,6940714.9,-12.2501898,21.45,965
511727.08,6940714.94,-12.27931034,21.27,965
511725.34,6940715.28,-12.75629444,19.5,965
511724.85,6940715.37,-12.92665324,19,965
511725.22,6940715.3,-12.92665324,19.38,965
511761.7,6940708.2,-12.73111192,56.54,965
511761.7,6940708.2,-12.57052046,56.54,965
511759.79,6940708.57,-12.91451532,54.59,965
511759.74,6940708.58,-12.92665324,54.55,965
511760.59,6940708.42,-12.92665324,55.41,965
511727.25,6940714.9,-12.5019092,21.45,970
511729.1,6940714.54,-12.27931034,23.33,970
511729.17,6940714.53,-12.27396117,23.4,970
511729.25,6940714.52,-12.27931034,23.48,970
511731.08,6940714.16,-12.49889559,25.35,970
511732.11,6940713.96,-12.92665324,26.39,970
511732.49,6940713.88,-12.92665324,26.78,970
511731.08,6940714.16,-12.34006129,25.35,970
511730.57,6940714.26,-12.27931034,24.83,970
511729.17,6940714.53,-12.1877676,23.4,970
511727.97,6940714.76,-12.27931034,22.18,970
511727.25,6940714.9,-12.3660473,21.45,970
511725.34,6940715.28,-12.88687555,19.5,970
511725.22,6940715.3,-12.92665324,19.38,970
511725.68,6940715.21,-12.92665324,19.84,970
511761.7,6940708.2,-12.89170337,56.54,970
511761.7,6940708.2,-12.73111192,56.54,970
511760.59,6940708.42,-12.92665324,55.41,970
511761.5,6940708.24,-12.92665324,56.34,970
511727.25,6940714.9,-12.6377711,21.45,975
511729.17,6940714.53,-12.41578175,23.4,975
511731.08,6940714.16,-12.65772989,25.35,975
511731.73,6940714.03,-12.92665324,26,975
511732.11,6940713.96,-12.92665324,26.39,975
511731.08,6940714.16,-12.49889559,25.35,975
511729.25,6940714.52,-12.27931034,23.48,975
511729.17,6940714.53,-12.27396117,23.4,975
511729.1,6940714.54,-12.27931034,23.33,975
511727.25,6940714.9,-12.5019092,21.45,975
511725.68,6940715.21,-12.92665324,19.84,975
511726.18,6940715.11,-12.92665324,20.35,975
511761.7,6940708.2,-12.89170337,56.54,975
511761.5,6940708.24,-12.92665324,56.34,975
511761.7,6940708.2,-12.92665324,56.54,975
511731.08,6940714.16,-12.65772989,25.35,980
511729.17,6940714.53,-12.41578175,23.4,980
511727.25,6940714.9,-12.6377711,21.45,980
511726.18,6940715.11,-12.92665324,20.35,980
511726.68,6940715.01,-12.92665324,20.87,980
511727.25,6940714.9,-12.773633,21.45,980
511729.17,6940714.53,-12.56128296,23.4,980
511731.08,6940714.16,-12.8165642,25.35,980
511731.34,6940714.11,-12.92665324,25.62,980
511731.73,6940714.03,-12.92665324,26,980
511731.08,6940714.16,-12.8165642,25.35,985
511729.17,6940714.53,-12.56128296,23.4,985
511727.25,6940714.9,-12.773633,21.45,985
511726.68,6940715.01,-12.92665324,20.87,985
511727.19,6940714.92,-12.92665324,21.38,985
511727.25,6940714.9,-12.9094949,21.45,985
511729.17,6940714.53,-12.70678417,23.4,985
511730.73,6940714.23,-12.92665324,24.99,985
511731.34,6940714.11,-12.92665324,25.62,985
511729.17,6940714.53,-12.70678417,23.4,990
511727.25,6940714.9,-12.9094949,21.45,990
511727.19,6940714.92,-12.92665324,21.38,990
511728.43,6940714.67,-12.92665324,22.65,990
511729.17,6940714.53,-12.85228538,23.4,990
511729.68,6940714.43,-12.92665324,23.92,990
511730.73,6940714.23,-12.92665324,24.99,990
511729.17,6940714.53,-12.85228538,23.4,995
511728.43,6940714.67,-12.92665324,22.65,995
511729.68,6940714.43,-12.92665324,23.92,995
511706.2,6940719,6.184015366,0,190
511708.11,6940718.63,6.360674685,1.95,190
511708.45,6940718.56,6.457241379,2.29,190
511708.11,6940718.63,6.488769728,1.95,190
511706.2,6940719,6.579481076,0,190
511706.2,6940719,5.675312555,0,195
511706.58,6940718.93,5.676551724,0.39,195
511708.11,6940718.63,5.700795679,1.95,195
511708.52,6940718.55,5.676551724,2.36,195
511710.03,6940718.26,5.65422467,3.9,195
511710.83,6940718.1,5.676551724,4.71,195
511710.38,6940718.19,6.457241379,4.26,195
511710.03,6940718.26,6.51715546,3.9,195
511708.11,6940718.63,6.704215598,1.95,195
511706.2,6940719,6.808634678,0,195
511706.2,6940719,5.541203395,0,200
511708.11,6940718.63,5.542418992,1.95,200
511710.03,6940718.26,5.490320294,3.9,200
511711.94,6940717.88,5.481487757,5.85,200
511712.62,6940717.75,5.676551724,6.54,200
511711.94,6940717.88,6.199669891,5.85,200
511711.5,6940717.97,6.457241379,5.4,200
511710.03,6940718.26,6.706925131,3.9,200
511708.11,6940718.63,6.919661468,1.95,200
511706.2,6940719,7.037788279,0,200
511706.2,6940719,5.407094235,0,205
511708.11,6940718.63,5.403170261,1.95,205
511710.03,6940718.26,5.326415918,3.9,205
511711.94,6940717.88,5.240495482,5.85,205
511713.46,6940717.59,5.676551724,7.39,205
511712.31,6940717.81,6.457241379,6.22,205
511711.94,6940717.88,6.561710129,5.85,205
511710.03,6940718.26,6.896694802,3.9,205
511708.11,6940718.63,7.135107338,1.95,205
511706.6,6940718.92,7.237931034,0.41,205
511706.2,6940719,7.252850563,0,205
511706.2,6940719,5.272985074,0,210
511708.11,6940718.63,5.26392153,1.95,210
511710.03,6940718.26,5.162511542,3.9,210
511711.94,6940717.88,4.999503207,5.85,210
511713.86,6940717.51,5.412795444,7.8,210
511714.07,6940717.47,5.676551724,8.02,210
511713.86,6940717.51,5.873082855,7.8,210
511712.91,6940717.69,6.457241379,6.84,210
511711.94,6940717.88,6.735402062,5.85,210
511710.03,6940718.26,7.086464474,3.9,210
511708.87,6940718.48,7.237931034,2.72,210
511708.11,6940718.63,7.300529044,1.95,210
511706.2,6940719,7.370698338,0,210
511706.2,6940719,5.138875914,0,215
511708.11,6940718.63,5.124672799,1.95,215
511710.03,6940718.26,4.998607166,3.9,215
511711.03,6940718.06,4.895862069,4.92,215
511711.94,6940717.88,4.83174009,5.85,215
511713.76,6940717.53,4.895862069,7.7,215
511713.86,6940717.51,4.910459939,7.8,215
511714.49,6940717.39,5.676551724,8.45,215
511713.86,6940717.51,6.247385089,7.8,215
511713.52,6940717.58,6.457241379,7.45,215
511711.94,6940717.88,6.909093994,5.85,215
511710.21,6940718.22,7.237931034,4.09,215
511710.03,6940718.26,7.263620558,3.9,215
511708.11,6940718.63,7.420278844,1.95,215
511706.2,6940719,7.488546112,0,215
511706.2,6940719,5.004766754,0,220
511708.11,6940718.63,4.985424068,1.95,220
511709.32,6940718.39,4.895862069,3.18,220
511710.03,6940718.26,4.85912899,3.9,220
511711.94,6940717.88,4.719233546,5.85,220
511713.86,6940717.51,4.747285922,7.8,220
511714.43,6940717.4,4.895862069,8.38,220
511714.91,6940717.31,5.676551724,8.87,220
511714.04,6940717.47,6.457241379,7.99,220
511713.86,6940717.51,6.539561048,7.8,220
511711.94,6940717.88,7.082785927,5.85,220
511711.13,6940718.04,7.237931034,5.02,220
511710.03,6940718.26,7.390897231,3.9,220
511708.11,6940718.63,7.540028643,1.95,220
511706.2,6940719,7.606393887,0,220
511706.2,6940719,4.877920513,0,225
511708.11,6940718.63,4.861896775,1.95,225
511710.03,6940718.26,4.760685836,3.9,225
511711.94,6940717.88,4.606727003,5.85,225
511713.86,6940717.51,4.594262927,7.8,225
511715.01,6940717.29,4.895862069,8.98,225
511715.33,6940717.22,5.676551724,9.3,225
511714.46,6940717.39,6.457241379,8.41,225
511713.86,6940717.51,6.726932261,7.8,225
511712.01,6940717.87,7.237931034,5.92,225
511711.94,6940717.88,7.253694699,5.85,225
511710.03,6940718.26,7.518173904,3.9,225
511708.11,6940718.63,7.659778442,1.95,225
511706.2,6940719,7.724241662,0,225
511706.2,6940719,4.782456238,0,230
511708.11,6940718.63,4.766707899,1.95,230
511710.03,6940718.26,4.662242681,3.9,230
511711.94,6940717.88,4.494220459,5.85,230
511713.86,6940717.51,4.441239932,7.8,230
511715.6,6940717.17,4.895862069,9.58,230
511715.75,6940717.14,5.676551724,9.72,230
511714.88,6940717.31,6.457241379,8.84,230
511713.86,6940717.51,6.914303475,7.8,230
511712.69,6940717.74,7.237931034,6.61,230
511711.94,6940717.88,7.4013222,5.85,230
511710.03,6940718.26,7.645450576,3.9,230
511708.11,6940718.63,7.779528241,1.95,230
511706.2,6940719,7.842089437,0,230
511706.2,6940719,4.686991964,0,235
511708.11,6940718.63,4.671519024,1.95,235
511710.03,6940718.26,4.563799527,3.9,235
511711.94,6940717.88,4.381713916,5.85,235
511713.86,6940717.51,4.288216937,7.8,235
511715.77,6940717.14,4.698055027,9.75,235
511716.05,6940717.08,4.895862069,10.03,235
511716.08,6940717.08,5.676551724,10.07,235
511715.77,6940717.14,6.030396123,9.75,235
511715.29,6940717.23,6.457241379,9.26,235
511713.86,6940717.51,7.101674688,7.8,235
511713.36,6940717.61,7.237931034,7.3,235
511711.94,6940717.88,7.548949701,5.85,235
511710.03,6940718.26,7.772727249,3.9,235
511708.11,6940718.63,7.89927804,1.95,235
511706.2,6940719,7.959937212,0,235
511706.2,6940719,4.591527689,0,240
511708.11,6940718.63,4.576330149,1.95,240
511710.03,6940718.26,4.465356372,3.9,240
511711.94,6940717.88,4.269207373,5.85,240
511713.86,6940717.51,4.135193942,7.8,240
511715.77,6940717.14,4.419994016,9.75,240
511716.44,6940717.01,4.895862069,10.44,240
511716.41,6940717.01,5.676551724,10.4,240
511715.77,6940717.14,6.4056447,9.75,240
511715.71,6940717.15,6.457241379,9.69,240
511714,6940717.48,7.237931034,7.95,240
511713.86,6940717.51,7.29066179,7.8,240
511711.94,6940717.88,7.696577202,5.85,240
511710.03,6940718.26,7.900003922,3.9,240
511708.12,6940718.63,8.01862069,1.96,240
511708.11,6940718.63,8.019045523,1.95,240
511706.2,6940719,8.077888231,0,240
511742.56,6940711.92,5.652153364,37.04,240
511742.66,6940711.9,5.676551724,37.15,240
511742.56,6940711.92,5.781215578,37.04,240
511740.96,6940712.24,6.457241379,35.41,240
511740.65,6940712.3,6.495006424,35.09,240
511740.55,6940712.32,6.457241379,35,240
511740.65,6940712.3,5.939445108,35.09,240
511741.39,6940712.15,5.676551724,35.85,240
511742.56,6940711.92,5.652153364,37.04,240
511706.2,6940719,4.496063414,0,245
511708.11,6940718.63,4.481141274,1.95,245
511710.03,6940718.26,4.366913217,3.9,245
511711.94,6940717.88,4.156700829,5.85,245
511712.51,6940717.77,4.115172414,6.43,245
511713.86,6940717.51,4.021860686,7.8,245
511715.58,6940717.18,4.115172414,9.55,245
511715.77,6940717.14,4.141933005,9.75,245
511716.84,6940716.93,4.895862069,10.84,245
511716.74,6940716.95,5.676551724,10.74,245
511716.08,6940717.08,6.457241379,10.06,245
511715.77,6940717.14,6.673840117,9.75,245
511714.55,6940717.38,7.237931034,8.5,245
511713.86,6940717.51,7.483956347,7.8,245
511711.94,6940717.88,7.844204702,5.85,245
511710.13,6940718.23,8.01862069,4.01,245
511710.03,6940718.26,8.028633342,3.9,245
511708.11,6940718.63,8.143996652,1.95,245
511706.2,6940719,8.195941655,0,245
511742.56,6940711.92,5.471344414,37.04,245
511743.4,6940711.76,5.676551724,37.9,245
511742.65,6940711.91,6.457241379,37.13,245
511742.56,6940711.92,6.480099811,37.04,245
511740.65,6940712.3,6.717441606,35.09,245
511739.99,6940712.43,6.457241379,34.42,245
511740.22,6940712.38,5.676551724,34.66,245
511740.65,6940712.3,5.543064793,35.09,245
511742.56,6940711.92,5.471344414,37.04,245
511706.2,6940719,4.40059914,0,250
511708.11,6940718.63,4.385952399,1.95,250
511710.03,6940718.26,4.268470063,3.9,250
511711.39,6940717.99,4.115172414,5.29,250
511711.94,6940717.88,4.059234828,5.85,250
511713.86,6940717.51,3.91450217,7.8,250
511715.77,6940717.14,3.964745563,9.75,250
511716.41,6940717.01,4.115172414,10.4,250
511717.23,6940716.85,4.895862069,11.24,250
511717.07,6940716.88,5.676551724,11.08,250
511716.43,6940717.01,6.457241379,10.42,250
511715.77,6940717.14,6.924969088,9.75,250
511715.09,6940717.27,7.237931034,9.06,250
511713.86,6940717.51,7.677250904,7.8,250
511711.94,6940717.88,7.991832203,5.85,250
511711.66,6940717.94,8.01862069,5.57,250
511710.03,6940718.26,8.175791672,3.9,250
511708.11,6940718.63,8.268947781,1.95,250
511706.2,6940719,8.313995079,0,250
511742.56,6940711.92,5.290535463,37.04,250
511744.14,6940711.62,5.676551724,38.65,250
511743.29,6940711.78,6.457241379,37.79,250
511742.56,6940711.92,6.658097251,37.04,250
511740.65,6940712.3,6.939876788,35.09,250
511739.42,6940712.54,6.457241379,33.84,250
511739.76,6940712.47,5.676551724,34.19,250
511740.65,6940712.3,5.396985857,35.09,250
511742.56,6940711.92,5.290535463,37.04,250
511706.2,6940719,4.305134865,0,255
511708.11,6940718.63,4.290763524,1.95,255
511710.03,6940718.26,4.170026908,3.9,255
511710.51,6940718.16,4.115172414,4.4,255
511711.94,6940717.88,3.970568861,5.85,255
511713.86,6940717.51,3.807143655,7.8,255
511715.77,6940717.14,3.798299991,9.75,255
511717.12,6940716.87,4.115172414,11.13,255
511717.63,6940716.78,4.895862069,11.64,255
511717.41,6940716.82,5.676551724,11.42,255
511716.79,6940716.94,6.457241379,10.79,255
511715.77,6940717.14,7.176098059,9.75,255
511715.64,6940717.16,7.237931034,9.61,255
511713.86,6940717.51,7.870545461,7.8,255
511712.93,6940717.69,8.01862069,6.86,255
511711.94,6940717.88,8.181817302,5.85,255
511710.03,6940718.26,8.322950002,3.9,255
511708.11,6940718.63,8.39389891,1.95,255
511706.2,6940719,8.432048503,0,255
511742.56,6940711.92,5.109726512,37.04,255
511744.48,6940711.55,5.544357468,38.99,255
511744.81,6940711.49,5.676551724,39.33,255
511744.48,6940711.55,5.985680634,38.99,255
511743.94,6940711.66,6.457241379,38.45,255
511742.56,6940711.92,6.836094692,37.04,255
511740.65,6940712.3,7.16231197,35.09,255
511738.85,6940712.65,6.457241379,33.27,255
511739.29,6940712.56,5.676551724,33.71,255
511740.65,6940712.3,5.250906922,35.09,255
511742.56,6940711.92,5.109726512,37.04,255
511752.13,6940710.06,6.993330125,46.79,255
511754.04,6940709.69,7.084120789,48.74,255
511754.63,6940709.58,7.237931034,49.34,255
511754.04,6940709.69,7.344634611,48.74,255
511752.13,6940710.06,7.402319971,46.79,255
511751.56,6940710.17,7.237931034,46.21,255
511752.13,6940710.06,6.993330125,46.79,255
511706.2,6940719,4.20967059,0,260
511708.11,6940718.63,4.195574649,1.95,260
511709.37,6940718.38,4.115172414,3.23,260
511710.03,6940718.26,4.077316825,3.9,260
511711.94,6940717.88,3.881902894,5.85,260
511713.86,6940717.51,3.699785139,7.8,260
511715.77,6940717.14,3.631854418,9.75,260
511717.68,6940716.77,4.028157877,11.7,260
511717.81,6940716.74,4.115172414,11.82,260
511718.01,6940716.7,4.895862069,12.03,260
511717.74,6940716.76,5.676551724,11.75,260
511717.68,6940716.77,5.752318378,11.7,260
511717.14,6940716.87,6.457241379,11.15,260
511716.11,6940717.07,7.237931034,10.1,260
511715.77,6940717.14,7.4572436,9.75,260
511714.06,6940717.47,8.01862069,8.01,260
511713.86,6940717.51,8.0896825,7.8,260
511711.94,6940717.88,8.381192546,5.85,260
511710.03,6940718.26,8.470108332,3.9,260
511708.11,6940718.63,8.518850039,1.95,260
511706.2,6940719,8.550101927,0,260
511742.56,6940711.92,4.928917561,37.04,260
511744.48,6940711.55,5.298962526,38.99,260
511745.43,6940711.37,5.676551724,39.97,260
511744.66,6940711.52,6.457241379,39.18,260
511744.48,6940711.55,6.491240638,38.99,260
511742.56,6940711.92,7.014092133,37.04,260
511741.31,6940712.17,7.237931034,35.77,260
511740.65,6940712.3,7.370754609,35.09,260
511740.01,6940712.42,7.237931034,34.44,260
511738.73,6940712.67,6.750918506,33.14,260
511738.54,6940712.71,6.457241379,32.95,260
511738.73,6940712.67,5.830538716,33.14,260
511738.83,6940712.65,5.676551724,33.24,260
511740.65,6940712.3,5.104827986,35.09,260
511742.56,6940711.92,4.928917561,37.04,260
511752.13,6940710.06,6.445269357,46.79,260
511752.76,6940709.94,6.457241379,47.43,260
511754.04,6940709.69,6.552199897,48.74,260
511755.96,6940709.32,7.039494946,50.69,260
511756.6,6940709.19,7.237931034,51.34,260
511755.96,6940709.32,7.363817037,50.69,260
511754.04,6940709.69,7.713646842,48.74,260
511752.13,6940710.06,7.796802925,46.79,260
511750.22,6940710.43,7.245353771,44.84,260
511750.2,6940710.44,7.237931034,44.83,260
511750.22,6940710.43,7.204160744,44.84,260
511751.81,6940710.12,6.457241379,46.47,260
511752.13,6940710.06,6.445269357,46.79,260
511706.2,6940719,4.114260616,0,265
511708.11,6940718.63,4.101517988,1.95,265
511710.03,6940718.26,3.991821571,3.9,265
511711.94,6940717.88,3.793236927,5.85,265
511713.86,6940717.51,3.592426623,7.8,265
511715.77,6940717.14,3.465408846,9.75,265
511717.68,6940716.77,3.62264694,11.7,265
511718.38,6940716.63,4.115172414,12.41,265
511718.39,6940716.63,4.895862069,12.41,265
511718.06,6940716.69,5.676551724,12.09,265
511717.68,6940716.77,6.216120126,11.7,265
511717.5,6940716.8,6.457241379,11.51,265
511716.57,6940716.98,7.237931034,10.56,265
511715.77,6940717.14,7.748193964,9.75,265
511714.95,6940717.3,8.01862069,8.91,265
511713.86,6940717.51,8.393443338,7.8,265
511711.94,6940717.88,8.58056779,5.85,265
511710.03,6940718.26,8.617266661,3.9,265
511708.11,6940718.63,8.643801168,1.95,265
511706.2,6940719,8.668155352,0,265
511742.56,6940711.92,4.818433807,37.04,265
511743.63,6940711.72,4.895862069,38.14,265
511744.48,6940711.55,5.053567583,38.99,265
511746.05,6940711.25,5.676551724,40.6,265
511745.68,6940711.32,6.457241379,40.22,265
511744.48,6940711.55,6.681990515,38.99,265
511742.56,6940711.92,7.192089574,37.04,265
511742.31,6940711.97,7.237931034,36.78,265
511740.65,6940712.3,7.571990253,35.09,265
511739.04,6940712.61,7.237931034,33.45,265
511738.73,6940712.67,7.122032221,33.14,265
511738.3,6940712.75,6.457241379,32.71,265
511738.52,6940712.71,5.676551724,32.92,265
511738.73,6940712.67,5.539934596,33.14,265
511740.65,6940712.3,4.958749051,35.09,265
511741.31,6940712.17,4.895862069,35.77,265
511742.56,6940711.92,4.818433807,37.04,265
511752.13,6940710.06,6.307151888,46.79,265
511754.04,6940709.69,6.34824104,48.74,265
511755.96,6940709.32,6.456266766,50.69,265
511755.97,6940709.32,6.457241379,50.7,265
511757.87,6940708.94,7.073027747,52.64,265
511758.82,6940708.76,7.237931034,53.6,265
511757.87,6940708.94,7.388705245,52.64,265
511755.96,6940709.32,7.735864567,50.69,265
511754.4,6940709.62,8.01862069,49.1,265
511754.04,6940709.69,8.064903496,48.74,265
511752.13,6940710.06,8.148705912,46.79,265
511751.57,6940710.17,8.01862069,46.22,265
511750.22,6940710.43,7.621760266,44.84,265
511749.46,6940710.58,7.237931034,44.07,265
511749.18,6940710.64,6.457241379,43.79,265
511750.22,6940710.43,6.356224738,44.84,265
511752.13,6940710.06,6.307151888,46.79,265
511761.7,6940708.2,7.578785303,56.54,270
511759.79,6940708.57,7.679440667,54.59,270
511757.87,6940708.94,7.848242615,52.64,270
511756.71,6940709.17,8.01862069,51.46,270
511755.96,6940709.32,8.086481668,50.69,270
511754.04,6940709.69,8.331601702,48.74,270
511752.13,6940710.06,8.445907699,46.79,270
511750.29,6940710.42,8.01862069,44.91,270
511750.22,6940710.43,7.998166761,44.84,270
511748.72,6940710.73,7.237931034,43.32,270
511748.3,6940710.81,6.835047932,42.89,270
511746.39,6940711.18,6.540363022,40.94,270
511744.48,6940711.55,6.872740393,38.99,270
511743.1,6940711.82,7.237931034,37.59,270
511742.56,6940711.92,7.376261808,37.04,270
511740.65,6940712.3,7.773225896,35.09,270
511738.73,6940712.67,7.439223899,33.14,270
511738.54,6940712.71,7.237931034,32.95,270
511738.06,6940712.8,6.457241379,32.46,270
511738.24,6940712.76,5.676551724,32.65,270
511738.73,6940712.67,5.370341855,33.14,270
511740.32,6940712.36,4.895862069,34.76,270
511740.65,6940712.3,4.843727966,35.09,270
511742.56,6940711.92,4.723683247,37.04,270
511744.48,6940711.55,4.854995726,38.99,270
511744.68,6940711.51,4.895862069,39.2,270
511746.39,6940711.18,5.574070964,40.94,270
511746.81,6940711.1,5.676551724,41.37,270
511748.3,6940710.81,6.265954928,42.89,270
511750.22,6940710.43,6.177066393,44.84,270
511752.13,6940710.06,6.16903442,46.79,270
511754.04,6940709.69,6.215553282,48.74,270
511755.96,6940709.32,6.320526758,50.69,270
511757.52,6940709.01,6.457241379,52.29,270
511757.87,6940708.94,6.570427055,52.64,270
511759.79,6940708.57,6.990873193,54.59,270
511761.7,6940708.2,7.119083442,56.54,270
511706.2,6940719,4.024162051,0,270
511708.11,6940718.63,4.01361773,1.95,270
511710.03,6940718.26,3.906326317,3.9,270
511711.94,6940717.88,3.704570959,5.85,270
511713.86,6940717.51,3.485068107,7.8,270
511715.52,6940717.19,3.334482759,9.49,270
511715.77,6940717.14,3.304639967,9.75,270
511717.68,6940716.77,3.258412164,11.7,270
511718.23,6940716.66,3.334482759,12.25,270
511718.96,6940716.52,4.115172414,13,270
511718.76,6940716.56,4.895862069,12.8,270
511718.39,6940716.63,5.676551724,12.42,270
511717.85,6940716.73,6.457241379,11.87,270
511717.68,6940716.77,6.652334556,11.7,270
511717.03,6940716.89,7.237931034,11.03,270
511715.81,6940717.13,8.01862069,9.79,270
511715.77,6940717.14,8.054232796,9.75,270
511713.86,6940717.51,8.697204177,7.8,270
511711.94,6940717.88,8.779943034,5.85,270
511710.03,6940718.26,8.764424991,3.9,270
511708.11,6940718.63,8.768752297,1.95,270
511706.2,6940719,8.786208776,0,270
511727.25,6940714.9,1.547346212,21.45,270
511729.17,6940714.53,1.679242279,23.4,270
511729.43,6940714.48,1.773103448,23.66,270
511729.17,6940714.53,1.914772366,23.4,270
511727.25,6940714.9,1.978416192,21.45,270
511725.69,6940715.21,1.773103448,19.85,270
511727.25,6940714.9,1.547346212,21.45,270
511761.7,6940708.2,8.474623891,56.54,275
511759.79,6940708.57,8.30259619,54.59,275
511757.87,6940708.94,8.253608089,52.64,275
511755.96,6940709.32,8.369235742,50.69,275
511754.04,6940709.69,8.598299907,48.74,275
511752.13,6940710.06,8.743109487,46.79,275
511750.22,6940710.43,8.368069716,44.84,275
511749.62,6940710.55,8.01862069,44.23,275
511748.3,6940710.81,7.37538899,42.89,275
511747.87,6940710.89,7.237931034,42.45,275
511746.39,6940711.18,6.818808832,40.94,275
511744.48,6940711.55,7.063490271,38.99,275
511743.82,6940711.68,7.237931034,38.32,275
511742.56,6940711.92,7.562575918,37.04,275
511740.65,6940712.3,7.97446154,35.09,275
511738.73,6940712.67,7.731928369,33.14,275
511738.27,6940712.76,7.237931034,32.67,275
511737.82,6940712.85,6.457241379,32.22,275
511737.97,6940712.82,5.676551724,32.37,275
511738.73,6940712.67,5.200749115,33.14,275
511739.76,6940712.47,4.895862069,34.19,275
511740.65,6940712.3,4.752184326,35.09,275
511742.56,6940711.92,4.628932688,37.04,275
511744.48,6940711.55,4.740633092,38.99,275
511745.25,6940711.4,4.895862069,39.78,275
511746.39,6940711.18,5.349085761,40.94,275
511747.74,6940710.92,5.676551724,42.31,275
511748.3,6940710.81,5.900904448,42.89,275
511750.22,6940710.43,5.997908048,44.84,275
511752.13,6940710.06,6.030916951,46.79,275
511754.04,6940709.69,6.082865523,48.74,275
511755.96,6940709.32,6.184786749,50.69,275
511757.87,6940708.94,6.355872143,52.64,275
511759.1,6940708.71,6.457241379,53.89,275
511759.79,6940708.57,6.618079493,54.59,275
511761.7,6940708.2,6.810276104,56.54,275
511706.2,6940719,3.934063485,0,275
511708.11,6940718.63,3.925717472,1.95,275
511710.03,6940718.26,3.820831062,3.9,275
511711.94,6940717.88,3.615904992,5.85,275
511713.86,6940717.51,3.377709591,7.8,275
511714.33,6940717.42,3.334482759,8.28,275
511715.77,6940717.14,3.164795585,9.75,275
511717.68,6940716.77,2.995537763,11.7,275
511719.6,6940716.39,3.045367141,13.65,275
511719.92,6940716.33,3.334482759,13.98,275
511719.6,6940716.39,3.899168997,13.65,275
511719.54,6940716.4,4.115172414,13.59,275
511719.14,6940716.48,4.895862069,13.18,275
511718.72,6940716.56,5.676551724,12.76,275
511718.19,6940716.67,6.457241379,12.21,275
511717.68,6940716.77,7.058677089,11.7,275
511717.48,6940716.8,7.237931034,11.49,275
511716.46,6940717,8.01862069,10.45,275
511715.77,6940717.14,8.559082609,9.75,275
511714.97,6940717.29,8.799310345,8.93,275
511713.86,6940717.51,9.288344517,7.8,275
511711.94,6940717.88,9.181096425,5.85,275
511710.03,6940718.26,9.010913075,3.9,275
511708.11,6940718.63,8.964377236,1.95,275
511706.2,6940719,8.97760437,0,275
511727.25,6940714.9,1.10853958,21.45,275
511729.17,6940714.53,1.31661993,23.4,275
511730.44,6940714.28,1.773103448,24.7,275
511729.17,6940714.53,2.462094717,23.4,275
511727.25,6940714.9,2.377484656,21.45,275
511725.34,6940715.28,2.244727454,19.5,275
511723.43,6940715.65,1.773103448,17.56,275
511725.34,6940715.28,1.41353509,19.5,275
511727.25,6940714.9,1.10853958,21.45,275
511711.84,6940717.9,9.58,5.75,280
511710.03,6940718.26,9.288264807,3.9,280
511708.11,6940718.63,9.182881539,1.95,280
511706.2,6940719,9.178155567,0,280
511760.16,6940708.5,9.58,54.97,280
511759.79,6940708.57,9.130187206,54.59,280
511759.34,6940708.66,8.799310345,54.13,280
511757.87,6940708.94,8.627054468,52.64,280
511755.96,6940709.32,8.651989817,50.69,280
511754.66,6940709.57,8.799310345,49.37,280
511754.04,6940709.69,8.910777958,48.74,280
511752.13,6940710.06,9.229572039,46.79,280
511750.54,6940710.37,8.799310345,45.18,280
511750.22,6940710.43,8.737598961,44.84,280
511748.98,6940710.68,8.01862069,43.58,280
511748.3,6940710.81,7.686929616,42.89,280
511746.89,6940711.08,7.237931034,41.45,280
511746.39,6940711.18,7.097254642,40.94,280
511744.75,6940711.5,7.237931034,39.28,280
511744.48,6940711.55,7.255252322,38.99,280
511742.56,6940711.92,7.748890027,37.04,280
511741.32,6940712.17,8.01862069,35.78,280
511740.65,6940712.3,8.343762948,35.09,280
511738.73,6940712.67,8.032643992,33.14,280
511738.73,6940712.67,8.01862069,33.14,280
511737.99,6940712.81,7.237931034,32.39,280
511737.58,6940712.89,6.457241379,31.97,280
511737.7,6940712.87,5.676551724,32.09,280
511738.73,6940712.67,5.031156374,33.14,280
511739.19,6940712.58,4.895862069,33.61,280
511740.65,6940712.3,4.660640686,35.09,280
511742.56,6940711.92,4.534182128,37.04,280
511744.48,6940711.55,4.626270459,38.99,280
511745.81,6940711.29,4.895862069,40.36,280
511746.39,6940711.18,5.124100558,40.94,280
511748.3,6940710.81,5.61919237,42.89,280
511748.93,6940710.69,5.676551724,43.53,280
511750.22,6940710.43,5.818749703,44.84,280
511752.13,6940710.06,5.892799482,46.79,280
511754.04,6940709.69,5.950177765,48.74,280
511755.96,6940709.32,6.049046741,50.69,280
511757.87,6940708.94,6.225039364,52.64,280
511759.79,6940708.57,6.391190048,54.59,280
511761.31,6940708.27,6.457241379,56.15,280
511761.7,6940708.2,6.501468766,56.54,280
511706.2,6940719,3.84396492,0,280
511708.11,6940718.63,3.837817215,1.95,280
511710.03,6940718.26,3.735335808,3.9,280
511711.94,6940717.88,3.527239025,5.85,280
511713.44,6940717.59,3.334482759,7.38,280
511713.86,6940717.51,3.274825036,7.8,280
511715.77,6940717.14,3.024951203,9.75,280
511717.68,6940716.77,2.732663361,11.7,280
511718.75,6940716.56,2.553793103,12.78,280
511719.6,6940716.39,2.354311514,13.65,280
511721.51,6940716.02,1.798558314,15.6,280
511721.56,6940716.01,1.773103448,15.65,280
511723.42,6940715.65,1.446247374,17.55,280
511725.34,6940715.28,1.006976714,19.5,280
511725.43,6940715.26,0.992413793,19.59,280
511727.25,6940714.9,0.885500915,21.45,280
511729.17,6940714.53,0.977217476,23.4,280
511729.24,6940714.52,0.992413793,23.48,280
511731.08,6940714.16,1.67206869,25.35,280
511731.25,6940714.12,1.773103448,25.52,280
511731.33,6940714.11,2.553793103,25.6,280
511731.08,6940714.16,2.638061559,25.35,280
511729.17,6940714.53,2.693674144,23.4,280
511727.25,6940714.9,2.641650752,21.45,280
511725.34,6940715.28,2.633806742,19.5,280
511723.42,6940715.65,2.723719649,17.55,280
511721.51,6940716.02,3.108785889,15.6,280
511721.14,6940716.09,3.334482759,15.22,280
511720.1,6940716.29,4.115172414,14.16,280
511719.6,6940716.39,4.751023239,13.65,280
511719.52,6940716.41,4.895862069,13.57,280
511719.05,6940716.5,5.676551724,13.09,280
511718.53,6940716.6,6.457241379,12.56,280
511717.91,6940716.72,7.237931034,11.93,280
511717.68,6940716.77,7.539340494,11.7,280
511717.11,6940716.88,8.01862069,11.11,280
511716.24,6940717.05,8.799310345,10.23,280
511715.77,6940717.14,9.504109328,9.75,280
511715.61,6940717.17,9.58,9.58,280
511710.12,6940718.24,9.58,3.99,285
511710.03,6940718.26,9.565616539,3.9,285
511708.11,6940718.63,9.401385842,1.95,285
511706.2,6940719,9.378706764,0,285
511750.79,6940710.32,9.58,45.42,285
511750.22,6940710.43,9.465343203,44.84,285
511749.63,6940710.55,8.799310345,44.25,285
511748.34,6940710.8,8.01862069,42.94,285
511748.3,6940710.81,7.998470242,42.89,285
511746.39,6940711.18,7.360596812,40.94,285
511744.48,6940711.55,7.457840475,38.99,285
511742.56,6940711.92,7.935204137,37.04,285
511742.18,6940712,8.01862069,36.65,285
511740.65,6940712.3,8.760312935,35.09,285
511738.73,6940712.67,8.715375351,33.14,285
511738.35,6940712.74,8.01862069,32.75,285
511737.71,6940712.87,7.237931034,32.11,285
511737.34,6940712.94,6.457241379,31.72,285
511737.43,6940712.92,5.676551724,31.82,285
511738.64,6940712.69,4.895862069,33.05,285
511738.73,6940712.67,4.871776942,33.14,285
511740.65,6940712.3,4.569097046,35.09,285
511742.56,6940711.92,4.439431569,37.04,285
511744.48,6940711.55,4.511907825,38.99,285
511746.38,6940711.18,4.895862069,40.94,285
511746.39,6940711.18,4.899115355,40.94,285
511748.3,6940710.81,5.470369386,42.89,285
511750.22,6940710.43,5.654205888,44.84,285
511750.73,6940710.33,5.676551724,45.36,285
511752.13,6940710.06,5.754682014,46.79,285
511754.04,6940709.69,5.817490007,48.74,285
511755.96,6940709.32,5.913306732,50.69,285
511757.87,6940708.94,6.094206586,52.64,285
511759.79,6940708.57,6.275017029,54.59,285
511761.7,6940708.2,6.366826873,56.54,285
511758.56,6940708.81,9.58,53.34,285
511757.87,6940708.94,9.223350779,52.64,285
511755.96,6940709.32,9.041017021,50.69,285
511754.04,6940709.69,9.363346424,48.74,285
511752.93,6940709.91,9.58,47.6,285
511706.2,6940719,3.753866354,0,285
511708.11,6940718.63,3.749916957,1.95,285
511710.03,6940718.26,3.649840554,3.9,285
511711.94,6940717.88,3.438573058,5.85,285
511712.75,6940717.73,3.334482759,6.67,285
511713.86,6940717.51,3.174956074,7.8,285
511715.77,6940717.14,2.88510682,9.75,285
511717.46,6940716.81,2.553793103,11.47,285
511717.68,6940716.77,2.488331396,11.7,285
511719.6,6940716.39,1.987104407,13.65,285
511720.31,6940716.25,1.773103448,14.38,285
511721.51,6940716.02,1.514900966,15.6,285
511723.42,6940715.65,1.117834623,17.55,285
511723.97,6940715.54,0.992413793,18.1,285
511725.34,6940715.28,0.847904583,19.5,285
511727.25,6940714.9,0.740112427,21.45,285
511729.17,6940714.53,0.833774795,23.4,285
511729.97,6940714.37,0.992413793,24.22,285
511731.08,6940714.16,1.401328678,25.35,285
511731.72,6940714.03,1.773103448,26,285
511732.05,6940713.97,2.553793103,26.33,285
511731.08,6940714.16,2.884777964,25.35,285
511729.17,6940714.53,2.861707492,23.4,285
511727.25,6940714.9,2.799045321,21.45,285
511725.34,6940715.28,2.824125086,19.5,285
511723.42,6940715.65,3.018046295,17.55,285
511722.26,6940715.87,3.334482759,16.36,285
511721.51,6940716.02,3.581901414,15.6,285
511720.67,6940716.18,4.115172414,14.74,285
511719.91,6940716.33,4.895862069,13.97,285
511719.6,6940716.39,5.319600201,13.65,285
511719.38,6940716.44,5.676551724,13.42,285
511718.87,6940716.53,6.457241379,12.91,285
511718.32,6940716.64,7.237931034,12.34,285
511717.74,6940716.75,8.01862069,11.76,285
511717.68,6940716.77,8.138160237,11.7,285
511717.13,6940716.87,8.799310345,11.14,285
511716.78,6940716.94,9.58,10.78,285
511706.24,6940718.99,9.58,0.04,290
511706.2,6940719,9.579257961,0,290
511738,6940712.81,9.58,32.4,290
511738.24,6940712.76,8.799310345,32.64,290
511737.97,6940712.82,8.01862069,32.36,290
511737.44,6940712.92,7.237931034,31.82,290
511737.1,6940712.99,6.457241379,31.48,290
511737.16,6940712.98,5.676551724,31.54,290
511738.18,6940712.78,4.895862069,32.58,290
511738.73,6940712.67,4.752685137,33.14,290
511740.65,6940712.3,4.477553406,35.09,290
511742.56,6940711.92,4.344681009,37.04,290
511744.48,6940711.55,4.397545192,38.99,290
511746.39,6940711.18,4.769765918,40.94,290
511746.88,6940711.08,4.895862069,41.44,290
511748.3,6940710.81,5.321546402,42.89,290
511750.22,6940710.43,5.545888697,44.84,290
511752.13,6940710.06,5.635601247,46.79,290
511753.81,6940709.74,5.676551724,48.5,290
511754.04,6940709.69,5.684802249,48.74,290
511755.96,6940709.32,5.777566724,50.69,290
511757.87,6940708.94,5.963373808,52.64,290
511759.79,6940708.57,6.158844011,54.59,290
511761.7,6940708.2,6.261298609,56.54,290
511749.54,6940710.57,9.58,44.15,290
511748.94,6940710.68,8.799310345,43.54,290
511748.3,6940710.81,8.415858527,42.89,290
511747.61,6940710.94,8.01862069,42.19,290
511746.39,6940711.18,7.608516651,40.94,290
511744.48,6940711.55,7.660428628,38.99,290
511743.02,6940711.84,8.01862069,37.51,290
511742.56,6940711.92,8.235294534,37.04,290
511741.39,6940712.15,8.799310345,35.85,290
511741.17,6940712.2,9.58,35.63,290
511756.17,6940709.28,9.58,50.91,290
511755.96,6940709.32,9.545644932,50.69,290
511755.74,6940709.36,9.58,50.47,290
511706.2,6940719,3.663767788,0,290
511708.11,6940718.63,3.662016699,1.95,290
511710.03,6940718.26,3.564345299,3.9,290
511711.94,6940717.88,3.34990709,5.85,290
511712.06,6940717.86,3.334482759,5.97,290
511713.86,6940717.51,3.075087112,7.8,290
511715.77,6940717.14,2.745262438,9.75,290
511716.74,6940716.95,2.553793103,10.74,290
511717.68,6940716.77,2.283481891,11.7,290
511719.32,6940716.45,1.773103448,13.37,290
511719.6,6940716.39,1.683287003,13.65,290
511721.51,6940716.02,1.249996399,15.6,290
511722.68,6940715.79,0.992413793,16.79,290
511723.42,6940715.65,0.89701877,17.55,290
511725.34,6940715.28,0.69802675,19.5,290
511727.25,6940714.9,0.594723939,21.45,290
511729.17,6940714.53,0.690332115,23.4,290
511730.71,6940714.23,0.992413793,24.97,290
511731.08,6940714.16,1.130588666,25.35,290
511732.19,6940713.94,1.773103448,26.47,290
511732.77,6940713.83,2.553793103,27.07,290
511731.08,6940714.16,3.131494369,25.35,290
511729.17,6940714.53,3.02974084,23.4,290
511727.25,6940714.9,2.956439891,21.45,290
511725.34,6940715.28,3.014443431,19.5,290
511723.42,6940715.65,3.312372941,17.55,290
511723.34,6940715.66,3.334482759,17.46,290
511721.51,6940716.02,3.938032708,15.6,290
511721.23,6940716.08,4.115172414,15.31,290
511720.31,6940716.25,4.895862069,14.37,290
511719.71,6940716.37,5.676551724,13.76,290
511719.6,6940716.39,5.854810673,13.65,290
511719.22,6940716.47,6.457241379,13.26,290
511718.72,6940716.56,7.237931034,12.76,290
511718.26,6940716.65,8.01862069,12.29,290
511717.94,6940716.72,8.799310345,11.96,290
511717.81,6940716.74,9.58,11.83,290
511737.26,6940712.96,9.58,31.64,295
511737.68,6940712.87,8.799310345,32.07,295
511737.59,6940712.89,8.01862069,31.98,295
511737.16,6940712.98,7.237931034,31.54,295
511736.86,6940713.03,6.457241379,31.23,295
511736.89,6940713.03,5.676551724,31.27,295
511737.72,6940712.87,4.895862069,32.11,295
511738.73,6940712.67,4.633593332,33.14,295
511740.65,6940712.3,4.386009766,35.09,295
511742.56,6940711.92,4.24993045,37.04,295
511744.48,6940711.55,4.283182559,38.99,295
511746.39,6940711.18,4.641819665,40.94,295
511747.38,6940710.99,4.895862069,41.95,295
511748.3,6940710.81,5.172723419,42.89,295
511750.22,6940710.43,5.437571506,44.84,295
511752.13,6940710.06,5.541314829,46.79,295
511754.04,6940709.69,5.589663691,48.74,295
511755.96,6940709.32,5.652523366,50.69,295
511756.3,6940709.25,5.676551724,51.04,295
511757.87,6940708.94,5.832541029,52.64,295
511759.79,6940708.57,6.042670992,54.59,295
511761.7,6940708.2,6.155770345,56.54,295
511748.74,6940710.72,9.58,43.34,295
511748.3,6940710.81,8.917050126,42.89,295
511748.23,6940710.82,8.799310345,42.82,295
511746.87,6940711.09,8.01862069,41.44,295
511746.39,6940711.18,7.85643649,40.94,295
511744.48,6940711.55,7.863016781,38.99,295
511743.84,6940711.67,8.01862069,38.35,295
511742.56,6940711.92,8.627620608,37.04,295
511742.2,6940711.99,8.799310345,36.68,295
511741.95,6940712.04,9.58,36.42,295
511706.2,6940719,3.573669223,0,295
511708.11,6940718.63,3.574116441,1.95,295
511710.03,6940718.26,3.478850045,3.9,295
511711.31,6940718.01,3.334482759,5.21,295
511711.94,6940717.88,3.261588505,5.85,295
511713.86,6940717.51,2.975218151,7.8,295
511715.77,6940717.14,2.605418056,9.75,295
511716.03,6940717.09,2.553793103,10.02,295
511717.68,6940716.77,2.078632387,11.7,295
511718.66,6940716.57,1.773103448,12.7,295
511719.6,6940716.39,1.468013418,13.65,295
511721.49,6940716.03,0.992413793,15.57,295
511721.51,6940716.02,0.988063162,15.6,295
511723.42,6940715.65,0.742682865,17.55,295
511725.34,6940715.28,0.548148916,19.5,295
511727.25,6940714.9,0.449335451,21.45,295
511729.17,6940714.53,0.546889435,23.4,295
511731.08,6940714.16,0.920738298,25.35,295
511731.28,6940714.12,0.992413793,25.55,295
511732.65,6940713.85,1.773103448,26.95,295
511732.99,6940713.79,2.175218734,27.3,295
511733.25,6940713.74,2.553793103,27.56,295
511732.99,6940713.79,3.028732828,27.3,295
511731.63,6940714.05,3.334482759,25.9,295
511731.08,6940714.16,3.357895126,25.35,295
511730.74,6940714.23,3.334482759,25,295
511729.17,6940714.53,3.197774188,23.4,295
511727.25,6940714.9,3.11383446,21.45,295
511725.34,6940715.28,3.204761775,19.5,295
511724.53,6940715.43,3.334482759,18.67,295
511723.42,6940715.65,3.522499447,17.55,295
511721.79,6940715.97,4.115172414,15.88,295
511721.51,6940716.02,4.269880846,15.6,295
511720.7,6940716.18,4.895862069,14.78,295
511720.05,6940716.3,5.676551724,14.11,295
511719.6,6940716.39,6.395349665,13.65,295
511719.56,6940716.4,6.457241379,13.61,295
511719.13,6940716.48,7.237931034,13.17,295
511718.78,6940716.55,8.01862069,12.81,295
511718.6,6940716.59,8.799310345,12.63,295
511718.59,6940716.59,9.58,12.62,295
511736.65,6940713.08,9.58,31.02,300
511736.82,6940713.04,9.239389264,31.2,300
511737.12,6940712.98,8.799310345,31.5,300
511737.21,6940712.97,8.01862069,31.59,300
511736.89,6940713.03,7.237931034,31.26,300
511736.82,6940713.04,7.068253215,31.2,300
511736.66,6940713.07,6.457241379,31.04,300
511736.64,6940713.08,5.676551724,31.02,300
511736.82,6940713.04,5.333885861,31.2,300
511737.26,6940712.96,4.895862069,31.64,300
511738.73,6940712.67,4.514501527,33.14,300
511740.65,6940712.3,4.294466125,35.09,300
511742.56,6940711.92,4.15517989,37.04,300
511744.48,6940711.55,4.168819925,38.99,300
511746.39,6940711.18,4.513873411,40.94,300
511747.88,6940710.89,4.895862069,42.46,300
511748.3,6940710.81,5.023900435,42.89,300
511750.22,6940710.43,5.329254315,44.84,300
511752.13,6940710.06,5.447028411,46.79,300
511754.04,6940709.69,5.497014746,48.74,300
511755.96,6940709.32,5.558596547,50.69,300
511757.62,6940708.99,5.676551724,52.38,300
511757.87,6940708.94,5.701708251,52.64,300
511759.79,6940708.57,5.926497974,54.59,300
511761.7,6940708.2,6.050242081,56.54,300
511747.94,6940710.88,9.58,42.52,300
511747.48,6940710.97,8.799310345,42.05,300
511746.39,6940711.18,8.168924158,40.94,300
511744.48,6940711.55,8.113582269,38.99,300
511743.04,6940711.83,8.799310345,37.53,300
511742.75,6940711.89,9.58,37.23,300
511706.2,6940719,3.483570657,0,300
511708.11,6940718.63,3.486216184,1.95,300
511710.03,6940718.26,3.393354791,3.9,300
511710.55,6940718.15,3.334482759,4.43,300
511711.94,6940717.88,3.173343077,5.85,300
511713.86,6940717.51,2.875349189,7.8,300
511715.46,6940717.2,2.553793103,9.43,300
511715.77,6940717.14,2.467387968,9.75,300
511717.68,6940716.77,1.873782883,11.7,300
511718.01,6940716.7,1.773103448,12.03,300
511719.6,6940716.39,1.252739834,13.65,300
511720.63,6940716.19,0.992413793,14.7,300
511721.51,6940716.02,0.830659707,15.6,300
511723.42,6940715.65,0.58834696,17.55,300
511725.34,6940715.28,0.398271082,19.5,300
511727.25,6940714.9,0.303946964,21.45,300
511729.17,6940714.53,0.403446755,23.4,300
511731.08,6940714.16,0.77435423,25.35,300
511731.69,6940714.04,0.992413793,25.97,300
511732.99,6940713.79,1.712363365,27.3,300
511733.08,6940713.77,1.773103448,27.38,300
511733.63,6940713.66,2.553793103,27.94,300
511733.34,6940713.72,3.334482759,27.65,300
511732.99,6940713.79,3.449571746,27.3,300
511731.08,6940714.16,3.48998928,25.35,300
511729.17,6940714.53,3.355821183,23.4,300
511728.56,6940714.65,3.334482759,22.78,300
511727.25,6940714.9,3.271229029,21.45,300
511726.18,6940715.11,3.334482759,20.36,300
511725.34,6940715.28,3.380636071,19.5,300
511723.42,6940715.65,3.725787104,17.55,300
511722.35,6940715.86,4.115172414,16.45,300
511721.51,6940716.02,4.577697067,15.6,300
511721.1,6940716.1,4.895862069,15.18,300
511720.4,6940716.24,5.676551724,14.46,300
511719.9,6940716.33,6.457241379,13.96,300
511719.6,6940716.39,7.123568142,13.65,300
511719.53,6940716.41,7.237931034,13.58,300
511719.3,6940716.45,8.01862069,13.34,300
511719.26,6940716.46,8.799310345,13.31,300
511719.36,6940716.44,9.58,13.41,300
511736.22,6940713.16,9.58,30.59,305
511736.67,6940713.07,8.799310345,31.04,305
511736.82,6940713.04,8.042126915,31.2,305
511736.83,6940713.04,8.01862069,31.2,305
511736.82,6940713.04,8.004013606,31.2,305
511736.67,6940713.07,7.237931034,31.05,305
511736.48,6940713.11,6.457241379,30.85,305
511736.41,6940713.12,5.676551724,30.77,305
511736.8,6940713.05,4.895862069,31.17,305
511736.82,6940713.04,4.882400191,31.2,305
511738.73,6940712.67,4.395409722,33.14,305
511740.65,6940712.3,4.202922485,35.09,305
511741.84,6940712.06,4.115172414,36.31,305
511742.56,6940711.92,4.064901892,37.04,305
511744.48,6940711.55,4.06312513,38.99,305
511744.86,6940711.48,4.115172414,39.38,305
511746.39,6940711.18,4.385927158,40.94,305
511748.3,6940710.81,4.879591439,42.89,305
511748.39,6940710.79,4.895862069,42.98,305
511750.22,6940710.43,5.220937124,44.84,305
511752.13,6940710.06,5.352741993,46.79,305
511754.04,6940709.69,5.404365802,48.74,305
511755.96,6940709.32,5.464669729,50.69,305
511757.87,6940708.94,5.602527287,52.64,305
511758.66,6940708.79,5.676551724,53.45,305
511759.79,6940708.57,5.810324955,54.59,305
511761.7,6940708.2,5.944713817,56.54,305
511747.14,6940711.03,9.58,41.71,305
511746.73,6940711.11,8.799310345,41.29,305
511746.39,6940711.18,8.603553355,40.94,305
511744.48,6940711.55,8.523040612,38.99,305
511743.9,6940711.66,8.799310345,38.41,305
511743.57,6940711.73,9.58,38.07,305
511706.2,6940719,3.393472091,0,305
511708.11,6940718.63,3.398315926,1.95,305
511709.45,6940718.37,3.334482759,3.31,305
511710.03,6940718.26,3.306585436,3.9,305
511711.94,6940717.88,3.085097648,5.85,305
511713.86,6940717.51,2.775480227,7.8,305
511714.96,6940717.3,2.553793103,8.92,305
511715.77,6940717.14,2.330419584,9.75,305
511717.47,6940716.81,1.773103448,11.48,305
511717.68,6940716.77,1.684343571,11.7,305
511719.6,6940716.39,1.037466249,13.65,305
511719.78,6940716.36,0.992413793,13.83,305
511721.51,6940716.02,0.673256252,15.6,305
511723.42,6940715.65,0.434011055,17.55,305
511725.34,6940715.28,0.248393249,19.5,305
511726.11,6940715.13,0.211724138,20.28,305
511727.25,6940714.9,0.17645682,21.45,305
511728.25,6940714.71,0.211724138,22.46,305
511729.17,6940714.53,0.260004075,23.4,305
511731.08,6940714.16,0.627970162,25.35,305
511732.1,6940713.96,0.992413793,26.39,305
511732.99,6940713.79,1.48475307,27.3,305
511733.39,6940713.71,1.773103448,27.7,305
511734,6940713.59,2.553793103,28.32,305
511733.98,6940713.59,3.334482759,28.3,305
511732.99,6940713.79,3.656692984,27.3,305
511731.08,6940714.16,3.622083433,25.35,305
511729.17,6940714.53,3.47028543,23.4,305
511727.25,6940714.9,3.40585418,21.45,305
511725.34,6940715.28,3.525589941,19.5,305
511723.42,6940715.65,3.929074761,17.55,305
511722.91,6940715.75,4.115172414,17.03,305
511721.51,6940716.02,4.885513288,15.6,305
511721.5,6940716.02,4.895862069,15.58,305
511720.74,6940716.17,5.676551724,14.81,305
511720.24,6940716.27,6.457241379,14.31,305
511719.92,6940716.33,7.237931034,13.98,305
511719.79,6940716.35,8.01862069,13.85,305
511719.89,6940716.34,8.799310345,13.94,305
511720.07,6940716.3,9.58,14.13,305
511735.8,6940713.24,9.58,30.15,310
511736.33,6940713.14,8.799310345,30.7,310
511736.58,6940713.09,8.01862069,30.95,310
511736.48,6940713.11,7.237931034,30.85,310
511736.29,6940713.14,6.457241379,30.66,310
511736.17,6940713.17,5.676551724,30.53,310
511736.32,6940713.14,4.895862069,30.69,310
511736.82,6940713.04,4.590512127,31.2,310
511738.73,6940712.67,4.276317917,33.14,310
511740.59,6940712.31,4.115172414,35.04,310
511740.65,6940712.3,4.111407068,35.09,310
511742.56,6940711.92,3.977892541,37.04,310
511744.48,6940711.55,3.965089183,38.99,310
511745.58,6940711.34,4.115172414,40.12,310
511746.39,6940711.18,4.257980904,40.94,310
511748.3,6940710.81,4.763089722,42.89,310
511749,6940710.67,4.895862069,43.6,310
511750.22,6940710.43,5.112619933,44.84,310
511752.13,6940710.06,5.258455575,46.79,310
511754.04,6940709.69,5.311716857,48.74,310
511755.96,6940709.32,5.370742911,50.69,310
511757.87,6940708.94,5.510881126,52.64,310
511759.64,6940708.6,5.676551724,54.44,310
511759.79,6940708.57,5.694151936,54.59,310
511761.7,6940708.2,5.839185553,56.54,310
511745.6,6940711.33,9.58,40.14,310
511744.48,6940711.55,9.399278995,38.99,310
511744.4,6940711.57,9.58,38.91,310
511706.2,6940719,3.300583185,0,310
511708.11,6940718.63,3.308488568,1.95,310
511710.03,6940718.26,3.216998656,3.9,310
511711.94,6940717.88,2.99685222,5.85,310
511713.86,6940717.51,2.675611266,7.8,310
511714.46,6940717.39,2.553793103,8.42,310
511715.77,6940717.14,2.1934512,9.75,310
511717.05,6940716.89,1.773103448,11.06,310
511717.68,6940716.77,1.509798072,11.7,310
511719.19,6940716.47,0.992413793,13.24,310
511719.6,6940716.39,0.866916338,13.65,310
511721.51,6940716.02,0.515852797,15.6,310
511723.42,6940715.65,0.27967515,17.55,310
511724.13,6940715.51,0.211724138,18.27,310
511725.34,6940715.28,0.135035754,19.5,310
511727.25,6940714.9,0.080013705,21.45,310
511729.17,6940714.53,0.146650155,23.4,310
511729.67,6940714.43,0.211724138,23.91,310
511731.08,6940714.16,0.481586095,25.35,310
511732.51,6940713.88,0.992413793,26.81,310
511732.99,6940713.79,1.257142775,27.3,310
511733.71,6940713.65,1.773103448,28.02,310
511734.37,6940713.52,2.553793103,28.7,310
511734.61,6940713.47,3.334482759,28.94,310
511732.99,6940713.79,3.863814222,27.3,310
511731.08,6940714.16,3.754177586,25.35,310
511729.17,6940714.53,3.584749676,23.4,310
511727.25,6940714.9,3.525180438,21.45,310
511725.34,6940715.28,3.670543811,19.5,310
511723.48,6940715.64,4.115172414,17.6,310
511723.42,6940715.65,4.132234111,17.55,310
511721.9,6940715.94,4.895862069,15.99,310
511721.51,6940716.02,5.236465255,15.6,310
511721.08,6940716.1,5.676551724,15.16,310
511720.59,6940716.2,6.457241379,14.66,310
511720.3,6940716.26,7.237931034,14.37,310
511720.26,6940716.26,8.01862069,14.32,310
511720.47,6940716.22,8.799310345,14.53,310
511720.75,6940716.17,9.58,14.83,310
511735.37,6940713.32,9.58,29.72,315
511736,6940713.2,8.799310345,30.36,315
511736.34,6940713.13,8.01862069,30.71,315
511736.29,6940713.14,7.237931034,30.65,315
511736.1,6940713.18,6.457241379,30.47,315
511735.94,6940713.21,5.676551724,30.29,315
511735.85,6940713.23,4.895862069,30.2,315
511736.82,6940713.04,4.298624062,31.2,315
511738.73,6940712.67,4.157226112,33.14,315
511739.22,6940712.57,4.115172414,33.64,315
511740.65,6940712.3,4.020544466,35.09,315
511742.56,6940711.92,3.890883191,37.04,315
511744.48,6940711.55,3.867053236,38.99,315
511746.31,6940711.2,4.115172414,40.86,315
511746.39,6940711.18,4.130034651,40.94,315
511748.3,6940710.81,4.646588005,42.89,315
511749.61,6940710.55,4.895862069,44.22,315
511750.22,6940710.43,5.004302742,44.84,315
511752.13,6940710.06,5.164169157,46.79,315
511754.04,6940709.69,5.219067912,48.74,315
511755.96,6940709.32,5.276816093,50.69,315
511757.87,6940708.94,5.419234965,52.64,315
511759.79,6940708.57,5.604257756,54.59,315
511760.95,6940708.35,5.676551724,55.78,315
511761.7,6940708.2,5.733657289,56.54,315
511706.2,6940719,3.202403235,0,315
511708.11,6940718.63,3.213549962,1.95,315
511710.03,6940718.26,3.127411877,3.9,315
511711.94,6940717.88,2.908606792,5.85,315
511713.86,6940717.51,2.575742304,7.8,315
511713.96,6940717.49,2.553793103,7.91,315
511715.77,6940717.14,2.056482816,9.75,315
511716.63,6940716.97,1.773103448,10.63,315
511717.68,6940716.77,1.335252572,11.7,315
511718.68,6940716.57,0.992413793,12.72,315
511719.6,6940716.39,0.708203449,13.65,315
511721.51,6940716.02,0.358449342,15.6,315
511722.71,6940715.79,0.211724138,16.82,315
511723.42,6940715.65,0.149713714,17.55,315
511725.34,6940715.28,0.033507457,19.5,315
511727.25,6940714.9,-0.01642941,21.45,315
511729.17,6940714.53,0.048561489,23.4,315
511730.44,6940714.28,0.211724138,24.69,315
511731.08,6940714.16,0.335202027,25.35,315
511732.93,6940713.8,0.992413793,27.23,315
511732.99,6940713.79,1.02953248,27.3,315
511734.02,6940713.59,1.773103448,28.34,315
511734.75,6940713.44,2.553793103,29.08,315
511734.91,6940713.41,2.900439611,29.25,315
511735.15,6940713.37,3.334482759,29.49,315
511734.91,6940713.41,3.975520102,29.25,315
511732.99,6940713.79,4.07093546,27.3,315
511731.08,6940714.16,3.886271739,25.35,315
511729.17,6940714.53,3.699213922,23.4,315
511727.25,6940714.9,3.644506696,21.45,315
511725.34,6940715.28,3.815497682,19.5,315
511724.08,6940715.52,4.115172414,18.22,315
511723.42,6940715.65,4.334004413,17.55,315
511722.3,6940715.87,4.895862069,16.4,315
511721.51,6940716.02,5.588917899,15.6,315
511721.43,6940716.04,5.676551724,15.51,315
511720.93,6940716.13,6.457241379,15,315
511720.69,6940716.18,7.237931034,14.76,315
511720.72,6940716.17,8.01862069,14.79,315
511721.05,6940716.11,8.799310345,15.12,315
511721.43,6940716.04,9.58,15.52,315
511734.95,6940713.41,9.58,29.29,320
511735.67,6940713.26,8.799310345,30.03,320
511736.1,6940713.18,8.01862069,30.47,320
511736.1,6940713.18,7.237931034,30.46,320
511735.92,6940713.22,6.457241379,30.28,320
511735.7,6940713.26,5.676551724,30.05,320
511735.37,6940713.32,4.895862069,29.72,320
511734.91,6940713.41,4.485285381,29.25,320
511732.99,6940713.79,4.225711572,27.3,320
511732,6940713.98,4.115172414,26.29,320
511731.08,6940714.16,4.018365893,25.35,320
511729.17,6940714.53,3.813678168,23.4,320
511727.25,6940714.9,3.763832953,21.45,320
511725.34,6940715.28,3.960451552,19.5,320
511724.69,6940715.4,4.115172414,18.84,320
511723.42,6940715.65,4.535774716,17.55,320
511722.71,6940715.79,4.895862069,16.81,320
511721.77,6940715.97,5.676551724,15.86,320
511721.51,6940716.02,6.081681279,15.6,320
511721.27,6940716.07,6.457241379,15.35,320
511721.07,6940716.11,7.237931034,15.15,320
511721.18,6940716.08,8.01862069,15.27,320
511721.51,6940716.02,8.628116046,15.6,320
511721.62,6940716,8.799310345,15.71,320
511722.08,6940715.91,9.58,16.18,320
511706.2,6940719,3.104223285,0,320
511708.11,6940718.63,3.118611355,1.95,320
511710.03,6940718.26,3.037825097,3.9,320
511711.94,6940717.88,2.820361363,5.85,320
511713.46,6940717.59,2.553793103,7.4,320
511713.86,6940717.51,2.468925553,7.8,320
511715.77,6940717.14,1.919514433,9.75,320
511716.22,6940717.05,1.773103448,10.2,320
511717.68,6940716.77,1.160707073,11.7,320
511718.17,6940716.67,0.992413793,12.2,320
511719.6,6940716.39,0.54949056,13.65,320
511721.45,6940716.03,0.211724138,15.54,320
511721.51,6940716.02,0.203433204,15.6,320
511723.42,6940715.65,0.03892542,17.55,320
511725.34,6940715.28,-0.068020839,19.5,320
511727.25,6940714.9,-0.112872525,21.45,320
511729.17,6940714.53,-0.049527177,23.4,320
511731.08,6940714.16,0.194836848,25.35,320
511731.15,6940714.14,0.211724138,25.42,320
511732.99,6940713.79,0.859975822,27.3,320
511733.25,6940713.74,0.992413793,27.56,320
511734.33,6940713.53,1.773103448,28.66,320
511734.91,6940713.41,2.366109833,29.25,320
511735.08,6940713.38,2.553793103,29.43,320
511735.61,6940713.28,3.334482759,29.96,320
511736.82,6940713.04,4.018215189,31.2,320
511738.73,6940712.67,4.03607338,33.14,320
511740.65,6940712.3,3.929681865,35.09,320
511742.56,6940711.92,3.803873841,37.04,320
511744.48,6940711.55,3.769017289,38.99,320
511746.39,6940711.18,4.014497643,40.94,320
511746.77,6940711.11,4.115172414,41.33,320
511748.3,6940710.81,4.530086288,42.89,320
511750.22,6940710.43,4.895862069,44.84,320
511750.22,6940710.43,4.895985551,44.84,320
511752.13,6940710.06,5.069882739,46.79,320
511754.04,6940709.69,5.126418968,48.74,320
511755.96,6940709.32,5.182889275,50.69,320
511757.87,6940708.94,5.327588804,52.64,320
511759.79,6940708.57,5.519055672,54.59,320
511761.7,6940708.2,5.639841266,56.54,320
511734.55,6940713.48,9.58,28.88,325
511734.91,6940713.41,9.263736161,29.25,325
511735.34,6940713.33,8.799310345,29.69,325
511735.86,6940713.23,8.01862069,30.22,325
511735.91,6940713.22,7.237931034,30.26,325
511735.73,6940713.25,6.457241379,30.09,325
511735.46,6940713.31,5.676551724,29.81,325
511734.91,6940713.41,4.901911837,29.25,325
511734.9,6940713.42,4.895862069,29.24,325
511732.99,6940713.79,4.366271524,27.3,325
511731.08,6940714.16,4.143441723,25.35,325
511730.81,6940714.21,4.115172414,25.07,325
511729.17,6940714.53,3.928142414,23.4,325
511727.25,6940714.9,3.883159211,21.45,325
511725.34,6940715.28,4.105405422,19.5,325
511725.3,6940715.28,4.115172414,19.46,325
511723.42,6940715.65,4.737545019,17.55,325
511723.11,6940715.71,4.895862069,17.23,325
511722.12,6940715.9,5.676551724,16.22,325
511721.61,6940716,6.457241379,15.7,325
511721.51,6940716.02,6.9772214,15.6,325
511721.45,6940716.03,7.237931034,15.54,325
511721.51,6940716.02,7.502826534,15.6,325
511721.64,6940716,8.01862069,15.73,325
511722.16,6940715.89,8.799310345,16.26,325
511722.72,6940715.79,9.58,16.83,325
511706.2,6940719,3.006043335,0,325
511708.11,6940718.63,3.023672749,1.95,325
511710.03,6940718.26,2.948238318,3.9,325
511711.94,6940717.88,2.732115935,5.85,325
511712.96,6940717.68,2.553793103,6.89,325
511713.86,6940717.51,2.360151682,7.8,325
511715.77,6940717.14,1.782546049,9.75,325
511715.8,6940717.13,1.773103448,9.78,325
511717.67,6940716.77,0.992413793,11.69,325
511717.68,6940716.77,0.98669753,11.7,325
511719.6,6940716.39,0.390777671,13.65,325
511720.58,6940716.2,0.211724138,14.65,325
511721.51,6940716.02,0.081220151,15.6,325
511723.42,6940715.65,-0.071862874,17.55,325
511725.34,6940715.28,-0.169549136,19.5,325
511727.25,6940714.9,-0.20931564,21.45,325
511729.17,6940714.53,-0.147615843,23.4,325
511731.08,6940714.16,0.086917051,25.35,325
511731.6,6940714.06,0.211724138,25.88,325
511732.99,6940713.79,0.70173134,27.3,325
511733.57,6940713.67,0.992413793,27.88,325
511734.65,6940713.46,1.773103448,28.98,325
511734.91,6940713.41,2.041342106,29.25,325
511735.39,6940713.32,2.553793103,29.74,325
511736.07,6940713.19,3.334482759,30.43,325
511736.82,6940713.04,3.757226698,31.2,325
511738.73,6940712.67,3.913795627,33.14,325
511740.65,6940712.3,3.838819263,35.09,325
511742.56,6940711.92,3.71686449,37.04,325
511744.48,6940711.55,3.670981342,38.99,325
511746.39,6940711.18,3.900591539,40.94,325
511747.2,6940711.02,4.115172414,41.77,325
511748.3,6940710.81,4.413584572,42.89,325
511750.22,6940710.43,4.794678479,44.84,325
511751.25,6940710.23,4.895862069,45.9,325
511752.13,6940710.06,4.975596321,46.79,325
511754.04,6940709.69,5.033770023,48.74,325
511755.96,6940709.32,5.088962457,50.69,325
511757.87,6940708.94,5.235942643,52.64,325
511759.79,6940708.57,5.433853588,54.59,325
511761.7,6940708.2,5.559837653,56.54,325
511734.15,6940713.56,9.58,28.47,330
511734.91,6940713.41,8.91255821,29.25,330
511735.01,6940713.39,8.799310345,29.35,330
511735.62,6940713.27,8.01862069,29.98,330
511735.71,6940713.26,7.237931034,30.07,330
511735.55,6940713.29,6.457241379,29.9,330
511735.23,6940713.35,5.676551724,29.57,330
511734.91,6940713.41,5.230703565,29.25,330
511734.39,6940713.51,4.895862069,28.72,330
511732.99,6940713.79,4.506831477,27.3,330
511731.08,6940714.16,4.249263797,25.35,330
511729.8,6940714.41,4.115172414,24.05,330
511729.17,6940714.53,4.04260666,23.4,330
511727.25,6940714.9,4.002485469,21.45,330
511726.29,6940715.09,4.115172414,20.47,330
511725.34,6940715.28,4.255799751,19.5,330
511723.52,6940715.63,4.895862069,17.64,330
511723.42,6940715.65,4.95236853,17.55,330
511722.47,6940715.83,5.676551724,16.57,330
511721.95,6940715.93,6.457241379,16.05,330
511721.82,6940715.96,7.237931034,15.92,330
511722.08,6940715.91,8.01862069,16.18,330
511722.71,6940715.79,8.799310345,16.82,330
511723.36,6940715.66,9.58,17.48,330
511706.2,6940719,2.907863385,0,330
511708.11,6940718.63,2.928734142,1.95,330
511710.03,6940718.26,2.858651539,3.9,330
511711.94,6940717.88,2.643870507,5.85,330
511712.46,6940717.78,2.553793103,6.37,330
511713.86,6940717.51,2.25137781,7.8,330
511715.43,6940717.2,1.773103448,9.41,330
511715.77,6940717.14,1.637492565,9.75,330
511717.32,6940716.84,0.992413793,11.33,330
511717.68,6940716.77,0.827114521,11.7,330
511719.6,6940716.39,0.232064782,13.65,330
511719.71,6940716.37,0.211724138,13.76,330
511721.51,6940716.02,-0.040992903,15.6,330
511723.42,6940715.65,-0.182651168,17.55,330
511725.34,6940715.28,-0.271077433,19.5,330
511727.25,6940714.9,-0.305758755,21.45,330
511729.17,6940714.53,-0.245704509,23.4,330
511731.08,6940714.16,-0.021002747,25.35,330
511732.05,6940713.97,0.211724138,26.33,330
511732.99,6940713.79,0.543486858,27.3,330
511733.88,6940713.61,0.992413793,28.2,330
511734.91,6940713.41,1.733857698,29.25,330
511734.96,6940713.4,1.773103448,29.29,330
511735.7,6940713.26,2.553793103,30.05,330
511736.53,6940713.1,3.334482759,30.9,330
511736.82,6940713.04,3.496238206,31.2,330
511738.73,6940712.67,3.791517873,33.14,330
511740.65,6940712.3,3.747956661,35.09,330
511742.56,6940711.92,3.62985514,37.04,330
511744.48,6940711.55,3.572945396,38.99,330
511746.39,6940711.18,3.786685435,40.94,330
511747.63,6940710.94,4.115172414,42.21,330
511748.3,6940710.81,4.297082855,42.89,330
511750.22,6940710.43,4.693379408,44.84,330
511752.13,6940710.06,4.881173985,46.79,330
511752.59,6940709.97,4.895862069,47.26,330
511754.04,6940709.69,4.941121078,48.74,330
511755.96,6940709.32,4.995035639,50.69,330
511757.87,6940708.94,5.144296482,52.64,330
511759.79,6940708.57,5.348651504,54.59,330
511761.7,6940708.2,5.479834041,56.54,330
511733.75,6940713.64,9.58,28.06,335
511734.68,6940713.46,8.799310345,29.02,335
511734.91,6940713.41,8.601029922,29.25,335
511735.38,6940713.32,8.01862069,29.73,335
511735.52,6940713.29,7.237931034,29.87,335
511735.36,6940713.33,6.457241379,29.71,335
511734.99,6940713.4,5.676551724,29.33,335
511734.91,6940713.41,5.559495293,29.25,335
511733.89,6940713.61,4.895862069,28.21,335
511732.99,6940713.79,4.64739143,27.3,335
511731.08,6940714.16,4.355085872,25.35,335
511729.17,6940714.53,4.153828719,23.4,335
511727.25,6940714.9,4.121914677,21.45,335
511725.34,6940715.28,4.406587142,19.5,335
511723.95,6940715.55,4.895862069,18.08,335
511723.42,6940715.65,5.214749943,17.55,335
511722.81,6940715.77,5.676551724,16.92,335
511722.29,6940715.87,6.457241379,16.4,335
511722.2,6940715.89,7.237931034,16.3,335
511722.52,6940715.82,8.01862069,16.63,335
511723.25,6940715.68,8.799310345,17.37,335
511723.42,6940715.65,9.004471049,17.55,335
511724,6940715.54,9.58,18.13,335
511706.2,6940719,2.809683435,0,335
511708.11,6940718.63,2.833795536,1.95,335
511710.03,6940718.26,2.769064759,3.9,335
511711.94,6940717.88,2.555625079,5.85,335
511711.95,6940717.88,2.553793103,5.86,335
511713.86,6940717.51,2.142603939,7.8,335
511715.08,6940717.27,1.773103448,9.04,335
511715.77,6940717.14,1.491840423,9.75,335
511716.97,6940716.9,0.992413793,10.97,335
511717.68,6940716.77,0.667531512,11.7,335
511719.15,6940716.48,0.211724138,13.19,335
511719.6,6940716.39,0.093052494,13.65,335
511721.51,6940716.02,-0.163205957,15.6,335
511723.42,6940715.65,-0.293439462,17.55,335
511725.34,6940715.28,-0.37260573,19.5,335
511727.25,6940714.9,-0.40220187,21.45,335
511729.17,6940714.53,-0.343793175,23.4,335
511731.08,6940714.16,-0.128922544,25.35,335
511732.5,6940713.88,0.211724138,26.79,335
511732.99,6940713.79,0.385242377,27.3,335
511734.19,6940713.55,0.992413793,28.52,335
511734.91,6940713.41,1.508385156,29.25,335
511735.23,6940713.35,1.773103448,29.58,335
511736.01,6940713.2,2.553793103,30.37,335
511736.82,6940713.04,3.236430428,31.2,335
511737.05,6940713,3.334482759,31.43,335
511738.73,6940712.67,3.669240119,33.14,335
511740.65,6940712.3,3.65709406,35.09,335
511742.56,6940711.92,3.54284579,37.04,335
511744.48,6940711.55,3.474909449,38.99,335
511746.39,6940711.18,3.672779331,40.94,335
511748.06,6940710.85,4.115172414,42.65,335
511748.3,6940710.81,4.180581138,42.89,335
511750.22,6940710.43,4.592080337,44.84,335
511752.13,6940710.06,4.786006925,46.79,335
511754.04,6940709.69,4.847006284,48.74,335
511755.77,6940709.35,4.895862069,50.5,335
511755.96,6940709.32,4.901108821,50.69,335
511757.87,6940708.94,5.052650321,52.64,335
511759.79,6940708.57,5.26344942,54.59,335
511761.7,6940708.2,5.399830428,56.54,335
511733.35,6940713.72,9.58,27.66,340
511734.36,6940713.52,8.799310345,28.69,340
511734.91,6940713.41,8.308373731,29.25,340
511735.14,6940713.37,8.01862069,29.49,340
511735.33,6940713.33,7.237931034,29.68,340
511735.17,6940713.36,6.457241379,29.52,340
511734.91,6940713.41,5.91959918,29.25,340
511734.73,6940713.45,5.676551724,29.07,340
511733.38,6940713.71,4.895862069,27.69,340
511732.99,6940713.79,4.787951382,27.3,340
511731.08,6940714.16,4.460907946,25.35,340
511729.17,6940714.53,4.259435496,23.4,340
511727.25,6940714.9,4.243091233,21.45,340
511725.34,6940715.28,4.557374533,19.5,340
511724.37,6940715.46,4.895862069,18.52,340
511723.42,6940715.65,5.477131355,17.55,340
511723.16,6940715.7,5.676551724,17.28,340
511722.64,6940715.8,6.457241379,16.74,340
511722.57,6940715.82,7.237931034,16.67,340
511722.96,6940715.74,8.01862069,17.08,340
511723.42,6940715.65,8.492715302,17.55,340
511723.8,6940715.58,8.799310345,17.93,340
511724.64,6940715.41,9.58,18.79,340
511706.2,6940719,2.711503485,0,340
511708.11,6940718.63,2.738856929,1.95,340
511710.03,6940718.26,2.67947798,3.9,340
511711.15,6940718.04,2.553793103,5.05,340
511711.94,6940717.88,2.45398443,5.85,340
511713.86,6940717.51,2.033830067,7.8,340
511714.72,6940717.34,1.773103448,8.68,340
511715.77,6940717.14,1.346188281,9.75,340
511716.62,6940716.97,0.992413793,10.62,340
511717.68,6940716.77,0.507948503,11.7,340
511718.64,6940716.58,0.211724138,12.67,340
511719.6,6940716.39,-0.043063817,13.65,340
511721.51,6940716.02,-0.285419011,15.6,340
511723.42,6940715.65,-0.404227756,17.55,340
511725.34,6940715.28,-0.474134027,19.5,340
511727.25,6940714.9,-0.498644984,21.45,340
511729.17,6940714.53,-0.441881841,23.4,340
511731.08,6940714.16,-0.236842341,25.35,340
511732.95,6940713.79,0.211724138,27.25,340
511732.99,6940713.79,0.226997895,27.3,340
511734.5,6940713.49,0.992413793,28.84,340
511734.91,6940713.41,1.282912615,29.25,340
511735.51,6940713.3,1.773103448,29.86,340
511736.31,6940713.14,2.553793103,30.68,340
511736.82,6940713.04,2.97854728,31.2,340
511737.67,6940712.88,3.334482759,32.06,340
511738.73,6940712.67,3.546962366,33.14,340
511740.65,6940712.3,3.566231458,35.09,340
511742.56,6940711.92,3.45583644,37.04,340
511744.48,6940711.55,3.376873502,38.99,340
511746.39,6940711.18,3.558873227,40.94,340
511748.3,6940710.81,4.062029058,42.89,340
511748.51,6940710.77,4.115172414,43.1,340
511750.22,6940710.43,4.490781266,44.84,340
511752.13,6940710.06,4.690839864,46.79,340
511754.04,6940709.69,4.751491553,48.74,340
511755.96,6940709.32,4.803813323,50.69,340
511757.05,6940709.1,4.895862069,51.8,340
511757.87,6940708.94,4.96100416,52.64,340
511759.79,6940708.57,5.178247336,54.59,340
511761.7,6940708.2,5.319826815,56.54,340
511732.93,6940713.8,9.58,27.23,345
511732.99,6940713.79,9.553172406,27.3,345
511734.03,6940713.58,8.799310345,28.35,345
511734.9,6940713.41,8.01862069,29.24,345
511734.91,6940713.41,8.012197605,29.25,345
511735.14,6940713.37,7.237931034,29.48,345
511734.99,6940713.4,6.457241379,29.33,345
511734.91,6940713.41,6.297013784,29.25,345
511734.46,6940713.5,5.676551724,28.79,345
511732.99,6940713.79,4.927811727,27.3,345
511732.86,6940713.81,4.895862069,27.16,345
511731.08,6940714.16,4.56673002,25.35,345
511729.17,6940714.53,4.365042274,23.4,345
511727.25,6940714.9,4.364267789,21.45,345
511725.34,6940715.28,4.708161924,19.5,345
511724.8,6940715.38,4.895862069,18.95,345
511723.51,6940715.63,5.676551724,17.64,345
511723.42,6940715.65,5.79691093,17.55,345
511722.98,6940715.74,6.457241379,17.09,345
511722.94,6940715.74,7.237931034,17.05,345
511723.4,6940715.65,8.01862069,17.52,345
511723.42,6940715.65,8.042713772,17.55,345
511724.34,6940715.47,8.799310345,18.48,345
511725.29,6940715.29,9.58,19.45,345
511706.2,6940719,2.613323534,0,345
511708.11,6940718.63,2.643918323,1.95,345
511710.03,6940718.26,2.5898912,3.9,345
511710.35,6940718.19,2.553793103,4.23,345
511711.94,6940717.88,2.352059801,5.85,345
511713.86,6940717.51,1.925056196,7.8,345
511714.36,6940717.41,1.773103448,8.31,345
511715.77,6940717.14,1.200536139,9.75,345
511716.27,6940717.04,0.992413793,10.26,345
511717.68,6940716.77,0.348365494,11.7,345
511718.12,6940716.68,0.211724138,12.15,345
511719.6,6940716.39,-0.179180128,13.65,345
511721.51,6940716.02,-0.407632065,15.6,345
511723.42,6940715.65,-0.51501605,17.55,345
511725.11,6940715.32,-0.568965517,19.26,345
511725.34,6940715.28,-0.574671863,19.5,345
511727.25,6940714.9,-0.590938471,21.45,345
511728.17,6940714.73,-0.568965517,22.38,345
511729.17,6940714.53,-0.539970508,23.4,345
511731.08,6940714.16,-0.344762138,25.35,345
511732.99,6940713.79,0.096771565,27.3,345
511733.31,6940713.72,0.211724138,27.62,345
511734.82,6940713.43,0.992413793,29.15,345
511734.91,6940713.41,1.057440074,29.25,345
511735.79,6940713.24,1.773103448,30.15,345
511736.62,6940713.08,2.553793103,30.99,345
511736.82,6940713.04,2.720664131,31.2,345
511738.28,6940712.76,3.334482759,32.68,345
511738.73,6940712.67,3.424684612,33.14,345
511740.65,6940712.3,3.475368857,35.09,345
511742.56,6940711.92,3.368827089,37.04,345
511743.35,6940711.77,3.334482759,37.84,345
511744.48,6940711.55,3.271748709,38.99,345
511745.18,6940711.41,3.334482759,39.71,345
511746.39,6940711.18,3.444967123,40.94,345
511748.3,6940710.81,3.940852126,42.89,345
511748.97,6940710.68,4.115172414,43.57,345
511750.22,6940710.43,4.389482194,44.84,345
511752.13,6940710.06,4.595672804,46.79,345
511754.04,6940709.69,4.655976822,48.74,345
511755.96,6940709.32,4.706318518,50.69,345
511757.87,6940708.94,4.867468999,52.64,345
511758.09,6940708.9,4.895862069,52.86,345
511759.79,6940708.57,5.093045252,54.59,345
511761.7,6940708.2,5.239823202,56.54,345
511732.34,6940713.91,9.58,26.63,350
511732.99,6940713.79,9.314747293,27.3,350
511733.7,6940713.65,8.799310345,28.02,350
511734.65,6940713.46,8.01862069,28.98,350
511734.91,6940713.41,7.364709254,29.25,350
511734.94,6940713.41,7.237931034,29.28,350
511734.91,6940713.41,7.039737125,29.25,350
511734.78,6940713.44,6.457241379,29.12,350
511734.19,6940713.55,5.676551724,28.52,350
511732.99,6940713.79,5.065359766,27.3,350
511732.29,6940713.92,4.895862069,26.58,350
511731.08,6940714.16,4.672552095,25.35,350
511729.17,6940714.53,4.470649052,23.4,350
511727.25,6940714.9,4.485444345,21.45,350
511725.34,6940715.28,4.858949316,19.5,350
511725.23,6940715.3,4.895862069,19.39,350
511723.87,6940715.56,5.676551724,18.01,350
511723.42,6940715.65,6.298491218,17.55,350
511723.32,6940715.67,6.457241379,17.44,350
511723.31,6940715.67,7.237931034,17.43,350
511723.42,6940715.65,7.430789912,17.55,350
511723.84,6940715.57,8.01862069,17.97,350
511724.88,6940715.36,8.799310345,19.03,350
511725.34,6940715.28,9.169401578,19.5,350
511726.03,6940715.14,9.58,20.2,350
511706.2,6940719,-7.344018964,0,350
511707.26,6940718.79,-6.814482759,1.08,350
511706.2,6940719,-6.435210215,0,350
511706.2,6940719,2.507485731,0,350
511708.11,6940718.63,2.548007884,1.95,350
511710.03,6940718.26,2.490064163,3.9,350
511711.94,6940717.88,2.250135173,5.85,350
511713.86,6940717.51,1.816282324,7.8,350
511714,6940717.48,1.773103448,7.94,350
511715.77,6940717.14,1.054883997,9.75,350
511715.92,6940717.11,0.992413793,9.9,350
511717.63,6940716.78,0.211724138,11.65,350
511717.68,6940716.77,0.189234028,11.7,350
511719.6,6940716.39,-0.315296438,13.65,350
511721.51,6940716.02,-0.529845119,15.6,350
511722.25,6940715.88,-0.568965517,16.35,350
511723.42,6940715.65,-0.618643779,17.55,350
511725.34,6940715.28,-0.661184074,19.5,350
511727.25,6940714.9,-0.67206139,21.45,350
511729.17,6940714.53,-0.627014259,23.4,350
511729.92,6940714.38,-0.568965517,24.17,350
511731.08,6940714.16,-0.452681936,25.35,350
511732.99,6940713.79,-0.030461547,27.3,350
511733.66,6940713.66,0.211724138,27.98,350
511734.91,6940713.41,0.861276065,29.25,350
511735.11,6940713.37,0.992413793,29.46,350
511736.07,6940713.19,1.773103448,30.43,350
511736.82,6940713.04,2.463448873,31.2,350
511736.95,6940713.02,2.553793103,31.33,350
511738.73,6940712.67,3.293995923,33.14,350
511739.35,6940712.55,3.334482759,33.77,350
511740.65,6940712.3,3.384506255,35.09,350
511741.56,6940712.12,3.334482759,36.02,350
511742.56,6940711.92,3.270375507,37.04,350
511744.48,6940711.55,3.161223605,38.99,350
511746.39,6940711.18,3.330678026,40.94,350
511746.4,6940711.18,3.334482759,40.96,350
511748.3,6940710.81,3.819675194,42.89,350
511749.43,6940710.59,4.115172414,44.04,350
511750.22,6940710.43,4.288183123,44.84,350
511752.13,6940710.06,4.500505744,46.79,350
511754.04,6940709.69,4.56046209,48.74,350
511755.96,6940709.32,4.608823712,50.69,350
511757.87,6940708.94,4.769291024,52.64,350
511758.82,6940708.76,4.895862069,53.61,350
511759.79,6940708.57,5.007843168,54.59,350
511761.7,6940708.2,5.159819589,56.54,350
511731.76,6940714.03,9.58,26.04,355
511732.99,6940713.79,9.076322179,27.3,355
511733.37,6940713.71,8.799310345,27.68,355
511734.4,6940713.51,8.01862069,28.73,355
511734.73,6940713.45,7.237931034,29.07,355
511734.57,6940713.48,6.457241379,28.9,355
511733.92,6940713.61,5.676551724,28.24,355
511732.99,6940713.79,5.202907804,27.3,355
511731.71,6940714.03,4.895862069,25.99,355
511731.08,6940714.16,4.778374169,25.35,355
511729.17,6940714.53,4.576255829,23.4,355
511727.25,6940714.9,4.606620901,21.45,355
511725.8,6940715.19,4.895862069,19.97,355
511725.34,6940715.28,5.051360874,19.5,355
511724.24,6940715.49,5.676551724,18.37,355
511723.66,6940715.6,6.457241379,17.79,355
511723.68,6940715.6,7.237931034,17.81,355
511724.28,6940715.48,8.01862069,18.42,355
511725.34,6940715.28,8.748718227,19.5,355
511725.44,6940715.26,8.799310345,19.6,355
511726.78,6940715,9.58,20.96,355
511706.2,6940719,-7.69802784,0,355
511706.93,6940718.86,-7.595172414,0.74,355
511708.11,6940718.63,-7.018474068,1.95,355
511708.31,6940718.59,-6.814482759,2.15,355
511708.11,6940718.63,-6.60151345,1.95,355
511706.48,6940718.95,-6.033793103,0.29,355
511706.2,6940719,-5.996040473,0,355
511706.2,6940719,2.389852816,0,355
511708.11,6940718.63,2.433900997,1.95,355
511710.03,6940718.26,2.383326248,3.9,355
511711.94,6940717.88,2.148210544,5.85,355
511713.59,6940717.56,1.773103448,7.52,355
511713.86,6940717.51,1.693583706,7.8,355
511715.58,6940717.17,0.992413793,9.56,355
511715.77,6940717.14,0.899258226,9.75,355
511717.27,6940716.85,0.211724138,11.28,355
511717.68,6940716.77,0.032791974,11.7,355
511719.6,6940716.39,-0.451412749,13.65,355
511720.67,6940716.18,-0.568965517,14.74,355
511721.51,6940716.02,-0.644452021,15.6,355
511723.42,6940715.65,-0.715474944,17.55,355
511725.34,6940715.28,-0.747696285,19.5,355
511727.25,6940714.9,-0.753184309,21.45,355
511729.17,6940714.53,-0.709423036,23.4,355
511731,6940714.17,-0.568965517,25.26,355
511731.08,6940714.16,-0.560601733,25.35,355
511732.99,6940713.79,-0.15769466,27.3,355
511734.02,6940713.59,0.211724138,28.34,355
511734.91,6940713.41,0.676990331,29.25,355
511735.41,6940713.32,0.992413793,29.75,355
511736.35,6940713.13,1.773103448,30.71,355
511736.82,6940713.04,2.207458193,31.2,355
511737.32,6940712.94,2.553793103,31.71,355
511738.73,6940712.67,3.139654526,33.14,355
511740.65,6940712.3,3.281799921,35.09,355
511742.56,6940711.92,3.164462125,37.04,355
511744.48,6940711.55,3.0506985,38.99,355
511746.39,6940711.18,3.204022469,40.94,355
511746.88,6940711.08,3.334482759,41.44,355
511748.3,6940710.81,3.698498262,42.89,355
511749.89,6940710.5,4.115172414,44.51,355
511750.22,6940710.43,4.186884052,44.84,355
511752.13,6940710.06,4.405338684,46.79,355
511754.04,6940709.69,4.464947359,48.74,355
511755.96,6940709.32,4.511328907,50.69,355
511757.87,6940708.94,4.671113049,52.64,355
511759.56,6940708.62,4.895862069,54.36,355
511759.79,6940708.57,4.922641084,54.59,355
511761.7,6940708.2,5.079815976,56.54,355
511731.17,6940714.14,9.58,25.44,360
511732.99,6940713.79,8.837897065,27.3,360
511733.05,6940713.78,8.799310345,27.35,360
511734.14,6940713.56,8.01862069,28.47,360
511734.52,6940713.49,7.237931034,28.85,360
511734.36,6940713.52,6.457241379,28.68,360
511733.65,6940713.66,5.676551724,27.97,360
511732.99,6940713.79,5.340455843,27.3,360
511731.14,6940714.15,4.895862069,25.41,360
511731.08,6940714.16,4.884196243,25.35,360
511729.17,6940714.53,4.681862607,23.4,360
511727.25,6940714.9,4.727797457,21.45,360
511726.41,6940715.07,4.895862069,20.59,360
511725.34,6940715.28,5.257265011,19.5,360
511724.6,6940715.42,5.676551724,18.74,360
511724.01,6940715.53,6.457241379,18.15,360
511724.06,6940715.53,7.237931034,18.19,360
511724.72,6940715.4,8.01862069,18.87,360
511725.34,6940715.28,8.445662531,19.5,360
511726.04,6940715.14,8.799310345,20.21,360
511727.25,6940714.9,9.460940134,21.45,360
511727.78,6940714.8,9.58,21.98,360
511706.2,6940719,-7.862459715,0,360
511708.1,6940718.63,-7.595172414,1.93,360
511708.11,6940718.63,-7.586884983,1.95,360
511708.86,6940718.48,-6.814482759,2.71,360
511708.14,6940718.62,-6.033793103,1.98,360
511708.11,6940718.63,-6.022733108,1.95,360
511706.2,6940719,-5.766317764,0,360
511706.2,6940719,2.272219902,0,360
511708.11,6940718.63,2.31979411,1.95,360
511710.03,6940718.26,2.276588332,3.9,360
511711.94,6940717.88,2.046285915,5.85,360
511713.14,6940717.65,1.773103448,7.07,360
511713.86,6940717.51,1.561718918,7.8,360
511715.26,6940717.24,0.992413793,9.23,360
511715.77,6940717.14,0.73614219,9.75,360
511716.92,6940716.91,0.211724138,10.92,360
511717.68,6940716.77,-0.123650081,11.7,360
511719.51,6940716.41,-0.568965517,13.56,360
511719.6,6940716.39,-0.586813876,13.65,360
511721.51,6940716.02,-0.755477912,15.6,360
511723.42,6940715.65,-0.81230611,17.55,360
511725.34,6940715.28,-0.834208497,19.5,360
511727.25,6940714.9,-0.834307228,21.45,360
511729.17,6940714.53,-0.791831812,23.4,360
511731.08,6940714.16,-0.653470412,25.35,360
511731.64,6940714.05,-0.568965517,25.92,360
511732.99,6940713.79,-0.284927772,27.3,360
511734.37,6940713.52,0.211724138,28.7,360
511734.91,6940713.41,0.492704597,29.25,360
511735.7,6940713.26,0.992413793,30.05,360
511736.63,6940713.08,1.773103448,31,360
511736.82,6940713.04,1.951467514,31.2,360
511737.7,6940712.87,2.553793103,32.09,360
511738.73,6940712.67,2.985313129,33.14,360
511740.65,6940712.3,3.164586292,35.09,360
511742.56,6940711.92,3.058548743,37.04,360
511744.48,6940711.55,2.940173396,38.99,360
511746.39,6940711.18,3.077366912,40.94,360
511747.35,6940710.99,3.334482759,41.92,360
511748.3,6940710.81,3.57732133,42.89,360
511750.22,6940710.43,4.079966708,44.84,360
511750.46,6940710.39,4.115172414,45.09,360
511752.13,6940710.06,4.310171624,46.79,360
511754.04,6940709.69,4.369432628,48.74,360
511755.96,6940709.32,4.413834101,50.69,360
511757.87,6940708.94,4.572935075,52.64,360
511759.79,6940708.57,4.829336217,54.59,360
511760.45,6940708.44,4.895862069,55.26,360
511761.7,6940708.2,4.999812363,56.54,360
511706.2,6940719,-8.02689159,0,365
511708.11,6940718.63,-7.755452761,1.95,365
511708.61,6940718.53,-7.595172414,2.46,365
511709.41,6940718.38,-6.814482759,3.27,365
511708.8,6940718.49,-6.033793103,2.65,365
511708.11,6940718.63,-5.767423883,1.95,365
511706.2,6940719,-5.536595055,0,365
511706.2,6940719,2.154586988,0,365
511708.11,6940718.63,2.205687222,1.95,365
511710.03,6940718.26,2.169850416,3.9,365
511711.94,6940717.88,1.944361286,5.85,365
511712.69,6940717.74,1.773103448,6.61,365
511713.86,6940717.51,1.42985413,7.8,365
511714.93,6940717.3,0.992413793,8.9,365
511715.77,6940717.14,0.573026155,9.75,365
511716.56,6940716.98,0.211724138,10.55,365
511717.68,6940716.77,-0.280092135,11.7,365
511718.87,6940716.53,-0.568965517,12.91,365
511719.6,6940716.39,-0.717686132,13.65,365
511721.51,6940716.02,-0.866503803,15.6,365
511723.42,6940715.65,-0.909137276,17.55,365
511725.34,6940715.28,-0.920720708,19.5,365
511727.25,6940714.9,-0.915430147,21.45,365
511729.17,6940714.53,-0.874240589,23.4,365
511731.08,6940714.16,-0.745074634,25.35,365
511732.25,6940713.93,-0.568965517,26.53,365
511732.99,6940713.79,-0.412160885,27.3,365
511734.72,6940713.45,0.211724138,29.06,365
511734.91,6940713.41,0.308418863,29.25,365
511735.99,6940713.2,0.992413793,30.35,365
511736.82,6940713.04,1.698292003,31.2,365
511736.92,6940713.02,1.773103448,31.3,365
511738.07,6940712.8,2.553793103,32.46,365
511738.73,6940712.67,2.830971732,33.14,365
511740.65,6940712.3,3.047372663,35.09,365
511742.56,6940711.92,2.952635362,37.04,365
511744.48,6940711.55,2.829648291,38.99,365
511746.39,6940711.18,2.950711354,40.94,365
511747.83,6940710.9,3.334482759,42.41,365
511748.3,6940710.81,3.456144398,42.89,365
511750.22,6940710.43,3.959432246,44.84,365
511751.27,6940710.23,4.115172414,45.92,365
511752.13,6940710.06,4.215004563,46.79,365
511754.04,6940709.69,4.273917897,48.74,365
511755.96,6940709.32,4.316339296,50.69,365
511757.87,6940708.94,4.4747571,52.64,365
511759.79,6940708.57,4.732317328,54.59,365
511761.41,6940708.26,4.895862069,56.25,365
511761.7,6940708.2,4.91980875,56.54,365
511729.17,6940714.53,4.787469385,23.4,365
511727.25,6940714.9,4.848974012,21.45,365
511727.02,6940714.95,4.895862069,21.21,365
511725.34,6940715.28,5.463169148,19.5,365
511724.96,6940715.35,5.676551724,19.11,365
511724.36,6940715.47,6.457241379,18.5,365
511724.43,6940715.45,7.237931034,18.57,365
511725.16,6940715.31,8.01862069,19.31,365
511725.34,6940715.28,8.142606836,19.5,365
511726.64,6940715.02,8.799310345,20.82,365
511727.25,6940714.9,9.133834616,21.45,365
511729.17,6940714.53,9.570627823,23.4,365
511731.08,6940714.16,9.39359337,25.35,365
511732.54,6940713.87,8.799310345,26.83,365
511732.99,6940713.79,8.649239972,27.3,365
511733.89,6940713.61,8.01862069,28.21,365
511734.31,6940713.53,7.237931034,28.63,365
511734.14,6940713.56,6.457241379,28.47,365
511733.38,6940713.71,5.676551724,27.69,365
511732.99,6940713.79,5.478003881,27.3,365
511731.08,6940714.16,4.997151459,25.35,365
511730.19,6940714.33,4.895862069,24.44,365
511729.17,6940714.53,4.787469385,23.4,365
511706.2,6940719,-8.191323465,0,370
511708.11,6940718.63,-7.918104572,1.95,370
511709.12,6940718.43,-7.595172414,2.97,370
511709.96,6940718.27,-6.814482759,3.83,370
511709.45,6940718.37,-6.033793103,3.31,370
511708.11,6940718.63,-5.512114657,1.95,370
511706.2,6940719,-5.306872346,0,370
511706.2,6940719,2.036954074,0,370
511708.11,6940718.63,2.091580335,1.95,370
511710.03,6940718.26,2.0631125,3.9,370
511711.94,6940717.88,1.842436658,5.85,370
511712.25,6940717.82,1.773103448,6.16,370
511713.86,6940717.51,1.297989342,7.8,370
511714.61,6940717.36,0.992413793,8.57,370
511715.77,6940717.14,0.40991012,9.75,370
511716.2,6940717.05,0.211724138,10.19,370
511717.68,6940716.77,-0.436534189,11.7,370
511718.23,6940716.66,-0.568965517,12.25,370
511719.6,6940716.39,-0.848558389,13.65,370
511721.51,6940716.02,-0.977529694,15.6,370
511723.42,6940715.65,-1.005968442,17.55,370
511725.34,6940715.28,-1.007232919,19.5,370
511727.25,6940714.9,-0.996553066,21.45,370
511729.17,6940714.53,-0.956649365,23.4,370
511731.08,6940714.16,-0.836678857,25.35,370
511732.85,6940713.81,-0.568965517,27.15,370
511732.99,6940713.79,-0.539393997,27.3,370
511734.91,6940713.41,0.136510536,29.25,370
511735.06,6940713.38,0.211724138,29.41,370
511736.28,6940713.15,0.992413793,30.64,370
511736.82,6940713.04,1.451584953,31.2,370
511737.25,6940712.96,1.773103448,31.63,370
511738.44,6940712.73,2.553793103,32.84,370
511738.73,6940712.67,2.676630335,33.14,370
511740.65,6940712.3,2.930159034,35.09,370
511742.56,6940711.92,2.84672198,37.04,370
511744.48,6940711.55,2.719123186,38.99,370
511746.39,6940711.18,2.824055797,40.94,370
511748.3,6940710.81,3.334482759,42.89,370
511748.3,6940710.81,3.334967466,42.89,370
511750.22,6940710.43,3.838897785,44.84,370
511752.09,6940710.07,4.115172414,46.75,370
511752.13,6940710.06,4.119837503,46.79,370
511754.04,6940709.69,4.178403166,48.74,370
511755.96,6940709.32,4.21884449,50.69,370
511757.87,6940708.94,4.376579126,52.64,370
511759.79,6940708.57,4.635298439,54.59,370
511761.7,6940708.2,4.829039002,56.54,370
511729.17,6940714.53,4.893076162,23.4,370
511729.09,6940714.55,4.895862069,23.32,370
511727.25,6940714.9,4.994145249,21.45,370
511725.34,6940715.28,5.669073286,19.5,370
511725.32,6940715.28,5.676551724,19.48,370
511724.71,6940715.4,6.457241379,18.86,370
511724.8,6940715.38,7.237931034,18.95,370
511725.34,6940715.28,7.790383918,19.5,370
511725.61,6940715.22,8.01862069,19.78,370
511727.24,6940714.91,8.799310345,21.43,370
511727.25,6940714.9,8.806729098,21.45,370
511729.17,6940714.53,9.316639283,23.4,370
511731.08,6940714.16,9.172570071,25.35,370
511732,6940713.98,8.799310345,26.28,370
511732.99,6940713.79,8.470192568,27.3,370
511733.63,6940713.66,8.01862069,27.95,370
511734.09,6940713.57,7.237931034,28.41,370
511733.93,6940713.6,6.457241379,28.25,370
511733.11,6940713.76,5.676551724,27.42,370
511732.99,6940713.79,5.61555192,27.3,370
511731.08,6940714.16,5.11099046,25.35,370
511729.19,6940714.53,4.895862069,23.42,370
511729.17,6940714.53,4.893076162,23.4,370
511706.2,6940719,-8.355755339,0,375
511708.11,6940718.63,-8.080756383,1.95,375
511709.62,6940718.33,-7.595172414,3.48,375
511710.03,6940718.26,-7.221414975,3.9,375
511710.33,6940718.2,-6.814482759,4.21,375
511710.08,6940718.25,-6.033793103,3.95,375
511710.03,6940718.26,-5.992747373,3.9,375
511708.11,6940718.63,-5.256805432,1.95,375
511708.08,6940718.63,-5.253103448,1.91,375
511706.2,6940719,-5.107938286,0,375
511706.2,6940719,1.91932116,0,375
511708.11,6940718.63,1.977473448,1.95,375
511710.03,6940718.26,1.956374584,3.9,375
511711.64,6940717.94,1.773103448,5.54,375
511711.94,6940717.88,1.730751081,5.85,375
511713.86,6940717.51,1.166124553,7.8,375
511714.28,6940717.43,0.992413793,8.23,375
511715.77,6940717.14,0.246794085,9.75,375
511715.85,6940717.12,0.211724138,9.83,375
511717.62,6940716.78,-0.568965517,11.63,375
511717.68,6940716.77,-0.594194657,11.7,375
511719.6,6940716.39,-0.979430646,13.65,375
511721.51,6940716.02,-1.088555585,15.6,375
511723.42,6940715.65,-1.102799608,17.55,375
511725.34,6940715.28,-1.09374513,19.5,375
511727.25,6940714.9,-1.077675985,21.45,375
511729.17,6940714.53,-1.039058142,23.4,375
511731.08,6940714.16,-0.928283079,25.35,375
511732.99,6940713.79,-0.653382649,27.3,375
511733.34,6940713.72,-0.568965517,27.65,375
511734.91,6940713.41,-0.021733946,29.25,375
511735.4,6940713.32,0.211724138,29.74,375
511736.57,6940713.09,0.992413793,30.94,375
511736.82,6940713.04,1.204877904,31.2,375
511737.58,6940712.89,1.773103448,31.97,375
511738.73,6940712.67,2.51108266,33.14,375
511738.9,6940712.64,2.553793103,33.31,375
511740.65,6940712.3,2.812945405,35.09,375
511742.56,6940711.92,2.740808598,37.04,375
511744.48,6940711.55,2.608598082,38.99,375
511746.39,6940711.18,2.69740024,40.94,375
511748.3,6940710.81,3.186714224,42.89,375
511748.76,6940710.72,3.334482759,43.36,375
511750.22,6940710.43,3.718363323,44.84,375
511752.13,6940710.06,4.000328456,46.79,375
511754.04,6940709.69,4.073510915,48.74,375
511755.66,6940709.38,4.115172414,50.38,375
511755.96,6940709.32,4.121349685,50.69,375
511757.87,6940708.94,4.278401151,52.64,375
511759.79,6940708.57,4.53827955,54.59,375
511761.7,6940708.2,4.733670121,56.54,375
511729.17,6940714.53,5.019338313,23.4,375
511727.25,6940714.9,5.154461008,21.45,375
511725.77,6940715.19,5.676551724,19.94,375
511725.34,6940715.28,6.102128716,19.5,375
511725.06,6940715.33,6.457241379,19.21,375
511725.18,6940715.31,7.237931034,19.33,375
511725.34,6940715.28,7.404118058,19.5,375
511726.08,6940715.13,8.01862069,20.26,375
511727.25,6940714.9,8.579462019,21.45,375
511728.18,6940714.72,8.799310345,22.39,375
511729.17,6940714.53,9.062650743,23.4,375
511731.08,6940714.16,8.951546773,25.35,375
511731.45,6940714.09,8.799310345,25.73,375
511732.99,6940713.79,8.291145163,27.3,375
511733.38,6940713.71,8.01862069,27.69,375
511733.88,6940713.61,7.237931034,28.2,375
511733.72,6940713.65,6.457241379,28.03,375
511732.99,6940713.79,5.786937455,27.3,375
511732.76,6940713.83,5.676551724,27.06,375
511731.08,6940714.16,5.224829461,25.35,375
511729.17,6940714.53,5.019338313,23.4,375
511706.2,6940719,-8.454348271,0,380
511707.19,6940718.81,-8.375862069,1.01,380
511708.11,6940718.63,-8.243408193,1.95,380
511710.03,6940718.26,-7.626639569,3.9,380
511710.09,6940718.24,-7.595172414,3.96,380
511710.68,6940718.13,-6.814482759,4.56,380
511710.48,6940718.17,-6.033793103,4.36,380
511710.03,6940718.26,-5.664434063,3.9,380
511708.96,6940718.46,-5.253103448,2.81,380
511708.11,6940718.63,-5.051547932,1.95,380
511706.2,6940719,-4.918412784,0,380
511706.2,6940719,1.801688246,0,380
511708.11,6940718.63,1.86336656,1.95,380
511710.03,6940718.26,1.849636669,3.9,380
511710.7,6940718.12,1.773103448,4.59,380
511711.94,6940717.88,1.598300595,5.85,380
511713.86,6940717.51,1.034259765,7.8,380
511713.96,6940717.49,0.992413793,7.9,380
511715.5,6940717.19,0.211724138,9.47,380
511715.77,6940717.14,0.062380305,9.75,380
511717.19,6940716.86,-0.568965517,11.2,380
511717.68,6940716.77,-0.75857529,11.7,380
511719.6,6940716.39,-1.110302902,13.65,380
511721.51,6940716.02,-1.199581476,15.6,380
511723.42,6940715.65,-1.199630774,17.55,380
511725.34,6940715.28,-1.180257342,19.5,380
511727.25,6940714.9,-1.158798904,21.45,380
511729.17,6940714.53,-1.121466918,23.4,380
511731.08,6940714.16,-1.019887301,25.35,380
511732.99,6940713.79,-0.763360934,27.3,380
511733.79,6940713.63,-0.568965517,28.11,380
511734.91,6940713.41,-0.179978427,29.25,380
511735.73,6940713.25,0.211724138,30.08,380
511736.82,6940713.04,0.960779612,31.2,380
511736.87,6940713.03,0.992413793,31.24,380
511737.91,6940712.83,1.773103448,32.3,380
511738.73,6940712.67,2.301840825,33.14,380
511739.69,6940712.48,2.553793103,34.12,380
511740.65,6940712.3,2.695731775,35.09,380
511742.56,6940711.92,2.634895216,37.04,380
511743.72,6940711.7,2.553793103,38.22,380
511744.48,6940711.55,2.483239381,38.99,380
511745.99,6940711.26,2.553793103,40.53,380
511746.39,6940711.18,2.570744683,40.94,380
511748.3,6940710.81,3.038352241,42.89,380
511749.22,6940710.63,3.334482759,43.82,380
511750.22,6940710.43,3.597828861,44.84,380
511752.13,6940710.06,3.879564657,46.79,380
511754.04,6940709.69,3.950252042,48.74,380
511755.96,6940709.32,3.994737142,50.69,380
511757.08,6940709.1,4.115172414,51.83,380
511757.87,6940708.94,4.180223176,52.64,380
511759.79,6940708.57,4.441260661,54.59,380
511761.7,6940708.2,4.638301241,56.54,380
511729.17,6940714.53,5.146160116,23.4,380
511727.25,6940714.9,5.314776768,21.45,380
511726.23,6940715.1,5.676551724,20.4,380
511725.42,6940715.26,6.457241379,19.58,380
511725.57,6940715.23,7.237931034,19.73,380
511726.55,6940715.04,8.01862069,20.73,380
511727.25,6940714.9,8.354511823,21.45,380
511729.13,6940714.54,8.799310345,23.36,380
511729.17,6940714.53,8.808662203,23.4,380
511729.37,6940714.49,8.799310345,23.6,380
511731.08,6940714.16,8.749386118,25.35,380
511732.99,6940713.79,8.112097759,27.3,380
511733.13,6940713.76,8.01862069,27.43,380
511733.66,6940713.66,7.237931034,27.98,380
511733.5,6940713.69,6.457241379,27.81,380
511732.99,6940713.79,5.985287436,27.3,380
511732.33,6940713.91,5.676551724,26.62,380
511731.08,6940714.16,5.338668462,25.35,380
511729.17,6940714.53,5.146160116,23.4,380
511706.2,6940719,-8.543768817,0,385
511708.11,6940718.63,-8.39273818,1.95,385
511708.21,6940718.61,-8.375862069,2.05,385
511710.03,6940718.26,-7.790548074,3.9,385
511710.41,6940718.18,-7.595172414,4.29,385
511711.02,6940718.06,-6.814482759,4.91,385
511710.88,6940718.09,-6.033793103,4.77,385
511710.03,6940718.26,-5.336120752,3.9,385
511709.81,6940718.3,-5.253103448,3.68,385
511708.11,6940718.63,-4.84702686,1.95,385
511706.2,6940719,-4.728887283,0,385
511706.2,6940719,1.657319055,0,385
511708.11,6940718.63,1.741646923,1.95,385
511710.03,6940718.26,1.732923106,3.9,385
511711.94,6940717.88,1.465850109,5.85,385
511713.55,6940717.57,0.992413793,7.49,385
511713.86,6940717.51,0.873790058,7.8,385
511715.16,6940717.26,0.211724138,9.13,385
511715.77,6940717.14,-0.127866616,9.75,385
511716.76,6940716.94,-0.568965517,10.76,385
511717.68,6940716.77,-0.922955924,11.7,385
511719.6,6940716.39,-1.241175159,13.65,385
511721.51,6940716.02,-1.310607367,15.6,385
511723.42,6940715.65,-1.29646194,17.55,385
511725.34,6940715.28,-1.266769553,19.5,385
511727.25,6940714.9,-1.239921822,21.45,385
511729.17,6940714.53,-1.203875695,23.4,385
511731.08,6940714.16,-1.111491523,25.35,385
511732.99,6940713.79,-0.87333922,27.3,385
511734.25,6940713.54,-0.568965517,28.57,385
511734.91,6940713.41,-0.338222909,29.25,385
511736.06,6940713.19,0.211724138,30.42,385
511736.82,6940713.04,0.732867644,31.2,385
511737.21,6940712.97,0.992413793,31.59,385
511738.23,6940712.77,1.773103448,32.63,385
511738.73,6940712.67,2.092598991,33.14,385
511740.48,6940712.33,2.553793103,34.92,385
511740.65,6940712.3,2.578518146,35.09,385
511741.56,6940712.12,2.553793103,36.02,385
511742.56,6940711.92,2.519448623,37.04,385
511744.48,6940711.55,2.343290712,38.99,385
511746.39,6940711.18,2.419144052,40.94,385
511746.92,6940711.08,2.553793103,41.48,385
511748.3,6940710.81,2.889990258,42.89,385
511749.67,6940710.54,3.334482759,44.29,385
511750.22,6940710.43,3.4772944,44.84,385
511752.13,6940710.06,3.758800858,46.79,385
511754.04,6940709.69,3.826993168,48.74,385
511755.96,6940709.32,3.8661549,50.69,385
511757.87,6940708.94,4.068079422,52.64,385
511758.11,6940708.9,4.115172414,52.89,385
511759.79,6940708.57,4.344241772,54.59,385
511761.7,6940708.2,4.542932361,56.54,385
511729.17,6940714.53,5.272981919,23.4,385
511727.25,6940714.9,5.475092528,21.45,385
511726.68,6940715.01,5.676551724,20.87,385
511725.81,6940715.18,6.457241379,19.98,385
511725.97,6940715.15,7.237931034,20.14,385
511727.02,6940714.95,8.01862069,21.21,385
511727.25,6940714.9,8.129561627,21.45,385
511729.17,6940714.53,8.6267193,23.4,385
511731.08,6940714.16,8.588971534,25.35,385
511732.77,6940713.83,8.01862069,27.06,385
511732.99,6940713.79,7.875371362,27.3,385
511733.45,6940713.7,7.237931034,27.76,385
511733.29,6940713.73,6.457241379,27.6,385
511732.99,6940713.79,6.183637416,27.3,385
511731.91,6940714,5.676551724,26.19,385
511731.08,6940714.16,5.452507463,25.35,385
511729.17,6940714.53,5.272981919,23.4,385
511706.2,6940719,-8.633189363,0,390
511708.11,6940718.63,-8.483636117,1.95,390
511708.72,6940718.51,-8.375862069,2.57,390
511710.03,6940718.26,-7.95445658,3.9,390
511710.73,6940718.12,-7.595172414,4.61,390
511711.37,6940717.99,-6.814482759,5.26,390
511711.28,6940718.01,-6.033793103,5.18,390
511710.41,6940718.18,-5.253103448,4.29,390
511710.03,6940718.26,-5.067737229,3.9,390
511708.11,6940718.63,-4.642505788,1.95,390
511706.2,6940719,-4.539361781,0,390
511706.2,6940719,1.504367413,0,390
511708.11,6940718.63,1.591108422,1.95,390
511710.03,6940718.26,1.590933063,3.9,390
511711.94,6940717.88,1.333399623,5.85,390
511713.1,6940717.66,0.992413793,7.03,390
511713.86,6940717.51,0.700023124,7.8,390
511714.82,6940717.32,0.211724138,8.78,390
511715.77,6940717.14,-0.318113537,9.75,390
511716.33,6940717.03,-0.568965517,10.32,390
511717.68,6940716.77,-1.087336557,11.7,390
511719.41,6940716.43,-1.349655172,13.46,390
511719.6,6940716.39,-1.373214215,13.65,390
511721.51,6940716.02,-1.422587909,15.6,390
511723.42,6940715.65,-1.392848655,17.55,390
511725.34,6940715.28,-1.353189834,19.5,390
511725.54,6940715.24,-1.349655172,19.7,390
511727.25,6940714.9,-1.321044741,21.45,390
511729.17,6940714.53,-1.286284471,23.4,390
511731.08,6940714.16,-1.203095745,25.35,390
511732.99,6940713.79,-0.983317505,27.3,390
511734.7,6940713.45,-0.568965517,29.03,390
511734.91,6940713.41,-0.49646739,29.25,390
511736.39,6940713.12,0.211724138,30.76,390
511736.82,6940713.04,0.504955676,31.2,390
511737.54,6940712.9,0.992413793,31.93,390
511738.56,6940712.7,1.773103448,32.97,390
511738.73,6940712.67,1.883357156,33.14,390
511740.65,6940712.3,2.418587933,35.09,390
511742.56,6940711.92,2.372840237,37.04,390
511744.48,6940711.55,2.203342043,38.99,390
511746.39,6940711.18,2.26368888,40.94,390
511747.53,6940710.96,2.553793103,42.11,390
511748.3,6940710.81,2.741628275,42.89,390
511750.13,6940710.45,3.334482759,44.76,390
511750.22,6940710.43,3.356759938,44.84,390
511752.13,6940710.06,3.638037059,46.79,390
511754.04,6940709.69,3.703734295,48.74,390
511755.96,6940709.32,3.737572658,50.69,390
511757.87,6940708.94,3.928511547,52.64,390
511758.82,6940708.76,4.115172414,53.61,390
511759.79,6940708.57,4.247222883,54.59,390
511761.7,6940708.2,4.44756348,56.54,390
511729.17,6940714.53,5.399803722,23.4,390
511727.25,6940714.9,5.635408288,21.45,390
511727.14,6940714.93,5.676551724,21.33,390
511726.21,6940715.11,6.457241379,20.39,390
511726.38,6940715.07,7.237931034,20.55,390
511727.25,6940714.9,7.870895863,21.45,390
511727.59,6940714.84,8.01862069,21.79,390
511729.17,6940714.53,8.447530525,23.4,390
511731.08,6940714.16,8.42855695,25.35,390
511732.29,6940713.92,8.01862069,26.58,390
511732.99,6940713.79,7.57563641,27.3,390
511733.23,6940713.74,7.237931034,27.54,390
511733.07,6940713.77,6.457241379,27.38,390
511732.99,6940713.79,6.381987397,27.3,390
511731.49,6940714.08,5.676551724,25.76,390
511731.08,6940714.16,5.566346464,25.35,390
511729.17,6940714.53,5.399803722,23.4,390
511706.2,6940719,-8.722609909,0,395
511708.11,6940718.63,-8.574534053,1.95,395
511709.23,6940718.41,-8.375862069,3.08,395
511710.03,6940718.26,-8.118365085,3.9,395
511711.05,6940718.06,-7.595172414,4.94,395
511711.71,6940717.93,-6.814482759,5.62,395
511711.69,6940717.93,-6.033793103,5.59,395
511710.92,6940718.08,-5.253103448,4.81,395
511710.03,6940718.26,-4.819636177,3.9,395
511708.32,6940718.59,-4.472413793,2.16,395
511708.11,6940718.63,-4.437035654,1.95,395
511706.2,6940719,-4.343704498,0,395
511706.2,6940719,1.35141577,0,395
511708.11,6940718.63,1.440569921,1.95,395
511710.03,6940718.26,1.44894302,3.9,395
511711.94,6940717.88,1.200949136,5.85,395
511712.65,6940717.75,0.992413793,6.57,395
511713.86,6940717.51,0.52625619,7.8,395
511714.47,6940717.39,0.211724138,8.43,395
511715.77,6940717.14,-0.508360458,9.75,395
511715.91,6940717.11,-0.568965517,9.89,395
511717.68,6940716.77,-1.251717191,11.7,395
511718.33,6940716.64,-1.349655172,12.36,395
511719.6,6940716.39,-1.51090587,13.65,395
511721.51,6940716.02,-1.535086347,15.6,395
511723.42,6940715.65,-1.488693599,17.55,395
511725.34,6940715.28,-1.437509045,19.5,395
511727.25,6940714.9,-1.400177235,21.45,395
511729.17,6940714.53,-1.367693479,23.4,395
511729.7,6940714.43,-1.349655172,23.94,395
511731.08,6940714.16,-1.294699967,25.35,395
511732.99,6940713.79,-1.09329579,27.3,395
511734.91,6940713.41,-0.644421257,29.25,395
511735.13,6940713.37,-0.568965517,29.47,395
511736.73,6940713.06,0.211724138,31.1,395
511736.82,6940713.04,0.277043708,31.2,395
511737.88,6940712.83,0.992413793,32.28,395
511738.73,6940712.67,1.649834466,33.14,395
511739.01,6940712.61,1.773103448,33.43,395
511740.65,6940712.3,2.247238264,35.09,395
511742.56,6940711.92,2.226231851,37.04,395
511744.48,6940711.55,2.063393374,38.99,395
511746.39,6940711.18,2.108233708,40.94,395
511748.14,6940710.84,2.553793103,42.73,395
511748.3,6940710.81,2.593266293,42.89,395
511750.22,6940710.43,3.199129213,44.84,395
511750.89,6940710.3,3.334482759,45.53,395
511752.13,6940710.06,3.51727326,46.79,395
511754.04,6940709.69,3.580475422,48.74,395
511755.96,6940709.32,3.608990416,50.69,395
511757.87,6940708.94,3.788943672,52.64,395
511759.53,6940708.62,4.115172414,54.33,395
511759.79,6940708.57,4.150203994,54.59,395
511761.7,6940708.2,4.3521946,56.54,395
511729.17,6940714.53,5.526625525,23.4,395
511727.99,6940714.76,5.676551724,22.2,395
511727.25,6940714.9,5.922587091,21.45,395
511726.61,6940715.03,6.457241379,20.79,395
511726.78,6940715,7.237931034,20.96,395
511727.25,6940714.9,7.579421913,21.45,395
511728.25,6940714.71,8.01862069,22.46,395
511729.17,6940714.53,8.26834175,23.4,395
511731.08,6940714.16,8.268142367,25.35,395
511731.82,6940714.01,8.01862069,26.1,395
511732.99,6940713.79,7.275901458,27.3,395
511733.02,6940713.78,7.237931034,27.32,395
511732.99,6940713.79,7.105587381,27.3,395
511732.75,6940713.83,6.457241379,27.05,395
511731.08,6940714.16,5.682320794,25.35,395
511731.03,6940714.17,5.676551724,25.29,395
511729.17,6940714.53,5.526625525,23.4,395
511706.2,6940719,-8.812030455,0,400
511708.11,6940718.63,-8.66543199,1.95,400
511709.74,6940718.31,-8.375862069,3.6,400
511710.03,6940718.26,-8.282273591,3.9,400
511711.37,6940717.99,-7.595172414,5.27,400
511711.94,6940717.88,-6.938826444,5.85,400
511712.04,6940717.86,-6.814482759,5.95,400
511712.07,6940717.86,-6.033793103,5.98,400
511711.94,6940717.88,-5.825316629,5.85,400
511711.43,6940717.98,-5.253103448,5.32,400
511710.03,6940718.26,-4.571535125,3.9,400
511709.54,6940718.35,-4.472413793,3.4,400
511708.11,6940718.63,-4.226876813,1.95,400
511706.2,6940719,-4.144698229,0,400
511706.2,6940719,1.198464128,0,400
511708.11,6940718.63,1.29003142,1.95,400
511710.03,6940718.26,1.306952976,3.9,400
511711.94,6940717.88,1.06849865,5.85,400
511712.2,6940717.83,0.992413793,6.11,400
511713.86,6940717.51,0.352489256,7.8,400
511714.13,6940717.46,0.211724138,8.08,400
511715.49,6940717.19,-0.568965517,9.46,400
511715.77,6940717.14,-0.726695001,9.75,400
511717.43,6940716.81,-1.349655172,11.44,400
511717.68,6940716.77,-1.424288988,11.7,400
511719.6,6940716.39,-1.648597525,13.65,400
511721.51,6940716.02,-1.647584784,15.6,400
511723.42,6940715.65,-1.584538543,17.55,400
511725.34,6940715.28,-1.521828257,19.5,400
511727.25,6940714.9,-1.478225284,21.45,400
511729.17,6940714.53,-1.445774625,23.4,400
511731.08,6940714.16,-1.3837873,25.35,400
511731.52,6940714.07,-1.349655172,25.8,400
511732.99,6940713.79,-1.203274075,27.3,400
511734.91,6940713.41,-0.783674459,29.25,400
511735.54,6940713.29,-0.568965517,29.89,400
511736.82,6940713.04,0.066520258,31.2,400
511737.09,6940712.99,0.211724138,31.47,400
511738.22,6940712.77,0.992413793,32.62,400
511738.73,6940712.67,1.389267581,33.14,400
511739.6,6940712.5,1.773103448,34.03,400
511740.65,6940712.3,2.075888595,35.09,400
511742.56,6940711.92,2.079623465,37.04,400
511744.48,6940711.55,1.923444705,38.99,400
511746.39,6940711.18,1.952778536,40.94,400
511748.3,6940710.81,2.409938318,42.89,400
511748.69,6940710.73,2.553793103,43.29,400
511750.22,6940710.43,3.033087915,44.84,400
511751.71,6940710.14,3.334482759,46.36,400
511752.13,6940710.06,3.396509461,46.79,400
511754.04,6940709.69,3.457216549,48.74,400
511755.96,6940709.32,3.480408174,50.69,400
511757.87,6940708.94,3.649375797,52.64,400
511759.79,6940708.57,4.015189204,54.59,400
511760.36,6940708.46,4.115172414,55.18,400
511761.7,6940708.2,4.256825719,56.54,400
511729.17,6940714.53,5.653447328,23.4,400
511728.98,6940714.57,5.676551724,23.21,400
511727.25,6940714.9,6.253564501,21.45,400
511727.01,6940714.95,6.457241379,21.2,400
511727.18,6940714.92,7.237931034,21.38,400
511727.25,6940714.9,7.287947964,21.45,400
511728.91,6940714.58,8.01862069,23.13,400
511729.17,6940714.53,8.089152975,23.4,400
511731.08,6940714.16,8.107727783,25.35,400
511731.34,6940714.11,8.01862069,25.61,400
511732.63,6940713.86,7.237931034,26.93,400
511732.36,6940713.91,6.457241379,26.65,400
511731.08,6940714.16,5.863056074,25.35,400
511729.45,6940714.48,5.676551724,23.69,400
511729.17,6940714.53,5.653447328,23.4,400
511706.2,6940719,-8.901451002,0,405
511708.11,6940718.63,-8.756329927,1.95,405
511710.03,6940718.26,-8.417001265,3.9,405
511710.17,6940718.23,-8.375862069,4.04,405
511711.69,6940717.93,-7.595172414,5.59,405
511711.94,6940717.88,-7.307361375,5.85,405
511712.33,6940717.81,-6.814482759,6.24,405
511712.4,6940717.79,-6.033793103,6.32,405
511711.94,6940717.88,-5.259787997,5.85,405
511711.94,6940717.88,-5.253103448,5.84,405
511710.45,6940718.17,-4.472413793,4.33,405
511710.03,6940718.26,-4.324000059,3.9,405
511708.11,6940718.63,-4.016717972,1.95,405
511706.2,6940719,-3.945691959,0,405
511706.2,6940719,1.045512485,0,405
511708.11,6940718.63,1.139492919,1.95,405
511710.03,6940718.26,1.164962933,3.9,405
511711.45,6940717.98,0.992413793,5.34,405
511711.94,6940717.88,0.910274131,5.85,405
511713.76,6940717.53,0.211724138,7.7,405
511713.86,6940717.51,0.16485502,7.8,405
511715.08,6940717.27,-0.568965517,9.04,405
511715.77,6940717.14,-0.958159964,9.75,405
511716.81,6940716.93,-1.349655172,10.81,405
511717.68,6940716.77,-1.608934747,11.7,405
511719.6,6940716.39,-1.786289181,13.65,405
511721.51,6940716.02,-1.760083221,15.6,405
511723.42,6940715.65,-1.680383486,17.55,405
511725.34,6940715.28,-1.606147468,19.5,405
511727.25,6940714.9,-1.556273333,21.45,405
511729.17,6940714.53,-1.523855771,23.4,405
511731.08,6940714.16,-1.469100555,25.35,405
511732.63,6940713.86,-1.349655172,26.92,405
511732.99,6940713.79,-1.31325236,27.3,405
511734.91,6940713.41,-0.922927661,29.25,405
511735.95,6940713.21,-0.568965517,30.31,405
511736.82,6940713.04,-0.13701756,31.2,405
511737.46,6940712.92,0.211724138,31.85,405
511738.56,6940712.7,0.992413793,32.96,405
511738.73,6940712.67,1.128700697,33.14,405
511740.2,6940712.38,1.773103448,34.63,405
511740.65,6940712.3,1.904538926,35.09,405
511742.56,6940711.92,1.933015079,37.04,405
511744.48,6940711.55,1.783496036,38.99,405
511746.39,6940711.18,1.797323364,40.94,405
511748.3,6940710.81,2.213934849,42.89,405
511749.22,6940710.63,2.553793103,43.83,405
511750.22,6940710.43,2.867046617,44.84,405
511752.13,6940710.06,3.249793329,46.79,405
511754.04,6940709.69,3.333732688,48.74,405
511754.1,6940709.68,3.334482759,48.8,405
511755.96,6940709.32,3.351825931,50.69,405
511757.87,6940708.94,3.509807923,52.64,405
511759.79,6940708.57,3.858701367,54.59,405
511761.26,6940708.29,4.115172414,56.1,405
511761.7,6940708.2,4.161456839,56.54,405
511729.17,6940714.53,5.863112617,23.4,405
511727.5,6940714.86,6.457241379,21.7,405
511727.73,6940714.81,7.237931034,21.93,405
511729.17,6940714.53,7.867088839,23.4,405
511731.08,6940714.16,7.909983702,25.35,405
511732.22,6940713.94,7.237931034,26.51,405
511731.97,6940713.99,6.457241379,26.25,405
511731.08,6940714.16,6.043791354,25.35,405
511729.17,6940714.53,5.863112617,23.4,405
511706.2,6940719,-8.990871548,0,410
511708.11,6940718.63,-8.847227863,1.95,410
511710.03,6940718.26,-8.512892357,3.9,410
511710.49,6940718.17,-8.375862069,4.37,410
511711.94,6940717.88,-7.631374248,5.85,410
511712,6940717.87,-7.595172414,5.91,410
511712.61,6940717.75,-6.814482759,6.53,410
511712.74,6940717.73,-6.033793103,6.66,410
511712.37,6940717.8,-5.253103448,6.28,410
511711.94,6940717.88,-4.882820693,5.85,410
511711.16,6940718.03,-4.472413793,5.06,410
511710.03,6940718.26,-4.076841563,3.9,410
511708.11,6940718.63,-3.806559132,1.95,410
511706.2,6940719,-3.746685689,0,410
511706.2,6940719,0.849661562,0,410
511708.11,6940718.63,0.987332146,1.95,410
511708.3,6940718.59,0.992413793,2.14,410
511710.03,6940718.26,1.02297289,3.9,410
511710.28,6940718.21,0.992413793,4.16,410
511711.94,6940717.88,0.717258665,5.85,410
511713.26,6940717.63,0.211724138,7.19,410
511713.86,6940717.51,-0.081928456,7.8,410
511714.67,6940717.35,-0.568965517,8.63,410
511715.77,6940717.14,-1.189624927,9.75,410
511716.2,6940717.05,-1.349655172,10.18,410
511717.68,6940716.77,-1.793580506,11.7,410
511719.6,6940716.39,-1.923980836,13.65,410
511721.51,6940716.02,-1.872581658,15.6,410
511723.42,6940715.65,-1.77622843,17.55,410
511725.34,6940715.28,-1.690466679,19.5,410
511727.25,6940714.9,-1.634321381,21.45,410
511729.17,6940714.53,-1.601936917,23.4,410
511731.08,6940714.16,-1.55441381,25.35,410
511732.99,6940713.79,-1.417245863,27.3,410
511733.46,6940713.7,-1.349655172,27.77,410
511734.91,6940713.41,-1.062180863,29.25,410
511736.36,6940713.13,-0.568965517,30.73,410
511736.82,6940713.04,-0.340555378,31.2,410
511737.84,6940712.84,0.211724138,32.23,410
511738.73,6940712.67,0.86245144,33.14,410
511738.99,6940712.62,0.992413793,33.41,410
511740.65,6940712.3,1.717864988,35.09,410
511742.03,6940712.03,1.773103448,36.5,410
511742.56,6940711.92,1.786406693,37.04,410
511742.73,6940711.89,1.773103448,37.22,410
511744.48,6940711.55,1.612770757,38.99,410
511746.39,6940711.18,1.614276637,40.94,410
511747.16,6940711.03,1.773103448,41.73,410
511748.3,6940710.81,2.017931381,42.89,410
511749.75,6940710.53,2.553793103,44.37,410
511750.22,6940710.43,2.701005318,44.84,410
511752.13,6940710.06,3.075671387,46.79,410
511754.04,6940709.69,3.157659783,48.74,410
511755.96,6940709.32,3.171619607,50.69,410
511757.44,6940709.03,3.334482759,52.2,410
511757.87,6940708.94,3.370240048,52.64,410
511759.79,6940708.57,3.702213529,54.59,410
511761.7,6940708.2,4.027311923,56.54,410
511729.17,6940714.53,6.091232367,23.4,410
511728.14,6940714.73,6.457241379,22.35,410
511728.3,6940714.7,7.237931034,22.51,410
511729.17,6940714.53,7.617192981,23.4,410
511731.08,6940714.16,7.665592027,25.35,410
511731.8,6940714.02,7.237931034,26.08,410
511731.58,6940714.06,6.457241379,25.86,410
511731.08,6940714.16,6.224526633,25.35,410
511729.17,6940714.53,6.091232367,23.4,410
511706.2,6940719,-9.080292094,0,415
511708.11,6940718.63,-8.9381258,1.95,415
511710.03,6940718.26,-8.60878345,3.9,415
511710.81,6940718.1,-8.375862069,4.7,415
511711.94,6940717.88,-7.796649242,5.85,415
511712.26,6940717.82,-7.595172414,6.17,415
511712.9,6940717.7,-6.814482759,6.83,415
511713.08,6940717.66,-6.033793103,7.01,415
511712.8,6940717.72,-5.253103448,6.72,415
511711.94,6940717.88,-4.508108844,5.85,415
511711.87,6940717.9,-4.472413793,5.78,415
511710.03,6940718.26,-3.829683067,3.9,415
511708.97,6940718.46,-3.691724138,2.82,415
511708.11,6940718.63,-3.573236444,1.95,415
511706.2,6940719,-3.507998113,0,415
511706.2,6940719,0.630998137,0,415
511708.11,6940718.63,0.766198661,1.95,415
511710.03,6940718.26,0.825103661,3.9,415
511711.94,6940717.88,0.524243199,5.85,415
511712.75,6940717.72,0.211724138,6.68,415
511713.86,6940717.51,-0.328711932,7.8,415
511714.26,6940717.43,-0.568965517,8.21,415
511715.59,6940717.17,-1.349655172,9.57,415
511715.77,6940717.14,-1.441565131,9.75,415
511717.68,6940716.77,-1.978226265,11.7,415
511719.6,6940716.39,-2.061672491,13.65,415
511721.51,6940716.02,-1.985080096,15.6,415
511723.42,6940715.65,-1.872073374,17.55,415
511725.34,6940715.28,-1.774785891,19.5,415
511727.25,6940714.9,-1.71236943,21.45,415
511729.17,6940714.53,-1.680018064,23.4,415
511731.08,6940714.16,-1.639727065,25.35,415
511732.99,6940713.79,-1.518278286,27.3,415
511734.16,6940713.56,-1.349655172,28.49,415
511734.91,6940713.41,-1.201434064,29.25,415
511736.77,6940713.05,-0.568965517,31.14,415
511736.82,6940713.04,-0.544093196,31.2,415
511738.21,6940712.77,0.211724138,32.61,415
511738.73,6940712.67,0.589970826,33.14,415
511739.53,6940712.51,0.992413793,33.96,415
511740.65,6940712.3,1.480728988,35.09,415
511742.56,6940711.92,1.595709276,37.04,415
511744.48,6940711.55,1.439576672,38.99,415
511746.39,6940711.18,1.426137794,40.94,415
511748.08,6940710.85,1.773103448,42.66,415
511748.3,6940710.81,1.821927912,42.89,415
511750.22,6940710.43,2.526123609,44.84,415
511750.32,6940710.41,2.553793103,44.95,415
511752.13,6940710.06,2.901549445,46.79,415
511754.04,6940709.69,2.981586877,48.74,415
511755.96,6940709.32,2.983364622,50.69,415
511757.87,6940708.94,3.159437702,52.64,415
511758.55,6940708.81,3.334482759,53.33,415
511759.79,6940708.57,3.545725691,54.59,415
511761.7,6940708.2,3.856602958,56.54,415
511729.17,6940714.53,6.319352116,23.4,415
511728.78,6940714.61,6.457241379,23,415
511728.87,6940714.59,7.237931034,23.09,415
511729.17,6940714.53,7.367297122,23.4,415
511731.08,6940714.16,7.421200352,25.35,415
511731.39,6940714.1,7.237931034,25.66,415
511731.19,6940714.14,6.457241379,25.46,415
511731.08,6940714.16,6.405261913,25.35,415
511729.17,6940714.53,6.319352116,23.4,415
511706.2,6940719,-9.165667812,0,420
511706.38,6940718.96,-9.156551724,0.19,420
511708.11,6940718.63,-9.029023737,1.95,420
511710.03,6940718.26,-8.704674542,3.9,420
511711.13,6940718.04,-8.375862069,5.03,420
511711.94,6940717.88,-7.961924236,5.85,420
511712.52,6940717.77,-7.595172414,6.44,420
511713.19,6940717.64,-6.814482759,7.12,420
511713.42,6940717.6,-6.033793103,7.35,420
511713.23,6940717.63,-5.253103448,7.16,420
511712.5,6940717.77,-4.472413793,6.42,420
511711.94,6940717.88,-4.144237291,5.85,420
511710.53,6940718.16,-3.691724138,4.41,420
511710.03,6940718.26,-3.559387713,3.9,420
511708.11,6940718.63,-3.312008669,1.95,420
511706.2,6940719,-3.254169778,0,420
511706.2,6940719,0.412334711,0,420
511708.11,6940718.63,0.545065176,1.95,420
511710.03,6940718.26,0.611909986,3.9,420
511711.94,6940717.88,0.331227734,5.85,420
511712.25,6940717.82,0.211724138,6.17,420
511713.84,6940717.51,-0.568965517,7.78,420
511713.86,6940717.51,-0.579141303,7.8,420
511715.01,6940717.29,-1.349655172,8.98,420
511715.77,6940717.14,-1.7393746,9.75,420
511717.46,6940716.81,-2.130344828,11.47,420
511717.68,6940716.77,-2.16923229,11.7,420
511719.6,6940716.39,-2.20834346,13.65,420
511720.81,6940716.16,-2.130344828,14.88,420
511721.51,6940716.02,-2.097578533,15.6,420
511723.42,6940715.65,-1.967918318,17.55,420
511725.34,6940715.28,-1.859105102,19.5,420
511727.25,6940714.9,-1.790417478,21.45,420
511729.17,6940714.53,-1.75809921,23.4,420
511731.08,6940714.16,-1.725040321,25.35,420
511732.99,6940713.79,-1.619310709,27.3,420
511734.86,6940713.42,-1.349655172,29.2,420
511734.91,6940713.41,-1.340687266,29.25,420
511736.82,6940713.04,-0.72786583,31.2,420
511737.21,6940712.97,-0.568965517,31.59,420
511738.59,6940712.7,0.211724138,33,420
511738.73,6940712.67,0.317490213,33.14,420
511740.08,6940712.41,0.992413793,34.51,420
511740.65,6940712.3,1.243592987,35.09,420
511742.56,6940711.92,1.400611975,37.04,420
511744.48,6940711.55,1.266382588,38.99,420
511746.39,6940711.18,1.237998951,40.94,420
511748.3,6940710.81,1.584740352,42.89,420
511748.81,6940710.71,1.773103448,43.41,420
511750.22,6940710.43,2.282124542,44.84,420
511751.23,6940710.24,2.553793103,45.87,420
511752.13,6940710.06,2.727427504,46.79,420
511754.04,6940709.69,2.805513972,48.74,420
511755.96,6940709.32,2.795109638,50.69,420
511757.87,6940708.94,2.924098826,52.64,420
511759.47,6940708.63,3.334482759,54.27,420
511759.79,6940708.57,3.389237853,54.59,420
511761.7,6940708.2,3.685893992,56.54,420
511706.2,6940719,-9.227606171,0,425
511707.62,6940718.72,-9.156551724,1.44,425
511708.11,6940718.63,-9.119921674,1.95,425
511710.03,6940718.26,-8.800565634,3.9,425
511711.46,6940717.98,-8.375862069,5.35,425
511711.94,6940717.88,-8.12719923,5.85,425
511712.78,6940717.72,-7.595172414,6.71,425
511713.47,6940717.58,-6.814482759,7.41,425
511713.75,6940717.53,-6.033793103,7.7,425
511713.66,6940717.55,-5.253103448,7.6,425
511713.12,6940717.65,-4.472413793,7.05,425
511711.94,6940717.88,-3.781507112,5.85,425
511711.66,6940717.94,-3.691724138,5.56,425
511710.03,6940718.26,-3.259862059,3.9,425
511708.11,6940718.63,-3.050780893,1.95,425
511706.2,6940719,-3.000341444,0,425
511706.2,6940719,0.181382972,0,425
511706.47,6940718.95,0.211724138,0.27,425
511708.11,6940718.63,0.323931691,1.95,425
511710.03,6940718.26,0.39871631,3.9,425
511711.36,6940718,0.211724138,5.26,425
511711.94,6940717.88,0.087793885,5.85,425
511713.21,6940717.64,-0.568965517,7.14,425
511713.86,6940717.51,-0.963713699,7.8,425
511714.44,6940717.4,-1.349655172,8.39,425
511715.77,6940717.14,-2.037184069,9.75,425
511716.17,6940717.06,-2.130344828,10.16,425
511717.68,6940716.77,-2.3899831,11.7,425
511719.6,6940716.39,-2.363948599,13.65,425
511721.51,6940716.02,-2.217932602,15.6,425
511722.48,6940715.83,-2.130344828,16.58,425
511723.42,6940715.65,-2.063763262,17.55,425
511725.34,6940715.28,-1.943424313,19.5,425
511727.25,6940714.9,-1.868465527,21.45,425
511729.17,6940714.53,-1.836180356,23.4,425
511731.08,6940714.16,-1.810353576,25.35,425
511732.99,6940713.79,-1.720343132,27.3,425
511734.91,6940713.41,-1.468731345,29.25,425
511735.44,6940713.31,-1.349655172,29.79,425
511736.82,6940713.04,-0.90888692,31.2,425
511737.64,6940712.88,-0.568965517,32.03,425
511738.73,6940712.67,0.057435133,33.14,425
511739.06,6940712.61,0.211724138,33.48,425
511740.62,6940712.3,0.992413793,35.06,425
511740.65,6940712.3,1.006456987,35.09,425
511742.56,6940711.92,1.205514673,37.04,425
511744.48,6940711.55,1.093188503,38.99,425
511746.39,6940711.18,1.049860107,40.94,425
511748.3,6940710.81,1.333890576,42.89,425
511749.48,6940710.58,1.773103448,44.1,425
511750.22,6940710.43,2.038125475,44.84,425
511752.13,6940710.06,2.553076583,46.79,425
511752.14,6940710.06,2.553793103,46.81,425
511754.04,6940709.69,2.629441067,48.74,425
511755.96,6940709.32,2.606854653,50.69,425
511757.87,6940708.94,2.688759949,52.64,425
511759.79,6940708.57,3.097012426,54.59,425
511760.51,6940708.43,3.334482759,55.33,425
511761.7,6940708.2,3.515185027,56.54,425
511706.2,6940719,-9.289544529,0,430
511708.11,6940718.63,-9.194572729,1.95,430
511708.46,6940718.56,-9.156551724,2.3,430
511710.03,6940718.26,-8.896456726,3.9,430
511711.78,6940717.91,-8.375862069,5.68,430
511711.94,6940717.88,-8.292474224,5.85,430
511713.04,6940717.67,-7.595172414,6.97,430
511713.76,6940717.53,-6.814482759,7.7,430
511713.86,6940717.51,-6.566968236,7.8,430
511714.09,6940717.46,-6.033793103,8.04,430
511714.09,6940717.46,-5.253103448,8.04,430
511713.86,6940717.51,-4.672268805,7.8,430
511713.74,6940717.53,-4.472413793,7.68,430
511712.79,6940717.72,-3.691724138,6.71,430
511711.94,6940717.88,-3.35347743,5.85,430
511710.03,6940718.26,-2.960336405,3.9,430
511709.53,6940718.35,-2.911034483,3.39,430
511708.11,6940718.63,-2.720883265,1.95,430
511706.2,6940719,-2.642039519,0,430
511706.2,6940719,-0.186121455,0,430
511708.11,6940718.63,0.019736065,1.95,430
511710.03,6940718.26,0.16410079,3.9,430
511711.94,6940717.88,-0.237601936,5.85,430
511712.58,6940717.76,-0.568965517,6.5,430
511713.86,6940717.51,-1.348286095,7.8,430
511713.86,6940717.51,-1.349655172,7.8,430
511715.02,6940717.28,-2.130344828,8.99,430
511715.77,6940717.14,-2.415445703,9.75,430
511717.68,6940716.77,-2.610733911,11.7,430
511719.6,6940716.39,-2.519553738,13.65,430
511721.51,6940716.02,-2.34151498,15.6,430
511723.42,6940715.65,-2.161976292,17.55,430
511723.81,6940715.57,-2.130344828,17.94,430
511725.34,6940715.28,-2.027743525,19.5,430
511727.25,6940714.9,-1.946513576,21.45,430
511729.17,6940714.53,-1.914261502,23.4,430
511731.08,6940714.16,-1.895666831,25.35,430
511732.99,6940713.79,-1.821375555,27.3,430
511734.91,6940713.41,-1.596003868,29.25,430
511736.01,6940713.2,-1.349655172,30.37,430
511736.82,6940713.04,-1.08990801,31.2,430
511738.08,6940712.8,-0.568965517,32.48,430
511738.73,6940712.67,-0.194737011,33.14,430
511739.6,6940712.5,0.211724138,34.03,430
511740.65,6940712.3,0.73889567,35.09,430
511742.39,6940711.96,0.992413793,36.87,430
511742.56,6940711.92,1.010417372,37.04,430
511742.91,6940711.86,0.992413793,37.4,430
511744.48,6940711.55,0.911243127,38.99,430
511746.39,6940711.18,0.847508495,40.94,430
511747.65,6940710.93,0.992413793,42.23,430
511748.3,6940710.81,1.0830408,42.89,430
511750.16,6940710.45,1.773103448,44.78,430
511750.22,6940710.43,1.794126408,44.84,430
511752.13,6940710.06,2.297176527,46.79,430
511754.04,6940709.69,2.416778084,48.74,430
511755.96,6940709.32,2.372495578,50.69,430
511757.87,6940708.94,2.397858454,52.64,430
511758.77,6940708.77,2.553793103,53.55,430
511759.79,6940708.57,2.731729649,54.59,430
511761.63,6940708.21,3.334482759,56.47,430
511761.7,6940708.2,3.344476061,56.54,430
511761.7,6940708.2,1.943439692,56.54,435
511760.94,6940708.35,2.553793103,55.77,435
511761.7,6940708.2,2.759437707,56.54,435
511706.2,6940719,-9.351482888,0,435
511708.11,6940718.63,-9.258257372,1.95,435
511709.04,6940718.45,-9.156551724,2.89,435
511710.03,6940718.26,-8.992347818,3.9,435
511711.94,6940717.88,-8.426962213,5.85,435
511712.07,6940717.86,-8.375862069,5.98,435
511713.31,6940717.62,-7.595172414,7.24,435
511713.86,6940717.51,-7.004568953,7.8,435
511714.05,6940717.47,-6.814482759,7.99,435
511714.42,6940717.4,-6.033793103,8.38,435
511714.52,6940717.38,-5.253103448,8.47,435
511714.37,6940717.41,-4.472413793,8.32,435
511713.92,6940717.5,-3.691724138,7.86,435
511713.86,6940717.51,-3.594728506,7.8,435
511712.03,6940717.87,-2.911034483,5.94,435
511711.94,6940717.88,-2.89881775,5.85,435
511710.03,6940718.26,-2.529258367,3.9,435
511708.11,6940718.63,-2.311991088,1.95,435
511706.2,6940719,-2.227026306,0,435
511706.2,6940719,-0.553625882,0,435
511708.11,6940718.63,-0.370024122,1.95,435
511710.03,6940718.26,-0.223395936,3.9,435
511711.94,6940717.88,-0.562997758,5.85,435
511711.95,6940717.88,-0.568965517,5.86,435
511712.93,6940717.69,-1.349655172,6.85,435
511713.86,6940717.51,-2.073683392,7.8,435
511713.94,6940717.49,-2.130344828,7.88,435
511715.77,6940717.14,-2.830330996,9.75,435
511717.68,6940716.77,-2.831484721,11.7,435
511719.6,6940716.39,-2.675158877,13.65,435
511721.51,6940716.02,-2.465097358,15.6,435
511723.42,6940715.65,-2.265577315,17.55,435
511725.07,6940715.33,-2.130344828,19.22,435
511725.34,6940715.28,-2.112062736,19.5,435
511727.25,6940714.9,-2.024561624,21.45,435
511729.17,6940714.53,-1.992342648,23.4,435
511731.08,6940714.16,-1.980980087,25.35,435
511732.99,6940713.79,-1.922407977,27.3,435
511734.91,6940713.41,-1.72327639,29.25,435
511736.57,6940713.09,-1.349655172,30.94,435
511736.82,6940713.04,-1.2709291,31.2,435
511738.52,6940712.71,-0.568965517,32.93,435
511738.73,6940712.67,-0.446909156,33.14,435
511740.14,6940712.4,0.211724138,34.57,435
511740.65,6940712.3,0.469419147,35.09,435
511742.56,6940711.92,0.789676592,37.04,435
511744.48,6940711.55,0.717119949,38.99,435
511746.39,6940711.18,0.638909614,40.94,435
511748.3,6940710.81,0.814076384,42.89,435
511748.9,6940710.69,0.992413793,43.5,435
511750.22,6940710.43,1.466959576,44.84,435
511751.11,6940710.26,1.773103448,45.75,435
511752.13,6940710.06,2.041276471,46.79,435
511754.04,6940709.69,2.176552577,48.74,435
511755.96,6940709.32,2.120041285,50.69,435
511757.87,6940708.94,2.032243802,52.64,435
511759.79,6940708.57,1.952681993,54.59,435
511760.97,6940708.34,1.773103448,55.8,435
511761.11,6940708.31,0.992413793,55.94,435
511761.7,6940708.2,0.730627885,56.54,435
511706.2,6940719,-9.413421247,0,440
511708.11,6940718.63,-9.321942015,1.95,440
511709.62,6940718.34,-9.156551724,3.48,440
511710.03,6940718.26,-9.08823891,3.9,440
511711.94,6940717.88,-8.530098983,5.85,440
511712.32,6940717.81,-8.375862069,6.23,440
511713.57,6940717.57,-7.595172414,7.51,440
511713.86,6940717.51,-7.285886393,7.8,440
511714.33,6940717.42,-6.814482759,8.28,440
511714.76,6940717.33,-6.033793103,8.72,440
511714.95,6940717.3,-5.253103448,8.91,440
511715,6940717.29,-4.472413793,8.97,440
511715.22,6940717.24,-3.691724138,9.19,440
511715.77,6940717.14,-3.423511585,9.75,440
511717.68,6940716.77,-3.08814276,11.7,440
511718.74,6940716.56,-2.911034483,12.78,440
511719.6,6940716.39,-2.830764016,13.65,440
511721.51,6940716.02,-2.588679736,15.6,440
511723.42,6940715.65,-2.369178339,17.55,440
511725.34,6940715.28,-2.200922884,19.5,440
511726.65,6940715.02,-2.130344828,20.84,440
511727.25,6940714.9,-2.102609673,21.45,440
511729.17,6940714.53,-2.070423794,23.4,440
511731.08,6940714.16,-2.066293342,25.35,440
511732.99,6940713.79,-2.0234404,27.3,440
511734.91,6940713.41,-1.850548913,29.25,440
511736.82,6940713.04,-1.443467951,31.2,440
511737.13,6940712.98,-1.349655172,31.51,440
511738.73,6940712.67,-0.686279274,33.14,440
511739.02,6940712.61,-0.568965517,33.44,440
511740.65,6940712.3,0.200232275,35.09,440
511740.7,6940712.29,0.211724138,35.15,440
511742.56,6940711.92,0.566328862,37.04,440
511744.48,6940711.55,0.522996771,38.99,440
511746.39,6940711.18,0.430310733,40.94,440
511748.3,6940710.81,0.534865761,42.89,440
511749.83,6940710.51,0.992413793,44.45,440
511750.22,6940710.43,1.131951399,44.84,440
511752.08,6940710.07,1.773103448,46.74,440
511752.13,6940710.06,1.785376415,46.79,440
511754.04,6940709.69,1.936327071,48.74,440
511755.96,6940709.32,1.867586992,50.69,440
511757.03,6940709.11,1.773103448,51.79,440
511757.87,6940708.94,1.668377138,52.64,440
511759.71,6940708.59,0.992413793,54.51,440
511759.79,6940708.57,0.962297143,54.59,440
511761.53,6940708.23,0.211724138,56.36,440
511761.7,6940708.2,0.167339382,56.54,440
511711.94,6940717.88,-2.009337931,5.85,440
511710.03,6940718.26,-1.970941063,3.9,440
511708.11,6940718.63,-1.493509244,1.95,440
511707.37,6940718.77,-1.349655172,1.19,440
511708.11,6940718.63,-1.190324019,1.95,440
511710.03,6940718.26,-0.708914854,3.9,440
511711.94,6940717.88,-1.304094349,5.85,440
511712,6940717.87,-1.349655172,5.91,440
511711.94,6940717.88,-2.009337931,5.85,440
511706.2,6940719,-9.475359606,0,445
511708.11,6940718.63,-9.385626657,1.95,445
511710.03,6940718.26,-9.176257804,3.9,445
511710.13,6940718.24,-9.156551724,4,445
511711.94,6940717.88,-8.633235753,5.85,445
511712.57,6940717.76,-8.375862069,6.49,445
511713.83,6940717.52,-7.595172414,7.77,445
511713.86,6940717.51,-7.567203834,7.8,445
511714.61,6940717.36,-6.814482759,8.57,445
511715.09,6940717.27,-6.033793103,9.06,445
511715.38,6940717.21,-5.253103448,9.35,445
511715.64,6940717.16,-4.472413793,9.62,445
511715.77,6940717.14,-4.267912828,9.75,445
511716.4,6940717.02,-3.691724138,10.39,445
511717.68,6940716.77,-3.365030193,11.7,445
511719.6,6940716.39,-3.000616178,13.65,445
511720.04,6940716.31,-2.911034483,14.1,445
511721.51,6940716.02,-2.712262114,15.6,445
511723.42,6940715.65,-2.472779362,17.55,445
511725.34,6940715.28,-2.29104017,19.5,445
511727.25,6940714.9,-2.183364946,21.45,445
511729.17,6940714.53,-2.149058078,23.4,445
511731.08,6940714.16,-2.151629252,25.35,445
511732.63,6940713.86,-2.130344828,26.93,445
511732.99,6940713.79,-2.124472823,27.3,445
511734.91,6940713.41,-1.977821436,29.25,445
511736.82,6940713.04,-1.609478884,31.2,445
511737.68,6940712.87,-1.349655172,32.07,445
511738.73,6940712.67,-0.91364033,33.14,445
511739.58,6940712.5,-0.568965517,34,445
511740.65,6940712.3,-0.062619114,35.09,445
511741.87,6940712.06,0.211724138,36.34,445
511742.56,6940711.92,0.342981132,37.04,445
511744.48,6940711.55,0.328873593,38.99,445
511746.39,6940711.18,0.221711852,40.94,445
511748.3,6940710.81,0.255655137,42.89,445
511750.22,6940710.43,0.778920983,44.84,445
511750.77,6940710.33,0.992413793,45.41,445
511752.13,6940710.06,1.460372964,46.79,445
511754.04,6940709.69,1.686222824,48.74,445
511755.96,6940709.32,1.609076363,50.69,445
511757.87,6940708.94,1.308764782,52.64,445
511758.73,6940708.78,0.992413793,53.52,445
511759.79,6940708.57,0.578156191,54.59,445
511760.64,6940708.41,0.211724138,55.46,445
511761.7,6940708.2,-0.060041539,56.54,445
511706.2,6940719,-9.537297964,0,450
511708.11,6940718.63,-9.4493113,1.95,450
511710.03,6940718.26,-9.244776858,3.9,450
511710.49,6940718.17,-9.156551724,4.37,450
511711.94,6940717.88,-8.736372523,5.85,450
511712.83,6940717.71,-8.375862069,6.75,450
511713.86,6940717.51,-7.73675554,7.8,450
511714.08,6940717.47,-7.595172414,8.03,450
511714.89,6940717.31,-6.814482759,8.85,450
511715.42,6940717.2,-6.033793103,9.4,450
511715.77,6940717.14,-5.315661074,9.75,450
511715.81,6940717.13,-5.253103448,9.79,450
511716.24,6940717.05,-4.472413793,10.23,450
511717.49,6940716.8,-3.691724138,11.5,450
511717.68,6940716.77,-3.641917626,11.7,450
511719.6,6940716.39,-3.185648804,13.65,450
511720.95,6940716.13,-2.911034483,15.03,450
511721.51,6940716.02,-2.835844492,15.6,450
511723.42,6940715.65,-2.576380385,17.55,450
511725.34,6940715.28,-2.381157456,19.5,450
511727.25,6940714.9,-2.265612585,21.45,450
511729.17,6940714.53,-2.229517493,23.4,450
511731.08,6940714.16,-2.23703341,25.35,450
511732.99,6940713.79,-2.223161034,27.3,450
511734.57,6940713.48,-2.130344828,28.91,450
511734.91,6940713.41,-2.105093959,29.25,450
511736.82,6940713.04,-1.775489817,31.2,450
511738.23,6940712.77,-1.349655172,32.63,450
511738.73,6940712.67,-1.141001385,33.14,450
511740.13,6940712.4,-0.568965517,34.57,450
511740.65,6940712.3,-0.325470504,35.09,450
511742.56,6940711.92,0.11740066,37.04,450
511744.48,6940711.55,0.131508787,38.99,450
511746.39,6940711.18,0.008861161,40.94,450
511748.3,6940710.81,-0.013173113,42.89,450
511749.46,6940710.58,0.211724138,44.07,450
511750.22,6940710.43,0.413025304,44.84,450
511751.73,6940710.14,0.992413793,46.38,450
511752.13,6940710.06,1.131888357,46.79,450
511754.04,6940709.69,1.415178261,48.74,450
511755.96,6940709.32,1.346943393,50.69,450
511757.72,6940708.98,0.992413793,52.48,450
511757.87,6940708.94,0.961466711,52.64,450
511759.76,6940708.58,0.211724138,54.56,450
511759.79,6940708.57,0.20228548,54.59,450
511761.7,6940708.2,-0.28742246,56.54,450
511706.2,6940719,-9.599236323,0,455
511708.11,6940718.63,-9.512995943,1.95,455
511710.03,6940718.26,-9.313295912,3.9,455
511710.84,6940718.1,-9.156551724,4.73,455
511711.94,6940717.88,-8.839509293,5.85,455
511713.08,6940717.66,-8.375862069,7.01,455
511713.86,6940717.51,-7.89396881,7.8,455
511714.33,6940717.42,-7.595172414,8.28,455
511715.17,6940717.25,-6.814482759,9.14,455
511715.76,6940717.14,-6.033793103,9.74,455
511715.77,6940717.14,-6.011673818,9.75,455
511716.23,6940717.05,-5.253103448,10.22,455
511716.83,6940716.93,-4.472413793,10.83,455
511717.68,6940716.77,-3.97633438,11.7,455
511718.3,6940716.65,-3.691724138,12.32,455
511719.6,6940716.39,-3.37068143,13.65,455
511721.51,6940716.02,-2.967316279,15.6,455
511721.8,6940715.97,-2.911034483,15.89,455
511723.42,6940715.65,-2.679981409,17.55,455
511725.34,6940715.28,-2.471274742,19.5,455
511727.25,6940714.9,-2.347860224,21.45,455
511729.17,6940714.53,-2.309976908,23.4,455
511731.08,6940714.16,-2.322437567,25.35,455
511732.99,6940713.79,-2.321704591,27.3,455
511734.91,6940713.41,-2.228563279,29.25,455
511735.7,6940713.26,-2.130344828,30.05,455
511736.82,6940713.04,-1.941500751,31.2,455
511738.73,6940712.67,-1.367078086,33.14,455
511738.78,6940712.66,-1.349655172,33.2,455
511740.65,6940712.3,-0.587219436,35.09,455
511740.72,6940712.28,-0.568965517,35.16,455
511742.56,6940711.92,-0.111362139,37.04,455
511744.48,6940711.55,-0.070789587,38.99,455
511746.39,6940711.18,-0.204203345,40.94,455
511748.3,6940710.81,-0.280062785,42.89,455
511750.22,6940710.43,0.067948884,44.84,455
511750.6,6940710.36,0.211724138,45.24,455
511752.13,6940710.06,0.801859522,46.79,455
511753.1,6940709.87,0.992413793,47.78,455
511754.04,6940709.69,1.144133698,48.74,455
511755.96,6940709.32,1.084810423,50.69,455
511756.42,6940709.23,0.992413793,51.16,455
511757.87,6940708.94,0.704217487,52.64,455
511759.11,6940708.7,0.211724138,53.9,455
511759.79,6940708.57,-0.002457652,54.59,455
511761.7,6940708.2,-0.514803382,56.54,455
511706.2,6940719,-9.661174682,0,460
511708.11,6940718.63,-9.576680585,1.95,460
511710.03,6940718.26,-9.381814966,3.9,460
511711.2,6940718.03,-9.156551724,5.09,460
511711.94,6940717.88,-8.942646063,5.85,460
511713.33,6940717.61,-8.375862069,7.27,460
511713.86,6940717.51,-8.05118208,7.8,460
511714.58,6940717.37,-7.595172414,8.54,460
511715.45,6940717.2,-6.814482759,9.42,460
511715.77,6940717.14,-6.393677378,9.75,460
511716.1,6940717.07,-6.033793103,10.08,460
511716.65,6940716.97,-5.253103448,10.65,460
511717.43,6940716.82,-4.472413793,11.44,460
511717.68,6940716.77,-4.323369255,11.7,460
511719.05,6940716.5,-3.691724138,13.09,460
511719.6,6940716.39,-3.555714056,13.65,460
511721.51,6940716.02,-3.111046286,15.6,460
511722.53,6940715.82,-2.911034483,16.63,460
511723.42,6940715.65,-2.783582432,17.55,460
511725.34,6940715.28,-2.561392029,19.5,460
511727.25,6940714.9,-2.430107863,21.45,460
511729.17,6940714.53,-2.390436322,23.4,460
511731.08,6940714.16,-2.407841725,25.35,460
511732.99,6940713.79,-2.420248149,27.3,460
511734.91,6940713.41,-2.351091287,29.25,460
511736.68,6940713.07,-2.130344828,31.06,460
511736.82,6940713.04,-2.107511684,31.2,460
511738.73,6940712.67,-1.578829583,33.14,460
511739.39,6940712.54,-1.349655172,33.81,460
511740.65,6940712.3,-0.835099915,35.09,460
511741.64,6940712.1,-0.568965517,36.1,460
511742.56,6940711.92,-0.340124938,37.04,460
511744.48,6940711.55,-0.273087961,38.99,460
511746.39,6940711.18,-0.417267851,40.94,460
511748.3,6940710.81,-0.546952457,42.89,460
511750.22,6940710.43,-0.25166532,44.84,460
511751.46,6940710.19,0.211724138,46.11,460
511752.13,6940710.06,0.470691168,46.79,460
511754.04,6940709.69,0.880912027,48.74,460
511755.96,6940709.32,0.846574185,50.69,460
511757.87,6940708.94,0.446968263,52.64,460
511758.46,6940708.83,0.211724138,53.24,460
511759.79,6940708.57,-0.207200783,54.59,460
511761.12,6940708.31,-0.568965517,55.95,460
511761.7,6940708.2,-0.674511675,56.54,460
511706.2,6940719,-9.723113041,0,465
511708.11,6940718.63,-9.640365228,1.95,465
511710.03,6940718.26,-9.450334019,3.9,465
511711.56,6940717.96,-9.156551724,5.46,465
511711.94,6940717.88,-9.045782833,5.85,465
511713.59,6940717.56,-8.375862069,7.52,465
511713.86,6940717.51,-8.20839535,7.8,465
511714.83,6940717.32,-7.595172414,8.79,465
511715.73,6940717.15,-6.814482759,9.71,465
511715.77,6940717.14,-6.765374178,9.75,465
511716.43,6940717.01,-6.033793103,10.43,465
511717.07,6940716.88,-5.253103448,11.08,465
511717.68,6940716.77,-4.693989933,11.7,465
511717.97,6940716.71,-4.472413793,11.99,465
511719.6,6940716.39,-3.750803572,13.65,465
511719.75,6940716.36,-3.691724138,13.8,465
511721.51,6940716.02,-3.254776293,15.6,465
511723.26,6940715.68,-2.911034483,17.38,465
511723.42,6940715.65,-2.887183455,17.55,465
511725.34,6940715.28,-2.651509315,19.5,465
511727.25,6940714.9,-2.512355502,21.45,465
511729.17,6940714.53,-2.470895737,23.4,465
511731.08,6940714.16,-2.493245883,25.35,465
511732.99,6940713.79,-2.518791706,27.3,465
511734.91,6940713.41,-2.473619296,29.25,465
511736.82,6940713.04,-2.268634044,31.2,465
511737.49,6940712.91,-2.130344828,31.88,465
511738.73,6940712.67,-1.79058108,33.14,465
511740,6940712.42,-1.349655172,34.43,465
511740.65,6940712.3,-1.082980395,35.09,465
511742.56,6940711.92,-0.568965517,37.04,465
511742.56,6940711.92,-0.568887738,37.04,465
511744.48,6940711.55,-0.475386335,38.99,465
511745.66,6940711.32,-0.568965517,40.2,465
511746.39,6940711.18,-0.62969393,40.94,465
511748.3,6940710.81,-0.788116195,42.89,465
511750.22,6940710.43,-0.570860967,44.84,465
511750.22,6940710.43,-0.568965517,44.85,465
511752.13,6940710.06,0.149603361,46.79,465
511752.36,6940710.02,0.211724138,47.02,465
511754.04,6940709.69,0.627637072,48.74,465
511755.96,6940709.32,0.621346227,50.69,465
511757.79,6940708.96,0.211724138,52.55,465
511757.87,6940708.94,0.195750461,52.64,465
511759.79,6940708.57,-0.411943915,54.59,465
511760.37,6940708.46,-0.568965517,55.18,465
511761.7,6940708.2,-0.813060058,56.54,465
511706.2,6940719,-9.785051399,0,470
511708.11,6940718.63,-9.704049871,1.95,470
511710.03,6940718.26,-9.518853073,3.9,470
511711.91,6940717.89,-9.156551724,5.82,470
511711.94,6940717.88,-9.148919603,5.85,470
511713.84,6940717.51,-8.375862069,7.78,470
511713.86,6940717.51,-8.36560862,7.8,470
511715.08,6940717.27,-7.595172414,9.05,470
511715.77,6940717.14,-7.001814431,9.75,470
511716.02,6940717.09,-6.814482759,10,470
511716.77,6940716.94,-6.033793103,10.77,470
511717.5,6940716.8,-5.253103448,11.51,470
511717.68,6940716.77,-5.082365696,11.7,470
511718.47,6940716.61,-4.472413793,12.5,470
511719.6,6940716.39,-3.973795322,13.65,470
511720.33,6940716.25,-3.691724138,14.39,470
511721.51,6940716.02,-3.3985063,15.6,470
511723.42,6940715.65,-3.002824631,17.55,470
511723.98,6940715.54,-2.911034483,18.11,470
511725.34,6940715.28,-2.741626601,19.5,470
511727.25,6940714.9,-2.594603141,21.45,470
511729.17,6940714.53,-2.551355152,23.4,470
511731.08,6940714.16,-2.578650041,25.35,470
511732.99,6940713.79,-2.617335264,27.3,470
511734.91,6940713.41,-2.596147304,29.25,470
511736.82,6940713.04,-2.428976804,31.2,470
511738.27,6940712.76,-2.130344828,32.67,470
511738.73,6940712.67,-2.002332577,33.14,470
511740.6,6940712.31,-1.349655172,35.05,470
511740.65,6940712.3,-1.330860874,35.09,470
511742.56,6940711.92,-0.798394086,37.04,470
511744.48,6940711.55,-0.680769599,38.99,470
511746.39,6940711.18,-0.840541831,40.94,470
511748.3,6940710.81,-1.026967312,42.89,470
511750.22,6940710.43,-0.832663412,44.84,470
511750.98,6940710.29,-0.568965517,45.62,470
511752.13,6940710.06,-0.13532819,46.79,470
511753.38,6940709.82,0.211724138,48.07,470
511754.04,6940709.69,0.374362117,48.74,470
511755.96,6940709.32,0.396118268,50.69,470
511756.78,6940709.16,0.211724138,51.53,470
511757.87,6940708.94,0.009011192,52.64,470
511759.65,6940708.6,-0.568965517,54.45,470
511759.79,6940708.57,-0.602103711,54.59,470
511761.7,6940708.2,-0.95160844,56.54,470
511706.2,6940719,-9.846989758,0,475
511708.11,6940718.63,-9.767734513,1.95,475
511710.03,6940718.26,-9.587372127,3.9,475
511711.94,6940717.88,-9.226782182,5.85,475
511712.18,6940717.84,-9.156551724,6.09,475
511713.86,6940717.51,-8.475038388,7.8,475
511714.07,6940717.47,-8.375862069,8.02,475
511715.33,6940717.22,-7.595172414,9.3,475
511715.77,6940717.14,-7.21766417,9.75,475
511716.31,6940717.03,-6.814482759,10.3,475
511717.11,6940716.88,-6.033793103,11.12,475
511717.68,6940716.77,-5.447241737,11.7,475
511717.9,6940716.72,-5.253103448,11.92,475
511718.98,6940716.51,-4.472413793,13.01,475
511719.6,6940716.39,-4.196787071,13.65,475
511720.91,6940716.14,-3.691724138,14.98,475
511721.51,6940716.02,-3.542236307,15.6,475
511723.42,6940715.65,-3.122066686,17.55,475
511724.7,6940715.4,-2.911034483,18.85,475
511725.34,6940715.28,-2.831743887,19.5,475
511727.25,6940714.9,-2.67685078,21.45,475
511729.17,6940714.53,-2.631814567,23.4,475
511731.08,6940714.16,-2.664054199,25.35,475
511732.99,6940713.79,-2.715878821,27.3,475
511734.91,6940713.41,-2.718675312,29.25,475
511736.82,6940713.04,-2.589319563,31.2,475
511738.73,6940712.67,-2.212713212,33.14,475
511739.01,6940712.61,-2.130344828,33.43,475
511740.65,6940712.3,-1.572408419,35.09,475
511741.41,6940712.15,-1.349655172,35.87,475
511742.56,6940711.92,-1.027900688,37.04,475
511744.48,6940711.55,-0.888808158,38.99,475
511746.39,6940711.18,-1.051389732,40.94,475
511748.3,6940710.81,-1.26581843,42.89,475
511750.22,6940710.43,-1.094465857,44.84,475
511751.74,6940710.14,-0.568965517,46.39,475
511752.13,6940710.06,-0.420259741,46.79,475
511754.04,6940709.69,0.13219056,48.74,475
511755.96,6940709.32,0.177332774,50.69,475
511757.87,6940708.94,-0.177728076,52.64,475
511759.08,6940708.71,-0.568965517,53.87,475
511759.79,6940708.57,-0.7442789,54.59,475
511761.7,6940708.2,-1.090156823,56.54,475
511706.2,6940719,-9.908928117,0,480
511708.11,6940718.63,-9.831419156,1.95,480
511710.03,6940718.26,-9.655891181,3.9,480
511711.94,6940717.88,-9.302625009,5.85,480
511712.44,6940717.79,-9.156551724,6.36,480
511713.86,6940717.51,-8.581134281,7.8,480
511714.31,6940717.42,-8.375862069,8.26,480
511715.58,6940717.17,-7.595172414,9.56,480
511715.77,6940717.14,-7.43351391,9.75,480
511716.6,6940716.98,-6.814482759,10.59,480
511717.45,6940716.81,-6.033793103,11.46,480
511717.68,6940716.77,-5.793682169,11.7,480
511718.29,6940716.65,-5.253103448,12.32,480
511719.48,6940716.42,-4.472413793,13.53,480
511719.6,6940716.39,-4.419778821,13.65,480
511721.49,6940716.03,-3.691724138,15.57,480
511721.51,6940716.02,-3.685966314,15.6,480
511723.42,6940715.65,-3.241308741,17.55,480
511725.34,6940715.28,-2.923401774,19.5,480
511725.45,6940715.25,-2.911034483,19.62,480
511727.25,6940714.9,-2.759098419,21.45,480
511729.17,6940714.53,-2.712273981,23.4,480
511731.08,6940714.16,-2.749458357,25.35,480
511732.99,6940713.79,-2.814422379,27.3,480
511734.91,6940713.41,-2.84120332,29.25,480
511736.82,6940713.04,-2.749662323,31.2,480
511738.73,6940712.67,-2.420998208,33.14,480
511739.72,6940712.48,-2.130344828,34.15,480
511740.65,6940712.3,-1.813436408,35.09,480
511742.23,6940711.99,-1.349655172,36.71,480
511742.56,6940711.92,-1.257407289,37.04,480
511744.48,6940711.55,-1.096846716,38.99,480
511746.39,6940711.18,-1.262237633,40.94,480
511747.14,6940711.03,-1.349655172,41.7,480
511748.3,6940710.81,-1.49079764,42.89,480
511750.22,6940710.43,-1.355349918,44.84,480
511750.23,6940710.43,-1.349655172,44.86,480
511752.13,6940710.06,-0.684522088,46.79,480
511752.48,6940709.99,-0.568965517,47.15,480
511754.04,6940709.69,-0.090057186,48.74,480
511755.96,6940709.32,-0.012360354,50.69,480
511757.87,6940708.94,-0.364467344,52.64,480
511758.5,6940708.82,-0.568965517,53.28,480
511759.79,6940708.57,-0.88645409,54.59,480
511761.7,6940708.2,-1.228705205,56.54,480
511706.2,6940719,-9.964082571,0,485
511707.06,6940718.83,-9.937241379,0.88,485
511708.11,6940718.63,-9.895103799,1.95,485
511710.03,6940718.26,-9.724410235,3.9,485
511711.94,6940717.88,-9.378467836,5.85,485
511712.7,6940717.73,-9.156551724,6.63,485
511713.86,6940717.51,-8.687230175,7.8,485
511714.54,6940717.38,-8.375862069,8.49,485
511715.77,6940717.14,-7.630506437,9.75,485
511715.83,6940717.13,-7.595172414,9.81,485
511716.89,6940716.92,-6.814482759,10.89,485
511717.68,6940716.77,-6.112103952,11.7,485
511717.78,6940716.75,-6.033793103,11.8,485
511718.69,6940716.57,-5.253103448,12.72,485
511719.6,6940716.39,-4.665938375,13.65,485
511719.93,6940716.33,-4.472413793,13.99,485
511721.51,6940716.02,-3.856195822,15.6,485
511722,6940715.93,-3.691724138,16.1,485
511723.42,6940715.65,-3.360550795,17.55,485
511725.34,6940715.28,-3.02634244,19.5,485
511726.43,6940715.06,-2.911034483,20.61,485
511727.25,6940714.9,-2.841346058,21.45,485
511729.17,6940714.53,-2.792733396,23.4,485
511731.08,6940714.16,-2.834862514,25.35,485
511732.95,6940713.79,-2.911034483,27.25,485
511732.99,6940713.79,-2.913020584,27.3,485
511734.91,6940713.41,-2.964429403,29.25,485
511736.79,6940713.05,-2.911034483,31.17,485
511736.82,6940713.04,-2.910005082,31.2,485
511738.73,6940712.67,-2.629283203,33.14,485
511740.43,6940712.34,-2.130344828,34.87,485
511740.65,6940712.3,-2.054464396,35.09,485
511742.56,6940711.92,-1.49098305,37.04,485
511743.97,6940711.65,-1.349655172,38.48,485
511744.48,6940711.55,-1.304885275,38.99,485
511744.99,6940711.45,-1.349655172,39.52,485
511746.39,6940711.18,-1.473059537,40.94,485
511748.3,6940710.81,-1.708274479,42.89,485
511750.22,6940710.43,-1.580795113,44.84,485
511750.92,6940710.3,-1.349655172,45.56,485
511752.13,6940710.06,-0.926221672,46.79,485
511753.21,6940709.85,-0.568965517,47.89,485
511754.04,6940709.69,-0.312304931,48.74,485
511755.96,6940709.32,-0.202053482,50.69,485
511757.87,6940708.94,-0.551206613,52.64,485
511757.93,6940708.93,-0.568965517,52.7,485
511759.79,6940708.57,-1.02862928,54.59,485
511761.6,6940708.22,-1.349655172,56.44,485
511761.7,6940708.2,-1.363400082,56.54,485
511706.2,6940719,-10.01352479,0,490
511708.11,6940718.63,-9.954564279,1.95,490
511708.38,6940718.58,-9.937241379,2.22,490
511710.03,6940718.26,-9.792929289,3.9,490
511711.94,6940717.88,-9.454310662,5.85,490
511712.96,6940717.68,-9.156551724,6.89,490
511713.86,6940717.51,-8.793326068,7.8,490
511714.77,6940717.33,-8.375862069,8.73,490
511715.77,6940717.14,-7.771245793,9.75,490
511716.09,6940717.08,-7.595172414,10.08,490
511717.18,6940716.86,-6.814482759,11.18,490
511717.68,6940716.77,-6.367254637,11.7,490
511718.12,6940716.68,-6.033793103,12.14,490
511719.08,6940716.49,-5.253103448,13.12,490
511719.6,6940716.39,-4.919256065,13.65,490
511720.37,6940716.24,-4.472413793,14.44,490
511721.51,6940716.02,-4.027531201,15.6,490
511722.51,6940715.83,-3.691724138,16.62,490
511723.42,6940715.65,-3.47979285,17.55,490
511725.34,6940715.28,-3.129283106,19.5,490
511727.25,6940714.9,-2.925181876,21.45,490
511727.72,6940714.81,-2.911034483,21.92,490
511729.17,6940714.53,-2.873192811,23.4,490
511730.72,6940714.23,-2.911034483,24.98,490
511731.08,6940714.16,-2.920820601,25.35,490
511732.99,6940713.79,-3.014352263,27.3,490
511734.91,6940713.41,-3.088580539,29.25,490
511736.82,6940713.04,-3.073109408,31.2,490
511738.23,6940712.77,-2.911034483,32.63,490
511738.73,6940712.67,-2.837568199,33.14,490
511740.65,6940712.3,-2.298899914,35.09,490
511741.2,6940712.19,-2.130344828,35.65,490
511742.56,6940711.92,-1.727293583,37.04,490
511744.48,6940711.55,-1.52089675,38.99,490
511746.39,6940711.18,-1.68386303,40.94,490
511748.3,6940710.81,-1.925751317,42.89,490
511750.22,6940710.43,-1.806240307,44.84,490
511751.61,6940710.16,-1.349655172,46.26,490
511752.13,6940710.06,-1.167921255,46.79,490
511753.93,6940709.71,-0.568965517,48.63,490
511754.04,6940709.69,-0.534552676,48.74,490
511755.96,6940709.32,-0.39174661,50.69,490
511756.93,6940709.13,-0.568965517,51.68,490
511757.87,6940708.94,-0.706391949,52.64,490
511759.79,6940708.57,-1.17080447,54.59,490
511760.8,6940708.38,-1.349655172,55.62,490
511761.7,6940708.2,-1.471610675,56.54,490
511706.2,6940719,-10.06296701,0,495
511708.11,6940718.63,-10.00576396,1.95,495
511709.16,6940718.42,-9.937241379,3.02,495
511710.03,6940718.26,-9.861448343,3.9,495
511711.94,6940717.88,-9.530153489,5.85,495
511713.22,6940717.63,-9.156551724,7.16,495
511713.86,6940717.51,-8.899421961,7.8,495
511715,6940717.29,-8.375862069,8.97,495
511715.77,6940717.14,-7.91198515,9.75,495
511716.35,6940717.02,-7.595172414,10.34,495
511717.47,6940716.81,-6.814482759,11.48,495
511717.68,6940716.77,-6.622405323,11.7,495
511718.45,6940716.62,-6.033793103,12.48,495
511719.47,6940716.42,-5.253103448,13.52,495
511719.6,6940716.39,-5.172573755,13.65,495
511720.81,6940716.16,-4.472413793,14.88,495
511721.51,6940716.02,-4.19886658,15.6,495
511723.03,6940715.73,-3.691724138,17.14,495
511723.42,6940715.65,-3.599034904,17.55,495
511725.34,6940715.28,-3.232223771,19.5,495
511727.25,6940714.9,-3.017830161,21.45,495
511729.17,6940714.53,-2.957793234,23.4,495
511731.08,6940714.16,-3.011348989,25.35,495
511732.99,6940713.79,-3.115683942,27.3,495
511734.91,6940713.41,-3.212731675,29.25,495
511736.82,6940713.04,-3.236231578,31.2,495
511738.73,6940712.67,-3.050595356,33.14,495
511739.31,6940712.56,-2.911034483,33.74,495
511740.65,6940712.3,-2.544901091,35.09,495
511742,6940712.03,-2.130344828,36.47,495
511742.56,6940711.92,-1.963604116,37.04,495
511744.48,6940711.55,-1.739094479,38.99,495
511746.39,6940711.18,-1.894666523,40.94,495
511748.21,6940710.83,-2.130344828,42.8,495
511748.3,6940710.81,-2.142722532,42.89,495
511748.53,6940710.76,-2.130344828,43.13,495
511750.22,6940710.43,-2.031685502,44.84,495
511752.13,6940710.06,-1.403955758,46.79,495
511752.28,6940710.03,-1.349655172,46.94,495
511754.04,6940709.69,-0.739380953,48.74,495
511755.96,6940709.32,-0.580180598,50.69,495
511757.87,6940708.94,-0.858261141,52.64,495
511759.79,6940708.57,-1.31297966,54.59,495
511759.99,6940708.53,-1.349655172,54.8,495
511761.7,6940708.2,-1.579821269,56.54,495
511706.2,6940719,-10.11240922,0,500
511708.11,6940718.63,-10.05696364,1.95,500
511709.94,6940718.27,-9.937241379,3.81,500
511710.03,6940718.26,-9.929967397,3.9,500
511711.94,6940717.88,-9.605996316,5.85,500
511713.48,6940717.58,-9.156551724,7.42,500
511713.86,6940717.51,-9.005517854,7.8,500
511715.24,6940717.24,-8.375862069,9.2,500
511715.77,6940717.14,-8.052724506,9.75,500
511716.61,6940716.97,-7.595172414,10.6,500
511717.68,6940716.77,-6.858224425,11.7,500
511717.76,6940716.75,-6.814482759,11.77,500
511718.78,6940716.55,-6.033793103,12.82,500
511719.6,6940716.39,-5.422659716,13.65,500
511719.85,6940716.34,-5.253103448,13.9,500
511721.25,6940716.07,-4.472413793,15.33,500
511721.51,6940716.02,-4.370201959,15.6,500
511723.42,6940715.65,-3.723336041,17.55,500
511723.54,6940715.63,-3.691724138,17.66,500
511725.34,6940715.28,-3.335164437,19.5,500
511727.25,6940714.9,-3.110478446,21.45,500
511729.17,6940714.53,-3.046070594,23.4,500
511731.08,6940714.16,-3.101877376,25.35,500
511732.99,6940713.79,-3.217015621,27.3,500
511734.91,6940713.41,-3.336882811,29.25,500
511736.82,6940713.04,-3.399353748,31.2,500
511738.73,6940712.67,-3.266206641,33.14,500
511740.21,6940712.38,-2.911034483,34.65,500
511740.65,6940712.3,-2.790902268,35.09,500
511742.56,6940711.92,-2.204520574,37.04,500
511743.08,6940711.82,-2.130344828,37.57,500
511744.48,6940711.55,-1.957292209,38.99,500
511746.39,6940711.18,-2.105470015,40.94,500
511746.58,6940711.14,-2.130344828,41.14,500
511748.3,6940710.81,-2.351664202,42.89,500
511750.22,6940710.43,-2.249371523,44.84,500
511750.59,6940710.36,-2.130344828,45.22,500
511752.13,6940710.06,-1.622821481,46.79,500
511752.86,6940709.92,-1.349655172,47.54,500
511754.04,6940709.69,-0.941017846,48.74,500
511755.96,6940709.32,-0.750726223,50.69,500
511757.87,6940708.94,-1.010130332,52.64,500
511759.31,6940708.67,-1.349655172,54.11,500
511759.79,6940708.57,-1.437504749,54.59,500
511761.7,6940708.2,-1.688031862,56.54,500
511706.2,6940719,-10.16185144,0,505
511708.11,6940718.63,-10.10816332,1.95,505
511710.03,6940718.26,-9.987066419,3.9,505
511710.43,6940718.18,-9.937241379,4.31,505
511711.94,6940717.88,-9.681839143,5.85,505
511713.74,6940717.53,-9.156551724,7.69,505
511713.86,6940717.51,-9.111613748,7.8,505
511715.47,6940717.2,-8.375862069,9.44,505
511715.77,6940717.14,-8.193463863,9.75,505
511716.87,6940716.92,-7.595172414,10.87,505
511717.68,6940716.77,-7.035172914,11.7,505
511718.05,6940716.69,-6.814482759,12.07,505
511719.11,6940716.49,-6.033793103,13.15,505
511719.6,6940716.39,-5.671239495,13.65,505
511720.21,6940716.27,-5.253103448,14.28,505
511721.51,6940716.02,-4.552185601,15.6,505
511721.68,6940715.99,-4.472413793,15.77,505
511723.42,6940715.65,-3.865297167,17.55,505
511724.06,6940715.52,-3.691724138,18.19,505
511725.34,6940715.28,-3.438105102,19.5,505
511727.25,6940714.9,-3.203126731,21.45,505
511729.17,6940714.53,-3.134347953,23.4,505
511731.08,6940714.16,-3.192405764,25.35,505
511732.99,6940713.79,-3.3183473,27.3,505
511734.91,6940713.41,-3.461033946,29.25,505
511736.82,6940713.04,-3.562475918,31.2,505
511738.73,6940712.67,-3.481817927,33.14,505
511740.65,6940712.3,-3.044755139,35.09,505
511741.07,6940712.21,-2.911034483,35.53,505
511742.56,6940711.92,-2.456476235,37.04,505
511744.48,6940711.55,-2.178920468,38.99,505
511746.39,6940711.18,-2.32147151,40.94,505
511748.3,6940710.81,-2.560605872,42.89,505
511750.22,6940710.43,-2.461019688,44.84,505
511751.26,6940710.23,-2.130344828,45.9,505
511752.13,6940710.06,-1.841687203,46.79,505
511753.44,6940709.81,-1.349655172,48.13,505
511754.04,6940709.69,-1.142654739,48.74,505
511755.96,6940709.32,-0.921271849,50.69,505
511757.87,6940708.94,-1.161999524,52.64,505
511758.67,6940708.79,-1.349655172,53.45,505
511759.79,6940708.57,-1.555894024,54.59,505
511761.7,6940708.2,-1.796242456,56.54,505
511706.2,6940719,-10.21129366,0,510
511708.11,6940718.63,-10.159363,1.95,510
511710.03,6940718.26,-10.0428091,3.9,510
511710.88,6940718.09,-9.937241379,4.77,510
511711.94,6940717.88,-9.75768197,5.85,510
511713.86,6940717.51,-9.203228176,7.8,510
511713.98,6940717.49,-9.156551724,7.93,510
511715.7,6940717.15,-8.375862069,9.68,510
511715.77,6940717.14,-8.334203219,9.75,510
511717.12,6940716.87,-7.595172414,11.13,510
511717.68,6940716.77,-7.212121403,11.7,510
511718.35,6940716.64,-6.814482759,12.37,510
511719.44,6940716.42,-6.033793103,13.49,510
511719.6,6940716.39,-5.919819275,13.65,510
511720.58,6940716.2,-5.253103448,14.65,510
511721.51,6940716.02,-4.749914652,15.6,510
511722.08,6940715.91,-4.472413793,16.18,510
511723.42,6940715.65,-4.007258292,17.55,510
511724.58,6940715.42,-3.691724138,18.72,510
511725.34,6940715.28,-3.541045768,19.5,510
511727.25,6940714.9,-3.295775016,21.45,510
511729.17,6940714.53,-3.222625313,23.4,510
511731.08,6940714.16,-3.282934151,25.35,510
511732.99,6940713.79,-3.419678979,27.3,510
511734.91,6940713.41,-3.585185082,29.25,510
511736.45,6940713.11,-3.691724138,30.82,510
511736.82,6940713.04,-3.72725623,31.2,510
511738.73,6940712.67,-3.697763469,33.14,510
511738.77,6940712.66,-3.691724138,33.18,510
511740.65,6940712.3,-3.306101845,35.09,510
511741.9,6940712.05,-2.911034483,36.37,510
511742.56,6940711.92,-2.708431897,37.04,510
511744.48,6940711.55,-2.413698815,38.99,510
511746.39,6940711.18,-2.538168429,40.94,510
511748.3,6940710.81,-2.769547542,42.89,510
511750.22,6940710.43,-2.672667853,44.84,510
511751.92,6940710.1,-2.130344828,46.58,510
511752.13,6940710.06,-2.060552926,46.79,510
511754.03,6940709.69,-1.349655172,48.73,510
511754.04,6940709.69,-1.344291631,48.74,510
511755.96,6940709.32,-1.091817474,50.69,510
511757.87,6940708.94,-1.313868716,52.64,510
511758.02,6940708.92,-1.349655172,52.8,510
511759.79,6940708.57,-1.674283298,54.59,510
511761.7,6940708.2,-1.904453049,56.54,510
511706.2,6940719,-10.26073588,0,515
511708.11,6940718.63,-10.21056268,1.95,515
511710.03,6940718.26,-10.09855179,3.9,515
511711.33,6940718,-9.937241379,5.22,515
511711.94,6940717.88,-9.833524797,5.85,515
511713.86,6940717.51,-9.284201829,7.8,515
511714.21,6940717.44,-9.156551724,8.16,515
511715.77,6940717.14,-8.447498043,9.75,515
511715.94,6940717.11,-8.375862069,9.92,515
511717.38,6940716.82,-7.595172414,11.39,515
511717.68,6940716.77,-7.389069892,11.7,515
511718.64,6940716.58,-6.814482759,12.67,515
511719.6,6940716.39,-6.145750245,13.65,515
511719.77,6940716.36,-6.033793103,13.83,515
511720.94,6940716.13,-5.253103448,15.02,515
511721.51,6940716.02,-4.947643702,15.6,515
511722.49,6940715.83,-4.472413793,16.6,515
511723.42,6940715.65,-4.149219417,17.55,515
511725.1,6940715.32,-3.691724138,19.25,515
511725.34,6940715.28,-3.643986434,19.5,515
511727.25,6940714.9,-3.388423301,21.45,515
511729.17,6940714.53,-3.310902672,23.4,515
511731.08,6940714.16,-3.373462539,25.35,515
511732.99,6940713.79,-3.521010658,27.3,515
511734.76,6940713.44,-3.691724138,29.09,515
511734.91,6940713.41,-3.71018452,29.25,515
511736.82,6940713.04,-3.898363291,31.2,515
511738.73,6940712.67,-3.926007268,33.14,515
511740.04,6940712.41,-3.691724138,34.48,515
511740.65,6940712.3,-3.567448552,35.09,515
511742.56,6940711.92,-2.964803589,37.04,515
511742.85,6940711.87,-2.911034483,37.33,515
511744.48,6940711.55,-2.648477162,38.99,515
511746.39,6940711.18,-2.754865347,40.94,515
511747.71,6940710.92,-2.911034483,42.29,515
511748.3,6940710.81,-2.979246104,42.89,515
511749.68,6940710.54,-2.911034483,44.29,515
511750.22,6940710.43,-2.884316018,44.84,515
511752.13,6940710.06,-2.278288843,46.79,515
511752.49,6940709.99,-2.130344828,47.15,515
511754.04,6940709.69,-1.541523989,48.74,515
511755.3,6940709.45,-1.349655172,50.02,515
511755.96,6940709.32,-1.262363099,50.69,515
511756.73,6940709.17,-1.349655172,51.47,515
511757.87,6940708.94,-1.455983988,52.64,515
511759.79,6940708.57,-1.792672572,54.59,515
511761.7,6940708.2,-2.012663643,56.54,515
511706.2,6940719,-10.3101781,0,520
511708.11,6940718.63,-10.26176236,1.95,520
511710.03,6940718.26,-10.15429447,3.9,520
511711.78,6940717.91,-9.937241379,5.68,520
511711.94,6940717.88,-9.909367624,5.85,520
511713.86,6940717.51,-9.365175481,7.8,520
511714.43,6940717.4,-9.156551724,8.39,520
511715.77,6940717.14,-8.549253687,9.75,520
511716.17,6940717.06,-8.375862069,10.16,520
511717.64,6940716.77,-7.595172414,11.65,520
511717.68,6940716.77,-7.566018381,11.7,520
511718.94,6940716.52,-6.814482759,12.98,520
511719.6,6940716.39,-6.352503968,13.65,520
511720.1,6940716.3,-6.033793103,14.16,520
511721.31,6940716.06,-5.253103448,15.39,520
511721.51,6940716.02,-5.145372752,15.6,520
511722.9,6940715.75,-4.472413793,17.02,520
511723.42,6940715.65,-4.291180542,17.55,520
511725.34,6940715.28,-3.757390401,19.5,520
511725.7,6940715.2,-3.691724138,19.87,520
511727.25,6940714.9,-3.481071585,21.45,520
511729.17,6940714.53,-3.399180031,23.4,520
511731.08,6940714.16,-3.463990926,25.35,520
511732.99,6940713.79,-3.622342337,27.3,520
511733.71,6940713.65,-3.691724138,28.03,520
511734.91,6940713.41,-3.840315512,29.25,520
511736.82,6940713.04,-4.069470353,31.2,520
511738.73,6940712.67,-4.154251067,33.14,520
511740.65,6940712.3,-3.838036845,35.09,520
511741.11,6940712.21,-3.691724138,35.57,520
511742.56,6940711.92,-3.239303827,37.04,520
511744.3,6940711.59,-2.911034483,38.82,520
511744.48,6940711.55,-2.883255509,38.99,520
511745.05,6940711.44,-2.911034483,39.57,520
511746.39,6940711.18,-2.974633212,40.94,520
511748.3,6940710.81,-3.190532256,42.89,520
511750.22,6940710.43,-3.098768524,44.84,520
511750.82,6940710.32,-2.911034483,45.45,520
511752.13,6940710.06,-2.495495818,46.79,520
511753.01,6940709.89,-2.130344828,47.69,520
511754.04,6940709.69,-1.738635985,48.74,520
511755.96,6940709.32,-1.431504048,50.69,520
511757.87,6940708.94,-1.595092282,52.64,520
511759.79,6940708.57,-1.911061846,54.59,520
511761.7,6940708.2,-2.120874236,56.54,520
511706.2,6940719,-10.35962031,0,525
511708.11,6940718.63,-10.31296204,1.95,525
511710.03,6940718.26,-10.21003715,3.9,525
511711.94,6940717.88,-9.976909442,5.85,525
511712.12,6940717.85,-9.937241379,6.03,525
511713.86,6940717.51,-9.446149133,7.8,525
511714.66,6940717.35,-9.156551724,8.61,525
511715.77,6940717.14,-8.651009331,9.75,525
511716.41,6940717.01,-8.375862069,10.4,525
511717.68,6940716.77,-7.700530488,11.7,525
511717.91,6940716.72,-7.595172414,11.93,525
511719.23,6940716.46,-6.814482759,13.28,525
511719.6,6940716.39,-6.559257692,13.65,525
511720.42,6940716.23,-6.033793103,14.49,525
511721.51,6940716.02,-5.346282114,15.6,525
511721.67,6940715.99,-5.253103448,15.76,525
511723.31,6940715.67,-4.472413793,17.43,525
511723.42,6940715.65,-4.433141667,17.55,525
511725.34,6940715.28,-3.879842688,19.5,525
511726.38,6940715.07,-3.691724138,20.56,525
511727.25,6940714.9,-3.57371987,21.45,525
511729.17,6940714.53,-3.487457391,23.4,525
511731.08,6940714.16,-3.554519314,25.35,525
511732.66,6940713.85,-3.691724138,26.96,525
511732.99,6940713.79,-3.725769322,27.3,525
511734.91,6940713.41,-3.970446504,29.25,525
511736.82,6940713.04,-4.240577414,31.2,525
511738.73,6940712.67,-4.382494866,33.14,525
511740.65,6940712.3,-4.117004026,35.09,525
511741.99,6940712.04,-3.691724138,36.46,525
511742.56,6940711.92,-3.513804064,37.04,525
511744.48,6940711.55,-3.136476136,38.99,525
511746.39,6940711.18,-3.202324495,40.94,525
511748.3,6940710.81,-3.401818409,42.89,525
511750.22,6940710.43,-3.313626198,44.84,525
511751.5,6940710.18,-2.911034483,46.15,525
511752.13,6940710.06,-2.712702794,46.79,525
511753.53,6940709.79,-2.130344828,48.22,525
511754.04,6940709.69,-1.935747981,48.74,525
511755.96,6940709.32,-1.599172182,50.69,525
511757.87,6940708.94,-1.734200575,52.64,525
511759.79,6940708.57,-2.02945112,54.59,525
511760.71,6940708.39,-2.130344828,55.53,525
511761.7,6940708.2,-2.22148515,56.54,525
511706.2,6940719,-10.40906253,0,530
511708.11,6940718.63,-10.36416172,1.95,530
511710.03,6940718.26,-10.26577983,3.9,530
511711.94,6940717.88,-10.03962773,5.85,530
511712.41,6940717.79,-9.937241379,6.32,530
511713.86,6940717.51,-9.527122786,7.8,530
511714.88,6940717.31,-9.156551724,8.84,530
511715.77,6940717.14,-8.752764976,9.75,530
511716.65,6940716.97,-8.375862069,10.64,530
511717.68,6940716.77,-7.826671566,11.7,530
511718.18,6940716.67,-7.595172414,12.21,530
511719.53,6940716.41,-6.814482759,13.58,530
511719.6,6940716.39,-6.766011416,13.65,530
511720.75,6940716.17,-6.033793103,14.82,530
511721.51,6940716.02,-5.550998401,15.6,530
511722.02,6940715.92,-5.253103448,16.12,530
511723.42,6940715.65,-4.592875501,17.55,530
511723.73,6940715.59,-4.472413793,17.86,530
511725.34,6940715.28,-4.002294974,19.5,530
511727.07,6940714.94,-3.691724138,21.26,530
511727.25,6940714.9,-3.666368155,21.45,530
511729.17,6940714.53,-3.57573475,23.4,530
511731.08,6940714.16,-3.645047701,25.35,530
511731.62,6940714.05,-3.691724138,25.9,530
511732.99,6940713.79,-3.833746437,27.3,530
511734.91,6940713.41,-4.100577497,29.25,530
511736.82,6940713.04,-4.411684475,31.2,530
511737.53,6940712.9,-4.472413793,31.92,530
511738.73,6940712.67,-4.614667205,33.14,530
511740.05,6940712.41,-4.472413793,34.49,530
511740.65,6940712.3,-4.395971206,35.09,530
511742.56,6940711.92,-3.795283148,37.04,530
511743,6940711.84,-3.691724138,37.49,530
511744.48,6940711.55,-3.392171686,38.99,530
511746.39,6940711.18,-3.430015777,40.94,530
511748.3,6940710.81,-3.613104561,42.89,530
511750.22,6940710.43,-3.528483872,44.84,530
511752.13,6940710.06,-2.931473478,46.79,530
511752.18,6940710.05,-2.911034483,46.84,530
511754.04,6940709.69,-2.133036992,48.74,530
511754.06,6940709.69,-2.130344828,48.75,530
511755.96,6940709.32,-1.766840315,50.69,530
511757.87,6940708.94,-1.873308869,52.64,530
511759.64,6940708.6,-2.130344828,54.45,530
511759.79,6940708.57,-2.147129285,54.59,530
511761.7,6940708.2,-2.321367145,56.54,530
511706.2,6940719,-10.45850475,0,535
511708.11,6940718.63,-10.4153614,1.95,535
511710.03,6940718.26,-10.32152252,3.9,535
511711.94,6940717.88,-10.10234602,5.85,535
511712.69,6940717.74,-9.937241379,6.62,535
511713.86,6940717.51,-9.608096438,7.8,535
511715.1,6940717.27,-9.156551724,9.07,535
511715.77,6940717.14,-8.85452062,9.75,535
511716.89,6940716.92,-8.375862069,10.89,535
511717.68,6940716.77,-7.952812644,11.7,535
511718.45,6940716.62,-7.595172414,12.48,535
511719.6,6940716.39,-6.934525655,13.65,535
511719.83,6940716.35,-6.814482759,13.88,535
511721.07,6940716.11,-6.033793103,15.15,535
511721.51,6940716.02,-5.755714688,15.6,535
511722.38,6940715.85,-5.253103448,16.48,535
511723.42,6940715.65,-4.759406285,17.55,535
511724.15,6940715.51,-4.472413793,18.28,535
511725.34,6940715.28,-4.124747261,19.5,535
511727.25,6940714.9,-3.770862195,21.45,535
511728.59,6940714.64,-3.691724138,22.81,535
511729.17,6940714.53,-3.664012109,23.4,535
511729.92,6940714.38,-3.691724138,24.16,535
511731.08,6940714.16,-3.74,25.35,535
511732.99,6940713.79,-3.941723551,27.3,535
511734.91,6940713.41,-4.230708489,29.25,535
511736.33,6940713.14,-4.472413793,30.69,535
511736.82,6940713.04,-4.587292958,31.2,535
511738.73,6940712.67,-4.849393316,33.14,535
511740.65,6940712.3,-4.67700292,35.09,535
511741.33,6940712.16,-4.472413793,35.79,535
511742.56,6940711.92,-4.089618672,37.04,535
511744.26,6940711.59,-3.691724138,38.77,535
511744.48,6940711.55,-3.647867237,38.99,535
511746.39,6940711.18,-3.65770706,40.94,535
511746.76,6940711.11,-3.691724138,41.32,535
511748.3,6940710.81,-3.828546171,42.89,535
511750.22,6940710.43,-3.746256739,44.84,535
511750.4,6940710.4,-3.691724138,45.03,535
511752.13,6940710.06,-3.166674806,46.79,535
511752.68,6940709.95,-2.911034483,47.35,535
511754.04,6940709.69,-2.344021651,48.74,535
511754.93,6940709.52,-2.130344828,49.65,535
511755.96,6940709.32,-1.934508448,50.69,535
511757.87,6940708.94,-2.012417163,52.64,535
511758.69,6940708.79,-2.130344828,53.47,535
511759.79,6940708.57,-2.260706612,54.59,535
511761.7,6940708.2,-2.421249139,56.54,535
511706.2,6940719,-10.50794697,0,540
511708.11,6940718.63,-10.46656108,1.95,540
511710.03,6940718.26,-10.3772652,3.9,540
511711.94,6940717.88,-10.16506431,5.85,540
511712.98,6940717.68,-9.937241379,6.91,540
511713.86,6940717.51,-9.689070091,7.8,540
511715.33,6940717.22,-9.156551724,9.3,540
511715.77,6940717.14,-8.956276265,9.75,540
511717.12,6940716.87,-8.375862069,11.13,540
511717.68,6940716.77,-8.078953722,11.7,540
511718.72,6940716.56,-7.595172414,12.76,540
511719.6,6940716.39,-7.09132969,13.65,540
511720.13,6940716.29,-6.814482759,14.19,540
511721.39,6940716.04,-6.033793103,15.48,540
511721.51,6940716.02,-5.960430975,15.6,540
511722.73,6940715.78,-5.253103448,16.84,540
511723.42,6940715.65,-4.92593707,17.55,540
511724.57,6940715.43,-4.472413793,18.71,540
511725.34,6940715.28,-4.247199548,19.5,540
511727.25,6940714.9,-3.879819758,21.45,540
511729.17,6940714.53,-3.760974681,23.4,540
511731.08,6940714.16,-3.839661152,25.35,540
511732.99,6940713.79,-4.049700666,27.3,540
511734.91,6940713.41,-4.360839481,29.25,540
511735.56,6940713.29,-4.472413793,29.91,540
511736.82,6940713.04,-4.765378102,31.2,540
511738.73,6940712.67,-5.084119427,33.14,540
511740.65,6940712.3,-4.958813889,35.09,540
511742.28,6940711.98,-4.472413793,36.75,540
511742.56,6940711.92,-4.383954195,37.04,540
511744.48,6940711.55,-3.917357049,38.99,540
511746.39,6940711.18,-3.893851973,40.94,540
511748.3,6940710.81,-4.046450349,42.89,540
511750.22,6940710.43,-3.973248916,44.84,540
511751.18,6940710.25,-3.691724138,45.82,540
511752.13,6940710.06,-3.401876134,46.79,540
511753.19,6940709.86,-2.911034483,47.87,540
511754.04,6940709.69,-2.55500631,48.74,540
511755.81,6940709.35,-2.130344828,50.54,540
511755.96,6940709.32,-2.102176581,50.69,540
511756.96,6940709.12,-2.130344828,51.71,540
511757.87,6940708.94,-2.152038488,52.64,540
511759.79,6940708.57,-2.374283938,54.59,540
511761.7,6940708.2,-2.521131134,56.54,540
511706.2,6940719,-10.55738919,0,545
511708.11,6940718.63,-10.51776076,1.95,545
511710.03,6940718.26,-10.43300788,3.9,545
511711.94,6940717.88,-10.22778259,5.85,545
511713.27,6940717.63,-9.937241379,7.2,545
511713.86,6940717.51,-9.770043743,7.8,545
511715.55,6940717.18,-9.156551724,9.53,545
511715.77,6940717.14,-9.058031909,9.75,545
511717.36,6940716.83,-8.375862069,11.37,545
511717.68,6940716.77,-8.2050948,11.7,545
511719,6940716.51,-7.595172414,13.04,545
511719.6,6940716.39,-7.248133724,13.65,545
511720.42,6940716.23,-6.814482759,14.49,545
511721.51,6940716.02,-6.15110443,15.6,545
511721.72,6940715.98,-6.033793103,15.81,545
511723.08,6940715.71,-5.253103448,17.2,545
511723.42,6940715.65,-5.092467854,17.55,545
511724.99,6940715.34,-4.472413793,19.14,545
511725.34,6940715.28,-4.369651834,19.5,545
511727.25,6940714.9,-3.988777321,21.45,545
511729.17,6940714.53,-3.861911225,23.4,545
511731.08,6940714.16,-3.939322304,25.35,545
511732.99,6940713.79,-4.15767778,27.3,545
511734.82,6940713.43,-4.472413793,29.15,545
511734.91,6940713.41,-4.491944046,29.25,545
511736.82,6940713.04,-4.943463246,31.2,545
511738.47,6940712.72,-5.253103448,32.87,545
511738.73,6940712.67,-5.315511204,33.14,545
511740.39,6940712.35,-5.253103448,34.83,545
511740.65,6940712.3,-5.240624859,35.09,545
511742.56,6940711.92,-4.677474849,37.04,545
511743.33,6940711.77,-4.472413793,37.83,545
511744.48,6940711.55,-4.189702684,38.99,545
511746.39,6940711.18,-4.131481688,40.94,545
511748.3,6940710.81,-4.264354526,42.89,545
511750.22,6940710.43,-4.200241093,44.84,545
511751.95,6940710.1,-3.691724138,46.61,545
511752.13,6940710.06,-3.637077461,46.79,545
511753.7,6940709.76,-2.911034483,48.39,545
511754.04,6940709.69,-2.765990969,48.74,545
511755.96,6940709.32,-2.281325463,50.69,545
511757.87,6940708.94,-2.294516223,52.64,545
511759.79,6940708.57,-2.487861265,54.59,545
511761.7,6940708.2,-2.621013128,56.54,545
511706.2,6940719,-10.6068314,0,550
511708.11,6940718.63,-10.56896044,1.95,550
511710.03,6940718.26,-10.48875057,3.9,550
511711.94,6940717.88,-10.29050088,5.85,550
511713.55,6940717.57,-9.937241379,7.49,550
511713.86,6940717.51,-9.851017395,7.8,550
511715.77,6940717.14,-9.159109585,9.75,550
511715.78,6940717.14,-9.156551724,9.76,550
511717.6,6940716.78,-8.375862069,11.61,550
511717.68,6940716.77,-8.331235878,11.7,550
511719.27,6940716.46,-7.595172414,13.31,550
511719.6,6940716.39,-7.404937759,13.65,550
511720.72,6940716.17,-6.814482759,14.8,550
511721.51,6940716.02,-6.333934875,15.6,550
511722.04,6940715.92,-6.033793103,16.13,550
511723.42,6940715.65,-5.259456442,17.55,550
511723.44,6940715.65,-5.253103448,17.56,550
511725.34,6940715.28,-4.495786516,19.5,550
511725.42,6940715.26,-4.472413793,19.58,550
511727.25,6940714.9,-4.097734884,21.45,550
511729.17,6940714.53,-3.962847768,23.4,550
511731.08,6940714.16,-4.038983456,25.35,550
511732.99,6940713.79,-4.265654895,27.3,550
511734.19,6940713.55,-4.472413793,28.52,550
511734.91,6940713.41,-4.628902337,29.25,550
511736.82,6940713.04,-5.121548391,31.2,550
511737.52,6940712.91,-5.253103448,31.91,550
511738.73,6940712.67,-5.538332384,33.14,550
511740.65,6940712.3,-5.497729983,35.09,550
511741.6,6940712.11,-5.253103448,36.07,550
511742.56,6940711.92,-4.970645374,37.04,550
511744.43,6940711.56,-4.472413793,38.95,550
511744.48,6940711.55,-4.462048318,38.99,550
511746.39,6940711.18,-4.369111403,40.94,550
511748.12,6940710.84,-4.472413793,42.71,550
511748.3,6940710.81,-4.482265743,42.89,550
511748.66,6940710.74,-4.472413793,43.25,550
511750.22,6940710.43,-4.42723327,44.84,550
511752.13,6940710.06,-3.897252486,46.79,550
511752.54,6940709.98,-3.691724138,47.21,550
511754.04,6940709.69,-2.988400436,48.74,550
511754.26,6940709.65,-2.911034483,48.96,550
511755.96,6940709.32,-2.462792574,50.69,550
511757.87,6940708.94,-2.436993959,52.64,550
511759.79,6940708.57,-2.601438591,54.59,550
511761.7,6940708.2,-2.720895123,56.54,550
511706.2,6940719,-10.65627362,0,555
511708.11,6940718.63,-10.62016012,1.95,555
511710.03,6940718.26,-10.54449325,3.9,555
511711.94,6940717.88,-10.35321917,5.85,555
511713.84,6940717.51,-9.937241379,7.78,555
511713.86,6940717.51,-9.931991048,7.8,555
511715.77,6940717.14,-9.239545456,9.75,555
511716,6940717.09,-9.156551724,9.98,555
511717.68,6940716.77,-8.43755767,11.7,555
511717.85,6940716.73,-8.375862069,11.87,555
511719.54,6940716.4,-7.595172414,13.59,555
511719.6,6940716.39,-7.561741794,13.65,555
511721.02,6940716.12,-6.814482759,15.1,555
511721.51,6940716.02,-6.516765319,15.6,555
511722.36,6940715.86,-6.033793103,16.46,555
511723.42,6940715.65,-5.438919553,17.55,555
511723.8,6940715.57,-5.253103448,17.93,555
511725.34,6940715.28,-4.641139273,19.5,555
511725.96,6940715.16,-4.472413793,20.13,555
511727.25,6940714.9,-4.206692447,21.45,555
511729.17,6940714.53,-4.063784311,23.4,555
511731.08,6940714.16,-4.138644608,25.35,555
511732.99,6940713.79,-4.37363201,27.3,555
511733.57,6940713.67,-4.472413793,27.88,555
511734.91,6940713.41,-4.765860629,29.25,555
511736.69,6940713.07,-5.253103448,31.06,555
511736.82,6940713.04,-5.29919239,31.2,555
511738.73,6940712.67,-5.761153564,33.14,555
511740.65,6940712.3,-5.753690448,35.09,555
511742.56,6940711.92,-5.26261802,37.04,555
511742.6,6940711.92,-5.253103448,37.08,555
511744.48,6940711.55,-4.732209758,38.99,555
511746.39,6940711.18,-4.605653405,40.94,555
511748.3,6940710.81,-4.700325734,42.89,555
511750.22,6940710.43,-4.659931767,44.84,555
511751,6940710.28,-4.472413793,45.64,555
511752.13,6940710.06,-4.16498605,46.79,555
511753.07,6940709.88,-3.691724138,47.75,555
511754.04,6940709.69,-3.235939803,48.74,555
511754.95,6940709.51,-2.911034483,49.66,555
511755.96,6940709.32,-2.644259684,50.69,555
511757.87,6940708.94,-2.579471695,52.64,555
511759.79,6940708.57,-2.715015918,54.59,555
511761.7,6940708.2,-2.820777117,56.54,555
511706.2,6940719,-10.70571584,0,560
511708.11,6940718.63,-10.67135981,1.95,560
511710.03,6940718.26,-10.60023593,3.9,560
511711.94,6940717.88,-10.41593746,5.85,560
511713.86,6940717.51,-10.0011476,7.8,560
511714.06,6940717.47,-9.937241379,8.01,560
511715.77,6940717.14,-9.319981328,9.75,560
511716.22,6940717.05,-9.156551724,10.21,560
511717.68,6940716.77,-8.533029183,11.7,560
511718.1,6940716.68,-8.375862069,12.13,560
511719.6,6940716.39,-7.687833218,13.65,560
511719.82,6940716.35,-7.595172414,13.88,560
511721.32,6940716.06,-6.814482759,15.41,560
511721.51,6940716.02,-6.699595764,15.6,560
511722.68,6940715.79,-6.033793103,16.79,560
511723.42,6940715.65,-5.618382663,17.55,560
511724.17,6940715.5,-5.253103448,18.3,560
511725.34,6940715.28,-4.786492029,19.5,560
511726.49,6940715.05,-4.472413793,20.67,560
511727.25,6940714.9,-4.31565001,21.45,560
511729.17,6940714.53,-4.164720854,23.4,560
511731.08,6940714.16,-4.23830576,25.35,560
511732.93,6940713.8,-4.472413793,27.23,560
511732.99,6940713.79,-4.482296088,27.3,560
511734.91,6940713.41,-4.902818921,29.25,560
511736.19,6940713.16,-5.253103448,30.55,560
511736.82,6940713.04,-5.475589134,31.2,560
511738.73,6940712.67,-5.983974744,33.14,560
511740.65,6940712.3,-6.009650912,35.09,560
511742.56,6940711.92,-5.523005874,37.04,560
511743.57,6940711.73,-5.253103448,38.07,560
511744.48,6940711.55,-5.002284777,38.99,560
511746.39,6940711.18,-4.841358917,40.94,560
511748.3,6940710.81,-4.918385724,42.89,560
511750.22,6940710.43,-4.894048295,44.84,560
511751.99,6940710.09,-4.472413793,46.64,560
511752.13,6940710.06,-4.432719615,46.79,560
511753.6,6940709.78,-3.691724138,48.29,560
511754.04,6940709.69,-3.48347917,48.74,560
511755.64,6940709.38,-2.911034483,50.36,560
511755.96,6940709.32,-2.825726794,50.69,560
511757.87,6940708.94,-2.72194943,52.64,560
511759.79,6940708.57,-2.828593244,54.59,560
511761.48,6940708.24,-2.911034483,56.31,560
511761.7,6940708.2,-2.921153589,56.54,560
511706.2,6940719,-10.75201542,0,565
511708.11,6940718.63,-10.72218979,1.95,565
511708.26,6940718.6,-10.71793103,2.1,565
511710.03,6940718.26,-10.65597862,3.9,565
511711.94,6940717.88,-10.47865575,5.85,565
511713.86,6940717.51,-10.0694848,7.8,565
511714.29,6940717.43,-9.937241379,8.24,565
511715.77,6940717.14,-9.400417199,9.75,565
511716.45,6940717.01,-9.156551724,10.44,565
511717.68,6940716.77,-8.628500696,11.7,565
511718.36,6940716.63,-8.375862069,12.39,565
511719.6,6940716.39,-7.805602416,13.65,565
511720.1,6940716.29,-7.595172414,14.17,565
511721.51,6940716.02,-6.869039544,15.6,565
511721.62,6940716,-6.814482759,15.71,565
511723,6940715.73,-6.033793103,17.12,565
511723.42,6940715.65,-5.797845774,17.55,565
511724.53,6940715.43,-5.253103448,18.68,565
511725.34,6940715.28,-4.931844786,19.5,565
511727.02,6940714.95,-4.472413793,21.21,565
511727.25,6940714.9,-4.424607573,21.45,565
511729.17,6940714.53,-4.265657397,23.4,565
511731.08,6940714.16,-4.337966912,25.35,565
511732.14,6940713.95,-4.472413793,26.43,565
511732.99,6940713.79,-4.598339939,27.3,565
511734.91,6940713.41,-5.039777213,29.25,565
511735.69,6940713.26,-5.253103448,30.04,565
511736.82,6940713.04,-5.651985878,31.2,565
511738.23,6940712.77,-6.033793103,32.63,565
511738.73,6940712.67,-6.183421112,33.14,565
511740.65,6940712.3,-6.223789128,35.09,565
511741.58,6940712.12,-6.033793103,36.04,565
511742.56,6940711.92,-5.783393728,37.04,565
511744.48,6940711.55,-5.270313185,38.99,565
511744.64,6940711.52,-5.253103448,39.16,565
511746.39,6940711.18,-5.077064429,40.94,565
511748.3,6940710.81,-5.136445715,42.89,565
511750.22,6940710.43,-5.128164822,44.84,565
511752.13,6940710.06,-4.723841038,46.79,565
511752.64,6940709.96,-4.472413793,47.31,565
511754.04,6940709.69,-3.740862002,48.74,565
511754.14,6940709.67,-3.691724138,48.84,565
511755.96,6940709.32,-3.025574136,50.69,565
511757.14,6940709.09,-2.911034483,51.9,565
511757.87,6940708.94,-2.864427166,52.64,565
511758.91,6940708.74,-2.911034483,53.7,565
511759.79,6940708.57,-2.944649213,54.59,565
511761.7,6940708.2,-3.026167142,56.54,565
511706.2,6940719,-10.79728381,0,570
511708.11,6940718.63,-10.76929994,1.95,570
511709.85,6940718.29,-10.71793103,3.72,570
511710.03,6940718.26,-10.7117213,3.9,570
511711.94,6940717.88,-10.54137404,5.85,570
511713.86,6940717.51,-10.137822,7.8,570
511714.51,6940717.38,-9.937241379,8.46,570
511715.77,6940717.14,-9.480853071,9.75,570
511716.67,6940716.96,-9.156551724,10.67,570
511717.68,6940716.77,-8.723972209,11.7,570
511718.61,6940716.58,-8.375862069,12.65,570
511719.6,6940716.39,-7.923371614,13.65,570
511720.39,6940716.24,-7.595172414,14.45,570
511721.51,6940716.02,-7.015847533,15.6,570
511721.93,6940715.94,-6.814482759,16.02,570
511723.32,6940715.67,-6.033793103,17.44,570
511723.42,6940715.65,-5.977308884,17.55,570
511724.9,6940715.36,-5.253103448,19.05,570
511725.34,6940715.28,-5.077197542,19.5,570
511727.25,6940714.9,-4.544730081,21.45,570
511727.92,6940714.77,-4.472413793,22.13,570
511729.17,6940714.53,-4.36659394,23.4,570
511731.08,6940714.16,-4.437628065,25.35,570
511731.35,6940714.11,-4.472413793,25.63,570
511732.99,6940713.79,-4.714383791,27.3,570
511734.91,6940713.41,-5.176735505,29.25,570
511735.19,6940713.36,-5.253103448,29.53,570
511736.82,6940713.04,-5.828382623,31.2,570
511737.58,6940712.89,-6.033793103,31.97,570
511738.73,6940712.67,-6.376136406,33.14,570
511740.65,6940712.3,-6.433571861,35.09,570
511742.56,6940711.92,-6.041831383,37.04,570
511742.6,6940711.92,-6.033793103,37.08,570
511744.48,6940711.55,-5.511683966,38.99,570
511746.39,6940711.18,-5.307523073,40.94,570
511748.3,6940710.81,-5.347399082,42.89,570
511750.22,6940710.43,-5.356312202,44.84,570
511750.93,6940710.3,-5.253103448,45.56,570
511752.13,6940710.06,-5.019033521,46.79,570
511753.23,6940709.85,-4.472413793,47.92,570
511754.04,6940709.69,-4.050411353,48.74,570
511754.73,6940709.56,-3.691724138,49.44,570
511755.96,6940709.32,-3.241727474,50.69,570
511757.87,6940708.94,-3.01984262,52.64,570
511759.79,6940708.57,-3.067268056,54.59,570
511761.7,6940708.2,-3.131180695,56.54,570
511706.2,6940719,-10.8425522,0,575
511708.11,6940718.63,-10.8164101,1.95,575
511710.03,6940718.26,-10.76390441,3.9,575
511710.66,6940718.13,-10.71793103,4.54,575
511711.94,6940717.88,-10.60409232,5.85,575
511713.86,6940717.51,-10.2061592,7.8,575
511714.73,6940717.34,-9.937241379,8.69,575
511715.77,6940717.14,-9.561288942,9.75,575
511716.89,6940716.92,-9.156551724,10.89,575
511717.68,6940716.77,-8.819443722,11.7,575
511718.87,6940716.53,-8.375862069,12.91,575
511719.6,6940716.39,-8.041140811,13.65,575
511720.67,6940716.18,-7.595172414,14.74,575
511721.51,6940716.02,-7.162655523,15.6,575
511722.23,6940715.88,-6.814482759,16.33,575
511723.42,6940715.65,-6.149505991,17.55,575
511723.65,6940715.6,-6.033793103,17.78,575
511725.26,6940715.29,-5.253103448,19.42,575
511725.34,6940715.28,-5.222550299,19.5,575
511727.25,6940714.9,-4.673580996,21.45,575
511729.11,6940714.54,-4.472413793,23.34,575
511729.17,6940714.53,-4.467530483,23.4,575
511729.3,6940714.51,-4.472413793,23.53,575
511731.08,6940714.16,-4.544484676,25.35,575
511732.99,6940713.79,-4.830427643,27.3,575
511734.7,6940713.45,-5.253103448,29.03,575
511734.91,6940713.41,-5.315040944,29.25,575
511736.82,6940713.04,-6.004779367,31.2,575
511736.93,6940713.02,-6.033793103,31.3,575
511738.73,6940712.67,-6.568851699,33.14,575
511740.65,6940712.3,-6.643354593,35.09,575
511742.56,6940711.92,-6.251379871,37.04,575
511743.46,6940711.75,-6.033793103,37.96,575
511744.48,6940711.55,-5.753054748,38.99,575
511746.39,6940711.18,-5.522501444,40.94,575
511748.3,6940710.81,-5.550176669,42.89,575
511750.22,6940710.43,-5.577628738,44.84,575
511752.13,6940710.06,-5.312032981,46.79,575
511752.28,6940710.03,-5.253103448,46.94,575
511753.83,6940709.73,-4.472413793,48.52,575
511754.04,6940709.69,-4.359960705,48.74,575
511755.32,6940709.44,-3.691724138,50.04,575
511755.96,6940709.32,-3.457880811,50.69,575
511757.87,6940708.94,-3.181547735,52.64,575
511759.79,6940708.57,-3.1898869,54.59,575
511761.7,6940708.2,-3.236194248,56.54,575
511706.2,6940719,-10.8878206,0,580
511708.11,6940718.63,-10.86352025,1.95,580
511710.03,6940718.26,-10.81564128,3.9,580
511711.36,6940718,-10.71793103,5.26,580
511711.94,6940717.88,-10.66681061,5.85,580
511713.86,6940717.51,-10.2744964,7.8,580
511714.95,6940717.3,-9.937241379,8.92,580
511715.77,6940717.14,-9.641724814,9.75,580
511717.12,6940716.88,-9.156551724,11.12,580
511717.68,6940716.77,-8.914915234,11.7,580
511719.13,6940716.48,-8.375862069,13.17,580
511719.6,6940716.39,-8.158910009,13.65,580
511720.96,6940716.13,-7.595172414,15.03,580
511721.51,6940716.02,-7.309463513,15.6,580
511722.53,6940715.82,-6.814482759,16.64,580
511723.42,6940715.65,-6.318365822,17.55,580
511723.99,6940715.54,-6.033793103,18.12,580
511725.34,6940715.28,-5.380551523,19.5,580
511725.69,6940715.21,-5.253103448,19.86,580
511727.25,6940714.9,-4.802431911,21.45,580
511729.17,6940714.53,-4.583160826,23.4,580
511731.08,6940714.16,-4.655199439,25.35,580
511732.99,6940713.79,-4.946471495,27.3,580
511734.23,6940713.55,-5.253103448,28.56,580
511734.91,6940713.41,-5.455044326,29.25,580
511736.5,6940713.1,-6.033793103,30.87,580
511736.82,6940713.04,-6.169842173,31.2,580
511738.73,6940712.67,-6.761566993,33.14,580
511739.88,6940712.45,-6.814482759,34.31,580
511740.65,6940712.3,-6.844544549,35.09,580
511740.84,6940712.26,-6.814482759,35.29,580
511742.56,6940711.92,-6.460928359,37.04,580
511744.33,6940711.58,-6.033793103,38.85,580
511744.48,6940711.55,-5.994425529,38.99,580
511746.39,6940711.18,-5.737479815,40.94,580
511748.3,6940710.81,-5.752954256,42.89,580
511750.22,6940710.43,-5.798945274,44.84,580
511752.13,6940710.06,-5.596634218,46.79,580
511753,6940709.89,-5.253103448,47.68,580
511754.04,6940709.69,-4.71126859,48.74,580
511754.39,6940709.62,-4.472413793,49.09,580
511755.91,6940709.33,-3.691724138,50.64,580
511755.96,6940709.32,-3.674034149,50.69,580
511757.87,6940708.94,-3.34325285,52.64,580
511759.79,6940708.57,-3.312505744,54.59,580
511761.7,6940708.2,-3.341207801,56.54,580
511706.2,6940719,-10.93308899,0,585
511708.11,6940718.63,-10.9106304,1.95,585
511710.03,6940718.26,-10.86737815,3.9,585
511711.94,6940717.88,-10.72882673,5.85,585
511712,6940717.87,-10.71793103,5.91,585
511713.86,6940717.51,-10.3428336,7.8,585
511715.17,6940717.25,-9.937241379,9.14,585
511715.77,6940717.14,-9.722160685,9.75,585
511717.34,6940716.83,-9.156551724,11.35,585
511717.68,6940716.77,-9.010386747,11.7,585
511719.38,6940716.43,-8.375862069,13.43,585
511719.6,6940716.39,-8.276679206,13.65,585
511721.24,6940716.07,-7.595172414,15.32,585
511721.51,6940716.02,-7.456271502,15.6,585
511722.84,6940715.76,-6.814482759,16.95,585
511723.42,6940715.65,-6.487225652,17.55,585
511724.32,6940715.47,-6.033793103,18.46,585
511725.34,6940715.28,-5.541919053,19.5,585
511726.14,6940715.12,-5.253103448,20.31,585
511727.25,6940714.9,-4.931282826,21.45,585
511729.17,6940714.53,-4.699538196,23.4,585
511731.08,6940714.16,-4.765914203,25.35,585
511732.99,6940713.79,-5.062515347,27.3,585
511733.76,6940713.64,-5.253103448,28.08,585
511734.91,6940713.41,-5.595047707,29.25,585
511736.11,6940713.18,-6.033793103,30.47,585
511736.82,6940713.04,-6.332673786,31.2,585
511738.36,6940712.74,-6.814482759,32.76,585
511738.73,6940712.67,-6.928267194,33.14,585
511740.65,6940712.3,-7.007693309,35.09,585
511741.86,6940712.06,-6.814482759,36.33,585
511742.56,6940711.92,-6.670476847,37.04,585
511744.48,6940711.55,-6.198935425,38.99,585
511745.79,6940711.3,-6.033793103,40.34,585
511746.39,6940711.18,-5.952458187,40.94,585
511748.3,6940710.81,-5.955731843,42.89,585
511750.22,6940710.43,-6.02026181,44.84,585
511752.13,6940710.06,-5.881235456,46.79,585
511753.72,6940709.75,-5.253103448,48.42,585
511754.04,6940709.69,-5.086401767,48.74,585
511754.93,6940709.52,-4.472413793,49.65,585
511755.96,6940709.32,-3.946296008,50.69,585
511756.81,6940709.15,-3.691724138,51.56,585
511757.87,6940708.94,-3.504957965,52.64,585
511759.79,6940708.57,-3.435124588,54.59,585
511761.7,6940708.2,-3.446221354,56.54,585
511706.2,6940719,-10.97835738,0,590
511708.11,6940718.63,-10.95774055,1.95,590
511710.03,6940718.26,-10.91911501,3.9,590
511711.94,6940717.88,-10.78774786,5.85,590
511712.34,6940717.8,-10.71793103,6.26,590
511713.86,6940717.51,-10.4111708,7.8,590
511715.4,6940717.21,-9.937241379,9.37,590
511715.77,6940717.14,-9.802596557,9.75,590
511717.56,6940716.79,-9.156551724,11.58,590
511717.68,6940716.77,-9.10585826,11.7,590
511719.6,6940716.39,-8.390335453,13.65,590
511719.64,6940716.38,-8.375862069,13.69,590
511721.51,6940716.02,-7.601322184,15.6,590
511721.53,6940716.02,-7.595172414,15.61,590
511723.14,6940715.7,-6.814482759,17.26,590
511723.42,6940715.65,-6.656085483,17.55,590
511724.65,6940715.41,-6.033793103,18.8,590
511725.34,6940715.28,-5.703286583,19.5,590
511726.58,6940715.03,-5.253103448,20.77,590
511727.25,6940714.9,-5.060133741,21.45,590
511729.17,6940714.53,-4.815915566,23.4,590
511731.08,6940714.16,-4.876628966,25.35,590
511732.99,6940713.79,-5.178559199,27.3,590
511733.29,6940713.73,-5.253103448,27.6,590
511734.91,6940713.41,-5.735051088,29.25,590
511735.73,6940713.25,-6.033793103,30.08,590
511736.82,6940713.04,-6.495505399,31.2,590
511737.84,6940712.84,-6.814482759,32.23,590
511738.73,6940712.67,-7.085120375,33.14,590
511740.65,6940712.3,-7.170842068,35.09,590
511742.56,6940711.92,-6.864943613,37.04,590
511742.81,6940711.88,-6.814482759,37.29,590
511744.48,6940711.55,-6.396261655,38.99,590
511746.39,6940711.18,-6.146403442,40.94,590
511748.3,6940710.81,-6.140902263,42.89,590
511750.22,6940710.43,-6.210996251,44.84,590
511752.13,6940710.06,-6.142011391,46.79,590
511752.58,6940709.98,-6.033793103,47.25,590
511754.04,6940709.69,-5.461783624,48.74,590
511754.33,6940709.63,-5.253103448,49.04,590
511755.47,6940709.41,-4.472413793,50.2,590
511755.96,6940709.32,-4.223559088,50.69,590
511757.73,6940708.97,-3.691724138,52.5,590
511757.87,6940708.94,-3.666663079,52.64,590
511759.79,6940708.57,-3.557743432,54.59,590
511761.7,6940708.2,-3.551234907,56.54,590
511706.2,6940719,-11.02362578,0,595
511708.11,6940718.63,-11.00485071,1.95,595
511710.03,6940718.26,-10.97085188,3.9,595
511711.94,6940717.88,-10.84666899,5.85,595
511712.68,6940717.74,-10.71793103,6.6,595
511713.86,6940717.51,-10.47950801,7.8,595
511715.62,6940717.17,-9.937241379,9.6,595
511715.77,6940717.14,-9.883032428,9.75,595
511717.68,6940716.77,-9.192817664,11.7,595
511717.8,6940716.74,-9.156551724,11.82,595
511719.6,6940716.39,-8.482043624,13.65,595
511719.92,6940716.33,-8.375862069,13.97,595
511721.51,6940716.02,-7.715502836,15.6,595
511721.82,6940715.96,-7.595172414,15.91,595
511723.42,6940715.65,-6.823252008,17.55,595
511723.44,6940715.64,-6.814482759,17.57,595
511724.99,6940715.34,-6.033793103,19.14,595
511725.34,6940715.28,-5.864654113,19.5,595
511727.03,6940714.95,-5.253103448,21.22,595
511727.25,6940714.9,-5.188984656,21.45,595
511729.17,6940714.53,-4.932292935,23.4,595
511731.08,6940714.16,-4.98734373,25.35,595
511732.74,6940713.83,-5.253103448,27.04,595
511732.99,6940713.79,-5.296698586,27.3,595
511734.91,6940713.41,-5.87505447,29.25,595
511735.34,6940713.33,-6.033793103,29.69,595
511736.82,6940713.04,-6.658337012,31.2,595
511737.32,6940712.94,-6.814482759,31.7,595
511738.73,6940712.67,-7.241973557,33.14,595
511740.65,6940712.3,-7.333990828,35.09,595
511742.56,6940711.92,-7.026273794,37.04,595
511743.6,6940711.72,-6.814482759,38.1,595
511744.48,6940711.55,-6.593587884,38.99,595
511746.39,6940711.18,-6.327548019,40.94,595
511748.3,6940710.81,-6.31505217,42.89,595
511750.22,6940710.43,-6.399739138,44.84,595
511752.13,6940710.06,-6.375260566,46.79,595
511753.54,6940709.79,-6.033793103,48.23,595
511754.04,6940709.69,-5.837364372,48.74,595
511754.86,6940709.53,-5.253103448,49.57,595
511755.96,6940709.32,-4.508568203,50.69,595
511756.02,6940709.31,-4.472413793,50.75,595
511757.87,6940708.94,-3.85982928,52.64,595
511759.6,6940708.61,-3.691724138,54.4,595
511759.79,6940708.57,-3.680362276,54.59,595
511761.7,6940708.2,-3.656248459,56.54,595
511706.2,6940719,-11.06889417,0,600
511708.11,6940718.63,-11.05196086,1.95,600
511710.03,6940718.26,-11.02258875,3.9,600
511711.94,6940717.88,-10.90559012,5.85,600
511713.02,6940717.67,-10.71793103,6.94,600
511713.86,6940717.51,-10.54784521,7.8,600
511715.77,6940717.14,-9.959798098,9.75,600
511715.84,6940717.12,-9.937241379,9.82,600
511717.68,6940716.77,-9.270140465,11.7,600
511718.04,6940716.7,-9.156551724,12.06,600
511719.6,6940716.39,-8.573751796,13.65,600
511720.19,6940716.28,-8.375862069,14.25,600
511721.51,6940716.02,-7.829683488,15.6,600
511722.11,6940715.9,-7.595172414,16.21,600
511723.42,6940715.65,-6.964782826,17.55,600
511723.76,6940715.58,-6.814482759,17.89,600
511725.32,6940715.28,-6.033793103,19.48,600
511725.34,6940715.28,-6.026021643,19.5,600
511727.25,6940714.9,-5.325813051,21.45,600
511727.68,6940714.82,-5.253103448,21.88,600
511729.17,6940714.53,-5.048670305,23.4,600
511731.08,6940714.16,-5.098058493,25.35,600
511732.05,6940713.97,-5.253103448,26.34,600
511732.99,6940713.79,-5.418602107,27.3,600
511734.91,6940713.41,-6.015057851,29.25,600
511734.96,6940713.4,-6.033793103,29.3,600
511736.81,6940713.04,-6.814482759,31.18,600
511736.82,6940713.04,-6.820303279,31.2,600
511738.73,6940712.67,-7.398826738,33.14,600
511740.65,6940712.3,-7.497139587,35.09,600
511742.56,6940711.92,-7.187603976,37.04,600
511744.38,6940711.57,-6.814482759,38.9,600
511744.48,6940711.55,-6.790914114,38.99,600
511746.39,6940711.18,-6.508692597,40.94,600
511748.3,6940710.81,-6.489202078,42.89,600
511750.22,6940710.43,-6.588482025,44.84,600
511752.13,6940710.06,-6.608509742,46.79,600
511754.04,6940709.69,-6.173951244,48.74,600
511754.29,6940709.64,-6.033793103,49,600
511755.38,6940709.43,-5.253103448,50.1,600
511755.96,6940709.32,-4.861431853,50.69,600
511756.62,6940709.19,-4.472413793,51.37,600
511757.87,6940708.94,-4.058765569,52.64,600
511759.79,6940708.57,-3.823316951,54.59,600
511761.7,6940708.2,-3.772457053,56.54,600
511706.2,6940719,-11.11416256,0,605
511708.11,6940718.63,-11.09907101,1.95,605
511710.03,6940718.26,-11.07432561,3.9,605
511711.94,6940717.88,-10.96451125,5.85,605
511713.35,6940717.61,-10.71793103,7.29,605
511713.86,6940717.51,-10.61618241,7.8,605
511715.77,6940717.14,-10.02897775,9.75,605
511716.05,6940717.08,-9.937241379,10.04,605
511717.68,6940716.77,-9.347463265,11.7,605
511718.29,6940716.65,-9.156551724,12.31,605
511719.6,6940716.39,-8.665459968,13.65,605
511720.47,6940716.22,-8.375862069,14.53,605
511721.51,6940716.02,-7.94386414,15.6,605
511722.41,6940715.85,-7.595172414,16.51,605
511723.42,6940715.65,-7.106313645,17.55,605
511724.08,6940715.52,-6.814482759,18.21,605
511725.34,6940715.28,-6.184463563,19.5,605
511725.71,6940715.2,-6.033793103,19.88,605
511727.25,6940714.9,-5.470543341,21.45,605
511728.52,6940714.66,-5.253103448,22.74,605
511729.17,6940714.53,-5.165047675,23.4,605
511731.08,6940714.16,-5.208773257,25.35,605
511731.36,6940714.1,-5.253103448,25.63,605
511732.99,6940713.79,-5.540505628,27.3,605
511734.57,6940713.48,-6.033793103,28.9,605
511734.91,6940713.41,-6.151578094,29.25,605
511736.48,6940713.11,-6.814482759,30.85,605
511736.82,6940713.04,-6.962059734,31.2,605
511738.73,6940712.67,-7.55567992,33.14,605
511739.47,6940712.52,-7.595172414,33.9,605
511740.65,6940712.3,-7.645773585,35.09,605
511741.04,6940712.22,-7.595172414,35.5,605
511742.56,6940711.92,-7.348934158,37.04,605
511744.48,6940711.55,-6.95068312,38.99,605
511745.55,6940711.34,-6.814482759,40.09,605
511746.39,6940711.18,-6.689837175,40.94,605
511748.3,6940710.81,-6.663351986,42.89,605
511750.22,6940710.43,-6.777224913,44.84,605
511751.42,6940710.2,-6.814482759,46.07,605
511752.13,6940710.06,-6.834914209,46.79,605
511752.3,6940710.03,-6.814482759,46.97,605
511754.04,6940709.69,-6.467783822,48.74,605
511754.82,6940709.54,-6.033793103,49.53,605
511755.9,6940709.33,-5.253103448,50.63,605
511755.96,6940709.32,-5.214295504,50.69,605
511757.22,6940709.07,-4.472413793,51.98,605
511757.87,6940708.94,-4.257701857,52.64,605
511759.79,6940708.57,-3.968348375,54.59,605
511761.7,6940708.2,-3.894376947,56.54,605
511706.2,6940719,-11.15943096,0,610
511708.11,6940718.63,-11.14618116,1.95,610
511710.03,6940718.26,-11.12606248,3.9,610
511711.94,6940717.88,-11.02343238,5.85,610
511713.69,6940717.54,-10.71793103,7.63,610
511713.86,6940717.51,-10.68451961,7.8,610
511715.77,6940717.14,-10.09815741,9.75,610
511716.27,6940717.04,-9.937241379,10.25,610
511717.68,6940716.77,-9.424786066,11.7,610
511718.53,6940716.6,-9.156551724,12.56,610
511719.6,6940716.39,-8.757168139,13.65,610
511720.74,6940716.17,-8.375862069,14.82,610
511721.51,6940716.02,-8.058044791,15.6,610
511722.7,6940715.79,-7.595172414,16.81,610
511723.42,6940715.65,-7.247844463,17.55,610
511724.39,6940715.46,-6.814482759,18.54,610
511725.34,6940715.28,-6.342757457,19.5,610
511726.11,6940715.13,-6.033793103,20.28,610
511727.25,6940714.9,-5.61527363,21.45,610
511729.17,6940714.53,-5.284545714,23.4,610
511731.08,6940714.16,-5.324876363,25.35,610
511732.99,6940713.79,-5.66240915,27.3,610
511734.18,6940713.56,-6.033793103,28.5,610
511734.91,6940713.41,-6.287560212,29.25,610
511736.16,6940713.17,-6.814482759,30.52,610
511736.82,6940713.04,-7.103816189,31.2,610
511738.39,6940712.74,-7.595172414,32.8,610
511738.73,6940712.67,-7.68930911,33.14,610
511740.65,6940712.3,-7.772555433,35.09,610
511742.04,6940712.03,-7.595172414,36.51,610
511742.56,6940711.92,-7.510264339,37.04,610
511744.48,6940711.55,-7.105357828,38.99,610
511746.39,6940711.18,-6.86006286,40.94,610
511748.3,6940710.81,-6.833306877,42.89,610
511750.22,6940710.43,-6.935640914,44.84,610
511752.13,6940710.06,-7.009631586,46.79,610
511753.78,6940709.74,-6.814482759,48.47,610
511754.04,6940709.69,-6.761616401,48.74,610
511755.34,6940709.44,-6.033793103,50.06,610
511755.96,6940709.32,-5.589100956,50.69,610
511756.37,6940709.24,-5.253103448,51.12,610
511757.82,6940708.95,-4.472413793,52.59,610
511757.87,6940708.94,-4.456638145,52.64,610
511759.79,6940708.57,-4.1133798,54.59,610
511761.7,6940708.2,-4.01629684,56.54,610
511706.2,6940719,-11.20469935,0,615
511708.11,6940718.63,-11.19329131,1.95,615
511710.03,6940718.26,-11.17779935,3.9,615
511711.94,6940717.88,-11.08235351,5.85,615
511713.86,6940717.51,-10.75120534,7.8,615
511713.97,6940717.49,-10.71793103,7.92,615
511715.77,6940717.14,-10.16733707,9.75,615
511716.48,6940717,-9.937241379,10.47,615
511717.68,6940716.77,-9.502108866,11.7,615
511718.78,6940716.55,-9.156551724,12.81,615
511719.6,6940716.39,-8.848876311,13.65,615
511721.02,6940716.12,-8.375862069,15.1,615
511721.51,6940716.02,-8.172225443,15.6,615
511723,6940715.73,-7.595172414,17.11,615
511723.42,6940715.65,-7.389375281,17.55,615
511724.71,6940715.4,-6.814482759,18.86,615
511725.34,6940715.28,-6.501051351,19.5,615
511726.5,6940715.05,-6.033793103,20.69,615
511727.25,6940714.9,-5.76000392,21.45,615
511729.17,6940714.53,-5.413746347,23.4,615
511731.08,6940714.16,-5.44457769,25.35,615
511732.99,6940713.79,-5.784312671,27.3,615
511733.79,6940713.63,-6.033793103,28.11,615
511734.91,6940713.41,-6.423542329,29.25,615
511735.84,6940713.23,-6.814482759,30.19,615
511736.82,6940713.04,-7.245572644,31.2,615
511737.94,6940712.82,-7.595172414,32.34,615
511738.73,6940712.67,-7.815123304,33.14,615
511740.65,6940712.3,-7.89933728,35.09,615
511742.56,6940711.92,-7.654312732,37.04,615
511742.91,6940711.86,-7.595172414,37.39,615
511744.48,6940711.55,-7.260032536,38.99,615
511746.39,6940711.18,-7.006199765,40.94,615
511748.3,6940710.81,-6.975719636,42.89,615
511750.22,6940710.43,-7.086597998,44.84,615
511752.13,6940710.06,-7.184348962,46.79,615
511754.04,6940709.69,-6.981783016,48.74,615
511754.49,6940709.6,-6.814482759,49.19,615
511755.87,6940709.34,-6.033793103,50.6,615
511755.96,6940709.32,-5.966617763,50.69,615
511756.84,6940709.15,-5.253103448,51.59,615
511757.87,6940708.94,-4.702225145,52.64,615
511758.61,6940708.8,-4.472413793,53.39,615
511759.79,6940708.57,-4.258411224,54.59,615
511761.7,6940708.2,-4.138216734,56.54,615
511706.2,6940719,-11.24996774,0,620
511708.11,6940718.63,-11.24040147,1.95,620
511710.03,6940718.26,-11.22953621,3.9,620
511711.94,6940717.88,-11.14127464,5.85,620
511713.86,6940717.51,-10.81631121,7.8,620
511714.2,6940717.44,-10.71793103,8.15,620
511715.77,6940717.14,-10.23651672,9.75,620
511716.69,6940716.96,-9.937241379,10.69,620
511717.68,6940716.77,-9.579431666,11.7,620
511719.02,6940716.51,-9.156551724,13.06,620
511719.6,6940716.39,-8.940584482,13.65,620
511721.29,6940716.06,-8.375862069,15.38,620
511721.51,6940716.02,-8.286406095,15.6,620
511723.29,6940715.67,-7.595172414,17.41,620
511723.42,6940715.65,-7.5309061,17.55,620
511725.03,6940715.34,-6.814482759,19.18,620
511725.34,6940715.28,-6.659345245,19.5,620
511726.9,6940714.97,-6.033793103,21.09,620
511727.25,6940714.9,-5.90473421,21.45,620
511729.17,6940714.53,-5.54294698,23.4,620
511731.08,6940714.16,-5.564279016,25.35,620
511732.99,6940713.79,-5.906216192,27.3,620
511733.4,6940713.71,-6.033793103,27.71,620
511734.91,6940713.41,-6.559524447,29.25,620
511735.51,6940713.3,-6.814482759,29.86,620
511736.82,6940713.04,-7.387329099,31.2,620
511737.49,6940712.91,-7.595172414,31.87,620
511738.73,6940712.67,-7.940937498,33.14,620
511740.65,6940712.3,-8.026119128,35.09,620
511742.56,6940711.92,-7.779160353,37.04,620
511743.63,6940711.72,-7.595172414,38.13,620
511744.48,6940711.55,-7.414707245,38.99,620
511746.39,6940711.18,-7.152336671,40.94,620
511748.3,6940710.81,-7.118132395,42.89,620
511750.22,6940710.43,-7.237555082,44.84,620
511752.13,6940710.06,-7.359066339,46.79,620
511754.04,6940709.69,-7.185787818,48.74,620
511755.03,6940709.5,-6.814482759,49.75,620
511755.96,6940709.32,-6.286936317,50.69,620
511756.29,6940709.25,-6.033793103,51.03,620
511757.31,6940709.05,-5.253103448,52.07,620
511757.87,6940708.94,-4.951830176,52.64,620
511759.41,6940708.65,-4.472413793,54.2,620
511759.79,6940708.57,-4.403442649,54.59,620
511761.7,6940708.2,-4.260136628,56.54,620
511706.2,6940719,-11.29523614,0,625
511708.11,6940718.63,-11.28751162,1.95,625
511710.03,6940718.26,-11.28127308,3.9,625
511711.94,6940717.88,-11.20019577,5.85,625
511713.86,6940717.51,-10.88141707,7.8,625
511714.42,6940717.4,-10.71793103,8.38,625
511715.77,6940717.14,-10.30569638,9.75,625
511716.91,6940716.92,-9.937241379,10.91,625
511717.68,6940716.77,-9.656754467,11.7,625
511719.27,6940716.46,-9.156551724,13.31,625
511719.6,6940716.39,-9.032292654,13.65,625
511721.51,6940716.02,-8.395485839,15.6,625
511721.57,6940716.01,-8.375862069,15.66,625
511723.42,6940715.65,-7.656851357,17.55,625
511723.59,6940715.62,-7.595172414,17.72,625
511725.34,6940715.28,-6.817228359,19.5,625
511725.35,6940715.27,-6.814482759,19.5,625
511727.25,6940714.9,-6.049634065,21.45,625
511727.32,6940714.89,-6.033793103,21.52,625
511729.17,6940714.53,-5.672147612,23.4,625
511731.08,6940714.16,-5.683980342,25.35,625
511732.99,6940713.79,-6.028119714,27.3,625
511733.01,6940713.78,-6.033793103,27.31,625
511734.91,6940713.41,-6.695506565,29.25,625
511735.19,6940713.36,-6.814482759,29.53,625
511736.82,6940713.04,-7.529085554,31.2,625
511737.03,6940713,-7.595172414,31.41,625
511738.73,6940712.67,-8.066751692,33.14,625
511740.65,6940712.3,-8.152900976,35.09,625
511742.56,6940711.92,-7.904007975,37.04,625
511744.36,6940711.58,-7.595172414,38.87,625
511744.48,6940711.55,-7.569381953,38.99,625
511746.39,6940711.18,-7.298473577,40.94,625
511748.3,6940710.81,-7.260545154,42.89,625
511750.22,6940710.43,-7.388512166,44.84,625
511752.13,6940710.06,-7.533783716,46.79,625
511754.04,6940709.69,-7.38979262,48.74,625
511755.57,6940709.39,-6.814482759,50.3,625
511755.96,6940709.32,-6.594873954,50.69,625
511756.69,6940709.18,-6.033793103,51.43,625
511757.78,6940708.96,-5.253103448,52.54,625
511757.87,6940708.94,-5.201435207,52.64,625
511759.79,6940708.57,-4.566165913,54.59,625
511760.58,6940708.42,-4.472413793,55.4,625
511761.7,6940708.2,-4.382056522,56.54,625
511706.2,6940719,-11.34050453,0,630
511708.11,6940718.63,-11.33462177,1.95,630
511710.03,6940718.26,-11.33300995,3.9,630
511711.94,6940717.88,-11.2591169,5.85,630
511713.86,6940717.51,-10.94652294,7.8,630
511714.65,6940717.36,-10.71793103,8.61,630
511715.77,6940717.14,-10.37487604,9.75,630
511717.12,6940716.87,-9.937241379,11.13,630
511717.68,6940716.77,-9.734077267,11.7,630
511719.51,6940716.41,-9.156551724,13.56,630
511719.6,6940716.39,-9.124000826,13.65,630
511721.51,6940716.02,-8.486110066,15.6,630
511721.86,6940715.95,-8.375862069,15.96,630
511723.42,6940715.65,-7.769833009,17.55,630
511723.9,6940715.56,-7.595172414,18.03,630
511725.34,6940715.28,-6.954921472,19.5,630
511725.71,6940715.2,-6.814482759,19.88,630
511727.25,6940714.9,-6.195930353,21.45,630
511727.98,6940714.76,-6.033793103,22.19,630
511729.17,6940714.53,-5.801348245,23.4,630
511731.08,6940714.16,-5.803681668,25.35,630
511732.36,6940713.91,-6.033793103,26.65,630
511732.99,6940713.79,-6.150352666,27.3,630
511734.86,6940713.42,-6.814482759,29.2,630
511734.91,6940713.41,-6.830181965,29.25,630
511736.67,6940713.07,-7.595172414,31.04,630
511736.82,6940713.04,-7.659306165,31.2,630
511738.73,6940712.67,-8.192565886,33.14,630
511740.65,6940712.3,-8.279682824,35.09,630
511742.56,6940711.92,-8.028855596,37.04,630
511744.48,6940711.55,-7.696426572,38.99,630
511745.33,6940711.39,-7.595172414,39.87,630
511746.39,6940711.18,-7.444610483,40.94,630
511748.3,6940710.81,-7.402957913,42.89,630
511750.22,6940710.43,-7.53946925,44.84,630
511750.91,6940710.3,-7.595172414,45.55,630
511752.13,6940710.06,-7.679519,46.79,630
511754.03,6940709.69,-7.595172414,48.72,630
511754.04,6940709.69,-7.593797421,48.74,630
511755.96,6940709.32,-6.876204942,50.69,630
511756.06,6940709.3,-6.814482759,50.8,630
511757.09,6940709.1,-6.033793103,51.84,630
511757.87,6940708.94,-5.477774979,52.64,630
511758.29,6940708.86,-5.253103448,53.07,630
511759.79,6940708.57,-4.744932063,54.59,630
511761.7,6940708.2,-4.511019244,56.54,630
511706.2,6940719,-11.38577292,0,635
511708.11,6940718.63,-11.38173192,1.95,635
511710.03,6940718.26,-11.38474681,3.9,635
511711.94,6940717.88,-11.31803803,5.85,635
511713.86,6940717.51,-11.01162881,7.8,635
511714.87,6940717.31,-10.71793103,8.84,635
511715.77,6940717.14,-10.44405569,9.75,635
511717.33,6940716.83,-9.937241379,11.34,635
511717.68,6940716.77,-9.811400068,11.7,635
511719.6,6940716.39,-9.205191194,13.65,635
511719.77,6940716.36,-9.156551724,13.83,635
511721.51,6940716.02,-8.576734294,15.6,635
511722.15,6940715.9,-8.375862069,16.25,635
511723.42,6940715.65,-7.88281466,17.55,635
511724.21,6940715.5,-7.595172414,18.35,635
511725.34,6940715.28,-7.092614584,19.5,635
511726.07,6940715.13,-6.814482759,20.25,635
511727.25,6940714.9,-6.34222664,21.45,635
511728.64,6940714.63,-6.033793103,22.86,635
511729.17,6940714.53,-5.930548878,23.4,635
511731.08,6940714.16,-5.923382994,25.35,635
511731.69,6940714.04,-6.033793103,25.97,635
511732.99,6940713.79,-6.272601698,27.3,635
511734.52,6940713.49,-6.814482759,28.85,635
511734.91,6940713.41,-6.955715357,29.25,635
511736.38,6940713.13,-7.595172414,30.74,635
511736.82,6940713.04,-7.779451822,31.2,635
511738.73,6940712.67,-8.31838008,33.14,635
511739.99,6940712.43,-8.375862069,34.42,635
511740.65,6940712.3,-8.400397304,35.09,635
511740.88,6940712.25,-8.375862069,35.33,635
511742.56,6940711.92,-8.153703218,37.04,635
511744.48,6940711.55,-7.817942254,38.99,635
511746.36,6940711.19,-7.595172414,40.91,635
511746.39,6940711.18,-7.590747388,40.94,635
511748.3,6940710.81,-7.545370672,42.89,635
511748.99,6940710.67,-7.595172414,43.59,635
511750.22,6940710.43,-7.670442892,44.84,635
511752.13,6940710.06,-7.809555054,46.79,635
511754.04,6940709.69,-7.736861551,48.74,635
511754.61,6940709.58,-7.595172414,49.32,635
511755.96,6940709.32,-7.091384777,50.69,635
511756.43,6940709.23,-6.814482759,51.17,635
511757.49,6940709.02,-6.033793103,52.25,635
511757.87,6940708.94,-5.761093429,52.64,635
511758.82,6940708.76,-5.253103448,53.6,635
511759.79,6940708.57,-4.923698214,54.59,635
511761.7,6940708.2,-4.660144129,56.54,635
511706.2,6940719,-11.43104132,0,640
511708.11,6940718.63,-11.42884207,1.95,640
511710.03,6940718.26,-11.43648368,3.9,640
511711.94,6940717.88,-11.37695916,5.85,640
511713.86,6940717.51,-11.07673467,7.8,640
511715.1,6940717.27,-10.71793103,9.07,640
511715.77,6940717.14,-10.51323535,9.75,640
511717.55,6940716.79,-9.937241379,11.56,640
511717.68,6940716.77,-9.888722868,11.7,640
511719.6,6940716.39,-9.28059421,13.65,640
511720.04,6940716.31,-9.156551724,14.1,640
511721.51,6940716.02,-8.667358521,15.6,640
511722.45,6940715.84,-8.375862069,16.55,640
511723.42,6940715.65,-7.995796312,17.55,640
511724.52,6940715.44,-7.595172414,18.66,640
511725.34,6940715.28,-7.230307697,19.5,640
511726.44,6940715.06,-6.814482759,20.62,640
511727.25,6940714.9,-6.488522927,21.45,640
511729.17,6940714.53,-6.060382197,23.4,640
511731.08,6940714.16,-6.043275659,25.35,640
511732.99,6940713.79,-6.39485073,27.3,640
511734.18,6940713.56,-6.814482759,28.5,640
511734.91,6940713.41,-7.081248749,29.25,640
511736.09,6940713.18,-7.595172414,30.45,640
511736.82,6940713.04,-7.899597478,31.2,640
511738.5,6940712.71,-8.375862069,32.91,640
511738.73,6940712.67,-8.43176339,33.14,640
511740.65,6940712.3,-8.502042985,35.09,640
511741.82,6940712.07,-8.375862069,36.29,640
511742.56,6940711.92,-8.278550839,37.04,640
511744.48,6940711.55,-7.939457937,38.99,640
511746.39,6940711.18,-7.70902793,40.94,640
511748.3,6940710.81,-7.670187704,42.89,640
511750.22,6940710.43,-7.789730496,44.84,640
511752.13,6940710.06,-7.939591108,46.79,640
511754.04,6940709.69,-7.879512153,48.74,640
511755.19,6940709.47,-7.595172414,49.91,640
511755.96,6940709.32,-7.306564612,50.69,640
511756.79,6940709.15,-6.814482759,51.54,640
511757.87,6940708.94,-6.043571814,52.64,640
511757.89,6940708.94,-6.033793103,52.66,640
511759.34,6940708.66,-5.253103448,54.14,640
511759.79,6940708.57,-5.102464364,54.59,640
511761.7,6940708.2,-4.809269015,56.54,640
511706.2,6940719,-11.47630971,0,645
511708.11,6940718.63,-11.47595223,1.95,645
511710.03,6940718.26,-11.48822054,3.9,645
511711.94,6940717.88,-11.43588029,5.85,645
511713.86,6940717.51,-11.14184054,7.8,645
511715.33,6940717.22,-10.71793103,9.3,645
511715.77,6940717.14,-10.58241501,9.75,645
511717.68,6940716.77,-9.962326212,11.7,645
511717.77,6940716.75,-9.937241379,11.79,645
511719.6,6940716.39,-9.355997227,13.65,645
511720.32,6940716.25,-9.156551724,14.38,645
511721.51,6940716.02,-8.757982748,15.6,645
511722.74,6940715.78,-8.375862069,16.85,645
511723.42,6940715.65,-8.108777964,17.55,645
511724.83,6940715.38,-7.595172414,18.98,645
511725.34,6940715.28,-7.368000809,19.5,645
511726.8,6940714.99,-6.814482759,20.99,645
511727.25,6940714.9,-6.634819214,21.45,645
511729.17,6940714.53,-6.192732088,23.4,645
511731.08,6940714.16,-6.165442049,25.35,645
511732.99,6940713.79,-6.517099763,27.3,645
511733.83,6940713.62,-6.814482759,28.15,645
511734.91,6940713.41,-7.206782141,29.25,645
511735.8,6940713.24,-7.595172414,30.16,645
511736.82,6940713.04,-8.019743135,31.2,645
511738.08,6940712.8,-8.375862069,32.48,645
511738.73,6940712.67,-8.53468967,33.14,645
511740.65,6940712.3,-8.603688666,35.09,645
511742.56,6940711.92,-8.397909418,37.04,645
511742.71,6940711.89,-8.375862069,37.2,645
511744.48,6940711.55,-8.06097362,38.99,645
511746.39,6940711.18,-7.826438642,40.94,645
511748.3,6940710.81,-7.785542603,42.89,645
511750.22,6940710.43,-7.909018101,44.84,645
511752.13,6940710.06,-8.069627162,46.79,645
511754.04,6940709.69,-8.022162755,48.74,645
511755.76,6940709.36,-7.595172414,50.49,645
511755.96,6940709.32,-7.521744447,50.69,645
511757.16,6940709.08,-6.814482759,51.91,645
511757.87,6940708.94,-6.304476573,52.64,645
511758.3,6940708.86,-6.033793103,53.08,645
511759.79,6940708.57,-5.286135161,54.59,645
511759.93,6940708.54,-5.253103448,54.74,645
511761.7,6940708.2,-4.958393901,56.54,645
511706.2,6940719,-11.52427753,0,650
511708.11,6940718.63,-11.52600885,1.95,650
511710.03,6940718.26,-11.5452045,3.9,650
511711.8,6940717.91,-11.49862069,5.7,650
511711.94,6940717.88,-11.49480142,5.85,650
511713.86,6940717.51,-11.20694641,7.8,650
511715.55,6940717.18,-10.71793103,9.53,650
511715.77,6940717.14,-10.65159466,9.75,650
511717.68,6940716.77,-10.02966443,11.7,650
511718.01,6940716.7,-9.937241379,12.03,650
511719.6,6940716.39,-9.431400243,13.65,650
511720.59,6940716.2,-9.156551724,14.66,650
511721.51,6940716.02,-8.848606975,15.6,650
511723.03,6940715.73,-8.375862069,17.14,650
511723.42,6940715.65,-8.221759615,17.55,650
511725.14,6940715.31,-7.595172414,19.29,650
511725.34,6940715.28,-7.505693922,19.5,650
511727.17,6940714.92,-6.814482759,21.36,650
511727.25,6940714.9,-6.781115501,21.45,650
511729.17,6940714.53,-6.325081979,23.4,650
511731.08,6940714.16,-6.287608439,25.35,650
511732.99,6940713.79,-6.639348795,27.3,650
511733.49,6940713.69,-6.814482759,27.8,650
511734.91,6940713.41,-7.332315533,29.25,650
511735.51,6940713.3,-7.595172414,29.86,650
511736.82,6940713.04,-8.139888791,31.2,650
511737.65,6940712.88,-8.375862069,32.04,650
511738.73,6940712.67,-8.637615949,33.14,650
511740.65,6940712.3,-8.705334347,35.09,650
511742.56,6940711.92,-8.497870193,37.04,650
511743.39,6940711.76,-8.375862069,37.89,650
511744.48,6940711.55,-8.182489302,38.99,650
511746.39,6940711.18,-7.943849354,40.94,650
511748.3,6940710.81,-7.900897502,42.89,650
511750.22,6940710.43,-8.028305705,44.84,650
511752.13,6940710.06,-8.199663216,46.79,650
511754.04,6940709.69,-8.164813356,48.74,650
511755.96,6940709.32,-7.693534305,50.69,650
511756.19,6940709.27,-7.595172414,50.93,650
511757.52,6940709.01,-6.814482759,52.29,650
511757.87,6940708.94,-6.565381331,52.64,650
511758.72,6940708.78,-6.033793103,53.51,650
511759.79,6940708.57,-5.496073595,54.59,650
511760.82,6940708.37,-5.253103448,55.65,650
511761.7,6940708.2,-5.107518787,56.54,650
511706.2,6940719,-11.57486878,0,655
511708.11,6940718.63,-11.57879817,1.95,655
511710.03,6940718.26,-11.60350861,3.9,655
511711.94,6940717.88,-11.56138453,5.85,655
511712.35,6940717.8,-11.49862069,6.26,655
511713.86,6940717.51,-11.27205227,7.8,655
511715.77,6940717.14,-10.72066651,9.75,655
511715.78,6940717.14,-10.71793103,9.76,655
511717.68,6940716.77,-10.09700265,11.7,655
511718.24,6940716.66,-9.937241379,12.27,655
511719.6,6940716.39,-9.50680326,13.65,655
511720.86,6940716.15,-9.156551724,14.93,655
511721.51,6940716.02,-8.939231202,15.6,655
511723.32,6940715.67,-8.375862069,17.44,655
511723.42,6940715.65,-8.334741267,17.55,655
511725.34,6940715.28,-7.634589518,19.5,655
511725.46,6940715.25,-7.595172414,19.62,655
511727.25,6940714.9,-6.916463717,21.45,655
511727.68,6940714.82,-6.814482759,21.88,655
511729.17,6940714.53,-6.45743187,23.4,655
511731.08,6940714.16,-6.409774829,25.35,655
511732.99,6940713.79,-6.761597827,27.3,655
511733.14,6940713.76,-6.814482759,27.45,655
511734.91,6940713.41,-7.457848925,29.25,655
511735.22,6940713.35,-7.595172414,29.57,655
511736.82,6940713.04,-8.260034447,31.2,655
511737.23,6940712.96,-8.375862069,31.61,655
511738.73,6940712.67,-8.740542229,33.14,655
511740.65,6940712.3,-8.806980029,35.09,655
511742.56,6940711.92,-8.597830968,37.04,655
511744.07,6940711.63,-8.375862069,38.58,655
511744.48,6940711.55,-8.304004985,38.99,655
511746.39,6940711.18,-8.061260066,40.94,655
511748.3,6940710.81,-8.016252401,42.89,655
511750.22,6940710.43,-8.147593309,44.84,655
511752.13,6940710.06,-8.32969927,46.79,655
511754.04,6940709.69,-8.307463958,48.74,655
511755.96,6940709.32,-7.842848003,50.69,655
511756.54,6940709.2,-7.595172414,51.28,655
511757.87,6940708.94,-6.823620104,52.64,655
511757.89,6940708.94,-6.814482759,52.66,655
511759.14,6940708.7,-6.033793103,53.93,655
511759.79,6940708.57,-5.706012028,54.59,655
511761.7,6940708.2,-5.257323027,56.54,655
511706.2,6940719,-11.62546002,0,660
511708.11,6940718.63,-11.63158749,1.95,660
511710.03,6940718.26,-11.66181272,3.9,660
511711.94,6940717.88,-11.62849872,5.85,660
511712.78,6940717.72,-11.49862069,6.7,660
511713.86,6940717.51,-11.33715814,7.8,660
511715.77,6940717.14,-10.78722317,9.75,660
511715.98,6940717.1,-10.71793103,9.97,660
511717.68,6940716.77,-10.16434086,11.7,660
511718.48,6940716.61,-9.937241379,12.51,660
511719.6,6940716.39,-9.582206276,13.65,660
511721.13,6940716.09,-9.156551724,15.21,660
511721.51,6940716.02,-9.02985543,15.6,660
511723.42,6940715.65,-8.433683794,17.55,660
511723.62,6940715.61,-8.375862069,17.75,660
511725.34,6940715.28,-7.747158356,19.5,660
511725.81,6940715.18,-7.595172414,19.98,660
511727.25,6940714.9,-7.048577095,21.45,660
511728.23,6940714.71,-6.814482759,22.44,660
511729.17,6940714.53,-6.589781761,23.4,660
511731.08,6940714.16,-6.531941219,25.35,660
511732.62,6940713.86,-6.814482759,26.91,660
511732.99,6940713.79,-6.880571631,27.3,660
511734.91,6940713.41,-7.583382318,29.25,660
511734.93,6940713.41,-7.595172414,29.27,660
511736.81,6940713.04,-8.375862069,31.19,660
511736.82,6940713.04,-8.379537765,31.2,660
511738.73,6940712.67,-8.843468508,33.14,660
511740.65,6940712.3,-8.90862571,35.09,660
511742.56,6940711.92,-8.697791743,37.04,660
511744.48,6940711.55,-8.416067412,38.99,660
511744.85,6940711.48,-8.375862069,39.38,660
511746.39,6940711.18,-8.178670778,40.94,660
511748.3,6940710.81,-8.131607299,42.89,660
511750.22,6940710.43,-8.266880914,44.84,660
511751.34,6940710.22,-8.375862069,45.99,660
511752.13,6940710.06,-8.440805428,46.79,660
511754.04,6940709.69,-8.430973859,48.74,660
511754.37,6940709.63,-8.375862069,49.07,660
511755.96,6940709.32,-7.992161701,50.69,660
511756.89,6940709.14,-7.595172414,51.64,660
511757.87,6940708.94,-7.025595034,52.64,660
511758.25,6940708.87,-6.814482759,53.03,660
511759.55,6940708.62,-6.033793103,54.35,660
511759.79,6940708.57,-5.915950462,54.59,660
511761.7,6940708.2,-5.43506435,56.54,660
511706.2,6940719,-11.67605126,0,665
511708.11,6940718.63,-11.68437681,1.95,665
511710.03,6940718.26,-11.72011682,3.9,665
511711.94,6940717.88,-11.6956129,5.85,665
511713.21,6940717.64,-11.49862069,7.15,665
511713.86,6940717.51,-11.40226401,7.8,665
511715.77,6940717.14,-10.85377983,9.75,665
511716.19,6940717.06,-10.71793103,10.18,665
511717.68,6940716.77,-10.23167908,11.7,665
511718.72,6940716.56,-9.937241379,12.75,665
511719.6,6940716.39,-9.657609293,13.65,665
511721.4,6940716.04,-9.156551724,15.49,665
511721.51,6940716.02,-9.120479657,15.6,665
511723.42,6940715.65,-8.524592739,17.55,665
511723.93,6940715.55,-8.375862069,18.06,665
511725.34,6940715.28,-7.859727194,19.5,665
511726.16,6940715.12,-7.595172414,20.33,665
511727.25,6940714.9,-7.180690472,21.45,665
511728.78,6940714.61,-6.814482759,23,665
511729.17,6940714.53,-6.722131652,23.4,665
511731.08,6940714.16,-6.654107609,25.35,665
511731.95,6940713.99,-6.814482759,26.23,665
511732.99,6940713.79,-6.997048318,27.3,665
511734.62,6940713.47,-7.595172414,28.95,665
511734.91,6940713.41,-7.696890702,29.25,665
511736.54,6940713.1,-8.375862069,30.91,665
511736.82,6940713.04,-8.481810894,31.2,665
511738.73,6940712.67,-8.946394788,33.14,665
511740.65,6940712.3,-9.010271391,35.09,665
511742.56,6940711.92,-8.797752518,37.04,665
511744.48,6940711.55,-8.51445077,38.99,665
511745.77,6940711.3,-8.375862069,40.31,665
511746.39,6940711.18,-8.29608149,40.94,665
511748.3,6940710.81,-8.246962198,42.89,665
511750.08,6940710.46,-8.375862069,44.7,665
511750.22,6940710.43,-8.384203513,44.84,665
511752.13,6940710.06,-8.541492806,46.79,665
511754.04,6940709.69,-8.536852192,48.74,665
511754.99,6940709.51,-8.375862069,49.7,665
511755.96,6940709.32,-8.141475399,50.69,665
511757.24,6940709.07,-7.595172414,51.99,665
511757.87,6940708.94,-7.227569963,52.64,665
511758.61,6940708.8,-6.814482759,53.4,665
511759.79,6940708.57,-6.127125239,54.59,665
511760.09,6940708.51,-6.033793103,54.9,665
511761.7,6940708.2,-5.612805672,56.54,665
511706.2,6940719,-11.7266425,0,670
511708.11,6940718.63,-11.73716613,1.95,670
511710.03,6940718.26,-11.77842093,3.9,670
511711.94,6940717.88,-11.76272709,5.85,670
511713.65,6940717.55,-11.49862069,7.59,670
511713.86,6940717.51,-11.46736987,7.8,670
511715.77,6940717.14,-10.92033649,9.75,670
511716.4,6940717.02,-10.71793103,10.39,670
511717.68,6940716.77,-10.2990173,11.7,670
511718.96,6940716.52,-9.937241379,12.99,670
511719.6,6940716.39,-9.733012309,13.65,670
511721.51,6940716.02,-9.20185067,15.6,670
511721.69,6940715.99,-9.156551724,15.78,670
511723.42,6940715.65,-8.615501684,17.55,670
511724.24,6940715.49,-8.375862069,18.37,670
511725.34,6940715.28,-7.972296031,19.5,670
511726.51,6940715.05,-7.595172414,20.69,670
511727.25,6940714.9,-7.31280385,21.45,670
511729.17,6940714.53,-6.851899822,23.4,670
511730.11,6940714.35,-6.814482759,24.35,670
511731.08,6940714.16,-6.776273998,25.35,670
511731.29,6940714.12,-6.814482759,25.56,670
511732.99,6940713.79,-7.113525005,27.3,670
511734.3,6940713.53,-7.595172414,28.63,670
511734.91,6940713.41,-7.80915263,29.25,670
511736.27,6940713.15,-8.375862069,30.63,670
511736.82,6940713.04,-8.584084023,31.2,670
511738.73,6940712.67,-9.049321068,33.14,670
511740.65,6940712.3,-9.111917073,35.09,670
511742.56,6940711.92,-8.897713293,37.04,670
511744.48,6940711.55,-8.612834128,38.99,670
511746.39,6940711.18,-8.406809784,40.94,670
511747.79,6940710.91,-8.375862069,42.37,670
511748.3,6940710.81,-8.362317097,42.89,670
511748.49,6940710.77,-8.375862069,43.08,670
511750.22,6940710.43,-8.480748005,44.84,670
511752.13,6940710.06,-8.642180184,46.79,670
511754.04,6940709.69,-8.642730526,48.74,670
511755.61,6940709.39,-8.375862069,50.33,670
511755.96,6940709.32,-8.290789097,50.69,670
511757.59,6940709,-7.595172414,52.35,670
511757.87,6940708.94,-7.429544893,52.64,670
511758.98,6940708.73,-6.814482759,53.77,670
511759.79,6940708.57,-6.339881999,54.59,670
511760.77,6940708.38,-6.033793103,55.59,670
511761.7,6940708.2,-5.790546994,56.54,670
511706.2,6940719,-11.77723375,0,675
511708.11,6940718.63,-11.78995545,1.95,675
511710.03,6940718.26,-11.83672504,3.9,675
511711.94,6940717.88,-11.82984128,5.85,675
511713.86,6940717.51,-11.53766351,7.8,675
511713.98,6940717.49,-11.49862069,7.92,675
511715.77,6940717.14,-10.98689315,9.75,675
511716.6,6940716.98,-10.71793103,10.6,675
511717.68,6940716.77,-10.36635551,11.7,675
511719.19,6940716.47,-9.937241379,13.24,675
511719.6,6940716.39,-9.808415326,13.65,675
511721.51,6940716.02,-9.277103088,15.6,675
511721.98,6940715.93,-9.156551724,16.07,675
511723.42,6940715.65,-8.706410629,17.55,675
511724.54,6940715.43,-8.375862069,18.69,675
511725.34,6940715.28,-8.084864869,19.5,675
511726.86,6940714.98,-7.595172414,21.04,675
511727.25,6940714.9,-7.444917227,21.45,675
511729.17,6940714.53,-6.975707192,23.4,675
511731.08,6940714.16,-6.89471766,25.35,675
511732.99,6940713.79,-7.230001693,27.3,675
511733.99,6940713.59,-7.595172414,28.31,675
511734.91,6940713.41,-7.921414558,29.25,675
511736,6940713.2,-8.375862069,30.36,675
511736.82,6940713.04,-8.686357151,31.2,675
511738.73,6940712.67,-9.152247347,33.14,675
511738.87,6940712.64,-9.156551724,33.28,675
511740.65,6940712.3,-9.204452579,35.09,675
511741.15,6940712.2,-9.156551724,35.6,675
511742.56,6940711.92,-8.997674068,37.04,675
511744.48,6940711.55,-8.711217486,38.99,675
511746.39,6940711.18,-8.503370515,40.94,675
511748.3,6940710.81,-8.459987312,42.89,675
511750.22,6940710.43,-8.577292497,44.84,675
511752.13,6940710.06,-8.742867562,46.79,675
511754.04,6940709.69,-8.748608859,48.74,675
511755.96,6940709.32,-8.423117482,50.69,675
511756.11,6940709.29,-8.375862069,50.84,675
511757.87,6940708.94,-7.621877016,52.64,675
511757.93,6940708.93,-7.595172414,52.7,675
511759.34,6940708.66,-6.814482759,54.14,675
511759.79,6940708.57,-6.552638759,54.59,675
511761.45,6940708.25,-6.033793103,56.29,675
511761.7,6940708.2,-5.968288317,56.54,675
511706.2,6940719,-11.82782499,0,680
511708.11,6940718.63,-11.84274477,1.95,680
511710.03,6940718.26,-11.89502914,3.9,680
511711.94,6940717.88,-11.89695546,5.85,680
511713.86,6940717.51,-11.61274585,7.8,680
511714.21,6940717.44,-11.49862069,8.16,680
511715.77,6940717.14,-11.05344981,9.75,680
511716.81,6940716.94,-10.71793103,10.81,680
511717.68,6940716.77,-10.43369373,11.7,680
511719.43,6940716.43,-9.937241379,13.48,680
511719.6,6940716.39,-9.883818342,13.65,680
511721.51,6940716.02,-9.352355506,15.6,680
511722.27,6940715.87,-9.156551724,16.37,680
511723.42,6940715.65,-8.797319574,17.55,680
511724.85,6940715.37,-8.375862069,19,680
511725.34,6940715.28,-8.197433707,19.5,680
511727.2,6940714.91,-7.595172414,21.4,680
511727.25,6940714.9,-7.577030605,21.45,680
511729.17,6940714.53,-7.099514561,23.4,680
511731.08,6940714.16,-7.011467124,25.35,680
511732.99,6940713.79,-7.34647838,27.3,680
511733.67,6940713.65,-7.595172414,27.98,680
511734.91,6940713.41,-8.033676486,29.25,680
511735.73,6940713.25,-8.375862069,30.08,680
511736.82,6940713.04,-8.78863028,31.2,680
511738.33,6940712.75,-9.156551724,32.73,680
511738.73,6940712.67,-9.240453481,33.14,680
511740.65,6940712.3,-9.289855616,35.09,680
511742.04,6940712.03,-9.156551724,36.51,680
511742.56,6940711.92,-9.097634843,37.04,680
511744.48,6940711.55,-8.809600844,38.99,680
511746.39,6940711.18,-8.599931247,40.94,680
511748.3,6940710.81,-8.555304726,42.89,680
511750.22,6940710.43,-8.673836989,44.84,680
511752.13,6940710.06,-8.84355494,46.79,680
511754.04,6940709.69,-8.854487192,48.74,680
511755.96,6940709.32,-8.532952489,50.69,680
511756.46,6940709.22,-8.375862069,51.2,680
511757.87,6940708.94,-7.770268891,52.64,680
511758.27,6940708.87,-7.595172414,53.05,680
511759.7,6940708.59,-6.814482759,54.51,680
511759.79,6940708.57,-6.765395519,54.59,680
511761.7,6940708.2,-6.152785092,56.54,680
511706.2,6940719,-11.87841623,0,685
511708.11,6940718.63,-11.89553409,1.95,685
511710.03,6940718.26,-11.95333325,3.9,685
511711.94,6940717.88,-11.96406965,5.85,685
511713.86,6940717.51,-11.68782819,7.8,685
511714.44,6940717.4,-11.49862069,8.4,685
511715.77,6940717.14,-11.12000647,9.75,685
511717.02,6940716.9,-10.71793103,11.02,685
511717.68,6940716.77,-10.50103195,11.7,685
511719.6,6940716.39,-9.956524413,13.65,685
511719.68,6940716.38,-9.937241379,13.73,685
511721.51,6940716.02,-9.427607924,15.6,685
511722.56,6940715.82,-9.156551724,16.67,685
511723.42,6940715.65,-8.888228519,17.55,685
511725.16,6940715.31,-8.375862069,19.31,685
511725.34,6940715.28,-8.310002545,19.5,685
511727.25,6940714.9,-7.691309071,21.45,685
511727.68,6940714.82,-7.595172414,21.88,685
511729.17,6940714.53,-7.223321931,23.4,685
511731.08,6940714.16,-7.128216588,25.35,685
511732.99,6940713.79,-7.462955067,27.3,685
511733.35,6940713.72,-7.595172414,27.66,685
511734.91,6940713.41,-8.145938414,29.25,685
511735.46,6940713.31,-8.375862069,29.81,685
511736.82,6940713.04,-8.890903409,31.2,685
511737.91,6940712.83,-9.156551724,32.31,685
511738.73,6940712.67,-9.32801715,33.14,685
511740.65,6940712.3,-9.375258653,35.09,685
511742.56,6940711.92,-9.191031901,37.04,685
511742.83,6940711.87,-9.156551724,37.32,685
511744.48,6940711.55,-8.907984202,38.99,685
511746.39,6940711.18,-8.696491979,40.94,685
511748.3,6940710.81,-8.650622141,42.89,685
511750.22,6940710.43,-8.77038148,44.84,685
511752.13,6940710.06,-8.944242319,46.79,685
511754.04,6940709.69,-8.960365525,48.74,685
511755.96,6940709.32,-8.642787496,50.69,685
511756.8,6940709.15,-8.375862069,51.55,685
511757.87,6940708.94,-7.918660766,52.64,685
511758.61,6940708.8,-7.595172414,53.39,685
511759.79,6940708.57,-6.955292147,54.59,685
511760.23,6940708.49,-6.814482759,55.05,685
511761.7,6940708.2,-6.341224564,56.54,685
511706.2,6940719,-11.92900747,0,690
511708.11,6940718.63,-11.94832341,1.95,690
511710.03,6940718.26,-12.01163736,3.9,690
511711.94,6940717.88,-12.03118383,5.85,690
511713.86,6940717.51,-11.76291053,7.8,690
511714.68,6940717.35,-11.49862069,8.63,690
511715.77,6940717.14,-11.18656313,9.75,690
511717.22,6940716.85,-10.71793103,11.23,690
511717.68,6940716.77,-10.56837016,11.7,690
511719.6,6940716.39,-10.02267547,13.65,690
511719.95,6940716.33,-9.937241379,14,690
511721.51,6940716.02,-9.502860342,15.6,690
511722.85,6940715.76,-9.156551724,16.97,690
511723.42,6940715.65,-8.979137464,17.55,690
511725.34,6940715.28,-8.413933257,19.5,690
511725.48,6940715.25,-8.375862069,19.64,690
511727.25,6940714.9,-7.802748605,21.45,690
511728.17,6940714.72,-7.595172414,22.39,690
511729.17,6940714.53,-7.347129301,23.4,690
511731.08,6940714.16,-7.244966052,25.35,690
511732.99,6940713.79,-7.579431754,27.3,690
511733.04,6940713.78,-7.595172414,27.34,690
511734.91,6940713.41,-8.258200342,29.25,690
511735.19,6940713.36,-8.375862069,29.53,690
511736.82,6940713.04,-8.993176537,31.2,690
511737.49,6940712.91,-9.156551724,31.88,690
511738.73,6940712.67,-9.415580819,33.14,690
511740.65,6940712.3,-9.460661689,35.09,690
511742.56,6940711.92,-9.275007004,37.04,690
511743.48,6940711.75,-9.156551724,37.98,690
511744.48,6940711.55,-9.00636756,38.99,690
511746.39,6940711.18,-8.793052711,40.94,690
511748.3,6940710.81,-8.745939555,42.89,690
511750.22,6940710.43,-8.866925972,44.84,690
511752.13,6940710.06,-9.044929697,46.79,690
511754.04,6940709.69,-9.066243859,48.74,690
511755.96,6940709.32,-8.752622503,50.69,690
511757.15,6940709.09,-8.375862069,51.91,690
511757.87,6940708.94,-8.067052641,52.64,690
511758.94,6940708.74,-7.595172414,53.73,690
511759.79,6940708.57,-7.138332637,54.59,690
511760.82,6940708.37,-6.814482759,55.64,690
511761.7,6940708.2,-6.529664035,56.54,690
511706.2,6940719,-11.97959872,0,695
511708.11,6940718.63,-12.00111273,1.95,695
511710.03,6940718.26,-12.06994146,3.9,695
511711.94,6940717.88,-12.09829802,5.85,695
511713.86,6940717.51,-11.83799287,7.8,695
511714.91,6940717.31,-11.49862069,8.87,695
511715.77,6940717.14,-11.25311979,9.75,695
511717.43,6940716.81,-10.71793103,11.44,695
511717.68,6940716.77,-10.63570838,11.7,695
511719.6,6940716.39,-10.08882653,13.65,695
511720.22,6940716.27,-9.937241379,14.28,695
511721.51,6940716.02,-9.57811276,15.6,695
511723.15,6940715.7,-9.156551724,17.26,695
511723.42,6940715.65,-9.070046409,17.55,695
511725.34,6940715.28,-8.505684326,19.5,695
511725.83,6940715.18,-8.375862069,19.99,695
511727.25,6940714.9,-7.914188139,21.45,695
511728.67,6940714.63,-7.595172414,22.89,695
511729.17,6940714.53,-7.470936671,23.4,695
511731.08,6940714.16,-7.361715516,25.35,695
511732.42,6940713.9,-7.595172414,26.71,695
511732.99,6940713.79,-7.687677758,27.3,695
511734.91,6940713.41,-8.37046227,29.25,695
511734.92,6940713.41,-8.375862069,29.26,695
511736.82,6940713.04,-9.095449666,31.2,695
511737.07,6940712.99,-9.156551724,31.45,695
511738.73,6940712.67,-9.503144489,33.14,695
511740.65,6940712.3,-9.546064726,35.09,695
511742.56,6940711.92,-9.358982106,37.04,695
511744.13,6940711.62,-9.156551724,38.64,695
511744.48,6940711.55,-9.104750918,38.99,695
511746.39,6940711.18,-8.889613443,40.94,695
511748.3,6940710.81,-8.841256969,42.89,695
511750.22,6940710.43,-8.963470464,44.84,695
511752.13,6940710.06,-9.145617075,46.79,695
511752.94,6940709.9,-9.156551724,47.62,695
511754.04,6940709.69,-9.16897925,48.74,695
511754.14,6940709.67,-9.156551724,48.84,695
511755.96,6940709.32,-8.86245751,50.69,695
511757.5,6940709.02,-8.375862069,52.26,695
511757.87,6940708.94,-8.215444516,52.64,695
511759.28,6940708.67,-7.595172414,54.08,695
511759.79,6940708.57,-7.321373127,54.59,695
511761.4,6940708.26,-6.814482759,56.24,695
511761.7,6940708.2,-6.718103507,56.54,695
511706.2,6940719,-12.03018996,0,700
511708.11,6940718.63,-12.05390206,1.95,700
511710.03,6940718.26,-12.12824557,3.9,700
511711.94,6940717.88,-12.1654122,5.85,700
511713.86,6940717.51,-11.91307521,7.8,700
511715.14,6940717.26,-11.49862069,9.11,700
511715.77,6940717.14,-11.31967645,9.75,700
511717.64,6940716.77,-10.71793103,11.65,700
511717.68,6940716.77,-10.7030466,11.7,700
511719.6,6940716.39,-10.15497759,13.65,700
511720.49,6940716.22,-9.937241379,14.56,700
511721.51,6940716.02,-9.653365178,15.6,700
511723.42,6940715.65,-9.160233649,17.55,700
511723.44,6940715.65,-9.156551724,17.56,700
511725.34,6940715.28,-8.597435394,19.5,700
511726.17,6940715.11,-8.375862069,20.34,700
511727.25,6940714.9,-8.025627673,21.45,700
511729.16,6940714.53,-7.595172414,23.39,700
511729.17,6940714.53,-7.59474404,23.4,700
511731.08,6940714.16,-7.47846498,25.35,700
511731.75,6940714.03,-7.595172414,26.03,700
511732.99,6940713.79,-7.794637663,27.3,700
511734.62,6940713.47,-8.375862069,28.95,700
511734.91,6940713.41,-8.470756655,29.25,700
511736.71,6940713.06,-9.156551724,31.09,700
511736.82,6940713.04,-9.192526196,31.2,700
511738.73,6940712.67,-9.590708158,33.14,700
511740.65,6940712.3,-9.631467763,35.09,700
511742.56,6940711.92,-9.442957208,37.04,700
511744.48,6940711.55,-9.19598396,38.99,700
511744.88,6940711.47,-9.156551724,39.41,700
511746.39,6940711.18,-8.986174175,40.94,700
511748.3,6940710.81,-8.936574383,42.89,700
511750.22,6940710.43,-9.060014956,44.84,700
511751.23,6940710.24,-9.156551724,45.87,700
511752.13,6940710.06,-9.230138143,46.79,700
511754.04,6940709.69,-9.253485752,48.74,700
511754.82,6940709.54,-9.156551724,49.53,700
511755.96,6940709.32,-8.972292517,50.69,700
511757.84,6940708.95,-8.375862069,52.61,700
511757.87,6940708.94,-8.363836391,52.64,700
511759.62,6940708.6,-7.595172414,54.42,700
511759.79,6940708.57,-7.504413617,54.59,700
511761.7,6940708.2,-6.898369576,56.54,700
511706.2,6940719,-12.0807812,0,705
511708.11,6940718.63,-12.10669138,1.95,705
511710.03,6940718.26,-12.18654968,3.9,705
511711.94,6940717.88,-12.23252639,5.85,705
511713.86,6940717.51,-11.98815755,7.8,705
511715.38,6940717.21,-11.49862069,9.35,705
511715.77,6940717.14,-11.38623311,9.75,705
511717.68,6940716.77,-10.76858229,11.7,705
511717.86,6940716.73,-10.71793103,11.88,705
511719.6,6940716.39,-10.22112865,13.65,705
511720.76,6940716.17,-9.937241379,14.83,705
511721.51,6940716.02,-9.728617596,15.6,705
511723.42,6940715.65,-9.236243655,17.55,705
511723.75,6940715.58,-9.156551724,17.88,705
511725.34,6940715.28,-8.689186462,19.5,705
511726.51,6940715.05,-8.375862069,20.69,705
511727.25,6940714.9,-8.137067207,21.45,705
511729.17,6940714.53,-7.703616163,23.4,705
511731.08,6940714.16,-7.59521068,25.35,705
511732.99,6940713.79,-7.901597569,27.3,705
511734.32,6940713.53,-8.375862069,28.65,705
511734.91,6940713.41,-8.570446314,29.25,705
511736.45,6940713.11,-9.156551724,30.82,705
511736.82,6940713.04,-9.281890445,31.2,705
511738.73,6940712.67,-9.678271827,33.14,705
511740.65,6940712.3,-9.7168708,35.09,705
511742.56,6940711.92,-9.526932311,37.04,705
511744.48,6940711.55,-9.279265696,38.99,705
511745.74,6940711.31,-9.156551724,40.28,705
511746.39,6940711.18,-9.082734907,40.94,705
511748.3,6940710.81,-9.031891797,42.89,705
511750.22,6940710.43,-9.156551724,44.84,705
511750.22,6940710.43,-9.156558249,44.84,705
511752.13,6940710.06,-9.312689655,46.79,705
511754.04,6940709.69,-9.337992254,48.74,705
511755.5,6940709.41,-9.156551724,50.22,705
511755.96,6940709.32,-9.082127523,50.69,705
511757.87,6940708.94,-8.479009678,52.64,705
511758.17,6940708.89,-8.375862069,52.95,705
511759.79,6940708.57,-7.668055054,54.59,705
511760.06,6940708.52,-7.595172414,54.87,705
511761.7,6940708.2,-7.070078784,56.54,705
511706.2,6940719,-12.13137244,0,710
511708.11,6940718.63,-12.1594807,1.95,710
511710.03,6940718.26,-12.24485378,3.9,710
511711.29,6940718.01,-12.27931034,5.19,710
511711.94,6940717.88,-12.31337011,5.85,710
511712.12,6940717.85,-12.27931034,6.03,710
511713.86,6940717.51,-12.06323989,7.8,710
511715.61,6940717.17,-11.49862069,9.58,710
511715.77,6940717.14,-11.45278977,9.75,710
511717.68,6940716.77,-10.83360649,11.7,710
511718.09,6940716.69,-10.71793103,12.12,710
511719.6,6940716.39,-10.28727971,13.65,710
511721.03,6940716.11,-9.937241379,15.11,710
511721.51,6940716.02,-9.803870014,15.6,710
511723.42,6940715.65,-9.312253662,17.55,710
511724.06,6940715.52,-9.156551724,18.2,710
511725.34,6940715.28,-8.780937531,19.5,710
511726.86,6940714.98,-8.375862069,21.05,710
511727.25,6940714.9,-8.248506741,21.45,710
511729.17,6940714.53,-7.81243643,23.4,710
511731.08,6940714.16,-7.701506501,25.35,710
511732.99,6940713.79,-8.008557475,27.3,710
511734.02,6940713.59,-8.375862069,28.34,710
511734.91,6940713.41,-8.670135972,29.25,710
511736.19,6940713.16,-9.156551724,30.55,710
511736.82,6940713.04,-9.371254695,31.2,710
511738.73,6940712.67,-9.765835497,33.14,710
511740.65,6940712.3,-9.802273836,35.09,710
511742.56,6940711.92,-9.610907413,37.04,710
511744.48,6940711.55,-9.362547432,38.99,710
511746.39,6940711.18,-9.176006605,40.94,710
511747.22,6940711.02,-9.156551724,41.79,710
511748.3,6940710.81,-9.127209211,42.89,710
511748.75,6940710.72,-9.156551724,43.35,710
511750.22,6940710.43,-9.238115244,44.84,710
511752.13,6940710.06,-9.395241168,46.79,710
511754.04,6940709.69,-9.422498756,48.74,710
511755.96,6940709.32,-9.184620306,50.69,710
511756.07,6940709.29,-9.156551724,50.81,710
511757.87,6940708.94,-8.591253529,52.64,710
511758.5,6940708.82,-8.375862069,53.29,710
511759.79,6940708.57,-7.812617575,54.59,710
511760.59,6940708.42,-7.595172414,55.41,710
511761.7,6940708.2,-7.241787993,56.54,710
511706.2,6940719,-12.18196369,0,715
511708.11,6940718.63,-12.21227002,1.95,715
511709.56,6940718.35,-12.27931034,3.42,715
511710.03,6940718.26,-12.31894809,3.9,715
511711.94,6940717.88,-12.42580828,5.85,715
511712.73,6940717.73,-12.27931034,6.65,715
511713.86,6940717.51,-12.13832223,7.8,715
511715.77,6940717.14,-11.52263171,9.75,715
511715.83,6940717.13,-11.49862069,9.81,715
511717.68,6940716.77,-10.89863069,11.7,715
511718.32,6940716.64,-10.71793103,12.35,715
511719.6,6940716.39,-10.35343076,13.65,715
511721.3,6940716.06,-9.937241379,15.38,715
511721.51,6940716.02,-9.879122432,15.6,715
511723.42,6940715.65,-9.388263668,17.55,715
511724.37,6940715.46,-9.156551724,18.51,715
511725.34,6940715.28,-8.872688599,19.5,715
511727.2,6940714.91,-8.375862069,21.4,715
511727.25,6940714.9,-8.359946275,21.45,715
511729.17,6940714.53,-7.921256697,23.4,715
511731.08,6940714.16,-7.807802322,25.35,715
511732.99,6940713.79,-8.11551738,27.3,715
511733.72,6940713.64,-8.375862069,28.04,715
511734.91,6940713.41,-8.769825631,29.25,715
511735.93,6940713.22,-9.156551724,30.28,715
511736.82,6940713.04,-9.460618944,31.2,715
511738.73,6940712.67,-9.853399166,33.14,715
511740.65,6940712.3,-9.887676873,35.09,715
511742.56,6940711.92,-9.694882516,37.04,715
511744.48,6940711.55,-9.445829168,38.99,715
511746.39,6940711.18,-9.258603534,40.94,715
511748.3,6940710.81,-9.213133674,42.89,715
511750.22,6940710.43,-9.319672239,44.84,715
511752.13,6940710.06,-9.47779268,46.79,715
511754.04,6940709.69,-9.507005258,48.74,715
511755.96,6940709.32,-9.271681666,50.69,715
511756.43,6940709.23,-9.156551724,51.17,715
511757.87,6940708.94,-8.70349738,52.64,715
511758.83,6940708.76,-8.375862069,53.62,715
511759.79,6940708.57,-7.957180096,54.59,715
511761.13,6940708.31,-7.595172414,55.96,715
511761.7,6940708.2,-7.413497202,56.54,715
511706.2,6940719,-12.23255493,0,720
511708.11,6940718.63,-12.26505934,1.95,720
511708.42,6940718.57,-12.27931034,2.26,720
511710.03,6940718.26,-12.41585714,3.9,720
511711.94,6940717.88,-12.53824644,5.85,720
511713.33,6940717.61,-12.27931034,7.26,720
511713.86,6940717.51,-12.21340457,7.8,720
511715.77,6940717.14,-11.59973838,9.75,720
511716.03,6940717.09,-11.49862069,10.02,720
511717.68,6940716.77,-10.96365489,11.7,720
511718.56,6940716.6,-10.71793103,12.59,720
511719.6,6940716.39,-10.41958182,13.65,720
511721.51,6940716.02,-9.952345244,15.6,720
511721.58,6940716.01,-9.937241379,15.67,720
511723.42,6940715.65,-9.464273675,17.55,720
511724.69,6940715.4,-9.156551724,18.83,720
511725.34,6940715.28,-8.964439667,19.5,720
511727.25,6940714.9,-8.455391017,21.45,720
511727.66,6940714.82,-8.375862069,21.86,720
511729.17,6940714.53,-8.030076964,23.4,720
511731.08,6940714.16,-7.914098142,25.35,720
511732.99,6940713.79,-8.222477286,27.3,720
511733.42,6940713.7,-8.375862069,27.73,720
511734.91,6940713.41,-8.86951529,29.25,720
511735.66,6940713.27,-9.156551724,30.02,720
511736.82,6940713.04,-9.549983193,31.2,720
511738.72,6940712.67,-9.937241379,33.13,720
511738.73,6940712.67,-9.940581139,33.14,720
511740.65,6940712.3,-9.969166629,35.09,720
511741,6940712.23,-9.937241379,35.45,720
511742.56,6940711.92,-9.778857618,37.04,720
511744.48,6940711.55,-9.529110904,38.99,720
511746.39,6940711.18,-9.341200463,40.94,720
511748.3,6940710.81,-9.294880597,42.89,720
511750.22,6940710.43,-9.401229234,44.84,720
511752.13,6940710.06,-9.560344193,46.79,720
511754.04,6940709.69,-9.591511759,48.74,720
511755.96,6940709.32,-9.358743025,50.69,720
511756.79,6940709.16,-9.156551724,51.54,720
511757.87,6940708.94,-8.81574123,52.64,720
511759.16,6940708.69,-8.375862069,53.96,720
511759.79,6940708.57,-8.101742617,54.59,720
511761.67,6940708.21,-7.595172414,56.51,720
511761.7,6940708.2,-7.585206411,56.54,720
511706.2,6940719,-12.28566402,0,725
511708.11,6940718.63,-12.34323031,1.95,725
511710.03,6940718.26,-12.5127662,3.9,725
511711.94,6940717.88,-12.65068461,5.85,725
511713.86,6940717.51,-12.29486083,7.8,725
511713.88,6940717.5,-12.27931034,7.83,725
511715.77,6940717.14,-11.67684506,9.75,725
511716.23,6940717.05,-11.49862069,10.22,725
511717.68,6940716.77,-11.02867909,11.7,725
511718.79,6940716.55,-10.71793103,12.82,725
511719.6,6940716.39,-10.48573288,13.65,725
511721.51,6940716.02,-10.01868337,15.6,725
511721.87,6940715.95,-9.937241379,15.97,725
511723.42,6940715.65,-9.540283681,17.55,725
511725,6940715.34,-9.156551724,19.15,725
511725.34,6940715.28,-9.056190736,19.5,725
511727.25,6940714.9,-8.548170769,21.45,725
511728.13,6940714.73,-8.375862069,22.34,725
511729.17,6940714.53,-8.138897232,23.4,725
511731.08,6940714.16,-8.020393963,25.35,725
511732.99,6940713.79,-8.329437192,27.3,725
511733.12,6940713.76,-8.375862069,27.43,725
511734.91,6940713.41,-8.969204949,29.25,725
511735.4,6940713.32,-9.156551724,29.75,725
511736.82,6940713.04,-9.639347442,31.2,725
511738.28,6940712.76,-9.937241379,32.68,725
511738.73,6940712.67,-10.01916372,33.14,725
511740.65,6940712.3,-10.04524434,35.09,725
511741.83,6940712.07,-9.937241379,36.29,725
511742.56,6940711.92,-9.862832721,37.04,725
511744.48,6940711.55,-9.61239264,38.99,725
511746.39,6940711.18,-9.423797392,40.94,725
511748.3,6940710.81,-9.376627521,42.89,725
511750.22,6940710.43,-9.482786229,44.84,725
511752.13,6940710.06,-9.642895706,46.79,725
511754.04,6940709.69,-9.676018261,48.74,725
511755.96,6940709.32,-9.445804384,50.69,725
511757.15,6940709.09,-9.156551724,51.9,725
511757.87,6940708.94,-8.927985081,52.64,725
511759.49,6940708.63,-8.375862069,54.29,725
511759.79,6940708.57,-8.246305138,54.59,725
511761.7,6940708.2,-7.728800321,56.54,725
511706.2,6940719,-12.36946354,0,730
511708.11,6940718.63,-12.4307871,1.95,730
511710.03,6940718.26,-12.60967525,3.9,730
511711.94,6940717.88,-12.76312277,5.85,730
511713.86,6940717.51,-12.42209435,7.8,730
511714.13,6940717.46,-12.27931034,8.07,730
511715.77,6940717.14,-11.75395173,9.75,730
511716.43,6940717.01,-11.49862069,10.43,730
511717.68,6940716.77,-11.09370329,11.7,730
511719.02,6940716.51,-10.71793103,13.06,730
511719.6,6940716.39,-10.55188394,13.65,730
511721.51,6940716.02,-10.0850215,15.6,730
511722.17,6940715.89,-9.937241379,16.27,730
511723.42,6940715.65,-9.616293688,17.55,730
511725.31,6940715.28,-9.156551724,19.47,730
511725.34,6940715.28,-9.147941804,19.5,730
511727.25,6940714.9,-8.64095052,21.45,730
511728.61,6940714.64,-8.375862069,22.83,730
511729.17,6940714.53,-8.247717499,23.4,730
511731.08,6940714.16,-8.126689784,25.35,730
511732.62,6940713.86,-8.375862069,26.92,730
511732.99,6940713.79,-8.430680274,27.3,730
511734.91,6940713.41,-9.068894607,29.25,730
511735.14,6940713.37,-9.156551724,29.48,730
511736.82,6940713.04,-9.728711691,31.2,730
511737.84,6940712.84,-9.937241379,32.23,730
511738.73,6940712.67,-10.0977463,33.14,730
511740.65,6940712.3,-10.12132204,35.09,730
511742.56,6940711.92,-9.945764578,37.04,730
511742.63,6940711.91,-9.937241379,37.12,730
511744.48,6940711.55,-9.695674376,38.99,730
511746.39,6940711.18,-9.506394322,40.94,730
511748.3,6940710.81,-9.458374444,42.89,730
511750.22,6940710.43,-9.564343224,44.84,730
511752.13,6940710.06,-9.725447218,46.79,730
511754.04,6940709.69,-9.760524763,48.74,730
511755.96,6940709.32,-9.532865743,50.69,730
511757.5,6940709.02,-9.156551724,52.26,730
511757.87,6940708.94,-9.040228932,52.64,730
511759.79,6940708.57,-8.387681729,54.59,730
511759.84,6940708.56,-8.375862069,54.65,730
511761.7,6940708.2,-7.870661873,56.54,730
511706.2,6940719,-12.45326305,0,735
511708.11,6940718.63,-12.5183439,1.95,735
511710.03,6940718.26,-12.70658431,3.9,735
511711.94,6940717.88,-12.87556093,5.85,735
511713.86,6940717.51,-12.54932788,7.8,735
511714.37,6940717.41,-12.27931034,8.32,735
511715.77,6940717.14,-11.8310584,9.75,735
511716.63,6940716.97,-11.49862069,10.63,735
511717.68,6940716.77,-11.15872749,11.7,735
511719.25,6940716.46,-10.71793103,13.29,735
511719.6,6940716.39,-10.618035,13.65,735
511721.51,6940716.02,-10.15135963,15.6,735
511722.47,6940715.83,-9.937241379,16.57,735
511723.42,6940715.65,-9.692303694,17.55,735
511725.34,6940715.28,-9.226543961,19.5,735
511725.66,6940715.21,-9.156551724,19.82,735
511727.25,6940714.9,-8.733730272,21.45,735
511729.08,6940714.55,-8.375862069,23.31,735
511729.17,6940714.53,-8.356537766,23.4,735
511731.08,6940714.16,-8.232985605,25.35,735
511731.96,6940713.99,-8.375862069,26.25,735
511732.99,6940713.79,-8.527539071,27.3,735
511734.87,6940713.42,-9.156551724,29.21,735
511734.91,6940713.41,-9.167389598,29.25,735
511736.82,6940713.04,-9.81807594,31.2,735
511737.4,6940712.93,-9.937241379,31.79,735
511738.73,6940712.67,-10.17632888,33.14,735
511740.65,6940712.3,-10.19739975,35.09,735
511742.56,6940711.92,-10.02058198,37.04,735
511743.27,6940711.79,-9.937241379,37.76,735
511744.48,6940711.55,-9.778956112,38.99,735
511746.39,6940711.18,-9.588991251,40.94,735
511748.3,6940710.81,-9.540121367,42.89,735
511750.22,6940710.43,-9.645900219,44.84,735
511752.13,6940710.06,-9.807998731,46.79,735
511754.04,6940709.69,-9.845031265,48.74,735
511755.96,6940709.32,-9.619927102,50.69,735
511757.86,6940708.95,-9.156551724,52.63,735
511757.87,6940708.94,-9.152472783,52.64,735
511759.79,6940708.57,-8.501551282,54.59,735
511760.36,6940708.46,-8.375862069,55.18,735
511761.7,6940708.2,-8.012523425,56.54,735
511706.2,6940719,-12.53706256,0,740
511708.11,6940718.63,-12.60590069,1.95,740
511710.03,6940718.26,-12.80349336,3.9,740
511711.31,6940718.01,-12.92665324,5.2,740
511712.32,6940717.81,-12.92665324,6.23,740
511713.86,6940717.51,-12.67656141,7.8,740
511714.61,6940717.36,-12.27931034,8.57,740
511715.77,6940717.14,-11.90816508,9.75,740
511716.83,6940716.93,-11.49862069,10.83,740
511717.68,6940716.77,-11.22375169,11.7,740
511719.48,6940716.42,-10.71793103,13.53,740
511719.6,6940716.39,-10.68418606,13.65,740
511721.51,6940716.02,-10.21769776,15.6,740
511722.76,6940715.78,-9.937241379,16.88,740
511723.42,6940715.65,-9.768313701,17.55,740
511725.34,6940715.28,-9.303784445,19.5,740
511726.01,6940715.15,-9.156551724,20.18,740
511727.25,6940714.9,-8.826510024,21.45,740
511729.17,6940714.53,-8.453000407,23.4,740
511730.51,6940714.27,-8.375862069,24.77,740
511731.08,6940714.16,-8.339281425,25.35,740
511731.31,6940714.11,-8.375862069,25.58,740
511732.99,6940713.79,-8.624397869,27.3,740
511734.58,6940713.48,-9.156551724,28.92,740
511734.91,6940713.41,-9.257181425,29.25,740
511736.82,6940713.04,-9.90744019,31.2,740
511736.97,6940713.01,-9.937241379,31.34,740
511738.73,6940712.67,-10.25491146,33.14,740
511740.65,6940712.3,-10.27347746,35.09,740
511742.56,6940711.92,-10.09539938,37.04,740
511743.9,6940711.66,-9.937241379,38.41,740
511744.48,6940711.55,-9.862237848,38.99,740
511746.39,6940711.18,-9.67158818,40.94,740
511748.3,6940710.81,-9.62186829,42.89,740
511750.22,6940710.43,-9.727457214,44.84,740
511752.13,6940710.06,-9.890550244,46.79,740
511754.04,6940709.69,-9.929537767,48.74,740
511755.96,6940709.32,-9.706988461,50.69,740
511757.87,6940708.94,-9.243503352,52.64,740
511758.2,6940708.88,-9.156551724,52.97,740
511759.79,6940708.57,-8.615420835,54.59,740
511760.88,6940708.36,-8.375862069,55.71,740
511761.7,6940708.2,-8.154384977,56.54,740
511713.08,6940717.66,-12.92665324,7.01,745
511713.86,6940717.51,-12.80379494,7.8,745
511714.85,6940717.32,-12.27931034,8.81,745
511715.77,6940717.14,-11.98527175,9.75,745
511717.04,6940716.89,-11.49862069,11.04,745
511717.68,6940716.77,-11.28877589,11.7,745
511719.6,6940716.39,-10.74927327,13.65,745
511719.73,6940716.37,-10.71793103,13.78,745
511721.51,6940716.02,-10.28403589,15.6,745
511723.06,6940715.72,-9.937241379,17.18,745
511723.42,6940715.65,-9.844323707,17.55,745
511725.34,6940715.28,-9.381024929,19.5,745
511726.36,6940715.08,-9.156551724,20.53,745
511727.25,6940714.9,-8.919289776,21.45,745
511729.17,6940714.53,-8.546794743,23.4,745
511731.08,6940714.16,-8.438140318,25.35,745
511732.99,6940713.79,-8.721256666,27.3,745
511734.29,6940713.53,-9.156551724,28.62,745
511734.91,6940713.41,-9.346973252,29.25,745
511736.64,6940713.08,-9.937241379,31.02,745
511736.82,6940713.04,-9.991612789,31.2,745
511738.73,6940712.67,-10.33349405,33.14,745
511740.65,6940712.3,-10.34955517,35.09,745
511742.56,6940711.92,-10.17021678,37.04,745
511744.48,6940711.55,-9.944653226,38.99,745
511744.56,6940711.54,-9.937241379,39.08,745
511746.39,6940711.18,-9.754185109,40.94,745
511748.3,6940710.81,-9.703615213,42.89,745
511750.22,6940710.43,-9.809014209,44.84,745
511751.72,6940710.14,-9.937241379,46.37,745
511752.13,6940710.06,-9.968668467,46.79,745
511754.04,6940709.69,-10.00345865,48.74,745
511754.73,6940709.56,-9.937241379,49.44,745
511755.96,6940709.32,-9.794049821,50.69,745
511757.87,6940708.94,-9.333733959,52.64,745
511758.53,6940708.82,-9.156551724,53.31,745
511759.79,6940708.57,-8.729290387,54.59,745
511761.41,6940708.26,-8.375862069,56.24,745
511761.7,6940708.2,-8.296246529,56.54,745
511706.2,6940719,-12.62086207,0,745
511708.11,6940718.63,-12.69345749,1.95,745
511710.03,6940718.26,-12.90040242,3.9,745
511710.29,6940718.2,-12.92665324,4.16,745
511713.86,6940717.51,-12.92665324,7.81,750
511715.09,6940717.27,-12.27931034,9.06,750
511715.77,6940717.14,-12.06237843,9.75,750
511717.24,6940716.85,-11.49862069,11.24,750
511717.68,6940716.77,-11.35380009,11.7,750
511719.6,6940716.39,-10.81325269,13.65,750
511720,6940716.31,-10.71793103,14.06,750
511721.51,6940716.02,-10.35037402,15.6,750
511723.36,6940715.66,-9.937241379,17.48,750
511723.42,6940715.65,-9.920333713,17.55,750
511725.34,6940715.28,-9.458265413,19.5,750
511726.71,6940715.01,-9.156551724,20.89,750
511727.25,6940714.9,-9.012069528,21.45,750
511729.17,6940714.53,-8.64058908,23.4,750
511731.08,6940714.16,-8.533096939,25.35,750
511732.99,6940713.79,-8.818115463,27.3,750
511734,6940713.59,-9.156551724,28.33,750
511734.91,6940713.41,-9.43676508,29.25,750
511736.38,6940713.13,-9.937241379,30.75,750
511736.82,6940713.04,-10.07318785,31.2,750
511738.73,6940712.67,-10.41207663,33.14,750
511740.65,6940712.3,-10.42563287,35.09,750
511742.56,6940711.92,-10.24503418,37.04,750
511744.48,6940711.55,-10.01921909,38.99,750
511745.38,6940711.37,-9.937241379,39.92,750
511746.39,6940711.18,-9.836782038,40.94,750
511748.3,6940710.81,-9.785362136,42.89,750
511750.22,6940710.43,-9.890571204,44.84,750
511750.76,6940710.33,-9.937241379,45.4,750
511752.13,6940710.06,-10.04101443,46.79,750
511754.04,6940709.69,-10.07631775,48.74,750
511755.48,6940709.41,-9.937241379,50.2,750
511755.96,6940709.32,-9.88111118,50.69,750
511757.87,6940708.94,-9.423964567,52.64,750
511758.86,6940708.75,-9.156551724,53.65,750
511759.79,6940708.57,-8.84315994,54.59,750
511761.7,6940708.2,-8.42625693,56.54,750
511706.2,6940719,-12.70466158,0,750
511708.11,6940718.63,-12.78101428,1.95,750
511709.4,6940718.38,-12.92665324,3.26,750
511714.1,6940717.46,-12.92665324,8.05,755
511715.33,6940717.22,-12.27931034,9.3,755
511715.77,6940717.14,-12.1394851,9.75,755
511717.44,6940716.81,-11.49862069,11.45,755
511717.68,6940716.77,-11.41882429,11.7,755
511719.6,6940716.39,-10.87723211,13.65,755
511720.27,6940716.26,-10.71793103,14.34,755
511721.51,6940716.02,-10.41671215,15.6,755
511723.42,6940715.65,-9.989530344,17.55,755
511723.67,6940715.6,-9.937241379,17.8,755
511725.34,6940715.28,-9.535505898,19.5,755
511727.06,6940714.94,-9.156551724,21.25,755
511727.25,6940714.9,-9.10484928,21.45,755
511729.17,6940714.53,-8.734383416,23.4,755
511731.08,6940714.16,-8.62805356,25.35,755
511732.99,6940713.79,-8.914974261,27.3,755
511733.71,6940713.65,-9.156551724,28.03,755
511734.91,6940713.41,-9.526556907,29.25,755
511736.12,6940713.18,-9.937241379,30.48,755
511736.82,6940713.04,-10.15476291,31.2,755
511738.73,6940712.67,-10.49065921,33.14,755
511740.65,6940712.3,-10.50171058,35.09,755
511742.56,6940711.92,-10.31985158,37.04,755
511744.48,6940711.55,-10.09378495,38.99,755
511746.21,6940711.21,-9.937241379,40.76,755
511746.39,6940711.18,-9.919378967,40.94,755
511748.3,6940710.81,-9.867109059,42.89,755
511749.58,6940710.56,-9.937241379,44.19,755
511750.22,6940710.43,-9.968404971,44.84,755
511752.13,6940710.06,-10.1133604,46.79,755
511754.04,6940709.69,-10.14917685,48.74,755
511755.96,6940709.32,-9.963795836,50.69,755
511756.09,6940709.29,-9.937241379,50.83,755
511757.87,6940708.94,-9.514195175,52.64,755
511759.2,6940708.69,-9.156551724,53.99,755
511759.79,6940708.57,-8.957029493,54.59,755
511761.7,6940708.2,-8.54110916,56.54,755
511706.2,6940719,-12.78846109,0,755
511708.11,6940718.63,-12.86857108,1.95,755
511708.61,6940718.53,-12.92665324,2.46,755
511714.35,6940717.41,-12.92665324,8.3,760
511715.57,6940717.18,-12.27931034,9.55,760
511715.77,6940717.14,-12.21659178,9.75,760
511717.64,6940716.77,-11.49862069,11.65,760
511717.68,6940716.77,-11.48384849,11.7,760
511719.6,6940716.39,-10.94121153,13.65,760
511720.55,6940716.21,-10.71793103,14.62,760
511721.51,6940716.02,-10.48305028,15.6,760
511723.42,6940715.65,-10.05677784,17.55,760
511723.99,6940715.54,-9.937241379,18.13,760
511725.34,6940715.28,-9.612746382,19.5,760
511727.25,6940714.9,-9.191602838,21.45,760
511727.47,6940714.86,-9.156551724,21.67,760
511729.17,6940714.53,-8.828177753,23.4,760
511731.08,6940714.16,-8.72301018,25.35,760
511732.99,6940713.79,-9.011833058,27.3,760
511733.43,6940713.7,-9.156551724,27.74,760
511734.91,6940713.41,-9.616348734,29.25,760
511735.85,6940713.23,-9.937241379,30.21,760
511736.82,6940713.04,-10.23633797,31.2,760
511738.73,6940712.67,-10.56924179,33.14,760
511740.65,6940712.3,-10.57778829,35.09,760
511742.56,6940711.92,-10.39466899,37.04,760
511744.48,6940711.55,-10.16835081,38.99,760
511746.39,6940711.18,-9.995583775,40.94,760
511748.3,6940710.81,-9.947723842,42.89,760
511750.22,6940710.43,-10.04125795,44.84,760
511752.13,6940710.06,-10.18570636,46.79,760
511754.04,6940709.69,-10.22203595,48.74,760
511755.96,6940709.32,-10.03853817,50.69,760
511756.47,6940709.22,-9.937241379,51.22,760
511757.87,6940708.94,-9.604425783,52.64,760
511759.53,6940708.62,-9.156551724,54.33,760
511759.79,6940708.57,-9.070899046,54.59,760
511761.7,6940708.2,-8.65596139,56.54,760
511706.2,6940719,-12.8722606,0,760
511707.44,6940718.76,-12.92665324,1.26,760
511714.6,6940717.37,-12.92665324,8.55,765
511715.77,6940717.14,-12.3037042,9.75,765
511715.81,6940717.13,-12.27931034,9.79,765
511717.68,6940716.77,-11.5566302,11.7,765
511717.86,6940716.73,-11.49862069,11.88,765
511719.6,6940716.39,-11.00519094,13.65,765
511720.82,6940716.16,-10.71793103,14.89,765
511721.51,6940716.02,-10.5493884,15.6,765
511723.42,6940715.65,-10.12402534,17.55,765
511724.31,6940715.48,-9.937241379,18.45,765
511725.34,6940715.28,-9.689986866,19.5,765
511727.25,6940714.9,-9.270771456,21.45,765
511727.95,6940714.77,-9.156551724,22.16,765
511729.17,6940714.53,-8.921972089,23.4,765
511731.08,6940714.16,-8.817966801,25.35,765
511732.99,6940713.79,-9.108691855,27.3,765
511733.14,6940713.76,-9.156551724,27.44,765
511734.91,6940713.41,-9.706140562,29.25,765
511735.59,6940713.28,-9.937241379,29.94,765
511736.82,6940713.04,-10.31791304,31.2,765
511738.73,6940712.67,-10.64782437,33.14,765
511740.65,6940712.3,-10.653866,35.09,765
511742.56,6940711.92,-10.46948639,37.04,765
511744.48,6940711.55,-10.24291667,38.99,765
511746.39,6940711.18,-10.07002478,40.94,765
511748.3,6940710.81,-10.02150243,42.89,765
511750.22,6940710.43,-10.11411094,44.84,765
511752.13,6940710.06,-10.25805233,46.79,765
511754.04,6940709.69,-10.29489506,48.74,765
511755.96,6940709.32,-10.1132805,50.69,765
511756.85,6940709.14,-9.937241379,51.6,765
511757.87,6940708.94,-9.69465639,52.64,765
511759.79,6940708.57,-9.17975037,54.59,765
511759.92,6940708.55,-9.156551724,54.73,765
511761.7,6940708.2,-8.770813619,56.54,765
511714.84,6940717.32,-12.92665324,8.8,770
511715.77,6940717.14,-12.43443226,9.75,770
511716,6940717.09,-12.27931034,9.98,770
511717.68,6940716.77,-11.63169233,11.7,770
511718.08,6940716.69,-11.49862069,12.11,770
511719.6,6940716.39,-11.06917036,13.65,770
511721.09,6940716.1,-10.71793103,15.17,770
511721.51,6940716.02,-10.61572653,15.6,770
511723.42,6940715.65,-10.19127284,17.55,770
511724.63,6940715.41,-9.937241379,18.78,770
511725.34,6940715.28,-9.76722735,19.5,770
511727.25,6940714.9,-9.349940073,21.45,770
511728.44,6940714.67,-9.156551724,22.65,770
511729.17,6940714.53,-9.015766425,23.4,770
511731.08,6940714.16,-8.912923422,25.35,770
511732.68,6940713.85,-9.156551724,26.97,770
511732.99,6940713.79,-9.201284843,27.3,770
511734.91,6940713.41,-9.795932389,29.25,770
511735.32,6940713.33,-9.937241379,29.67,770
511736.82,6940713.04,-10.3994881,31.2,770
511738.68,6940712.68,-10.71793103,33.09,770
511738.73,6940712.67,-10.7262715,33.14,770
511740.65,6940712.3,-10.72969537,35.09,770
511740.77,6940712.27,-10.71793103,35.22,770
511742.56,6940711.92,-10.54430379,37.04,770
511744.48,6940711.55,-10.31748253,38.99,770
511746.39,6940711.18,-10.14446579,40.94,770
511748.3,6940710.81,-10.09528103,42.89,770
511750.22,6940710.43,-10.18696392,44.84,770
511752.13,6940710.06,-10.33039829,46.79,770
511754.04,6940709.69,-10.36775416,48.74,770
511755.96,6940709.32,-10.18802284,50.69,770
511757.23,6940709.07,-9.937241379,51.99,770
511757.87,6940708.94,-9.784886998,52.64,770
511759.79,6940708.57,-9.273368794,54.59,770
511760.45,6940708.44,-9.156551724,55.27,770
511761.7,6940708.2,-8.885665849,56.54,770
511715.09,6940717.27,-12.92665324,9.05,775
511715.77,6940717.14,-12.56516031,9.75,775
511716.2,6940717.05,-12.27931034,10.18,775
511717.68,6940716.77,-11.70675446,11.7,775
511718.31,6940716.64,-11.49862069,12.34,775
511719.6,6940716.39,-11.13314978,13.65,775
511721.36,6940716.05,-10.71793103,15.45,775
511721.51,6940716.02,-10.68206466,15.6,775
511723.42,6940715.65,-10.25852034,17.55,775
511724.95,6940715.35,-9.937241379,19.11,775
511725.34,6940715.28,-9.844467834,19.5,775
511727.25,6940714.9,-9.429108691,21.45,775
511728.92,6940714.58,-9.156551724,23.15,775
511729.17,6940714.53,-9.109560762,23.4,775
511731.08,6940714.16,-9.007880042,25.35,775
511732.05,6940713.97,-9.156551724,26.34,775
511732.99,6940713.79,-9.289711186,27.3,775
511734.91,6940713.41,-9.885724216,29.25,775
511735.06,6940713.38,-9.937241379,29.4,775
511736.82,6940713.04,-10.48106316,31.2,775
511738.21,6940712.77,-10.71793103,32.61,775
511738.73,6940712.67,-10.80359828,33.14,775
511740.65,6940712.3,-10.80420031,35.09,775
511741.54,6940712.12,-10.71793103,36.01,775
511742.56,6940711.92,-10.61912119,37.04,775
511744.48,6940711.55,-10.39204839,38.99,775
511746.39,6940711.18,-10.2189068,40.94,775
511748.3,6940710.81,-10.16905962,42.89,775
511750.22,6940710.43,-10.2598169,44.84,775
511752.13,6940710.06,-10.40274426,46.79,775
511754.04,6940709.69,-10.44061326,48.74,775
511755.96,6940709.32,-10.26276517,50.69,775
511757.61,6940709,-9.937241379,52.38,775
511757.87,6940708.94,-9.875117606,52.64,775
511759.79,6940708.57,-9.366987218,54.59,775
511760.98,6940708.34,-9.156551724,55.81,775
511761.7,6940708.2,-9.000518079,56.54,775
511715.33,6940717.22,-12.92665324,9.31,780
511715.77,6940717.14,-12.69588837,9.75,780
511716.39,6940717.02,-12.27931034,10.38,780
511717.68,6940716.77,-11.78181658,11.7,780
511718.53,6940716.6,-11.49862069,12.57,780
511719.6,6940716.39,-11.1971292,13.65,780
511721.51,6940716.02,-10.74746986,15.6,780
511721.65,6940715.99,-10.71793103,15.74,780
511723.42,6940715.65,-10.32576783,17.55,780
511725.27,6940715.29,-9.937241379,19.43,780
511725.34,6940715.28,-9.921708318,19.5,780
511727.25,6940714.9,-9.508277308,21.45,780
511729.17,6940714.53,-9.197507948,23.4,780
511730.06,6940714.36,-9.156551724,24.31,780
511731.08,6940714.16,-9.102836663,25.35,780
511731.43,6940714.09,-9.156551724,25.71,780
511732.99,6940713.79,-9.378137529,27.3,780
511734.79,6940713.44,-9.937241379,29.12,780
511734.91,6940713.41,-9.972901586,29.25,780
511736.82,6940713.04,-10.56263822,31.2,780
511737.73,6940712.86,-10.71793103,32.12,780
511738.73,6940712.67,-10.88092507,33.14,780
511740.65,6940712.3,-10.87870526,35.09,780
511742.31,6940711.97,-10.71793103,36.79,780
511742.56,6940711.92,-10.69393859,37.04,780
511744.48,6940711.55,-10.46661426,38.99,780
511746.39,6940711.18,-10.29334781,40.94,780
511748.3,6940710.81,-10.24283821,42.89,780
511750.22,6940710.43,-10.33266989,44.84,780
511752.13,6940710.06,-10.47509023,46.79,780
511754.04,6940709.69,-10.51347236,48.74,780
511755.96,6940709.32,-10.3375075,50.69,780
511757.87,6940708.94,-9.961570275,52.64,780
511757.98,6940708.92,-9.937241379,52.75,780
511759.79,6940708.57,-9.460605642,54.59,780
511761.51,6940708.24,-9.156551724,56.35,780
511761.7,6940708.2,-9.115370309,56.54,780
511715.58,6940717.17,-12.92665324,9.56,785
511715.77,6940717.14,-12.82661643,9.75,785
511716.59,6940716.98,-12.27931034,10.58,785
511717.68,6940716.77,-11.85687871,11.7,785
511718.76,6940716.56,-11.49862069,12.79,785
511719.6,6940716.39,-11.26110862,13.65,785
511721.51,6940716.02,-10.81177698,15.6,785
511721.95,6940715.93,-10.71793103,16.05,785
511723.42,6940715.65,-10.39301533,17.55,785
511725.34,6940715.28,-9.992052738,19.5,785
511725.63,6940715.22,-9.937241379,19.8,785
511727.25,6940714.9,-9.587445926,21.45,785
511729.17,6940714.53,-9.27958455,23.4,785
511731.08,6940714.16,-9.193704692,25.35,785
511732.99,6940713.79,-9.466563872,27.3,785
511734.5,6940713.49,-9.937241379,28.83,785
511734.91,6940713.41,-10.05655993,29.25,785
511736.82,6940713.04,-10.64421328,31.2,785
511737.25,6940712.96,-10.71793103,31.63,785
511738.73,6940712.67,-10.95825185,33.14,785
511740.65,6940712.3,-10.95321021,35.09,785
511742.56,6940711.92,-10.76765875,37.04,785
511742.99,6940711.84,-10.71793103,37.48,785
511744.48,6940711.55,-10.54118012,38.99,785
511746.39,6940711.18,-10.36778882,40.94,785
511748.3,6940710.81,-10.31661681,42.89,785
511750.22,6940710.43,-10.40552287,44.84,785
511752.13,6940710.06,-10.54743619,46.79,785
511754.04,6940709.69,-10.58633147,48.74,785
511755.96,6940709.32,-10.41224984,50.69,785
511757.87,6940708.94,-10.03967267,52.64,785
511758.34,6940708.85,-9.937241379,53.11,785
511759.79,6940708.57,-9.554224066,54.59,785
511761.7,6940708.2,-9.218110918,56.54,785
511715.81,6940717.13,-12.92665324,9.8,790
511716.78,6940716.94,-12.27931034,10.78,790
511717.68,6940716.77,-11.93194084,11.7,790
511718.98,6940716.51,-11.49862069,13.02,790
511719.6,6940716.39,-11.32508803,13.65,790
511721.51,6940716.02,-10.87608409,15.6,790
511722.26,6940715.88,-10.71793103,16.36,790
511723.42,6940715.65,-10.46026283,17.55,790
511725.34,6940715.28,-10.06066127,19.5,790
511726,6940715.15,-9.937241379,20.17,790
511727.25,6940714.9,-9.666614544,21.45,790
511729.17,6940714.53,-9.361661152,23.4,790
511731.08,6940714.16,-9.279247536,25.35,790
511732.99,6940713.79,-9.554990215,27.3,790
511734.22,6940713.55,-9.937241379,28.54,790
511734.91,6940713.41,-10.14021828,29.25,790
511736.79,6940713.05,-10.71793103,31.17,790
511736.82,6940713.04,-10.72573547,31.2,790
511738.73,6940712.67,-11.03557863,33.14,790
511740.65,6940712.3,-11.02771515,35.09,790
511742.56,6940711.92,-10.84086094,37.04,790
511743.62,6940711.72,-10.71793103,38.12,790
511744.48,6940711.55,-10.61574598,38.99,790
511746.39,6940711.18,-10.44222983,40.94,790
511748.3,6940710.81,-10.3903954,42.89,790
511750.22,6940710.43,-10.47837585,44.84,790
511752.13,6940710.06,-10.61978216,46.79,790
511754.04,6940709.69,-10.65919057,48.74,790
511755.96,6940709.32,-10.48699217,50.69,790
511757.87,6940708.94,-10.11777506,52.64,790
511758.69,6940708.79,-9.937241379,53.48,790
511759.79,6940708.57,-9.64784249,54.59,790
511761.7,6940708.2,-9.314081225,56.54,790
511716.01,6940717.09,-12.92665324,9.99,795
511716.98,6940716.9,-12.27931034,10.98,795
511717.68,6940716.77,-12.00700296,11.7,795
511719.21,6940716.47,-11.49862069,13.25,795
511719.6,6940716.39,-11.38906745,13.65,795
511721.51,6940716.02,-10.94039121,15.6,795
511722.56,6940715.82,-10.71793103,16.67,795
511723.42,6940715.65,-10.52751033,17.55,795
511725.34,6940715.28,-10.12926981,19.5,795
511726.36,6940715.08,-9.937241379,20.54,795
511727.25,6940714.9,-9.745783161,21.45,795
511729.17,6940714.53,-9.443737754,23.4,795
511731.08,6940714.16,-9.36479038,25.35,795
511732.99,6940713.79,-9.643416558,27.3,795
511733.94,6940713.6,-9.937241379,28.26,795
511734.91,6940713.41,-10.22387663,29.25,795
511736.52,6940713.1,-10.71793103,30.89,795
511736.82,6940713.04,-10.80676156,31.2,795
511738.73,6940712.67,-11.11290542,33.14,795
511740.65,6940712.3,-11.1022201,35.09,795
511742.56,6940711.92,-10.91406313,37.04,795
511744.24,6940711.6,-10.71793103,38.76,795
511744.48,6940711.55,-10.69031184,38.99,795
511746.39,6940711.18,-10.51667084,40.94,795
511748.3,6940710.81,-10.46417399,42.89,795
511750.22,6940710.43,-10.55122884,44.84,795
511752.13,6940710.06,-10.69212812,46.79,795
511753.37,6940709.82,-10.71793103,48.06,795
511754.04,6940709.69,-10.73147595,48.74,795
511754.21,6940709.66,-10.71793103,48.91,795
511755.96,6940709.32,-10.56173451,50.69,795
511757.87,6940708.94,-10.19587745,52.64,795
511759.05,6940708.72,-9.937241379,53.84,795
511759.79,6940708.57,-9.741460914,54.59,795
511761.7,6940708.2,-9.410051531,56.54,795
511716.2,6940717.05,-12.92665324,10.19,800
511717.17,6940716.87,-12.27931034,11.18,800
511717.68,6940716.77,-12.08206509,11.7,800
511719.44,6940716.42,-11.49862069,13.48,800
511719.6,6940716.39,-11.45304687,13.65,800
511721.51,6940716.02,-11.00469832,15.6,800
511722.87,6940715.76,-10.71793103,16.98,800
511723.42,6940715.65,-10.59475783,17.55,800
511725.34,6940715.28,-10.19787834,19.5,800
511726.73,6940715,-9.937241379,20.92,800
511727.25,6940714.9,-9.824951779,21.45,800
511729.17,6940714.53,-9.525814356,23.4,800
511731.08,6940714.16,-9.450333223,25.35,800
511732.99,6940713.79,-9.731842901,27.3,800
511733.65,6940713.66,-9.937241379,27.97,800
511734.91,6940713.41,-10.30753497,29.25,800
511736.25,6940713.15,-10.71793103,30.61,800
511736.82,6940713.04,-10.88778766,31.2,800
511738.73,6940712.67,-11.1902322,33.14,800
511740.65,6940712.3,-11.17672505,35.09,800
511742.56,6940711.92,-10.98726532,37.04,800
511744.48,6940711.55,-10.76396466,38.99,800
511744.99,6940711.45,-10.71793103,39.52,800
511746.39,6940711.18,-10.59111184,40.94,800
511748.3,6940710.81,-10.53795258,42.89,800
511750.22,6940710.43,-10.62408182,44.84,800
511751.49,6940710.19,-10.71793103,46.14,800
511752.13,6940710.06,-10.76297481,46.79,800
511754.04,6940709.69,-10.80137435,48.74,800
511755.05,6940709.49,-10.71793103,49.76,800
511755.96,6940709.32,-10.63647684,50.69,800
511757.87,6940708.94,-10.27397985,52.64,800
511759.4,6940708.65,-9.937241379,54.2,800
511759.79,6940708.57,-9.835079338,54.59,800
511761.7,6940708.2,-9.506021838,56.54,800
511716.39,6940717.02,-12.92665324,10.38,805
511717.37,6940716.83,-12.27931034,11.37,805
511717.68,6940716.77,-12.15712722,11.7,805
511719.6,6940716.39,-11.51982476,13.65,805
511719.68,6940716.38,-11.49862069,13.73,805
511721.51,6940716.02,-11.06900544,15.6,805
511723.17,6940715.7,-10.71793103,17.29,805
511723.42,6940715.65,-10.66200533,17.55,805
511725.34,6940715.28,-10.26648688,19.5,805
511727.1,6940714.93,-9.937241379,21.29,805
511727.25,6940714.9,-9.904120396,21.45,805
511729.17,6940714.53,-9.607890958,23.4,805
511731.08,6940714.16,-9.535876067,25.35,805
511732.99,6940713.79,-9.820269244,27.3,805
511733.37,6940713.71,-9.937241379,27.68,805
511734.91,6940713.41,-10.39119332,29.25,805
511735.97,6940713.21,-10.71793103,30.33,805
511736.82,6940713.04,-10.96881375,31.2,805
511738.73,6940712.67,-11.26755898,33.14,805
511740.65,6940712.3,-11.25122999,35.09,805
511742.56,6940711.92,-11.06046751,37.04,805
511744.48,6940711.55,-10.83708033,38.99,805
511745.81,6940711.29,-10.71793103,40.36,805
511746.39,6940711.18,-10.66555285,40.94,805
511748.3,6940710.81,-10.61173118,42.89,805
511750.22,6940710.43,-10.6969348,44.84,805
511750.5,6940710.38,-10.71793103,45.13,805
511752.13,6940710.06,-10.83299031,46.79,805
511754.04,6940709.69,-10.87127275,48.74,805
511755.88,6940709.33,-10.71793103,50.62,805
511755.96,6940709.32,-10.71121917,50.69,805
511757.87,6940708.94,-10.35208224,52.64,805
511759.75,6940708.58,-9.937241379,54.56,805
511759.79,6940708.57,-9.928697762,54.59,805
511761.7,6940708.2,-9.601992145,56.54,805
511716.58,6940716.98,-12.92665324,10.58,810
511717.56,6940716.79,-12.27931034,11.57,810
511717.68,6940716.77,-12.23218934,11.7,810
511719.6,6940716.39,-11.59353188,13.65,810
511719.95,6940716.32,-11.49862069,14.01,810
511721.51,6940716.02,-11.13331255,15.6,810
511723.42,6940715.65,-10.72893469,17.55,810
511723.48,6940715.64,-10.71793103,17.6,810
511725.34,6940715.28,-10.33509541,19.5,810
511727.25,6940714.9,-9.978499805,21.45,810
511727.56,6940714.84,-9.937241379,21.76,810
511729.17,6940714.53,-9.689967559,23.4,810
511731.08,6940714.16,-9.621418911,25.35,810
511732.99,6940713.79,-9.908695587,27.3,810
511733.08,6940713.77,-9.937241379,27.39,810
511734.91,6940713.41,-10.47485167,29.25,810
511735.7,6940713.26,-10.71793103,30.05,810
511736.82,6940713.04,-11.04983984,31.2,810
511738.73,6940712.67,-11.34488577,33.14,810
511740.65,6940712.3,-11.32573494,35.09,810
511742.56,6940711.92,-11.1336697,37.04,810
511744.48,6940711.55,-10.910196,38.99,810
511746.39,6940711.18,-10.73964621,40.94,810
511747.16,6940711.03,-10.71793103,41.73,810
511748.3,6940710.81,-10.68550977,42.89,810
511749.03,6940710.66,-10.71793103,43.64,810
511750.22,6940710.43,-10.76867461,44.84,810
511752.13,6940710.06,-10.90300581,46.79,810
511754.04,6940709.69,-10.94117115,48.74,810
511755.96,6940709.32,-10.78306782,50.69,810
511756.34,6940709.24,-10.71793103,51.08,810
511757.87,6940708.94,-10.43018463,52.64,810
511759.79,6940708.57,-10.01194343,54.59,810
511760.3,6940708.47,-9.937241379,55.11,810
511761.7,6940708.2,-9.697962452,56.54,810
511716.78,6940716.94,-12.92665324,10.77,815
511717.68,6940716.77,-12.32639001,11.7,815
511717.76,6940716.75,-12.27931034,11.78,815
511719.6,6940716.39,-11.66723901,13.65,815
511720.22,6940716.27,-11.49862069,14.29,815
511721.51,6940716.02,-11.19761967,15.6,815
511723.42,6940715.65,-10.79429259,17.55,815
511723.81,6940715.57,-10.71793103,17.94,815
511725.34,6940715.28,-10.40370395,19.5,815
511727.25,6940714.9,-10.04943445,21.45,815
511728.09,6940714.74,-9.937241379,22.3,815
511729.17,6940714.53,-9.772044161,23.4,815
511731.08,6940714.16,-9.706961755,25.35,815
511732.61,6940713.86,-9.937241379,26.9,815
511732.99,6940713.79,-9.99354117,27.3,815
511734.91,6940713.41,-10.55851002,29.25,815
511735.43,6940713.31,-10.71793103,29.78,815
511736.82,6940713.04,-11.13086594,31.2,815
511738.73,6940712.67,-11.42221255,33.14,815
511740.65,6940712.3,-11.40023989,35.09,815
511742.56,6940711.92,-11.20687189,37.04,815
511744.48,6940711.55,-10.98331167,38.99,815
511746.39,6940711.18,-10.81291421,40.94,815
511748.3,6940710.81,-10.7586652,42.89,815
511750.22,6940710.43,-10.8399637,44.84,815
511752.13,6940710.06,-10.97302131,46.79,815
511754.04,6940709.69,-11.01106955,48.74,815
511755.96,6940709.32,-10.85463098,50.69,815
511756.75,6940709.16,-10.71793103,51.5,815
511757.87,6940708.94,-10.50828703,52.64,815
511759.79,6940708.57,-10.09414742,54.59,815
511760.86,6940708.36,-9.937241379,55.69,815
511761.7,6940708.2,-9.793932759,56.54,815
511716.97,6940716.9,-12.92665324,10.97,820
511717.68,6940716.77,-12.45286664,11.7,820
511717.99,6940716.71,-12.27931034,12.01,820
511719.6,6940716.39,-11.74094613,13.65,820
511720.5,6940716.22,-11.49862069,14.57,820
511721.51,6940716.02,-11.26192678,15.6,820
511723.42,6940715.65,-10.85965049,17.55,820
511724.15,6940715.51,-10.71793103,18.28,820
511725.34,6940715.28,-10.47231248,19.5,820
511727.25,6940714.9,-10.12036909,21.45,820
511728.63,6940714.64,-9.937241379,22.85,820
511729.17,6940714.53,-9.854120763,23.4,820
511731.08,6940714.16,-9.792504598,25.35,820
511732.04,6940713.97,-9.937241379,26.33,820
511732.99,6940713.79,-10.07667976,27.3,820
511734.91,6940713.41,-10.64216836,29.25,820
511735.15,6940713.37,-10.71793103,29.5,820
511736.82,6940713.04,-11.21189203,31.2,820
511738.73,6940712.67,-11.49862069,33.14,820
511738.73,6940712.67,-11.49969557,33.14,820
511738.8,6940712.66,-11.49862069,33.21,820
511740.65,6940712.3,-11.47474483,35.09,820
511742.56,6940711.92,-11.28007408,37.04,820
511744.48,6940711.55,-11.05642735,38.99,820
511746.39,6940711.18,-10.88618222,40.94,820
511748.3,6940710.81,-10.8313321,42.89,820
511750.22,6940710.43,-10.91125278,44.84,820
511752.13,6940710.06,-11.04303682,46.79,820
511754.04,6940709.69,-11.08096795,48.74,820
511755.96,6940709.32,-10.92619414,50.69,820
511757.17,6940709.08,-10.71793103,51.93,820
511757.87,6940708.94,-10.58638942,52.64,820
511759.79,6940708.57,-10.17635142,54.59,820
511761.42,6940708.25,-9.937241379,56.26,820
511761.7,6940708.2,-9.889903066,56.54,820
511717.16,6940716.87,-12.92665324,11.16,825
511717.68,6940716.77,-12.57934327,11.7,825
511718.21,6940716.66,-12.27931034,12.23,825
511719.6,6940716.39,-11.81465326,13.65,825
511720.77,6940716.16,-11.49862069,14.85,825
511721.51,6940716.02,-11.32623389,15.6,825
511723.42,6940715.65,-10.92500839,17.55,825
511724.48,6940715.44,-10.71793103,18.62,825
511725.34,6940715.28,-10.54092102,19.5,825
511727.25,6940714.9,-10.19130373,21.45,825
511729.16,6940714.53,-9.937241379,23.39,825
511729.17,6940714.53,-9.936197365,23.4,825
511731.08,6940714.16,-9.878047442,25.35,825
511731.47,6940714.08,-9.937241379,25.75,825
511732.99,6940713.79,-10.15981835,27.3,825
511734.88,6940713.42,-10.71793103,29.22,825
511734.91,6940713.41,-10.72586551,29.25,825
511736.82,6940713.04,-11.29291812,31.2,825
511738.19,6940712.78,-11.49862069,32.59,825
511738.73,6940712.67,-11.5901736,33.14,825
511740.65,6940712.3,-11.55765412,35.09,825
511741.14,6940712.2,-11.49862069,35.59,825
511742.56,6940711.92,-11.35327628,37.04,825
511744.48,6940711.55,-11.12954302,38.99,825
511746.39,6940711.18,-10.95945022,40.94,825
511748.3,6940710.81,-10.90399901,42.89,825
511750.22,6940710.43,-10.98254187,44.84,825
511752.13,6940710.06,-11.11305232,46.79,825
511754.04,6940709.69,-11.15086636,48.74,825
511755.96,6940709.32,-10.9977573,50.69,825
511757.59,6940709,-10.71793103,52.35,825
511757.87,6940708.94,-10.66449181,52.64,825
511759.79,6940708.57,-10.25855541,54.59,825
511761.7,6940708.2,-9.980424224,56.54,825
511717.35,6940716.83,-12.92665324,11.36,830
511717.68,6940716.77,-12.7058199,11.7,830
511718.43,6940716.62,-12.27931034,12.46,830
511719.6,6940716.39,-11.88836038,13.65,830
511721.05,6940716.11,-11.49862069,15.13,830
511721.51,6940716.02,-11.39054101,15.6,830
511723.42,6940715.65,-10.99036629,17.55,830
511724.81,6940715.38,-10.71793103,18.96,830
511725.34,6940715.28,-10.60952955,19.5,830
511727.25,6940714.9,-10.26223838,21.45,830
511729.17,6940714.53,-10.01109479,23.4,830
511731.08,6940714.16,-9.961761019,25.35,830
511732.99,6940713.79,-10.24295694,27.3,830
511734.6,6940713.47,-10.71793103,28.93,830
511734.91,6940713.41,-10.80993503,29.25,830
511736.82,6940713.04,-11.37394422,31.2,830
511737.65,6940712.88,-11.49862069,32.04,830
511738.73,6940712.67,-11.68065162,33.14,830
511740.65,6940712.3,-11.64452676,35.09,830
511741.85,6940712.06,-11.49862069,36.32,830
511742.56,6940711.92,-11.42647847,37.04,830
511744.48,6940711.55,-11.20265869,38.99,830
511746.39,6940711.18,-11.03271823,40.94,830
511748.3,6940710.81,-10.97666592,42.89,830
511750.22,6940710.43,-11.05383096,44.84,830
511752.13,6940710.06,-11.18306782,46.79,830
511754.04,6940709.69,-11.22076476,48.74,830
511755.96,6940709.32,-11.06932046,50.69,830
511757.87,6940708.94,-10.7416445,52.64,830
511758,6940708.92,-10.71793103,52.77,830
511759.79,6940708.57,-10.3407594,54.59,830
511761.7,6940708.2,-10.06564119,56.54,830
511717.54,6940716.79,-12.92665324,11.55,835
511717.68,6940716.77,-12.83229653,11.7,835
511718.65,6940716.58,-12.27931034,12.68,835
511719.6,6940716.39,-11.96206751,13.65,835
511721.32,6940716.06,-11.49862069,15.41,835
511721.51,6940716.02,-11.45484812,15.6,835
511723.42,6940715.65,-11.05572419,17.55,835
511725.14,6940715.31,-10.71793103,19.3,835
511725.34,6940715.28,-10.67813808,19.5,835
511727.25,6940714.9,-10.33317302,21.45,835
511729.17,6940714.53,-10.08589972,23.4,835
511731.08,6940714.16,-10.04136507,25.35,835
511732.99,6940713.79,-10.32609553,27.3,835
511734.32,6940713.53,-10.71793103,28.65,835
511734.91,6940713.41,-10.89400454,29.25,835
511736.82,6940713.04,-11.45497031,31.2,835
511737.11,6940712.98,-11.49862069,31.49,835
511738.73,6940712.67,-11.77112965,33.14,835
511740.65,6940712.3,-11.7313994,35.09,835
511742.56,6940711.92,-11.49985303,37.04,835
511742.57,6940711.92,-11.49862069,37.05,835
511744.48,6940711.55,-11.27577436,38.99,835
511746.39,6940711.18,-11.10598624,40.94,835
511748.3,6940710.81,-11.04933283,42.89,835
511750.22,6940710.43,-11.12512005,44.84,835
511752.13,6940710.06,-11.25308332,46.79,835
511754.04,6940709.69,-11.29066316,48.74,835
511755.96,6940709.32,-11.14088362,50.69,835
511757.87,6940708.94,-10.81673941,52.64,835
511758.39,6940708.84,-10.71793103,53.16,835
511759.79,6940708.57,-10.42296339,54.59,835
511761.7,6940708.2,-10.15085815,56.54,835
511717.74,6940716.75,-12.92665324,11.76,840
511718.87,6940716.53,-12.27931034,12.91,840
511719.6,6940716.39,-12.03577463,13.65,840
511721.51,6940716.02,-11.5223219,15.6,840
511721.61,6940716,-11.49862069,15.7,840
511723.42,6940715.65,-11.12108209,17.55,840
511725.34,6940715.28,-10.74599965,19.5,840
511725.5,6940715.24,-10.71793103,19.67,840
511727.25,6940714.9,-10.40410766,21.45,840
511729.17,6940714.53,-10.16070464,23.4,840
511731.08,6940714.16,-10.12096912,25.35,840
511732.99,6940713.79,-10.40923412,27.3,840
511734.04,6940713.58,-10.71793103,28.36,840
511734.91,6940713.41,-10.97807405,29.25,840
511736.69,6940713.07,-11.49862069,31.06,840
511736.82,6940713.04,-11.54252727,31.2,840
511738.73,6940712.67,-11.86160768,33.14,840
511740.65,6940712.3,-11.81827204,35.09,840
511742.56,6940711.92,-11.58495963,37.04,840
511743.2,6940711.8,-11.49862069,37.69,840
511744.48,6940711.55,-11.34889003,38.99,840
511746.39,6940711.18,-11.17925424,40.94,840
511748.3,6940710.81,-11.12199973,42.89,840
511750.22,6940710.43,-11.19640914,44.84,840
511752.13,6940710.06,-11.32309883,46.79,840
511754.04,6940709.69,-11.36056156,48.74,840
511755.96,6940709.32,-11.21244677,50.69,840
511757.87,6940708.94,-10.89183432,52.64,840
511758.78,6940708.77,-10.71793103,53.56,840
511759.79,6940708.57,-10.50516738,54.59,840
511761.7,6940708.2,-10.23607512,56.54,840
511717.96,6940716.71,-12.92665324,11.98,845
511719.09,6940716.49,-12.27931034,13.13,845
511719.6,6940716.39,-12.10948176,13.65,845
511721.51,6940716.02,-11.59654591,15.6,845
511721.92,6940715.94,-11.49862069,16.02,845
511723.42,6940715.65,-11.18643999,17.55,845
511725.34,6940715.28,-10.81282967,19.5,845
511725.9,6940715.17,-10.71793103,20.07,845
511727.25,6940714.9,-10.47504231,21.45,845
511729.17,6940714.53,-10.23550957,23.4,845
511731.08,6940714.16,-10.20057317,25.35,845
511732.99,6940713.79,-10.49237271,27.3,845
511733.76,6940713.64,-10.71793103,28.07,845
511734.91,6940713.41,-11.06214356,29.25,845
511736.4,6940713.12,-11.49862069,30.77,845
511736.82,6940713.04,-11.63771151,31.2,845
511738.73,6940712.67,-11.9520857,33.14,845
511740.65,6940712.3,-11.90514468,35.09,845
511742.56,6940711.92,-11.67006623,37.04,845
511743.82,6940711.68,-11.49862069,38.33,845
511744.48,6940711.55,-11.4220057,38.99,845
511746.39,6940711.18,-11.25252225,40.94,845
511748.3,6940710.81,-11.19466664,42.89,845
511750.22,6940710.43,-11.26769822,44.84,845
511752.13,6940710.06,-11.39311433,46.79,845
511754.04,6940709.69,-11.43045996,48.74,845
511755.96,6940709.32,-11.28400993,50.69,845
511757.87,6940708.94,-10.96692922,52.64,845
511759.17,6940708.69,-10.71793103,53.96,845
511759.79,6940708.57,-10.58737137,54.59,845
511761.7,6940708.2,-10.32129208,56.54,845
511718.18,6940716.67,-12.92665324,12.2,850
511719.31,6940716.45,-12.27931034,13.35,850
511719.6,6940716.39,-12.18318888,13.65,850
511721.51,6940716.02,-11.67076993,15.6,850
511722.24,6940715.88,-11.49862069,16.34,850
511723.42,6940715.65,-11.25179789,17.55,850
511725.34,6940715.28,-10.8796597,19.5,850
511726.29,6940715.09,-10.71793103,20.47,850
511727.25,6940714.9,-10.54597695,21.45,850
511729.17,6940714.53,-10.3103145,23.4,850
511731.08,6940714.16,-10.28017722,25.35,850
511732.99,6940713.79,-10.5755113,27.3,850
511733.47,6940713.69,-10.71793103,27.79,850
511734.91,6940713.41,-11.14621307,29.25,850
511736.11,6940713.18,-11.49862069,30.47,850
511736.82,6940713.04,-11.73289574,31.2,850
511738.73,6940712.67,-12.04256373,33.14,850
511740.65,6940712.3,-11.99201732,35.09,850
511742.56,6940711.92,-11.75517283,37.04,850
511744.45,6940711.56,-11.49862069,38.96,850
511744.48,6940711.55,-11.49512137,38.99,850
511746.39,6940711.18,-11.32579026,40.94,850
511748.3,6940710.81,-11.26733355,42.89,850
511750.22,6940710.43,-11.33898731,44.84,850
511752.13,6940710.06,-11.46312983,46.79,850
511753.96,6940709.71,-11.49862069,48.65,850
511754.04,6940709.69,-11.50062031,48.74,850
511754.07,6940709.69,-11.49862069,48.77,850
511755.96,6940709.32,-11.35557309,50.69,850
511757.87,6940708.94,-11.04202413,52.64,850
511759.56,6940708.62,-10.71793103,54.36,850
511759.79,6940708.57,-10.66957536,54.59,850
511761.7,6940708.2,-10.40650905,56.54,850
511718.39,6940716.63,-12.92665324,12.42,855
511719.53,6940716.41,-12.27931034,13.58,855
511719.6,6940716.39,-12.25689601,13.65,855
511721.51,6940716.02,-11.74499394,15.6,855
511722.55,6940715.82,-11.49862069,16.66,855
511723.42,6940715.65,-11.31715579,17.55,855
511725.34,6940715.28,-10.94648972,19.5,855
511726.69,6940715.01,-10.71793103,20.87,855
511727.25,6940714.9,-10.61691159,21.45,855
511729.17,6940714.53,-10.38511942,23.4,855
511731.08,6940714.16,-10.35978127,25.35,855
511732.99,6940713.79,-10.65864989,27.3,855
511733.19,6940713.75,-10.71793103,27.5,855
511734.91,6940713.41,-11.23028258,29.25,855
511735.83,6940713.24,-11.49862069,30.18,855
511736.82,6940713.04,-11.82807997,31.2,855
511738.73,6940712.67,-12.13304176,33.14,855
511740.65,6940712.3,-12.07888995,35.09,855
511742.56,6940711.92,-11.84027944,37.04,855
511744.48,6940711.55,-11.5795625,38.99,855
511745.26,6940711.4,-11.49862069,39.8,855
511746.39,6940711.18,-11.39905826,40.94,855
511748.3,6940710.81,-11.34000046,42.89,855
511750.22,6940710.43,-11.4102764,44.84,855
511751.59,6940710.17,-11.49862069,46.24,855
511752.13,6940710.06,-11.5384895,46.79,855
511754.04,6940709.69,-11.58105569,48.74,855
511755.01,6940709.5,-11.49862069,49.73,855
511755.96,6940709.32,-11.42713625,50.69,855
511757.87,6940708.94,-11.11711904,52.64,855
511759.79,6940708.57,-10.75073027,54.59,855
511760.04,6940708.52,-10.71793103,54.85,855
511761.7,6940708.2,-10.49172601,56.54,855
511718.61,6940716.58,-12.92665324,12.65,860
511719.6,6940716.39,-12.36553791,13.65,860
511719.79,6940716.36,-12.27931034,13.84,860
511721.51,6940716.02,-11.81921795,15.6,860
511722.87,6940715.76,-11.49862069,16.98,860
511723.42,6940715.65,-11.38251369,17.55,860
511725.34,6940715.28,-11.01331975,19.5,860
511727.08,6940714.94,-10.71793103,21.28,860
511727.25,6940714.9,-10.68784623,21.45,860
511729.17,6940714.53,-10.45992435,23.4,860
511731.08,6940714.16,-10.43938532,25.35,860
511732.85,6940713.81,-10.71793103,27.15,860
511732.99,6940713.79,-10.74201646,27.3,860
511734.91,6940713.41,-11.31435209,29.25,860
511735.54,6940713.29,-11.49862069,29.89,860
511736.82,6940713.04,-11.9232642,31.2,860
511738.73,6940712.67,-12.22351978,33.14,860
511740.65,6940712.3,-12.16576259,35.09,860
511742.56,6940711.92,-11.92538604,37.04,860
511744.48,6940711.55,-11.6645729,38.99,860
511746.09,6940711.24,-11.49862069,40.64,860
511746.39,6940711.18,-11.47232627,40.94,860
511748.3,6940710.81,-11.41266736,42.89,860
511750.22,6940710.43,-11.48156549,44.84,860
511750.48,6940710.38,-11.49862069,45.11,860
511752.13,6940710.06,-11.61934289,46.79,860
511754.04,6940709.69,-11.66149106,48.74,860
511755.96,6940709.32,-11.49871123,50.69,860
511755.96,6940709.32,-11.49862069,50.69,860
511757.87,6940708.94,-11.19221395,52.64,860
511759.79,6940708.57,-10.83038646,54.59,860
511760.67,6940708.4,-10.71793103,55.49,860
511761.7,6940708.2,-10.57694298,56.54,860
511718.83,6940716.54,-12.92665324,12.87,865
511719.6,6940716.39,-12.48944589,13.65,865
511720.07,6940716.3,-12.27931034,14.13,865
511721.51,6940716.02,-11.89344197,15.6,865
511723.18,6940715.7,-11.49862069,17.3,865
511723.42,6940715.65,-11.44787159,17.55,865
511725.34,6940715.28,-11.08014978,19.5,865
511727.25,6940714.9,-10.7579157,21.45,865
511727.62,6940714.83,-10.71793103,21.82,865
511729.17,6940714.53,-10.53472928,23.4,865
511731.08,6940714.16,-10.51898937,25.35,865
511732.34,6940713.91,-10.71793103,26.63,865
511732.99,6940713.79,-10.82594949,27.3,865
511734.91,6940713.41,-11.3984216,29.25,865
511735.25,6940713.35,-11.49862069,29.59,865
511736.82,6940713.04,-12.01844844,31.2,865
511738.5,6940712.71,-12.27931034,32.91,865
511738.73,6940712.67,-12.3383671,33.14,865
511739.8,6940712.46,-12.27931034,34.23,865
511740.65,6940712.3,-12.25263523,35.09,865
511742.56,6940711.92,-12.01049264,37.04,865
511744.48,6940711.55,-11.74958331,38.99,865
511746.39,6940711.18,-11.55336159,40.94,865
511747.88,6940710.89,-11.49862069,42.46,865
511748.3,6940710.81,-11.48533427,42.89,865
511748.67,6940710.73,-11.49862069,43.27,865
511750.22,6940710.43,-11.5615833,44.84,865
511752.13,6940710.06,-11.70019629,46.79,865
511754.04,6940709.69,-11.74192644,48.74,865
511755.96,6940709.32,-11.581022,50.69,865
511756.43,6940709.23,-11.49862069,51.17,865
511757.87,6940708.94,-11.26730885,52.64,865
511759.79,6940708.57,-10.91004266,54.59,865
511761.29,6940708.28,-10.71793103,56.12,865
511761.7,6940708.2,-10.66215994,56.54,865
511719.05,6940716.5,-12.92665324,13.09,870
511719.6,6940716.39,-12.61335386,13.65,870
511720.34,6940716.25,-12.27931034,14.41,870
511721.51,6940716.02,-11.96766598,15.6,870
511723.42,6940715.65,-11.51551949,17.55,870
511723.5,6940715.63,-11.49862069,17.63,870
511725.34,6940715.28,-11.1469798,19.5,870
511727.25,6940714.9,-10.82734798,21.45,870
511728.25,6940714.71,-10.71793103,22.46,870
511729.17,6940714.53,-10.60953421,23.4,870
511731.08,6940714.16,-10.59859342,25.35,870
511731.84,6940714.01,-10.71793103,26.12,870
511732.99,6940713.79,-10.90988252,27.3,870
511734.91,6940713.41,-11.48249111,29.25,870
511734.96,6940713.4,-11.49862069,29.3,870
511736.82,6940713.04,-12.11363267,31.2,870
511737.89,6940712.83,-12.27931034,32.28,870
511738.73,6940712.67,-12.49240944,33.14,870
511740.65,6940712.3,-12.38147482,35.09,870
511741.11,6940712.21,-12.27931034,35.57,870
511742.56,6940711.92,-12.09559924,37.04,870
511744.48,6940711.55,-11.83459371,38.99,870
511746.39,6940711.18,-11.63874482,40.94,870
511748.3,6940710.81,-11.56782194,42.89,870
511750.22,6940710.43,-11.64434607,44.84,870
511752.13,6940710.06,-11.78104968,46.79,870
511754.04,6940709.69,-11.82236181,48.74,870
511755.96,6940709.32,-11.66333277,50.69,870
511756.9,6940709.13,-11.49862069,51.65,870
511757.87,6940708.94,-11.34240376,52.64,870
511759.79,6940708.57,-10.98969885,54.59,870
511761.7,6940708.2,-10.74664755,56.54,870
511719.26,6940716.46,-12.92665324,13.31,875
511719.6,6940716.39,-12.73726184,13.65,875
511720.62,6940716.19,-12.27931034,14.69,875
511721.51,6940716.02,-12.04188999,15.6,875
511723.42,6940715.65,-11.59112259,17.55,875
511723.85,6940715.57,-11.49862069,17.98,875
511725.34,6940715.28,-11.21380983,19.5,875
511727.25,6940714.9,-10.89678027,21.45,875
511728.88,6940714.59,-10.71793103,23.11,875
511729.17,6940714.53,-10.68433913,23.4,875
511731.08,6940714.16,-10.67819747,25.35,875
511731.33,6940714.11,-10.71793103,25.6,875
511732.99,6940713.79,-10.99381555,27.3,875
511734.68,6940713.46,-11.49862069,29.01,875
511734.91,6940713.41,-11.57876003,29.25,875
511736.82,6940713.04,-12.2088169,31.2,875
511737.27,6940712.95,-12.27931034,31.66,875
511738.73,6940712.67,-12.64645177,33.14,875
511740.65,6940712.3,-12.52891106,35.09,875
511741.78,6940712.08,-12.27931034,36.25,875
511742.56,6940711.92,-12.18070584,37.04,875
511744.48,6940711.55,-11.91960412,38.99,875
511746.39,6940711.18,-11.72412806,40.94,875
511748.3,6940710.81,-11.65250701,42.89,875
511750.22,6940710.43,-11.72710884,44.84,875
511752.13,6940710.06,-11.86190308,46.79,875
511754.04,6940709.69,-11.90279718,48.74,875
511755.96,6940709.32,-11.74564354,50.69,875
511757.37,6940709.04,-11.49862069,52.13,875
511757.87,6940708.94,-11.41749867,52.64,875
511759.79,6940708.57,-11.06935505,54.59,875
511761.7,6940708.2,-10.82975375,56.54,875
511719.48,6940716.42,-12.92665324,13.53,880
511719.6,6940716.39,-12.86116982,13.65,880
511720.9,6940716.14,-12.27931034,14.98,880
511721.51,6940716.02,-12.11611401,15.6,880
511723.42,6940715.65,-11.66672568,17.55,880
511724.2,6940715.5,-11.49862069,18.34,880
511725.34,6940715.28,-11.28063986,19.5,880
511727.25,6940714.9,-10.96621255,21.45,880
511729.17,6940714.53,-10.75867843,23.4,880
511731.08,6940714.16,-10.7578892,25.35,880
511732.99,6940713.79,-11.07774858,27.3,880
511734.4,6940713.51,-11.49862069,28.73,880
511734.91,6940713.41,-11.67792519,29.25,880
511736.74,6940713.06,-12.27931034,31.12,880
511736.82,6940713.04,-12.32134686,31.2,880
511738.73,6940712.67,-12.80049411,33.14,880
511740.65,6940712.3,-12.6763473,35.09,880
511742.46,6940711.94,-12.27931034,36.94,880
511742.56,6940711.92,-12.26581244,37.04,880
511744.48,6940711.55,-12.00461452,38.99,880
511746.39,6940711.18,-11.80951129,40.94,880
511748.3,6940710.81,-11.73719209,42.89,880
511750.22,6940710.43,-11.80987162,44.84,880
511752.13,6940710.06,-11.94275647,46.79,880
511754.04,6940709.69,-11.98323256,48.74,880
511755.96,6940709.32,-11.82795431,50.69,880
511757.83,6940708.95,-11.49862069,52.6,880
511757.87,6940708.94,-11.49259357,52.64,880
511759.79,6940708.57,-11.14901124,54.59,880
511761.7,6940708.2,-10.91285995,56.54,880
511719.73,6940716.37,-12.92665324,13.78,885
511721.18,6940716.09,-12.27931034,15.26,885
511721.51,6940716.02,-12.19033802,15.6,885
511723.42,6940715.65,-11.74232878,17.55,885
511724.55,6940715.43,-11.49862069,18.69,885
511725.34,6940715.28,-11.34746988,19.5,885
511727.25,6940714.9,-11.03564483,21.45,885
511729.17,6940714.53,-10.83263819,23.4,885
511731.08,6940714.16,-10.83766831,25.35,885
511732.99,6940713.79,-11.16168161,27.3,885
511734.12,6940713.57,-11.49862069,28.44,885
511734.91,6940713.41,-11.77709035,29.25,885
511736.44,6940713.12,-12.27931034,30.81,885
511736.82,6940713.04,-12.48339972,31.2,885
511738.62,6940712.69,-12.92665324,33.03,885
511739.14,6940712.59,-12.92665324,33.56,885
511740.65,6940712.3,-12.82378355,35.09,885
511742.56,6940711.92,-12.40041422,37.04,885
511743.09,6940711.82,-12.27931034,37.58,885
511744.48,6940711.55,-12.08962493,38.99,885
511746.39,6940711.18,-11.89489453,40.94,885
511748.3,6940710.81,-11.82187716,42.89,885
511750.22,6940710.43,-11.89263439,44.84,885
511752.13,6940710.06,-12.02360987,46.79,885
511754.04,6940709.69,-12.06366793,48.74,885
511755.96,6940709.32,-11.91026507,50.69,885
511757.87,6940708.94,-11.57818538,52.64,885
511758.28,6940708.87,-11.49862069,53.06,885
511759.79,6940708.57,-11.22866744,54.59,885
511761.7,6940708.2,-10.99596615,56.54,885
511740.85,6940712.26,-12.92665324,35.3,890
511742.56,6940711.92,-12.54434562,37.04,890
511743.71,6940711.7,-12.27931034,38.21,890
511744.48,6940711.55,-12.17463533,38.99,890
511746.39,6940711.18,-11.98027776,40.94,890
511748.3,6940710.81,-11.90656223,42.89,890
511750.22,6940710.43,-11.97539716,44.84,890
511752.13,6940710.06,-12.10446326,46.79,890
511754.04,6940709.69,-12.14410331,48.74,890
511755.96,6940709.32,-11.99257584,50.69,890
511757.87,6940708.94,-11.66469318,52.64,890
511758.73,6940708.78,-11.49862069,53.51,890
511759.79,6940708.57,-11.30832363,54.59,890
511761.7,6940708.2,-11.07907234,56.54,890
511720.01,6940716.31,-12.92665324,14.06,890
511721.46,6940716.03,-12.27931034,15.54,890
511721.51,6940716.02,-12.26456203,15.6,890
511723.42,6940715.65,-11.81793187,17.55,890
511724.9,6940715.36,-11.49862069,19.05,890
511725.34,6940715.28,-11.41429991,19.5,890
511727.25,6940714.9,-11.10507712,21.45,890
511729.17,6940714.53,-10.90659795,23.4,890
511731.08,6940714.16,-10.91744742,25.35,890
511732.99,6940713.79,-11.24561464,27.3,890
511733.84,6940713.62,-11.49862069,28.16,890
511734.91,6940713.41,-11.87625552,29.25,890
511736.14,6940713.17,-12.27931034,30.5,890
511736.82,6940713.04,-12.64545258,31.2,890
511737.98,6940712.82,-12.92665324,32.37,890
511741.5,6940712.13,-12.92665324,35.96,895
511742.56,6940711.92,-12.68827702,37.04,895
511744.33,6940711.58,-12.27931034,38.85,895
511744.48,6940711.55,-12.25964574,38.99,895
511746.39,6940711.18,-12.065661,40.94,895
511748.3,6940710.81,-11.9912473,42.89,895
511750.22,6940710.43,-12.05815994,44.84,895
511752.13,6940710.06,-12.18531666,46.79,895
511754.04,6940709.69,-12.22453868,48.74,895
511755.96,6940709.32,-12.07488661,50.69,895
511757.87,6940708.94,-11.75120098,52.64,895
511759.17,6940708.69,-11.49862069,53.96,895
511759.79,6940708.57,-11.38797983,54.59,895
511761.7,6940708.2,-11.16217854,56.54,895
511720.29,6940716.26,-12.92665324,14.35,895
511721.51,6940716.02,-12.3794151,15.6,895
511721.77,6940715.97,-12.27931034,15.86,895
511723.42,6940715.65,-11.89353497,17.55,895
511725.25,6940715.29,-11.49862069,19.4,895
511725.34,6940715.28,-11.48112994,19.5,895
511727.25,6940714.9,-11.1745094,21.45,895
511729.17,6940714.53,-10.98055771,23.4,895
511731.08,6940714.16,-10.99722653,25.35,895
511732.99,6940713.79,-11.32954767,27.3,895
511733.56,6940713.68,-11.49862069,27.87,895
511734.91,6940713.41,-11.97542068,29.25,895
511735.83,6940713.23,-12.27931034,30.19,895
511736.82,6940713.04,-12.80750544,31.2,895
511737.31,6940712.95,-12.92665324,31.69,895
511742.14,6940712.01,-12.92665324,36.61,900
511742.56,6940711.92,-12.83220841,37.04,900
511744.48,6940711.55,-12.38975775,38.99,900
511745.12,6940711.43,-12.27931034,39.65,900
511746.39,6940711.18,-12.15104423,40.94,900
511748.3,6940710.81,-12.07593237,42.89,900
511750.22,6940710.43,-12.14092271,44.84,900
511752.13,6940710.06,-12.26617005,46.79,900
511752.78,6940709.94,-12.27931034,47.45,900
511754.04,6940709.69,-12.32253748,48.74,900
511754.38,6940709.62,-12.27931034,49.09,900
511755.96,6940709.32,-12.15719738,50.69,900
511757.87,6940708.94,-11.83770878,52.64,900
511759.61,6940708.61,-11.49862069,54.42,900
511759.79,6940708.57,-11.46763602,54.59,900
511761.7,6940708.2,-11.24528474,56.54,900
511720.56,6940716.2,-12.92665324,14.63,900
511721.51,6940716.02,-12.50434303,15.6,900
511722.09,6940715.91,-12.27931034,16.19,900
511723.42,6940715.65,-11.96913806,17.55,900
511725.34,6940715.28,-11.55576883,19.5,900
511725.66,6940715.21,-11.49862069,19.82,900
511727.25,6940714.9,-11.24394168,21.45,900
511729.17,6940714.53,-11.05451747,23.4,900
511731.08,6940714.16,-11.07700564,25.35,900
511732.99,6940713.79,-11.4134807,27.3,900
511733.28,6940713.73,-11.49862069,27.59,900
511734.91,6940713.41,-12.07458585,29.25,900
511735.53,6940713.29,-12.27931034,29.88,900
511736.74,6940713.06,-12.92665324,31.11,900
511742.78,6940711.88,-12.92665324,37.26,905
511744.48,6940711.55,-12.53344226,38.99,905
511745.97,6940711.26,-12.27931034,40.51,905
511746.39,6940711.18,-12.23642747,40.94,905
511748.3,6940710.81,-12.16061744,42.89,905
511750.22,6940710.43,-12.22368548,44.84,905
511751.07,6940710.27,-12.27931034,45.71,905
511752.13,6940710.06,-12.39342521,46.79,905
511754.04,6940709.69,-12.45802025,48.74,905
511755.45,6940709.42,-12.27931034,50.17,905
511755.96,6940709.32,-12.23950815,50.69,905
511757.87,6940708.94,-11.92421658,52.64,905
511759.79,6940708.57,-11.5547579,54.59,905
511760.23,6940708.49,-11.49862069,55.04,905
511761.7,6940708.2,-11.32839094,56.54,905
511720.84,6940716.15,-12.92665324,14.92,905
511721.51,6940716.02,-12.62927097,15.6,905
511722.42,6940715.84,-12.27931034,16.52,905
511723.42,6940715.65,-12.04474116,17.55,905
511725.34,6940715.28,-11.63317596,19.5,905
511726.09,6940715.13,-11.49862069,20.27,905
511727.25,6940714.9,-11.31337397,21.45,905
511729.17,6940714.53,-11.12847723,23.4,905
511731.08,6940714.16,-11.15678475,25.35,905
511732.99,6940713.79,-11.49741373,27.3,905
511733,6940713.79,-11.49862069,27.3,905
511734.91,6940713.41,-12.17375101,29.25,905
511735.23,6940713.35,-12.27931034,29.57,905
511736.43,6940713.12,-12.92665324,30.8,905
511743.4,6940711.76,-12.92665324,37.9,910
511744.48,6940711.55,-12.67712677,38.99,910
511746.39,6940711.18,-12.35122304,40.94,910
511747.45,6940710.97,-12.27931034,42.02,910
511748.3,6940710.81,-12.24530251,42.89,910
511749.36,6940710.6,-12.27931034,43.97,910
511750.22,6940710.43,-12.32512658,44.84,910
511752.13,6940710.06,-12.52968501,46.79,910
511754.04,6940709.69,-12.59350302,48.74,910
511755.96,6940709.32,-12.35089632,50.69,910
511756.23,6940709.26,-12.27931034,50.97,910
511757.87,6940708.94,-12.01072438,52.64,910
511759.79,6940708.57,-11.6466325,54.59,910
511760.95,6940708.35,-11.49862069,55.77,910
511761.7,6940708.2,-11.41149714,56.54,910
511721.12,6940716.1,-12.92665324,15.2,910
511721.51,6940716.02,-12.7541989,15.6,910
511722.74,6940715.78,-12.27931034,16.85,910
511723.42,6940715.65,-12.12034425,17.55,910
511725.34,6940715.28,-11.7105831,19.5,910
511726.53,6940715.04,-11.49862069,20.71,910
511727.25,6940714.9,-11.38280625,21.45,910
511729.17,6940714.53,-11.20243699,23.4,910
511731.08,6940714.16,-11.23656386,25.35,910
511732.55,6940713.87,-11.49862069,26.85,910
511732.99,6940713.79,-11.59632312,27.3,910
511734.91,6940713.41,-12.27291618,29.25,910
511734.93,6940713.41,-12.27931034,29.27,910
511736.12,6940713.18,-12.92665324,30.49,910
511744.02,6940711.64,-12.92665324,38.53,915
511744.48,6940711.55,-12.82081127,38.99,915
511746.39,6940711.18,-12.49569568,40.94,915
511748.3,6940710.81,-12.36505793,42.89,915
511750.22,6940710.43,-12.46485283,44.84,915
511752.13,6940710.06,-12.66594482,46.79,915
511754.04,6940709.69,-12.72898579,48.74,915
511755.96,6940709.32,-12.48951063,50.69,915
511756.76,6940709.16,-12.27931034,51.51,915
511757.87,6940708.94,-12.09723218,52.64,915
511759.79,6940708.57,-11.73850709,54.59,915
511761.67,6940708.21,-11.49862069,56.51,915
511761.7,6940708.2,-11.49460334,56.54,915
511721.4,6940716.04,-12.92665324,15.49,915
511721.51,6940716.02,-12.87912684,15.6,915
511723.07,6940715.72,-12.27931034,17.18,915
511723.42,6940715.65,-12.19594735,17.55,915
511725.34,6940715.28,-11.78799023,19.5,915
511726.96,6940714.96,-11.49862069,21.15,915
511727.25,6940714.9,-11.45223854,21.45,915
511729.17,6940714.53,-11.27639675,23.4,915
511731.08,6940714.16,-11.31634297,25.35,915
511732.1,6940713.96,-11.49862069,26.39,915
511732.99,6940713.79,-11.69545102,27.3,915
511734.64,6940713.46,-12.27931034,28.98,915
511734.91,6940713.41,-12.43732994,29.25,915
511735.81,6940713.24,-12.92665324,30.17,915
511744.7,6940711.51,-12.92665324,39.22,920
511746.39,6940711.18,-12.64016831,40.94,920
511748.3,6940710.81,-12.50834791,42.89,920
511750.22,6940710.43,-12.60457907,44.84,920
511752.13,6940710.06,-12.80220462,46.79,920
511754.04,6940709.69,-12.86446856,48.74,920
511755.96,6940709.32,-12.62812494,50.69,920
511757.29,6940709.06,-12.27931034,52.05,920
511757.87,6940708.94,-12.18373999,52.64,920
511759.79,6940708.57,-11.83038168,54.59,920
511761.7,6940708.2,-11.58991139,56.54,920
511721.71,6940715.98,-12.92665324,15.8,920
511723.39,6940715.65,-12.27931034,17.51,920
511723.42,6940715.65,-12.27155044,17.55,920
511725.34,6940715.28,-11.86539737,19.5,920
511727.25,6940714.9,-11.52535734,21.45,920
511727.52,6940714.85,-11.49862069,21.72,920
511729.17,6940714.53,-11.35035651,23.4,920
511731.08,6940714.16,-11.39612208,25.35,920
511731.66,6940714.05,-11.49862069,25.93,920
511732.99,6940713.79,-11.79457891,27.3,920
511734.36,6940713.52,-12.27931034,28.69,920
511734.91,6940713.41,-12.60624092,29.25,920
511735.5,6940713.3,-12.92665324,29.85,920
511745.55,6940711.34,-12.92665324,40.09,925
511746.39,6940711.18,-12.78464094,40.94,925
511748.3,6940710.81,-12.65163789,42.89,925
511750.22,6940710.43,-12.74430532,44.84,925
511752.01,6940710.08,-12.92665324,46.67,925
511754.65,6940709.57,-12.92665324,49.36,925
511755.96,6940709.32,-12.76673925,50.69,925
511757.82,6940708.96,-12.27931034,52.59,925
511757.87,6940708.94,-12.27024779,52.64,925
511759.79,6940708.57,-11.92225628,54.59,925
511761.7,6940708.2,-11.68583925,56.54,925
511722.04,6940715.92,-12.92665324,16.14,925
511723.42,6940715.65,-12.39370088,17.55,925
511723.75,6940715.58,-12.27931034,17.88,925
511725.34,6940715.28,-11.9428045,19.5,925
511727.25,6940714.9,-11.60589428,21.45,925
511728.34,6940714.69,-11.49862069,22.56,925
511729.17,6940714.53,-11.42431628,23.4,925
511731.08,6940714.16,-11.47590119,25.35,925
511731.21,6940714.13,-11.49862069,25.48,925
511732.99,6940713.79,-11.8937068,27.3,925
511734.08,6940713.57,-12.27931034,28.41,925
511734.91,6940713.41,-12.7751519,29.25,925
511735.19,6940713.36,-12.92665324,29.53,925
511755.78,6940709.35,-12.92665324,50.51,930
511755.96,6940709.32,-12.90535356,50.69,930
511757.87,6940708.94,-12.40968159,52.64,930
511758.33,6940708.86,-12.27931034,53.1,930
511759.79,6940708.57,-12.01413087,54.59,930
511761.7,6940708.2,-11.7817671,56.54,930
511746.42,6940711.17,-12.92665324,40.98,930
511748.3,6940710.81,-12.79492787,42.89,930
511750.22,6940710.43,-12.88403156,44.84,930
511750.64,6940710.35,-12.92665324,45.28,930
511722.37,6940715.85,-12.92665324,16.47,930
511723.42,6940715.65,-12.5211754,17.55,930
511724.12,6940715.51,-12.27931034,18.25,930
511725.34,6940715.28,-12.02021164,19.5,930
511727.25,6940714.9,-11.68643122,21.45,930
511729.16,6940714.53,-11.49862069,23.39,930
511729.17,6940714.53,-11.49827604,23.4,930
511729.18,6940714.53,-11.49862069,23.41,930
511731.08,6940714.16,-11.56562924,25.35,930
511732.99,6940713.79,-11.9928347,27.3,930
511733.8,6940713.63,-12.27931034,28.12,930
511734.88,6940713.42,-12.92665324,29.22,930
511756.42,6940709.23,-12.92665324,51.16,935
511757.87,6940708.94,-12.55530874,52.64,935
511758.83,6940708.76,-12.27931034,53.62,935
511759.79,6940708.57,-12.10600546,54.59,935
511761.7,6940708.2,-11.87769495,56.54,935
511722.7,6940715.79,-12.92665324,16.81,935
511723.42,6940715.65,-12.64864992,17.55,935
511724.48,6940715.44,-12.27931034,18.62,935
511725.34,6940715.28,-12.09761877,19.5,935
511727.25,6940714.9,-11.76696816,21.45,935
511729.17,6940714.53,-11.5844126,23.4,935
511731.08,6940714.16,-11.65931867,25.35,935
511732.99,6940713.79,-12.09196259,27.3,935
511733.52,6940713.68,-12.27931034,27.84,935
511734.6,6940713.47,-12.92665324,28.93,935
511756.99,6940709.12,-12.92665324,51.74,940
511757.87,6940708.94,-12.70093588,52.64,940
511759.34,6940708.66,-12.27931034,54.13,940
511759.79,6940708.57,-12.19788006,54.59,940
511761.7,6940708.2,-11.97362281,56.54,940
511723.03,6940715.72,-12.92665324,17.15,940
511723.42,6940715.65,-12.77612444,17.55,940
511724.85,6940715.37,-12.27931034,19,940
511725.34,6940715.28,-12.17502591,19.5,940
511727.25,6940714.9,-11.8475051,21.45,940
511729.17,6940714.53,-11.67060617,23.4,940
511731.08,6940714.16,-11.7530081,25.35,940
511732.99,6940713.79,-12.19109048,27.3,940
511733.24,6940713.74,-12.27931034,27.55,940
511734.32,6940713.53,-12.92665324,28.64,940
511757.56,6940709.01,-12.92665324,52.32,945
511757.87,6940708.94,-12.84656303,52.64,945
511759.79,6940708.57,-12.296864,54.59,945
511759.88,6940708.55,-12.27931034,54.69,945
511761.7,6940708.2,-12.06955066,56.54,945
511723.36,6940715.66,-12.92665324,17.49,945
511723.42,6940715.65,-12.90359896,17.55,945
511725.21,6940715.3,-12.27931034,19.37,945
511725.34,6940715.28,-12.25243304,19.5,945
511727.25,6940714.9,-11.92804204,21.45,945
511729.17,6940714.53,-11.75679974,23.4,945
511731.08,6940714.16,-11.84669753,25.35,945
511732.95,6940713.79,-12.27931034,27.25,945
511732.99,6940713.79,-12.29787281,27.3,945
511734.04,6940713.58,-12.92665324,28.36,945
511758.1,6940708.9,-12.92665324,52.88,950
511759.79,6940708.57,-12.45127683,54.59,950
511760.71,6940708.39,-12.27931034,55.54,950
511761.7,6940708.2,-12.16547852,56.54,950
511723.72,6940715.59,-12.92665324,17.85,950
511725.34,6940715.28,-12.36455109,19.5,950
511725.65,6940715.22,-12.27931034,19.81,950
511727.25,6940714.9,-12.00857898,21.45,950
511729.17,6940714.53,-11.84299331,23.4,950
511731.08,6940714.16,-11.94038696,25.35,950
511732.54,6940713.87,-12.27931034,26.84,950
511732.99,6940713.79,-12.46656115,27.3,950
511733.76,6940713.64,-12.92665324,28.07,950
511758.64,6940708.8,-12.92665324,53.43,955
511759.79,6940708.57,-12.60568966,54.59,955
511761.54,6940708.23,-12.27931034,56.38,955
511761.7,6940708.2,-12.26140637,56.54,955
511724.1,6940715.52,-12.92665324,18.23,955
511725.34,6940715.28,-12.4951322,19.5,955
511726.13,6940715.12,-12.27931034,20.3,955
511727.25,6940714.9,-12.08911592,21.45,955
511729.17,6940714.53,-11.92918689,23.4,955
511731.08,6940714.16,-12.03407639,25.35,955
511732.14,6940713.95,-12.27931034,26.43,955
511732.99,6940713.79,-12.6352495,27.3,955
511733.48,6940713.69,-12.92665324,27.79,955
511759.19,6940708.69,-12.92665324,53.99,960
511759.79,6940708.57,-12.76010249,54.59,960
511761.7,6940708.2,-12.40992901,56.54,960
511724.47,6940715.44,-12.92665324,18.62,960
511725.34,6940715.28,-12.62571332,19.5,960
511726.6,6940715.03,-12.27931034,20.79,960
511727.25,6940714.9,-12.16965286,21.45,960
511729.17,6940714.53,-12.01538046,23.4,960
511731.08,6940714.16,-12.12776582,25.35,960
511731.73,6940714.03,-12.27931034,26.01,960
511732.99,6940713.79,-12.80393784,27.3,960
511733.2,6940713.75,-12.92665324,27.5,960
511759.74,6940708.58,-12.92665324,54.55,965
511759.79,6940708.57,-12.91451532,54.59,965
511761.7,6940708.2,-12.57052046,56.54,965
511724.85,6940715.37,-12.92665324,19,965
511725.34,6940715.28,-12.75629444,19.5,965
511727.08,6940714.94,-12.27931034,21.27,965
511727.25,6940714.9,-12.2501898,21.45,965
511729.17,6940714.53,-12.10157403,23.4,965
511731.08,6940714.16,-12.22145525,25.35,965
511731.33,6940714.11,-12.27931034,25.6,965
511732.88,6940713.81,-12.92665324,27.18,965
511760.59,6940708.42,-12.92665324,55.41,970
511761.7,6940708.2,-12.73111192,56.54,970
511725.22,6940715.3,-12.92665324,19.38,970
511725.34,6940715.28,-12.88687555,19.5,970
511727.25,6940714.9,-12.3660473,21.45,970
511727.97,6940714.76,-12.27931034,22.18,970
511729.17,6940714.53,-12.1877676,23.4,970
511730.57,6940714.26,-12.27931034,24.83,970
511731.08,6940714.16,-12.34006129,25.35,970
511732.49,6940713.88,-12.92665324,26.78,970
511761.5,6940708.24,-12.92665324,56.34,975
511761.7,6940708.2,-12.89170337,56.54,975
511725.68,6940715.21,-12.92665324,19.84,975
511727.25,6940714.9,-12.5019092,21.45,975
511729.1,6940714.54,-12.27931034,23.33,975
511729.17,6940714.53,-12.27396117,23.4,975
511729.25,6940714.52,-12.27931034,23.48,975
511731.08,6940714.16,-12.49889559,25.35,975
511732.11,6940713.96,-12.92665324,26.39,975
511726.18,6940715.11,-12.92665324,20.35,980
511727.25,6940714.9,-12.6377711,21.45,980
511729.17,6940714.53,-12.41578175,23.4,980
511731.08,6940714.16,-12.65772989,25.35,980
511731.73,6940714.03,-12.92665324,26,980
511726.68,6940715.01,-12.92665324,20.87,985
511727.25,6940714.9,-12.773633,21.45,985
511729.17,6940714.53,-12.56128296,23.4,985
511731.08,6940714.16,-12.8165642,25.35,985
511731.34,6940714.11,-12.92665324,25.62,985
511727.19,6940714.92,-12.92665324,21.38,990
511727.25,6940714.9,-12.9094949,21.45,990
511729.17,6940714.53,-12.70678417,23.4,990
511730.73,6940714.23,-12.92665324,24.99,990
511728.43,6940714.67,-12.92665324,22.65,995
511729.17,6940714.53,-12.85228538,23.4,995
511729.68,6940714.43,-12.92665324,23.92,995
