X,Y,Z,Vs
509495.200000,6944425.200000,30.583241,255
509495.200000,6944425.200000,30.344597,255
509495.200000,6944425.200000,29.978510,260
509495.200000,6944425.200000,30.782654,260
509495.200000,6944425.200000,29.689566,265
509495.200000,6944425.200000,30.982068,265
509495.200000,6944425.200000,29.466827,270
509495.200000,6944425.200000,31.170711,270
509495.200000,6944425.200000,29.370376,275
509495.200000,6944425.200000,31.358289,275
509495.200000,6944425.200000,29.273925,280
509495.200000,6944425.200000,31.531372,280
509495.200000,6944425.200000,29.177474,285
509495.200000,6944425.200000,31.659672,285
509495.200000,6944425.200000,31.787971,290
509495.200000,6944425.200000,29.081022,290
509495.200000,6944425.200000,28.986671,295
509495.200000,6944425.200000,31.916270,295
509495.200000,6944425.200000,28.903344,300
509495.200000,6944425.200000,32.043193,300
509495.200000,6944425.200000,28.820018,305
509495.200000,6944425.200000,32.167532,305
509495.200000,6944425.200000,28.736692,310
509495.200000,6944425.200000,32.291871,310
509495.200000,6944425.200000,28.653365,315
509495.200000,6944425.200000,32.416209,315
509495.200000,6944425.200000,28.570039,320
509495.200000,6944425.200000,32.560080,320
509495.200000,6944425.200000,28.488713,325
509495.200000,6944425.200000,32.744310,325
509495.200000,6944425.200000,28.417930,330
509495.200000,6944425.200000,32.928541,330
509495.200000,6944425.200000,28.347148,335
509495.200000,6944425.200000,33.131510,335
509495.200000,6944425.200000,28.276365,340
509495.200000,6944425.200000,33.346353,340
509495.200000,6944425.200000,28.205582,345
509495.200000,6944425.200000,33.705785,345
509495.200000,6944425.200000,28.134800,350
509495.200000,6944425.200000,35.500000,350
509495.200000,6944425.200000,28.064017,355
509495.200000,6944425.200000,27.993683,360
509495.200000,6944425.200000,27.927597,365
509495.200000,6944425.200000,27.861511,370
509495.200000,6944425.200000,27.795425,375
509495.200000,6944425.200000,27.729339,380
509495.200000,6944425.200000,27.663252,385
509495.200000,6944425.200000,27.597166,390
509495.200000,6944425.200000,27.531080,395
509495.200000,6944425.200000,27.461939,400
509495.200000,6944425.200000,27.390086,405
509495.200000,6944425.200000,27.318233,410
509495.200000,6944425.200000,27.246380,415
509495.200000,6944425.200000,27.174527,420
509495.200000,6944425.200000,27.102674,425
509495.200000,6944425.200000,27.030821,430
509495.200000,6944425.200000,26.955703,435
509495.200000,6944425.200000,26.878131,440
509495.200000,6944425.200000,26.800560,445
509495.200000,6944425.200000,26.722988,450
509495.200000,6944425.200000,26.645417,455
509495.200000,6944425.200000,26.567846,460
509495.200000,6944425.200000,26.488783,465
509495.200000,6944425.200000,26.399318,470
509495.200000,6944425.200000,26.309853,475
509495.200000,6944425.200000,26.220389,480
509495.200000,6944425.200000,26.130924,485
509495.200000,6944425.200000,26.041459,490
509495.200000,6944425.200000,25.938024,495
509495.200000,6944425.200000,25.822524,500
509495.200000,6944425.200000,25.707024,505
509495.200000,6944425.200000,25.591524,510
509495.200000,6944425.200000,25.473130,515
509495.200000,6944425.200000,25.343689,520
509495.200000,6944425.200000,25.214248,525
509495.200000,6944425.200000,25.084807,530
509495.200000,6944425.200000,24.933345,535
509495.200000,6944425.200000,24.740042,540
509495.200000,6944425.200000,24.546739,545
509495.200000,6944425.200000,24.341707,550
509495.200000,6944425.200000,24.132933,555
509495.200000,6944425.200000,23.892614,560
509495.200000,6944425.200000,23.597001,565
509495.200000,6944425.200000,23.292141,570
509495.200000,6944425.200000,22.978509,575
509495.200000,6944425.200000,22.592730,580
509495.200000,6944425.200000,22.204421,585
509495.200000,6944425.200000,21.815431,590
509495.200000,6944425.200000,21.426848,595
509495.200000,6944425.200000,21.039449,600
509495.200000,6944425.200000,20.670716,605
509495.200000,6944425.200000,20.309227,610
509495.200000,6944425.200000,19.953954,615
509495.200000,6944425.200000,19.609988,620
509495.200000,6944425.200000,19.272024,625
509495.200000,6944425.200000,18.937689,630
509495.200000,6944425.200000,18.606834,635
509495.200000,6944425.200000,18.279419,640
509495.200000,6944425.200000,17.954200,645
509495.200000,6944425.200000,17.632334,650
509495.200000,6944425.200000,17.317206,655
509495.200000,6944425.200000,17.006784,660
509495.200000,6944425.200000,16.704581,665
509495.200000,6944425.200000,16.411288,670
509495.200000,6944425.200000,16.136315,675
509495.200000,6944425.200000,15.867010,680
509495.200000,6944425.200000,15.603276,685
509495.200000,6944425.200000,15.367349,690
509495.200000,6944425.200000,15.149320,695
509495.200000,6944425.200000,14.932569,700
509495.200000,6944425.200000,14.718596,705
509495.200000,6944425.200000,14.504623,710
509495.200000,6944425.200000,14.340327,715
509495.200000,6944425.200000,14.177127,720
509495.200000,6944425.200000,14.013927,725
509495.200000,6944425.200000,13.854999,730
509495.200000,6944425.200000,13.696470,735
509495.200000,6944425.200000,13.537940,740
509495.200000,6944425.200000,13.404836,745
509495.200000,6944425.200000,13.279731,750
509495.200000,6944425.200000,13.154627,755
509495.200000,6944425.200000,13.029522,760
509495.200000,6944425.200000,12.910447,765
509495.200000,6944425.200000,12.793235,770
509495.200000,6944425.200000,12.676024,775
509495.200000,6944425.200000,12.558812,780
509495.200000,6944425.200000,12.450829,785
509495.200000,6944425.200000,12.352139,790
509495.200000,6944425.200000,12.253450,795
509495.200000,6944425.200000,12.154761,800
509495.200000,6944425.200000,12.056071,805
509495.200000,6944425.200000,11.961135,810
509495.200000,6944425.200000,11.871137,815
509495.200000,6944425.200000,11.781139,820
509495.200000,6944425.200000,11.691141,825
509495.200000,6944425.200000,11.601143,830
509495.200000,6944425.200000,11.511145,835
509495.200000,6944425.200000,11.429135,840
509495.200000,6944425.200000,11.348254,845
509495.200000,6944425.200000,11.267374,850
509495.200000,6944425.200000,11.186493,855
509495.200000,6944425.200000,11.105612,860
509495.200000,6944425.200000,11.024731,865
509495.200000,6944425.200000,10.949334,870
509495.200000,6944425.200000,10.876353,875
509495.200000,6944425.200000,10.803372,880
509495.200000,6944425.200000,10.730390,885
509495.200000,6944425.200000,10.657409,890
509495.200000,6944425.200000,10.584428,895
509495.200000,6944425.200000,10.511446,900
509495.200000,6944425.200000,10.441647,905
509495.200000,6944425.200000,10.372439,910
509495.200000,6944425.200000,10.303232,915
509495.200000,6944425.200000,10.234024,920
509495.200000,6944425.200000,10.164816,925
509495.200000,6944425.200000,10.095609,930
509495.200000,6944425.200000,10.026401,935
509495.200000,6944425.200000,9.961002,940
509495.200000,6944425.200000,9.897951,945
509495.200000,6944425.200000,9.834900,950
509495.200000,6944425.200000,9.771849,955
509495.200000,6944425.200000,9.708798,960
509495.200000,6944425.200000,9.645747,965
509495.200000,6944425.200000,9.582696,970
509495.200000,6944425.200000,9.519645,975
509495.200000,6944425.200000,9.448279,980
509495.200000,6944425.200000,9.373148,985
509495.200000,6944425.200000,9.298017,990
509495.200000,6944425.200000,9.222886,995
509495.200000,6944425.200000,9.147755,1000
509495.200000,6944425.200000,9.072624,1005
509495.200000,6944425.200000,8.988786,1010
509495.200000,6944425.200000,8.652642,1015
509495.200000,6944425.200000,7.927446,1020
509495.200000,6944425.200000,5.000000,1025
509495.209600,6944425.207000,14.500000,710
509495.212100,6944425.209000,17.000000,660
509495.226300,6944425.219000,7.500000,1020
509495.234100,6944425.224000,14.000000,725
509495.238100,6944425.227000,11.500000,835
509495.243300,6944425.231000,7.000000,1020
509495.243800,6944425.231000,10.500000,905
509495.248000,6944425.234000,30.000000,260
509495.254100,6944425.239000,6.500000,1020
509495.261500,6944425.244000,6.000000,1020
509495.266900,6944425.248000,5.500000,1020
509495.271000,6944425.251000,5.000000,1020
509495.280800,6944425.258000,9.500000,975
509495.284800,6944425.261000,13.000000,760
509495.288500,6944425.263000,28.000000,360
509495.289600,6944425.264000,11.000000,865
509495.293300,6944425.267000,13.500000,740
509495.298600,6944425.271000,21.000000,605
509495.300900,6944425.272000,29.000000,295
509495.302600,6944425.273000,10.000000,935
509495.316900,6944425.284000,28.500000,325
509495.322500,6944425.288000,8.000000,1015
509495.346200,6944425.305000,7.500000,1015
509495.359100,6944425.314000,7.000000,1015
509495.367300,6944425.320000,6.500000,1015
509495.372900,6944425.324000,6.000000,1015
509495.373000,6944425.324000,12.500000,780
509495.377000,6944425.327000,5.500000,1015
509495.380100,6944425.329000,5.000000,1015
509495.383800,6944425.332000,12.000000,805
509495.386600,6944425.334000,29.500000,270
509495.389800,6944425.336000,15.500000,685
509495.416200,6944425.355000,18.500000,635
509495.444800,6944425.375000,19.500000,620
509495.445400,6944425.376000,17.500000,655
509495.447700,6944425.377000,16.000000,675
509495.449700,6944425.379000,8.000000,1010
509495.465600,6944425.390000,31.500000,280
509495.466000,6944425.390000,7.500000,1010
509495.474900,6944425.397000,7.000000,1010
509495.480500,6944425.401000,6.500000,1010
509495.484300,6944425.404000,6.000000,1010
509495.485400,6944425.404000,22.500000,580
509495.487100,6944425.406000,5.500000,1010
509495.489200,6944425.407000,5.000000,1010
509495.503400,6944425.417000,15.000000,695
509495.522900,6944425.431000,10.500000,895
509495.540100,6944425.443000,9.500000,970
509495.545400,6944425.447000,11.500000,830
509495.559600,6944425.457000,16.500000,665
509495.564700,6944425.461000,30.500000,255
509495.571700,6944425.466000,10.000000,930
509495.577000,6944425.470000,8.000000,1005
509495.582500,6944425.474000,11.000000,860
509495.585900,6944425.476000,7.500000,1005
509495.590700,6944425.480000,7.000000,1005
509495.593700,6944425.482000,6.500000,1005
509495.595700,6944425.483000,6.000000,1005
509495.597200,6944425.484000,5.500000,1005
509495.598300,6944425.485000,5.000000,1005
509495.606600,6944425.491000,32.027847,305
509495.606600,6944425.491000,28.956421,305
509495.606600,6944425.491000,28.168632,355
509495.606600,6944425.491000,27.483763,405
509495.606600,6944425.491000,26.733166,455
509495.606600,6944425.491000,25.818080,505
509495.606600,6944425.491000,24.297475,555
509495.606600,6944425.491000,20.879450,605
509495.606600,6944425.491000,17.413380,655
509495.606600,6944425.491000,14.736362,705
509495.606600,6944425.491000,13.141383,755
509495.606600,6944425.491000,12.031202,805
509495.606600,6944425.491000,11.156754,855
509495.606600,6944425.491000,10.409368,905
509495.606600,6944425.491000,9.737732,955
509495.606600,6944425.491000,9.081179,1005
509495.606600,6944425.491000,30.184129,260
509495.606600,6944425.491000,30.685108,260
509495.606600,6944425.491000,29.879761,265
509495.606600,6944425.491000,30.879527,265
509495.606600,6944425.491000,29.609555,270
509495.606600,6944425.491000,31.075761,270
509495.606600,6944425.491000,29.441475,275
509495.606600,6944425.491000,31.274952,275
509495.606600,6944425.491000,29.343039,280
509495.606600,6944425.491000,31.474143,280
509495.606600,6944425.491000,29.244602,285
509495.606600,6944425.491000,31.618964,285
509495.606600,6944425.491000,31.755674,290
509495.606600,6944425.491000,29.146166,290
509495.606600,6944425.491000,29.047729,295
509495.606600,6944425.491000,31.892385,295
509495.606600,6944425.491000,28.871821,305
509495.606600,6944425.491000,32.158693,305
509495.606600,6944425.491000,28.787222,310
509495.606600,6944425.491000,32.289539,310
509495.606600,6944425.491000,28.702622,315
509495.606600,6944425.491000,32.420384,315
509495.606600,6944425.491000,28.618023,320
509495.606600,6944425.491000,32.575390,320
509495.606600,6944425.491000,28.533423,325
509495.606600,6944425.491000,32.767941,325
509495.606600,6944425.491000,28.456470,330
509495.606600,6944425.491000,32.960493,330
509495.606600,6944425.491000,28.384511,335
509495.606600,6944425.491000,33.177510,335
509495.606600,6944425.491000,28.312551,340
509495.606600,6944425.491000,33.400844,340
509495.606600,6944425.491000,28.240592,345
509495.606600,6944425.491000,33.821570,345
509495.606600,6944425.491000,35.500000,350
509495.606600,6944425.491000,28.096673,355
509495.606600,6944425.491000,28.024714,360
509495.606600,6944425.491000,27.410660,405
509495.606600,6944425.491000,27.337558,410
509495.606600,6944425.491000,27.264456,415
509495.606600,6944425.491000,27.191354,420
509495.606600,6944425.491000,27.118251,425
509495.606600,6944425.491000,27.045149,430
509495.606600,6944425.491000,26.495962,465
509495.606600,6944425.491000,26.404979,470
509495.606600,6944425.491000,26.313996,475
509495.606600,6944425.491000,26.223013,480
509495.606600,6944425.491000,26.132030,485
509495.606600,6944425.491000,26.041047,490
509495.606600,6944425.491000,25.461559,515
509495.606600,6944425.491000,25.329866,520
509495.606600,6944425.491000,25.198173,525
509495.606600,6944425.491000,25.066479,530
509495.606600,6944425.491000,24.508622,545
509495.606600,6944425.491000,24.085677,555
509495.606600,6944425.491000,23.818937,560
509495.606600,6944425.491000,23.514874,565
509495.606600,6944425.491000,23.190456,570
509495.606600,6944425.491000,22.842005,575
509495.606600,6944425.491000,22.459666,580
509495.606600,6944425.491000,22.064443,585
509495.606600,6944425.491000,21.664579,590
509495.606600,6944425.491000,21.268182,595
509495.606600,6944425.491000,20.500613,605
509495.606600,6944425.491000,20.138040,610
509495.606600,6944425.491000,19.780070,615
509495.606600,6944425.491000,19.427575,620
509495.606600,6944425.491000,19.085008,625
509495.606600,6944425.491000,18.743825,630
509495.606600,6944425.491000,18.404910,635
509495.606600,6944425.491000,18.070548,640
509495.606600,6944425.491000,17.740291,645
509495.606600,6944425.491000,17.092549,655
509495.606600,6944425.491000,16.780793,660
509495.606600,6944425.491000,16.474991,665
509495.606600,6944425.491000,16.192603,670
509495.606600,6944425.491000,15.915010,675
509495.606600,6944425.491000,15.647701,680
509495.606600,6944425.491000,15.398972,685
509495.606600,6944425.491000,15.173186,690
509495.606600,6944425.491000,14.950187,695
509495.606600,6944425.491000,14.522537,705
509495.606600,6944425.491000,14.349022,710
509495.606600,6944425.491000,14.180256,715
509495.606600,6944425.491000,14.011490,720
509495.606600,6944425.491000,13.851061,725
509495.606600,6944425.491000,13.691240,730
509495.606600,6944425.491000,13.531420,735
509495.606600,6944425.491000,13.397227,740
509495.606600,6944425.491000,13.269305,745
509495.606600,6944425.491000,13.013460,755
509495.606600,6944425.491000,12.893922,760
509495.606600,6944425.491000,12.775369,765
509495.606600,6944425.491000,12.656817,770
509495.606600,6944425.491000,12.538264,775
509495.606600,6944425.491000,12.432121,780
509495.606600,6944425.491000,12.331891,785
509495.606600,6944425.491000,12.231662,790
509495.606600,6944425.491000,12.131432,795
509495.606600,6944425.491000,11.937273,805
509495.606600,6944425.491000,11.846190,810
509495.606600,6944425.491000,11.755108,815
509495.606600,6944425.491000,11.664026,820
509495.606600,6944425.491000,11.572944,825
509495.606600,6944425.491000,11.483722,830
509495.606600,6944425.491000,11.401980,835
509495.606600,6944425.491000,11.320238,840
509495.606600,6944425.491000,11.238496,845
509495.606600,6944425.491000,11.075012,855
509495.606600,6944425.491000,10.993930,860
509495.606600,6944425.491000,10.920214,865
509495.606600,6944425.491000,10.551630,890
509495.606600,6944425.491000,10.479105,895
509495.606600,6944425.491000,10.339631,905
509495.606600,6944425.491000,10.269895,910
509495.606600,6944425.491000,10.200158,915
509495.606600,6944425.491000,10.130421,920
509495.606600,6944425.491000,10.060684,925
509495.606600,6944425.491000,9.991756,930
509495.606600,6944425.491000,9.928250,935
509495.606600,6944425.491000,9.864744,940
509495.606600,6944425.491000,9.801238,945
509495.606600,6944425.491000,9.674226,955
509495.606600,6944425.491000,9.610720,960
509495.606600,6944425.491000,9.547214,965
509495.606600,6944425.491000,9.482827,970
509495.606600,6944425.491000,9.415886,975
509495.606600,6944425.491000,9.348944,980
509495.606600,6944425.491000,9.282003,985
509495.606600,6944425.491000,9.215061,990
509495.606600,6944425.491000,9.148120,995
509495.606600,6944425.491000,9.014237,1005
509495.606600,6944425.491000,8.041562,1005
509495.606600,6944425.491000,8.220084,1010
509495.606600,6944425.491000,8.832862,1010
509495.606600,6944425.491000,8.398605,1015
509495.606600,6944425.491000,8.620573,1015
509495.608100,6944425.492000,20.500000,605
509495.634800,6944425.511000,14.000000,720
509495.645600,6944425.519000,13.000000,755
509495.653200,6944425.524000,14.500000,705
509495.680800,6944425.544000,23.500000,565
509495.683200,6944425.546000,13.500000,735
509495.687000,6944425.549000,8.500000,1015
509495.688100,6944425.549000,9.000000,1005
509495.699900,6944425.558000,24.500000,545
509495.709900,6944425.565000,12.000000,800
509495.718400,6944425.571000,12.500000,775
509495.743200,6944425.589000,18.000000,640
509495.771800,6944425.609000,17.000000,655
509495.789700,6944425.622000,19.000000,625
509495.797600,6944425.628000,22.000000,585
509495.802100,6944425.631000,9.500000,965
509495.806000,6944425.634000,10.500000,890
509495.828600,6944425.650000,8.500000,1010
509495.836900,6944425.656000,26.500000,465
509495.844700,6944425.661000,10.000000,925
509495.857500,6944425.671000,11.500000,825
509495.877400,6944425.685000,15.500000,680
509495.880800,6944425.687000,11.000000,855
509495.886000,6944425.691000,30.000000,265
509495.910600,6944425.709000,27.500000,405
509495.928700,6944425.722000,20.000000,610
509495.941300,6944425.731000,29.000000,305
509495.941800,6944425.731000,31.000000,270
509495.955100,6944425.740000,16.000000,670
509495.961600,6944425.745000,15.000000,690
509495.970100,6944425.751000,8.500000,1005
509496.013200,6944425.782000,32.012500,305
509496.013200,6944425.782000,29.010813,305
509496.013200,6944425.782000,28.202469,355
509496.013200,6944425.782000,27.505129,405
509496.013200,6944425.782000,26.743344,455
509496.013200,6944425.782000,25.813636,505
509496.013200,6944425.782000,24.257953,555
509496.013200,6944425.782000,20.718057,605
509496.013200,6944425.782000,17.193086,655
509496.013200,6944425.782000,14.540682,705
509496.013200,6944425.782000,13.001099,755
509496.013200,6944425.782000,11.915619,805
509496.013200,6944425.782000,11.046001,855
509496.013200,6944425.782000,10.308243,905
509496.013200,6944425.782000,9.640630,955
509496.013200,6944425.782000,9.009539,1005
509496.013200,6944425.782000,30.458717,260
509496.013200,6944425.782000,30.524719,260
509496.013200,6944425.782000,30.077287,265
509496.013200,6944425.782000,30.753114,265
509496.013200,6944425.782000,29.777756,270
509496.013200,6944425.782000,30.981508,270
509496.013200,6944425.782000,29.499662,275
509496.013200,6944425.782000,31.192935,275
509496.013200,6944425.782000,29.401892,280
509496.013200,6944425.782000,31.402867,280
509496.013200,6944425.782000,29.304122,285
509496.013200,6944425.782000,31.577955,285
509496.013200,6944425.782000,31.723038,290
509496.013200,6944425.782000,29.206352,290
509496.013200,6944425.782000,29.108583,295
509496.013200,6944425.782000,31.868121,295
509496.013200,6944425.782000,28.923624,305
509496.013200,6944425.782000,32.149853,305
509496.013200,6944425.782000,28.837752,310
509496.013200,6944425.782000,32.287206,310
509496.013200,6944425.782000,28.751879,315
509496.013200,6944425.782000,32.424559,315
509496.013200,6944425.782000,28.666007,320
509496.013200,6944425.782000,32.590599,320
509496.013200,6944425.782000,28.580134,325
509496.013200,6944425.782000,32.791594,325
509496.013200,6944425.782000,28.495111,330
509496.013200,6944425.782000,32.992589,330
509496.013200,6944425.782000,28.421950,335
509496.013200,6944425.782000,33.224574,335
509496.013200,6944425.782000,28.348790,340
509496.013200,6944425.782000,33.457746,340
509496.013200,6944425.782000,28.275630,345
509496.013200,6944425.782000,33.919554,345
509496.013200,6944425.782000,35.000000,350
509496.013200,6944425.782000,28.129309,355
509496.013200,6944425.782000,28.056148,360
509496.013200,6944425.782000,27.984089,365
509496.013200,6944425.782000,27.431225,405
509496.013200,6944425.782000,27.356877,410
509496.013200,6944425.782000,27.282529,415
509496.013200,6944425.782000,27.208181,420
509496.013200,6944425.782000,27.133833,425
509496.013200,6944425.782000,27.059485,430
509496.013200,6944425.782000,26.502723,465
509496.013200,6944425.782000,26.410640,470
509496.013200,6944425.782000,26.318139,475
509496.013200,6944425.782000,26.225637,480
509496.013200,6944425.782000,26.133136,485
509496.013200,6944425.782000,26.040635,490
509496.013200,6944425.782000,25.449984,515
509496.013200,6944425.782000,25.316055,520
509496.013200,6944425.782000,25.182126,525
509496.013200,6944425.782000,25.048197,530
509496.013200,6944425.782000,24.468967,545
509496.013200,6944425.782000,24.046938,555
509496.013200,6944425.782000,23.750569,560
509496.013200,6944425.782000,23.427445,565
509496.013200,6944425.782000,23.095985,570
509496.013200,6944425.782000,22.722649,575
509496.013200,6944425.782000,22.327537,580
509496.013200,6944425.782000,21.924114,585
509496.013200,6944425.782000,21.511545,590
509496.013200,6944425.782000,21.108188,595
509496.013200,6944425.782000,20.337304,605
509496.013200,6944425.782000,19.963915,610
509496.013200,6944425.782000,19.602596,615
509496.013200,6944425.782000,19.246666,620
509496.013200,6944425.782000,18.895058,625
509496.013200,6944425.782000,18.548480,630
509496.013200,6944425.782000,18.202015,635
509496.013200,6944425.782000,17.860752,640
509496.013200,6944425.782000,17.526739,645
509496.013200,6944425.782000,16.868117,655
509496.013200,6944425.782000,16.555037,660
509496.013200,6944425.782000,16.259080,665
509496.013200,6944425.782000,15.969056,670
509496.013200,6944425.782000,15.696812,675
509496.013200,6944425.782000,15.436028,680
509496.013200,6944425.782000,15.205146,685
509496.013200,6944425.782000,14.975751,690
509496.013200,6944425.782000,14.758216,695
509496.013200,6944425.782000,14.359833,705
509496.013200,6944425.782000,14.187424,710
509496.013200,6944425.782000,14.015015,715
509496.013200,6944425.782000,13.851127,720
509496.013200,6944425.782000,13.688051,725
509496.013200,6944425.782000,13.524976,730
509496.013200,6944425.782000,13.390172,735
509496.013200,6944425.782000,13.260481,740
509496.013200,6944425.782000,13.130790,745
509496.013200,6944425.782000,12.880280,755
509496.013200,6944425.782000,12.759537,760
509496.013200,6944425.782000,12.638793,765
509496.013200,6944425.782000,12.518050,770
509496.013200,6944425.782000,12.413851,775
509496.013200,6944425.782000,12.312560,780
509496.013200,6944425.782000,12.211270,785
509496.013200,6944425.782000,12.109979,790
509496.013200,6944425.782000,12.008688,795
509496.013200,6944425.782000,11.823321,805
509496.013200,6944425.782000,11.731024,810
509496.013200,6944425.782000,11.638726,815
509496.013200,6944425.782000,11.546429,820
509496.013200,6944425.782000,11.458955,825
509496.013200,6944425.782000,11.376364,830
509496.013200,6944425.782000,11.293773,835
509496.013200,6944425.782000,11.211183,840
509496.013200,6944425.782000,11.128592,845
509496.013200,6944425.782000,10.967016,855
509496.013200,6944425.782000,10.892564,860
509496.013200,6944425.782000,10.818111,865
509496.013200,6944425.782000,10.743659,870
509496.013200,6944425.782000,10.669207,875
509496.013200,6944425.782000,10.594755,880
509496.013200,6944425.782000,10.520302,885
509496.013200,6944425.782000,10.448863,890
509496.013200,6944425.782000,10.378553,895
509496.013200,6944425.782000,10.237933,905
509496.013200,6944425.782000,10.167623,910
509496.013200,6944425.782000,10.097312,915
509496.013200,6944425.782000,10.027002,920
509496.013200,6944425.782000,9.960585,925
509496.013200,6944425.782000,9.896594,930
509496.013200,6944425.782000,9.832603,935
509496.013200,6944425.782000,9.768612,940
509496.013200,6944425.782000,9.704621,945
509496.013200,6944425.782000,9.576639,955
509496.013200,6944425.782000,9.512648,960
509496.013200,6944425.782000,9.449564,965
509496.013200,6944425.782000,9.386703,970
509496.013200,6944425.782000,9.323843,975
509496.013200,6944425.782000,9.260982,980
509496.013200,6944425.782000,9.198121,985
509496.013200,6944425.782000,9.135260,990
509496.013200,6944425.782000,9.072400,995
509496.015200,6944425.783000,29.500000,275
509496.016400,6944425.784000,13.000000,750
509496.042400,6944425.803000,12.000000,795
509496.044400,6944425.804000,21.500000,590
509496.050600,6944425.809000,14.000000,715
509496.052300,6944425.810000,9.000000,1005
509496.063400,6944425.818000,17.500000,645
509496.065200,6944425.819000,28.500000,330
509496.065900,6944425.820000,9.500000,960
509496.067000,6944425.821000,12.500000,770
509496.074400,6944425.826000,13.500000,730
509496.075600,6944425.827000,30.500000,260
509496.092400,6944425.839000,10.500000,885
509496.096600,6944425.842000,14.500000,705
509496.109500,6944425.851000,33.000000,330
509496.110600,6944425.852000,16.500000,660
509496.113800,6944425.854000,18.500000,630
509496.119500,6944425.858000,10.000000,920
509496.175200,6944425.898000,11.500000,820
509496.183200,6944425.904000,11.000000,850
509496.243900,6944425.947000,28.000000,365
509496.248700,6944425.951000,19.500000,615
509496.257600,6944425.957000,35.000000,345
509496.265800,6944425.963000,34.000000,345
509496.283100,6944425.975000,21.000000,595
509496.291400,6944425.981000,34.500000,345
509496.310400,6944425.995000,9.000000,995
509496.323800,6944426.004000,33.500000,340
509496.332700,6944426.011000,9.500000,955
509496.347100,6944426.021000,32.000000,305
509496.361200,6944426.031000,17.000000,650
509496.365700,6944426.034000,15.500000,675
509496.382700,6944426.047000,12.000000,790
509496.382800,6944426.047000,10.500000,880
509496.396300,6944426.056000,10.000000,915
509496.398500,6944426.058000,13.000000,745
509496.407900,6944426.065000,18.000000,635
509496.419700,6944426.073000,31.997020,305
509496.419700,6944426.073000,29.071417,305
509496.419700,6944426.073000,28.236326,355
509496.419700,6944426.073000,27.525197,405
509496.419700,6944426.073000,26.753522,455
509496.419700,6944426.073000,25.809192,505
509496.419700,6944426.073000,24.214497,555
509496.419700,6944426.073000,20.555206,605
509496.419700,6944426.073000,16.968364,655
509496.419700,6944426.073000,14.373685,705
509496.419700,6944426.073000,12.870519,755
509496.419700,6944426.073000,11.802912,805
509496.419700,6944426.073000,10.941728,855
509496.419700,6944426.073000,10.206988,905
509496.419700,6944426.073000,9.543418,955
509496.419700,6944426.073000,8.678469,1005
509496.419700,6944426.073000,30.342761,265
509496.419700,6944426.073000,30.606648,265
509496.419700,6944426.073000,29.966464,270
509496.419700,6944426.073000,30.871299,270
509496.419700,6944426.073000,29.690608,275
509496.419700,6944426.073000,31.116042,275
509496.419700,6944426.073000,29.469263,280
509496.419700,6944426.073000,31.341937,280
509496.419700,6944426.073000,29.369802,285
509496.419700,6944426.073000,31.545222,285
509496.419700,6944426.073000,31.695822,290
509496.419700,6944426.073000,29.270340,290
509496.419700,6944426.073000,29.170878,295
509496.419700,6944426.073000,31.846421,295
509496.419700,6944426.073000,28.975426,305
509496.419700,6944426.073000,32.141014,305
509496.419700,6944426.073000,28.888272,310
509496.419700,6944426.073000,32.284874,310
509496.419700,6944426.073000,28.801119,315
509496.419700,6944426.073000,32.428735,315
509496.419700,6944426.073000,28.713966,320
509496.419700,6944426.073000,32.605749,320
509496.419700,6944426.073000,28.626813,325
509496.419700,6944426.073000,32.815310,325
509496.419700,6944426.073000,28.539660,330
509496.419700,6944426.073000,33.028767,330
509496.419700,6944426.073000,28.459467,335
509496.419700,6944426.073000,33.271163,335
509496.419700,6944426.073000,28.385087,340
509496.419700,6944426.073000,33.529128,340
509496.419700,6944426.073000,28.310706,345
509496.419700,6944426.073000,35.000000,345
509496.419700,6944426.073000,28.161945,355
509496.419700,6944426.073000,28.087565,360
509496.419700,6944426.073000,28.013185,365
509496.419700,6944426.073000,27.942744,370
509496.419700,6944426.073000,27.873153,375
509496.419700,6944426.073000,27.803562,380
509496.419700,6944426.073000,27.733971,385
509496.419700,6944426.073000,27.664380,390
509496.419700,6944426.073000,27.594788,395
509496.419700,6944426.073000,27.451779,405
509496.419700,6944426.073000,27.376188,410
509496.419700,6944426.073000,27.300598,415
509496.419700,6944426.073000,27.225007,420
509496.419700,6944426.073000,27.149416,425
509496.419700,6944426.073000,27.073826,430
509496.419700,6944426.073000,26.998097,435
509496.419700,6944426.073000,26.916572,440
509496.419700,6944426.073000,26.835047,445
509496.419700,6944426.073000,26.671997,455
509496.419700,6944426.073000,26.590473,460
509496.419700,6944426.073000,26.508948,465
509496.419700,6944426.073000,26.416300,470
509496.419700,6944426.073000,26.322281,475
509496.419700,6944426.073000,26.228262,480
509496.419700,6944426.073000,26.134242,485
509496.419700,6944426.073000,26.040223,490
509496.419700,6944426.073000,25.930557,495
509496.419700,6944426.073000,25.687827,505
509496.419700,6944426.073000,25.566462,510
509496.419700,6944426.073000,25.438409,515
509496.419700,6944426.073000,25.302261,520
509496.419700,6944426.073000,25.166112,525
509496.419700,6944426.073000,25.029963,530
509496.419700,6944426.073000,24.840754,535
509496.419700,6944426.073000,24.636571,540
509496.419700,6944426.073000,24.428978,545
509496.419700,6944426.073000,24.000017,555
509496.419700,6944426.073000,23.671943,560
509496.419700,6944426.073000,23.343236,565
509496.419700,6944426.073000,23.013839,570
509496.419700,6944426.073000,22.605601,575
509496.419700,6944426.073000,22.191582,580
509496.419700,6944426.073000,21.776094,585
509496.419700,6944426.073000,21.359889,590
509496.419700,6944426.073000,20.946780,595
509496.419700,6944426.073000,20.170847,605
509496.419700,6944426.073000,19.794456,610
509496.419700,6944426.073000,19.425210,615
509496.419700,6944426.073000,19.062449,620
509496.419700,6944426.073000,18.704873,625
509496.419700,6944426.073000,18.348939,630
509496.419700,6944426.073000,17.993947,635
509496.419700,6944426.073000,17.649116,640
509496.419700,6944426.073000,17.306969,645
509496.419700,6944426.073000,16.643647,655
509496.419700,6944426.073000,16.335339,660
509496.419700,6944426.073000,16.040048,665
509496.419700,6944426.073000,15.753526,670
509496.419700,6944426.073000,15.474295,675
509496.419700,6944426.073000,15.242491,680
509496.419700,6944426.073000,15.010688,685
509496.419700,6944426.073000,14.786118,690
509496.419700,6944426.073000,14.561897,695
509496.419700,6944426.073000,14.199203,705
509496.419700,6944426.073000,14.024721,710
509496.419700,6944426.073000,13.856663,715
509496.419700,6944426.073000,13.689665,720
509496.419700,6944426.073000,13.522667,725
509496.419700,6944426.073000,13.386542,730
509496.419700,6944426.073000,13.255265,735
509496.419700,6944426.073000,13.123989,740
509496.419700,6944426.073000,12.993190,745
509496.419700,6944426.073000,12.747848,755
509496.419700,6944426.073000,12.625177,760
509496.419700,6944426.073000,12.502506,765
509496.419700,6944426.073000,12.399445,770
509496.419700,6944426.073000,12.296793,775
509496.419700,6944426.073000,12.194142,780
509496.419700,6944426.073000,12.091490,785
509496.419700,6944426.073000,11.989837,790
509496.419700,6944426.073000,11.896375,795
509496.419700,6944426.073000,11.709450,805
509496.419700,6944426.073000,11.615987,810
509496.419700,6944426.073000,11.522524,815
509496.419700,6944426.073000,11.436583,820
509496.419700,6944426.073000,11.353031,825
509496.419700,6944426.073000,11.269478,830
509496.419700,6944426.073000,11.185925,835
509496.419700,6944426.073000,11.102373,840
509496.419700,6944426.073000,11.018820,845
509496.419700,6944426.073000,10.866514,855
509496.419700,6944426.073000,10.791299,860
509496.419700,6944426.073000,10.716085,865
509496.419700,6944426.073000,10.640871,870
509496.419700,6944426.073000,10.565657,875
509496.419700,6944426.073000,10.490979,880
509496.419700,6944426.073000,10.419981,885
509496.419700,6944426.073000,10.348983,890
509496.419700,6944426.073000,10.277986,895
509496.419700,6944426.073000,10.135991,905
509496.419700,6944426.073000,10.064993,910
509496.419700,6944426.073000,9.994549,915
509496.419700,6944426.073000,9.930102,920
509496.419700,6944426.073000,9.865655,925
509496.419700,6944426.073000,9.801207,930
509496.419700,6944426.073000,9.736760,935
509496.419700,6944426.073000,9.672312,940
509496.419700,6944426.073000,9.607865,945
509496.419700,6944426.073000,9.479354,955
509496.419700,6944426.073000,9.416084,960
509496.419700,6944426.073000,9.352813,965
509496.419700,6944426.073000,9.289543,970
509496.419700,6944426.073000,9.226272,975
509496.419700,6944426.073000,9.163002,980
509496.419700,6944426.073000,9.099731,985
509496.419700,6944426.073000,9.036461,990
509496.419700,6944426.073000,8.904305,995
509496.419800,6944426.073000,24.000000,555
509496.425100,6944426.077000,12.500000,765
509496.436300,6944426.085000,15.000000,685
509496.440000,6944426.088000,8.000000,1005
509496.453800,6944426.097000,23.000000,570
509496.460900,6944426.103000,13.500000,725
509496.463600,6944426.104000,14.000000,710
509496.466400,6944426.106000,11.000000,845
509496.468200,6944426.108000,27.000000,435
509496.474200,6944426.112000,11.500000,815
509496.475700,6944426.113000,16.000000,665
509496.481700,6944426.117000,30.000000,270
509496.484200,6944426.119000,8.500000,1005
509496.514500,6944426.141000,14.500000,695
509496.517900,6944426.143000,9.000000,990
509496.520400,6944426.145000,20.500000,605
509496.525300,6944426.149000,19.000000,620
509496.539200,6944426.159000,9.500000,950
509496.554200,6944426.169000,29.000000,305
509496.561000,6944426.174000,29.500000,280
509496.589400,6944426.194000,10.000000,910
509496.592400,6944426.197000,10.500000,875
509496.615500,6944426.213000,16.500000,655
509496.628900,6944426.223000,8.000000,1010
509496.629400,6944426.223000,12.000000,785
509496.635300,6944426.227000,17.500000,640
509496.637900,6944426.229000,22.500000,575
509496.673700,6944426.255000,11.000000,840
509496.674000,6944426.255000,13.000000,740
509496.686900,6944426.264000,12.500000,760
509496.688300,6944426.265000,9.000000,985
509496.698200,6944426.272000,25.000000,530
509496.700100,6944426.274000,11.500000,810
509496.716400,6944426.285000,9.500000,945
509496.721400,6944426.289000,28.500000,335
509496.727400,6944426.293000,20.000000,605
509496.727900,6944426.294000,31.000000,275
509496.738900,6944426.301000,18.500000,625
509496.764400,6944426.320000,13.500000,720
509496.770000,6944426.324000,15.500000,670
509496.772900,6944426.326000,14.000000,705
509496.774800,6944426.327000,10.000000,905
509496.785400,6944426.335000,30.500000,265
509496.790200,6944426.338000,10.500000,870
509496.791600,6944426.339000,8.500000,1010
509496.794400,6944426.341000,15.000000,680
509496.803100,6944426.347000,22.000000,580
509496.804300,6944426.348000,31.500000,285
509496.817700,6944426.358000,8.000000,1015
509496.826300,6944426.364000,31.990398,305
509496.826300,6944426.364000,29.157383,305
509496.826300,6944426.364000,28.285813,355
509496.826300,6944426.364000,27.552860,405
509496.826300,6944426.364000,26.763008,455
509496.826300,6944426.364000,25.789845,505
509496.826300,6944426.364000,24.116490,555
509496.826300,6944426.364000,20.333212,605
509496.826300,6944426.364000,16.677229,655
509496.826300,6944426.364000,14.151210,705
509496.826300,6944426.364000,12.681899,755
509496.826300,6944426.364000,11.636532,805
509496.826300,6944426.364000,10.791227,855
509496.826300,6944426.364000,10.052275,905
509496.826300,6944426.364000,9.396275,955
509496.826300,6944426.364000,8.678366,1005
509496.826300,6944426.364000,30.207204,270
509496.826300,6944426.364000,30.725309,270
509496.826300,6944426.364000,29.914889,275
509496.826300,6944426.364000,30.961268,275
509496.826300,6944426.364000,29.652419,280
509496.826300,6944426.364000,31.225530,280
509496.826300,6944426.364000,29.457987,285
509496.826300,6944426.364000,31.495349,285
509496.826300,6944426.364000,31.661577,290
509496.826300,6944426.364000,29.357785,290
509496.826300,6944426.364000,29.257584,295
509496.826300,6944426.364000,31.825987,295
509496.826300,6944426.364000,29.057182,305
509496.826300,6944426.364000,32.147548,305
509496.826300,6944426.364000,28.961796,310
509496.826300,6944426.364000,32.304247,310
509496.826300,6944426.364000,28.872809,315
509496.826300,6944426.364000,32.460946,315
509496.826300,6944426.364000,28.783822,320
509496.826300,6944426.364000,32.670496,320
509496.826300,6944426.364000,28.694835,325
509496.826300,6944426.364000,32.897590,325
509496.826300,6944426.364000,28.605848,330
509496.826300,6944426.364000,33.139015,330
509496.826300,6944426.364000,28.516861,335
509496.826300,6944426.364000,33.392211,335
509496.826300,6944426.364000,28.438231,340
509496.826300,6944426.364000,33.790932,340
509496.826300,6944426.364000,28.362022,345
509496.826300,6944426.364000,34.500000,345
509496.826300,6944426.364000,28.209605,355
509496.826300,6944426.364000,28.133396,360
509496.826300,6944426.364000,28.057187,365
509496.826300,6944426.364000,27.982142,370
509496.826300,6944426.364000,27.910595,375
509496.826300,6944426.364000,27.839048,380
509496.826300,6944426.364000,27.767501,385
509496.826300,6944426.364000,27.695954,390
509496.826300,6944426.364000,27.624407,395
509496.826300,6944426.364000,27.479703,405
509496.826300,6944426.364000,27.401989,410
509496.826300,6944426.364000,27.324275,415
509496.826300,6944426.364000,27.246561,420
509496.826300,6944426.364000,27.168847,425
509496.826300,6944426.364000,27.091133,430
509496.826300,6944426.364000,27.013420,435
509496.826300,6944426.364000,26.930652,440
509496.826300,6944426.364000,26.846830,445
509496.826300,6944426.364000,26.679186,455
509496.826300,6944426.364000,26.595365,460
509496.826300,6944426.364000,26.511543,465
509496.826300,6944426.364000,26.416693,470
509496.826300,6944426.364000,26.320082,475
509496.826300,6944426.364000,26.223471,480
509496.826300,6944426.364000,26.126860,485
509496.826300,6944426.364000,26.030249,490
509496.826300,6944426.364000,25.914426,495
509496.826300,6944426.364000,25.665264,505
509496.826300,6944426.364000,25.540683,510
509496.826300,6944426.364000,25.405737,515
509496.826300,6944426.364000,25.265765,520
509496.826300,6944426.364000,25.125793,525
509496.826300,6944426.364000,24.978918,530
509496.826300,6944426.364000,24.770802,535
509496.826300,6944426.364000,24.562687,540
509496.826300,6944426.364000,24.342245,545
509496.826300,6944426.364000,23.845613,555
509496.826300,6944426.364000,23.526628,560
509496.826300,6944426.364000,23.185537,565
509496.826300,6944426.364000,22.814474,570
509496.826300,6944426.364000,22.407180,575
509496.826300,6944426.364000,21.988040,580
509496.826300,6944426.364000,21.561259,585
509496.826300,6944426.364000,21.141134,590
509496.826300,6944426.364000,20.731378,595
509496.826300,6944426.364000,19.944388,605
509496.826300,6944426.364000,19.556538,610
509496.826300,6944426.364000,19.186735,615
509496.826300,6944426.364000,18.815947,620
509496.826300,6944426.364000,18.443272,625
509496.826300,6944426.364000,18.083071,630
509496.826300,6944426.364000,17.722505,635
509496.826300,6944426.364000,17.366002,640
509496.826300,6944426.364000,17.016219,645
509496.826300,6944426.364000,16.353515,655
509496.826300,6944426.364000,16.046017,660
509496.826300,6944426.364000,15.750968,665
509496.826300,6944426.364000,15.465179,670
509496.826300,6944426.364000,15.221743,675
509496.826300,6944426.364000,14.979571,680
509496.826300,6944426.364000,14.750324,685
509496.826300,6944426.364000,14.521076,690
509496.826300,6944426.364000,14.334008,695
509496.826300,6944426.364000,13.970895,705
509496.826300,6944426.364000,13.802464,710
509496.826300,6944426.364000,13.634032,715
509496.826300,6944426.364000,13.471931,720
509496.826300,6944426.364000,13.334495,725
509496.826300,6944426.364000,13.197060,730
509496.826300,6944426.364000,13.059624,735
509496.826300,6944426.364000,12.929818,740
509496.826300,6944426.364000,12.805859,745
509496.826300,6944426.364000,12.557939,755
509496.826300,6944426.364000,12.443288,760
509496.826300,6944426.364000,12.336807,765
509496.826300,6944426.364000,12.230326,770
509496.826300,6944426.364000,12.123844,775
509496.826300,6944426.364000,12.017363,780
509496.826300,6944426.364000,11.920718,785
509496.826300,6944426.364000,11.825989,790
509496.826300,6944426.364000,11.731260,795
509496.826300,6944426.364000,11.541803,805
509496.826300,6944426.364000,11.452019,810
509496.826300,6944426.364000,11.366140,815
509496.826300,6944426.364000,11.280261,820
509496.826300,6944426.364000,11.194383,825
509496.826300,6944426.364000,11.108504,830
509496.826300,6944426.364000,11.022625,835
509496.826300,6944426.364000,10.943809,840
509496.826300,6944426.364000,10.867518,845
509496.826300,6944426.364000,10.714936,855
509496.826300,6944426.364000,10.638645,860
509496.826300,6944426.364000,10.562354,865
509496.826300,6944426.364000,10.486771,870
509496.826300,6944426.364000,10.414355,875
509496.826300,6944426.364000,10.341939,880
509496.826300,6944426.364000,10.269523,885
509496.826300,6944426.364000,10.197107,890
509496.826300,6944426.364000,10.124691,895
509496.826300,6944426.364000,9.981841,905
509496.826300,6944426.364000,9.916548,910
509496.826300,6944426.364000,9.851256,915
509496.826300,6944426.364000,9.785964,920
509496.826300,6944426.364000,9.720672,925
509496.826300,6944426.364000,9.655379,930
509496.826300,6944426.364000,9.590087,935
509496.826300,6944426.364000,9.524795,940
509496.826300,6944426.364000,9.460293,945
509496.826300,6944426.364000,9.332258,955
509496.826300,6944426.364000,9.268240,960
509496.826300,6944426.364000,9.204223,965
509496.826300,6944426.364000,9.140205,970
509496.826300,6944426.364000,9.076187,975
509496.826300,6944426.364000,9.012170,980
509496.826300,6944426.364000,8.931628,985
509496.826300,6944426.364000,8.847207,990
509496.826300,6944426.364000,8.762787,995
509496.826300,6944426.364000,8.593946,1005
509496.826300,6944426.364000,7.524139,1005
509496.826300,6944426.364000,8.509525,1010
509496.826300,6944426.364000,7.756763,1010
509496.826300,6944426.364000,8.024456,1015
509496.826300,6944426.364000,7.989387,1015
509496.834800,6944426.370000,8.000000,1015
509496.846100,6944426.378000,17.000000,645
509496.850400,6944426.381000,8.500000,1010
509496.855500,6944426.385000,9.000000,980
509496.855500,6944426.385000,14.500000,690
509496.861600,6944426.389000,12.000000,780
509496.876300,6944426.400000,11.000000,835
509496.881800,6944426.404000,16.000000,660
509496.885900,6944426.407000,9.500000,940
509496.892500,6944426.411000,23.500000,560
509496.913800,6944426.427000,11.500000,805
509496.914700,6944426.427000,19.500000,610
509496.927800,6944426.437000,21.500000,585
509496.934600,6944426.442000,12.500000,755
509496.934800,6944426.442000,13.000000,735
509496.939000,6944426.445000,18.000000,630
509496.948500,6944426.452000,10.000000,905
509496.968400,6944426.466000,10.500000,865
509496.976600,6944426.472000,30.000000,275
509496.991000,6944426.482000,28.000000,370
509496.997200,6944426.486000,29.500000,285
509497.008900,6944426.495000,9.000000,975
509497.013900,6944426.498000,29.000000,310
509497.019800,6944426.503000,8.000000,1010
509497.042800,6944426.519000,9.500000,935
509497.043000,6944426.519000,13.500000,715
509497.048400,6944426.523000,16.500000,655
509497.057400,6944426.529000,21.000000,590
509497.063400,6944426.534000,8.500000,1005
509497.064900,6944426.535000,14.000000,700
509497.066000,6944426.536000,11.000000,830
509497.071500,6944426.540000,34.000000,340
509497.078100,6944426.544000,12.000000,775
509497.093300,6944426.555000,27.500000,405
509497.098800,6944426.559000,33.500000,335
509497.109200,6944426.567000,24.500000,540
509497.111200,6944426.568000,19.000000,615
509497.112100,6944426.569000,11.500000,800
509497.117800,6944426.573000,10.000000,895
509497.120700,6944426.575000,17.500000,635
509497.125700,6944426.578000,15.000000,675
509497.142300,6944426.590000,10.500000,860
509497.144900,6944426.592000,15.500000,665
509497.147700,6944426.594000,32.500000,315
509497.162200,6944426.604000,9.000000,970
509497.166300,6944426.607000,12.500000,755
509497.173100,6944426.612000,14.500000,685
509497.184900,6944426.621000,13.000000,730
509497.197600,6944426.630000,20.500000,595
509497.199700,6944426.631000,9.500000,930
509497.204900,6944426.635000,8.000000,1005
509497.206800,6944426.636000,33.000000,325
509497.232900,6944426.655000,30.485001,270
509497.232900,6944426.655000,30.513089,270
509497.232900,6944426.655000,30.172778,275
509497.232900,6944426.655000,30.785555,275
509497.232900,6944426.655000,29.889711,280
509497.232900,6944426.655000,31.064367,280
509497.232900,6944426.655000,29.642769,285
509497.232900,6944426.655000,31.366632,285
509497.232900,6944426.655000,31.606443,290
509497.232900,6944426.655000,29.457155,290
509497.232900,6944426.655000,29.355593,295
509497.232900,6944426.655000,31.796937,295
509497.232900,6944426.655000,29.254030,300
509497.232900,6944426.655000,31.987431,300
509497.232900,6944426.655000,29.152467,305
509497.232900,6944426.655000,32.162838,305
509497.232900,6944426.655000,29.050904,310
509497.232900,6944426.655000,32.337180,310
509497.232900,6944426.655000,28.954568,315
509497.232900,6944426.655000,32.516235,315
509497.232900,6944426.655000,28.863484,320
509497.232900,6944426.655000,32.761916,320
509497.232900,6944426.655000,28.772400,325
509497.232900,6944426.655000,33.008487,325
509497.232900,6944426.655000,28.681317,330
509497.232900,6944426.655000,33.282993,330
509497.232900,6944426.655000,28.590233,335
509497.232900,6944426.655000,33.611689,335
509497.232900,6944426.655000,28.499267,340
509497.232900,6944426.655000,34.341073,340
509497.232900,6944426.655000,28.420849,345
509497.232900,6944426.655000,28.342430,350
509497.232900,6944426.655000,28.264012,355
509497.232900,6944426.655000,28.185593,360
509497.232900,6944426.655000,28.107175,365
509497.232900,6944426.655000,28.028756,370
509497.232900,6944426.655000,27.510084,405
509497.232900,6944426.655000,27.430718,410
509497.232900,6944426.655000,27.350482,415
509497.232900,6944426.655000,27.270245,420
509497.232900,6944426.655000,27.190009,425
509497.232900,6944426.655000,27.109772,430
509497.232900,6944426.655000,27.029535,435
509497.232900,6944426.655000,26.414708,470
509497.232900,6944426.655000,26.315015,475
509497.232900,6944426.655000,26.215322,480
509497.232900,6944426.655000,26.115629,485
509497.232900,6944426.655000,26.015936,490
509497.232900,6944426.655000,25.507062,510
509497.232900,6944426.655000,25.364647,515
509497.232900,6944426.655000,25.221414,520
509497.232900,6944426.655000,25.078181,525
509497.232900,6944426.655000,24.902218,530
509497.232900,6944426.655000,24.686921,535
509497.232900,6944426.655000,24.470689,540
509497.232900,6944426.655000,24.248296,545
509497.232900,6944426.655000,24.025903,550
509497.232900,6944426.655000,23.696256,555
509497.232900,6944426.655000,23.355404,560
509497.232900,6944426.655000,23.018454,565
509497.232900,6944426.655000,22.597456,570
509497.232900,6944426.655000,22.173216,575
509497.232900,6944426.655000,21.745090,580
509497.232900,6944426.655000,21.316463,585
509497.232900,6944426.655000,20.893499,590
509497.232900,6944426.655000,20.478425,595
509497.232900,6944426.655000,20.081890,600
509497.232900,6944426.655000,19.687306,605
509497.232900,6944426.655000,19.299305,610
509497.232900,6944426.655000,18.917151,615
509497.232900,6944426.655000,18.536236,620
509497.232900,6944426.655000,18.152768,625
509497.232900,6944426.655000,17.779788,630
509497.232900,6944426.655000,17.411416,635
509497.232900,6944426.655000,17.034895,640
509497.232900,6944426.655000,16.691814,645
509497.232900,6944426.655000,16.353691,650
509497.232900,6944426.655000,16.017567,655
509497.232900,6944426.655000,15.723023,660
509497.232900,6944426.655000,15.438012,665
509497.232900,6944426.655000,15.176328,670
509497.232900,6944426.655000,14.923713,675
509497.232900,6944426.655000,14.689834,680
509497.232900,6944426.655000,14.463862,685
509497.232900,6944426.655000,14.271970,690
509497.232900,6944426.655000,14.080077,695
509497.232900,6944426.655000,13.899024,700
509497.232900,6944426.655000,13.725735,705
509497.232900,6944426.655000,13.552445,710
509497.232900,6944426.655000,13.400524,715
509497.232900,6944426.655000,13.257878,720
509497.232900,6944426.655000,13.115232,725
509497.232900,6944426.655000,12.975389,730
509497.232900,6944426.655000,12.847329,735
509497.232900,6944426.655000,12.719269,740
509497.232900,6944426.655000,12.591208,745
509497.232900,6944426.655000,12.468534,750
509497.232900,6944426.655000,12.359189,755
509497.232900,6944426.655000,12.249845,760
509497.232900,6944426.655000,12.140500,765
509497.232900,6944426.655000,12.031155,770
509497.232900,6944426.655000,11.929971,775
509497.232900,6944426.655000,11.832039,780
509497.232900,6944426.655000,11.734107,785
509497.232900,6944426.655000,11.636175,790
509497.232900,6944426.655000,11.538243,795
509497.232900,6944426.655000,11.446812,800
509497.232900,6944426.655000,11.359545,805
509497.232900,6944426.655000,11.272279,810
509497.232900,6944426.655000,11.185012,815
509497.232900,6944426.655000,11.097745,820
509497.232900,6944426.655000,11.010479,825
509497.232900,6944426.655000,10.930807,830
509497.232900,6944426.655000,10.852172,835
509497.232900,6944426.655000,10.773536,840
509497.232900,6944426.655000,10.694901,845
509497.232900,6944426.655000,10.616266,850
509497.232900,6944426.655000,10.537630,855
509497.232900,6944426.655000,10.461890,860
509497.232900,6944426.655000,10.388807,865
509497.232900,6944426.655000,10.315724,870
509497.232900,6944426.655000,10.242641,875
509497.232900,6944426.655000,10.169558,880
509497.232900,6944426.655000,10.096475,885
509497.232900,6944426.655000,10.023392,890
509497.232900,6944426.655000,9.954480,895
509497.232900,6944426.655000,9.887532,900
509497.232900,6944426.655000,9.820584,905
509497.232900,6944426.655000,9.753636,910
509497.232900,6944426.655000,9.686688,915
509497.232900,6944426.655000,9.619740,920
509497.232900,6944426.655000,9.552792,925
509497.232900,6944426.655000,9.486359,930
509497.232900,6944426.655000,9.421848,935
509497.232900,6944426.655000,9.357337,940
509497.232900,6944426.655000,9.292826,945
509497.232900,6944426.655000,9.228315,950
509497.232900,6944426.655000,9.163804,955
509497.232900,6944426.655000,9.099294,960
509497.232900,6944426.655000,9.034783,965
509497.232900,6944426.655000,8.965429,970
509497.232900,6944426.655000,8.890411,975
509497.232900,6944426.655000,8.815392,980
509497.232900,6944426.655000,8.740373,985
509497.232900,6944426.655000,8.665354,990
509497.232900,6944426.655000,8.590335,995
509497.232900,6944426.655000,8.515317,1000
509497.232900,6944426.655000,27.583941,405
509497.232900,6944426.655000,26.772183,455
509497.232900,6944426.655000,25.763791,505
509497.237900,6944426.659000,28.500000,340
509497.254100,6944426.670000,30.500000,270
509497.254800,6944426.671000,16.000000,655
509497.256700,6944426.672000,11.000000,825
509497.271900,6944426.683000,23.000000,565
509497.276400,6944426.686000,17.000000,640
509497.285700,6944426.693000,18.500000,620
509497.288100,6944426.695000,10.000000,890
509497.298600,6944426.702000,12.000000,770
509497.299100,6944426.702000,8.500000,1005
509497.312800,6944426.712000,34.500000,340
509497.314500,6944426.713000,11.500000,795
509497.315700,6944426.714000,9.000000,965
509497.316000,6944426.715000,13.500000,710
509497.318300,6944426.716000,24.000000,555
509497.320300,6944426.718000,25.500000,510
509497.321000,6944426.718000,10.500000,855
509497.361700,6944426.747000,9.500000,925
509497.364000,6944426.749000,14.000000,695
509497.366100,6944426.750000,20.000000,600
509497.401500,6944426.776000,12.500000,745
509497.402600,6944426.777000,29.500000,290
509497.406300,6944426.779000,22.500000,570
509497.421700,6944426.790000,30.000000,280
509497.423600,6944426.792000,31.000000,280
509497.439300,6944426.803000,18.000000,625
509497.450300,6944426.811000,13.000000,725
509497.454800,6944426.814000,11.000000,820
509497.460500,6944426.818000,10.000000,885
509497.461100,6944426.818000,29.000000,315
509497.469400,6944426.824000,9.000000,960
509497.473700,6944426.827000,16.500000,645
509497.477800,6944426.830000,15.000000,670
509497.493200,6944426.841000,14.500000,680
509497.505100,6944426.850000,10.500000,855
509497.516200,6944426.858000,15.500000,660
509497.523500,6944426.863000,11.500000,790
509497.524900,6944426.864000,9.500000,920
509497.528400,6944426.867000,19.500000,605
509497.529000,6944426.867000,12.000000,765
509497.534700,6944426.871000,22.000000,575
509497.590500,6944426.911000,13.500000,705
509497.606300,6944426.922000,17.500000,630
509497.623000,6944426.934000,9.000000,955
509497.623400,6944426.935000,8.500000,995
509497.632800,6944426.941000,10.000000,880
509497.638200,6944426.945000,12.500000,740
509497.639500,6944426.946000,31.984923,305
509497.639500,6944426.946000,29.353049,305
509497.639500,6944426.946000,28.399120,355
509497.639500,6944426.946000,27.615022,405
509497.639500,6944426.946000,26.781358,455
509497.639500,6944426.946000,25.737737,505
509497.639500,6944426.946000,23.855374,555
509497.639500,6944426.946000,19.829797,605
509497.639500,6944426.946000,16.027855,655
509497.639500,6944426.946000,13.652198,705
509497.639500,6944426.946000,12.278430,755
509497.639500,6944426.946000,11.272781,805
509497.639500,6944426.946000,10.445441,855
509497.639500,6944426.946000,9.724771,905
509497.639500,6944426.946000,9.058757,955
509497.639500,6944426.946000,8.225905,1005
509497.639500,6944426.946000,30.461911,275
509497.639500,6944426.946000,30.545733,275
509497.639500,6944426.946000,30.157075,280
509497.639500,6944426.946000,30.911738,280
509497.639500,6944426.946000,29.883128,285
509497.639500,6944426.946000,31.264230,285
509497.639500,6944426.946000,31.567405,290
509497.639500,6944426.946000,29.642018,290
509497.639500,6944426.946000,29.457197,295
509497.639500,6944426.946000,31.776164,295
509497.639500,6944426.946000,29.248900,305
509497.639500,6944426.946000,32.177379,305
509497.639500,6944426.946000,29.144752,310
509497.639500,6944426.946000,32.368564,310
509497.639500,6944426.946000,29.040604,315
509497.639500,6944426.946000,32.583397,315
509497.639500,6944426.946000,28.943086,320
509497.639500,6944426.946000,32.850245,320
509497.639500,6944426.946000,28.849804,325
509497.639500,6944426.946000,33.133582,325
509497.639500,6944426.946000,28.756522,330
509497.639500,6944426.946000,33.438005,330
509497.639500,6944426.946000,28.663240,335
509497.639500,6944426.946000,33.940778,335
509497.639500,6944426.946000,28.569959,340
509497.639500,6944426.946000,28.479822,345
509497.639500,6944426.946000,28.318419,355
509497.639500,6944426.946000,28.237717,360
509497.639500,6944426.946000,28.157015,365
509497.639500,6944426.946000,28.076313,370
509497.639500,6944426.946000,27.995858,375
509497.639500,6944426.946000,27.919691,380
509497.639500,6944426.946000,27.843524,385
509497.639500,6944426.946000,27.767356,390
509497.639500,6944426.946000,27.691189,395
509497.639500,6944426.946000,27.538855,405
509497.639500,6944426.946000,27.459457,410
509497.639500,6944426.946000,27.376695,415
509497.639500,6944426.946000,27.293933,420
509497.639500,6944426.946000,27.211171,425
509497.639500,6944426.946000,27.128409,430
509497.639500,6944426.946000,27.045647,435
509497.639500,6944426.946000,26.959954,440
509497.639500,6944426.946000,26.870656,445
509497.639500,6944426.946000,26.692061,455
509497.639500,6944426.946000,26.602763,460
509497.639500,6944426.946000,26.513465,465
509497.639500,6944426.946000,26.412715,470
509497.639500,6944426.946000,26.309931,475
509497.639500,6944426.946000,26.207148,480
509497.639500,6944426.946000,26.104364,485
509497.639500,6944426.946000,26.001580,490
509497.639500,6944426.946000,25.869884,495
509497.639500,6944426.946000,25.605589,505
509497.639500,6944426.946000,25.470347,510
509497.639500,6944426.946000,25.322805,515
509497.639500,6944426.946000,25.175263,520
509497.639500,6944426.946000,25.027721,525
509497.639500,6944426.946000,24.821003,530
509497.639500,6944426.946000,24.600594,535
509497.639500,6944426.946000,24.370905,540
509497.639500,6944426.946000,24.133424,545
509497.639500,6944426.946000,23.525306,555
509497.639500,6944426.946000,23.171963,560
509497.639500,6944426.946000,22.786476,565
509497.639500,6944426.946000,22.368006,570
509497.639500,6944426.946000,21.937985,575
509497.639500,6944426.946000,21.501276,580
509497.639500,6944426.946000,21.066944,585
509497.639500,6944426.946000,20.647014,590
509497.639500,6944426.946000,20.235374,595
509497.639500,6944426.946000,19.428660,605
509497.639500,6944426.946000,19.029316,610
509497.639500,6944426.946000,18.640478,615
509497.639500,6944426.946000,18.245162,620
509497.639500,6944426.946000,17.853482,625
509497.639500,6944426.946000,17.473681,630
509497.639500,6944426.946000,17.087163,635
509497.639500,6944426.946000,16.720502,640
509497.639500,6944426.946000,16.367775,645
509497.639500,6944426.946000,15.710580,655
509497.639500,6944426.946000,15.412033,660
509497.639500,6944426.946000,15.147097,665
509497.639500,6944426.946000,14.888166,670
509497.639500,6944426.946000,14.636732,675
509497.639500,6944426.946000,14.411548,680
509497.639500,6944426.946000,14.217654,685
509497.639500,6944426.946000,14.023761,690
509497.639500,6944426.946000,13.837450,695
509497.639500,6944426.946000,13.474328,705
509497.639500,6944426.946000,13.330448,710
509497.639500,6944426.946000,13.186568,715
509497.639500,6944426.946000,13.042688,720
509497.639500,6944426.946000,12.904898,725
509497.639500,6944426.946000,12.769676,730
509497.639500,6944426.946000,12.634455,735
509497.639500,6944426.946000,12.499374,740
509497.639500,6944426.946000,12.388902,745
509497.639500,6944426.946000,12.167958,755
509497.639500,6944426.946000,12.057486,760
509497.639500,6944426.946000,11.951300,765
509497.639500,6944426.946000,11.849765,770
509497.639500,6944426.946000,11.748229,775
509497.639500,6944426.946000,11.646693,780
509497.639500,6944426.946000,11.545157,785
509497.639500,6944426.946000,11.450625,790
509497.639500,6944426.946000,11.361703,795
509497.639500,6944426.946000,11.183859,805
509497.639500,6944426.946000,11.094937,810
509497.639500,6944426.946000,11.006015,815
509497.639500,6944426.946000,10.924837,820
509497.639500,6944426.946000,10.844220,825
509497.639500,6944426.946000,10.763604,830
509497.639500,6944426.946000,10.682987,835
509497.639500,6944426.946000,10.602370,840
509497.639500,6944426.946000,10.521754,845
509497.639500,6944426.946000,10.370718,855
509497.639500,6944426.946000,10.295996,860
509497.639500,6944426.946000,10.221274,865
509497.639500,6944426.946000,10.146551,870
509497.639500,6944426.946000,10.071829,875
509497.639500,6944426.946000,9.997361,880
509497.639500,6944426.946000,9.929213,885
509497.639500,6944426.946000,9.861066,890
509497.639500,6944426.946000,9.792919,895
509497.639500,6944426.946000,9.656624,905
509497.639500,6944426.946000,9.588476,910
509497.639500,6944426.946000,9.520329,915
509497.639500,6944426.946000,9.453800,920
509497.639500,6944426.946000,9.387960,925
509497.639500,6944426.946000,9.322119,930
509497.639500,6944426.946000,9.256278,935
509497.639500,6944426.946000,9.190438,940
509497.639500,6944426.946000,9.124597,945
509497.639500,6944426.946000,8.993324,955
509497.639500,6944426.946000,8.931273,960
509497.639500,6944426.946000,8.869222,965
509497.639500,6944426.946000,8.807172,970
509497.639500,6944426.946000,8.745121,975
509497.639500,6944426.946000,8.683070,980
509497.639500,6944426.946000,8.621020,985
509497.639500,6944426.946000,8.558969,990
509497.639500,6944426.946000,8.487031,995
509497.641700,6944426.948000,21.500000,580
509497.646300,6944426.951000,6.000000,1005
509497.647600,6944426.952000,6.500000,1005
509497.650700,6944426.954000,7.000000,1005
509497.652200,6944426.955000,11.000000,815
509497.652800,6944426.956000,7.500000,1005
509497.653200,6944426.956000,5.500000,1005
509497.655000,6944426.957000,5.000000,1005
509497.664000,6944426.964000,26.000000,490
509497.678100,6944426.974000,16.000000,650
509497.679400,6944426.975000,14.000000,690
509497.679500,6944426.975000,28.000000,375
509497.685900,6944426.979000,9.500000,915
509497.687600,6944426.981000,8.000000,1005
509497.688200,6944426.981000,10.500000,845
509497.691500,6944426.983000,19.000000,610
509497.693000,6944426.984000,34.000000,335
509497.697100,6944426.987000,23.500000,555
509497.703900,6944426.992000,30.500000,275
509497.719300,6944427.003000,13.000000,720
509497.734900,6944427.014000,11.500000,785
509497.755900,6944427.029000,12.000000,760
509497.757400,6944427.030000,21.000000,585
509497.758400,6944427.031000,33.500000,330
509497.761400,6944427.033000,32.000000,300
509497.763500,6944427.035000,17.000000,635
509497.766300,6944427.037000,9.000000,955
509497.770900,6944427.040000,8.500000,990
509497.776100,6944427.044000,28.500000,345
509497.794700,6944427.057000,10.000000,875
509497.798800,6944427.060000,25.000000,525
509497.814900,6944427.072000,29.500000,295
509497.839300,6944427.089000,14.500000,675
509497.840600,6944427.090000,11.000000,810
509497.841500,6944427.091000,9.500000,910
509497.850000,6944427.097000,7.500000,1010
509497.858200,6944427.103000,15.000000,665
509497.868700,6944427.110000,10.500000,840
509497.871100,6944427.112000,30.000000,285
509497.874000,6944427.114000,18.500000,615
509497.878900,6944427.117000,6.000000,1010
509497.885600,6944427.122000,6.500000,1010
509497.887500,6944427.124000,34.500000,335
509497.893400,6944427.128000,13.500000,700
509497.897400,6944427.131000,12.500000,735
509497.899600,6944427.132000,7.000000,1010
509497.907800,6944427.138000,20.500000,590
509497.908500,6944427.139000,9.000000,945
509497.909300,6944427.139000,8.500000,985
509497.923000,6944427.149000,15.500000,655
509497.929300,6944427.154000,29.000000,320
509497.941500,6944427.162000,16.500000,640
509497.949300,6944427.168000,11.500000,780
509497.956200,6944427.173000,10.000000,870
509497.979700,6944427.190000,12.000000,755
509497.988400,6944427.196000,13.000000,715
509497.997100,6944427.202000,9.500000,905
509498.005400,6944427.208000,14.000000,685
509498.005900,6944427.208000,24.500000,535
509498.009200,6944427.211000,33.000000,320
509498.020100,6944427.219000,23.000000,560
509498.028900,6944427.225000,11.000000,805
509498.030300,6944427.226000,18.000000,620
509498.044000,6944427.236000,8.000000,1010
509498.046100,6944427.237000,32.034928,305
509498.046100,6944427.237000,29.451304,305
509498.046100,6944427.237000,28.457871,355
509498.046100,6944427.237000,27.644808,405
509498.046100,6944427.237000,26.783582,455
509498.046100,6944427.237000,25.694468,505
509498.046100,6944427.237000,23.685284,555
509498.046100,6944427.237000,19.603973,605
509498.046100,6944427.237000,15.737906,655
509498.046100,6944427.237000,13.424653,705
509498.046100,6944427.237000,12.082249,755
509498.046100,6944427.237000,11.084765,805
509498.046100,6944427.237000,10.267906,855
509498.046100,6944427.237000,9.547328,905
509498.046100,6944427.237000,8.876671,955
509498.046100,6944427.237000,8.167287,1005
509498.046100,6944427.237000,30.401391,280
509498.046100,6944427.237000,30.665277,280
509498.046100,6944427.237000,30.107554,285
509498.046100,6944427.237000,31.145162,285
509498.046100,6944427.237000,31.552952,290
509498.046100,6944427.237000,29.854316,290
509498.046100,6944427.237000,29.624518,295
509498.046100,6944427.237000,31.797052,295
509498.046100,6944427.237000,29.345014,305
509498.046100,6944427.237000,32.242108,305
509498.046100,6944427.237000,29.238724,310
509498.046100,6944427.237000,32.449288,310
509498.046100,6944427.237000,29.132434,315
509498.046100,6944427.237000,32.722230,315
509498.046100,6944427.237000,29.026144,320
509498.046100,6944427.237000,33.017918,320
509498.046100,6944427.237000,28.928162,325
509498.046100,6944427.237000,33.337740,325
509498.046100,6944427.237000,28.832891,330
509498.046100,6944427.237000,33.813162,330
509498.046100,6944427.237000,28.737619,335
509498.046100,6944427.237000,28.642348,340
509498.046100,6944427.237000,28.547076,345
509498.046100,6944427.237000,28.374591,355
509498.046100,6944427.237000,28.291311,360
509498.046100,6944427.237000,28.208031,365
509498.046100,6944427.237000,28.124752,370
509498.046100,6944427.237000,28.041472,375
509498.046100,6944427.237000,27.960393,380
509498.046100,6944427.237000,27.881497,385
509498.046100,6944427.237000,27.802600,390
509498.046100,6944427.237000,27.723704,395
509498.046100,6944427.237000,27.565912,405
509498.046100,6944427.237000,27.485882,410
509498.046100,6944427.237000,27.400095,415
509498.046100,6944427.237000,27.314308,420
509498.046100,6944427.237000,27.228520,425
509498.046100,6944427.237000,27.142733,430
509498.046100,6944427.237000,27.056946,435
509498.046100,6944427.237000,26.968856,440
509498.046100,6944427.237000,26.876219,445
509498.046100,6944427.237000,26.690945,455
509498.046100,6944427.237000,26.598308,460
509498.046100,6944427.237000,26.505670,465
509498.046100,6944427.237000,26.400118,470
509498.046100,6944427.237000,26.293723,475
509498.046100,6944427.237000,26.187328,480
509498.046100,6944427.237000,26.080933,485
509498.046100,6944427.237000,25.967348,490
509498.046100,6944427.237000,25.830908,495
509498.046100,6944427.237000,25.558028,505
509498.046100,6944427.237000,25.412475,510
509498.046100,6944427.237000,25.260176,515
509498.046100,6944427.237000,25.107878,520
509498.046100,6944427.237000,24.934943,525
509498.046100,6944427.237000,24.711893,530
509498.046100,6944427.237000,24.488314,535
509498.046100,6944427.237000,24.254693,540
509498.046100,6944427.237000,24.021072,545
509498.046100,6944427.237000,23.337784,555
509498.046100,6944427.237000,22.986093,560
509498.046100,6944427.237000,22.565197,565
509498.046100,6944427.237000,22.132691,570
509498.046100,6944427.237000,21.702507,575
509498.046100,6944427.237000,21.270777,580
509498.046100,6944427.237000,20.842218,585
509498.046100,6944427.237000,20.424957,590
509498.046100,6944427.237000,20.011652,595
509498.046100,6944427.237000,19.200614,605
509498.046100,6944427.237000,18.797262,610
509498.046100,6944427.237000,18.392974,615
509498.046100,6944427.237000,17.990014,620
509498.046100,6944427.237000,17.587416,625
509498.046100,6944427.237000,17.191506,630
509498.046100,6944427.237000,16.802684,635
509498.046100,6944427.237000,16.426022,640
509498.046100,6944427.237000,16.076244,645
509498.046100,6944427.237000,15.419984,655
509498.046100,6944427.237000,15.144211,660
509498.046100,6944427.237000,14.875381,665
509498.046100,6944427.237000,14.614161,670
509498.046100,6944427.237000,14.384557,675
509498.046100,6944427.237000,14.179497,680
509498.046100,6944427.237000,13.976304,685
509498.046100,6944427.237000,13.786222,690
509498.046100,6944427.237000,13.596139,695
509498.046100,6944427.237000,13.272198,705
509498.046100,6944427.237000,13.119742,710
509498.046100,6944427.237000,12.970537,715
509498.046100,6944427.237000,12.833227,720
509498.046100,6944427.237000,12.695916,725
509498.046100,6944427.237000,12.558606,730
509498.046100,6944427.237000,12.432987,735
509498.046100,6944427.237000,12.316075,740
509498.046100,6944427.237000,12.199162,745
509498.046100,6944427.237000,11.969404,755
509498.046100,6944427.237000,11.866210,760
509498.046100,6944427.237000,11.763017,765
509498.046100,6944427.237000,11.659823,770
509498.046100,6944427.237000,11.556629,775
509498.046100,6944427.237000,11.457907,780
509498.046100,6944427.237000,11.364621,785
509498.046100,6944427.237000,11.271336,790
509498.046100,6944427.237000,11.178050,795
509498.046100,6944427.237000,10.992523,805
509498.046100,6944427.237000,10.910667,810
509498.046100,6944427.237000,10.828810,815
509498.046100,6944427.237000,10.746954,820
509498.046100,6944427.237000,10.665097,825
509498.046100,6944427.237000,10.583240,830
509498.046100,6944427.237000,10.501384,835
509498.046100,6944427.237000,10.423512,840
509498.046100,6944427.237000,10.345709,845
509498.046100,6944427.237000,10.190103,855
509498.046100,6944427.237000,10.112300,860
509498.046100,6944427.237000,10.034497,865
509498.046100,6944427.237000,9.961571,870
509498.046100,6944427.237000,9.892531,875
509498.046100,6944427.237000,9.823490,880
509498.046100,6944427.237000,9.754450,885
509498.046100,6944427.237000,9.685409,890
509498.046100,6944427.237000,9.616369,895
509498.046100,6944427.237000,9.478596,905
509498.046100,6944427.237000,9.410536,910
509498.046100,6944427.237000,9.342476,915
509498.046100,6944427.237000,9.274415,920
509498.046100,6944427.237000,9.206355,925
509498.046100,6944427.237000,9.138295,930
509498.046100,6944427.237000,9.070234,935
509498.046100,6944427.237000,9.002174,940
509498.046100,6944427.237000,8.939336,945
509498.046100,6944427.237000,8.814006,955
509498.046100,6944427.237000,8.751340,960
509498.046100,6944427.237000,8.688675,965
509498.046100,6944427.237000,8.626009,970
509498.046100,6944427.237000,8.563344,975
509498.046100,6944427.237000,8.500678,980
509498.046100,6944427.237000,8.417499,985
509498.046100,6944427.237000,8.334095,990
509498.046100,6944427.237000,8.250691,995
509498.046100,6944427.237000,8.083883,1005
509498.046100,6944427.237000,8.000479,1010
509498.046100,6944427.237000,5.575248,1010
509498.047400,6944427.238000,8.500000,980
509498.047400,6944427.238000,8.000000,1010
509498.048900,6944427.239000,10.500000,835
509498.050500,6944427.240000,9.000000,940
509498.072800,6944427.256000,20.000000,595
509498.097000,6944427.274000,24.000000,545
509498.115800,6944427.287000,10.000000,865
509498.141600,6944427.305000,9.500000,905
509498.153900,6944427.314000,26.500000,465
509498.156000,6944427.316000,22.500000,565
509498.156700,6944427.316000,12.500000,730
509498.158200,6944427.317000,11.500000,775
509498.166500,6944427.323000,34.000000,330
509498.169500,6944427.325000,8.500000,975
509498.174200,6944427.329000,16.000000,645
509498.175500,6944427.330000,32.500000,310
509498.187700,6944427.338000,9.000000,935
509498.205100,6944427.351000,12.000000,755
509498.214300,6944427.357000,11.000000,800
509498.214600,6944427.358000,10.500000,830
509498.216000,6944427.359000,13.500000,695
509498.218700,6944427.361000,17.500000,625
509498.237300,6944427.374000,14.500000,670
509498.248100,6944427.382000,33.500000,325
509498.264900,6944427.394000,29.500000,305
509498.268000,6944427.396000,13.000000,710
509498.272800,6944427.399000,22.000000,570
509498.273100,6944427.400000,10.000000,860
509498.278000,6944427.403000,8.000000,1005
509498.280900,6944427.405000,9.500000,895
509498.284500,6944427.408000,15.000000,660
509498.288700,6944427.411000,19.500000,605
509498.291700,6944427.413000,8.500000,970
509498.303400,6944427.421000,27.500000,410
509498.324100,6944427.436000,34.500000,330
509498.324900,6944427.437000,9.000000,930
509498.332900,6944427.442000,28.500000,350
509498.335800,6944427.444000,31.000000,285
509498.357000,6944427.460000,25.500000,505
509498.358900,6944427.461000,14.000000,680
509498.362600,6944427.464000,11.500000,770
509498.375200,6944427.473000,6.000000,1010
509498.380300,6944427.476000,10.500000,825
509498.384300,6944427.479000,23.500000,555
509498.396600,6944427.488000,17.000000,630
509498.399400,6944427.490000,11.000000,795
509498.413800,6944427.500000,8.500000,965
509498.415500,6944427.502000,29.000000,325
509498.416000,6944427.502000,12.500000,725
509498.420200,6944427.505000,9.500000,890
509498.430400,6944427.512000,10.000000,855
509498.431200,6944427.513000,12.000000,745
509498.436400,6944427.517000,28.000000,380
509498.438100,6944427.518000,33.000000,315
509498.440200,6944427.519000,15.500000,655
509498.440300,6944427.519000,21.500000,575
509498.445600,6944427.523000,30.500000,280
509498.448300,6944427.525000,30.000000,290
509498.452700,6944427.528000,30.251593,285
509498.452700,6944427.528000,30.942489,285
509498.452700,6944427.528000,31.569691,290
509498.452700,6944427.528000,30.001708,290
509498.452700,6944427.528000,29.791899,295
509498.452700,6944427.528000,31.894166,295
509498.452700,6944427.528000,29.582366,300
509498.452700,6944427.528000,32.156732,300
509498.452700,6944427.528000,29.435199,305
509498.452700,6944427.528000,32.389330,305
509498.452700,6944427.528000,29.328425,310
509498.452700,6944427.528000,32.676010,310
509498.452700,6944427.528000,29.221652,315
509498.452700,6944427.528000,33.011527,315
509498.452700,6944427.528000,29.114879,320
509498.452700,6944427.528000,33.340156,320
509498.452700,6944427.528000,29.008105,325
509498.452700,6944427.528000,33.815163,325
509498.452700,6944427.528000,28.910024,330
509498.452700,6944427.528000,28.812657,335
509498.452700,6944427.528000,28.715291,340
509498.452700,6944427.528000,28.617924,345
509498.452700,6944427.528000,28.520557,350
509498.452700,6944427.528000,28.432108,355
509498.452700,6944427.528000,28.346045,360
509498.452700,6944427.528000,28.259983,365
509498.452700,6944427.528000,28.173920,370
509498.452700,6944427.528000,28.087858,375
509498.452700,6944427.528000,28.001795,380
509498.452700,6944427.528000,27.507856,410
509498.452700,6944427.528000,27.418920,415
509498.452700,6944427.528000,27.329284,420
509498.452700,6944427.528000,27.239649,425
509498.452700,6944427.528000,27.150013,430
509498.452700,6944427.528000,27.060378,435
509498.452700,6944427.528000,26.481176,465
509498.452700,6944427.528000,26.370233,470
509498.452700,6944427.528000,26.259289,475
509498.452700,6944427.528000,26.148346,480
509498.452700,6944427.528000,26.037403,485
509498.452700,6944427.528000,25.906161,490
509498.452700,6944427.528000,25.764596,495
509498.452700,6944427.528000,25.623031,500
509498.452700,6944427.528000,25.479666,505
509498.452700,6944427.528000,25.324353,510
509498.452700,6944427.528000,25.169040,515
509498.452700,6944427.528000,25.013726,520
509498.452700,6944427.528000,24.791524,525
509498.452700,6944427.528000,24.562837,530
509498.452700,6944427.528000,24.326936,535
509498.452700,6944427.528000,24.088302,540
509498.452700,6944427.528000,23.793009,545
509498.452700,6944427.528000,23.461957,550
509498.452700,6944427.528000,23.110493,555
509498.452700,6944427.528000,22.729550,560
509498.452700,6944427.528000,22.322224,565
509498.452700,6944427.528000,21.901318,570
509498.452700,6944427.528000,21.493681,575
509498.452700,6944427.528000,21.067561,580
509498.452700,6944427.528000,20.653760,585
509498.452700,6944427.528000,20.244321,590
509498.452700,6944427.528000,19.836661,595
509498.452700,6944427.528000,19.430513,600
509498.452700,6944427.528000,19.027593,605
509498.452700,6944427.528000,18.618539,610
509498.452700,6944427.528000,18.207565,615
509498.452700,6944427.528000,17.793725,620
509498.452700,6944427.528000,17.379082,625
509498.452700,6944427.528000,16.969612,630
509498.452700,6944427.528000,16.578706,635
509498.452700,6944427.528000,16.198625,640
509498.452700,6944427.528000,15.836808,645
509498.452700,6944427.528000,15.493203,650
509498.452700,6944427.528000,15.190872,655
509498.452700,6944427.528000,14.901777,660
509498.452700,6944427.528000,14.635349,665
509498.452700,6944427.528000,14.389673,670
509498.452700,6944427.528000,14.165425,675
509498.452700,6944427.528000,13.948727,680
509498.452700,6944427.528000,13.753258,685
509498.452700,6944427.528000,13.557789,690
509498.452700,6944427.528000,13.384564,695
509498.452700,6944427.528000,13.220676,700
509498.452700,6944427.528000,13.056787,705
509498.452700,6944427.528000,12.906969,710
509498.452700,6944427.528000,12.764610,715
509498.452700,6944427.528000,12.622251,720
509498.452700,6944427.528000,12.482546,725
509498.452700,6944427.528000,12.358977,730
509498.452700,6944427.528000,12.235407,735
509498.452700,6944427.528000,12.111838,740
509498.452700,6944427.528000,11.989801,745
509498.452700,6944427.528000,11.882375,750
509498.452700,6944427.528000,11.774950,755
509498.452700,6944427.528000,11.667524,760
509498.452700,6944427.528000,11.560098,765
509498.452700,6944427.528000,11.457248,770
509498.452700,6944427.528000,11.360209,775
509498.452700,6944427.528000,11.263169,780
509498.452700,6944427.528000,11.166129,785
509498.452700,6944427.528000,11.069090,790
509498.452700,6944427.528000,10.975388,795
509498.452700,6944427.528000,10.889939,800
509498.452700,6944427.528000,10.804489,805
509498.452700,6944427.528000,10.719040,810
509498.452700,6944427.528000,10.633590,815
509498.452700,6944427.528000,10.548140,820
509498.452700,6944427.528000,10.465320,825
509498.452700,6944427.528000,10.385893,830
509498.452700,6944427.528000,10.306467,835
509498.452700,6944427.528000,10.227040,840
509498.452700,6944427.528000,10.147613,845
509498.452700,6944427.528000,10.068186,850
509498.452700,6944427.528000,9.989757,855
509498.452700,6944427.528000,9.917381,860
509498.452700,6944427.528000,9.845005,865
509498.452700,6944427.528000,9.772629,870
509498.452700,6944427.528000,9.700253,875
509498.452700,6944427.528000,9.627877,880
509498.452700,6944427.528000,9.555501,885
509498.452700,6944427.528000,9.484036,890
509498.452700,6944427.528000,9.415566,895
509498.452700,6944427.528000,9.347096,900
509498.452700,6944427.528000,9.278625,905
509498.452700,6944427.528000,9.210155,910
509498.452700,6944427.528000,9.141685,915
509498.452700,6944427.528000,9.073215,920
509498.452700,6944427.528000,9.004745,925
509498.452700,6944427.528000,8.938870,930
509498.452700,6944427.528000,8.873188,935
509498.452700,6944427.528000,8.807506,940
509498.452700,6944427.528000,8.741824,945
509498.452700,6944427.528000,8.676141,950
509498.452700,6944427.528000,8.610459,955
509498.452700,6944427.528000,8.544777,960
509498.452700,6944427.528000,8.478953,965
509498.452700,6944427.528000,8.412824,970
509498.452700,6944427.528000,8.346696,975
509498.452700,6944427.528000,8.280567,980
509498.452700,6944427.528000,8.214438,985
509498.452700,6944427.528000,8.148310,990
509498.452700,6944427.528000,8.082181,995
509498.452700,6944427.528000,8.016053,1000
509498.452700,6944427.528000,7.805274,1005
509498.452700,6944427.528000,7.548127,1010
509498.452700,6944427.528000,6.109478,1010
509498.452700,6944427.528000,27.672477,405
509498.452700,6944427.528000,26.774430,455
509498.462300,6944427.535000,9.000000,925
509498.485900,6944427.552000,8.000000,1005
509498.510500,6944427.570000,25.000000,520
509498.517700,6944427.575000,19.000000,605
509498.519800,6944427.576000,5.000000,1010
509498.541100,6944427.591000,8.500000,960
509498.552100,6944427.599000,13.500000,690
509498.552100,6944427.599000,10.500000,820
509498.563200,6944427.607000,13.000000,705
509498.567700,6944427.610000,9.500000,885
509498.571000,6944427.613000,11.500000,765
509498.573000,6944427.614000,34.000000,325
509498.583600,6944427.622000,21.000000,580
509498.594600,6944427.630000,16.500000,635
509498.594900,6944427.630000,10.000000,855
509498.597500,6944427.632000,11.000000,790
509498.601100,6944427.634000,9.000000,920
509498.622900,6944427.650000,24.500000,530
509498.622900,6944427.650000,8.000000,995
509498.642000,6944427.664000,7.500000,1010
509498.649300,6944427.669000,33.500000,320
509498.652500,6944427.671000,23.000000,555
509498.666800,6944427.681000,24.000000,540
509498.670900,6944427.684000,8.500000,955
509498.675100,6944427.687000,14.500000,665
509498.678200,6944427.690000,12.500000,720
509498.681200,6944427.692000,12.000000,740
509498.717700,6944427.718000,9.500000,880
509498.720900,6944427.720000,18.500000,610
509498.720900,6944427.720000,32.500000,305
509498.726000,6944427.724000,34.500000,325
509498.726900,6944427.724000,29.500000,305
509498.728700,6944427.726000,10.500000,815
509498.739400,6944427.733000,6.500000,1010
509498.740000,6944427.734000,9.000000,915
509498.752000,6944427.742000,14.000000,675
509498.759900,6944427.748000,8.000000,990
509498.760600,6944427.749000,10.000000,845
509498.777000,6944427.760000,15.000000,655
509498.782400,6944427.764000,11.500000,760
509498.784000,6944427.765000,20.500000,585
509498.784100,6944427.765000,16.000000,640
509498.800700,6944427.777000,8.500000,955
509498.801000,6944427.777000,11.000000,785
509498.801300,6944427.778000,26.000000,485
509498.812100,6944427.785000,32.000000,295
509498.847400,6944427.811000,22.500000,560
509498.859200,6944427.819000,29.752757,305
509498.859200,6944427.819000,28.589327,355
509498.859200,6944427.819000,27.700145,405
509498.859200,6944427.819000,26.765278,455
509498.859200,6944427.819000,25.551606,505
509498.859200,6944427.819000,23.232492,555
509498.859200,6944427.819000,19.258126,605
509498.859200,6944427.819000,15.267224,655
509498.859200,6944427.819000,13.012005,705
509498.859200,6944427.819000,11.688481,755
509498.859200,6944427.819000,10.703791,805
509498.859200,6944427.819000,9.880093,855
509498.859200,6944427.819000,9.151102,905
509498.859200,6944427.819000,8.470816,955
509498.859200,6944427.819000,7.697919,1005
509498.859200,6944427.819000,30.444595,285
509498.859200,6944427.819000,30.705787,285
509498.859200,6944427.819000,31.590726,290
509498.859200,6944427.819000,30.188374,290
509498.859200,6944427.819000,29.948237,295
509498.859200,6944427.819000,32.011896,295
509498.859200,6944427.819000,32.290061,300
509498.859200,6944427.819000,29.557277,305
509498.859200,6944427.819000,32.585902,305
509498.859200,6944427.819000,29.422785,310
509498.859200,6944427.819000,32.936138,310
509498.859200,6944427.819000,29.313570,315
509498.859200,6944427.819000,33.314899,315
509498.859200,6944427.819000,29.204355,320
509498.859200,6944427.819000,33.823354,320
509498.859200,6944427.819000,29.095140,325
509498.859200,6944427.819000,28.987181,330
509498.859200,6944427.819000,28.887718,335
509498.859200,6944427.819000,28.788254,340
509498.859200,6944427.819000,28.688791,345
509498.859200,6944427.819000,28.490907,355
509498.859200,6944427.819000,28.401685,360
509498.859200,6944427.819000,28.312463,365
509498.859200,6944427.819000,28.223241,370
509498.859200,6944427.819000,28.134019,375
509498.859200,6944427.819000,28.044797,380
509498.859200,6944427.819000,27.957317,385
509498.859200,6944427.819000,27.871593,390
509498.859200,6944427.819000,27.785869,395
509498.859200,6944427.819000,27.614421,405
509498.859200,6944427.819000,27.528697,410
509498.859200,6944427.819000,27.437802,415
509498.859200,6944427.819000,27.344305,420
509498.859200,6944427.819000,27.250809,425
509498.859200,6944427.819000,27.157312,430
509498.859200,6944427.819000,27.063815,435
509498.859200,6944427.819000,26.967846,440
509498.859200,6944427.819000,26.866562,445
509498.859200,6944427.819000,26.663994,455
509498.859200,6944427.819000,26.562710,460
509498.859200,6944427.819000,26.455969,465
509498.859200,6944427.819000,26.340357,470
509498.859200,6944427.819000,26.224745,475
509498.859200,6944427.819000,26.109133,480
509498.859200,6944427.819000,25.991777,485
509498.859200,6944427.819000,25.845053,490
509498.859200,6944427.819000,25.698330,495
509498.859200,6944427.819000,25.395962,505
509498.859200,6944427.819000,25.235479,510
509498.859200,6944427.819000,25.074995,515
509498.859200,6944427.819000,24.876187,520
509498.859200,6944427.819000,24.643760,525
509498.859200,6944427.819000,24.406906,530
509498.859200,6944427.819000,24.162878,535
509498.859200,6944427.819000,23.893152,540
509498.859200,6944427.819000,23.571850,545
509498.859200,6944427.819000,22.875657,555
509498.859200,6944427.819000,22.492957,560
509498.859200,6944427.819000,22.087847,565
509498.859200,6944427.819000,21.682718,570
509498.859200,6944427.819000,21.274109,575
509498.859200,6944427.819000,20.866369,580
509498.859200,6944427.819000,20.466128,585
509498.859200,6944427.819000,20.066662,590
509498.859200,6944427.819000,19.662118,595
509498.859200,6944427.819000,18.851501,605
509498.859200,6944427.819000,18.437274,610
509498.859200,6944427.819000,18.017085,615
509498.859200,6944427.819000,17.599383,620
509498.859200,6944427.819000,17.172459,625
509498.859200,6944427.819000,16.755302,630
509498.859200,6944427.819000,16.350606,635
509498.859200,6944427.819000,15.957017,640
509498.859200,6944427.819000,15.596692,645
509498.859200,6944427.819000,14.953994,655
509498.859200,6944427.819000,14.666587,660
509498.859200,6944427.819000,14.402509,665
509498.859200,6944427.819000,14.170597,670
509498.859200,6944427.819000,13.943773,675
509498.859200,6944427.819000,13.731104,680
509498.859200,6944427.819000,13.518435,685
509498.859200,6944427.819000,13.347015,690
509498.859200,6944427.819000,13.179510,695
509498.859200,6944427.819000,12.856680,705
509498.859200,6944427.819000,12.702296,710
509498.859200,6944427.819000,12.547912,715
509498.859200,6944427.819000,12.413462,720
509498.859200,6944427.819000,12.287982,725
509498.859200,6944427.819000,12.162503,730
509498.859200,6944427.819000,12.037023,735
509498.859200,6944427.819000,11.918814,740
509498.859200,6944427.819000,11.803647,745
509498.859200,6944427.819000,11.573315,755
509498.859200,6944427.819000,11.464213,760
509498.859200,6944427.819000,11.365736,765
509498.859200,6944427.819000,11.267259,770
509498.859200,6944427.819000,11.168782,775
509498.859200,6944427.819000,11.070305,780
509498.859200,6944427.819000,10.974213,785
509498.859200,6944427.819000,10.884072,790
509498.859200,6944427.819000,10.793932,795
509498.859200,6944427.819000,10.613651,805
509498.859200,6944427.819000,10.523510,810
509498.859200,6944427.819000,10.439846,815
509498.859200,6944427.819000,10.358468,820
509498.859200,6944427.819000,10.277089,825
509498.859200,6944427.819000,10.195711,830
509498.859200,6944427.819000,10.114332,835
509498.859200,6944427.819000,10.032954,840
509498.859200,6944427.819000,9.955267,845
509498.859200,6944427.819000,9.804919,855
509498.859200,6944427.819000,9.729745,860
509498.859200,6944427.819000,9.654570,865
509498.859200,6944427.819000,9.579396,870
509498.859200,6944427.819000,9.504222,875
509498.859200,6944427.819000,9.433391,880
509498.859200,6944427.819000,9.362819,885
509498.859200,6944427.819000,9.292246,890
509498.859200,6944427.819000,9.221674,895
509498.859200,6944427.819000,9.080529,905
509498.859200,6944427.819000,9.009957,910
509498.859200,6944427.819000,8.942028,915
509498.859200,6944427.819000,8.874533,920
509498.859200,6944427.819000,8.807038,925
509498.859200,6944427.819000,8.739543,930
509498.859200,6944427.819000,8.672048,935
509498.859200,6944427.819000,8.604553,940
509498.859200,6944427.819000,8.537058,945
509498.859200,6944427.819000,8.406099,955
509498.859200,6944427.819000,8.341383,960
509498.859200,6944427.819000,8.276666,965
509498.859200,6944427.819000,8.211950,970
509498.859200,6944427.819000,8.147233,975
509498.859200,6944427.819000,8.082517,980
509498.859200,6944427.819000,8.017800,985
509498.859200,6944427.819000,7.919634,990
509498.859200,6944427.819000,7.808776,995
509498.859200,6944427.819000,7.587062,1005
509498.859200,6944427.819000,5.398378,1010
509498.859200,6944427.819000,7.302519,1010
509498.859200,6944427.819000,6.717095,1010
509498.868200,6944427.826000,9.500000,875
509498.878800,6944427.833000,9.000000,910
509498.883600,6944427.837000,13.000000,705
509498.892300,6944427.843000,13.500000,685
509498.892400,6944427.843000,8.000000,985
509498.899200,6944427.848000,18.000000,615
509498.909500,6944427.855000,10.500000,810
509498.923200,6944427.865000,28.500000,355
509498.926300,6944427.867000,10.000000,840
509498.929400,6944427.869000,29.000000,330
509498.933800,6944427.872000,8.500000,945
509498.936100,6944427.874000,12.000000,735
509498.946500,6944427.882000,33.000000,310
509498.948500,6944427.883000,5.500000,1010
509498.953100,6944427.886000,12.500000,715
509498.969600,6944427.898000,34.000000,320
509498.993600,6944427.915000,23.500000,545
509498.995500,6944427.917000,30.000000,295
509499.004500,6944427.923000,30.500000,285
509499.005300,6944427.924000,11.000000,780
509499.012500,6944427.929000,11.500000,755
509499.012700,6944427.929000,8.000000,980
509499.014900,6944427.931000,22.000000,565
509499.017200,6944427.932000,9.000000,905
509499.018400,6944427.933000,20.000000,590
509499.021500,6944427.935000,7.000000,1010
509499.027300,6944427.939000,9.500000,870
509499.030600,6944427.942000,15.500000,645
509499.065300,6944427.967000,33.500000,315
509499.069500,6944427.970000,8.500000,940
509499.075100,6944427.974000,17.500000,620
509499.091700,6944427.986000,10.000000,835
509499.102300,6944427.993000,10.500000,805
509499.121000,6944428.007000,34.500000,320
509499.133100,6944428.015000,8.000000,975
509499.139200,6944428.020000,14.500000,660
509499.142600,6944428.022000,25.500000,505
509499.151400,6944428.028000,32.419453,305
509499.152400,6944428.029000,25.000000,515
509499.155500,6944428.031000,9.000000,905
509499.186500,6944428.053000,9.500000,865
509499.188600,6944428.055000,14.000000,670
509499.196600,6944428.061000,12.000000,730
509499.199200,6944428.062000,29.500000,310
509499.205200,6944428.067000,8.500000,935
509499.208400,6944428.069000,21.500000,570
509499.208400,6944428.069000,17.000000,625
509499.209900,6944428.070000,11.000000,775
509499.222700,6944428.079000,13.000000,695
509499.247500,6944428.097000,24.500000,525
509499.253400,6944428.101000,11.500000,750
509499.253500,6944428.101000,8.000000,970
509499.255700,6944428.103000,12.500000,710
509499.257200,6944428.104000,10.000000,830
509499.257700,6944428.104000,7.500000,1005
509499.262000,6944428.107000,19.500000,595
509499.265800,6944428.110000,32.470130,305
509499.265800,6944428.110000,29.909145,305
509499.265800,6944428.110000,28.656885,355
509499.265800,6944428.110000,27.726835,405
509499.265800,6944428.110000,26.754083,455
509499.265800,6944428.110000,25.474280,505
509499.265800,6944428.110000,23.015610,555
509499.265800,6944428.110000,19.095649,605
509499.265800,6944428.110000,15.048323,655
509499.265800,6944428.110000,12.817838,705
509499.265800,6944428.110000,11.494582,755
509499.265800,6944428.110000,10.514018,805
509499.265800,6944428.110000,9.690844,855
509499.265800,6944428.110000,8.945792,905
509499.265800,6944428.110000,8.265348,955
509499.265800,6944428.110000,7.569435,1005
509499.265800,6944428.110000,31.735442,290
509499.265800,6944428.110000,30.357014,290
509499.265800,6944428.110000,30.122920,295
509499.265800,6944428.110000,32.144455,295
509499.265800,6944428.110000,29.717837,305
509499.265800,6944428.110000,32.865821,305
509499.265800,6944428.110000,29.526529,310
509499.265800,6944428.110000,33.278110,310
509499.265800,6944428.110000,29.403864,315
509499.265800,6944428.110000,33.831249,315
509499.265800,6944428.110000,29.292251,320
509499.265800,6944428.110000,29.180637,325
509499.265800,6944428.110000,29.069024,330
509499.265800,6944428.110000,28.961282,335
509499.265800,6944428.110000,28.859817,340
509499.265800,6944428.110000,28.758351,345
509499.265800,6944428.110000,28.555419,355
509499.265800,6944428.110000,28.457913,360
509499.265800,6944428.110000,28.365172,365
509499.265800,6944428.110000,28.272431,370
509499.265800,6944428.110000,28.179690,375
509499.265800,6944428.110000,28.086949,380
509499.265800,6944428.110000,27.994430,385
509499.265800,6944428.110000,27.905231,390
509499.265800,6944428.110000,27.816033,395
509499.265800,6944428.110000,27.637637,405
509499.265800,6944428.110000,27.548439,410
509499.265800,6944428.110000,27.455469,415
509499.265800,6944428.110000,27.358016,420
509499.265800,6944428.110000,27.260563,425
509499.265800,6944428.110000,27.163110,430
509499.265800,6944428.110000,27.065657,435
509499.265800,6944428.110000,26.965509,440
509499.265800,6944428.110000,26.859796,445
509499.265800,6944428.110000,26.648371,455
509499.265800,6944428.110000,26.542658,460
509499.265800,6944428.110000,26.428140,465
509499.265800,6944428.110000,26.307666,470
509499.265800,6944428.110000,26.187191,475
509499.265800,6944428.110000,26.066717,480
509499.265800,6944428.110000,25.932255,485
509499.265800,6944428.110000,25.780433,490
509499.265800,6944428.110000,25.628611,495
509499.265800,6944428.110000,25.306047,505
509499.265800,6944428.110000,25.137814,510
509499.265800,6944428.110000,24.957982,515
509499.265800,6944428.110000,24.725600,520
509499.265800,6944428.110000,24.492919,525
509499.265800,6944428.110000,24.250282,530
509499.265800,6944428.110000,24.007646,535
509499.265800,6944428.110000,23.680462,540
509499.265800,6944428.110000,23.348974,545
509499.265800,6944428.110000,22.638325,555
509499.265800,6944428.110000,22.252902,560
509499.265800,6944428.110000,21.862940,565
509499.265800,6944428.110000,21.470745,570
509499.265800,6944428.110000,21.076389,575
509499.265800,6944428.110000,20.683225,580
509499.265800,6944428.110000,20.290608,585
509499.265800,6944428.110000,19.896704,590
509499.265800,6944428.110000,19.498451,595
509499.265800,6944428.110000,18.685852,605
509499.265800,6944428.110000,18.266635,610
509499.265800,6944428.110000,17.839642,615
509499.265800,6944428.110000,17.408127,620
509499.265800,6944428.110000,16.971497,625
509499.265800,6944428.110000,16.539579,630
509499.265800,6944428.110000,16.133517,635
509499.265800,6944428.110000,15.742802,640
509499.265800,6944428.110000,15.378403,645
509499.265800,6944428.110000,14.731801,655
509499.265800,6944428.110000,14.437252,660
509499.265800,6944428.110000,14.197975,665
509499.265800,6944428.110000,13.960636,670
509499.265800,6944428.110000,13.732593,675
509499.265800,6944428.110000,13.504549,680
509499.265800,6944428.110000,13.328244,685
509499.265800,6944428.110000,13.152991,690
509499.265800,6944428.110000,12.979469,695
509499.265800,6944428.110000,12.656208,705
509499.265800,6944428.110000,12.495548,710
509499.265800,6944428.110000,12.362845,715
509499.265800,6944428.110000,12.230141,720
509499.265800,6944428.110000,12.097438,725
509499.265800,6944428.110000,11.968468,730
509499.265800,6944428.110000,11.849815,735
509499.265800,6944428.110000,11.731162,740
509499.265800,6944428.110000,11.612510,745
509499.265800,6944428.110000,11.389945,755
509499.265800,6944428.110000,11.285307,760
509499.265800,6944428.110000,11.180669,765
509499.265800,6944428.110000,11.076031,770
509499.265800,6944428.110000,10.974806,775
509499.265800,6944428.110000,10.882648,780
509499.265800,6944428.110000,10.790491,785
509499.265800,6944428.110000,10.698333,790
509499.265800,6944428.110000,10.606176,795
509499.265800,6944428.110000,10.426853,805
509499.265800,6944428.110000,10.340582,810
509499.265800,6944428.110000,10.254312,815
509499.265800,6944428.110000,10.168042,820
509499.265800,6944428.110000,10.081772,825
509499.265800,6944428.110000,9.996022,830
509499.265800,6944428.110000,9.919727,835
509499.265800,6944428.110000,9.843433,840
509499.265800,6944428.110000,9.767138,845
509499.265800,6944428.110000,9.614549,855
509499.265800,6944428.110000,9.538254,860
509499.265800,6944428.110000,9.462801,865
509499.265800,6944428.110000,9.388193,870
509499.265800,6944428.110000,9.313586,875
509499.265800,6944428.110000,9.238978,880
509499.265800,6944428.110000,9.164371,885
509499.265800,6944428.110000,9.089763,890
509499.265800,6944428.110000,9.015156,895
509499.265800,6944428.110000,8.877766,905
509499.265800,6944428.110000,8.809739,910
509499.265800,6944428.110000,8.741712,915
509499.265800,6944428.110000,8.673686,920
509499.265800,6944428.110000,8.605659,925
509499.265800,6944428.110000,8.537632,930
509499.265800,6944428.110000,8.469583,935
509499.265800,6944428.110000,8.401504,940
509499.265800,6944428.110000,8.333426,945
509499.265800,6944428.110000,8.197270,955
509499.265800,6944428.110000,8.129191,960
509499.265800,6944428.110000,8.061113,965
509499.265800,6944428.110000,7.992781,970
509499.265800,6944428.110000,7.922223,975
509499.265800,6944428.110000,7.851666,980
509499.265800,6944428.110000,7.781108,985
509499.265800,6944428.110000,7.710550,990
509499.265800,6944428.110000,7.639992,995
509499.265800,6944428.110000,7.484719,1005
509499.265800,6944428.110000,5.858120,1010
509499.277500,6944428.119000,13.500000,680
509499.282500,6944428.122000,24.000000,535
509499.295200,6944428.131000,9.000000,895
509499.295600,6944428.131000,10.500000,805
509499.296600,6944428.132000,23.000000,555
509499.298100,6944428.133000,32.500000,305
509499.335500,6944428.160000,8.500000,930
509499.342700,6944428.165000,9.500000,860
509499.349000,6944428.170000,34.000000,315
509499.355000,6944428.174000,28.000000,385
509499.377600,6944428.190000,8.000000,965
509499.380300,6944428.192000,33.000000,305
509499.382800,6944428.194000,7.500000,1000
509499.401000,6944428.207000,6.000000,1010
509499.425500,6944428.224000,11.000000,770
509499.426500,6944428.225000,5.000000,1010
509499.427100,6944428.226000,8.864052,905
509499.429800,6944428.228000,10.000000,825
509499.439800,6944428.235000,9.000000,890
509499.442900,6944428.237000,15.000000,655
509499.445700,6944428.239000,33.500000,310
509499.461400,6944428.250000,8.500000,925
509499.483500,6944428.266000,12.000000,725
509499.486400,6944428.268000,32.000000,290
509499.491000,6944428.271000,10.500000,795
509499.495900,6944428.275000,9.500000,855
509499.496600,6944428.275000,34.500000,315
509499.501600,6944428.279000,7.500000,995
509499.502100,6944428.279000,8.000000,960
509499.514800,6944428.288000,11.500000,745
509499.565100,6944428.324000,29.000000,335
509499.571600,6944428.329000,21.000000,575
509499.572700,6944428.330000,31.500000,285
509499.575500,6944428.332000,22.500000,555
509499.584400,6944428.338000,9.000000,885
509499.587300,6944428.340000,8.500000,920
509499.602800,6944428.351000,10.000000,820
509499.610200,6944428.357000,23.500000,540
509499.612300,6944428.358000,26.500000,460
509499.613600,6944428.359000,26.000000,480
509499.620400,6944428.364000,7.500000,990
509499.626500,6944428.368000,8.000000,955
509499.629100,6944428.370000,12.500000,705
509499.638300,6944428.377000,13.000000,690
509499.645300,6944428.382000,11.000000,765
509499.649200,6944428.385000,9.500000,855
509499.650300,6944428.385000,32.500000,295
509499.664100,6944428.395000,5.000000,1005
509499.672400,6944428.401000,31.617999,285
509499.672400,6944428.401000,31.333695,285
509499.672400,6944428.401000,32.166776,290
509499.672400,6944428.401000,30.445893,290
509499.672400,6944428.401000,30.197143,295
509499.672400,6944428.401000,32.525881,295
509499.672400,6944428.401000,29.962958,300
509499.672400,6944428.401000,32.938321,300
509499.672400,6944428.401000,29.784413,305
509499.672400,6944428.401000,33.360501,305
509499.672400,6944428.401000,29.605868,310
509499.672400,6944428.401000,33.950790,310
509499.672400,6944428.401000,29.455208,315
509499.672400,6944428.401000,29.345168,320
509499.672400,6944428.401000,29.235128,325
509499.672400,6944428.401000,29.125088,330
509499.672400,6944428.401000,29.015048,335
509499.672400,6944428.401000,28.911206,340
509499.672400,6944428.401000,28.499780,360
509499.672400,6944428.401000,28.404077,365
509499.672400,6944428.401000,28.308375,370
509499.672400,6944428.401000,28.212672,375
509499.672400,6944428.401000,28.116969,380
509499.672400,6944428.401000,28.021266,385
509499.672400,6944428.401000,27.455999,415
509499.672400,6944428.401000,27.353485,420
509499.672400,6944428.401000,27.250972,425
509499.672400,6944428.401000,27.148458,430
509499.672400,6944428.401000,27.045944,435
509499.672400,6944428.401000,26.491189,460
509499.672400,6944428.401000,26.365449,465
509499.672400,6944428.401000,26.239710,470
509499.672400,6944428.401000,26.113970,475
509499.672400,6944428.401000,25.985251,480
509499.672400,6944428.401000,25.827681,485
509499.672400,6944428.401000,25.670112,490
509499.672400,6944428.401000,25.512542,495
509499.672400,6944428.401000,25.344844,500
509499.672400,6944428.401000,25.176270,505
509499.672400,6944428.401000,25.007695,510
509499.672400,6944428.401000,24.776875,515
509499.672400,6944428.401000,24.543078,520
509499.672400,6944428.401000,24.303859,525
509499.672400,6944428.401000,24.063415,530
509499.672400,6944428.401000,23.775193,535
509499.672400,6944428.401000,23.467679,540
509499.672400,6944428.401000,23.140293,545
509499.672400,6944428.401000,22.803941,550
509499.672400,6944428.401000,22.457583,555
509499.672400,6944428.401000,22.085723,560
509499.672400,6944428.401000,21.720895,565
509499.672400,6944428.401000,21.352688,570
509499.672400,6944428.401000,20.976225,575
509499.672400,6944428.401000,20.603984,580
509499.672400,6944428.401000,20.228905,585
509499.672400,6944428.401000,19.849155,590
509499.672400,6944428.401000,19.463234,595
509499.672400,6944428.401000,19.071311,600
509499.672400,6944428.401000,18.669019,605
509499.672400,6944428.401000,17.828039,615
509499.672400,6944428.401000,17.392865,620
509499.672400,6944428.401000,16.947797,625
509499.672400,6944428.401000,16.502493,630
509499.672400,6944428.401000,16.077296,635
509499.672400,6944428.401000,15.666811,640
509499.672400,6944428.401000,15.289240,645
509499.672400,6944428.401000,14.937956,650
509499.672400,6944428.401000,14.611018,655
509499.672400,6944428.401000,14.324550,660
509499.672400,6944428.401000,14.058891,665
509499.672400,6944428.401000,13.815249,670
509499.672400,6944428.401000,13.577879,675
509499.672400,6944428.401000,13.370385,680
509499.672400,6944428.401000,13.177479,685
509499.672400,6944428.401000,12.986512,690
509499.672400,6944428.401000,12.817857,695
509499.672400,6944428.401000,12.649202,700
509499.672400,6944428.401000,12.483420,705
509499.672400,6944428.401000,12.339674,710
509499.672400,6944428.401000,12.195927,715
509499.672400,6944428.401000,12.052181,720
509499.672400,6944428.401000,11.921097,725
509499.672400,6944428.401000,11.797230,730
509499.672400,6944428.401000,11.673362,735
509499.672400,6944428.401000,11.549495,740
509499.672400,6944428.401000,11.432948,745
509499.672400,6944428.401000,11.321273,750
509499.672400,6944428.401000,11.209598,755
509499.672400,6944428.401000,11.097924,760
509499.672400,6944428.401000,10.988148,765
509499.672400,6944428.401000,10.891894,770
509499.672400,6944428.401000,10.795640,775
509499.672400,6944428.401000,10.699386,780
509499.672400,6944428.401000,10.603132,785
509499.672400,6944428.401000,10.506878,790
509499.672400,6944428.401000,10.415985,795
509499.672400,6944428.401000,10.325504,800
509499.672400,6944428.401000,10.235024,805
509499.672400,6944428.401000,10.144543,810
509499.672400,6944428.401000,10.054062,815
509499.672400,6944428.401000,9.967805,820
509499.672400,6944428.401000,9.887816,825
509499.672400,6944428.401000,9.807828,830
509499.672400,6944428.401000,9.727840,835
509499.672400,6944428.401000,9.647851,840
509499.672400,6944428.401000,9.567863,845
509499.672400,6944428.401000,9.488417,850
509499.672400,6944428.401000,9.412003,855
509499.672400,6944428.401000,9.335589,860
509499.672400,6944428.401000,9.259176,865
509499.672400,6944428.401000,9.182762,870
509499.672400,6944428.401000,9.106348,875
509499.672400,6944428.401000,9.029935,880
509499.672400,6944428.401000,8.956127,885
509499.672400,6944428.401000,8.883997,890
509499.672400,6944428.401000,8.811867,895
509499.672400,6944428.401000,8.739738,900
509499.672400,6944428.401000,8.667608,905
509499.672400,6944428.401000,8.595478,910
509499.672400,6944428.401000,8.523349,915
509499.672400,6944428.401000,8.453728,920
509499.672400,6944428.401000,8.385309,925
509499.672400,6944428.401000,8.316890,930
509499.672400,6944428.401000,8.248471,935
509499.672400,6944428.401000,8.180051,940
509499.672400,6944428.401000,8.111632,945
509499.672400,6944428.401000,8.043213,950
509499.672400,6944428.401000,7.973421,955
509499.672400,6944428.401000,7.901277,960
509499.672400,6944428.401000,7.829133,965
509499.672400,6944428.401000,7.756988,970
509499.672400,6944428.401000,7.684844,975
509499.672400,6944428.401000,7.612700,980
509499.672400,6944428.401000,7.540555,985
509499.672400,6944428.401000,7.439754,990
509499.672400,6944428.401000,7.302163,995
509499.672400,6944428.401000,7.164571,1000
509499.672400,6944428.401000,7.026979,1005
509499.672400,6944428.401000,5.011027,1005
509499.672400,6944428.401000,6.271636,1010
509499.672400,6944428.401000,5.324657,1010
509499.672400,6944428.401000,28.705485,355
509499.672400,6944428.401000,27.740324,405
509499.672400,6944428.401000,26.715310,455
509499.674500,6944428.403000,28.500000,360
509499.687100,6944428.412000,10.500000,790
509499.695800,6944428.418000,25.000000,510
509499.697200,6944428.419000,34.000000,310
509499.702300,6944428.423000,16.500000,630
509499.716200,6944428.433000,8.500000,915
509499.717600,6944428.434000,25.500000,495
509499.723300,6944428.438000,33.000000,305
509499.732400,6944428.444000,9.000000,880
509499.737300,6944428.448000,7.500000,985
509499.751900,6944428.458000,8.000000,955
509499.767400,6944428.469000,24.500000,520
509499.779300,6944428.478000,11.500000,740
509499.781100,6944428.479000,33.500000,305
509499.788700,6944428.484000,10.000000,815
509499.794700,6944428.489000,12.000000,720
509499.806300,6944428.497000,24.000000,530
509499.811200,6944428.501000,9.500000,845
509499.813500,6944428.502000,5.500000,1010
509499.845000,6944428.525000,14.000000,665
509499.851500,6944428.529000,8.500000,910
509499.852700,6944428.530000,7.500000,980
509499.857100,6944428.533000,34.500000,310
509499.867500,6944428.541000,13.500000,675
509499.874900,6944428.546000,22.000000,560
509499.877800,6944428.548000,8.000000,945
509499.885600,6944428.554000,9.000000,875
509499.892100,6944428.558000,10.500000,785
509499.892800,6944428.559000,11.000000,760
509499.925900,6944428.583000,32.000000,285
509499.944700,6944428.596000,23.000000,545
509499.947900,6944428.598000,30.000000,300
509499.968100,6944428.613000,7.500000,975
509499.974800,6944428.618000,9.500000,840
509499.977300,6944428.619000,7.000000,1005
509499.983300,6944428.624000,10.000000,810
509499.985600,6944428.625000,29.500000,315
509499.985700,6944428.625000,6.500000,1010
509499.986900,6944428.626000,8.500000,905
509500.002100,6944428.637000,32.500000,290
509500.003700,6944428.638000,8.000000,940
509500.008500,6944428.642000,14.500000,655
509500.010200,6944428.643000,12.500000,705
509500.036000,6944428.661000,34.000000,305
509500.038900,6944428.663000,9.000000,870
509500.047000,6944428.669000,11.500000,735
509500.063300,6944428.681000,33.000000,295
509500.065800,6944428.683000,5.500000,1005
509500.079000,6944428.692000,32.145462,285
509500.079000,6944428.692000,31.044920,285
509500.079000,6944428.692000,32.593185,290
509500.079000,6944428.692000,30.451535,290
509500.079000,6944428.692000,30.236391,295
509500.079000,6944428.692000,33.020218,295
509500.079000,6944428.692000,30.021246,300
509500.079000,6944428.692000,33.457218,300
509500.079000,6944428.692000,29.850913,305
509500.079000,6944428.692000,34.126348,305
509500.079000,6944428.692000,29.685491,310
509500.079000,6944428.692000,29.520068,315
509500.079000,6944428.692000,29.402798,320
509500.079000,6944428.692000,29.292176,325
509500.079000,6944428.692000,29.181555,330
509500.079000,6944428.692000,29.070933,335
509500.079000,6944428.692000,28.962595,340
509500.079000,6944428.692000,28.858340,345
509500.079000,6944428.692000,28.754085,350
509500.079000,6944428.692000,28.545574,360
509500.079000,6944428.692000,28.444214,365
509500.079000,6944428.692000,28.345101,370
509500.079000,6944428.692000,28.245989,375
509500.079000,6944428.692000,28.146877,380
509500.079000,6944428.692000,28.047764,385
509500.079000,6944428.692000,27.456558,415
509500.079000,6944428.692000,27.349009,420
509500.079000,6944428.692000,27.241459,425
509500.079000,6944428.692000,27.133910,430
509500.079000,6944428.692000,27.026361,435
509500.079000,6944428.692000,26.434751,460
509500.079000,6944428.692000,26.303326,465
509500.079000,6944428.692000,26.171901,470
509500.079000,6944428.692000,26.040476,475
509500.079000,6944428.692000,25.886784,480
509500.079000,6944428.692000,25.723183,485
509500.079000,6944428.692000,25.559581,490
509500.079000,6944428.692000,25.389950,495
509500.079000,6944428.692000,25.216865,500
509500.079000,6944428.692000,25.043780,505
509500.079000,6944428.692000,24.825683,510
509500.079000,6944428.692000,24.592346,515
509500.079000,6944428.692000,24.353832,520
509500.079000,6944428.692000,24.111928,525
509500.079000,6944428.692000,23.845522,530
509500.079000,6944428.692000,23.558016,535
509500.079000,6944428.692000,23.248484,540
509500.079000,6944428.692000,22.932299,545
509500.079000,6944428.692000,22.612068,550
509500.079000,6944428.692000,22.270724,555
509500.079000,6944428.692000,21.921728,560
509500.079000,6944428.692000,21.585001,565
509500.079000,6944428.692000,21.233813,570
509500.079000,6944428.692000,20.878925,575
509500.079000,6944428.692000,20.526296,580
509500.079000,6944428.692000,20.167279,585
509500.079000,6944428.692000,19.801324,590
509500.079000,6944428.692000,19.428030,595
509500.079000,6944428.692000,19.047216,600
509500.079000,6944428.692000,18.652351,605
509500.079000,6944428.692000,17.816337,615
509500.079000,6944428.692000,17.377485,620
509500.079000,6944428.692000,16.924072,625
509500.079000,6944428.692000,16.468395,630
509500.079000,6944428.692000,16.020692,635
509500.079000,6944428.692000,15.586612,640
509500.079000,6944428.692000,15.196864,645
509500.079000,6944428.692000,14.829551,650
509500.079000,6944428.692000,14.479876,655
509500.079000,6944428.692000,14.197509,660
509500.079000,6944428.692000,13.922737,665
509500.079000,6944428.692000,13.665643,670
509500.079000,6944428.692000,13.427191,675
509500.079000,6944428.692000,13.222504,680
509500.079000,6944428.692000,13.017818,685
509500.079000,6944428.692000,12.832972,690
509500.079000,6944428.692000,12.650018,695
509500.079000,6944428.692000,12.473018,700
509500.079000,6944428.692000,12.323138,705
509500.079000,6944428.692000,12.173258,710
509500.079000,6944428.692000,12.023378,715
509500.079000,6944428.692000,11.886691,720
509500.079000,6944428.692000,11.752441,725
509500.079000,6944428.692000,11.618192,730
509500.079000,6944428.692000,11.486343,735
509500.079000,6944428.692000,11.372160,740
509500.079000,6944428.692000,11.257977,745
509500.079000,6944428.692000,11.143794,750
509500.079000,6944428.692000,11.029611,755
509500.079000,6944428.692000,10.923314,760
509500.079000,6944428.692000,10.819779,765
509500.079000,6944428.692000,10.716244,770
509500.079000,6944428.692000,10.612709,775
509500.079000,6944428.692000,10.509174,780
509500.079000,6944428.692000,10.415922,785
509500.079000,6944428.692000,10.323670,790
509500.079000,6944428.692000,10.231418,795
509500.079000,6944428.692000,10.139166,800
509500.079000,6944428.692000,10.046914,805
509500.079000,6944428.692000,9.958027,810
509500.079000,6944428.692000,9.872622,815
509500.079000,6944428.692000,9.787216,820
509500.079000,6944428.692000,9.701811,825
509500.079000,6944428.692000,9.616406,830
509500.079000,6944428.692000,9.531001,835
509500.079000,6944428.692000,9.450039,840
509500.079000,6944428.692000,9.371608,845
509500.079000,6944428.692000,9.293177,850
509500.079000,6944428.692000,9.214747,855
509500.079000,6944428.692000,9.136316,860
509500.079000,6944428.692000,9.057886,865
509500.079000,6944428.692000,8.980098,870
509500.079000,6944428.692000,8.904122,875
509500.079000,6944428.692000,8.828147,880
509500.079000,6944428.692000,8.752171,885
509500.079000,6944428.692000,8.676195,890
509500.079000,6944428.692000,8.600219,895
509500.079000,6944428.692000,8.524244,900
509500.079000,6944428.692000,8.451934,905
509500.079000,6944428.692000,8.381342,910
509500.079000,6944428.692000,8.310751,915
509500.079000,6944428.692000,8.240159,920
509500.079000,6944428.692000,8.169568,925
509500.079000,6944428.692000,8.098976,930
509500.079000,6944428.692000,8.028384,935
509500.079000,6944428.692000,7.954956,940
509500.079000,6944428.692000,7.879619,945
509500.079000,6944428.692000,7.804282,950
509500.079000,6944428.692000,7.728945,955
509500.079000,6944428.692000,7.653608,960
509500.079000,6944428.692000,7.578271,965
509500.079000,6944428.692000,7.502934,970
509500.079000,6944428.692000,7.430315,975
509500.079000,6944428.692000,7.357805,980
509500.079000,6944428.692000,7.285296,985
509500.079000,6944428.692000,7.212786,990
509500.079000,6944428.692000,7.140276,995
509500.079000,6944428.692000,7.067767,1000
509500.079000,6944428.692000,6.972879,1005
509500.079000,6944428.692000,5.519202,1005
509500.079000,6944428.692000,6.558225,1010
509500.079000,6944428.692000,5.886989,1010
509500.079000,6944428.692000,27.753813,405
509500.079000,6944428.692000,26.676536,455
509500.083900,6944428.696000,7.500000,970
509500.099600,6944428.707000,10.500000,780
509500.111600,6944428.716000,33.500000,300
509500.125900,6944428.726000,8.500000,900
509500.127600,6944428.727000,13.000000,685
509500.129600,6944428.728000,8.000000,935
509500.137200,6944428.734000,12.000000,715
509500.142400,6944428.738000,31.000000,285
509500.144700,6944428.739000,9.500000,835
509500.147100,6944428.741000,11.000000,755
509500.154600,6944428.746000,6.500000,1010
509500.167700,6944428.756000,6.000000,1010
509500.171400,6944428.758000,31.500000,280
509500.178400,6944428.763000,10.000000,805
509500.186200,6944428.769000,23.500000,535
509500.189200,6944428.771000,7.000000,1005
509500.192100,6944428.773000,9.000000,865
509500.208700,6944428.785000,25.000000,505
509500.209100,6944428.785000,7.500000,965
509500.211200,6944428.787000,34.500000,305
509500.213000,6944428.788000,20.500000,580
509500.231800,6944428.802000,16.000000,635
509500.255500,6944428.819000,8.000000,930
509500.273000,6944428.831000,8.500000,895
509500.282400,6944428.838000,24.500000,515
509500.299700,6944428.850000,26.000000,475
509500.301100,6944428.851000,25.500000,490
509500.307200,6944428.856000,7.000000,995
509500.313100,6944428.860000,22.500000,555
509500.317000,6944428.863000,24.000000,525
509500.325700,6944428.869000,9.500000,830
509500.331500,6944428.873000,21.500000,565
509500.332700,6944428.874000,10.500000,775
509500.334300,6944428.875000,7.500000,960
509500.345300,6944428.883000,9.000000,860
509500.357000,6944428.891000,11.500000,730
509500.373800,6944428.903000,10.000000,805
509500.373800,6944428.903000,34.000000,305
509500.376000,6944428.905000,29.000000,340
509500.381400,6944428.909000,8.000000,925
509500.384500,6944428.911000,32.500000,285
509500.409600,6944428.929000,11.000000,755
509500.409900,6944428.929000,33.000000,290
509500.420000,6944428.936000,8.500000,890
509500.425200,6944428.940000,7.000000,990
509500.436400,6944428.948000,12.500000,695
509500.445100,6944428.954000,33.500000,295
509500.456300,6944428.962000,6.000000,1005
509500.459500,6944428.965000,7.500000,955
509500.475300,6944428.976000,32.000000,280
509500.485600,6944428.983000,34.299865,305
509500.485600,6944428.983000,30.081956,305
509500.485600,6944428.983000,28.802685,355
509500.485600,6944428.983000,27.767301,405
509500.485600,6944428.983000,26.637762,455
509500.485600,6944428.983000,25.083282,505
509500.485600,6944428.983000,22.417775,555
509500.485600,6944428.983000,19.023452,605
509500.485600,6944428.983000,14.724336,655
509500.485600,6944428.983000,12.324975,705
509500.485600,6944428.983000,10.968777,755
509500.485600,6944428.983000,9.949715,805
509500.485600,6944428.983000,9.090851,855
509500.485600,6944428.983000,8.315228,905
509500.485600,6944428.983000,7.559804,955
509500.485600,6944428.983000,6.677699,1005
509500.485600,6944428.983000,32.011639,280
509500.485600,6944428.983000,31.293950,280
509500.485600,6944428.983000,32.624253,285
509500.485600,6944428.983000,30.795755,285
509500.485600,6944428.983000,33.099422,290
509500.485600,6944428.983000,30.443926,290
509500.485600,6944428.983000,30.262941,295
509500.485600,6944428.983000,33.576812,295
509500.485600,6944428.983000,29.914848,305
509500.485600,6944428.983000,29.759223,310
509500.485600,6944428.983000,29.603599,315
509500.485600,6944428.983000,29.462578,320
509500.485600,6944428.983000,29.350638,325
509500.485600,6944428.983000,29.238698,330
509500.485600,6944428.983000,29.126757,335
509500.485600,6944428.983000,29.014817,340
509500.485600,6944428.983000,28.908335,345
509500.485600,6944428.983000,28.697035,355
509500.485600,6944428.983000,28.591385,360
509500.485600,6944428.983000,28.486094,365
509500.485600,6944428.983000,28.383104,370
509500.485600,6944428.983000,28.280114,375
509500.485600,6944428.983000,28.177124,380
509500.485600,6944428.983000,28.074134,385
509500.485600,6944428.983000,27.971407,390
509500.485600,6944428.983000,27.869354,395
509500.485600,6944428.983000,27.665249,405
509500.485600,6944428.983000,27.563196,410
509500.485600,6944428.983000,27.457142,415
509500.485600,6944428.983000,27.344582,420
509500.485600,6944428.983000,27.232022,425
509500.485600,6944428.983000,27.119461,430
509500.485600,6944428.983000,27.006901,435
509500.485600,6944428.983000,26.884292,440
509500.485600,6944428.983000,26.761027,445
509500.485600,6944428.983000,26.514496,455
509500.485600,6944428.983000,26.378223,460
509500.485600,6944428.983000,26.240215,465
509500.485600,6944428.983000,26.102208,470
509500.485600,6944428.983000,25.956138,475
509500.485600,6944428.983000,25.787050,480
509500.485600,6944428.983000,25.617962,485
509500.485600,6944428.983000,25.445274,490
509500.485600,6944428.983000,25.264278,495
509500.485600,6944428.983000,24.874133,505
509500.485600,6944428.983000,24.640990,510
509500.485600,6944428.983000,24.404408,515
509500.485600,6944428.983000,24.162563,520
509500.485600,6944428.983000,23.907082,525
509500.485600,6944428.983000,23.623641,530
509500.485600,6944428.983000,23.335593,535
509500.485600,6944428.983000,23.043980,540
509500.485600,6944428.983000,22.733185,545
509500.485600,6944428.983000,22.098888,555
509500.485600,6944428.983000,21.775410,560
509500.485600,6944428.983000,21.449296,565
509500.485600,6944428.983000,21.120032,570
509500.485600,6944428.983000,20.785871,575
509500.485600,6944428.983000,20.448171,580
509500.485600,6944428.983000,20.106389,585
509500.485600,6944428.983000,19.754109,590
509500.485600,6944428.983000,19.393369,595
509500.485600,6944428.983000,18.635895,605
509500.485600,6944428.983000,18.229224,610
509500.485600,6944428.983000,17.804560,615
509500.485600,6944428.983000,17.362018,620
509500.485600,6944428.983000,16.900232,625
509500.485600,6944428.983000,16.432969,630
509500.485600,6944428.983000,15.964422,635
509500.485600,6944428.983000,15.500737,640
509500.485600,6944428.983000,15.105006,645
509500.485600,6944428.983000,14.377887,655
509500.485600,6944428.983000,14.074272,660
509500.485600,6944428.983000,13.785351,665
509500.485600,6944428.983000,13.501187,670
509500.485600,6944428.983000,13.288484,675
509500.485600,6944428.983000,13.076082,680
509500.485600,6944428.983000,12.873107,685
509500.485600,6944428.983000,12.675395,690
509500.485600,6944428.983000,12.482247,695
509500.485600,6944428.983000,12.167703,705
509500.485600,6944428.983000,12.010431,710
509500.485600,6944428.983000,11.867620,715
509500.485600,6944428.983000,11.725836,720
509500.485600,6944428.983000,11.584053,725
509500.485600,6944428.983000,11.450560,730
509500.485600,6944428.983000,11.329137,735
509500.485600,6944428.983000,11.207715,740
509500.485600,6944428.983000,11.086293,745
509500.485600,6944428.983000,10.860858,755
509500.485600,6944428.983000,10.752940,760
509500.485600,6944428.983000,10.645021,765
509500.485600,6944428.983000,10.537102,770
509500.485600,6944428.983000,10.435465,775
509500.485600,6944428.983000,10.337119,780
509500.485600,6944428.983000,10.238773,785
509500.485600,6944428.983000,10.140427,790
509500.485600,6944428.983000,10.042081,795
509500.485600,6944428.983000,9.861822,805
509500.485600,6944428.983000,9.773929,810
509500.485600,6944428.983000,9.686035,815
509500.485600,6944428.983000,9.598142,820
509500.485600,6944428.983000,9.510249,825
509500.485600,6944428.983000,9.425986,830
509500.485600,6944428.983000,9.342202,835
509500.485600,6944428.983000,9.258419,840
509500.485600,6944428.983000,9.174635,845
509500.485600,6944428.983000,9.007068,855
509500.485600,6944428.983000,8.929238,860
509500.485600,6944428.983000,8.851956,865
509500.485600,6944428.983000,8.774675,870
509500.485600,6944428.983000,8.697393,875
509500.485600,6944428.983000,8.620112,880
509500.485600,6944428.983000,8.542830,885
509500.485600,6944428.983000,8.466322,890
509500.485600,6944428.983000,8.390775,895
509500.485600,6944428.983000,8.239681,905
509500.485600,6944428.983000,8.164133,910
509500.485600,6944428.983000,8.088586,915
509500.485600,6944428.983000,8.013039,920
509500.485600,6944428.983000,7.937499,925
509500.485600,6944428.983000,7.861960,930
509500.485600,6944428.983000,7.786421,935
509500.485600,6944428.983000,7.710882,940
509500.485600,6944428.983000,7.635343,945
509500.485600,6944428.983000,7.484446,955
509500.485600,6944428.983000,7.409779,960
509500.485600,6944428.983000,7.335112,965
509500.485600,6944428.983000,7.260445,970
509500.485600,6944428.983000,7.185778,975
509500.485600,6944428.983000,7.111111,980
509500.485600,6944428.983000,7.036443,985
509500.485600,6944428.983000,6.934316,990
509500.485600,6944428.983000,6.806008,995
509500.485600,6944428.983000,6.549391,1005
509500.485600,6944428.983000,6.104210,1005
509500.488800,6944428.986000,13.500000,670
509500.490600,6944428.987000,15.500000,640
509500.499400,6944428.993000,9.000000,855
509500.507300,6944428.999000,9.500000,825
509500.509700,6944429.001000,8.000000,920
509500.509800,6944429.001000,12.000000,710
509500.542100,6944429.024000,5.000000,1005
509500.545500,6944429.026000,7.000000,985
509500.567300,6944429.042000,34.500000,305
509500.568300,6944429.042000,10.500000,770
509500.568800,6944429.043000,8.500000,885
509500.570500,6944429.044000,27.000000,435
509500.571900,6944429.045000,10.000000,795
509500.572200,6944429.045000,6.500000,1005
509500.583000,6944429.053000,26.500000,455
509500.585300,6944429.055000,7.500000,955
509500.590700,6944429.058000,23.000000,540
509500.638400,6944429.093000,9.012716,855
509500.649800,6944429.101000,8.000000,915
509500.663300,6944429.110000,9.000000,850
509500.668300,6944429.114000,7.000000,980
509500.673600,6944429.118000,11.000000,745
509500.679400,6944429.122000,13.000000,680
509500.680000,6944429.122000,11.500000,725
509500.693200,6944429.132000,9.500000,820
509500.702300,6944429.138000,28.500000,365
509500.703800,6944429.139000,14.000000,660
509500.711200,6944429.145000,7.500000,945
509500.718800,6944429.150000,8.500000,880
509500.720000,6944429.151000,34.000000,295
509500.729300,6944429.158000,25.000000,505
509500.753200,6944429.175000,33.000000,285
509500.753200,6944429.175000,32.500000,280
509500.763700,6944429.182000,23.500000,530
509500.773600,6944429.189000,10.000000,790
509500.785200,6944429.198000,22.000000,555
509500.785600,6944429.198000,33.500000,290
509500.789800,6944429.201000,8.000000,910
509500.791100,6944429.202000,7.000000,975
509500.797400,6944429.206000,6.500000,1005
509500.808900,6944429.215000,10.500000,765
509500.814800,6944429.219000,24.500000,510
509500.827100,6944429.228000,9.000000,845
509500.837200,6944429.235000,7.500000,940
509500.847700,6944429.242000,31.500000,275
509500.868900,6944429.258000,8.500000,875
509500.875300,6944429.262000,12.000000,705
509500.877700,6944429.264000,25.500000,485
509500.879100,6944429.265000,9.500000,815
509500.880200,6944429.266000,24.000000,520
509500.892200,6944429.274000,30.094847,305
509500.892200,6944429.274000,28.832414,355
509500.892200,6944429.274000,27.768829,405
509500.892200,6944429.274000,26.581237,455
509500.892200,6944429.274000,24.928996,505
509500.892200,6944429.274000,22.273024,555
509500.892200,6944429.274000,19.012275,605
509500.892200,6944429.274000,14.611710,655
509500.892200,6944429.274000,12.163503,705
509500.892200,6944429.274000,10.796167,755
509500.892200,6944429.274000,9.765516,805
509500.892200,6944429.274000,8.098804,905
509500.892200,6944429.274000,7.315777,955
509500.892200,6944429.274000,6.317330,1005
509500.892200,6944429.274000,31.986916,275
509500.892200,6944429.274000,31.468660,275
509500.892200,6944429.274000,32.696608,280
509500.892200,6944429.274000,31.065123,280
509500.892200,6944429.274000,33.185646,285
509500.892200,6944429.274000,30.696785,285
509500.892200,6944429.274000,33.690106,290
509500.892200,6944429.274000,30.424811,290
509500.892200,6944429.274000,30.259829,295
509500.892200,6944429.274000,34.400498,295
509500.892200,6944429.274000,29.937025,305
509500.892200,6944429.274000,29.788885,310
509500.892200,6944429.274000,29.640746,315
509500.892200,6944429.274000,29.494427,320
509500.892200,6944429.274000,29.382765,325
509500.892200,6944429.274000,29.271104,330
509500.892200,6944429.274000,29.159442,335
509500.892200,6944429.274000,29.047781,340
509500.892200,6944429.274000,28.939015,345
509500.892200,6944429.274000,28.725813,355
509500.892200,6944429.274000,28.619212,360
509500.892200,6944429.274000,28.512611,365
509500.892200,6944429.274000,28.406377,370
509500.892200,6944429.274000,28.300191,375
509500.892200,6944429.274000,28.194006,380
509500.892200,6944429.274000,28.087821,385
509500.892200,6944429.274000,27.981601,390
509500.892200,6944429.274000,27.875215,395
509500.892200,6944429.274000,27.662443,405
509500.892200,6944429.274000,27.556058,410
509500.892200,6944429.274000,27.444224,415
509500.892200,6944429.274000,27.326323,420
509500.892200,6944429.274000,27.208421,425
509500.892200,6944429.274000,27.090520,430
509500.892200,6944429.274000,26.969911,435
509500.892200,6944429.274000,26.840353,440
509500.892200,6944429.274000,26.710795,445
509500.892200,6944429.274000,26.446396,455
509500.892200,6944429.274000,26.302673,460
509500.892200,6944429.274000,26.158951,465
509500.892200,6944429.274000,26.015228,470
509500.892200,6944429.274000,25.844154,475
509500.892200,6944429.274000,25.669839,480
509500.892200,6944429.274000,25.495276,485
509500.892200,6944429.274000,25.311329,490
509500.892200,6944429.274000,25.127382,495
509500.892200,6944429.274000,24.698095,505
509500.892200,6944429.274000,24.466518,510
509500.892200,6944429.274000,24.230863,515
509500.892200,6944429.274000,23.994411,520
509500.892200,6944429.274000,23.719509,525
509500.892200,6944429.274000,23.443053,530
509500.892200,6944429.274000,23.160439,535
509500.892200,6944429.274000,22.872329,540
509500.892200,6944429.274000,22.577002,545
509500.892200,6944429.274000,21.966202,555
509500.892200,6944429.274000,21.661040,560
509500.892200,6944429.274000,21.352407,565
509500.892200,6944429.274000,21.039897,570
509500.892200,6944429.274000,20.718097,575
509500.892200,6944429.274000,20.393225,580
509500.892200,6944429.274000,20.064795,585
509500.892200,6944429.274000,19.722867,590
509500.892200,6944429.274000,19.372361,595
509500.892200,6944429.274000,18.631818,605
509500.892200,6944429.274000,18.230159,610
509500.892200,6944429.274000,17.807879,615
509500.892200,6944429.274000,17.363930,620
509500.892200,6944429.274000,16.894653,625
509500.892200,6944429.274000,16.413556,630
509500.892200,6944429.274000,15.923346,635
509500.892200,6944429.274000,15.445259,640
509500.892200,6944429.274000,15.014937,645
509500.892200,6944429.274000,14.261003,655
509500.892200,6944429.274000,13.937497,660
509500.892200,6944429.274000,13.641566,665
509500.892200,6944429.274000,13.377469,670
509500.892200,6944429.274000,13.142567,675
509500.892200,6944429.274000,12.919119,680
509500.892200,6944429.274000,12.713356,685
509500.892200,6944429.274000,12.507594,690
509500.892200,6944429.274000,12.334914,695
509500.892200,6944429.274000,11.993214,705
509500.892200,6944429.274000,11.846125,710
509500.892200,6944429.274000,11.699037,715
509500.892200,6944429.274000,11.551948,720
509500.892200,6944429.274000,11.415346,725
509500.892200,6944429.274000,11.284470,730
509500.892200,6944429.274000,11.153593,735
509500.892200,6944429.274000,11.022717,740
509500.892200,6944429.274000,10.907769,745
509500.892200,6944429.274000,10.684565,755
509500.892200,6944429.274000,10.572963,760
509500.892200,6944429.274000,10.463622,765
509500.892200,6944429.274000,10.358549,770
509500.892200,6944429.274000,10.253477,775
509500.892200,6944429.274000,10.148404,780
509500.892200,6944429.274000,10.043332,785
509500.892200,6944429.274000,9.946753,790
509500.892200,6944429.274000,9.856134,795
509500.892200,6944429.274000,9.674898,805
509500.892200,6944429.274000,9.584280,810
509500.892200,6944429.274000,9.493835,815
509500.892200,6944429.274000,9.405698,820
509500.892200,6944429.274000,9.317561,825
509500.892200,6944429.274000,9.229424,830
509500.892200,6944429.274000,9.141287,835
509500.892200,6944429.274000,9.053150,840
509500.892200,6944429.274000,8.968204,845
509500.892200,6944429.274000,8.888104,850
509500.892200,6944429.274000,8.808004,855
509500.892200,6944429.274000,8.727905,860
509500.892200,6944429.274000,8.647805,865
509500.892200,6944429.274000,8.567705,870
509500.892200,6944429.274000,8.487957,875
509500.892200,6944429.274000,8.410126,880
509500.892200,6944429.274000,8.332296,885
509500.892200,6944429.274000,8.254465,890
509500.892200,6944429.274000,8.176635,895
509500.892200,6944429.274000,8.020974,905
509500.892200,6944429.274000,7.941966,910
509500.892200,6944429.274000,7.862525,915
509500.892200,6944429.274000,7.783083,920
509500.892200,6944429.274000,7.703642,925
509500.892200,6944429.274000,7.624200,930
509500.892200,6944429.274000,7.544759,935
509500.892200,6944429.274000,7.466991,940
509500.892200,6944429.274000,7.391384,945
509500.892200,6944429.274000,7.240170,955
509500.892200,6944429.274000,7.164563,960
509500.892200,6944429.274000,7.088956,965
509500.892200,6944429.274000,7.013349,970
509500.892200,6944429.274000,6.923791,975
509500.892200,6944429.274000,6.831242,980
509500.892200,6944429.274000,6.738692,985
509500.892200,6944429.274000,6.646143,990
509500.892200,6944429.274000,6.553594,995
509500.892200,6944429.274000,5.393476,1005
509500.893100,6944429.275000,32.000000,275
509500.909700,6944429.287000,12.500000,690
509500.914400,6944429.290000,7.000000,970
509500.932400,6944429.303000,8.000000,905
509500.937800,6944429.307000,34.500000,295
509500.943400,6944429.311000,11.000000,740
509500.959200,6944429.322000,6.500000,995
509500.962100,6944429.324000,15.000000,645
509500.962300,6944429.324000,26.000000,470
509500.966200,6944429.327000,7.500000,935
509500.980800,6944429.338000,29.500000,320
509500.987900,6944429.343000,10.000000,785
509501.003400,6944429.354000,9.000000,840
509501.006100,6944429.356000,5.500000,1005
509501.007000,6944429.356000,11.500000,720
509501.024300,6944429.369000,8.500000,870
509501.040600,6944429.381000,7.000000,965
509501.051100,6944429.388000,10.500000,760
509501.070400,6944429.402000,9.500000,810
509501.071300,6944429.402000,34.000000,290
509501.074900,6944429.405000,6.500000,990
509501.075200,6944429.405000,31.000000,280
509501.081500,6944429.410000,8.000000,905
509501.095100,6944429.419000,33.000000,280
509501.097700,6944429.421000,7.500000,930
509501.115600,6944429.434000,32.500000,275
509501.117100,6944429.435000,22.500000,545
509501.122500,6944429.439000,21.000000,570
509501.125900,6944429.442000,33.500000,285
509501.166800,6944429.471000,7.000000,960
509501.180700,6944429.481000,8.500000,865
509501.187900,6944429.486000,9.000000,835
509501.190700,6944429.488000,6.500000,985
509501.220000,6944429.509000,10.000000,780
509501.229300,6944429.516000,7.500000,925
509501.230700,6944429.517000,8.000000,895
509501.239000,6944429.522000,11.000000,735
509501.256000,6944429.535000,13.500000,665
509501.257600,6944429.536000,14.500000,655
509501.258400,6944429.536000,13.000000,675
509501.262100,6944429.539000,9.500000,805
509501.267600,6944429.543000,25.000000,495
509501.276500,6944429.549000,23.000000,535
509501.277600,6944429.550000,12.000000,700
509501.293000,6944429.561000,7.000000,955
509501.294300,6944429.562000,10.500000,755
509501.298700,6944429.565000,30.094812,305
509501.298700,6944429.565000,28.856138,355
509501.298700,6944429.565000,27.766551,405
509501.298700,6944429.565000,26.519064,455
509501.298700,6944429.565000,24.757142,505
509501.298700,6944429.565000,22.148187,555
509501.298700,6944429.565000,19.005081,605
509501.298700,6944429.565000,14.488952,655
509501.298700,6944429.565000,11.991728,705
509501.298700,6944429.565000,10.617318,755
509501.298700,6944429.565000,9.578576,805
509501.298700,6944429.565000,7.877168,905
509501.298700,6944429.565000,7.073625,955
509501.298700,6944429.565000,6.054212,1005
509501.298700,6944429.565000,32.777636,275
509501.298700,6944429.565000,31.230409,275
509501.298700,6944429.565000,33.274052,280
509501.298700,6944429.565000,30.937119,280
509501.298700,6944429.565000,33.794821,285
509501.298700,6944429.565000,30.618090,285
509501.298700,6944429.565000,34.475050,290
509501.298700,6944429.565000,30.402958,290
509501.298700,6944429.565000,30.248885,295
509501.298700,6944429.565000,29.946035,305
509501.298700,6944429.565000,29.805730,310
509501.298700,6944429.565000,29.665425,315
509501.298700,6944429.565000,29.525119,320
509501.298700,6944429.565000,29.408407,325
509501.298700,6944429.565000,29.296840,330
509501.298700,6944429.565000,29.185273,335
509501.298700,6944429.565000,29.073705,340
509501.298700,6944429.565000,28.963549,345
509501.298700,6944429.565000,28.425229,370
509501.298700,6944429.565000,28.315966,375
509501.298700,6944429.565000,28.206704,380
509501.298700,6944429.565000,28.097441,385
509501.298700,6944429.565000,27.426921,415
509501.298700,6944429.565000,27.303658,420
509501.298700,6944429.565000,27.180395,425
509501.298700,6944429.565000,27.057132,430
509501.298700,6944429.565000,26.371727,455
509501.298700,6944429.565000,26.222541,460
509501.298700,6944429.565000,26.073354,465
509501.298700,6944429.565000,25.908320,470
509501.298700,6944429.565000,25.727956,475
509501.298700,6944429.565000,25.547592,480
509501.298700,6944429.565000,25.362599,485
509501.298700,6944429.565000,25.175948,490
509501.298700,6944429.565000,24.986829,495
509501.298700,6944429.565000,24.527454,505
509501.298700,6944429.565000,24.293277,510
509501.298700,6944429.565000,24.058491,515
509501.298700,6944429.565000,23.804262,520
509501.298700,6944429.565000,23.543582,525
509501.298700,6944429.565000,23.268657,530
509501.298700,6944429.565000,22.990984,535
509501.298700,6944429.565000,22.716603,540
509501.298700,6944429.565000,22.438804,545
509501.298700,6944429.565000,21.856735,555
509501.298700,6944429.565000,21.564412,560
509501.298700,6944429.565000,21.268233,565
509501.298700,6944429.565000,20.969626,570
509501.298700,6944429.565000,20.658665,575
509501.298700,6944429.565000,20.345386,580
509501.298700,6944429.565000,20.029693,585
509501.298700,6944429.565000,19.696772,590
509501.298700,6944429.565000,19.355563,595
509501.298700,6944429.565000,18.631590,605
509501.298700,6944429.565000,17.816070,615
509501.298700,6944429.565000,17.371516,620
509501.298700,6944429.565000,16.894957,625
509501.298700,6944429.565000,16.399260,630
509501.298700,6944429.565000,15.887158,635
509501.298700,6944429.565000,15.389377,640
509501.298700,6944429.565000,14.926465,645
509501.298700,6944429.565000,14.135493,655
509501.298700,6944429.565000,13.802401,660
509501.298700,6944429.565000,13.485859,665
509501.298700,6944429.565000,13.234520,670
509501.298700,6944429.565000,12.985108,675
509501.298700,6944429.565000,12.762559,680
509501.298700,6944429.565000,12.540011,685
509501.298700,6944429.565000,12.351841,690
509501.298700,6944429.565000,12.171207,695
509501.298700,6944429.565000,11.833231,705
509501.298700,6944429.565000,11.674735,710
509501.298700,6944429.565000,11.516239,715
509501.298700,6944429.565000,11.378555,720
509501.298700,6944429.565000,11.243246,725
509501.298700,6944429.565000,11.107938,730
509501.298700,6944429.565000,10.975827,735
509501.298700,6944429.565000,10.856324,740
509501.298700,6944429.565000,10.736821,745
509501.298700,6944429.565000,10.498046,755
509501.298700,6944429.565000,10.391185,760
509501.298700,6944429.565000,10.284323,765
509501.298700,6944429.565000,10.177461,770
509501.298700,6944429.565000,10.070599,775
509501.298700,6944429.565000,9.967044,780
509501.298700,6944429.565000,9.869927,785
509501.298700,6944429.565000,9.772810,790
509501.298700,6944429.565000,9.675693,795
509501.298700,6944429.565000,9.482924,805
509501.298700,6944429.565000,9.393482,810
509501.298700,6944429.565000,9.304040,815
509501.298700,6944429.565000,9.214597,820
509501.298700,6944429.565000,9.125155,825
509501.298700,6944429.565000,9.035712,830
509501.298700,6944429.565000,8.948618,835
509501.298700,6944429.565000,8.863084,840
509501.298700,6944429.565000,8.777550,845
509501.298700,6944429.565000,8.692016,850
509501.298700,6944429.565000,8.606482,855
509501.298700,6944429.565000,8.520947,860
509501.298700,6944429.565000,8.440061,865
509501.298700,6944429.565000,8.360681,870
509501.298700,6944429.565000,8.281301,875
509501.298700,6944429.565000,8.201921,880
509501.298700,6944429.565000,8.122542,885
509501.298700,6944429.565000,8.043162,890
509501.298700,6944429.565000,7.961516,895
509501.298700,6944429.565000,7.792820,905
509501.298700,6944429.565000,7.708472,910
509501.298700,6944429.565000,7.624125,915
509501.298700,6944429.565000,7.539777,920
509501.298700,6944429.565000,7.459246,925
509501.298700,6944429.565000,7.382122,930
509501.298700,6944429.565000,7.304998,935
509501.298700,6944429.565000,7.227873,940
509501.298700,6944429.565000,7.150749,945
509501.298700,6944429.565000,6.995562,955
509501.298700,6944429.565000,6.897752,960
509501.298700,6944429.565000,6.799942,965
509501.298700,6944429.565000,6.702132,970
509501.298700,6944429.565000,6.604322,975
509501.298700,6944429.565000,6.506512,980
509501.298700,6944429.565000,6.394212,985
509501.298700,6944429.565000,6.280879,990
509501.298700,6944429.565000,6.167546,995
509501.298700,6944429.565000,5.752526,1005
509501.307100,6944429.571000,6.500000,980
509501.311300,6944429.574000,34.500000,290
509501.335000,6944429.591000,31.500000,270
509501.337200,6944429.593000,11.500000,715
509501.340700,6944429.595000,8.500000,860
509501.347300,6944429.600000,32.000000,270
509501.363800,6944429.612000,24.500000,505
509501.366900,6944429.614000,7.500000,920
509501.372400,6944429.618000,9.000000,830
509501.375500,6944429.620000,6.000000,1005
509501.379800,6944429.623000,8.000000,890
509501.394900,6944429.634000,12.500000,685
509501.398100,6944429.636000,23.500000,525
509501.419000,6944429.651000,7.000000,950
509501.421700,6944429.653000,34.000000,285
509501.427400,6944429.657000,26.500000,450
509501.433100,6944429.661000,6.500000,975
509501.435300,6944429.663000,24.000000,515
509501.437200,6944429.664000,33.000000,275
509501.456400,6944429.678000,10.000000,775
509501.459100,6944429.680000,25.500000,480
509501.465900,6944429.685000,33.500000,280
509501.471300,6944429.689000,9.500000,805
509501.477000,6944429.693000,32.500000,270
509501.511500,6944429.718000,7.500000,915
509501.512100,6944429.718000,8.500000,855
509501.528800,6944429.730000,8.000000,885
509501.533400,6944429.733000,5.500000,1005
509501.535900,6944429.735000,6.000000,995
509501.544900,6944429.741000,7.000000,945
509501.556900,6944429.750000,9.000000,825
509501.558100,6944429.751000,11.000000,730
509501.559000,6944429.752000,6.500000,970
509501.561800,6944429.754000,21.500000,560
509501.571000,6944429.760000,10.500000,750
509501.582900,6944429.769000,19.000000,605
509501.638000,6944429.808000,26.000000,465
509501.647200,6944429.815000,20.000000,585
509501.656100,6944429.821000,7.500000,910
509501.670900,6944429.832000,7.000000,940
509501.677800,6944429.837000,8.000000,880
509501.682300,6944429.840000,34.500000,285
509501.683500,6944429.841000,8.500000,850
509501.684600,6944429.841000,9.500000,795
509501.685000,6944429.842000,6.500000,965
509501.694900,6944429.849000,10.000000,770
509501.696300,6944429.850000,6.000000,990
509501.705300,6944429.856000,30.092305,305
509501.705300,6944429.856000,28.879863,355
509501.705300,6944429.856000,27.764273,405
509501.705300,6944429.856000,26.452782,455
509501.705300,6944429.856000,24.585444,505
509501.705300,6944429.856000,22.027290,555
509501.705300,6944429.856000,18.997711,605
509501.705300,6944429.856000,14.397460,655
509501.705300,6944429.856000,11.841519,705
509501.705300,6944429.856000,10.445445,755
509501.705300,6944429.856000,9.396368,805
509501.705300,6944429.856000,8.489298,855
509501.705300,6944429.856000,7.641971,905
509501.705300,6944429.856000,6.777652,955
509501.705300,6944429.856000,5.614368,1005
509501.705300,6944429.856000,32.872185,270
509501.705300,6944429.856000,31.337147,270
509501.705300,6944429.856000,33.362576,275
509501.705300,6944429.856000,31.073745,275
509501.705300,6944429.856000,33.896436,280
509501.705300,6944429.856000,30.800395,280
509501.705300,6944429.856000,30.523176,285
509501.705300,6944429.856000,30.371893,290
509501.705300,6944429.856000,30.232099,295
509501.705300,6944429.856000,29.954739,305
509501.705300,6944429.856000,29.821504,310
509501.705300,6944429.856000,29.688269,315
509501.705300,6944429.856000,29.555034,320
509501.705300,6944429.856000,29.434447,325
509501.705300,6944429.856000,29.322761,330
509501.705300,6944429.856000,29.211074,335
509501.705300,6944429.856000,29.099388,340
509501.705300,6944429.856000,28.988083,345
509501.705300,6944429.856000,28.771642,355
509501.705300,6944429.856000,28.663422,360
509501.705300,6944429.856000,28.555202,365
509501.705300,6944429.856000,28.444849,370
509501.705300,6944429.856000,28.332277,375
509501.705300,6944429.856000,28.219705,380
509501.705300,6944429.856000,28.107132,385
509501.705300,6944429.856000,27.994439,390
509501.705300,6944429.856000,27.879356,395
509501.705300,6944429.856000,27.649191,405
509501.705300,6944429.856000,27.534108,410
509501.705300,6944429.856000,27.409568,415
509501.705300,6944429.856000,27.281045,420
509501.705300,6944429.856000,27.152521,425
509501.705300,6944429.856000,27.023997,430
509501.705300,6944429.856000,26.884168,435
509501.705300,6944429.856000,26.741742,440
509501.705300,6944429.856000,26.599317,445
509501.705300,6944429.856000,26.296780,455
509501.705300,6944429.856000,26.140777,460
509501.705300,6944429.856000,25.981876,465
509501.705300,6944429.856000,25.796176,470
509501.705300,6944429.856000,25.610475,475
509501.705300,6944429.856000,25.421982,480
509501.705300,6944429.856000,25.229388,485
509501.705300,6944429.856000,25.036793,490
509501.705300,6944429.856000,24.814612,495
509501.705300,6944429.856000,24.353079,505
509501.705300,6944429.856000,24.118812,510
509501.705300,6944429.856000,23.875293,515
509501.705300,6944429.856000,23.622252,520
509501.705300,6944429.856000,23.365056,525
509501.705300,6944429.856000,23.103977,530
509501.705300,6944429.856000,22.839015,535
509501.705300,6944429.856000,22.571483,540
509501.705300,6944429.856000,22.300090,545
509501.705300,6944429.856000,21.747159,555
509501.705300,6944429.856000,21.466037,560
509501.705300,6944429.856000,21.183616,565
509501.705300,6944429.856000,20.895989,570
509501.705300,6944429.856000,20.598689,575
509501.705300,6944429.856000,20.297850,580
509501.705300,6944429.856000,19.994916,585
509501.705300,6944429.856000,19.670816,590
509501.705300,6944429.856000,19.338771,595
509501.705300,6944429.856000,18.631293,605
509501.705300,6944429.856000,18.240560,610
509501.705300,6944429.856000,17.824336,615
509501.705300,6944429.856000,17.379258,620
509501.705300,6944429.856000,16.895318,625
509501.705300,6944429.856000,16.384788,630
509501.705300,6944429.856000,15.851067,635
509501.705300,6944429.856000,15.330635,640
509501.705300,6944429.856000,14.841256,645
509501.705300,6944429.856000,14.013370,655
509501.705300,6944429.856000,13.666983,660
509501.705300,6944429.856000,13.361498,665
509501.705300,6944429.856000,13.093099,670
509501.705300,6944429.856000,12.842471,675
509501.705300,6944429.856000,12.601281,680
509501.705300,6944429.856000,12.390270,685
509501.705300,6944429.856000,12.201107,690
509501.705300,6944429.856000,12.011944,695
509501.705300,6944429.856000,11.672356,705
509501.705300,6944429.856000,11.503194,710
509501.705300,6944429.856000,11.360957,715
509501.705300,6944429.856000,11.219238,720
509501.705300,6944429.856000,11.077519,725
509501.705300,6944429.856000,10.942924,730
509501.705300,6944429.856000,10.816930,735
509501.705300,6944429.856000,10.690937,740
509501.705300,6944429.856000,10.564943,745
509501.705300,6944429.856000,10.332857,755
509501.705300,6944429.856000,10.220268,760
509501.705300,6944429.856000,10.107680,765
509501.705300,6944429.856000,9.995593,770
509501.705300,6944429.856000,9.894515,775
509501.705300,6944429.856000,9.793437,780
509501.705300,6944429.856000,9.692359,785
509501.705300,6944429.856000,9.591280,790
509501.705300,6944429.856000,9.490842,795
509501.705300,6944429.856000,9.301894,805
509501.705300,6944429.856000,9.207419,810
509501.705300,6944429.856000,9.112945,815
509501.705300,6944429.856000,9.018471,820
509501.705300,6944429.856000,8.929149,825
509501.705300,6944429.856000,8.841078,830
509501.705300,6944429.856000,8.753008,835
509501.705300,6944429.856000,8.664938,840
509501.705300,6944429.856000,8.576868,845
509501.705300,6944429.856000,8.405160,855
509501.705300,6944429.856000,8.321022,860
509501.705300,6944429.856000,8.236885,865
509501.705300,6944429.856000,8.152747,870
509501.705300,6944429.856000,8.068609,875
509501.705300,6944429.856000,7.984209,880
509501.705300,6944429.856000,7.898650,885
509501.705300,6944429.856000,7.813090,890
509501.705300,6944429.856000,7.727531,895
509501.705300,6944429.856000,7.556411,905
509501.705300,6944429.856000,7.471926,910
509501.705300,6944429.856000,7.389518,915
509501.705300,6944429.856000,7.307111,920
509501.705300,6944429.856000,7.224703,925
509501.705300,6944429.856000,7.142296,930
509501.705300,6944429.856000,7.059888,935
509501.705300,6944429.856000,6.973272,940
509501.705300,6944429.856000,6.875462,945
509501.705300,6944429.856000,6.679842,955
509501.705300,6944429.856000,6.582032,960
509501.705300,6944429.856000,6.484200,965
509501.705300,6944429.856000,6.386258,970
509501.705300,6944429.856000,6.288316,975
509501.705300,6944429.856000,6.190373,980
509501.705300,6944429.856000,6.092431,985
509501.705300,6944429.856000,5.989447,990
509501.705300,6944429.856000,5.801908,995
509501.705300,6944429.856000,5.224726,1005
509501.712400,6944429.861000,11.500000,710
509501.731200,6944429.875000,12.000000,695
509501.732700,6944429.876000,14.000000,655
509501.743600,6944429.884000,9.000000,820
509501.774100,6944429.905000,34.000000,280
509501.786900,6944429.915000,33.000000,270
509501.794800,6944429.920000,22.000000,555
509501.808100,6944429.930000,5.500000,1005
509501.810100,6944429.931000,7.500000,905
509501.811400,6944429.932000,7.000000,935
509501.815800,6944429.935000,33.500000,275
509501.819500,6944429.938000,32.000000,265
509501.820300,6944429.939000,25.000000,490
509501.821100,6944429.939000,6.500000,960
509501.831400,6944429.947000,6.000000,985
509501.840500,6944429.953000,8.000000,875
509501.854500,6944429.963000,10.500000,745
509501.863700,6944429.970000,32.500000,265
509501.870100,6944429.974000,8.500000,845
509501.871300,6944429.975000,30.500000,285
509501.871600,6944429.975000,5.000000,1005
509501.875400,6944429.978000,11.000000,725
509501.899700,6944429.995000,13.000000,670
509501.913000,6944430.005000,9.500000,790
509501.913200,6944430.005000,22.500000,540
509501.915900,6944430.007000,12.500000,680
509501.929300,6944430.017000,24.500000,505
509501.935400,6944430.021000,31.000000,275
509501.937800,6944430.023000,10.000000,765
509501.939500,6944430.024000,9.000000,815
509501.957500,6944430.037000,7.000000,930
509501.959200,6944430.038000,6.500000,955
509501.965000,6944430.042000,6.000000,980
509501.969000,6944430.045000,7.500000,905
509501.976500,6944430.050000,5.500000,995
509501.979700,6944430.053000,27.000000,430
509501.988400,6944430.059000,23.000000,530
509501.999300,6944430.067000,29.000000,345
509502.006200,6944430.072000,8.000000,870
509502.014400,6944430.078000,23.500000,520
509502.016800,6944430.079000,31.500000,265
509502.020900,6944430.082000,24.000000,510
509502.022000,6944430.083000,13.500000,660
509502.059000,6944430.109000,8.500000,840
509502.063500,6944430.113000,34.500000,280
509502.089800,6944430.131000,11.500000,705
509502.097300,6944430.137000,6.500000,955
509502.098600,6944430.138000,6.000000,975
509502.103500,6944430.141000,7.000000,925
509502.105100,6944430.142000,25.500000,475
509502.111900,6944430.147000,30.089139,305
509502.111900,6944430.147000,28.895584,355
509502.111900,6944430.147000,27.756827,405
509502.111900,6944430.147000,26.383394,455
509502.111900,6944430.147000,24.429565,505
509502.111900,6944430.147000,21.904247,555
509502.111900,6944430.147000,18.938550,605
509502.111900,6944430.147000,14.214781,655
509502.111900,6944430.147000,11.664073,705
509502.111900,6944430.147000,10.273625,755
509502.111900,6944430.147000,9.212646,805
509502.111900,6944430.147000,8.297946,855
509502.111900,6944430.147000,7.423057,905
509502.111900,6944430.147000,6.489431,955
509502.111900,6944430.147000,5.115121,1005
509502.111900,6944430.147000,32.906410,265
509502.111900,6944430.147000,31.469338,265
509502.111900,6944430.147000,33.404354,270
509502.111900,6944430.147000,31.206423,270
509502.111900,6944430.147000,33.945572,275
509502.111900,6944430.147000,30.948688,275
509502.111900,6944430.147000,30.709878,280
509502.111900,6944430.147000,30.484052,285
509502.111900,6944430.147000,30.352414,290
509502.111900,6944430.147000,30.220776,295
509502.111900,6944430.147000,29.958619,305
509502.111900,6944430.147000,29.830444,310
509502.111900,6944430.147000,29.702269,315
509502.111900,6944430.147000,29.574093,320
509502.111900,6944430.147000,29.452741,325
509502.111900,6944430.147000,29.340736,330
509502.111900,6944430.147000,29.228731,335
509502.111900,6944430.147000,29.116727,340
509502.111900,6944430.147000,29.004722,345
509502.111900,6944430.147000,28.786572,355
509502.111900,6944430.147000,28.677560,360
509502.111900,6944430.147000,28.568548,365
509502.111900,6944430.147000,28.457106,370
509502.111900,6944430.147000,28.341548,375
509502.111900,6944430.147000,28.225990,380
509502.111900,6944430.147000,28.110432,385
509502.111900,6944430.147000,27.994724,390
509502.111900,6944430.147000,27.875776,395
509502.111900,6944430.147000,27.637879,405
509502.111900,6944430.147000,27.518931,410
509502.111900,6944430.147000,27.387914,415
509502.111900,6944430.147000,27.254612,420
509502.111900,6944430.147000,27.121311,425
509502.111900,6944430.147000,26.986663,430
509502.111900,6944430.147000,26.838390,435
509502.111900,6944430.147000,26.690116,440
509502.111900,6944430.147000,26.541843,445
509502.111900,6944430.147000,26.220945,455
509502.111900,6944430.147000,26.058497,460
509502.111900,6944430.147000,25.878336,465
509502.111900,6944430.147000,25.688210,470
509502.111900,6944430.147000,25.498004,475
509502.111900,6944430.147000,25.300040,480
509502.111900,6944430.147000,25.102076,485
509502.111900,6944430.147000,24.888927,490
509502.111900,6944430.147000,24.659613,495
509502.111900,6944430.147000,24.197835,505
509502.111900,6944430.147000,23.963322,510
509502.111900,6944430.147000,23.712564,515
509502.111900,6944430.147000,23.461511,520
509502.111900,6944430.147000,23.208814,525
509502.111900,6944430.147000,22.954737,530
509502.111900,6944430.147000,22.694086,535
509502.111900,6944430.147000,22.432825,540
509502.111900,6944430.147000,22.169788,545
509502.111900,6944430.147000,21.634145,555
509502.111900,6944430.147000,21.362308,560
509502.111900,6944430.147000,21.088759,565
509502.111900,6944430.147000,20.805979,570
509502.111900,6944430.147000,20.518763,575
509502.111900,6944430.147000,20.224662,580
509502.111900,6944430.147000,19.924748,585
509502.111900,6944430.147000,19.607702,590
509502.111900,6944430.147000,19.278617,595
509502.111900,6944430.147000,18.574953,605
509502.111900,6944430.147000,18.179987,610
509502.111900,6944430.147000,17.756884,615
509502.111900,6944430.147000,17.298340,620
509502.111900,6944430.147000,16.801572,625
509502.111900,6944430.147000,16.265597,630
509502.111900,6944430.147000,15.708612,635
509502.111900,6944430.147000,15.162674,640
509502.111900,6944430.147000,14.653862,645
509502.111900,6944430.147000,13.820841,655
509502.111900,6944430.147000,13.460939,660
509502.111900,6944430.147000,13.176672,665
509502.111900,6944430.147000,12.904778,670
509502.111900,6944430.147000,12.653202,675
509502.111900,6944430.147000,12.420635,680
509502.111900,6944430.147000,12.217671,685
509502.111900,6944430.147000,12.014708,690
509502.111900,6944430.147000,11.838351,695
509502.111900,6944430.147000,11.491122,705
509502.111900,6944430.147000,11.339503,710
509502.111900,6944430.147000,11.187884,715
509502.111900,6944430.147000,11.036264,720
509502.111900,6944430.147000,10.901746,725
509502.111900,6944430.147000,10.772603,730
509502.111900,6944430.147000,10.643460,735
509502.111900,6944430.147000,10.514317,740
509502.111900,6944430.147000,10.393455,745
509502.111900,6944430.147000,10.153795,755
509502.111900,6944430.147000,10.033965,760
509502.111900,6944430.147000,9.926151,765
509502.111900,6944430.147000,9.823090,770
509502.111900,6944430.147000,9.720029,775
509502.111900,6944430.147000,9.616969,780
509502.111900,6944430.147000,9.513908,785
509502.111900,6944430.147000,9.413238,790
509502.111900,6944430.147000,9.312942,795
509502.111900,6944430.147000,9.112349,805
509502.111900,6944430.147000,9.012053,810
509502.111900,6944430.147000,8.921436,815
509502.111900,6944430.147000,8.832142,820
509502.111900,6944430.147000,8.742848,825
509502.111900,6944430.147000,8.653553,830
509502.111900,6944430.147000,8.564259,835
509502.111900,6944430.147000,8.475157,840
509502.111900,6944430.147000,8.386552,845
509502.111900,6944430.147000,8.209340,855
509502.111900,6944430.147000,8.120734,860
509502.111900,6944430.147000,8.032129,865
509502.111900,6944430.147000,7.944463,870
509502.111900,6944430.147000,7.857332,875
509502.111900,6944430.147000,7.770201,880
509502.111900,6944430.147000,7.683071,885
509502.111900,6944430.147000,7.595940,890
509502.111900,6944430.147000,7.508809,895
509502.111900,6944430.147000,7.337459,905
509502.111900,6944430.147000,7.251862,910
509502.111900,6944430.147000,7.166265,915
509502.111900,6944430.147000,7.080668,920
509502.111900,6944430.147000,6.994185,925
509502.111900,6944430.147000,6.893211,930
509502.111900,6944430.147000,6.792237,935
509502.111900,6944430.147000,6.691263,940
509502.111900,6944430.147000,6.590289,945
509502.111900,6944430.147000,6.389556,955
509502.111900,6944430.147000,6.289682,960
509502.111900,6944430.147000,6.189807,965
509502.111900,6944430.147000,6.089933,970
509502.111900,6944430.147000,5.984898,975
509502.111900,6944430.147000,5.833191,980
509502.111900,6944430.147000,5.681484,985
509502.111900,6944430.147000,5.529777,990
509502.111900,6944430.147000,5.328501,995
509502.129900,6944430.160000,7.500000,895
509502.139000,6944430.167000,12.000000,690
509502.139500,6944430.167000,9.000000,810
509502.141700,6944430.169000,5.500000,990
509502.143000,6944430.170000,10.500000,740
509502.143800,6944430.170000,9.500000,785
509502.152800,6944430.177000,34.000000,275
509502.171200,6944430.190000,33.000000,265
509502.183600,6944430.199000,8.000000,865
509502.184300,6944430.199000,20.500000,575
509502.186300,6944430.201000,11.000000,720
509502.187000,6944430.201000,10.000000,760
509502.198400,6944430.209000,33.500000,270
509502.210400,6944430.218000,5.000000,1005
509502.252900,6944430.248000,6.000000,970
509502.254200,6944430.249000,6.500000,945
509502.258200,6944430.252000,8.500000,835
509502.274700,6944430.264000,7.000000,920
509502.293300,6944430.277000,5.500000,985
509502.307800,6944430.287000,7.500000,890
509502.312100,6944430.291000,14.500000,645
509502.321900,6944430.298000,32.500000,260
509502.324100,6944430.299000,15.000000,640
509502.351000,6944430.318000,18.500000,605
509502.369000,6944430.331000,9.000000,805
509502.369000,6944430.331000,12.500000,675
509502.379900,6944430.339000,9.500000,780
509502.381200,6944430.340000,8.000000,860
509502.393000,6944430.349000,5.000000,995
509502.396800,6944430.351000,13.000000,665
509502.400200,6944430.354000,26.500000,445
509502.401100,6944430.354000,14.000000,655
509502.406200,6944430.358000,32.000000,260
509502.409600,6944430.360000,6.000000,965
509502.411100,6944430.361000,15.500000,635
509502.413400,6944430.363000,6.500000,940
509502.416400,6944430.365000,26.000000,460
509502.423600,6944430.370000,10.500000,735
509502.432600,6944430.377000,11.500000,700
509502.445000,6944430.386000,5.500000,980
509502.447400,6944430.387000,7.000000,915
509502.452000,6944430.391000,10.000000,755
509502.454500,6944430.393000,21.000000,565
509502.461500,6944430.397000,8.500000,830
509502.474600,6944430.407000,25.000000,485
509502.481300,6944430.412000,34.500000,275
509502.485700,6944430.415000,7.500000,885
509502.490800,6944430.418000,27.500000,410
509502.497400,6944430.423000,11.000000,715
509502.501900,6944430.426000,16.000000,630
509502.513500,6944430.435000,12.000000,685
509502.516500,6944430.437000,19.500000,590
509502.518500,6944430.438000,30.084854,305
509502.518500,6944430.438000,28.901454,355
509502.518500,6944430.438000,27.743020,405
509502.518500,6944430.438000,26.313721,455
509502.518500,6944430.438000,24.295526,505
509502.518500,6944430.438000,21.786504,555
509502.518500,6944430.438000,18.814206,605
509502.518500,6944430.438000,13.919709,655
509502.518500,6944430.438000,11.460394,705
509502.518500,6944430.438000,10.091656,755
509502.518500,6944430.438000,9.035301,805
509502.518500,6944430.438000,8.116835,855
509502.518500,6944430.438000,7.224188,905
509502.518500,6944430.438000,6.232114,955
509502.518500,6944430.438000,32.818749,260
509502.518500,6944430.438000,31.760074,260
509502.518500,6944430.438000,33.381359,265
509502.518500,6944430.438000,31.327525,265
509502.518500,6944430.438000,33.926389,270
509502.518500,6944430.438000,31.111963,270
509502.518500,6944430.438000,30.894671,275
509502.518500,6944430.438000,30.675510,280
509502.518500,6944430.438000,30.474154,285
509502.518500,6944430.438000,30.344387,290
509502.518500,6944430.438000,30.214620,295
509502.518500,6944430.438000,29.956634,305
509502.518500,6944430.438000,29.831336,310
509502.518500,6944430.438000,29.706038,315
509502.518500,6944430.438000,29.580741,320
509502.518500,6944430.438000,29.460115,325
509502.518500,6944430.438000,29.347956,330
509502.518500,6944430.438000,29.235797,335
509502.518500,6944430.438000,29.123638,340
509502.518500,6944430.438000,29.011479,345
509502.518500,6944430.438000,28.459539,370
509502.518500,6944430.438000,28.341630,375
509502.518500,6944430.438000,28.223721,380
509502.518500,6944430.438000,28.105812,385
509502.518500,6944430.438000,27.498402,410
509502.518500,6944430.438000,27.360902,415
509502.518500,6944430.438000,27.223403,420
509502.518500,6944430.438000,27.085903,425
509502.518500,6944430.438000,26.480664,445
509502.518500,6944430.438000,26.146779,455
509502.518500,6944430.438000,25.976470,460
509502.518500,6944430.438000,25.781653,465
509502.518500,6944430.438000,25.586836,470
509502.518500,6944430.438000,25.388787,475
509502.518500,6944430.438000,25.188137,480
509502.518500,6944430.438000,24.985683,485
509502.518500,6944430.438000,24.756103,490
509502.518500,6944430.438000,24.526522,495
509502.518500,6944430.438000,24.064345,505
509502.518500,6944430.438000,23.821833,510
509502.518500,6944430.438000,23.574951,515
509502.518500,6944430.438000,23.325544,520
509502.518500,6944430.438000,23.075036,525
509502.518500,6944430.438000,22.821786,530
509502.518500,6944430.438000,22.567364,535
509502.518500,6944430.438000,22.309486,540
509502.518500,6944430.438000,22.050364,545
509502.518500,6944430.438000,21.521501,555
509502.518500,6944430.438000,21.252766,560
509502.518500,6944430.438000,20.982784,565
509502.518500,6944430.438000,20.698566,570
509502.518500,6944430.438000,20.412115,575
509502.518500,6944430.438000,20.120489,580
509502.518500,6944430.438000,19.814901,585
509502.518500,6944430.438000,19.499453,590
509502.518500,6944430.438000,19.165166,595
509502.518500,6944430.438000,18.441579,605
509502.518500,6944430.438000,18.037054,610
509502.518500,6944430.438000,17.606273,615
509502.518500,6944430.438000,17.110508,620
509502.518500,6944430.438000,16.596322,625
509502.518500,6944430.438000,15.988750,630
509502.518500,6944430.438000,15.420864,635
509502.518500,6944430.438000,14.856283,640
509502.518500,6944430.438000,14.355413,645
509502.518500,6944430.438000,13.538149,655
509502.518500,6944430.438000,13.224686,660
509502.518500,6944430.438000,12.930553,665
509502.518500,6944430.438000,12.668967,670
509502.518500,6944430.438000,12.424373,675
509502.518500,6944430.438000,12.210779,680
509502.518500,6944430.438000,11.997612,685
509502.518500,6944430.438000,11.816515,690
509502.518500,6944430.438000,11.635417,695
509502.518500,6944430.438000,11.303378,705
509502.518500,6944430.438000,11.146362,710
509502.518500,6944430.438000,10.990903,715
509502.518500,6944430.438000,10.856844,720
509502.518500,6944430.438000,10.722784,725
509502.518500,6944430.438000,10.588724,730
509502.518500,6944430.438000,10.458632,735
509502.518500,6944430.438000,10.336307,740
509502.518500,6944430.438000,10.213981,745
509502.518500,6944430.438000,9.973120,755
509502.518500,6944430.438000,9.865911,760
509502.518500,6944430.438000,9.758702,765
509502.518500,6944430.438000,9.651493,770
509502.518500,6944430.438000,9.544284,775
509502.518500,6944430.438000,9.440537,780
509502.518500,6944430.438000,9.339228,785
509502.518500,6944430.438000,9.237919,790
509502.518500,6944430.438000,9.136610,795
509502.518500,6944430.438000,8.939346,805
509502.518500,6944430.438000,8.846255,810
509502.518500,6944430.438000,8.753163,815
509502.518500,6944430.438000,8.660072,820
509502.518500,6944430.438000,8.566981,825
509502.518500,6944430.438000,8.474893,830
509502.518500,6944430.438000,8.385378,835
509502.518500,6944430.438000,8.295864,840
509502.518500,6944430.438000,8.206350,845
509502.518500,6944430.438000,8.027321,855
509502.518500,6944430.438000,7.936956,860
509502.518500,6944430.438000,7.846218,865
509502.518500,6944430.438000,7.755481,870
509502.518500,6944430.438000,7.664743,875
509502.518500,6944430.438000,7.574005,880
509502.518500,6944430.438000,7.484028,885
509502.518500,6944430.438000,7.397414,890
509502.518500,6944430.438000,7.310801,895
509502.518500,6944430.438000,7.137574,905
509502.518500,6944430.438000,7.050961,910
509502.518500,6944430.438000,6.956686,915
509502.518500,6944430.438000,6.851461,920
509502.518500,6944430.438000,6.746236,925
509502.518500,6944430.438000,6.641011,930
509502.518500,6944430.438000,6.535786,935
509502.518500,6944430.438000,6.433539,940
509502.518500,6944430.438000,6.332827,945
509502.518500,6944430.438000,6.131402,955
509502.518500,6944430.438000,6.030690,960
509502.518500,6944430.438000,5.891723,965
509502.518500,6944430.438000,5.735990,970
509502.518500,6944430.438000,5.580257,975
509502.518500,6944430.438000,5.413382,980
509502.518500,6944430.438000,5.234661,985
509502.518500,6944430.438000,5.055939,990
509502.565300,6944430.472000,5.000000,990
509502.566200,6944430.472000,6.000000,960
509502.571500,6944430.476000,13.500000,655
509502.573700,6944430.478000,34.000000,270
509502.576300,6944430.480000,6.500000,935
509502.578900,6944430.482000,8.000000,855
509502.595200,6944430.493000,21.500000,555
509502.598500,6944430.496000,5.500000,975
509502.599500,6944430.496000,9.000000,805
509502.599900,6944430.497000,24.500000,495
509502.619800,6944430.511000,7.000000,910
509502.621700,6944430.512000,33.500000,265
509502.622800,6944430.513000,9.500000,775
509502.625800,6944430.515000,18.000000,610
509502.626200,6944430.515000,33.000000,260
509502.671400,6944430.548000,7.500000,880
509502.673400,6944430.549000,8.500000,825
509502.690000,6944430.561000,22.000000,545
509502.692500,6944430.563000,16.500000,625
509502.710400,6944430.576000,24.000000,505
509502.714700,6944430.579000,5.000000,985
509502.715900,6944430.580000,10.500000,730
509502.722900,6944430.585000,6.000000,955
509502.727500,6944430.588000,10.000000,755
509502.734700,6944430.593000,22.500000,535
509502.739600,6944430.597000,23.500000,515
509502.744700,6944430.600000,17.000000,620
509502.746100,6944430.601000,6.500000,930
509502.747700,6944430.602000,23.000000,525
509502.753700,6944430.607000,5.500000,970
509502.776700,6944430.623000,8.000000,855
509502.778300,6944430.624000,31.500000,260
509502.780100,6944430.626000,17.500000,615
509502.782800,6944430.627000,11.500000,695
509502.792100,6944430.634000,7.000000,905
509502.798700,6944430.639000,12.500000,670
509502.832100,6944430.663000,9.000000,795
509502.835500,6944430.665000,11.000000,710
509502.840900,6944430.669000,32.500000,255
509502.858800,6944430.682000,7.500000,875
509502.864100,6944430.686000,5.000000,980
509502.867200,6944430.688000,25.500000,470
509502.875400,6944430.694000,9.500000,770
509502.879500,6944430.697000,6.000000,950
509502.888600,6944430.703000,8.500000,820
509502.892200,6944430.706000,13.000000,660
509502.903900,6944430.714000,34.500000,270
509502.908900,6944430.718000,5.500000,965
509502.916000,6944430.723000,6.500000,925
509502.925100,6944430.729000,30.080140,305
509502.925100,6944430.729000,28.907325,355
509502.925100,6944430.729000,27.729213,405
509502.925100,6944430.729000,26.244199,455
509502.925100,6944430.729000,24.160123,505
509502.925100,6944430.729000,21.669789,555
509502.925100,6944430.729000,18.692129,605
509502.925100,6944430.729000,13.641342,655
509502.925100,6944430.729000,11.276583,705
509502.925100,6944430.729000,9.921505,755
509502.925100,6944430.729000,8.866184,805
509502.925100,6944430.729000,7.930546,855
509502.925100,6944430.729000,7.020416,905
509502.925100,6944430.729000,5.954341,955
509502.925100,6944430.729000,32.649052,255
509502.925100,6944430.729000,32.296549,255
509502.925100,6944430.729000,33.341109,260
509502.925100,6944430.729000,31.475700,260
509502.925100,6944430.729000,33.904845,265
509502.925100,6944430.729000,31.260428,265
509502.925100,6944430.729000,31.045157,270
509502.925100,6944430.729000,30.841449,275
509502.925100,6944430.729000,30.640810,280
509502.925100,6944430.729000,30.462041,285
509502.925100,6944430.729000,30.334741,290
509502.925100,6944430.729000,30.207440,295
509502.925100,6944430.729000,29.954648,305
509502.925100,6944430.729000,29.832228,310
509502.925100,6944430.729000,29.709808,315
509502.925100,6944430.729000,29.587388,320
509502.925100,6944430.729000,29.467831,325
509502.925100,6944430.729000,29.355418,330
509502.925100,6944430.729000,29.243004,335
509502.925100,6944430.729000,29.130590,340
509502.925100,6944430.729000,29.018177,345
509502.925100,6944430.729000,28.796773,355
509502.925100,6944430.729000,28.686222,360
509502.925100,6944430.729000,28.575671,365
509502.925100,6944430.729000,28.462057,370
509502.925100,6944430.729000,28.341799,375
509502.925100,6944430.729000,28.221540,380
509502.925100,6944430.729000,28.101282,385
509502.925100,6944430.729000,27.980197,390
509502.925100,6944430.729000,27.854705,395
509502.925100,6944430.729000,27.603721,405
509502.925100,6944430.729000,27.475437,410
509502.925100,6944430.729000,27.333849,415
509502.925100,6944430.729000,27.192262,420
509502.925100,6944430.729000,27.050675,425
509502.925100,6944430.729000,26.898209,430
509502.925100,6944430.729000,26.739680,435
509502.925100,6944430.729000,26.581151,440
509502.925100,6944430.729000,26.416097,445
509502.925100,6944430.729000,26.072301,455
509502.925100,6944430.729000,25.884374,460
509502.925100,6944430.729000,25.684812,465
509502.925100,6944430.729000,25.484888,470
509502.925100,6944430.729000,25.280417,475
509502.925100,6944430.729000,25.075947,480
509502.925100,6944430.729000,24.854957,485
509502.925100,6944430.729000,24.624205,490
509502.925100,6944430.729000,24.392639,495
509502.925100,6944430.729000,23.924310,505
509502.925100,6944430.729000,23.681204,510
509502.925100,6944430.729000,23.437065,515
509502.925100,6944430.729000,23.189900,520
509502.925100,6944430.729000,22.942035,525
509502.925100,6944430.729000,22.691852,530
509502.925100,6944430.729000,22.440727,535
509502.925100,6944430.729000,22.186502,540
509502.925100,6944430.729000,21.930539,545
509502.925100,6944430.729000,21.407716,555
509502.925100,6944430.729000,21.143174,560
509502.925100,6944430.729000,20.871322,565
509502.925100,6944430.729000,20.590847,570
509502.925100,6944430.729000,20.305102,575
509502.925100,6944430.729000,20.016833,580
509502.925100,6944430.729000,19.704995,585
509502.925100,6944430.729000,19.384843,590
509502.925100,6944430.729000,19.051720,595
509502.925100,6944430.729000,18.305818,605
509502.925100,6944430.729000,17.885958,610
509502.925100,6944430.729000,17.429610,615
509502.925100,6944430.729000,16.907192,620
509502.925100,6944430.729000,16.344214,625
509502.925100,6944430.729000,15.724913,630
509502.925100,6944430.729000,15.116427,635
509502.925100,6944430.729000,14.536515,640
509502.925100,6944430.729000,14.070133,645
509502.925100,6944430.729000,13.292044,655
509502.925100,6944430.729000,12.981806,660
509502.925100,6944430.729000,12.699848,665
509502.925100,6944430.729000,12.436724,670
509502.925100,6944430.729000,12.219441,675
509502.925100,6944430.729000,12.002158,680
509502.925100,6944430.729000,11.808675,685
509502.925100,6944430.729000,11.615431,690
509502.925100,6944430.729000,11.435863,695
509502.925100,6944430.729000,11.117303,705
509502.925100,6944430.729000,10.963011,710
509502.925100,6944430.729000,10.822657,715
509502.925100,6944430.729000,10.682302,720
509502.925100,6944430.729000,10.541947,725
509502.925100,6944430.729000,10.412201,730
509502.925100,6944430.729000,10.286977,735
509502.925100,6944430.729000,10.161753,740
509502.925100,6944430.729000,10.036529,745
509502.925100,6944430.729000,9.810682,755
509502.925100,6944430.729000,9.699858,760
509502.925100,6944430.729000,9.589035,765
509502.925100,6944430.729000,9.479507,770
509502.925100,6944430.729000,9.375270,775
509502.925100,6944430.729000,9.271033,780
509502.925100,6944430.729000,9.166797,785
509502.925100,6944430.729000,9.062560,790
509502.925100,6944430.729000,8.961779,795
509502.925100,6944430.729000,8.770590,805
509502.925100,6944430.729000,8.674995,810
509502.925100,6944430.729000,8.579401,815
509502.925100,6944430.729000,8.484372,820
509502.925100,6944430.729000,8.392118,825
509502.925100,6944430.729000,8.299864,830
509502.925100,6944430.729000,8.207610,835
509502.925100,6944430.729000,8.115355,840
509502.925100,6944430.729000,8.023101,845
509502.925100,6944430.729000,7.837890,855
509502.925100,6944430.729000,7.745235,860
509502.925100,6944430.729000,7.652579,865
509502.925100,6944430.729000,7.559924,870
509502.925100,6944430.729000,7.468352,875
509502.925100,6944430.729000,7.378765,880
509502.925100,6944430.729000,7.289178,885
509502.925100,6944430.729000,7.199590,890
509502.925100,6944430.729000,7.110003,895
509502.925100,6944430.729000,6.918186,905
509502.925100,6944430.729000,6.812225,910
509502.925100,6944430.729000,6.706264,915
509502.925100,6944430.729000,6.600303,920
509502.925100,6944430.729000,6.494393,925
509502.925100,6944430.729000,6.389404,930
509502.925100,6944430.729000,6.284415,935
509502.925100,6944430.729000,6.179426,940
509502.925100,6944430.729000,6.074437,945
509502.925100,6944430.729000,5.797438,955
509502.925100,6944430.729000,5.640535,960
509502.925100,6944430.729000,5.480652,965
509502.925100,6944430.729000,5.295190,970
509502.925100,6944430.729000,5.109728,975
509502.929100,6944430.732000,12.000000,680
509502.964800,6944430.758000,14.500000,640
509502.967300,6944430.760000,7.000000,900
509502.976800,6944430.766000,8.000000,845
509502.984300,6944430.772000,20.000000,580
509502.997500,6944430.781000,34.000000,265
509503.007600,6944430.788000,10.000000,745
509503.013300,6944430.792000,14.000000,645
509503.021000,6944430.798000,10.500000,725
509503.022700,6944430.799000,5.000000,975
509503.046600,6944430.816000,6.000000,945
509503.054200,6944430.822000,15.000000,635
509503.057200,6944430.824000,7.500000,870
509503.065800,6944430.830000,33.500000,260
509503.068900,6944430.832000,9.000000,790
509503.073500,6944430.836000,5.500000,960
509503.085900,6944430.844000,19.000000,595
509503.087600,6944430.846000,32.000000,255
509503.097000,6944430.852000,6.500000,920
509503.100500,6944430.855000,13.500000,655
509503.110500,6944430.862000,33.000000,255
509503.118500,6944430.868000,8.500000,815
509503.142800,6944430.885000,9.500000,765
509503.152600,6944430.892000,7.000000,895
509503.155700,6944430.894000,11.500000,690
509503.174300,6944430.908000,11.000000,705
509503.183300,6944430.914000,8.000000,840
509503.187700,6944430.917000,5.000000,970
509503.189600,6944430.919000,31.000000,270
509503.197600,6944430.924000,25.000000,480
509503.201600,6944430.927000,15.500000,630
509503.217900,6944430.939000,6.000000,940
509503.239300,6944430.954000,5.500000,955
509503.239500,6944430.954000,20.500000,570
509503.246300,6944430.959000,12.500000,665
509503.261500,6944430.970000,7.500000,865
509503.278600,6944430.982000,6.500000,915
509503.290600,6944430.991000,10.000000,740
509503.308600,6944431.004000,9.000000,785
509503.318500,6944431.011000,24.500000,490
509503.318800,6944431.011000,26.000000,455
509503.331700,6944431.020000,30.075525,305
509503.331700,6944431.020000,28.911779,355
509503.331700,6944431.020000,27.714523,405
509503.331700,6944431.020000,26.175073,455
509503.331700,6944431.020000,24.029954,505
509503.331700,6944431.020000,21.548901,555
509503.331700,6944431.020000,18.541279,605
509503.331700,6944431.020000,13.358067,655
509503.331700,6944431.020000,11.089468,705
509503.331700,6944431.020000,9.758868,755
509503.331700,6944431.020000,8.701190,805
509503.331700,6944431.020000,7.747135,855
509503.331700,6944431.020000,6.789654,905
509503.331700,6944431.020000,5.571277,955
509503.331700,6944431.020000,33.248631,255
509503.331700,6944431.020000,31.747186,255
509503.331700,6944431.020000,33.851756,260
509503.331700,6944431.020000,31.369678,260
509503.331700,6944431.020000,34.495622,265
509503.331700,6944431.020000,31.173802,265
509503.331700,6944431.020000,30.979151,270
509503.331700,6944431.020000,30.794140,275
509503.331700,6944431.020000,30.609130,280
509503.331700,6944431.020000,30.448948,285
509503.331700,6944431.020000,30.324474,290
509503.331700,6944431.020000,30.199999,295
509503.331700,6944431.020000,29.952843,305
509503.331700,6944431.020000,29.832925,310
509503.331700,6944431.020000,29.713007,315
509503.331700,6944431.020000,29.593090,320
509503.331700,6944431.020000,29.474758,325
509503.331700,6944431.020000,29.361928,330
509503.331700,6944431.020000,29.249098,335
509503.331700,6944431.020000,29.136268,340
509503.331700,6944431.020000,29.023438,345
509503.331700,6944431.020000,28.800428,355
509503.331700,6944431.020000,28.689077,360
509503.331700,6944431.020000,28.577725,365
509503.331700,6944431.020000,28.463007,370
509503.331700,6944431.020000,28.340505,375
509503.331700,6944431.020000,28.218003,380
509503.331700,6944431.020000,28.095502,385
509503.331700,6944431.020000,27.971663,390
509503.331700,6944431.020000,27.843093,395
509503.331700,6944431.020000,27.585953,405
509503.331700,6944431.020000,27.451820,410
509503.331700,6944431.020000,27.306466,415
509503.331700,6944431.020000,27.161113,420
509503.331700,6944431.020000,27.015759,425
509503.331700,6944431.020000,26.854366,430
509503.331700,6944431.020000,26.691022,435
509503.331700,6944431.020000,26.527677,440
509503.331700,6944431.020000,26.352575,445
509503.331700,6944431.020000,25.997216,455
509503.331700,6944431.020000,25.793765,460
509503.331700,6944431.020000,25.590314,465
509503.331700,6944431.020000,25.382846,470
509503.331700,6944431.020000,25.172171,475
509503.331700,6944431.020000,24.957787,480
509503.331700,6944431.020000,24.726812,485
509503.331700,6944431.020000,24.495803,490
509503.331700,6944431.020000,24.262879,495
509503.331700,6944431.020000,23.788106,505
509503.331700,6944431.020000,23.544941,510
509503.331700,6944431.020000,23.301492,515
509503.331700,6944431.020000,23.057980,520
509503.331700,6944431.020000,22.810596,525
509503.331700,6944431.020000,22.562001,530
509503.331700,6944431.020000,22.312722,535
509503.331700,6944431.020000,22.063215,540
509503.331700,6944431.020000,21.807168,545
509503.331700,6944431.020000,21.288633,555
509503.331700,6944431.020000,21.027898,560
509503.331700,6944431.020000,20.751675,565
509503.331700,6944431.020000,20.472912,570
509503.331700,6944431.020000,20.187625,575
509503.331700,6944431.020000,19.892522,580
509503.331700,6944431.020000,19.578563,585
509503.331700,6944431.020000,19.252144,590
509503.331700,6944431.020000,18.912035,595
509503.331700,6944431.020000,18.128062,605
509503.331700,6944431.020000,17.689395,610
509503.331700,6944431.020000,17.187809,615
509503.331700,6944431.020000,16.639849,620
509503.331700,6944431.020000,16.029214,625
509503.331700,6944431.020000,15.386700,630
509503.331700,6944431.020000,14.749570,635
509503.331700,6944431.020000,14.216546,640
509503.331700,6944431.020000,13.751974,645
509503.331700,6944431.020000,13.035435,655
509503.331700,6944431.020000,12.738469,660
509503.331700,6944431.020000,12.457254,665
509503.331700,6944431.020000,12.230282,670
509503.331700,6944431.020000,12.003309,675
509503.331700,6944431.020000,11.805234,680
509503.331700,6944431.020000,11.607586,685
509503.331700,6944431.020000,11.423822,690
509503.331700,6944431.020000,11.256645,695
509503.331700,6944431.020000,10.933531,705
509503.331700,6944431.020000,10.790535,710
509503.331700,6944431.020000,10.647540,715
509503.331700,6944431.020000,10.504544,720
509503.331700,6944431.020000,10.373369,725
509503.331700,6944431.020000,10.242581,730
509503.331700,6944431.020000,10.111794,735
509503.331700,6944431.020000,9.983676,740
509503.331700,6944431.020000,9.871272,745
509503.331700,6944431.020000,9.646463,755
509503.331700,6944431.020000,9.534059,760
509503.331700,6944431.020000,9.424250,765
509503.331700,6944431.020000,9.315569,770
509503.331700,6944431.020000,9.206888,775
509503.331700,6944431.020000,9.098207,780
509503.331700,6944431.020000,8.990700,785
509503.331700,6944431.020000,8.894197,790
509503.331700,6944431.020000,8.797693,795
509503.331700,6944431.020000,8.604687,805
509503.331700,6944431.020000,8.508184,810
509503.331700,6944431.020000,8.411947,815
509503.331700,6944431.020000,8.315735,820
509503.331700,6944431.020000,8.219523,825
509503.331700,6944431.020000,8.123310,830
509503.331700,6944431.020000,8.027098,835
509503.331700,6944431.020000,7.933178,840
509503.331700,6944431.020000,7.840156,845
509503.331700,6944431.020000,7.654114,855
509503.331700,6944431.020000,7.561092,860
509503.331700,6944431.020000,7.468080,865
509503.331700,6944431.020000,7.375084,870
509503.331700,6944431.020000,7.282088,875
509503.331700,6944431.020000,7.189091,880
509503.331700,6944431.020000,7.096095,885
509503.331700,6944431.020000,7.003099,890
509503.331700,6944431.020000,6.896609,895
509503.331700,6944431.020000,6.682699,905
509503.331700,6944431.020000,6.575743,910
509503.331700,6944431.020000,6.468474,915
509503.331700,6944431.020000,6.360444,920
509503.331700,6944431.020000,6.252414,925
509503.331700,6944431.020000,6.144384,930
509503.331700,6944431.020000,6.036353,935
509503.331700,6944431.020000,5.893203,940
509503.331700,6944431.020000,5.732240,945
509503.331700,6944431.020000,5.396236,955
509503.331700,6944431.020000,5.210006,960
509503.331700,6944431.020000,5.023777,965
509503.335100,6944431.023000,34.500000,265
509503.336700,6944431.024000,12.000000,675
509503.340800,6944431.027000,7.000000,890
509503.341900,6944431.028000,10.500000,720
509503.352400,6944431.035000,16.000000,625
509503.356300,6944431.038000,8.500000,810
509503.362500,6944431.042000,5.000000,965
509503.371600,6944431.049000,13.000000,655
509503.393300,6944431.064000,18.500000,600
509503.405600,6944431.073000,21.000000,560
509503.412600,6944431.078000,8.000000,835
509503.421000,6944431.084000,6.000000,935
509503.424200,6944431.087000,9.500000,760
509503.443600,6944431.100000,24.000000,500
509503.446900,6944431.103000,32.500000,250
509503.447200,6944431.103000,5.500000,950
509503.454400,6944431.108000,16.500000,620
509503.458100,6944431.111000,34.000000,260
509503.465200,6944431.116000,21.500000,550
509503.480500,6944431.127000,19.500000,585
509503.486700,6944431.131000,23.500000,510
509503.495400,6944431.138000,18.000000,605
509503.503400,6944431.143000,14.500000,635
509503.505600,6944431.145000,17.000000,615
509503.508100,6944431.147000,11.000000,700
509503.510500,6944431.148000,14.000000,640
509503.514200,6944431.151000,7.500000,860
509503.516900,6944431.153000,11.500000,685
509503.520000,6944431.155000,27.000000,425
509503.521200,6944431.156000,6.500000,910
509503.523700,6944431.158000,22.500000,530
509503.524400,6944431.158000,22.000000,540
509503.524700,6944431.158000,23.000000,520
509503.549300,6944431.176000,13.500000,645
509503.550600,6944431.177000,17.500000,610
509503.571900,6944431.192000,26.500000,440
509503.582200,6944431.200000,15.000000,630
509503.585600,6944431.202000,33.500000,255
509503.600500,6944431.213000,10.000000,735
509503.602600,6944431.214000,9.000000,780
509503.603800,6944431.215000,5.000000,960
509503.614600,6944431.223000,7.000000,885
509503.624400,6944431.230000,12.500000,660
509503.647200,6944431.246000,8.500000,805
509503.663600,6944431.258000,10.500000,715
509503.683300,6944431.272000,12.000000,670
509503.686300,6944431.274000,6.000000,930
509503.690700,6944431.277000,15.500000,625
509503.692000,6944431.278000,33.000000,250
509503.700000,6944431.284000,8.000000,830
509503.708200,6944431.290000,5.500000,945
509503.729500,6944431.305000,9.500000,755
509503.734900,6944431.309000,13.000000,650
509503.738200,6944431.311000,33.044724,250
509503.738200,6944431.311000,32.320149,250
509503.738200,6944431.311000,33.678393,255
509503.738200,6944431.311000,31.575134,255
509503.738200,6944431.311000,34.359174,260
509503.738200,6944431.311000,31.334487,260
509503.738200,6944431.311000,31.148937,265
509503.738200,6944431.311000,30.964372,270
509503.738200,6944431.311000,30.783816,275
509503.738200,6944431.311000,30.603261,280
509503.738200,6944431.311000,30.446869,285
509503.738200,6944431.311000,30.322758,290
509503.738200,6944431.311000,30.198648,295
509503.738200,6944431.311000,30.074537,300
509503.738200,6944431.311000,29.952164,305
509503.738200,6944431.311000,29.832403,310
509503.738200,6944431.311000,29.712642,315
509503.738200,6944431.311000,29.592881,320
509503.738200,6944431.311000,29.474495,325
509503.738200,6944431.311000,29.360861,330
509503.738200,6944431.311000,29.247226,335
509503.738200,6944431.311000,29.133592,340
509503.738200,6944431.311000,29.019957,345
509503.738200,6944431.311000,28.907386,350
509503.738200,6944431.311000,28.453631,370
509503.738200,6944431.311000,28.329566,375
509503.738200,6944431.311000,28.205501,380
509503.738200,6944431.311000,28.081437,385
509503.738200,6944431.311000,27.424619,410
509503.738200,6944431.311000,27.276895,415
509503.738200,6944431.311000,27.129171,420
509503.738200,6944431.311000,26.979125,425
509503.738200,6944431.311000,26.478832,440
509503.738200,6944431.311000,26.298323,445
509503.738200,6944431.311000,26.117813,450
509503.738200,6944431.311000,25.928137,455
509503.738200,6944431.311000,25.721233,460
509503.738200,6944431.311000,25.514330,465
509503.738200,6944431.311000,25.301871,470
509503.738200,6944431.311000,25.088999,475
509503.738200,6944431.311000,24.863161,480
509503.738200,6944431.311000,24.628006,485
509503.738200,6944431.311000,24.392386,490
509503.738200,6944431.311000,24.156211,495
509503.738200,6944431.311000,23.916960,500
509503.738200,6944431.311000,23.671699,505
509503.738200,6944431.311000,23.426362,510
509503.738200,6944431.311000,23.180845,515
509503.738200,6944431.311000,22.933642,520
509503.738200,6944431.311000,22.681725,525
509503.738200,6944431.311000,22.430255,530
509503.738200,6944431.311000,22.179940,535
509503.738200,6944431.311000,21.925786,540
509503.738200,6944431.311000,21.661817,545
509503.738200,6944431.311000,21.398464,550
509503.738200,6944431.311000,21.136089,555
509503.738200,6944431.311000,20.862667,560
509503.738200,6944431.311000,20.577340,565
509503.738200,6944431.311000,20.289686,570
509503.738200,6944431.311000,20.001166,575
509503.738200,6944431.311000,19.681321,580
509503.738200,6944431.311000,19.353031,585
509503.738200,6944431.311000,19.013866,590
509503.738200,6944431.311000,18.641155,595
509503.738200,6944431.311000,18.233649,600
509503.738200,6944431.311000,17.792065,605
509503.738200,6944431.311000,17.298186,610
509503.738200,6944431.311000,16.735696,615
509503.738200,6944431.311000,16.094524,620
509503.738200,6944431.311000,15.426363,625
509503.738200,6944431.311000,14.772073,630
509503.738200,6944431.311000,14.215841,635
509503.738200,6944431.311000,13.736774,640
509503.738200,6944431.311000,13.335430,645
509503.738200,6944431.311000,12.997329,650
509503.738200,6944431.311000,12.702065,655
509503.738200,6944431.311000,12.426835,660
509503.738200,6944431.311000,12.195038,665
509503.738200,6944431.311000,11.968391,670
509503.738200,6944431.311000,11.769071,675
509503.738200,6944431.311000,11.569752,680
509503.738200,6944431.311000,11.389886,685
509503.738200,6944431.311000,11.220493,690
509503.738200,6944431.311000,11.051100,695
509503.738200,6944431.311000,10.899273,700
509503.738200,6944431.311000,10.755033,705
509503.738200,6944431.311000,10.610793,710
509503.738200,6944431.311000,10.469440,715
509503.738200,6944431.311000,10.337650,720
509503.738200,6944431.311000,10.205860,725
509503.738200,6944431.311000,10.074070,730
509503.738200,6944431.311000,9.950335,735
509503.738200,6944431.311000,9.836935,740
509503.738200,6944431.311000,9.723536,745
509503.738200,6944431.311000,9.610137,750
509503.738200,6944431.311000,9.496857,755
509503.738200,6944431.311000,9.387598,760
509503.738200,6944431.311000,9.278340,765
509503.738200,6944431.311000,9.169081,770
509503.738200,6944431.311000,9.059823,775
509503.738200,6944431.311000,8.955981,780
509503.738200,6944431.311000,8.858695,785
509503.738200,6944431.311000,8.761409,790
509503.738200,6944431.311000,8.664123,795
509503.738200,6944431.311000,8.566837,800
509503.738200,6944431.311000,8.469790,805
509503.738200,6944431.311000,8.373266,810
509503.738200,6944431.311000,8.276743,815
509503.738200,6944431.311000,8.180219,820
509503.738200,6944431.311000,8.083695,825
509503.738200,6944431.311000,7.987525,830
509503.738200,6944431.311000,7.893660,835
509503.738200,6944431.311000,7.799795,840
509503.738200,6944431.311000,7.705930,845
509503.738200,6944431.311000,7.612065,850
509503.738200,6944431.311000,7.518200,855
509503.738200,6944431.311000,7.424727,860
509503.738200,6944431.311000,7.331349,865
509503.738200,6944431.311000,7.237970,870
509503.738200,6944431.311000,7.144592,875
509503.738200,6944431.311000,7.051214,880
509503.738200,6944431.311000,6.951352,885
509503.738200,6944431.311000,6.843615,890
509503.738200,6944431.311000,6.735877,895
509503.738200,6944431.311000,6.628140,900
509503.738200,6944431.311000,6.520402,905
509503.738200,6944431.311000,6.412177,910
509503.738200,6944431.311000,6.303837,915
509503.738200,6944431.311000,6.195498,920
509503.738200,6944431.311000,6.087158,925
509503.738200,6944431.311000,5.968267,930
509503.738200,6944431.311000,5.805953,935
509503.738200,6944431.311000,5.643640,940
509503.738200,6944431.311000,5.477511,945
509503.738200,6944431.311000,5.282033,950
509503.738200,6944431.311000,5.086555,955
509503.738200,6944431.311000,27.694312,405
509503.740800,6944431.313000,20.000000,575
509503.761600,6944431.328000,19.000000,590
509503.789500,6944431.348000,6.500000,905
509503.792800,6944431.350000,7.500000,855
509503.799900,6944431.355000,16.000000,620
509503.815900,6944431.367000,25.500000,465
509503.840400,6944431.384000,11.000000,695
509503.845000,6944431.388000,34.500000,260
509503.857500,6944431.397000,11.500000,680
509503.865200,6944431.402000,5.000000,955
509503.889100,6944431.419000,7.000000,880
509503.904700,6944431.431000,9.000000,775
509503.908700,6944431.433000,14.000000,635
509503.916500,6944431.439000,14.500000,630
509503.918300,6944431.440000,10.000000,730
509503.919500,6944431.441000,20.500000,565
509503.929900,6944431.449000,16.500000,615
509503.936100,6944431.453000,13.500000,640
509503.940800,6944431.456000,8.500000,800
509503.947600,6944431.461000,18.500000,595
509503.951700,6944431.464000,6.000000,925
509503.972400,6944431.479000,5.500000,940
509503.985100,6944431.488000,12.500000,655
509503.988000,6944431.490000,8.000000,825
509503.988300,6944431.490000,10.500000,710
509503.997600,6944431.497000,17.000000,610
509504.006500,6944431.503000,15.000000,625
509504.007300,6944431.504000,34.000000,255
509504.023800,6944431.516000,18.000000,600
509504.039300,6944431.527000,12.000000,665
509504.039600,6944431.527000,9.500000,750
509504.060100,6944431.542000,6.500000,905
509504.061300,6944431.543000,17.500000,605
509504.074100,6944431.552000,7.500000,850
509504.083000,6944431.558000,19.500000,580
509504.088500,6944431.562000,31.500000,255
509504.095100,6944431.567000,21.000000,555
509504.116400,6944431.582000,13.000000,645
509504.126700,6944431.589000,15.500000,620
509504.144800,6944431.602000,33.464348,250
509504.144800,6944431.602000,32.075299,250
509504.144800,6944431.602000,34.182214,255
509504.144800,6944431.602000,31.496819,255
509504.144800,6944431.602000,31.313718,260
509504.144800,6944431.602000,31.130617,265
509504.144800,6944431.602000,30.949530,270
509504.144800,6944431.602000,30.773456,275
509504.144800,6944431.602000,30.597382,280
509504.144800,6944431.602000,30.444705,285
509504.144800,6944431.602000,30.320982,290
509504.144800,6944431.602000,30.197260,295
509504.144800,6944431.602000,30.073537,300
509504.144800,6944431.602000,29.831881,310
509504.144800,6944431.602000,29.592673,320
509504.144800,6944431.602000,29.474232,325
509504.144800,6944431.602000,29.359796,330
509504.144800,6944431.602000,29.245360,335
509504.144800,6944431.602000,29.130924,340
509504.144800,6944431.602000,29.016488,345
509504.144800,6944431.602000,28.902994,350
509504.144800,6944431.602000,28.444202,370
509504.144800,6944431.602000,28.318604,375
509504.144800,6944431.602000,28.193005,380
509504.144800,6944431.602000,28.067407,385
509504.144800,6944431.602000,27.397362,410
509504.144800,6944431.602000,27.247319,415
509504.144800,6944431.602000,27.097275,420
509504.144800,6944431.602000,26.427623,440
509504.144800,6944431.602000,26.244052,445
509504.144800,6944431.602000,26.060481,450
509504.144800,6944431.602000,25.858973,455
509504.144800,6944431.602000,25.648651,460
509504.144800,6944431.602000,25.436591,465
509504.144800,6944431.602000,25.220339,470
509504.144800,6944431.602000,25.004088,475
509504.144800,6944431.602000,24.766311,480
509504.144800,6944431.602000,24.528120,485
509504.144800,6944431.602000,24.290358,490
509504.144800,6944431.602000,24.052653,495
509504.144800,6944431.602000,23.805773,500
509504.144800,6944431.602000,23.556282,505
509504.144800,6944431.602000,23.307838,510
509504.144800,6944431.602000,23.059698,515
509504.144800,6944431.602000,22.806662,520
509504.144800,6944431.602000,22.552075,525
509504.144800,6944431.602000,22.297623,530
509504.144800,6944431.602000,22.043206,535
509504.144800,6944431.602000,21.779404,540
509504.144800,6944431.602000,21.513682,545
509504.144800,6944431.602000,21.247230,550
509504.144800,6944431.602000,20.979172,555
509504.144800,6944431.602000,20.691019,560
509504.144800,6944431.602000,20.400579,565
509504.144800,6944431.602000,20.105640,570
509504.144800,6944431.602000,19.791637,575
509504.144800,6944431.602000,19.464491,580
509504.144800,6944431.602000,19.115216,585
509504.144800,6944431.602000,18.745166,590
509504.144800,6944431.602000,18.341905,595
509504.144800,6944431.602000,17.891459,600
509504.144800,6944431.602000,17.404311,605
509504.144800,6944431.602000,16.818930,610
509504.144800,6944431.602000,16.168486,615
509504.144800,6944431.602000,15.470860,620
509504.144800,6944431.602000,14.787264,625
509504.144800,6944431.602000,14.210566,630
509504.144800,6944431.602000,13.717703,635
509504.144800,6944431.602000,13.315381,640
509504.144800,6944431.602000,12.977197,645
509504.144800,6944431.602000,12.670720,650
509504.144800,6944431.602000,12.396892,655
509504.144800,6944431.602000,12.164120,660
509504.144800,6944431.602000,11.939859,665
509504.144800,6944431.602000,11.735941,670
509504.144800,6944431.602000,11.532023,675
509504.144800,6944431.602000,11.356844,680
509504.144800,6944431.602000,11.187019,685
509504.144800,6944431.602000,11.017194,690
509504.144800,6944431.602000,10.868524,695
509504.144800,6944431.602000,10.722237,700
509504.144800,6944431.602000,10.575951,705
509504.144800,6944431.602000,10.436294,710
509504.144800,6944431.602000,10.303797,715
509504.144800,6944431.602000,10.171300,720
509504.144800,6944431.602000,10.038803,725
509504.144800,6944431.602000,9.919053,730
509504.144800,6944431.602000,9.804582,735
509504.144800,6944431.602000,9.690111,740
509504.144800,6944431.602000,9.575640,745
509504.144800,6944431.602000,9.462719,750
509504.144800,6944431.602000,9.352818,755
509504.144800,6944431.602000,9.242916,760
509504.144800,6944431.602000,9.133014,765
509504.144800,6944431.602000,9.023113,770
509504.144800,6944431.602000,8.922543,775
509504.144800,6944431.602000,8.824460,780
509504.144800,6944431.602000,8.726376,785
509504.144800,6944431.602000,8.628292,790
509504.144800,6944431.602000,8.530208,795
509504.144800,6944431.602000,8.432786,800
509504.144800,6944431.602000,8.335659,805
509504.144800,6944431.602000,8.238532,810
509504.144800,6944431.602000,8.141404,815
509504.144800,6944431.602000,8.044277,820
509504.144800,6944431.602000,7.948596,825
509504.144800,6944431.602000,7.854126,830
509504.144800,6944431.602000,7.759656,835
509504.144800,6944431.602000,7.665186,840
509504.144800,6944431.602000,7.570717,845
509504.144800,6944431.602000,7.476379,850
509504.144800,6944431.602000,7.382434,855
509504.144800,6944431.602000,7.288489,860
509504.144800,6944431.602000,7.194544,865
509504.144800,6944431.602000,7.100599,870
509504.144800,6944431.602000,7.006654,875
509504.144800,6944431.602000,6.899354,880
509504.144800,6944431.602000,6.791036,885
509504.144800,6944431.602000,6.682717,890
509504.144800,6944431.602000,6.574399,895
509504.144800,6944431.602000,6.465856,900
509504.144800,6944431.602000,6.356820,905
509504.144800,6944431.602000,6.247783,910
509504.144800,6944431.602000,6.138747,915
509504.144800,6944431.602000,6.029710,920
509504.144800,6944431.602000,5.881729,925
509504.144800,6944431.602000,5.719162,930
509504.144800,6944431.602000,5.556596,935
509504.144800,6944431.602000,5.378226,940
509504.144800,6944431.602000,5.191418,945
509504.144800,6944431.602000,5.004609,950
509504.144800,6944431.602000,27.674101,405
509504.150800,6944431.607000,5.000000,950
509504.164200,6944431.616000,25.000000,475
509504.164400,6944431.616000,7.000000,875
509504.178700,6944431.627000,33.500000,255
509504.179300,6944431.627000,11.000000,690
509504.183100,6944431.630000,21.500000,545
509504.200200,6944431.642000,11.500000,675
509504.208800,6944431.648000,9.000000,770
509504.217700,6944431.655000,6.000000,920
509504.236800,6944431.668000,8.500000,795
509504.237400,6944431.669000,5.500000,935
509504.239000,6944431.670000,10.000000,725
509504.252700,6944431.680000,16.000000,615
509504.260400,6944431.685000,24.500000,485
509504.275900,6944431.696000,22.000000,535
509504.276100,6944431.696000,8.000000,820
509504.279700,6944431.699000,32.000000,250
509504.308600,6944431.720000,14.000000,630
509504.309200,6944431.720000,22.500000,525
509504.317900,6944431.726000,10.500000,705
509504.324200,6944431.731000,13.500000,635
509504.326400,6944431.732000,14.500000,625
509504.332700,6944431.737000,6.500000,895
509504.338000,6944431.741000,19.000000,585
509504.342200,6944431.744000,24.000000,495
509504.342200,6944431.744000,23.500000,505
509504.344500,6944431.745000,23.000000,515
509504.351200,6944431.750000,12.500000,655
509504.353000,6944431.751000,9.500000,745
509504.357900,6944431.755000,7.500000,845
509504.376300,6944431.768000,20.000000,570
509504.381100,6944431.771000,34.500000,255
509504.391700,6944431.779000,5.000000,945
509504.394400,6944431.781000,16.500000,610
509504.399100,6944431.784000,12.000000,660
509504.428500,6944431.805000,15.000000,620
509504.440600,6944431.814000,7.000000,870
509504.467000,6944431.833000,32.500000,250
509504.485000,6944431.846000,6.000000,915
509504.486700,6944431.847000,17.000000,605
509504.498600,6944431.856000,13.000000,640
509504.503500,6944431.859000,5.500000,930
509504.505400,6944431.860000,18.500000,590
509504.512800,6944431.866000,9.000000,765
509504.519700,6944431.871000,11.000000,685
509504.535600,6944431.882000,8.500000,790
509504.536400,6944431.883000,33.000000,245
509504.551400,6944431.893000,33.015652,245
509504.551400,6944431.893000,32.460768,245
509504.551400,6944431.893000,33.942033,250
509504.551400,6944431.893000,31.883499,250
509504.551400,6944431.893000,31.481123,255
509504.551400,6944431.893000,31.297415,260
509504.551400,6944431.893000,31.113708,265
509504.551400,6944431.893000,30.934627,270
509504.551400,6944431.893000,30.763061,275
509504.551400,6944431.893000,30.591495,280
509504.551400,6944431.893000,30.442451,285
509504.551400,6944431.893000,30.319142,290
509504.551400,6944431.893000,30.195833,295
509504.551400,6944431.893000,30.072525,300
509504.551400,6944431.893000,29.950806,305
509504.551400,6944431.893000,29.831359,310
509504.551400,6944431.893000,29.711912,315
509504.551400,6944431.893000,29.592464,320
509504.551400,6944431.893000,29.473969,325
509504.551400,6944431.893000,29.358735,330
509504.551400,6944431.893000,29.243500,335
509504.551400,6944431.893000,29.128266,340
509504.551400,6944431.893000,29.013032,345
509504.551400,6944431.893000,28.898601,350
509504.551400,6944431.893000,28.784272,355
509504.551400,6944431.893000,28.669944,360
509504.551400,6944431.893000,28.555615,365
509504.551400,6944431.893000,28.434727,370
509504.551400,6944431.893000,28.307625,375
509504.551400,6944431.893000,28.180523,380
509504.551400,6944431.893000,28.053421,385
509504.551400,6944431.893000,27.922224,390
509504.551400,6944431.893000,27.788057,395
509504.551400,6944431.893000,27.653891,400
509504.551400,6944431.893000,27.519724,405
509504.551400,6944431.893000,27.370079,410
509504.551400,6944431.893000,27.217767,415
509504.551400,6944431.893000,27.065455,420
509504.551400,6944431.893000,26.901957,425
509504.551400,6944431.893000,26.730029,430
509504.551400,6944431.893000,26.558102,435
509504.551400,6944431.893000,26.376403,440
509504.551400,6944431.893000,26.189717,445
509504.551400,6944431.893000,26.003030,450
509504.551400,6944431.893000,25.789762,455
509504.551400,6944431.893000,25.576056,460
509504.551400,6944431.893000,25.357954,465
509504.551400,6944431.893000,25.137424,470
509504.551400,6944431.893000,24.909391,475
509504.551400,6944431.893000,24.668950,480
509504.551400,6944431.893000,24.427921,485
509504.551400,6944431.893000,24.185500,490
509504.551400,6944431.893000,23.941176,495
509504.551400,6944431.893000,23.690646,500
509504.551400,6944431.893000,23.439931,505
509504.551400,6944431.893000,23.188629,510
509504.551400,6944431.893000,22.935991,515
509504.551400,6944431.893000,22.679329,520
509504.551400,6944431.893000,22.422521,525
509504.551400,6944431.893000,22.165374,530
509504.551400,6944431.893000,21.904149,535
509504.551400,6944431.893000,21.635578,540
509504.551400,6944431.893000,21.365633,545
509504.551400,6944431.893000,21.094287,550
509504.551400,6944431.893000,20.810268,555
509504.551400,6944431.893000,20.519501,560
509504.551400,6944431.893000,20.219317,565
509504.551400,6944431.893000,19.910601,570
509504.551400,6944431.893000,19.580756,575
509504.551400,6944431.893000,19.228482,580
509504.551400,6944431.893000,18.857870,585
509504.551400,6944431.893000,18.462884,590
509504.551400,6944431.893000,18.011070,595
509504.551400,6944431.893000,17.525691,600
509504.551400,6944431.893000,16.917169,605
509504.551400,6944431.893000,16.253480,610
509504.551400,6944431.893000,15.519150,615
509504.551400,6944431.893000,14.804044,620
509504.551400,6944431.893000,14.210443,625
509504.551400,6944431.893000,13.705475,630
509504.551400,6944431.893000,13.298838,635
509504.551400,6944431.893000,12.956756,640
509504.551400,6944431.893000,12.643828,645
509504.551400,6944431.893000,12.372440,650
509504.551400,6944431.893000,12.136383,655
509504.551400,6944431.893000,11.912989,660
509504.551400,6944431.893000,11.706921,665
509504.551400,6944431.893000,11.500854,670
509504.551400,6944431.893000,11.328461,675
509504.551400,6944431.893000,11.156209,680
509504.551400,6944431.893000,10.986273,685
509504.551400,6944431.893000,10.838890,690
509504.551400,6944431.893000,10.691507,695
509504.551400,6944431.893000,10.544124,700
509504.551400,6944431.893000,10.406059,705
509504.551400,6944431.893000,10.271976,710
509504.551400,6944431.893000,10.137893,715
509504.551400,6944431.893000,10.003810,720
509504.551400,6944431.893000,9.888117,725
509504.551400,6944431.893000,9.772963,730
509504.551400,6944431.893000,9.657809,735
509504.551400,6944431.893000,9.542654,740
509504.551400,6944431.893000,9.430087,745
509504.551400,6944431.893000,9.319041,750
509504.551400,6944431.893000,9.207996,755
509504.551400,6944431.893000,9.096950,760
509504.551400,6944431.893000,8.987493,765
509504.551400,6944431.893000,8.888955,770
509504.551400,6944431.893000,8.790418,775
509504.551400,6944431.893000,8.691881,780
509504.551400,6944431.893000,8.593343,785
509504.551400,6944431.893000,8.494829,790
509504.551400,6944431.893000,8.396733,795
509504.551400,6944431.893000,8.298636,800
509504.551400,6944431.893000,8.200540,805
509504.551400,6944431.893000,8.102443,810
509504.551400,6944431.893000,8.004347,815
509504.551400,6944431.893000,7.909433,820
509504.551400,6944431.893000,7.814667,825
509504.551400,6944431.893000,7.719901,830
509504.551400,6944431.893000,7.625134,835
509504.551400,6944431.893000,7.530368,840
509504.551400,6944431.893000,7.435630,845
509504.551400,6944431.893000,7.340906,850
509504.551400,6944431.893000,7.246182,855
509504.551400,6944431.893000,7.151457,860
509504.551400,6944431.893000,7.056733,865
509504.551400,6944431.893000,6.956423,870
509504.551400,6944431.893000,6.847772,875
509504.551400,6944431.893000,6.739121,880
509504.551400,6944431.893000,6.630470,885
509504.551400,6944431.893000,6.521819,890
509504.551400,6944431.893000,6.412196,895
509504.551400,6944431.893000,6.302328,900
509504.551400,6944431.893000,6.192461,905
509504.551400,6944431.893000,6.082593,910
509504.551400,6944431.893000,5.959545,915
509504.551400,6944431.893000,5.796585,920
509504.551400,6944431.893000,5.633624,925
509504.551400,6944431.893000,5.464243,930
509504.551400,6944431.893000,5.265618,935
509504.551400,6944431.893000,5.066993,940
509504.552900,6944431.894000,11.500000,670
509504.561200,6944431.900000,15.500000,615
509504.562000,6944431.901000,18.000000,595
509504.562400,6944431.901000,10.000000,720
509504.569900,6944431.907000,8.000000,815
509504.573500,6944431.909000,17.500000,600
509504.574000,6944431.910000,26.000000,450
509504.587900,6944431.920000,20.500000,560
509504.598600,6944431.927000,34.000000,250
509504.642800,6944431.959000,6.500000,890
509504.665500,6944431.975000,10.500000,700
509504.671300,6944431.979000,19.500000,575
509504.685400,6944431.989000,16.000000,610
509504.686900,6944431.990000,5.000000,940
509504.690400,6944431.993000,7.500000,840
509504.696800,6944431.997000,14.000000,625
509504.697800,6944431.998000,9.500000,740
509504.703600,6944432.002000,13.500000,630
509504.717100,6944432.012000,14.500000,620
509504.718600,6944432.013000,12.500000,645
509504.763300,6944432.045000,21.000000,550
509504.764500,6944432.046000,12.000000,655
509504.815900,6944432.083000,7.000000,865
509504.816500,6944432.083000,16.500000,605
509504.818000,6944432.084000,15.000000,615
509504.857100,6944432.112000,19.000000,580
509504.857400,6944432.112000,27.500000,405
509504.865700,6944432.118000,13.000000,635
509504.866100,6944432.119000,21.500000,540
509504.892000,6944432.137000,11.000000,680
509504.900000,6944432.143000,6.000000,910
509504.901400,6944432.144000,9.000000,760
509504.905900,6944432.147000,17.000000,600
509504.923400,6944432.160000,11.500000,665
509504.937100,6944432.169000,5.500000,925
509504.938600,6944432.171000,15.500000,610
509504.939300,6944432.171000,20.000000,565
509504.942300,6944432.173000,8.500000,785
509504.948700,6944432.178000,10.000000,715
509504.958000,6944432.184000,33.477212,245
509504.958000,6944432.184000,32.391652,245
509504.958000,6944432.184000,34.445861,250
509504.958000,6944432.184000,31.834826,250
509504.958000,6944432.184000,31.473984,255
509504.958000,6944432.184000,31.291910,260
509504.958000,6944432.184000,31.109835,265
509504.958000,6944432.184000,30.932557,270
509504.958000,6944432.184000,30.762570,275
509504.958000,6944432.184000,30.592583,280
509504.958000,6944432.184000,30.443578,285
509504.958000,6944432.184000,30.319671,290
509504.958000,6944432.184000,30.195763,295
509504.958000,6944432.184000,30.071855,300
509504.958000,6944432.184000,29.949500,305
509504.958000,6944432.184000,29.829288,310
509504.958000,6944432.184000,29.709076,315
509504.958000,6944432.184000,29.588864,320
509504.958000,6944432.184000,29.469664,325
509504.958000,6944432.184000,29.353333,330
509504.958000,6944432.184000,29.237003,335
509504.958000,6944432.184000,29.120673,340
509504.958000,6944432.184000,29.004342,345
509504.958000,6944432.184000,28.888825,350
509504.958000,6944432.184000,28.773340,355
509504.958000,6944432.184000,28.657855,360
509504.958000,6944432.184000,28.542370,365
509504.958000,6944432.184000,28.418731,370
509504.958000,6944432.184000,28.290367,375
509504.958000,6944432.184000,28.162002,380
509504.958000,6944432.184000,28.033638,385
509504.958000,6944432.184000,27.899997,390
509504.958000,6944432.184000,27.764481,395
509504.958000,6944432.184000,27.628965,400
509504.958000,6944432.184000,27.492562,405
509504.958000,6944432.184000,27.338682,410
509504.958000,6944432.184000,27.184801,415
509504.958000,6944432.184000,27.030921,420
509504.958000,6944432.184000,26.861152,425
509504.958000,6944432.184000,26.687387,430
509504.958000,6944432.184000,26.513622,435
509504.958000,6944432.184000,26.325808,440
509504.958000,6944432.184000,26.136800,445
509504.958000,6944432.184000,25.940170,450
509504.958000,6944432.184000,25.723571,455
509504.958000,6944432.184000,25.506972,460
509504.958000,6944432.184000,25.283384,465
509504.958000,6944432.184000,25.059563,470
509504.958000,6944432.184000,24.820261,475
509504.958000,6944432.184000,24.575344,480
509504.958000,6944432.184000,24.329885,485
509504.958000,6944432.184000,24.084184,490
509504.958000,6944432.184000,23.830967,495
509504.958000,6944432.184000,23.573834,500
509504.958000,6944432.184000,23.318139,505
509504.958000,6944432.184000,23.063023,510
509504.958000,6944432.184000,22.801065,515
509504.958000,6944432.184000,22.536861,520
509504.958000,6944432.184000,22.275992,525
509504.958000,6944432.184000,22.015662,530
509504.958000,6944432.184000,21.737833,535
509504.958000,6944432.184000,21.459686,540
509504.958000,6944432.184000,21.186178,545
509504.958000,6944432.184000,20.902623,550
509504.958000,6944432.184000,20.597646,555
509504.958000,6944432.184000,20.293333,560
509504.958000,6944432.184000,19.987897,565
509504.958000,6944432.184000,19.642968,570
509504.958000,6944432.184000,19.287209,575
509504.958000,6944432.184000,18.913890,580
509504.958000,6944432.184000,18.503284,585
509504.958000,6944432.184000,18.039396,590
509504.958000,6944432.184000,17.540715,595
509504.958000,6944432.184000,16.917615,600
509504.958000,6944432.184000,16.227046,605
509504.958000,6944432.184000,15.462290,610
509504.958000,6944432.184000,14.739757,615
509504.958000,6944432.184000,14.151139,620
509504.958000,6944432.184000,13.647215,625
509504.958000,6944432.184000,13.257869,630
509504.958000,6944432.184000,12.920724,635
509504.958000,6944432.184000,12.607226,640
509504.958000,6944432.184000,12.345784,645
509504.958000,6944432.184000,12.111403,650
509504.958000,6944432.184000,11.892099,655
509504.958000,6944432.184000,11.686455,660
509504.958000,6944432.184000,11.484008,665
509504.958000,6944432.184000,11.312635,670
509504.958000,6944432.184000,11.141262,675
509504.958000,6944432.184000,10.974227,680
509504.958000,6944432.184000,10.827540,685
509504.958000,6944432.184000,10.680854,690
509504.958000,6944432.184000,10.534167,695
509504.958000,6944432.184000,10.397536,700
509504.958000,6944432.184000,10.263958,705
509504.958000,6944432.184000,10.130380,710
509504.958000,6944432.184000,9.997257,715
509504.958000,6944432.184000,9.882721,720
509504.958000,6944432.184000,9.768186,725
509504.958000,6944432.184000,9.653650,730
509504.958000,6944432.184000,9.539114,735
509504.958000,6944432.184000,9.427117,740
509504.958000,6944432.184000,9.316436,745
509504.958000,6944432.184000,9.205755,750
509504.958000,6944432.184000,9.095074,755
509504.958000,6944432.184000,8.986184,760
509504.958000,6944432.184000,8.888204,765
509504.958000,6944432.184000,8.790224,770
509504.958000,6944432.184000,8.692244,775
509504.958000,6944432.184000,8.594263,780
509504.958000,6944432.184000,8.496288,785
509504.958000,6944432.184000,8.398424,790
509504.958000,6944432.184000,8.300561,795
509504.958000,6944432.184000,8.202698,800
509504.958000,6944432.184000,8.104835,805
509504.958000,6944432.184000,8.006972,810
509504.958000,6944432.184000,7.912573,815
509504.958000,6944432.184000,7.818439,820
509504.958000,6944432.184000,7.724306,825
509504.958000,6944432.184000,7.630172,830
509504.958000,6944432.184000,7.536039,835
509504.958000,6944432.184000,7.441727,840
509504.958000,6944432.184000,7.347305,845
509504.958000,6944432.184000,7.252884,850
509504.958000,6944432.184000,7.158462,855
509504.958000,6944432.184000,7.064040,860
509504.958000,6944432.184000,6.965248,865
509504.958000,6944432.184000,6.857245,870
509504.958000,6944432.184000,6.749242,875
509504.958000,6944432.184000,6.641238,880
509504.958000,6944432.184000,6.533235,885
509504.958000,6944432.184000,6.424211,890
509504.958000,6944432.184000,6.314734,895
509504.958000,6944432.184000,6.205257,900
509504.958000,6944432.184000,6.095779,905
509504.958000,6944432.184000,5.979692,910
509504.958000,6944432.184000,5.817388,915
509504.958000,6944432.184000,5.655083,920
509504.958000,6944432.184000,5.490613,925
509504.958000,6944432.184000,5.279642,930
509504.958000,6944432.184000,5.068671,935
509504.961600,6944432.187000,18.500000,585
509504.974200,6944432.196000,33.500000,245
509504.990500,6944432.208000,8.000000,810
509504.991100,6944432.208000,17.500000,595
509504.993400,6944432.210000,18.000000,590
509504.998600,6944432.213000,22.000000,530
509504.999900,6944432.214000,25.500000,460
509505.001000,6944432.215000,34.500000,250
509505.030000,6944432.236000,31.830262,255
509505.048500,6944432.249000,10.500000,695
509505.059700,6944432.257000,14.000000,620
509505.061700,6944432.259000,22.500000,520
509505.064200,6944432.260000,13.500000,625
509505.068200,6944432.263000,16.000000,605
509505.080300,6944432.272000,14.500000,615
509505.081500,6944432.273000,12.500000,640
509505.083200,6944432.274000,26.500000,435
509505.098300,6944432.285000,9.500000,735
509505.118300,6944432.299000,6.500000,885
509505.131200,6944432.308000,12.000000,650
509505.136300,6944432.312000,20.500000,555
509505.139600,6944432.314000,29.000000,345
509505.141500,6944432.316000,7.500000,835
509505.160200,6944432.329000,23.000000,510
509505.161700,6944432.330000,19.500000,570
509505.185700,6944432.347000,15.000000,610
509505.205900,6944432.362000,16.500000,600
509505.208000,6944432.363000,5.000000,935
509505.212700,6944432.367000,23.500000,500
509505.225800,6944432.376000,13.000000,630
509505.269400,6944432.407000,11.000000,675
509505.269500,6944432.407000,25.000000,470
509505.287500,6944432.420000,24.500000,480
509505.294200,6944432.425000,24.000000,490
509505.295800,6944432.426000,11.500000,660
509505.297300,6944432.427000,7.000000,860
509505.301200,6944432.430000,17.000000,595
509505.306900,6944432.434000,15.500000,605
509505.316500,6944432.441000,27.000000,420
509505.318400,6944432.442000,19.000000,575
509505.320600,6944432.444000,9.000000,755
509505.345100,6944432.462000,10.000000,710
509505.357700,6944432.470000,21.000000,545
509505.364600,6944432.475000,33.995990,245
509505.364600,6944432.475000,32.301359,245
509505.364600,6944432.475000,31.809061,250
509505.364600,6944432.475000,31.470403,255
509505.364600,6944432.475000,31.289798,260
509505.364600,6944432.475000,31.109193,265
509505.364600,6944432.475000,30.933161,270
509505.364600,6944432.475000,30.764119,275
509505.364600,6944432.475000,30.595077,280
509505.364600,6944432.475000,30.445428,285
509505.364600,6944432.475000,30.320706,290
509505.364600,6944432.475000,30.195984,295
509505.364600,6944432.475000,30.071262,300
509505.364600,6944432.475000,29.948063,305
509505.364600,6944432.475000,29.826894,310
509505.364600,6944432.475000,29.705725,315
509505.364600,6944432.475000,29.584556,320
509505.364600,6944432.475000,29.464501,325
509505.364600,6944432.475000,29.347018,330
509505.364600,6944432.475000,29.229534,335
509505.364600,6944432.475000,29.112051,340
509505.364600,6944432.475000,28.994605,345
509505.364600,6944432.475000,28.877929,350
509505.364600,6944432.475000,28.401399,370
509505.364600,6944432.475000,28.271809,375
509505.364600,6944432.475000,28.142220,380
509505.364600,6944432.475000,28.012630,385
509505.364600,6944432.475000,27.461730,405
509505.364600,6944432.475000,27.306425,410
509505.364600,6944432.475000,27.151120,415
509505.364600,6944432.475000,26.995274,420
509505.364600,6944432.475000,26.466348,435
509505.364600,6944432.475000,26.275301,440
509505.364600,6944432.475000,26.084254,445
509505.364600,6944432.475000,25.877366,450
509505.364600,6944432.475000,25.657982,455
509505.364600,6944432.475000,25.436353,460
509505.364600,6944432.475000,25.208949,465
509505.364600,6944432.475000,24.979803,470
509505.364600,6944432.475000,24.730949,475
509505.364600,6944432.475000,24.482015,480
509505.364600,6944432.475000,24.232043,485
509505.364600,6944432.475000,23.981129,490
509505.364600,6944432.475000,23.718037,495
509505.364600,6944432.475000,23.455441,500
509505.364600,6944432.475000,23.195248,505
509505.364600,6944432.475000,22.932256,510
509505.364600,6944432.475000,22.660846,515
509505.364600,6944432.475000,22.390800,520
509505.364600,6944432.475000,22.122737,525
509505.364600,6944432.475000,21.845381,530
509505.364600,6944432.475000,21.560178,535
509505.364600,6944432.475000,21.278029,540
509505.364600,6944432.475000,20.996334,545
509505.364600,6944432.475000,20.684165,550
509505.364600,6944432.475000,20.370119,555
509505.364600,6944432.475000,20.053370,560
509505.364600,6944432.475000,19.706955,565
509505.364600,6944432.475000,19.342639,570
509505.364600,6944432.475000,18.957970,575
509505.364600,6944432.475000,18.542743,580
509505.364600,6944432.475000,18.054706,585
509505.364600,6944432.475000,17.544188,590
509505.364600,6944432.475000,16.892232,595
509505.364600,6944432.475000,16.167701,600
509505.364600,6944432.475000,15.381812,605
509505.364600,6944432.475000,14.645975,610
509505.364600,6944432.475000,14.077717,615
509505.364600,6944432.475000,13.577421,620
509505.364600,6944432.475000,13.210387,625
509505.364600,6944432.475000,12.879299,630
509505.364600,6944432.475000,12.567521,635
509505.364600,6944432.475000,12.317241,640
509505.364600,6944432.475000,12.083961,645
509505.364600,6944432.475000,11.869659,650
509505.364600,6944432.475000,11.666028,655
509505.364600,6944432.475000,11.468518,660
509505.364600,6944432.475000,11.298031,665
509505.364600,6944432.475000,11.127544,670
509505.364600,6944432.475000,10.963370,675
509505.364600,6944432.475000,10.817947,680
509505.364600,6944432.475000,10.672524,685
509505.364600,6944432.475000,10.527102,690
509505.364600,6944432.475000,10.391937,695
509505.364600,6944432.475000,10.259123,700
509505.364600,6944432.475000,10.126309,705
509505.364600,6944432.475000,9.994435,710
509505.364600,6944432.475000,9.880817,715
509505.364600,6944432.475000,9.767199,720
509505.364600,6944432.475000,9.653581,725
509505.364600,6944432.475000,9.539963,730
509505.364600,6944432.475000,9.428671,735
509505.364600,6944432.475000,9.318640,740
509505.364600,6944432.475000,9.208608,745
509505.364600,6944432.475000,9.098577,750
509505.364600,6944432.475000,8.989884,755
509505.364600,6944432.475000,8.892705,760
509505.364600,6944432.475000,8.795526,765
509505.364600,6944432.475000,8.698347,770
509505.364600,6944432.475000,8.601168,775
509505.364600,6944432.475000,8.503989,780
509505.364600,6944432.475000,8.406704,785
509505.364600,6944432.475000,8.309415,790
509505.364600,6944432.475000,8.212125,795
509505.364600,6944432.475000,8.114836,800
509505.364600,6944432.475000,8.017547,805
509505.364600,6944432.475000,7.923461,810
509505.364600,6944432.475000,7.830079,815
509505.364600,6944432.475000,7.736698,820
509505.364600,6944432.475000,7.643317,825
509505.364600,6944432.475000,7.549936,830
509505.364600,6944432.475000,7.456362,835
509505.364600,6944432.475000,7.362566,840
509505.364600,6944432.475000,7.268771,845
509505.364600,6944432.475000,7.174976,850
509505.364600,6944432.475000,7.081180,855
509505.364600,6944432.475000,6.985575,860
509505.364600,6944432.475000,6.878321,865
509505.364600,6944432.475000,6.771068,870
509505.364600,6944432.475000,6.663815,875
509505.364600,6944432.475000,6.556562,880
509505.364600,6944432.475000,6.448635,885
509505.364600,6944432.475000,6.339958,890
509505.364600,6944432.475000,6.231280,895
509505.364600,6944432.475000,6.122603,900
509505.364600,6944432.475000,6.013925,905
509505.364600,6944432.475000,5.859285,910
509505.364600,6944432.475000,5.697890,915
509505.364600,6944432.475000,5.536495,920
509505.364600,6944432.475000,5.349449,925
509505.364600,6944432.475000,5.154906,930
509505.364600,6944432.475000,27.603058,405
509505.367200,6944432.477000,34.000000,245
509505.382400,6944432.488000,8.500000,780
509505.400100,6944432.501000,17.500000,590
509505.411200,6944432.509000,18.500000,580
509505.412600,6944432.510000,18.000000,585
509505.417000,6944432.513000,14.000000,615
509505.419800,6944432.515000,13.500000,620
509505.433300,6944432.525000,6.000000,905
509505.435800,6944432.526000,10.500000,690
509505.436800,6944432.527000,14.500000,610
509505.442600,6944432.531000,12.500000,635
509505.443100,6944432.532000,16.000000,600
509505.446800,6944432.534000,8.000000,805
509505.455000,6944432.540000,20.000000,560
509505.488900,6944432.564000,5.500000,920
509505.494600,6944432.569000,12.000000,645
509505.506700,6944432.577000,21.500000,535
509505.507000,6944432.577000,9.500000,730
509505.549000,6944432.607000,15.000000,605
509505.582900,6944432.632000,13.000000,625
509505.590200,6944432.637000,16.500000,595
509505.609700,6944432.651000,28.000000,385
509505.617400,6944432.656000,7.500000,830
509505.635700,6944432.669000,6.500000,880
509505.643600,6944432.675000,11.000000,670
509505.664400,6944432.690000,19.500000,565
509505.665000,6944432.690000,11.500000,655
509505.675500,6944432.698000,15.500000,600
509505.693200,6944432.711000,22.000000,525
509505.698400,6944432.714000,17.000000,590
509505.707600,6944432.721000,20.500000,550
509505.737300,6944432.742000,10.000000,705
509505.740300,6944432.744000,9.000000,750
509505.747300,6944432.749000,34.500000,245
509505.771100,6944432.766000,32.158318,245
509505.771100,6944432.766000,31.781995,250
509505.771100,6944432.766000,31.466268,255
509505.771100,6944432.766000,31.287345,260
509505.771100,6944432.766000,31.108422,265
509505.771100,6944432.766000,30.933756,270
509505.771100,6944432.766000,30.765639,275
509505.771100,6944432.766000,30.597521,280
509505.771100,6944432.766000,30.447284,285
509505.771100,6944432.766000,30.321746,290
509505.771100,6944432.766000,30.196209,295
509505.771100,6944432.766000,30.070672,300
509505.771100,6944432.766000,29.946626,305
509505.771100,6944432.766000,29.824500,310
509505.771100,6944432.766000,29.702375,315
509505.771100,6944432.766000,29.580249,320
509505.771100,6944432.766000,29.459322,325
509505.771100,6944432.766000,29.340692,330
509505.771100,6944432.766000,29.222062,335
509505.771100,6944432.766000,29.103431,340
509505.771100,6944432.766000,28.984899,345
509505.771100,6944432.766000,28.867032,350
509505.771100,6944432.766000,28.749165,355
509505.771100,6944432.766000,28.631298,360
509505.771100,6944432.766000,28.513430,365
509505.771100,6944432.766000,28.384082,370
509505.771100,6944432.766000,28.253256,375
509505.771100,6944432.766000,28.122431,380
509505.771100,6944432.766000,27.991146,385
509505.771100,6944432.766000,27.853147,390
509505.771100,6944432.766000,27.715149,395
509505.771100,6944432.766000,27.577150,400
509505.771100,6944432.766000,27.430894,405
509505.771100,6944432.766000,27.274168,410
509505.771100,6944432.766000,27.117442,415
509505.771100,6944432.766000,26.955631,420
509505.771100,6944432.766000,26.778618,425
509505.771100,6944432.766000,26.601604,430
509505.771100,6944432.766000,26.417797,435
509505.771100,6944432.766000,26.224836,440
509505.771100,6944432.766000,26.031875,445
509505.771100,6944432.766000,25.814543,450
509505.771100,6944432.766000,25.592389,455
509505.771100,6944432.766000,25.365579,460
509505.771100,6944432.766000,25.135455,465
509505.771100,6944432.766000,24.895740,470
509505.771100,6944432.766000,24.642303,475
509505.771100,6944432.766000,24.387733,480
509505.771100,6944432.766000,24.131710,485
509505.771100,6944432.766000,23.870519,490
509505.771100,6944432.766000,23.603851,495
509505.771100,6944432.766000,23.336480,500
509505.771100,6944432.766000,23.068659,505
509505.771100,6944432.766000,22.795194,510
509505.771100,6944432.766000,22.519783,515
509505.771100,6944432.766000,22.244948,520
509505.771100,6944432.766000,21.968356,525
509505.771100,6944432.766000,21.676966,530
509505.771100,6944432.766000,21.385051,535
509505.771100,6944432.766000,21.092327,540
509505.771100,6944432.766000,20.782705,545
509505.771100,6944432.766000,20.464048,550
509505.771100,6944432.766000,20.135207,555
509505.771100,6944432.766000,19.786599,560
509505.771100,6944432.766000,19.416222,565
509505.771100,6944432.766000,19.015734,570
509505.771100,6944432.766000,18.587884,575
509505.771100,6944432.766000,18.091077,580
509505.771100,6944432.766000,17.553877,585
509505.771100,6944432.766000,16.871643,590
509505.771100,6944432.766000,16.107325,595
509505.771100,6944432.766000,15.300247,600
509505.771100,6944432.766000,14.543216,605
509505.771100,6944432.766000,14.005412,610
509505.771100,6944432.766000,13.502318,615
509505.771100,6944432.766000,13.160790,620
509505.771100,6944432.766000,12.836643,625
509505.771100,6944432.766000,12.527355,630
509505.771100,6944432.766000,12.287665,635
509505.771100,6944432.766000,12.054728,640
509505.771100,6944432.766000,11.845570,645
509505.771100,6944432.766000,11.643714,650
509505.771100,6944432.766000,11.451113,655
509505.771100,6944432.766000,11.281389,660
509505.771100,6944432.766000,11.111664,665
509505.771100,6944432.766000,10.950638,670
509505.771100,6944432.766000,10.806343,675
509505.771100,6944432.766000,10.662048,680
509505.771100,6944432.766000,10.517753,685
509505.771100,6944432.766000,10.384326,690
509505.771100,6944432.766000,10.252424,695
509505.771100,6944432.766000,10.120522,700
509505.771100,6944432.766000,9.990270,705
509505.771100,6944432.766000,9.877501,710
509505.771100,6944432.766000,9.764731,715
509505.771100,6944432.766000,9.651962,720
509505.771100,6944432.766000,9.539193,725
509505.771100,6944432.766000,9.428754,730
509505.771100,6944432.766000,9.319557,735
509505.771100,6944432.766000,9.210360,740
509505.771100,6944432.766000,9.101162,745
509505.771100,6944432.766000,8.992898,750
509505.771100,6944432.766000,8.896381,755
509505.771100,6944432.766000,8.799864,760
509505.771100,6944432.766000,8.703346,765
509505.771100,6944432.766000,8.606829,770
509505.771100,6944432.766000,8.510311,775
509505.771100,6944432.766000,8.413819,780
509505.771100,6944432.766000,8.317330,785
509505.771100,6944432.766000,8.220841,790
509505.771100,6944432.766000,8.124352,795
509505.771100,6944432.766000,8.027862,800
509505.771100,6944432.766000,7.933974,805
509505.771100,6944432.766000,7.841142,810
509505.771100,6944432.766000,7.748310,815
509505.771100,6944432.766000,7.655478,820
509505.771100,6944432.766000,7.562646,825
509505.771100,6944432.766000,7.469745,830
509505.771100,6944432.766000,7.376703,835
509505.771100,6944432.766000,7.283661,840
509505.771100,6944432.766000,7.190619,845
509505.771100,6944432.766000,7.097577,850
509505.771100,6944432.766000,7.004534,855
509505.771100,6944432.766000,6.898537,860
509505.771100,6944432.766000,6.791875,865
509505.771100,6944432.766000,6.685213,870
509505.771100,6944432.766000,6.578552,875
509505.771100,6944432.766000,6.471563,880
509505.771100,6944432.766000,6.363659,885
509505.771100,6944432.766000,6.255756,890
509505.771100,6944432.766000,6.147853,895
509505.771100,6944432.766000,6.039949,900
509505.771100,6944432.766000,5.898953,905
509505.771100,6944432.766000,5.738501,910
509505.771100,6944432.766000,5.578049,915
509505.771100,6944432.766000,5.400542,920
509505.771100,6944432.766000,5.206882,925
509505.771100,6944432.766000,5.013221,930
509505.773000,6944432.768000,13.500000,615
509505.775300,6944432.769000,14.000000,610
509505.790900,6944432.781000,19.000000,570
509505.794000,6944432.783000,14.500000,605
509505.804200,6944432.790000,33.000000,240
509505.808000,6944432.793000,5.000000,930
509505.808100,6944432.793000,12.500000,630
509505.812300,6944432.796000,7.000000,855
509505.814400,6944432.797000,17.500000,585
509505.823600,6944432.804000,16.000000,595
509505.824800,6944432.805000,22.500000,515
509505.830500,6944432.809000,10.500000,685
509505.838400,6944432.815000,8.500000,775
509505.851700,6944432.824000,18.000000,580
509505.866900,6944432.835000,18.500000,575
509505.872800,6944432.839000,12.000000,640
509505.926700,6944432.878000,15.000000,600
509505.959200,6944432.901000,9.500000,725
509505.966200,6944432.906000,13.000000,620
509505.967100,6944432.907000,21.000000,540
509505.970500,6944432.909000,26.000000,445
509505.973200,6944432.911000,8.000000,800
509505.976900,6944432.914000,23.000000,505
509505.989800,6944432.923000,16.500000,590
509505.996800,6944432.928000,20.000000,555
509506.031100,6944432.952000,28.500000,365
509506.067600,6944432.979000,15.500000,595
509506.075100,6944432.984000,33.500000,240
509506.075800,6944432.984000,11.000000,665
509506.085100,6944432.991000,11.500000,650
509506.105700,6944433.006000,23.500000,495
509506.120800,6944433.017000,17.000000,585
509506.161900,6944433.046000,6.000000,900
509506.164800,6944433.048000,21.500000,530
509506.170400,6944433.052000,19.500000,560
509506.174400,6944433.055000,13.500000,610
509506.177500,6944433.057000,14.000000,605
509506.177700,6944433.057000,33.639243,240
509506.177700,6944433.057000,32.579214,240
509506.177700,6944433.057000,32.128909,245
509506.177700,6944433.057000,31.772011,250
509506.177700,6944433.057000,31.466976,255
509506.177700,6944433.057000,31.288926,260
509506.177700,6944433.057000,31.110876,265
509506.177700,6944433.057000,30.936538,270
509506.177700,6944433.057000,30.768330,275
509506.177700,6944433.057000,30.600121,280
509506.177700,6944433.057000,30.448659,285
509506.177700,6944433.057000,30.321825,290
509506.177700,6944433.057000,30.194990,295
509506.177700,6944433.057000,30.068155,300
509506.177700,6944433.057000,29.942855,305
509506.177700,6944433.057000,29.819336,310
509506.177700,6944433.057000,29.695818,315
509506.177700,6944433.057000,29.572300,320
509506.177700,6944433.057000,29.450188,325
509506.177700,6944433.057000,29.330062,330
509506.177700,6944433.057000,29.209935,335
509506.177700,6944433.057000,29.089809,340
509506.177700,6944433.057000,28.969870,345
509506.177700,6944433.057000,28.850484,350
509506.177700,6944433.057000,28.731098,355
509506.177700,6944433.057000,28.611713,360
509506.177700,6944433.057000,28.491497,365
509506.177700,6944433.057000,28.359199,370
509506.177700,6944433.057000,28.226901,375
509506.177700,6944433.057000,28.094603,380
509506.177700,6944433.057000,27.960260,385
509506.177700,6944433.057000,27.820782,390
509506.177700,6944433.057000,27.681305,395
509506.177700,6944433.057000,27.541827,400
509506.177700,6944433.057000,27.389243,405
509506.177700,6944433.057000,27.231043,410
509506.177700,6944433.057000,27.072844,415
509506.177700,6944433.057000,26.903633,420
509506.177700,6944433.057000,26.725026,425
509506.177700,6944433.057000,26.546418,430
509506.177700,6944433.057000,26.355920,435
509506.177700,6944433.057000,26.161247,440
509506.177700,6944433.057000,25.961452,445
509506.177700,6944433.057000,25.736946,450
509506.177700,6944433.057000,25.512441,455
509506.177700,6944433.057000,25.280326,460
509506.177700,6944433.057000,25.047765,465
509506.177700,6944433.057000,24.795688,470
509506.177700,6944433.057000,24.538567,475
509506.177700,6944433.057000,24.279901,480
509506.177700,6944433.057000,24.020963,485
509506.177700,6944433.057000,23.749609,490
509506.177700,6944433.057000,23.477139,495
509506.177700,6944433.057000,23.204434,500
509506.177700,6944433.057000,22.929602,505
509506.177700,6944433.057000,22.648399,510
509506.177700,6944433.057000,22.366740,515
509506.177700,6944433.057000,22.084570,520
509506.177700,6944433.057000,21.791616,525
509506.177700,6944433.057000,21.494048,530
509506.177700,6944433.057000,21.196596,535
509506.177700,6944433.057000,20.888004,540
509506.177700,6944433.057000,20.557695,545
509506.177700,6944433.057000,20.224103,550
509506.177700,6944433.057000,19.874686,555
509506.177700,6944433.057000,19.494187,560
509506.177700,6944433.057000,19.092470,565
509506.177700,6944433.057000,18.651462,570
509506.177700,6944433.057000,18.149443,575
509506.177700,6944433.057000,17.593346,580
509506.177700,6944433.057000,16.901856,585
509506.177700,6944433.057000,16.112191,590
509506.177700,6944433.057000,15.287284,595
509506.177700,6944433.057000,14.521999,600
509506.177700,6944433.057000,13.999702,605
509506.177700,6944433.057000,13.497270,610
509506.177700,6944433.057000,13.163200,615
509506.177700,6944433.057000,12.842725,620
509506.177700,6944433.057000,12.535234,625
509506.177700,6944433.057000,12.296971,630
509506.177700,6944433.057000,12.067667,635
509506.177700,6944433.057000,11.858727,640
509506.177700,6944433.057000,11.658313,645
509506.177700,6944433.057000,11.464870,650
509506.177700,6944433.057000,11.297644,655
509506.177700,6944433.057000,11.130418,660
509506.177700,6944433.057000,10.968555,665
509506.177700,6944433.057000,10.825696,670
509506.177700,6944433.057000,10.682837,675
509506.177700,6944433.057000,10.539978,680
509506.177700,6944433.057000,10.406189,685
509506.177700,6944433.057000,10.275925,690
509506.177700,6944433.057000,10.145661,695
509506.177700,6944433.057000,10.015397,700
509506.177700,6944433.057000,9.901543,705
509506.177700,6944433.057000,9.789888,710
509506.177700,6944433.057000,9.678234,715
509506.177700,6944433.057000,9.566579,720
509506.177700,6944433.057000,9.456448,725
509506.177700,6944433.057000,9.348566,730
509506.177700,6944433.057000,9.240685,735
509506.177700,6944433.057000,9.132804,740
509506.177700,6944433.057000,9.024922,745
509506.177700,6944433.057000,8.926482,750
509506.177700,6944433.057000,8.830879,755
509506.177700,6944433.057000,8.735275,760
509506.177700,6944433.057000,8.639671,765
509506.177700,6944433.057000,8.544068,770
509506.177700,6944433.057000,8.448630,775
509506.177700,6944433.057000,8.353334,780
509506.177700,6944433.057000,8.258038,785
509506.177700,6944433.057000,8.162743,790
509506.177700,6944433.057000,8.067447,795
509506.177700,6944433.057000,7.973100,800
509506.177700,6944433.057000,7.881053,805
509506.177700,6944433.057000,7.789006,810
509506.177700,6944433.057000,7.696959,815
509506.177700,6944433.057000,7.604912,820
509506.177700,6944433.057000,7.512865,825
509506.177700,6944433.057000,7.420757,830
509506.177700,6944433.057000,7.328640,835
509506.177700,6944433.057000,7.236523,840
509506.177700,6944433.057000,7.144406,845
509506.177700,6944433.057000,7.052289,850
509506.177700,6944433.057000,6.954359,855
509506.177700,6944433.057000,6.848799,860
509506.177700,6944433.057000,6.743238,865
509506.177700,6944433.057000,6.637678,870
509506.177700,6944433.057000,6.532117,875
509506.177700,6944433.057000,6.425680,880
509506.177700,6944433.057000,6.318859,885
509506.177700,6944433.057000,6.212038,890
509506.177700,6944433.057000,6.105218,895
509506.177700,6944433.057000,5.997616,900
509506.177700,6944433.057000,5.838760,905
509506.177700,6944433.057000,5.679904,910
509506.177700,6944433.057000,5.521048,915
509506.177700,6944433.057000,5.301299,920
509506.177700,6944433.057000,5.072248,925
509506.190600,6944433.067000,14.500000,600
509506.232300,6944433.096000,25.500000,455
509506.233400,6944433.097000,12.500000,625
509506.235400,6944433.099000,16.000000,590
509506.245600,6944433.106000,24.000000,485
509506.253500,6944433.112000,17.500000,580
509506.260200,6944433.116000,10.000000,700
509506.278800,6944433.130000,20.500000,545
509506.292500,6944433.140000,19.000000,565
509506.310500,6944433.152000,18.000000,575
509506.311600,6944433.153000,24.500000,475
509506.329900,6944433.166000,12.000000,635
509506.339800,6944433.173000,15.000000,595
509506.340700,6944433.174000,18.500000,570
509506.355300,6944433.185000,10.500000,680
509506.367600,6944433.193000,25.000000,465
509506.386000,6944433.206000,9.000000,745
509506.389000,6944433.209000,22.000000,520
509506.409400,6944433.223000,13.000000,615
509506.418500,6944433.230000,16.500000,585
509506.426800,6944433.236000,7.500000,825
509506.461300,6944433.260000,26.500000,430
509506.492600,6944433.283000,15.500000,590
509506.544900,6944433.320000,20.000000,550
509506.555700,6944433.328000,22.500000,510
509506.563500,6944433.334000,27.500000,400
509506.564100,6944433.334000,34.000000,240
509506.565200,6944433.335000,17.000000,580
509506.581300,6944433.346000,21.000000,535
509506.584300,6944433.348000,34.023412,240
509506.584300,6944433.348000,32.549673,240
509506.584300,6944433.348000,32.129585,245
509506.584300,6944433.348000,31.778738,250
509506.584300,6944433.348000,31.472516,255
509506.584300,6944433.348000,31.294447,260
509506.584300,6944433.348000,31.116379,265
509506.584300,6944433.348000,30.941368,270
509506.584300,6944433.348000,30.772128,275
509506.584300,6944433.348000,30.602887,280
509506.584300,6944433.348000,30.449587,285
509506.584300,6944433.348000,30.321006,290
509506.584300,6944433.348000,30.192425,295
509506.584300,6944433.348000,30.063844,300
509506.584300,6944433.348000,29.811588,310
509506.584300,6944433.348000,29.560951,320
509506.584300,6944433.348000,29.437363,325
509506.584300,6944433.348000,29.315414,330
509506.584300,6944433.348000,29.193465,335
509506.584300,6944433.348000,29.071515,340
509506.584300,6944433.348000,28.461336,365
509506.584300,6944433.348000,28.327313,370
509506.584300,6944433.348000,28.193289,375
509506.584300,6944433.348000,28.059266,380
509506.584300,6944433.348000,27.497417,400
509506.584300,6944433.348000,27.337610,405
509506.584300,6944433.348000,27.177803,410
509506.584300,6944433.348000,27.017996,415
509506.584300,6944433.348000,26.840088,420
509506.584300,6944433.348000,26.659883,425
509506.584300,6944433.348000,26.477863,430
509506.584300,6944433.348000,26.281566,435
509506.584300,6944433.348000,26.085268,440
509506.584300,6944433.348000,25.871906,445
509506.584300,6944433.348000,25.645437,450
509506.584300,6944433.348000,25.415749,455
509506.584300,6944433.348000,25.180283,460
509506.584300,6944433.348000,24.939249,465
509506.584300,6944433.348000,24.680024,470
509506.584300,6944433.348000,24.419657,475
509506.584300,6944433.348000,24.156695,480
509506.584300,6944433.348000,23.888626,485
509506.584300,6944433.348000,23.613026,490
509506.584300,6944433.348000,23.337571,495
509506.584300,6944433.348000,23.062216,500
509506.584300,6944433.348000,22.776821,505
509506.584300,6944433.348000,22.488682,510
509506.584300,6944433.348000,22.205066,515
509506.584300,6944433.348000,21.914483,520
509506.584300,6944433.348000,21.605713,525
509506.584300,6944433.348000,21.301041,530
509506.584300,6944433.348000,20.998324,535
509506.584300,6944433.348000,20.659776,540
509506.584300,6944433.348000,20.318665,545
509506.584300,6944433.348000,19.972128,550
509506.584300,6944433.348000,19.585204,555
509506.584300,6944433.348000,19.173612,560
509506.584300,6944433.348000,18.730354,565
509506.584300,6944433.348000,18.226702,570
509506.584300,6944433.348000,17.662435,575
509506.584300,6944433.348000,16.967993,580
509506.584300,6944433.348000,16.175512,585
509506.584300,6944433.348000,15.337751,590
509506.584300,6944433.348000,14.582956,595
509506.584300,6944433.348000,14.047326,600
509506.584300,6944433.348000,13.554366,605
509506.584300,6944433.348000,13.207552,610
509506.584300,6944433.348000,12.887987,615
509506.584300,6944433.348000,12.584289,620
509506.584300,6944433.348000,12.337932,625
509506.584300,6944433.348000,12.113604,630
509506.584300,6944433.348000,11.903033,635
509506.584300,6944433.348000,11.706578,640
509506.584300,6944433.348000,11.510122,645
509506.584300,6944433.348000,11.343592,650
509506.584300,6944433.348000,11.178688,655
509506.584300,6944433.348000,11.013784,660
509506.584300,6944433.348000,10.871133,665
509506.584300,6944433.348000,10.730513,670
509506.584300,6944433.348000,10.589892,675
509506.584300,6944433.348000,10.453706,680
509506.584300,6944433.348000,10.325378,685
509506.584300,6944433.348000,10.197051,690
509506.584300,6944433.348000,10.068724,695
509506.584300,6944433.348000,9.948897,700
509506.584300,6944433.348000,9.838871,705
509506.584300,6944433.348000,9.728846,710
509506.584300,6944433.348000,9.618820,715
509506.584300,6944433.348000,9.508794,720
509506.584300,6944433.348000,9.402121,725
509506.584300,6944433.348000,9.295738,730
509506.584300,6944433.348000,9.189356,735
509506.584300,6944433.348000,9.082974,740
509506.584300,6944433.348000,8.979263,745
509506.584300,6944433.348000,8.885024,750
509506.584300,6944433.348000,8.790784,755
509506.584300,6944433.348000,8.696545,760
509506.584300,6944433.348000,8.602305,765
509506.584300,6944433.348000,8.508066,770
509506.584300,6944433.348000,8.413911,775
509506.584300,6944433.348000,8.319765,780
509506.584300,6944433.348000,8.225619,785
509506.584300,6944433.348000,8.131473,790
509506.584300,6944433.348000,8.037326,795
509506.584300,6944433.348000,7.945284,800
509506.584300,6944433.348000,7.854625,805
509506.584300,6944433.348000,7.763966,810
509506.584300,6944433.348000,7.673306,815
509506.584300,6944433.348000,7.582647,820
509506.584300,6944433.348000,7.491956,825
509506.584300,6944433.348000,7.400943,830
509506.584300,6944433.348000,7.309931,835
509506.584300,6944433.348000,7.218918,840
509506.584300,6944433.348000,7.127905,845
509506.584300,6944433.348000,7.036892,850
509506.584300,6944433.348000,6.938149,855
509506.584300,6944433.348000,6.834137,860
509506.584300,6944433.348000,6.730124,865
509506.584300,6944433.348000,6.626112,870
509506.584300,6944433.348000,6.522099,875
509506.584300,6944433.348000,5.992956,900
509506.584300,6944433.348000,5.836146,905
509506.584300,6944433.348000,5.679336,910
509506.584300,6944433.348000,5.522526,915
509506.584300,6944433.348000,5.292265,920
509506.584300,6944433.348000,5.049682,925
509506.584300,6944433.348000,28.828662,355
509506.611600,6944433.368000,11.500000,645
509506.625200,6944433.378000,14.000000,600
509506.631400,6944433.382000,11.000000,660
509506.633600,6944433.384000,14.500000,595
509506.634800,6944433.385000,13.500000,605
509506.645400,6944433.392000,9.500000,720
509506.673400,6944433.412000,16.000000,585
509506.674400,6944433.413000,8.500000,770
509506.703700,6944433.434000,19.500000,555
509506.714400,6944433.442000,17.500000,575
509506.718300,6944433.444000,27.000000,415
509506.718400,6944433.444000,12.500000,620
509506.760300,6944433.474000,23.000000,500
509506.775700,6944433.485000,15.000000,590
509506.782800,6944433.491000,18.000000,570
509506.797400,6944433.501000,19.000000,560
509506.813800,6944433.513000,21.500000,525
509506.831800,6944433.526000,18.500000,565
509506.836100,6944433.529000,12.000000,630
509506.861500,6944433.547000,16.500000,580
509506.867300,6944433.551000,20.500000,540
509506.873300,6944433.555000,13.000000,610
509506.923600,6944433.591000,23.500000,490
509506.926700,6944433.594000,15.500000,585
509506.946700,6944433.608000,10.000000,695
509506.977200,6944433.630000,10.500000,675
509506.990900,6944433.639000,34.350687,240
509506.990900,6944433.639000,32.527350,240
509506.990900,6944433.639000,32.130261,245
509506.990900,6944433.639000,31.785274,250
509506.990900,6944433.639000,31.477866,255
509506.990900,6944433.639000,31.299828,260
509506.990900,6944433.639000,31.121790,265
509506.990900,6944433.639000,30.946202,270
509506.990900,6944433.639000,30.775919,275
509506.990900,6944433.639000,30.605635,280
509506.990900,6944433.639000,30.450521,285
509506.990900,6944433.639000,30.320194,290
509506.990900,6944433.639000,30.189868,295
509506.990900,6944433.639000,30.059541,300
509506.990900,6944433.639000,29.930957,305
509506.990900,6944433.639000,29.803839,310
509506.990900,6944433.639000,29.676721,315
509506.990900,6944433.639000,29.549603,320
509506.990900,6944433.639000,29.424528,325
509506.990900,6944433.639000,29.300760,330
509506.990900,6944433.639000,29.176992,335
509506.990900,6944433.639000,29.053224,340
509506.990900,6944433.639000,28.929874,345
509506.990900,6944433.639000,28.806840,350
509506.990900,6944433.639000,28.683806,355
509506.990900,6944433.639000,28.560772,360
509506.990900,6944433.639000,28.431278,365
509506.990900,6944433.639000,28.295478,370
509506.990900,6944433.639000,28.159678,375
509506.990900,6944433.639000,28.023878,380
509506.990900,6944433.639000,27.882244,385
509506.990900,6944433.639000,27.739365,390
509506.990900,6944433.639000,27.596487,395
509506.990900,6944433.639000,27.447558,400
509506.990900,6944433.639000,27.286044,405
509506.990900,6944433.639000,27.124530,410
509506.990900,6944433.639000,26.958370,415
509506.990900,6944433.639000,26.776566,420
509506.990900,6944433.639000,26.594763,425
509506.990900,6944433.639000,26.405192,430
509506.990900,6944433.639000,26.207166,435
509506.990900,6944433.639000,26.009140,440
509506.990900,6944433.639000,25.782206,445
509506.990900,6944433.639000,25.553873,450
509506.990900,6944433.639000,25.319482,455
509506.990900,6944433.639000,25.083220,460
509506.990900,6944433.639000,24.829264,465
509506.990900,6944433.639000,24.565686,470
509506.990900,6944433.639000,24.301838,475
509506.990900,6944433.639000,24.037900,480
509506.990900,6944433.639000,23.758770,485
509506.990900,6944433.639000,23.477225,490
509506.990900,6944433.639000,23.197160,495
509506.990900,6944433.639000,22.913413,500
509506.990900,6944433.639000,22.620906,505
509506.990900,6944433.639000,22.328459,510
509506.990900,6944433.639000,22.036056,515
509506.990900,6944433.639000,21.728145,520
509506.990900,6944433.639000,21.417423,525
509506.990900,6944433.639000,21.104944,530
509506.990900,6944433.639000,20.772243,535
509506.990900,6944433.639000,20.426504,540
509506.990900,6944433.639000,20.069928,545
509506.990900,6944433.639000,19.684585,550
509506.990900,6944433.639000,19.270374,555
509506.990900,6944433.639000,18.821609,560
509506.990900,6944433.639000,18.318762,565
509506.990900,6944433.639000,17.740059,570
509506.990900,6944433.639000,17.043606,575
509506.990900,6944433.639000,16.243207,580
509506.990900,6944433.639000,15.386850,585
509506.990900,6944433.639000,14.639248,590
509506.990900,6944433.639000,14.086626,595
509506.990900,6944433.639000,13.604814,600
509506.990900,6944433.639000,13.243996,605
509506.990900,6944433.639000,12.924136,610
509506.990900,6944433.639000,12.628737,615
509506.990900,6944433.639000,12.374787,620
509506.990900,6944433.639000,12.152855,625
509506.990900,6944433.639000,11.940017,630
509506.990900,6944433.639000,11.747302,635
509506.990900,6944433.639000,11.554587,640
509506.990900,6944433.639000,11.383569,645
509506.990900,6944433.639000,11.221125,650
509506.990900,6944433.639000,11.058681,655
509506.990900,6944433.639000,10.911687,660
509506.990900,6944433.639000,10.773430,665
509506.990900,6944433.639000,10.635172,670
509506.990900,6944433.639000,10.497181,675
509506.990900,6944433.639000,10.370822,680
509506.990900,6944433.639000,10.244463,685
509506.990900,6944433.639000,10.118105,690
509506.990900,6944433.639000,9.992920,695
509506.990900,6944433.639000,9.884540,700
509506.990900,6944433.639000,9.776159,705
509506.990900,6944433.639000,9.667778,710
509506.990900,6944433.639000,9.559398,715
509506.990900,6944433.639000,9.452618,720
509506.990900,6944433.639000,9.347781,725
509506.990900,6944433.639000,9.242943,730
509506.990900,6944433.639000,9.138106,735
509506.990900,6944433.639000,9.033268,740
509506.990900,6944433.639000,8.936581,745
509506.990900,6944433.639000,8.843682,750
509506.990900,6944433.639000,8.750782,755
509506.990900,6944433.639000,8.657883,760
509506.990900,6944433.639000,8.564984,765
509506.990900,6944433.639000,8.472120,770
509506.990900,6944433.639000,8.379337,775
509506.990900,6944433.639000,8.286555,780
509506.990900,6944433.639000,8.193773,785
509506.990900,6944433.639000,8.100991,790
509506.990900,6944433.639000,8.008209,795
509506.990900,6944433.639000,7.918449,800
509506.990900,6944433.639000,7.828983,805
509506.990900,6944433.639000,7.739517,810
509506.990900,6944433.639000,7.650052,815
509506.990900,6944433.639000,7.560586,820
509506.990900,6944433.639000,7.471018,825
509506.990900,6944433.639000,7.381237,830
509506.990900,6944433.639000,7.291456,835
509506.990900,6944433.639000,7.201675,840
509506.990900,6944433.639000,7.111895,845
509506.990900,6944433.639000,7.022114,850
509506.990900,6944433.639000,6.922649,855
509506.990900,6944433.639000,6.820020,860
509506.990900,6944433.639000,6.717391,865
509506.990900,6944433.639000,6.614762,870
509506.990900,6944433.639000,6.512133,875
509506.990900,6944433.639000,6.408265,880
509506.990900,6944433.639000,6.304232,885
509506.990900,6944433.639000,6.200198,890
509506.990900,6944433.639000,6.096164,895
509506.990900,6944433.639000,5.988294,900
509506.990900,6944433.639000,5.833530,905
509506.990900,6944433.639000,5.678767,910
509506.990900,6944433.639000,5.524003,915
509506.990900,6944433.639000,5.322501,920
509506.990900,6944433.639000,5.112419,925
509507.020900,6944433.661000,17.000000,575
509507.034100,6944433.670000,26.000000,440
509507.079200,6944433.703000,14.000000,595
509507.079900,6944433.703000,22.000000,515
509507.093700,6944433.713000,14.500000,590
509507.107700,6944433.723000,24.000000,480
509507.110800,6944433.725000,20.000000,545
509507.111300,6944433.726000,13.500000,600
509507.134700,6944433.742000,16.000000,580
509507.168600,6944433.767000,11.500000,640
509507.186600,6944433.780000,6.000000,900
509507.194700,6944433.785000,17.500000,570
509507.205600,6944433.793000,25.500000,450
509507.207000,6944433.794000,24.500000,470
509507.213100,6944433.799000,21.000000,530
509507.217900,6944433.802000,28.000000,380
509507.233400,6944433.813000,12.500000,615
509507.241200,6944433.819000,11.000000,655
509507.245100,6944433.821000,15.000000,585
509507.254600,6944433.828000,8.000000,795
509507.262900,6944433.834000,19.500000,555
509507.287500,6944433.852000,18.000000,565
509507.297900,6944433.859000,25.000000,460
509507.305800,6944433.865000,22.500000,505
509507.322400,6944433.877000,34.500000,240
509507.329200,6944433.882000,5.000000,930
509507.338800,6944433.888000,16.500000,575
509507.341700,6944433.891000,19.000000,555
509507.352200,6944433.898000,18.500000,560
509507.386700,6944433.923000,13.000000,605
509507.396200,6944433.930000,12.000000,625
509507.397500,6944433.930000,32.547398,240
509507.397500,6944433.930000,34.500000,240
509507.397500,6944433.930000,32.148585,245
509507.397500,6944433.930000,31.802989,250
509507.397500,6944433.930000,31.486803,255
509507.397500,6944433.930000,31.308703,260
509507.397500,6944433.930000,31.130602,265
509507.397500,6944433.930000,30.954076,270
509507.397500,6944433.930000,30.781879,275
509507.397500,6944433.930000,30.609681,280
509507.397500,6944433.930000,30.451865,285
509507.397500,6944433.930000,30.319279,290
509507.397500,6944433.930000,30.186693,295
509507.397500,6944433.930000,30.054108,300
509507.397500,6944433.930000,29.923418,305
509507.397500,6944433.930000,29.794036,310
509507.397500,6944433.930000,29.664654,315
509507.397500,6944433.930000,29.535271,320
509507.397500,6944433.930000,29.408348,325
509507.397500,6944433.930000,29.282346,330
509507.397500,6944433.930000,29.156345,335
509507.397500,6944433.930000,29.030343,340
509507.397500,6944433.930000,28.904950,345
509507.397500,6944433.930000,28.779750,350
509507.397500,6944433.930000,28.654550,355
509507.397500,6944433.930000,28.529350,360
509507.397500,6944433.930000,28.394448,365
509507.397500,6944433.930000,28.256576,370
509507.397500,6944433.930000,28.118704,375
509507.397500,6944433.930000,27.979870,380
509507.397500,6944433.930000,27.835078,385
509507.397500,6944433.930000,27.690286,390
509507.397500,6944433.930000,27.545494,395
509507.397500,6944433.930000,27.388021,400
509507.397500,6944433.930000,27.224738,405
509507.397500,6944433.930000,27.061456,410
509507.397500,6944433.930000,26.885671,415
509507.397500,6944433.930000,26.702341,420
509507.397500,6944433.930000,26.519011,425
509507.397500,6944433.930000,26.321330,430
509507.397500,6944433.930000,26.121989,435
509507.397500,6944433.930000,25.910886,440
509507.397500,6944433.930000,25.681235,445
509507.397500,6944433.930000,25.449722,450
509507.397500,6944433.930000,25.211236,455
509507.397500,6944433.930000,24.969845,460
509507.397500,6944433.930000,24.705936,465
509507.397500,6944433.930000,24.441054,470
509507.397500,6944433.930000,24.172716,475
509507.397500,6944433.930000,23.899817,480
509507.397500,6944433.930000,23.618683,485
509507.397500,6944433.930000,23.335822,490
509507.397500,6944433.930000,23.051702,495
509507.397500,6944433.930000,22.759081,500
509507.397500,6944433.930000,22.464199,505
509507.397500,6944433.930000,22.166597,510
509507.397500,6944433.930000,21.861883,515
509507.397500,6944433.930000,21.548125,520
509507.397500,6944433.930000,21.230033,525
509507.397500,6944433.930000,20.902831,530
509507.397500,6944433.930000,20.554069,535
509507.397500,6944433.930000,20.193021,540
509507.397500,6944433.930000,19.810404,545
509507.397500,6944433.930000,19.397375,550
509507.397500,6944433.930000,18.951101,555
509507.397500,6944433.930000,18.451459,560
509507.397500,6944433.930000,17.870658,565
509507.397500,6944433.930000,17.207480,570
509507.397500,6944433.930000,16.402703,575
509507.397500,6944433.930000,15.505606,580
509507.397500,6944433.930000,14.794921,585
509507.397500,6944433.930000,14.203970,590
509507.397500,6944433.930000,13.718913,595
509507.397500,6944433.930000,13.325825,600
509507.397500,6944433.930000,12.994117,605
509507.397500,6944433.930000,12.704349,610
509507.397500,6944433.930000,12.435710,615
509507.397500,6944433.930000,12.217618,620
509507.397500,6944433.930000,11.999587,625
509507.397500,6944433.930000,11.810010,630
509507.397500,6944433.930000,11.620434,635
509507.397500,6944433.930000,11.441906,640
509507.397500,6944433.930000,11.282625,645
509507.397500,6944433.930000,11.123344,650
509507.397500,6944433.930000,10.969306,655
509507.397500,6944433.930000,10.833265,660
509507.397500,6944433.930000,10.697225,665
509507.397500,6944433.930000,10.561184,670
509507.397500,6944433.930000,10.431656,675
509507.397500,6944433.930000,10.307452,680
509507.397500,6944433.930000,10.183248,685
509507.397500,6944433.930000,10.059044,690
509507.397500,6944433.930000,9.944029,695
509507.397500,6944433.930000,9.837342,700
509507.397500,6944433.930000,9.730655,705
509507.397500,6944433.930000,9.623968,710
509507.397500,6944433.930000,9.517281,715
509507.397500,6944433.930000,9.413582,720
509507.397500,6944433.930000,9.310460,725
509507.397500,6944433.930000,9.207338,730
509507.397500,6944433.930000,9.104217,735
509507.397500,6944433.930000,9.001095,740
509507.397500,6944433.930000,8.909410,745
509507.397500,6944433.930000,8.817848,750
509507.397500,6944433.930000,8.726285,755
509507.397500,6944433.930000,8.634723,760
509507.397500,6944433.930000,8.543161,765
509507.397500,6944433.930000,8.451775,770
509507.397500,6944433.930000,8.360545,775
509507.397500,6944433.930000,8.269315,780
509507.397500,6944433.930000,8.178085,785
509507.397500,6944433.930000,8.086855,790
509507.397500,6944433.930000,7.995765,795
509507.397500,6944433.930000,7.907437,800
509507.397500,6944433.930000,7.819109,805
509507.397500,6944433.930000,7.730782,810
509507.397500,6944433.930000,7.642454,815
509507.397500,6944433.930000,7.554126,820
509507.397500,6944433.930000,7.465751,825
509507.397500,6944433.930000,7.377301,830
509507.397500,6944433.930000,7.288850,835
509507.397500,6944433.930000,7.200400,840
509507.397500,6944433.930000,7.111950,845
509507.397500,6944433.930000,7.023500,850
509507.397500,6944433.930000,6.925675,855
509507.397500,6944433.930000,6.824459,860
509507.397500,6944433.930000,6.723242,865
509507.397500,6944433.930000,6.622026,870
509507.397500,6944433.930000,6.520809,875
509507.397500,6944433.930000,6.418537,880
509507.397500,6944433.930000,6.315992,885
509507.397500,6944433.930000,6.213446,890
509507.397500,6944433.930000,6.110901,895
509507.397500,6944433.930000,6.008356,900
509507.397500,6944433.930000,5.859927,905
509507.397500,6944433.930000,5.707428,910
509507.397500,6944433.930000,5.554928,915
509507.397500,6944433.930000,5.382973,920
509507.397500,6944433.930000,5.200064,925
509507.397500,6944433.930000,5.017156,930
509507.402700,6944433.934000,15.500000,580
509507.434100,6944433.957000,8.000000,795
509507.438500,6944433.960000,34.500000,240
509507.464100,6944433.978000,26.500000,425
509507.480500,6944433.990000,31.816439,255
509507.512200,6944434.013000,21.500000,520
509507.512500,6944434.013000,20.500000,535
509507.529200,6944434.025000,23.000000,495
509507.602300,6944434.077000,17.000000,570
509507.608600,6944434.082000,31.500000,255
509507.617100,6944434.088000,28.500000,360
509507.617600,6944434.088000,27.500000,395
509507.648200,6944434.110000,27.000000,410
509507.650300,6944434.111000,7.500000,825
509507.670400,6944434.126000,5.500000,920
509507.700500,6944434.147000,23.500000,485
509507.704000,6944434.150000,29.000000,340
509507.741700,6944434.177000,14.500000,585
509507.762700,6944434.192000,5.000000,935
509507.773000,6944434.199000,16.000000,575
509507.791200,6944434.212000,26.000000,435
509507.792000,6944434.213000,20.000000,540
509507.794700,6944434.215000,7.000000,855
509507.796500,6944434.216000,6.500000,880
509507.804100,6944434.222000,32.760428,240
509507.804100,6944434.222000,34.163211,240
509507.804100,6944434.222000,32.234382,245
509507.804100,6944434.222000,31.868892,250
509507.804100,6944434.222000,31.523681,255
509507.804100,6944434.222000,31.332638,260
509507.804100,6944434.222000,31.152950,265
509507.804100,6944434.222000,30.973596,270
509507.804100,6944434.222000,30.796155,275
509507.804100,6944434.222000,30.618714,280
509507.804100,6944434.222000,30.454724,285
509507.804100,6944434.222000,30.317924,290
509507.804100,6944434.222000,30.181124,295
509507.804100,6944434.222000,30.044324,300
509507.804100,6944434.222000,29.909692,305
509507.804100,6944434.222000,29.776098,310
509507.804100,6944434.222000,29.642505,315
509507.804100,6944434.222000,29.508912,320
509507.804100,6944434.222000,29.378942,325
509507.804100,6944434.222000,29.249231,330
509507.804100,6944434.222000,29.119520,335
509507.804100,6944434.222000,28.989873,340
509507.804100,6944434.222000,28.860974,345
509507.804100,6944434.222000,28.732074,350
509507.804100,6944434.222000,28.603175,355
509507.804100,6944434.222000,28.471899,360
509507.804100,6944434.222000,28.331092,365
509507.804100,6944434.222000,28.190285,370
509507.804100,6944434.222000,28.049478,375
509507.804100,6944434.222000,27.904119,380
509507.804100,6944434.222000,27.756295,385
509507.804100,6944434.222000,27.608470,390
509507.804100,6944434.222000,27.456101,395
509507.804100,6944434.222000,27.291204,400
509507.804100,6944434.222000,27.126308,405
509507.804100,6944434.222000,26.956742,410
509507.804100,6944434.222000,26.771890,415
509507.804100,6944434.222000,26.587038,420
509507.804100,6944434.222000,26.394557,425
509507.804100,6944434.222000,26.195285,430
509507.804100,6944434.222000,25.995419,435
509507.804100,6944434.222000,25.766404,440
509507.804100,6944434.222000,25.537390,445
509507.804100,6944434.222000,25.301840,450
509507.804100,6944434.222000,25.065016,455
509507.804100,6944434.222000,24.810094,460
509507.804100,6944434.222000,24.548322,465
509507.804100,6944434.222000,24.283182,470
509507.804100,6944434.222000,24.017280,475
509507.804100,6944434.222000,23.738925,480
509507.804100,6944434.222000,23.459105,485
509507.804100,6944434.222000,23.175723,490
509507.804100,6944434.222000,22.888949,495
509507.804100,6944434.222000,22.596641,500
509507.804100,6944434.222000,22.302055,505
509507.804100,6944434.222000,22.006342,510
509507.804100,6944434.222000,21.691997,515
509507.804100,6944434.222000,21.374954,520
509507.804100,6944434.222000,21.054331,525
509507.804100,6944434.222000,20.711099,530
509507.804100,6944434.222000,20.357241,535
509507.804100,6944434.222000,19.993420,540
509507.804100,6944434.222000,19.588206,545
509507.804100,6944434.222000,19.154482,550
509507.804100,6944434.222000,18.681221,555
509507.804100,6944434.222000,18.140000,560
509507.804100,6944434.222000,17.535237,565
509507.804100,6944434.222000,16.781417,570
509507.804100,6944434.222000,15.966133,575
509507.804100,6944434.222000,15.182087,580
509507.804100,6944434.222000,14.463689,585
509507.804100,6944434.222000,14.004407,590
509507.804100,6944434.222000,13.552733,595
509507.804100,6944434.222000,13.222862,600
509507.804100,6944434.222000,12.918343,605
509507.804100,6944434.222000,12.636518,610
509507.804100,6944434.222000,12.390553,615
509507.804100,6944434.222000,12.178279,620
509507.804100,6944434.222000,11.428931,640
509507.804100,6944434.222000,11.273229,645
509507.804100,6944434.222000,11.117526,650
509507.804100,6944434.222000,10.440318,675
509507.804100,6944434.222000,10.318642,680
509507.804100,6944434.222000,10.196967,685
509507.804100,6944434.222000,10.075292,690
509507.804100,6944434.222000,9.438864,720
509507.804100,6944434.222000,9.337679,725
509507.804100,6944434.222000,9.236494,730
509507.804100,6944434.222000,9.135310,735
509507.804100,6944434.222000,9.034125,740
509507.804100,6944434.222000,8.490703,770
509507.804100,6944434.222000,8.401233,775
509507.804100,6944434.222000,8.311763,780
509507.804100,6944434.222000,8.222293,785
509507.804100,6944434.222000,8.132823,790
509507.804100,6944434.222000,8.043353,795
509507.804100,6944434.222000,7.955186,800
509507.804100,6944434.222000,7.868243,805
509507.804100,6944434.222000,7.781300,810
509507.804100,6944434.222000,7.694357,815
509507.804100,6944434.222000,7.607414,820
509507.804100,6944434.222000,7.520470,825
509507.804100,6944434.222000,7.433884,830
509507.804100,6944434.222000,7.347406,835
509507.804100,6944434.222000,7.260929,840
509507.804100,6944434.222000,7.174452,845
509507.804100,6944434.222000,7.087975,850
509507.804100,6944434.222000,7.001498,855
509507.804100,6944434.222000,6.901687,860
509507.804100,6944434.222000,6.801640,865
509507.804100,6944434.222000,6.701594,870
509507.804100,6944434.222000,6.601548,875
509507.804100,6944434.222000,6.501502,880
509507.804100,6944434.222000,6.400840,885
509507.804100,6944434.222000,6.300170,890
509507.804100,6944434.222000,6.199499,895
509507.804100,6944434.222000,6.098828,900
509507.804100,6944434.222000,5.997254,905
509507.804100,6944434.222000,5.847173,910
509507.804100,6944434.222000,5.697092,915
509507.804100,6944434.222000,5.547011,920
509507.804100,6944434.222000,5.376892,925
509507.804100,6944434.222000,5.197633,930
509507.804100,6944434.222000,5.018373,935
509507.804100,6944434.222000,9.855432,705
509507.804100,6944434.222000,8.850441,755
509507.811900,6944434.227000,6.000000,905
509507.814100,6944434.229000,14.000000,590
509507.819800,6944434.233000,22.000000,510
509507.846200,6944434.252000,17.500000,565
509507.848400,6944434.253000,24.000000,475
509507.900000,6944434.290000,8.500000,770
509507.909600,6944434.297000,25.500000,445
509507.928200,6944434.310000,24.500000,465
509507.930600,6944434.312000,13.500000,595
509507.933100,6944434.314000,21.000000,525
509507.943900,6944434.322000,29.500000,320
509507.951400,6944434.327000,34.000000,245
509507.965500,6944434.337000,19.500000,545
509507.981900,6944434.349000,25.000000,455
509507.986100,6944434.352000,18.000000,560
509508.011000,6944434.370000,33.000000,240
509508.030200,6944434.383000,15.000000,580
509508.046600,6944434.395000,22.500000,500
509508.062500,6944434.406000,19.000000,550
509508.074900,6944434.415000,18.500000,555
509508.085900,6944434.423000,5.500000,925
509508.086100,6944434.423000,16.500000,570
509508.096000,6944434.430000,28.000000,375
509508.110800,6944434.441000,26.500000,420
509508.157300,6944434.474000,5.000000,940
509508.195300,6944434.502000,8.000000,800
509508.210600,6944434.513000,33.480460,240
509508.210600,6944434.513000,33.539060,240
509508.210600,6944434.513000,32.380360,245
509508.210600,6944434.513000,31.942253,250
509508.210600,6944434.513000,31.591173,255
509508.210600,6944434.513000,31.363047,260
509508.210600,6944434.513000,31.178053,265
509508.210600,6944434.513000,30.993144,270
509508.210600,6944434.513000,30.810416,275
509508.210600,6944434.513000,30.627687,280
509508.210600,6944434.513000,30.457530,285
509508.210600,6944434.513000,30.316537,290
509508.210600,6944434.513000,30.175543,295
509508.210600,6944434.513000,30.034550,300
509508.210600,6944434.513000,29.895946,305
509508.210600,6944434.513000,29.758118,310
509508.210600,6944434.513000,29.620290,315
509508.210600,6944434.513000,29.483020,320
509508.210600,6944434.513000,29.349577,325
509508.210600,6944434.513000,29.216135,330
509508.210600,6944434.513000,29.082693,335
509508.210600,6944434.513000,28.949586,340
509508.210600,6944434.513000,28.817026,345
509508.210600,6944434.513000,28.684466,350
509508.210600,6944434.513000,28.412338,360
509508.210600,6944434.513000,28.268262,365
509508.210600,6944434.513000,28.124187,370
509508.210600,6944434.513000,27.979182,375
509508.210600,6944434.513000,27.526766,390
509508.210600,6944434.513000,27.362376,395
509508.210600,6944434.513000,27.195056,400
509508.210600,6944434.513000,27.027735,405
509508.210600,6944434.513000,26.844420,410
509508.210600,6944434.513000,26.657927,415
509508.210600,6944434.513000,26.469331,420
509508.210600,6944434.513000,26.269108,425
509508.210600,6944434.513000,26.068885,430
509508.210600,6944434.513000,25.850265,435
509508.210600,6944434.513000,25.621994,440
509508.210600,6944434.513000,25.389804,445
509508.210600,6944434.513000,25.153115,450
509508.210600,6944434.513000,24.908671,455
509508.210600,6944434.513000,24.650020,460
509508.210600,6944434.513000,24.388848,465
509508.210600,6944434.513000,24.124193,470
509508.210600,6944434.513000,23.853440,475
509508.210600,6944434.513000,23.577296,480
509508.210600,6944434.513000,23.298183,485
509508.210600,6944434.513000,23.017917,490
509508.210600,6944434.513000,22.726673,495
509508.210600,6944434.513000,22.433852,500
509508.210600,6944434.513000,22.138161,505
509508.210600,6944434.513000,21.833365,510
509508.210600,6944434.513000,21.520583,515
509508.210600,6944434.513000,21.202469,520
509508.210600,6944434.513000,20.872361,525
509508.210600,6944434.513000,20.521981,530
509508.210600,6944434.513000,20.159005,535
509508.210600,6944434.513000,19.771605,540
509508.210600,6944434.513000,19.353740,545
509508.210600,6944434.513000,18.901225,550
509508.210600,6944434.513000,18.395101,555
509508.210600,6944434.513000,17.812670,560
509508.210600,6944434.513000,17.139000,565
509508.210600,6944434.513000,16.368808,570
509508.210600,6944434.513000,15.532110,575
509508.210600,6944434.513000,14.871905,580
509508.210600,6944434.513000,14.297792,585
509508.210600,6944434.513000,13.830689,590
509508.210600,6944434.513000,13.423167,595
509508.210600,6944434.513000,13.125976,600
509508.210600,6944434.513000,12.843167,605
509508.210600,6944434.513000,12.570939,610
509508.210600,6944434.513000,12.346796,615
509508.210600,6944434.513000,12.139598,620
509508.210600,6944434.513000,11.415905,640
509508.210600,6944434.513000,11.263803,645
509508.210600,6944434.513000,11.111701,650
509508.210600,6944434.513000,10.448985,675
509508.210600,6944434.513000,10.329823,680
509508.210600,6944434.513000,10.210661,685
509508.210600,6944434.513000,10.091499,690
509508.210600,6944434.513000,9.464147,720
509508.210600,6944434.513000,9.364882,725
509508.210600,6944434.513000,9.265617,730
509508.210600,6944434.513000,9.166352,735
509508.210600,6944434.513000,9.067087,740
509508.210600,6944434.513000,8.971366,745
509508.210600,6944434.513000,8.529708,770
509508.210600,6944434.513000,8.441617,775
509508.210600,6944434.513000,8.353648,780
509508.210600,6944434.513000,8.265679,785
509508.210600,6944434.513000,8.177710,790
509508.210600,6944434.513000,8.089741,795
509508.210600,6944434.513000,8.001772,800
509508.210600,6944434.513000,7.916398,805
509508.210600,6944434.513000,7.831076,810
509508.210600,6944434.513000,7.745755,815
509508.210600,6944434.513000,7.660433,820
509508.210600,6944434.513000,7.575112,825
509508.210600,6944434.513000,7.489847,830
509508.210600,6944434.513000,7.405002,835
509508.210600,6944434.513000,7.320157,840
509508.210600,6944434.513000,7.235312,845
509508.210600,6944434.513000,7.150467,850
509508.210600,6944434.513000,7.065622,855
509508.210600,6944434.513000,6.977702,860
509508.210600,6944434.513000,6.879285,865
509508.210600,6944434.513000,6.780868,870
509508.210600,6944434.513000,6.682451,875
509508.210600,6944434.513000,6.584034,880
509508.210600,6944434.513000,6.485597,885
509508.210600,6944434.513000,6.387047,890
509508.210600,6944434.513000,6.288497,895
509508.210600,6944434.513000,6.189947,900
509508.210600,6944434.513000,6.091397,905
509508.210600,6944434.513000,5.989253,910
509508.210600,6944434.513000,5.841179,915
509508.210600,6944434.513000,5.693105,920
509508.210600,6944434.513000,5.545031,925
509508.210600,6944434.513000,5.377117,930
509508.210600,6944434.513000,5.200534,935
509508.210600,6944434.513000,5.023951,940
509508.210600,6944434.513000,9.873521,705
509508.210600,6944434.513000,8.883034,755
509508.222000,6944434.521000,33.500000,240
509508.241800,6944434.535000,6.000000,910
509508.249500,6944434.540000,15.500000,575
509508.256000,6944434.545000,23.000000,490
509508.257600,6944434.546000,20.500000,530
509508.259700,6944434.548000,21.500000,515
509508.278900,6944434.561000,6.500000,885
509508.283400,6944434.565000,7.500000,830
509508.324800,6944434.594000,27.000000,405
509508.334400,6944434.601000,7.000000,860
509508.345600,6944434.609000,27.500000,390
509508.355600,6944434.616000,31.000000,270
509508.370000,6944434.627000,17.000000,565
509508.405200,6944434.652000,23.500000,480
509508.430300,6944434.670000,26.000000,430
509508.485100,6944434.709000,5.500000,930
509508.529600,6944434.741000,5.000000,945
509508.531200,6944434.742000,32.000000,250
509508.533400,6944434.744000,24.000000,470
509508.536300,6944434.746000,20.000000,535
509508.554200,6944434.758000,25.500000,440
509508.564100,6944434.765000,22.000000,505
509508.576900,6944434.775000,16.000000,570
509508.585900,6944434.781000,9.000000,745
509508.593700,6944434.787000,17.500000,560
509508.593800,6944434.787000,24.500000,460
509508.617200,6944434.804000,32.461452,245
509508.617200,6944434.804000,32.019520,250
509508.617200,6944434.804000,31.680790,255
509508.617200,6944434.804000,31.409227,260
509508.617200,6944434.804000,31.211313,265
509508.617200,6944434.804000,31.013399,270
509508.617200,6944434.804000,30.824673,275
509508.617200,6944434.804000,30.636614,280
509508.617200,6944434.804000,30.460288,285
509508.617200,6944434.804000,30.315122,290
509508.617200,6944434.804000,30.169955,295
509508.617200,6944434.804000,30.024789,300
509508.617200,6944434.804000,29.882220,305
509508.617200,6944434.804000,29.740185,310
509508.617200,6944434.804000,29.598151,315
509508.617200,6944434.804000,29.457596,320
509508.617200,6944434.804000,29.320352,325
509508.617200,6944434.804000,29.183107,330
509508.617200,6944434.804000,29.045863,335
509508.617200,6944434.804000,28.909300,340
509508.617200,6944434.804000,28.773078,345
509508.617200,6944434.804000,28.636857,350
509508.617200,6944434.804000,28.500636,355
509508.617200,6944434.804000,28.353058,360
509508.617200,6944434.804000,28.205427,365
509508.617200,6944434.804000,28.057796,370
509508.617200,6944434.804000,27.906419,375
509508.617200,6944434.804000,27.752633,380
509508.617200,6944434.804000,27.598847,385
509508.617200,6944434.804000,27.439096,390
509508.617200,6944434.804000,27.268612,395
509508.617200,6944434.804000,27.098127,400
509508.617200,6944434.804000,26.920182,405
509508.617200,6944434.804000,26.732120,410
509508.617200,6944434.804000,26.544058,415
509508.617200,6944434.804000,26.345182,420
509508.617200,6944434.804000,26.142996,425
509508.617200,6944434.804000,25.933309,430
509508.617200,6944434.804000,25.705495,435
509508.617200,6944434.804000,25.476952,440
509508.617200,6944434.804000,25.241683,445
509508.617200,6944434.804000,25.006415,450
509508.617200,6944434.804000,24.748950,455
509508.617200,6944434.804000,24.490749,460
509508.617200,6944434.804000,24.229441,465
509508.617200,6944434.804000,23.966438,470
509508.617200,6944434.804000,23.691227,475
509508.617200,6944434.804000,23.415069,480
509508.617200,6944434.804000,23.136755,485
509508.617200,6944434.804000,22.852676,490
509508.617200,6944434.804000,22.563027,495
509508.617200,6944434.804000,22.271510,500
509508.617200,6944434.804000,21.977914,505
509508.617200,6944434.804000,21.663664,510
509508.617200,6944434.804000,21.346973,515
509508.617200,6944434.804000,21.027627,520
509508.617200,6944434.804000,20.681365,525
509508.617200,6944434.804000,20.324986,530
509508.617200,6944434.804000,19.955875,535
509508.617200,6944434.804000,19.549539,540
509508.617200,6944434.804000,19.114227,545
509508.617200,6944434.804000,18.643253,550
509508.617200,6944434.804000,18.087360,555
509508.617200,6944434.804000,17.478954,560
509508.617200,6944434.804000,16.777218,565
509508.617200,6944434.804000,15.964336,570
509508.617200,6944434.804000,15.246264,575
509508.617200,6944434.804000,14.566419,580
509508.617200,6944434.804000,14.096287,585
509508.617200,6944434.804000,13.682272,590
509508.617200,6944434.804000,13.335325,595
509508.617200,6944434.804000,13.035650,600
509508.617200,6944434.804000,12.767662,605
509508.617200,6944434.804000,12.503952,610
509508.617200,6944434.804000,12.301717,615
509508.617200,6944434.804000,12.100418,620
509508.617200,6944434.804000,11.911978,625
509508.617200,6944434.804000,11.736337,630
509508.617200,6944434.804000,11.560696,635
509508.617200,6944434.804000,11.402830,640
509508.617200,6944434.804000,11.254351,645
509508.617200,6944434.804000,11.105871,650
509508.617200,6944434.804000,10.963435,655
509508.617200,6944434.804000,10.836016,660
509508.617200,6944434.804000,10.708596,665
509508.617200,6944434.804000,10.581177,670
509508.617200,6944434.804000,10.457661,675
509508.617200,6944434.804000,10.340996,680
509508.617200,6944434.804000,10.224332,685
509508.617200,6944434.804000,10.107668,690
509508.617200,6944434.804000,9.992240,695
509508.617200,6944434.804000,9.891610,700
509508.617200,6944434.804000,9.790980,705
509508.617200,6944434.804000,9.690350,710
509508.617200,6944434.804000,9.589720,715
509508.617200,6944434.804000,9.489444,720
509508.617200,6944434.804000,9.392082,725
509508.617200,6944434.804000,9.294719,730
509508.617200,6944434.804000,9.197357,735
509508.617200,6944434.804000,9.099994,740
509508.617200,6944434.804000,9.002631,745
509508.617200,6944434.804000,8.915628,750
509508.617200,6944434.804000,8.828911,755
509508.617200,6944434.804000,8.742195,760
509508.617200,6944434.804000,8.655479,765
509508.617200,6944434.804000,8.568763,770
509508.617200,6944434.804000,8.482104,775
509508.617200,6944434.804000,8.395667,780
509508.617200,6944434.804000,8.309229,785
509508.617200,6944434.804000,8.222791,790
509508.617200,6944434.804000,8.136353,795
509508.617200,6944434.804000,8.049915,800
509508.617200,6944434.804000,7.964619,805
509508.617200,6944434.804000,7.880884,810
509508.617200,6944434.804000,7.797149,815
509508.617200,6944434.804000,7.713413,820
509508.617200,6944434.804000,7.629678,825
509508.617200,6944434.804000,7.545943,830
509508.617200,6944434.804000,7.462193,835
509508.617200,6944434.804000,7.378426,840
509508.617200,6944434.804000,7.294658,845
509508.617200,6944434.804000,7.210891,850
509508.617200,6944434.804000,7.127124,855
509508.617200,6944434.804000,7.043356,860
509508.617200,6944434.804000,6.953669,865
509508.617200,6944434.804000,6.857629,870
509508.617200,6944434.804000,6.761589,875
509508.617200,6944434.804000,6.665550,880
509508.617200,6944434.804000,6.569510,885
509508.617200,6944434.804000,6.473181,890
509508.617200,6944434.804000,6.376094,895
509508.617200,6944434.804000,6.279007,900
509508.617200,6944434.804000,6.181920,905
509508.617200,6944434.804000,6.084832,910
509508.617200,6944434.804000,5.981766,915
509508.617200,6944434.804000,5.837312,920
509508.617200,6944434.804000,5.692857,925
509508.617200,6944434.804000,5.548403,930
509508.617200,6944434.804000,5.385446,935
509508.617200,6944434.804000,5.213166,940
509508.617200,6944434.804000,5.040885,945
509508.620400,6944434.806000,28.500000,355
509508.633200,6944434.815000,25.000000,450
509508.648800,6944434.826000,6.000000,915
509508.655900,6944434.831000,10.000000,695
509508.666000,6944434.838000,9.500000,720
509508.691300,6944434.857000,6.500000,890
509508.693000,6944434.858000,8.500000,775
509508.713400,6944434.872000,21.000000,520
509508.728800,6944434.883000,32.500000,245
509508.736800,6944434.889000,26.500000,415
509508.750500,6944434.899000,7.000000,865
509508.754100,6944434.902000,8.000000,805
509508.756200,6944434.903000,7.500000,835
509508.776600,6944434.918000,5.500000,935
509508.786700,6944434.925000,5.000000,950
509508.787600,6944434.925000,19.500000,540
509508.808100,6944434.940000,11.000000,655
509508.810400,6944434.942000,22.500000,495
509508.827300,6944434.954000,10.500000,675
509508.845900,6944434.967000,28.000000,370
509508.899100,6944435.005000,6.000000,920
509508.912400,6944435.015000,29.000000,335
509508.914800,6944435.017000,27.000000,400
509508.917200,6944435.018000,18.000000,555
509508.958200,6944435.048000,27.500000,385
509508.959600,6944435.049000,6.500000,895
509508.994900,6944435.074000,26.000000,425
509509.000800,6944435.078000,9.000000,750
509509.009000,6944435.084000,5.000000,955
509509.009800,6944435.085000,19.000000,545
509509.010300,6944435.085000,23.000000,485
509509.016200,6944435.089000,5.500000,940
509509.023800,6944435.095000,32.823416,245
509509.023800,6944435.095000,32.192026,250
509509.023800,6944435.095000,31.812278,255
509509.023800,6944435.095000,31.472115,260
509509.023800,6944435.095000,31.264583,265
509509.023800,6944435.095000,31.057051,270
509509.023800,6944435.095000,30.855070,275
509509.023800,6944435.095000,30.655194,280
509509.023800,6944435.095000,30.465810,285
509509.023800,6944435.095000,30.312867,290
509509.023800,6944435.095000,30.159924,295
509509.023800,6944435.095000,30.006981,300
509509.023800,6944435.095000,29.857599,305
509509.023800,6944435.095000,29.708387,310
509509.023800,6944435.095000,29.559175,315
509509.023800,6944435.095000,29.413233,320
509509.023800,6944435.095000,29.269440,325
509509.023800,6944435.095000,29.125647,330
509509.023800,6944435.095000,28.982135,335
509509.023800,6944435.095000,28.840563,340
509509.023800,6944435.095000,28.698991,345
509509.023800,6944435.095000,28.557419,350
509509.023800,6944435.095000,28.409662,355
509509.023800,6944435.095000,28.257685,360
509509.023800,6944435.095000,28.105708,365
509509.023800,6944435.095000,27.952141,370
509509.023800,6944435.095000,27.794943,375
509509.023800,6944435.095000,27.637746,380
509509.023800,6944435.095000,27.478759,385
509509.023800,6944435.095000,27.307111,390
509509.023800,6944435.095000,27.135463,395
509509.023800,6944435.095000,26.960205,400
509509.023800,6944435.095000,26.771432,405
509509.023800,6944435.095000,26.582659,410
509509.023800,6944435.095000,26.387933,415
509509.023800,6944435.095000,26.188569,420
509509.023800,6944435.095000,25.987831,425
509509.023800,6944435.095000,25.763079,430
509509.023800,6944435.095000,25.538328,435
509509.023800,6944435.095000,25.308107,440
509509.023800,6944435.095000,25.076763,445
509509.023800,6944435.095000,24.832737,450
509509.023800,6944435.095000,24.582414,455
509509.023800,6944435.095000,24.327490,460
509509.023800,6944435.095000,24.070309,465
509509.023800,6944435.095000,23.807011,470
509509.023800,6944435.095000,23.541414,475
509509.023800,6944435.095000,23.269032,480
509509.023800,6944435.095000,22.995265,485
509509.023800,6944435.095000,22.713809,490
509509.023800,6944435.095000,22.430569,495
509509.023800,6944435.095000,22.141687,500
509509.023800,6944435.095000,21.844494,505
509509.023800,6944435.095000,21.539300,510
509509.023800,6944435.095000,21.226353,515
509509.023800,6944435.095000,20.904525,520
509509.023800,6944435.095000,20.562746,525
509509.023800,6944435.095000,20.206496,530
509509.023800,6944435.095000,19.830643,535
509509.023800,6944435.095000,19.427114,540
509509.023800,6944435.095000,18.995588,545
509509.023800,6944435.095000,18.518920,550
509509.023800,6944435.095000,17.967945,555
509509.023800,6944435.095000,17.346545,560
509509.023800,6944435.095000,16.651972,565
509509.023800,6944435.095000,15.911671,570
509509.023800,6944435.095000,15.225834,575
509509.023800,6944435.095000,14.618926,580
509509.023800,6944435.095000,14.153020,585
509509.023800,6944435.095000,13.746129,590
509509.023800,6944435.095000,13.394917,595
509509.023800,6944435.095000,13.111124,600
509509.023800,6944435.095000,12.846058,605
509509.023800,6944435.095000,12.593044,610
509509.023800,6944435.095000,12.376712,615
509509.023800,6944435.095000,12.181717,620
509509.023800,6944435.095000,11.988374,625
509509.023800,6944435.095000,11.817648,630
509509.023800,6944435.095000,11.646922,635
509509.023800,6944435.095000,11.479873,640
509509.023800,6944435.095000,11.335520,645
509509.023800,6944435.095000,11.191167,650
509509.023800,6944435.095000,11.046814,655
509509.023800,6944435.095000,10.915859,660
509509.023800,6944435.095000,10.791334,665
509509.023800,6944435.095000,10.666809,670
509509.023800,6944435.095000,10.542285,675
509509.023800,6944435.095000,10.424856,680
509509.023800,6944435.095000,10.311076,685
509509.023800,6944435.095000,10.197295,690
509509.023800,6944435.095000,10.083515,695
509509.023800,6944435.095000,9.973718,700
509509.023800,6944435.095000,9.874913,705
509509.023800,6944435.095000,9.776109,710
509509.023800,6944435.095000,9.677304,715
509509.023800,6944435.095000,9.578499,720
509509.023800,6944435.095000,9.480479,725
509509.023800,6944435.095000,9.385492,730
509509.023800,6944435.095000,9.290506,735
509509.023800,6944435.095000,9.195519,740
509509.023800,6944435.095000,9.100532,745
509509.023800,6944435.095000,9.005545,750
509509.023800,6944435.095000,8.919466,755
509509.023800,6944435.095000,8.833939,760
509509.023800,6944435.095000,8.748412,765
509509.023800,6944435.095000,8.662885,770
509509.023800,6944435.095000,8.577359,775
509509.023800,6944435.095000,8.491945,780
509509.023800,6944435.095000,8.407602,785
509509.023800,6944435.095000,8.323260,790
509509.023800,6944435.095000,8.238917,795
509509.023800,6944435.095000,8.154575,800
509509.023800,6944435.095000,8.070233,805
509509.023800,6944435.095000,7.986144,810
509509.023800,6944435.095000,7.903317,815
509509.023800,6944435.095000,7.820491,820
509509.023800,6944435.095000,7.737665,825
509509.023800,6944435.095000,7.654839,830
509509.023800,6944435.095000,7.572012,835
509509.023800,6944435.095000,7.489333,840
509509.023800,6944435.095000,7.407628,845
509509.023800,6944435.095000,7.325924,850
509509.023800,6944435.095000,7.244220,855
509509.023800,6944435.095000,7.162515,860
509509.023800,6944435.095000,7.080811,865
509509.023800,6944435.095000,6.998959,870
509509.023800,6944435.095000,6.903723,875
509509.023800,6944435.095000,6.808487,880
509509.023800,6944435.095000,6.713251,885
509509.023800,6944435.095000,6.618015,890
509509.023800,6944435.095000,6.522779,895
509509.023800,6944435.095000,6.427663,900
509509.023800,6944435.095000,6.332585,905
509509.023800,6944435.095000,6.237507,910
509509.023800,6944435.095000,6.142429,915
509509.023800,6944435.095000,6.047351,920
509509.023800,6944435.095000,5.928975,925
509509.023800,6944435.095000,5.787485,930
509509.023800,6944435.095000,5.645996,935
509509.023800,6944435.095000,5.504506,940
509509.023800,6944435.095000,5.340491,945
509509.023800,6944435.095000,5.175735,950
509509.023800,6944435.095000,5.010980,955
509509.026600,6944435.097000,7.000000,870
509509.055500,6944435.117000,8.500000,780
509509.060700,6944435.121000,7.500000,840
509509.065200,6944435.124000,34.500000,245
509509.074500,6944435.131000,8.000000,810
509509.075900,6944435.132000,12.000000,625
509509.096700,6944435.147000,18.500000,550
509509.106100,6944435.153000,9.500000,725
509509.114700,6944435.160000,11.500000,640
509509.115100,6944435.160000,25.500000,435
509509.131500,6944435.172000,33.000000,245
509509.137200,6944435.176000,23.500000,475
509509.138900,6944435.177000,6.000000,925
509509.143100,6944435.180000,10.000000,700
509509.157900,6944435.191000,21.500000,510
509509.180700,6944435.207000,30.000000,300
509509.196000,6944435.218000,34.000000,245
509509.203800,6944435.223000,24.000000,465
509509.208400,6944435.227000,25.000000,445
509509.212200,6944435.229000,6.500000,900
509509.219000,6944435.234000,5.000000,960
509509.226300,6944435.240000,24.500000,455
509509.242200,6944435.251000,26.500000,410
509509.245400,6944435.253000,5.500000,945
509509.252100,6944435.258000,20.500000,525
509509.254300,6944435.260000,31.500000,260
509509.258300,6944435.262000,33.500000,245
509509.286200,6944435.282000,7.000000,875
509509.296200,6944435.290000,28.500000,355
509509.342800,6944435.323000,7.500000,845
509509.354800,6944435.331000,10.500000,680
509509.368200,6944435.341000,9.000000,755
509509.368200,6944435.341000,6.000000,930
509509.377600,6944435.348000,8.000000,815
509509.386800,6944435.354000,8.500000,785
509509.408600,6944435.370000,11.000000,660
509509.423400,6944435.381000,27.000000,395
509509.428200,6944435.384000,5.000000,965
509509.430400,6944435.386000,32.418400,250
509509.430400,6944435.386000,31.956867,255
509509.430400,6944435.386000,31.542537,260
509509.430400,6944435.386000,31.310512,265
509509.430400,6944435.386000,31.099344,270
509509.430400,6944435.386000,30.887419,275
509509.430400,6944435.386000,30.674820,280
509509.430400,6944435.386000,30.471385,285
509509.430400,6944435.386000,30.310358,290
509509.430400,6944435.386000,30.149330,295
509509.430400,6944435.386000,29.988532,300
509509.430400,6944435.386000,29.830659,305
509509.430400,6944435.386000,29.672786,310
509509.430400,6944435.386000,29.514913,315
509509.430400,6944435.386000,29.364281,320
509509.430400,6944435.386000,29.214404,325
509509.430400,6944435.386000,29.064527,330
509509.430400,6944435.386000,28.915501,335
509509.430400,6944435.386000,28.767119,340
509509.430400,6944435.386000,28.618736,345
509509.430400,6944435.386000,28.468849,350
509509.430400,6944435.386000,28.312937,355
509509.430400,6944435.386000,28.157025,360
509509.430400,6944435.386000,28.001112,365
509509.430400,6944435.386000,27.839434,370
509509.430400,6944435.386000,27.677714,375
509509.430400,6944435.386000,27.515994,380
509509.430400,6944435.386000,27.343957,385
509509.430400,6944435.386000,27.170787,390
509509.430400,6944435.386000,26.997390,395
509509.430400,6944435.386000,26.807736,400
509509.430400,6944435.386000,26.618082,405
509509.430400,6944435.386000,26.424924,410
509509.430400,6944435.386000,26.225986,415
509509.430400,6944435.386000,26.027049,420
509509.430400,6944435.386000,25.810102,425
509509.430400,6944435.386000,25.590321,430
509509.430400,6944435.386000,25.365509,435
509509.430400,6944435.386000,25.137187,440
509509.430400,6944435.386000,24.903469,445
509509.430400,6944435.386000,24.661627,450
509509.430400,6944435.386000,24.416556,455
509509.430400,6944435.386000,24.164978,460
509509.430400,6944435.386000,23.911325,465
509509.430400,6944435.386000,23.653722,470
509509.430400,6944435.386000,23.392505,475
509509.430400,6944435.386000,23.125941,480
509509.430400,6944435.386000,22.855104,485
509509.430400,6944435.386000,22.580439,490
509509.430400,6944435.386000,22.300826,495
509509.430400,6944435.386000,22.019163,500
509509.430400,6944435.386000,21.721020,505
509509.430400,6944435.386000,21.419307,510
509509.430400,6944435.386000,21.110919,515
509509.430400,6944435.386000,20.786122,520
509509.430400,6944435.386000,20.449415,525
509509.430400,6944435.386000,20.096622,530
509509.430400,6944435.386000,19.718858,535
509509.430400,6944435.386000,19.317080,540
509509.430400,6944435.386000,18.884271,545
509509.430400,6944435.386000,18.404926,550
509509.430400,6944435.386000,17.868406,555
509509.430400,6944435.386000,17.265148,560
509509.430400,6944435.386000,16.605904,565
509509.430400,6944435.386000,15.911034,570
509509.430400,6944435.386000,15.267805,575
509509.430400,6944435.386000,14.702053,580
509509.430400,6944435.386000,14.239922,585
509509.430400,6944435.386000,13.838867,590
509509.430400,6944435.386000,13.474028,595
509509.430400,6944435.386000,13.204351,600
509509.430400,6944435.386000,12.941143,605
509509.430400,6944435.386000,12.698172,610
509509.430400,6944435.386000,12.465179,615
509509.430400,6944435.386000,12.276327,620
509509.430400,6944435.386000,12.087475,625
509509.430400,6944435.386000,11.911161,630
509509.430400,6944435.386000,11.745666,635
509509.430400,6944435.386000,11.580170,640
509509.430400,6944435.386000,11.427462,645
509509.430400,6944435.386000,11.286768,650
509509.430400,6944435.386000,11.146074,655
509509.430400,6944435.386000,11.005380,660
509509.430400,6944435.386000,10.883069,665
509509.430400,6944435.386000,10.761490,670
509509.430400,6944435.386000,10.639910,675
509509.430400,6944435.386000,10.518330,680
509509.430400,6944435.386000,10.405428,685
509509.430400,6944435.386000,10.294066,690
509509.430400,6944435.386000,10.182703,695
509509.430400,6944435.386000,10.071341,700
509509.430400,6944435.386000,9.965236,705
509509.430400,6944435.386000,9.868502,710
509509.430400,6944435.386000,9.771767,715
509509.430400,6944435.386000,9.675033,720
509509.430400,6944435.386000,9.578299,725
509509.430400,6944435.386000,9.482224,730
509509.430400,6944435.386000,9.388951,735
509509.430400,6944435.386000,9.295679,740
509509.430400,6944435.386000,9.202406,745
509509.430400,6944435.386000,9.109134,750
509509.430400,6944435.386000,9.015861,755
509509.430400,6944435.386000,8.930390,760
509509.430400,6944435.386000,8.846517,765
509509.430400,6944435.386000,8.762644,770
509509.430400,6944435.386000,8.678771,775
509509.430400,6944435.386000,8.594898,780
509509.430400,6944435.386000,8.511025,785
509509.430400,6944435.386000,8.428131,790
509509.430400,6944435.386000,8.345385,795
509509.430400,6944435.386000,8.262640,800
509509.430400,6944435.386000,8.179894,805
509509.430400,6944435.386000,8.097148,810
509509.430400,6944435.386000,8.014402,815
509509.430400,6944435.386000,7.932699,820
509509.430400,6944435.386000,7.851216,825
509509.430400,6944435.386000,7.769733,830
509509.430400,6944435.386000,7.688250,835
509509.430400,6944435.386000,7.606767,840
509509.430400,6944435.386000,7.525284,845
509509.430400,6944435.386000,7.444780,850
509509.430400,6944435.386000,7.364717,855
509509.430400,6944435.386000,7.284655,860
509509.430400,6944435.386000,7.204592,865
509509.430400,6944435.386000,7.124529,870
509509.430400,6944435.386000,7.044466,875
509509.430400,6944435.386000,6.958260,880
509509.430400,6944435.386000,6.864380,885
509509.430400,6944435.386000,6.770499,890
509509.430400,6944435.386000,6.676618,895
509509.430400,6944435.386000,6.582738,900
509509.430400,6944435.386000,6.488989,905
509509.430400,6944435.386000,6.396221,910
509509.430400,6944435.386000,6.303452,915
509509.430400,6944435.386000,6.210683,920
509509.430400,6944435.386000,6.117915,925
509509.430400,6944435.386000,6.025146,930
509509.430400,6944435.386000,5.896968,935
509509.430400,6944435.386000,5.755622,940
509509.430400,6944435.386000,5.614276,945
509509.430400,6944435.386000,5.470096,950
509509.430400,6944435.386000,5.313950,955
509509.430400,6944435.386000,5.157804,960
509509.430400,6944435.386000,5.001658,965
509509.434800,6944435.389000,28.000000,365
509509.458700,6944435.406000,6.500000,905
509509.471900,6944435.415000,5.500000,950
509509.485200,6944435.425000,27.500000,380
509509.492900,6944435.430000,22.000000,500
509509.498000,6944435.434000,26.000000,420
509509.503700,6944435.438000,9.500000,730
509509.544500,6944435.467000,13.500000,595
509509.546200,6944435.468000,7.000000,880
509509.546400,6944435.469000,32.000000,255
509509.574000,6944435.488000,29.500000,315
509509.584600,6944435.496000,10.000000,705
509509.587300,6944435.498000,12.500000,615
509509.597500,6944435.505000,6.000000,935
509509.618300,6944435.520000,7.500000,850
509509.630600,6944435.529000,32.500000,250
509509.642900,6944435.538000,25.500000,430
509509.648200,6944435.541000,5.000000,970
509509.672800,6944435.559000,22.500000,490
509509.678800,6944435.563000,13.000000,605
509509.679500,6944435.564000,8.000000,820
509509.688900,6944435.571000,5.500000,955
509509.697600,6944435.577000,6.500000,910
509509.707900,6944435.584000,8.500000,790
509509.724700,6944435.596000,9.000000,760
509509.743900,6944435.610000,26.500000,405
509509.748600,6944435.613000,11.500000,645
509509.758900,6944435.621000,25.000000,440
509509.796600,6944435.648000,23.000000,480
509509.804100,6944435.653000,20.000000,530
509509.806700,6944435.655000,7.000000,885
509509.816800,6944435.662000,12.000000,630
509509.818000,6944435.663000,24.500000,450
509509.826800,6944435.669000,6.000000,940
509509.836000,6944435.676000,10.500000,685
509509.837000,6944435.677000,32.749514,250
509509.837000,6944435.677000,32.120700,255
509509.837000,6944435.677000,31.710619,260
509509.837000,6944435.677000,31.390346,265
509509.837000,6944435.677000,31.153033,270
509509.837000,6944435.677000,30.919919,275
509509.837000,6944435.677000,30.694429,280
509509.837000,6944435.677000,30.476720,285
509509.837000,6944435.677000,30.307717,290
509509.837000,6944435.677000,30.138715,295
509509.837000,6944435.677000,29.970192,300
509509.837000,6944435.677000,29.803866,305
509509.837000,6944435.677000,29.637540,310
509509.837000,6944435.677000,29.472924,315
509509.837000,6944435.677000,29.316476,320
509509.837000,6944435.677000,29.160028,325
509509.837000,6944435.677000,29.003581,330
509509.837000,6944435.677000,28.848943,335
509509.837000,6944435.677000,28.694348,340
509509.837000,6944435.677000,28.539753,345
509509.837000,6944435.677000,28.380047,350
509509.837000,6944435.677000,28.218573,355
509509.837000,6944435.677000,28.057098,360
509509.837000,6944435.677000,27.892696,365
509509.837000,6944435.677000,27.726692,370
509509.837000,6944435.677000,27.560688,375
509509.837000,6944435.677000,27.387700,380
509509.837000,6944435.677000,27.210686,385
509509.837000,6944435.677000,27.033673,390
509509.837000,6944435.677000,26.845760,395
509509.837000,6944435.677000,26.655286,400
509509.837000,6944435.677000,26.463098,405
509509.837000,6944435.677000,26.263347,410
509509.837000,6944435.677000,26.063596,415
509509.837000,6944435.677000,25.852231,420
509509.837000,6944435.677000,25.635442,425
509509.837000,6944435.677000,25.415955,430
509509.837000,6944435.677000,25.191975,435
509509.837000,6944435.677000,24.966141,440
509509.837000,6944435.677000,24.729185,445
509509.837000,6944435.677000,24.492027,450
509509.837000,6944435.677000,24.248924,455
509509.837000,6944435.677000,24.005821,460
509509.837000,6944435.677000,23.753602,465
509509.837000,6944435.677000,23.501159,470
509509.837000,6944435.677000,23.243899,475
509509.837000,6944435.677000,22.985970,480
509509.837000,6944435.677000,22.716244,485
509509.837000,6944435.677000,22.445649,490
509509.837000,6944435.677000,22.171541,495
509509.837000,6944435.677000,21.890353,500
509509.837000,6944435.677000,21.597324,505
509509.837000,6944435.677000,21.300174,510
509509.837000,6944435.677000,21.000975,515
509509.837000,6944435.677000,20.670942,520
509509.837000,6944435.677000,20.334650,525
509509.837000,6944435.677000,19.990832,530
509509.837000,6944435.677000,19.609977,535
509509.837000,6944435.677000,19.207434,540
509509.837000,6944435.677000,18.773596,545
509509.837000,6944435.677000,18.297526,550
509509.837000,6944435.677000,17.771111,555
509509.837000,6944435.677000,17.187842,560
509509.837000,6944435.677000,16.561829,565
509509.837000,6944435.677000,15.910652,570
509509.837000,6944435.677000,15.309050,575
509509.837000,6944435.677000,14.774960,580
509509.837000,6944435.677000,14.323365,585
509509.837000,6944435.677000,13.935524,590
509509.837000,6944435.677000,13.586265,595
509509.837000,6944435.677000,13.302599,600
509509.837000,6944435.677000,13.040448,605
509509.837000,6944435.677000,12.802332,610
509509.837000,6944435.677000,12.568600,615
509509.837000,6944435.677000,12.370819,620
509509.837000,6944435.677000,12.187972,625
509509.837000,6944435.677000,12.005124,630
509509.837000,6944435.677000,11.843991,635
509509.837000,6944435.677000,11.683483,640
509509.837000,6944435.677000,11.522976,645
509509.837000,6944435.677000,11.382460,650
509509.837000,6944435.677000,11.245285,655
509509.837000,6944435.677000,11.108109,660
509509.837000,6944435.677000,10.974857,665
509509.837000,6944435.677000,10.856201,670
509509.837000,6944435.677000,10.737544,675
509509.837000,6944435.677000,10.618887,680
509509.837000,6944435.677000,10.500230,685
509509.837000,6944435.677000,10.391194,690
509509.837000,6944435.677000,10.282176,695
509509.837000,6944435.677000,10.173158,700
509509.837000,6944435.677000,10.064140,705
509509.837000,6944435.677000,9.961003,710
509509.837000,6944435.677000,9.866272,715
509509.837000,6944435.677000,9.771541,720
509509.837000,6944435.677000,9.676810,725
509509.837000,6944435.677000,9.582079,730
509509.837000,6944435.677000,9.487747,735
509509.837000,6944435.677000,9.396006,740
509509.837000,6944435.677000,9.304265,745
509509.837000,6944435.677000,9.212524,750
509509.837000,6944435.677000,9.120783,755
509509.837000,6944435.677000,9.029041,760
509509.837000,6944435.677000,8.943864,765
509509.837000,6944435.677000,8.861726,770
509509.837000,6944435.677000,8.779589,775
509509.837000,6944435.677000,8.697451,780
509509.837000,6944435.677000,8.615314,785
509509.837000,6944435.677000,8.533176,790
509509.837000,6944435.677000,8.451285,795
509509.837000,6944435.677000,8.369561,800
509509.837000,6944435.677000,8.287836,805
509509.837000,6944435.677000,8.206112,810
509509.837000,6944435.677000,8.124388,815
509509.837000,6944435.677000,8.042664,820
509509.837000,6944435.677000,7.961949,825
509509.837000,6944435.677000,7.882338,830
509509.837000,6944435.677000,7.802727,835
509509.837000,6944435.677000,7.723115,840
509509.837000,6944435.677000,7.643504,845
509509.837000,6944435.677000,7.563893,850
509509.837000,6944435.677000,7.484364,855
509509.837000,6944435.677000,7.405169,860
509509.837000,6944435.677000,7.325975,865
509509.837000,6944435.677000,7.246780,870
509509.837000,6944435.677000,7.167586,875
509509.837000,6944435.677000,7.088391,880
509509.837000,6944435.677000,7.009196,885
509509.837000,6944435.677000,6.919171,890
509509.837000,6944435.677000,6.827723,895
509509.837000,6944435.677000,6.736275,900
509509.837000,6944435.677000,6.644827,905
509509.837000,6944435.677000,6.553379,910
509509.837000,6944435.677000,6.461884,915
509509.837000,6944435.677000,6.370322,920
509509.837000,6944435.677000,6.278760,925
509509.837000,6944435.677000,6.187198,930
509509.837000,6944435.677000,6.095635,935
509509.837000,6944435.677000,6.004073,940
509509.837000,6944435.677000,5.868681,945
509509.837000,6944435.677000,5.731247,950
509509.837000,6944435.677000,5.593814,955
509509.837000,6944435.677000,5.450018,960
509509.837000,6944435.677000,5.292537,965
509509.837000,6944435.677000,5.135057,970
509509.841300,6944435.680000,23.500000,470
509509.842600,6944435.681000,21.000000,515
509509.857200,6944435.691000,24.000000,460
509509.861100,6944435.694000,29.000000,330
509509.872300,6944435.702000,5.000000,975
509509.885600,6944435.711000,9.500000,735
509509.891800,6944435.716000,7.500000,855
509509.911000,6944435.730000,5.500000,960
509509.937100,6944435.748000,34.500000,250
509509.937500,6944435.749000,11.000000,665
509509.941400,6944435.751000,6.500000,915
509509.951500,6944435.759000,27.000000,390
509509.977200,6944435.777000,8.000000,825
509509.986900,6944435.784000,33.000000,250
509509.998400,6944435.792000,10.000000,710
509510.024400,6944435.811000,8.500000,795
509510.033900,6944435.818000,26.000000,415
509510.042200,6944435.823000,14.000000,590
509510.047500,6944435.827000,28.500000,345
509510.064900,6944435.840000,9.000000,765
509510.069300,6944435.843000,27.500000,375
509510.069900,6944435.843000,7.000000,890
509510.070600,6944435.844000,6.000000,945
509510.083300,6944435.853000,28.000000,360
509510.095600,6944435.862000,34.000000,250
509510.120500,6944435.880000,5.000000,980
509510.144300,6944435.897000,5.500000,965
509510.144800,6944435.897000,33.500000,250
509510.169400,6944435.915000,7.500000,860
509510.192100,6944435.931000,6.500000,920
509510.241500,6944435.966000,25.500000,425
509510.243600,6944435.968000,32.335655,255
509510.243600,6944435.968000,31.833630,260
509510.243600,6944435.968000,31.451818,265
509510.243600,6944435.968000,31.199793,270
509510.243600,6944435.968000,30.950462,275
509510.243600,6944435.968000,30.711437,280
509510.243600,6944435.968000,30.479527,285
509510.243600,6944435.968000,30.302138,290
509510.243600,6944435.968000,30.124750,295
509510.243600,6944435.968000,29.948316,300
509510.243600,6944435.968000,29.774144,305
509510.243600,6944435.968000,29.599972,310
509510.243600,6944435.968000,29.430466,315
509510.243600,6944435.968000,29.267247,320
509510.243600,6944435.968000,29.104027,325
509510.243600,6944435.968000,28.941944,330
509510.243600,6944435.968000,28.781857,335
509510.243600,6944435.968000,28.621770,340
509510.243600,6944435.968000,28.460232,345
509510.243600,6944435.968000,28.294083,350
509510.243600,6944435.968000,28.127934,355
509510.243600,6944435.968000,27.961091,360
509510.243600,6944435.968000,27.791927,365
509510.243600,6944435.968000,27.622763,370
509510.243600,6944435.968000,27.450831,375
509510.243600,6944435.968000,27.271575,380
509510.243600,6944435.968000,27.092318,385
509510.243600,6944435.968000,26.907622,390
509510.243600,6944435.968000,26.717148,395
509510.243600,6944435.968000,26.526675,400
509510.243600,6944435.968000,26.329446,405
509510.243600,6944435.968000,26.131116,410
509510.243600,6944435.968000,25.927452,415
509510.243600,6944435.968000,25.713380,420
509510.243600,6944435.968000,25.499295,425
509510.243600,6944435.968000,25.280861,430
509510.243600,6944435.968000,25.062427,435
509510.243600,6944435.968000,24.833417,440
509510.243600,6944435.968000,24.600173,445
509510.243600,6944435.968000,24.365049,450
509510.243600,6944435.968000,24.128510,455
509510.243600,6944435.968000,23.887248,460
509510.243600,6944435.968000,23.640371,465
509510.243600,6944435.968000,23.391851,470
509510.243600,6944435.968000,23.141166,475
509510.243600,6944435.968000,22.884809,480
509510.243600,6944435.968000,22.621141,485
509510.243600,6944435.968000,22.355104,490
509510.243600,6944435.968000,22.087052,495
509510.243600,6944435.968000,21.806148,500
509510.243600,6944435.968000,21.519061,505
509510.243600,6944435.968000,21.225903,510
509510.243600,6944435.968000,20.925516,515
509510.243600,6944435.968000,20.602444,520
509510.243600,6944435.968000,20.270100,525
509510.243600,6944435.968000,19.926480,530
509510.243600,6944435.968000,19.554571,535
509510.243600,6944435.968000,19.156556,540
509510.243600,6944435.968000,18.730025,545
509510.243600,6944435.968000,18.264210,550
509510.243600,6944435.968000,17.752598,555
509510.243600,6944435.968000,17.194140,560
509510.243600,6944435.968000,16.602145,565
509510.243600,6944435.968000,15.982237,570
509510.243600,6944435.968000,15.409356,575
509510.243600,6944435.968000,14.893437,580
509510.243600,6944435.968000,14.433759,585
509510.243600,6944435.968000,14.066542,590
509510.243600,6944435.968000,13.723055,595
509510.243600,6944435.968000,13.415511,600
509510.243600,6944435.968000,13.167402,605
509510.243600,6944435.968000,12.926187,610
509510.243600,6944435.968000,12.699271,615
509510.243600,6944435.968000,12.478503,620
509510.243600,6944435.968000,12.302051,625
509510.243600,6944435.968000,12.125600,630
509510.243600,6944435.968000,11.954845,635
509510.243600,6944435.968000,11.798159,640
509510.243600,6944435.968000,11.641473,645
509510.243600,6944435.968000,11.487027,650
509510.243600,6944435.968000,11.353410,655
509510.243600,6944435.968000,11.219792,660
509510.243600,6944435.968000,11.086174,665
509510.243600,6944435.968000,10.958675,670
509510.243600,6944435.968000,10.842288,675
509510.243600,6944435.968000,10.725902,680
509510.243600,6944435.968000,10.609515,685
509510.243600,6944435.968000,10.493699,690
509510.243600,6944435.968000,10.386964,695
509510.243600,6944435.968000,10.280230,700
509510.243600,6944435.968000,10.173496,705
509510.243600,6944435.968000,10.066762,710
509510.243600,6944435.968000,9.965047,715
509510.243600,6944435.968000,9.871715,720
509510.243600,6944435.968000,9.778383,725
509510.243600,6944435.968000,9.685052,730
509510.243600,6944435.968000,9.591720,735
509510.243600,6944435.968000,9.498445,740
509510.243600,6944435.968000,9.408407,745
509510.243600,6944435.968000,9.318369,750
509510.243600,6944435.968000,9.228331,755
509510.243600,6944435.968000,9.138293,760
509510.243600,6944435.968000,9.048255,765
509510.243600,6944435.968000,8.962337,770
509510.243600,6944435.968000,8.881178,775
509510.243600,6944435.968000,8.800019,780
509510.243600,6944435.968000,8.718860,785
509510.243600,6944435.968000,8.637701,790
509510.243600,6944435.968000,8.556542,795
509510.243600,6944435.968000,8.475581,800
509510.243600,6944435.968000,8.395077,805
509510.243600,6944435.968000,8.314573,810
509510.243600,6944435.968000,8.234069,815
509510.243600,6944435.968000,8.153565,820
509510.243600,6944435.968000,8.073061,825
509510.243600,6944435.968000,7.992731,830
509510.243600,6944435.968000,7.914107,835
509510.243600,6944435.968000,7.835483,840
509510.243600,6944435.968000,7.756860,845
509510.243600,6944435.968000,7.678236,850
509510.243600,6944435.968000,7.599612,855
509510.243600,6944435.968000,7.520988,860
509510.243600,6944435.968000,7.442661,865
509510.243600,6944435.968000,7.364441,870
509510.243600,6944435.968000,7.286222,875
509510.243600,6944435.968000,7.208002,880
509510.243600,6944435.968000,7.129783,885
509510.243600,6944435.968000,7.051563,890
509510.243600,6944435.968000,6.969275,895
509510.243600,6944435.968000,6.879116,900
509510.243600,6944435.968000,6.788958,905
509510.243600,6944435.968000,6.698799,910
509510.243600,6944435.968000,6.608641,915
509510.243600,6944435.968000,6.518482,920
509510.243600,6944435.968000,6.427762,925
509510.243600,6944435.968000,6.336897,930
509510.243600,6944435.968000,6.246032,935
509510.243600,6944435.968000,6.155166,940
509510.243600,6944435.968000,6.064301,945
509510.243600,6944435.968000,5.960684,950
509510.243600,6944435.968000,5.826201,955
509510.243600,6944435.968000,5.691719,960
509510.243600,6944435.968000,5.557236,965
509510.243600,6944435.968000,5.406455,970
509510.243600,6944435.968000,5.243599,975
509510.243600,6944435.968000,5.080743,980
509510.249600,6944435.972000,9.500000,740
509510.267400,6944435.985000,10.500000,690
509510.270600,6944435.987000,8.000000,830
509510.290100,6944436.001000,11.500000,650
509510.297800,6944436.006000,16.000000,570
509510.313100,6944436.017000,12.500000,620
509510.316700,6944436.020000,6.000000,950
509510.319000,6944436.022000,21.796708,505
509510.327500,6944436.028000,28.276662,355
509510.329600,6944436.029000,24.345141,455
509510.335400,6944436.033000,7.000000,895
509510.336400,6944436.034000,8.499583,805
509510.337400,6944436.035000,9.342736,755
509510.337800,6944436.035000,26.500775,405
509510.338000,6944436.035000,8.500000,800
509510.339800,6944436.036000,10.306102,705
509510.340600,6944436.037000,26.500000,400
509510.363000,6944436.053000,5.000000,985
509510.384100,6944436.068000,10.000000,715
509510.386600,6944436.070000,5.500000,970
509510.395800,6944436.077000,12.000000,635
509510.395900,6944436.077000,9.000000,770
509510.399100,6944436.079000,11.000000,670
509510.408800,6944436.086000,21.500000,505
509510.417200,6944436.092000,14.500000,585
509510.450500,6944436.116000,7.500000,865
509510.451500,6944436.116000,6.500000,925
509510.459700,6944436.122000,13.000000,610
509510.485600,6944436.141000,13.500000,600
509510.486500,6944436.141000,25.000000,435
509510.497500,6944436.149000,15.500000,575
509510.515800,6944436.162000,15.000000,580
509510.563400,6944436.197000,8.000000,835
509510.566800,6944436.199000,6.000000,955
509510.597300,6944436.221000,27.000000,385
509510.599900,6944436.223000,5.000000,990
509510.599900,6944436.223000,9.500000,745
509510.604800,6944436.226000,7.000000,905
509510.635600,6944436.248000,5.500000,975
509510.649200,6944436.258000,8.500000,805
509510.650100,6944436.259000,32.479900,255
509510.650100,6944436.259000,31.953132,260
509510.650100,6944436.259000,31.490890,265
509510.650100,6944436.259000,31.235111,270
509510.650100,6944436.259000,30.979561,275
509510.650100,6944436.259000,30.726612,280
509510.650100,6944436.259000,30.480623,285
509510.650100,6944436.259000,30.294521,290
509510.650100,6944436.259000,30.108419,295
509510.650100,6944436.259000,29.923795,300
509510.650100,6944436.259000,29.741235,305
509510.650100,6944436.259000,29.558675,310
509510.650100,6944436.259000,29.385027,315
509510.650100,6944436.259000,29.215601,320
509510.650100,6944436.259000,29.046174,325
509510.650100,6944436.259000,28.879373,330
509510.650100,6944436.259000,28.713554,335
509510.650100,6944436.259000,28.547735,340
509510.650100,6944436.259000,28.379266,345
509510.650100,6944436.259000,28.209726,350
509510.650100,6944436.259000,28.040185,355
509510.650100,6944436.259000,27.868579,360
509510.650100,6944436.259000,27.696331,365
509510.650100,6944436.259000,27.524082,370
509510.650100,6944436.259000,27.345473,375
509510.650100,6944436.259000,27.165830,380
509510.650100,6944436.259000,26.985385,385
509510.650100,6944436.259000,26.795299,390
509510.650100,6944436.259000,26.605214,395
509510.650100,6944436.259000,26.412453,400
509510.650100,6944436.259000,26.216374,405
509510.650100,6944436.259000,26.020295,410
509510.650100,6944436.259000,25.811349,415
509510.650100,6944436.259000,25.600917,420
509510.650100,6944436.259000,25.388220,425
509510.650100,6944436.259000,25.173435,430
509510.650100,6944436.259000,24.956308,435
509510.650100,6944436.259000,24.729365,440
509510.650100,6944436.259000,24.502422,445
509510.650100,6944436.259000,24.270999,450
509510.650100,6944436.259000,24.039528,455
509510.650100,6944436.259000,23.800426,460
509510.650100,6944436.259000,23.559753,465
509510.650100,6944436.259000,23.315785,470
509510.650100,6944436.259000,23.070728,475
509510.650100,6944436.259000,22.816303,480
509510.650100,6944436.259000,22.558077,485
509510.650100,6944436.259000,22.297012,490
509510.650100,6944436.259000,22.035122,495
509510.650100,6944436.259000,21.755243,500
509510.650100,6944436.259000,21.472020,505
509510.650100,6944436.259000,21.183610,510
509510.650100,6944436.259000,20.884867,515
509510.650100,6944436.259000,20.568018,520
509510.650100,6944436.259000,19.901121,530
509510.650100,6944436.259000,19.537202,535
509510.650100,6944436.259000,18.731162,545
509510.650100,6944436.259000,18.280236,550
509510.650100,6944436.259000,17.788318,555
509510.650100,6944436.259000,17.256549,560
509510.650100,6944436.259000,16.692803,565
509510.650100,6944436.259000,16.114950,570
509510.650100,6944436.259000,15.557196,575
509510.650100,6944436.259000,15.054431,580
509510.650100,6944436.259000,14.606858,585
509510.650100,6944436.259000,14.230341,590
509510.650100,6944436.259000,13.888711,595
509510.650100,6944436.259000,13.573047,600
509510.650100,6944436.259000,13.313007,605
509510.650100,6944436.259000,13.069715,610
509510.650100,6944436.259000,12.845167,615
509510.650100,6944436.259000,12.628147,620
509510.650100,6944436.259000,12.429177,625
509510.650100,6944436.259000,12.256234,630
509510.650100,6944436.259000,12.083291,635
509510.650100,6944436.259000,11.920740,640
509510.650100,6944436.259000,11.767844,645
509510.650100,6944436.259000,11.614948,650
509510.650100,6944436.259000,11.467524,655
509510.650100,6944436.259000,11.336676,660
509510.650100,6944436.259000,11.205828,665
509510.650100,6944436.259000,11.074980,670
509510.650100,6944436.259000,10.951206,675
509510.650100,6944436.259000,10.836927,680
509510.650100,6944436.259000,10.722648,685
509510.650100,6944436.259000,10.608368,690
509510.650100,6944436.259000,10.494567,695
509510.650100,6944436.259000,10.389534,700
509510.650100,6944436.259000,10.284501,705
509510.650100,6944436.259000,10.179467,710
509510.650100,6944436.259000,10.074434,715
509510.650100,6944436.259000,9.973198,720
509510.650100,6944436.259000,9.881198,725
509510.650100,6944436.259000,9.789198,730
509510.650100,6944436.259000,9.697198,735
509510.650100,6944436.259000,9.605198,740
509510.650100,6944436.259000,9.513198,745
509510.650100,6944436.259000,9.423943,750
509510.650100,6944436.259000,9.335148,755
509510.650100,6944436.259000,9.246353,760
509510.650100,6944436.259000,9.157558,765
509510.650100,6944436.259000,9.068763,770
509510.650100,6944436.259000,8.981890,775
509510.650100,6944436.259000,8.901614,780
509510.650100,6944436.259000,8.821339,785
509510.650100,6944436.259000,8.741063,790
509510.650100,6944436.259000,8.660787,795
509510.650100,6944436.259000,8.580511,800
509510.650100,6944436.259000,8.500235,805
509510.650100,6944436.259000,8.420785,810
509510.650100,6944436.259000,8.341338,815
509510.650100,6944436.259000,8.261890,820
509510.650100,6944436.259000,8.182442,825
509510.650100,6944436.259000,8.102995,830
509510.650100,6944436.259000,8.023547,835
509510.650100,6944436.259000,7.945121,840
509510.650100,6944436.259000,7.867125,845
509510.650100,6944436.259000,7.789129,850
509510.650100,6944436.259000,7.711132,855
509510.650100,6944436.259000,7.633136,860
509510.650100,6944436.259000,7.555140,865
509510.650100,6944436.259000,7.477324,870
509510.650100,6944436.259000,7.399942,875
509510.650100,6944436.259000,7.322560,880
509510.650100,6944436.259000,7.245178,885
509510.650100,6944436.259000,7.167796,890
509510.650100,6944436.259000,7.090413,895
509510.650100,6944436.259000,7.013031,900
509510.650100,6944436.259000,6.925635,905
509510.650100,6944436.259000,6.836212,910
509510.650100,6944436.259000,6.746788,915
509510.650100,6944436.259000,6.657364,920
509510.650100,6944436.259000,6.567940,925
509510.650100,6944436.259000,6.478448,930
509510.650100,6944436.259000,6.388737,935
509510.650100,6944436.259000,6.299027,940
509510.650100,6944436.259000,6.209317,945
509510.650100,6944436.259000,6.119607,950
509510.650100,6944436.259000,6.029897,955
509510.650100,6944436.259000,5.910509,960
509510.650100,6944436.259000,5.776285,965
509510.650100,6944436.259000,5.642062,970
509510.650100,6944436.259000,5.507839,975
509510.650100,6944436.259000,5.350721,980
509510.650100,6944436.259000,5.192183,985
509510.650100,6944436.259000,5.033645,990
509510.660000,6944436.266000,24.500000,445
509510.670300,6944436.273000,10.500000,695
509510.703000,6944436.296000,32.500000,255
509510.711800,6944436.303000,6.500000,930
509510.721700,6944436.310000,29.919413,305
509510.722500,6944436.310000,26.000000,410
509510.723500,6944436.311000,9.000000,775
509510.730000,6944436.316000,31.500000,265
509510.731300,6944436.317000,7.500000,870
509510.750500,6944436.330000,27.500000,370
509510.756600,6944436.335000,10.000000,720
509510.762100,6944436.339000,11.500000,655
509510.799500,6944436.366000,32.000000,260
509510.816200,6944436.378000,6.000000,960
509510.825000,6944436.384000,5.000000,995
509510.830200,6944436.388000,11.000000,675
509510.831600,6944436.388000,24.000000,455
509510.837400,6944436.393000,28.000000,355
509510.856200,6944436.406000,8.000000,840
509510.870100,6944436.416000,7.000000,905
509510.875500,6944436.420000,12.500000,625
509510.880100,6944436.423000,5.500000,980
509510.910200,6944436.445000,12.000000,640
509510.910400,6944436.445000,28.500000,340
509510.929100,6944436.458000,22.000000,495
509510.930500,6944436.459000,14.000000,595
509510.939800,6944436.466000,31.000000,275
509510.942100,6944436.468000,9.500000,750
509510.950700,6944436.474000,23.500000,465
509510.953600,6944436.476000,8.500000,810
509510.968600,6944436.487000,6.500000,935
509510.975700,6944436.492000,29.000000,325
509511.008100,6944436.515000,7.500000,875
509511.014500,6944436.519000,25.500000,420
509511.024200,6944436.526000,22.500000,485
509511.032200,6944436.532000,26.500000,395
509511.047100,6944436.543000,5.000000,1000
509511.048900,6944436.544000,9.000000,780
509511.056700,6944436.550000,32.902873,255
509511.056700,6944436.550000,32.093412,260
509511.056700,6944436.550000,31.574855,265
509511.056700,6944436.550000,31.273641,270
509511.056700,6944436.550000,31.008641,275
509511.056700,6944436.550000,30.741803,280
509511.056700,6944436.550000,30.481683,285
509511.056700,6944436.550000,30.286887,290
509511.056700,6944436.550000,30.092090,295
509511.056700,6944436.550000,29.898912,300
509511.056700,6944436.550000,29.707184,305
509511.056700,6944436.550000,29.515456,310
509511.056700,6944436.550000,29.338791,315
509511.056700,6944436.550000,29.163446,320
509511.056700,6944436.550000,28.988325,325
509511.056700,6944436.550000,28.816264,330
509511.056700,6944436.550000,28.644203,335
509511.056700,6944436.550000,28.471933,340
509511.056700,6944436.550000,28.298580,345
509511.056700,6944436.550000,28.125227,350
509511.056700,6944436.550000,27.951316,355
509511.056700,6944436.550000,27.775956,360
509511.056700,6944436.550000,27.600595,365
509511.056700,6944436.550000,27.422624,370
509511.056700,6944436.550000,27.241141,375
509511.056700,6944436.550000,27.059657,380
509511.056700,6944436.550000,26.872662,385
509511.056700,6944436.550000,26.682969,390
509511.056700,6944436.550000,26.493068,395
509511.056700,6944436.550000,26.297528,400
509511.056700,6944436.550000,26.101988,405
509511.056700,6944436.550000,25.901266,410
509511.056700,6944436.550000,25.694894,415
509511.056700,6944436.550000,25.488246,420
509511.056700,6944436.550000,25.276921,425
509511.056700,6944436.550000,25.065595,430
509511.056700,6944436.550000,24.847495,435
509511.056700,6944436.550000,24.626346,440
509511.056700,6944436.550000,24.403310,445
509511.056700,6944436.550000,24.177759,450
509511.056700,6944436.550000,23.950127,455
509511.056700,6944436.550000,23.714754,460
509511.056700,6944436.550000,23.479127,465
509511.056700,6944436.550000,23.240866,470
509511.056700,6944436.550000,23.002604,475
509511.056700,6944436.550000,22.748904,480
509511.056700,6944436.550000,22.495004,485
509511.056700,6944436.550000,22.239665,490
509511.056700,6944436.550000,21.982898,495
509511.056700,6944436.550000,21.704314,500
509511.056700,6944436.550000,21.424505,505
509511.056700,6944436.550000,21.141329,510
509511.056700,6944436.550000,20.844356,515
509511.056700,6944436.550000,20.533637,520
509511.056700,6944436.550000,20.211059,525
509511.056700,6944436.550000,19.875863,530
509511.056700,6944436.550000,19.519777,535
509511.056700,6944436.550000,19.137602,540
509511.056700,6944436.550000,18.732373,545
509511.056700,6944436.550000,18.296279,550
509511.056700,6944436.550000,17.824581,555
509511.056700,6944436.550000,17.319535,560
509511.056700,6944436.550000,16.785758,565
509511.056700,6944436.550000,16.242963,570
509511.056700,6944436.550000,15.715096,575
509511.056700,6944436.550000,15.227666,580
509511.056700,6944436.550000,14.783464,585
509511.056700,6944436.550000,14.389352,590
509511.056700,6944436.550000,14.053309,595
509511.056700,6944436.550000,13.742632,600
509511.056700,6944436.550000,13.451936,605
509511.056700,6944436.550000,13.219529,610
509511.056700,6944436.550000,12.988382,615
509511.056700,6944436.550000,12.778702,620
509511.056700,6944436.550000,12.569023,625
509511.056700,6944436.550000,12.386801,630
509511.056700,6944436.550000,12.218052,635
509511.056700,6944436.550000,12.049304,640
509511.056700,6944436.550000,11.894695,645
509511.056700,6944436.550000,11.745923,650
509511.056700,6944436.550000,11.597151,655
509511.056700,6944436.550000,11.455333,660
509511.056700,6944436.550000,11.326602,665
509511.056700,6944436.550000,11.197871,670
509511.056700,6944436.550000,11.069141,675
509511.056700,6944436.550000,10.948042,680
509511.056700,6944436.550000,10.835799,685
509511.056700,6944436.550000,10.723556,690
509511.056700,6944436.550000,10.611313,695
509511.056700,6944436.550000,10.499142,700
509511.056700,6944436.550000,10.395619,705
509511.056700,6944436.550000,10.292097,710
509511.056700,6944436.550000,10.188574,715
509511.056700,6944436.550000,10.085051,720
509511.056700,6944436.550000,9.983823,725
509511.056700,6944436.550000,9.893158,730
509511.056700,6944436.550000,9.802493,735
509511.056700,6944436.550000,9.711829,740
509511.056700,6944436.550000,9.621164,745
509511.056700,6944436.550000,9.530499,750
509511.056700,6944436.550000,9.441664,755
509511.056700,6944436.550000,9.353757,760
509511.056700,6944436.550000,9.265849,765
509511.056700,6944436.550000,9.177942,770
509511.056700,6944436.550000,9.090034,775
509511.056700,6944436.550000,9.002126,780
509511.056700,6944436.550000,8.922735,785
509511.056700,6944436.550000,8.843554,790
509511.056700,6944436.550000,8.764374,795
509511.056700,6944436.550000,8.685193,800
509511.056700,6944436.550000,8.606012,805
509511.056700,6944436.550000,8.526832,810
509511.056700,6944436.550000,8.447909,815
509511.056700,6944436.550000,8.369118,820
509511.056700,6944436.550000,8.290327,825
509511.056700,6944436.550000,8.211536,830
509511.056700,6944436.550000,8.132745,835
509511.056700,6944436.550000,8.053954,840
509511.056700,6944436.550000,7.975717,845
509511.056700,6944436.550000,7.898684,850
509511.056700,6944436.550000,7.821651,855
509511.056700,6944436.550000,7.744619,860
509511.056700,6944436.550000,7.667586,865
509511.056700,6944436.550000,7.590553,870
509511.056700,6944436.550000,7.513520,875
509511.056700,6944436.550000,7.436867,880
509511.056700,6944436.550000,7.360294,885
509511.056700,6944436.550000,7.283722,890
509511.056700,6944436.550000,7.207149,895
509511.056700,6944436.550000,7.130577,900
509511.056700,6944436.550000,7.054004,905
509511.056700,6944436.550000,6.973861,910
509511.056700,6944436.550000,6.885175,915
509511.056700,6944436.550000,6.796488,920
509511.056700,6944436.550000,6.707801,925
509511.056700,6944436.550000,6.619115,930
509511.056700,6944436.550000,6.530428,935
509511.056700,6944436.550000,6.441581,940
509511.056700,6944436.550000,6.352650,945
509511.056700,6944436.550000,6.263718,950
509511.056700,6944436.550000,6.174787,955
509511.056700,6944436.550000,6.085856,960
509511.056700,6944436.550000,5.995399,965
509511.056700,6944436.550000,5.862350,970
509511.056700,6944436.550000,5.729300,975
509511.056700,6944436.550000,5.596251,980
509511.056700,6944436.550000,5.458347,985
509511.056700,6944436.550000,5.307745,990
509511.056700,6944436.550000,5.157143,995
509511.056700,6944436.550000,5.006541,1000
509511.060400,6944436.552000,10.500000,700
509511.067300,6944436.557000,6.000000,965
509511.080900,6944436.567000,23.000000,475
509511.094600,6944436.577000,13.000000,615
509511.125700,6944436.599000,33.000000,255
509511.131400,6944436.603000,10.000000,725
509511.138900,6944436.608000,5.500000,985
509511.140200,6944436.609000,11.768497,655
509511.152000,6944436.618000,7.000000,910
509511.165400,6944436.627000,8.000000,845
509511.214900,6944436.663000,13.500000,605
509511.237500,6944436.679000,11.500000,660
509511.259500,6944436.695000,29.500000,310
509511.259700,6944436.695000,6.500000,940
509511.278300,6944436.708000,11.000000,680
509511.292400,6944436.718000,8.500000,815
509511.318100,6944436.737000,9.500000,755
509511.327700,6944436.744000,7.500000,880
509511.373300,6944436.776000,6.000000,970
509511.378300,6944436.780000,27.000000,380
509511.388200,6944436.787000,33.500000,255
509511.421800,6944436.811000,9.000000,785
509511.433600,6944436.819000,25.000000,430
509511.436000,6944436.821000,5.500000,990
509511.444900,6944436.827000,14.500000,590
509511.455200,6944436.835000,12.000000,645
509511.463300,6944436.841000,33.788570,255
509511.463300,6944436.841000,32.240878,260
509511.463300,6944436.841000,31.670496,265
509511.463300,6944436.841000,31.313611,270
509511.463300,6944436.841000,31.025298,275
509511.463300,6944436.841000,30.748733,280
509511.463300,6944436.841000,30.480527,285
509511.463300,6944436.841000,30.279654,290
509511.463300,6944436.841000,30.078780,295
509511.463300,6944436.841000,29.879727,300
509511.463300,6944436.841000,29.681848,305
509511.463300,6944436.841000,29.485446,310
509511.463300,6944436.841000,29.305805,315
509511.463300,6944436.841000,29.126165,320
509511.463300,6944436.841000,28.947609,325
509511.463300,6944436.841000,28.771612,330
509511.463300,6944436.841000,28.595616,335
509511.463300,6944436.841000,28.419212,340
509511.463300,6944436.841000,28.242322,345
509511.463300,6944436.841000,28.065432,350
509511.463300,6944436.841000,27.888273,355
509511.463300,6944436.841000,27.710956,360
509511.463300,6944436.841000,27.533639,365
509511.463300,6944436.841000,27.351236,370
509511.463300,6944436.841000,27.167643,375
509511.463300,6944436.841000,26.983558,380
509511.463300,6944436.841000,26.794307,385
509511.463300,6944436.841000,26.605055,390
509511.463300,6944436.841000,26.413247,395
509511.463300,6944436.841000,26.218248,400
509511.463300,6944436.841000,26.023249,405
509511.463300,6944436.841000,25.820221,410
509511.463300,6944436.841000,25.616106,415
509511.463300,6944436.841000,25.410423,420
509511.463300,6944436.841000,25.202671,425
509511.463300,6944436.841000,24.994664,430
509511.463300,6944436.841000,24.776482,435
509511.463300,6944436.841000,24.558299,440
509511.463300,6944436.841000,24.338237,445
509511.463300,6944436.841000,24.117490,450
509511.463300,6944436.841000,23.891525,455
509511.463300,6944436.841000,23.659623,460
509511.463300,6944436.841000,23.427130,465
509511.463300,6944436.841000,23.193332,470
509511.463300,6944436.841000,22.956703,475
509511.463300,6944436.841000,22.706550,480
509511.463300,6944436.841000,22.456152,485
509511.463300,6944436.841000,22.204596,490
509511.463300,6944436.841000,21.948701,495
509511.463300,6944436.841000,21.673899,500
509511.463300,6944436.841000,21.397235,505
509511.463300,6944436.841000,21.117362,510
509511.463300,6944436.841000,20.822109,515
509511.463300,6944436.841000,20.515748,520
509511.463300,6944436.841000,20.196650,525
509511.463300,6944436.841000,19.864914,530
509511.463300,6944436.841000,19.514099,535
509511.463300,6944436.841000,19.138051,540
509511.463300,6944436.841000,18.740926,545
509511.463300,6944436.841000,18.316384,550
509511.463300,6944436.841000,17.860904,555
509511.463300,6944436.841000,17.377667,560
509511.463300,6944436.841000,16.866984,565
509511.463300,6944436.841000,16.350057,570
509511.463300,6944436.841000,15.840948,575
509511.463300,6944436.841000,15.364987,580
509511.463300,6944436.841000,14.928713,585
509511.463300,6944436.841000,14.506589,590
509511.463300,6944436.841000,14.194593,595
509511.463300,6944436.841000,13.890198,600
509511.463300,6944436.841000,13.595654,605
509511.463300,6944436.841000,13.347530,610
509511.463300,6944436.841000,13.121730,615
509511.463300,6944436.841000,12.905155,620
509511.463300,6944436.841000,12.699368,625
509511.463300,6944436.841000,12.494880,630
509511.463300,6944436.841000,12.330708,635
509511.463300,6944436.841000,12.166537,640
509511.463300,6944436.841000,12.002365,645
509511.463300,6944436.841000,11.855870,650
509511.463300,6944436.841000,11.709633,655
509511.463300,6944436.841000,11.563396,660
509511.463300,6944436.841000,11.428347,665
509511.463300,6944436.841000,11.301860,670
509511.463300,6944436.841000,11.175373,675
509511.463300,6944436.841000,11.048886,680
509511.463300,6944436.841000,10.932137,685
509511.463300,6944436.841000,10.821524,690
509511.463300,6944436.841000,10.710910,695
509511.463300,6944436.841000,10.600296,700
509511.463300,6944436.841000,10.490457,705
509511.463300,6944436.841000,10.388139,710
509511.463300,6944436.841000,10.285822,715
509511.463300,6944436.841000,10.183505,720
509511.463300,6944436.841000,10.081187,725
509511.463300,6944436.841000,9.981480,730
509511.463300,6944436.841000,9.891798,735
509511.463300,6944436.841000,9.802116,740
509511.463300,6944436.841000,9.712434,745
509511.463300,6944436.841000,9.622752,750
509511.463300,6944436.841000,9.533071,755
509511.463300,6944436.841000,9.445034,760
509511.463300,6944436.841000,9.357959,765
509511.463300,6944436.841000,9.270884,770
509511.463300,6944436.841000,9.183809,775
509511.463300,6944436.841000,9.096734,780
509511.463300,6944436.841000,9.009659,785
509511.463300,6944436.841000,8.930200,790
509511.463300,6944436.841000,8.851692,795
509511.463300,6944436.841000,8.773183,800
509511.463300,6944436.841000,8.694675,805
509511.463300,6944436.841000,8.616166,810
509511.463300,6944436.841000,8.537658,815
509511.463300,6944436.841000,8.459246,820
509511.463300,6944436.841000,8.380924,825
509511.463300,6944436.841000,8.302602,830
509511.463300,6944436.841000,8.224280,835
509511.463300,6944436.841000,8.145958,840
509511.463300,6944436.841000,8.067636,845
509511.463300,6944436.841000,7.989584,850
509511.463300,6944436.841000,7.913236,855
509511.463300,6944436.841000,7.836888,860
509511.463300,6944436.841000,7.760540,865
509511.463300,6944436.841000,7.684192,870
509511.463300,6944436.841000,7.607844,875
509511.463300,6944436.841000,7.531497,880
509511.463300,6944436.841000,7.455157,885
509511.463300,6944436.841000,7.378823,890
509511.463300,6944436.841000,7.302489,895
509511.463300,6944436.841000,7.226156,900
509511.463300,6944436.841000,7.149822,905
509511.463300,6944436.841000,7.073488,910
509511.463300,6944436.841000,6.996727,915
509511.463300,6944436.841000,6.908947,920
509511.463300,6944436.841000,6.821168,925
509511.463300,6944436.841000,6.733388,930
509511.463300,6944436.841000,6.645608,935
509511.463300,6944436.841000,6.557828,940
509511.463300,6944436.841000,6.469724,945
509511.463300,6944436.841000,6.380997,950
509511.463300,6944436.841000,6.292269,955
509511.463300,6944436.841000,6.203542,960
509511.463300,6944436.841000,6.114815,965
509511.463300,6944436.841000,6.026087,970
509511.463300,6944436.841000,5.907058,975
509511.463300,6944436.841000,5.775411,980
509511.463300,6944436.841000,5.643763,985
509511.463300,6944436.841000,5.512116,990
509511.463300,6944436.841000,5.334253,995
509511.463300,6944436.841000,5.151707,1000
509511.490700,6944436.860000,7.000000,915
509511.497800,6944436.865000,12.500000,630
509511.528200,6944436.887000,33.500000,255
509511.539800,6944436.895000,10.500000,705
509511.548100,6944436.901000,13.905729,605
509511.561400,6944436.911000,8.000000,850
509511.567200,6944436.915000,25.000000,430
509511.624600,6944436.956000,10.000000,730
509511.717900,6944437.023000,6.500000,945
509511.817800,6944437.094000,33.000000,255
509511.839100,6944437.110000,15.000000,585
509511.841100,6944437.111000,8.500000,820
509511.869900,6944437.132000,32.945720,255
509511.869900,6944437.132000,32.113790,260
509511.869900,6944437.132000,31.588907,265
509511.869900,6944437.132000,31.275760,270
509511.869900,6944437.132000,31.003812,275
509511.869900,6944437.132000,30.733970,280
509511.869900,6944437.132000,30.473425,285
509511.869900,6944437.132000,30.273374,290
509511.869900,6944437.132000,30.073323,295
509511.869900,6944437.132000,29.875667,300
509511.869900,6944437.132000,29.679396,305
509511.869900,6944437.132000,29.484638,310
509511.869900,6944437.132000,29.305965,315
509511.869900,6944437.132000,29.127292,320
509511.869900,6944437.132000,28.949633,325
509511.869900,6944437.132000,28.774489,330
509511.869900,6944437.132000,28.599345,335
509511.869900,6944437.132000,28.423763,340
509511.869900,6944437.132000,28.247607,345
509511.869900,6944437.132000,28.071451,350
509511.869900,6944437.132000,27.360302,370
509511.869900,6944437.132000,27.177416,375
509511.869900,6944437.132000,26.994362,380
509511.869900,6944437.132000,26.426665,395
509511.869900,6944437.132000,26.232420,400
509511.869900,6944437.132000,26.038175,405
509511.869900,6944437.132000,25.428686,420
509511.869900,6944437.132000,25.221719,425
509511.869900,6944437.132000,25.014752,430
509511.869900,6944437.132000,24.797824,435
509511.869900,6944437.132000,24.580131,440
509511.869900,6944437.132000,24.360778,445
509511.869900,6944437.132000,24.140458,450
509511.869900,6944437.132000,23.916009,455
509511.869900,6944437.132000,23.684298,460
509511.869900,6944437.132000,23.452327,465
509511.869900,6944437.132000,23.219348,470
509511.869900,6944437.132000,22.985289,475
509511.869900,6944437.132000,22.733852,480
509511.869900,6944437.132000,22.482372,485
509511.869900,6944437.132000,22.230331,490
509511.869900,6944437.132000,21.976254,495
509511.869900,6944437.132000,21.700588,500
509511.869900,6944437.132000,21.423681,505
509511.869900,6944437.132000,21.143460,510
509511.869900,6944437.132000,20.849537,515
509511.869900,6944437.132000,20.541240,520
509511.869900,6944437.132000,19.891346,530
509511.869900,6944437.132000,19.539473,535
509511.869900,6944437.132000,18.768859,545
509511.869900,6944437.132000,18.347270,550
509511.869900,6944437.132000,17.896849,555
509511.869900,6944437.132000,17.420983,560
509511.869900,6944437.132000,16.916168,565
509511.869900,6944437.132000,16.407647,570
509511.869900,6944437.132000,15.905529,575
509511.869900,6944437.132000,15.429399,580
509511.869900,6944437.132000,15.005865,585
509511.869900,6944437.132000,14.610008,590
509511.869900,6944437.132000,14.274561,595
509511.869900,6944437.132000,13.964693,600
509511.869900,6944437.132000,13.672638,605
509511.869900,6944437.132000,13.410206,610
509511.869900,6944437.132000,13.190601,615
509511.869900,6944437.132000,12.973252,620
509511.869900,6944437.132000,12.770737,625
509511.869900,6944437.132000,12.568222,630
509511.869900,6944437.132000,12.392412,635
509511.869900,6944437.132000,12.230169,640
509511.869900,6944437.132000,12.067927,645
509511.869900,6944437.132000,11.483796,665
509511.869900,6944437.132000,11.358347,670
509511.869900,6944437.132000,11.232899,675
509511.869900,6944437.132000,11.107451,680
509511.869900,6944437.132000,10.984220,685
509511.869900,6944437.132000,10.544262,705
509511.869900,6944437.132000,10.439167,710
509511.869900,6944437.132000,10.337368,715
509511.869900,6944437.132000,10.235569,720
509511.869900,6944437.132000,10.133770,725
509511.869900,6944437.132000,10.031972,730
509511.869900,6944437.132000,9.938667,735
509511.869900,6944437.132000,9.849252,740
509511.869900,6944437.132000,9.759836,745
509511.869900,6944437.132000,9.670421,750
509511.869900,6944437.132000,9.581005,755
509511.869900,6944437.132000,9.491834,760
509511.869900,6944437.132000,9.405007,765
509511.869900,6944437.132000,9.318180,770
509511.869900,6944437.132000,9.231353,775
509511.869900,6944437.132000,9.144526,780
509511.869900,6944437.132000,9.057700,785
509511.869900,6944437.132000,8.973690,790
509511.869900,6944437.132000,8.895260,795
509511.869900,6944437.132000,8.816830,800
509511.869900,6944437.132000,8.738401,805
509511.869900,6944437.132000,8.659971,810
509511.869900,6944437.132000,8.581541,815
509511.869900,6944437.132000,8.503111,820
509511.869900,6944437.132000,8.424851,825
509511.869900,6944437.132000,8.346597,830
509511.869900,6944437.132000,8.268343,835
509511.869900,6944437.132000,8.190090,840
509511.869900,6944437.132000,8.111836,845
509511.869900,6944437.132000,8.033582,850
509511.869900,6944437.132000,7.956396,855
509511.869900,6944437.132000,7.880011,860
509511.869900,6944437.132000,7.803626,865
509511.869900,6944437.132000,7.727242,870
509511.869900,6944437.132000,7.650857,875
509511.869900,6944437.132000,7.574473,880
509511.869900,6944437.132000,7.498086,885
509511.869900,6944437.132000,7.421637,890
509511.869900,6944437.132000,7.345187,895
509511.869900,6944437.132000,7.268738,900
509511.869900,6944437.132000,7.192288,905
509511.869900,6944437.132000,7.115839,910
509511.869900,6944437.132000,7.039389,915
509511.869900,6944437.132000,6.957390,920
509511.869900,6944437.132000,6.869493,925
509511.869900,6944437.132000,6.781596,930
509511.869900,6944437.132000,6.693699,935
509511.869900,6944437.132000,6.605801,940
509511.869900,6944437.132000,6.517904,945
509511.869900,6944437.132000,6.429157,950
509511.869900,6944437.132000,6.340193,955
509511.869900,6944437.132000,6.251229,960
509511.869900,6944437.132000,6.162265,965
509511.869900,6944437.132000,6.073301,970
509511.869900,6944437.132000,5.976743,975
509511.869900,6944437.132000,5.844646,980
509511.869900,6944437.132000,5.712549,985
509511.869900,6944437.132000,5.580452,990
509511.869900,6944437.132000,5.397666,995
509511.869900,6944437.132000,5.135915,1000
509511.869900,6944437.132000,10.654251,705
509511.888000,6944437.145000,7.500000,885
509511.940700,6944437.182000,9.500000,760
509511.944900,6944437.185000,31.000000,275
509511.987700,6944437.216000,11.500000,665
509511.992600,6944437.219000,11.000000,685
509512.005900,6944437.229000,6.000000,975
509512.028300,6944437.245000,13.000000,620
509512.056700,6944437.265000,14.000000,600
509512.081700,6944437.283000,27.000000,380
509512.092200,6944437.291000,23.000000,475
509512.115900,6944437.308000,9.000000,790
509512.143400,6944437.327000,22.500000,485
509512.180000,6944437.354000,5.500000,995
509512.223200,6944437.385000,22.000000,495
509512.224900,6944437.386000,7.000000,920
509512.276500,6944437.423000,32.633578,255
509512.276500,6944437.423000,32.030333,260
509512.276500,6944437.423000,31.534031,265
509512.276500,6944437.423000,31.250915,270
509512.276500,6944437.423000,30.983611,275
509512.276500,6944437.423000,30.719230,280
509512.276500,6944437.423000,30.465997,285
509512.276500,6944437.423000,30.266890,290
509512.276500,6944437.423000,30.067783,295
509512.276500,6944437.423000,29.871607,300
509512.276500,6944437.423000,29.676944,305
509512.276500,6944437.423000,29.483824,310
509512.276500,6944437.423000,29.306120,315
509512.276500,6944437.423000,29.128416,320
509512.276500,6944437.423000,28.951658,325
509512.276500,6944437.423000,28.777366,330
509512.276500,6944437.423000,28.603075,335
509512.276500,6944437.423000,28.428319,340
509512.276500,6944437.423000,28.252893,345
509512.276500,6944437.423000,28.077468,350
509512.276500,6944437.423000,27.369368,370
509512.276500,6944437.423000,27.187190,375
509512.276500,6944437.423000,27.005011,380
509512.276500,6944437.423000,26.440083,395
509512.276500,6944437.423000,26.246592,400
509512.276500,6944437.423000,26.053100,405
509512.276500,6944437.423000,25.446931,420
509512.276500,6944437.423000,25.240679,425
509512.276500,6944437.423000,25.034427,430
509512.276500,6944437.423000,24.383407,445
509512.276500,6944437.423000,24.163633,450
509512.276500,6944437.423000,23.940813,455
509512.276500,6944437.423000,23.709110,460
509512.276500,6944437.423000,23.477283,465
509512.276500,6944437.423000,23.244292,470
509512.276500,6944437.423000,23.011301,475
509512.276500,6944437.423000,22.760392,480
509512.276500,6944437.423000,22.508568,485
509512.276500,6944437.423000,22.255939,490
509512.276500,6944437.423000,22.003281,495
509512.276500,6944437.423000,21.727166,500
509512.276500,6944437.423000,21.449893,505
509512.276500,6944437.423000,21.168701,510
509512.276500,6944437.423000,20.876187,515
509512.276500,6944437.423000,20.566693,520
509512.276500,6944437.423000,19.917747,530
509512.276500,6944437.423000,19.564889,535
509512.276500,6944437.423000,18.797145,545
509512.276500,6944437.423000,18.378485,550
509512.276500,6944437.423000,17.932528,555
509512.276500,6944437.423000,17.465026,560
509512.276500,6944437.423000,16.965241,565
509512.276500,6944437.423000,16.464566,570
509512.276500,6944437.423000,15.971480,575
509512.276500,6944437.423000,15.489093,580
509512.276500,6944437.423000,15.083759,585
509512.276500,6944437.423000,14.696490,590
509512.276500,6944437.423000,14.350678,595
509512.276500,6944437.423000,14.043674,600
509512.276500,6944437.423000,13.754627,605
509512.276500,6944437.423000,13.476280,610
509512.276500,6944437.423000,13.260467,615
509512.276500,6944437.423000,13.044655,620
509512.276500,6944437.423000,12.841847,625
509512.276500,6944437.423000,12.642431,630
509512.276500,6944437.423000,12.454155,635
509512.276500,6944437.423000,12.293724,640
509512.276500,6944437.423000,12.133292,645
509512.276500,6944437.423000,11.975735,650
509512.276500,6944437.423000,11.545423,665
509512.276500,6944437.423000,11.414909,670
509512.276500,6944437.423000,11.290385,675
509512.276500,6944437.423000,11.165860,680
509512.276500,6944437.423000,11.041335,685
509512.276500,6944437.423000,10.490248,710
509512.276500,6944437.423000,10.388911,715
509512.276500,6944437.423000,10.287575,720
509512.276500,6944437.423000,10.186238,725
509512.276500,6944437.423000,10.084902,730
509512.276500,6944437.423000,9.985541,735
509512.276500,6944437.423000,9.539790,760
509512.276500,6944437.423000,9.452044,765
509512.276500,6944437.423000,9.365429,770
509512.276500,6944437.423000,9.278813,775
509512.276500,6944437.423000,9.192198,780
509512.276500,6944437.423000,9.105583,785
509512.276500,6944437.423000,9.018968,790
509512.276500,6944437.423000,8.938810,795
509512.276500,6944437.423000,8.860462,800
509512.276500,6944437.423000,8.782115,805
509512.276500,6944437.423000,8.703768,810
509512.276500,6944437.423000,8.625420,815
509512.276500,6944437.423000,8.547073,820
509512.276500,6944437.423000,8.468792,825
509512.276500,6944437.423000,8.390611,830
509512.276500,6944437.423000,8.312430,835
509512.276500,6944437.423000,8.234249,840
509512.276500,6944437.423000,8.156068,845
509512.276500,6944437.423000,8.077887,850
509512.276500,6944437.423000,7.999713,855
509512.276500,6944437.423000,7.923264,860
509512.276500,6944437.423000,7.846814,865
509512.276500,6944437.423000,7.770365,870
509512.276500,6944437.423000,7.693916,875
509512.276500,6944437.423000,7.617467,880
509512.276500,6944437.423000,7.541017,885
509512.276500,6944437.423000,7.464534,890
509512.276500,6944437.423000,7.388010,895
509512.276500,6944437.423000,7.311486,900
509512.276500,6944437.423000,7.234963,905
509512.276500,6944437.423000,7.158439,910
509512.276500,6944437.423000,7.081915,915
509512.276500,6944437.423000,7.005392,920
509512.276500,6944437.423000,6.918106,925
509512.276500,6944437.423000,6.830004,930
509512.276500,6944437.423000,6.741902,935
509512.276500,6944437.423000,6.653801,940
509512.276500,6944437.423000,6.565699,945
509512.276500,6944437.423000,6.477315,950
509512.276500,6944437.423000,6.388103,955
509512.276500,6944437.423000,6.298892,960
509512.276500,6944437.423000,6.209680,965
509512.276500,6944437.423000,6.120469,970
509512.276500,6944437.423000,6.031257,975
509512.276500,6944437.423000,5.913871,980
509512.276500,6944437.423000,5.781290,985
509512.276500,6944437.423000,5.648709,990
509512.276500,6944437.423000,5.516128,995
509512.276500,6944437.423000,5.223130,1000
509512.276500,6944437.423000,10.708206,705
509512.276500,6944437.423000,9.718091,755
509512.279200,6944437.425000,8.000000,855
509512.338900,6944437.467000,15.500000,580
509512.353600,6944437.478000,10.500000,710
509512.401600,6944437.512000,10.000000,735
509512.411000,6944437.519000,13.500000,610
509512.434600,6944437.536000,32.000000,260
509512.440100,6944437.540000,12.000000,655
509512.444900,6944437.543000,16.000000,575
509512.468200,6944437.560000,6.500000,950
509512.529300,6944437.604000,16.500000,570
509512.563800,6944437.628000,17.000000,565
509512.565100,6944437.629000,8.500000,825
509512.573200,6944437.635000,32.500000,255
509512.576900,6944437.638000,12.500000,635
509512.587900,6944437.646000,31.500000,265
509512.597800,6944437.653000,17.500000,560
509512.612500,6944437.663000,7.500000,890
509512.646300,6944437.687000,23.500000,465
509512.683100,6944437.714000,32.478563,255
509512.683100,6944437.714000,31.957792,260
509512.683100,6944437.714000,31.494412,265
509512.683100,6944437.714000,31.228543,270
509512.683100,6944437.714000,30.963619,275
509512.683100,6944437.714000,30.704479,280
509512.683100,6944437.714000,30.458229,285
509512.683100,6944437.714000,30.260197,290
509512.683100,6944437.714000,30.062165,295
509512.683100,6944437.714000,29.867547,300
509512.683100,6944437.714000,29.674492,305
509512.683100,6944437.714000,29.483005,310
509512.683100,6944437.714000,29.306271,315
509512.683100,6944437.714000,29.129537,320
509512.683100,6944437.714000,28.953683,325
509512.683100,6944437.714000,28.780243,330
509512.683100,6944437.714000,28.606804,335
509512.683100,6944437.714000,28.432880,340
509512.683100,6944437.714000,28.258181,345
509512.683100,6944437.714000,28.083481,350
509512.683100,6944437.714000,27.908468,355
509512.683100,6944437.714000,27.733167,360
509512.683100,6944437.714000,27.557866,365
509512.683100,6944437.714000,27.378433,370
509512.683100,6944437.714000,27.196963,375
509512.683100,6944437.714000,27.015494,380
509512.683100,6944437.714000,26.828939,385
509512.683100,6944437.714000,26.641910,390
509512.683100,6944437.714000,26.453503,395
509512.683100,6944437.714000,26.260763,400
509512.683100,6944437.714000,26.068023,405
509512.683100,6944437.714000,25.869420,410
509512.683100,6944437.714000,25.667621,415
509512.683100,6944437.714000,25.465184,420
509512.683100,6944437.714000,25.259626,425
509512.683100,6944437.714000,25.054068,430
509512.683100,6944437.714000,24.840370,435
509512.683100,6944437.714000,24.623765,440
509512.683100,6944437.714000,24.406089,445
509512.683100,6944437.714000,24.186983,450
509512.683100,6944437.714000,23.966004,455
509512.683100,6944437.714000,23.734125,460
509512.683100,6944437.714000,23.502246,465
509512.683100,6944437.714000,23.268578,470
509512.683100,6944437.714000,23.034893,475
509512.683100,6944437.714000,22.786075,480
509512.683100,6944437.714000,22.534601,485
509512.683100,6944437.714000,22.280983,490
509512.683100,6944437.714000,22.027024,495
509512.683100,6944437.714000,21.753001,500
509512.683100,6944437.714000,21.476102,505
509512.683100,6944437.714000,21.193948,510
509512.683100,6944437.714000,20.902866,515
509512.683100,6944437.714000,20.592153,520
509512.683100,6944437.714000,20.272418,525
509512.683100,6944437.714000,19.944102,530
509512.683100,6944437.714000,19.590331,535
509512.683100,6944437.714000,19.217562,540
509512.683100,6944437.714000,18.825648,545
509512.683100,6944437.714000,18.410162,550
509512.683100,6944437.714000,17.967675,555
509512.683100,6944437.714000,17.508528,560
509512.683100,6944437.714000,17.014250,565
509512.683100,6944437.714000,16.521510,570
509512.683100,6944437.714000,16.040022,575
509512.683100,6944437.714000,15.569654,580
509512.683100,6944437.714000,15.162551,585
509512.683100,6944437.714000,14.775872,590
509512.683100,6944437.714000,14.418988,595
509512.683100,6944437.714000,14.123392,600
509512.683100,6944437.714000,13.838608,605
509512.683100,6944437.714000,13.561571,610
509512.683100,6944437.714000,13.333409,615
509512.683100,6944437.714000,13.119213,620
509512.683100,6944437.714000,12.912862,625
509512.683100,6944437.714000,12.716355,630
509512.683100,6944437.714000,12.519848,635
509512.683100,6944437.714000,12.357307,640
509512.683100,6944437.714000,12.198582,645
509512.683100,6944437.714000,12.039858,650
509512.683100,6944437.714000,11.893630,655
509512.683100,6944437.714000,11.751592,660
509512.683100,6944437.714000,11.609555,665
509512.683100,6944437.714000,11.471708,670
509512.683100,6944437.714000,11.347991,675
509512.683100,6944437.714000,11.224275,680
509512.683100,6944437.714000,11.100558,685
509512.683100,6944437.714000,10.979645,690
509512.683100,6944437.714000,10.870903,695
509512.683100,6944437.714000,10.762161,700
509512.683100,6944437.714000,10.653419,705
509512.683100,6944437.714000,10.544678,710
509512.683100,6944437.714000,10.440537,715
509512.683100,6944437.714000,10.339605,720
509512.683100,6944437.714000,10.238673,725
509512.683100,6944437.714000,10.137741,730
509512.683100,6944437.714000,10.036809,735
509512.683100,6944437.714000,9.943531,740
509512.683100,6944437.714000,9.854646,745
509512.683100,6944437.714000,9.765761,750
509512.683100,6944437.714000,9.676876,755
509512.683100,6944437.714000,9.587991,760
509512.683100,6944437.714000,9.499131,765
509512.683100,6944437.714000,9.412698,770
509512.683100,6944437.714000,9.326265,775
509512.683100,6944437.714000,9.239832,780
509512.683100,6944437.714000,9.153399,785
509512.683100,6944437.714000,9.066966,790
509512.683100,6944437.714000,8.982372,795
509512.683100,6944437.714000,8.904105,800
509512.683100,6944437.714000,8.825837,805
509512.683100,6944437.714000,8.747570,810
509512.683100,6944437.714000,8.669302,815
509512.683100,6944437.714000,8.591035,820
509512.683100,6944437.714000,8.512767,825
509512.683100,6944437.714000,8.434618,830
509512.683100,6944437.714000,8.356492,835
509512.683100,6944437.714000,8.278365,840
509512.683100,6944437.714000,8.200239,845
509512.683100,6944437.714000,8.122113,850
509512.683100,6944437.714000,8.043987,855
509512.683100,6944437.714000,7.966562,860
509512.683100,6944437.714000,7.890042,865
509512.683100,6944437.714000,7.813522,870
509512.683100,6944437.714000,7.737001,875
509512.683100,6944437.714000,7.660481,880
509512.683100,6944437.714000,7.583961,885
509512.683100,6944437.714000,7.507441,890
509512.683100,6944437.714000,7.430930,895
509512.683100,6944437.714000,7.354419,900
509512.683100,6944437.714000,7.277909,905
509512.683100,6944437.714000,7.201399,910
509512.683100,6944437.714000,7.124889,915
509512.683100,6944437.714000,7.048379,920
509512.683100,6944437.714000,6.967477,925
509512.683100,6944437.714000,6.879022,930
509512.683100,6944437.714000,6.790566,935
509512.683100,6944437.714000,6.702110,940
509512.683100,6944437.714000,6.613654,945
509512.683100,6944437.714000,6.525199,950
509512.683100,6944437.714000,6.436040,955
509512.683100,6944437.714000,6.346602,960
509512.683100,6944437.714000,6.257164,965
509512.683100,6944437.714000,6.167725,970
509512.683100,6944437.714000,6.078287,975
509512.683100,6944437.714000,5.983396,980
509512.683100,6944437.714000,5.850225,985
509512.683100,6944437.714000,5.717055,990
509512.683100,6944437.714000,5.583884,995
509512.683100,6944437.714000,5.334009,1000
509512.789300,6944437.790000,21.500000,505
509512.792600,6944437.792000,25.500000,420
509512.799500,6944437.797000,24.000000,455
509512.834300,6944437.822000,26.500000,395
509512.837900,6944437.825000,29.500000,310
509512.840200,6944437.826000,34.000000,250
509512.861100,6944437.841000,7.500000,890
509512.892700,6944437.864000,33.500000,250
509512.901500,6944437.870000,34.500000,250
509512.984600,6944437.930000,29.000000,325
509512.991800,6944437.935000,24.500000,445
509512.993100,6944437.936000,20.000000,530
509513.016200,6944437.952000,12.500000,635
509513.020900,6944437.956000,28.500000,340
509513.037500,6944437.967000,8.500000,825
509513.071200,6944437.992000,28.000000,355
509513.087300,6944438.003000,26.000000,410
509513.089600,6944438.005000,33.057985,250
509513.089600,6944438.005000,32.266679,255
509513.089600,6944438.005000,31.824265,260
509513.089600,6944438.005000,31.447536,265
509513.089600,6944438.005000,31.187836,270
509513.089600,6944438.005000,30.932550,275
509513.089600,6944438.005000,30.688800,280
509513.089600,6944438.005000,30.457527,285
509513.089600,6944438.005000,30.269125,290
509513.089600,6944438.005000,30.080723,295
509513.089600,6944438.005000,29.895241,300
509513.089600,6944438.005000,29.711949,305
509513.089600,6944438.005000,29.528656,310
509513.089600,6944438.005000,29.356360,315
509513.089600,6944438.005000,29.186102,320
509513.089600,6944438.005000,29.015844,325
509513.089600,6944438.005000,28.848086,330
509513.089600,6944438.005000,28.680585,335
509513.089600,6944438.005000,28.513084,340
509513.089600,6944438.005000,28.343569,345
509513.089600,6944438.005000,28.173883,350
509513.089600,6944438.005000,28.004198,355
509513.089600,6944438.005000,27.831953,360
509513.089600,6944438.005000,27.659643,365
509513.089600,6944438.005000,27.486897,370
509513.089600,6944438.005000,27.308655,375
509513.089600,6944438.005000,27.130413,380
509513.089600,6944438.005000,26.949852,385
509513.089600,6944438.005000,26.762966,390
509513.089600,6944438.005000,26.576080,395
509513.089600,6944438.005000,26.385833,400
509513.089600,6944438.005000,26.193279,405
509513.089600,6944438.005000,26.000725,410
509513.089600,6944438.005000,25.797160,415
509513.089600,6944438.005000,25.593554,420
509513.089600,6944438.005000,25.387093,425
509513.089600,6944438.005000,25.178207,430
509513.089600,6944438.005000,24.967830,435
509513.089600,6944438.005000,24.748789,440
509513.089600,6944438.005000,24.529749,445
509513.089600,6944438.005000,24.306183,450
509513.089600,6944438.005000,24.081906,455
509513.089600,6944438.005000,23.850796,460
509513.089600,6944438.005000,23.615754,465
509513.089600,6944438.005000,23.378078,470
509513.089600,6944438.005000,23.137844,475
509513.089600,6944438.005000,22.891548,480
509513.089600,6944438.005000,22.637092,485
509513.089600,6944438.005000,22.379755,490
509513.089600,6944438.005000,22.119052,495
509513.089600,6944438.005000,21.847608,500
509513.089600,6944438.005000,21.567136,505
509513.089600,6944438.005000,21.280626,510
509513.089600,6944438.005000,20.991414,515
509513.089600,6944438.005000,20.673292,520
509513.089600,6944438.005000,20.348696,525
509513.089600,6944438.005000,20.016352,530
509513.089600,6944438.005000,19.654825,535
509513.089600,6944438.005000,19.276134,540
509513.089600,6944438.005000,18.876875,545
509513.089600,6944438.005000,18.452239,550
509513.089600,6944438.005000,17.994997,555
509513.089600,6944438.005000,17.520661,560
509513.089600,6944438.005000,17.011893,565
509513.089600,6944438.005000,16.505018,570
509513.089600,6944438.005000,16.013621,575
509513.089600,6944438.005000,15.529426,580
509513.089600,6944438.005000,15.127638,585
509513.089600,6944438.005000,14.742823,590
509513.089600,6944438.005000,14.392251,595
509513.089600,6944438.005000,14.092770,600
509513.089600,6944438.005000,13.806869,605
509513.089600,6944438.005000,13.527064,610
509513.089600,6944438.005000,13.307061,615
509513.089600,6944438.005000,13.093462,620
509513.089600,6944438.005000,12.889290,625
509513.089600,6944438.005000,12.692453,630
509513.089600,6944438.005000,12.496460,635
509513.089600,6944438.005000,12.337530,640
509513.089600,6944438.005000,12.178599,645
509513.089600,6944438.005000,12.019669,650
509513.089600,6944438.005000,11.875391,655
509513.089600,6944438.005000,11.733182,660
509513.089600,6944438.005000,11.590974,665
509513.089600,6944438.005000,11.455365,670
509513.089600,6944438.005000,11.331477,675
509513.089600,6944438.005000,11.207588,680
509513.089600,6944438.005000,11.083699,685
509513.089600,6944438.005000,10.964674,690
509513.089600,6944438.005000,10.855776,695
509513.089600,6944438.005000,10.746878,700
509513.089600,6944438.005000,10.637981,705
509513.089600,6944438.005000,10.529083,710
509513.089600,6944438.005000,10.425904,715
509513.089600,6944438.005000,10.324808,720
509513.089600,6944438.005000,10.223713,725
509513.089600,6944438.005000,10.122617,730
509513.089600,6944438.005000,10.021522,735
509513.089600,6944438.005000,9.929913,740
509513.089600,6944438.005000,9.840870,745
509513.089600,6944438.005000,9.751827,750
509513.089600,6944438.005000,9.662784,755
509513.089600,6944438.005000,9.573742,760
509513.089600,6944438.005000,9.485119,765
509513.089600,6944438.005000,9.398519,770
509513.089600,6944438.005000,9.311919,775
509513.089600,6944438.005000,9.225319,780
509513.089600,6944438.005000,9.138719,785
509513.089600,6944438.005000,9.052119,790
509513.089600,6944438.005000,8.968768,795
509513.089600,6944438.005000,8.890326,800
509513.089600,6944438.005000,8.811884,805
509513.089600,6944438.005000,8.733443,810
509513.089600,6944438.005000,8.655001,815
509513.089600,6944438.005000,8.576559,820
509513.089600,6944438.005000,8.498121,825
509513.089600,6944438.005000,8.419805,830
509513.089600,6944438.005000,8.341489,835
509513.089600,6944438.005000,8.263173,840
509513.089600,6944438.005000,8.184858,845
509513.089600,6944438.005000,8.106542,850
509513.089600,6944438.005000,8.028226,855
509513.089600,6944438.005000,7.950912,860
509513.089600,6944438.005000,7.874163,865
509513.089600,6944438.005000,7.797414,870
509513.089600,6944438.005000,7.720665,875
509513.089600,6944438.005000,7.643916,880
509513.089600,6944438.005000,7.567167,885
509513.089600,6944438.005000,7.490401,890
509513.089600,6944438.005000,7.413520,895
509513.089600,6944438.005000,7.336638,900
509513.089600,6944438.005000,7.259756,905
509513.089600,6944438.005000,7.182874,910
509513.089600,6944438.005000,7.105993,915
509513.089600,6944438.005000,7.029111,920
509513.089600,6944438.005000,6.944912,925
509513.089600,6944438.005000,6.856253,930
509513.089600,6944438.005000,6.767594,935
509513.089600,6944438.005000,6.678936,940
509513.089600,6944438.005000,6.590277,945
509513.089600,6944438.005000,6.501619,950
509513.089600,6944438.005000,6.411817,955
509513.089600,6944438.005000,6.321995,960
509513.089600,6944438.005000,6.232172,965
509513.089600,6944438.005000,6.142349,970
509513.089600,6944438.005000,6.052527,975
509513.089600,6944438.005000,5.944400,980
509513.089600,6944438.005000,5.810495,985
509513.089600,6944438.005000,5.676590,990
509513.089600,6944438.005000,5.542685,995
509513.089600,6944438.005000,5.257140,1000
509513.109800,6944438.019000,33.000000,250
509513.115000,6944438.023000,6.500000,950
509513.130300,6944438.034000,21.000000,515
509513.136100,6944438.038000,27.500000,370
509513.168100,6944438.061000,18.460789,555
509513.168400,6944438.061000,18.000000,555
509513.188500,6944438.075000,25.000000,435
509513.199900,6944438.084000,16.500000,570
509513.253000,6944438.122000,27.000000,385
509513.277100,6944438.139000,16.000000,575
509513.363800,6944438.201000,13.500000,610
509513.394400,6944438.223000,15.500000,580
509513.432900,6944438.250000,12.000000,650
509513.437200,6944438.253000,25.500000,425
509513.449400,6944438.262000,26.500000,400
509513.473400,6944438.279000,32.500000,250
509513.474700,6944438.280000,5.500000,995
509513.484500,6944438.287000,23.000000,480
509513.496200,6944438.296000,32.487611,250
509513.496200,6944438.296000,32.073204,255
509513.496200,6944438.296000,31.681168,260
509513.496200,6944438.296000,31.373167,265
509513.496200,6944438.296000,31.134828,270
509513.496200,6944438.296000,30.900999,275
509513.496200,6944438.296000,30.673046,280
509513.496200,6944438.296000,30.457013,285
509513.496200,6944438.296000,30.278548,290
509513.496200,6944438.296000,30.100084,295
509513.496200,6944438.296000,29.923936,300
509513.496200,6944438.296000,29.750746,305
509513.496200,6944438.296000,29.577557,310
509513.496200,6944438.296000,29.409322,315
509513.496200,6944438.296000,29.245106,320
509513.496200,6944438.296000,29.080890,325
509513.496200,6944438.296000,28.918298,330
509513.496200,6944438.296000,28.757283,335
509513.496200,6944438.296000,28.596267,340
509513.496200,6944438.296000,28.433250,345
509513.496200,6944438.296000,28.267256,350
509513.496200,6944438.296000,28.101261,355
509513.496200,6944438.296000,27.934115,360
509513.496200,6944438.296000,27.765167,365
509513.496200,6944438.296000,27.596218,370
509513.496200,6944438.296000,27.423944,375
509513.496200,6944438.296000,27.247269,380
509513.496200,6944438.296000,27.070594,385
509513.496200,6944438.296000,26.887877,390
509513.496200,6944438.296000,26.701138,395
509513.496200,6944438.296000,26.514400,400
509513.496200,6944438.296000,26.321913,405
509513.496200,6944438.296000,26.128945,410
509513.496200,6944438.296000,25.931553,415
509513.496200,6944438.296000,25.725251,420
509513.496200,6944438.296000,25.518950,425
509513.496200,6944438.296000,25.308039,430
509513.496200,6944438.296000,25.096662,435
509513.496200,6944438.296000,24.878784,440
509513.496200,6944438.296000,24.655429,445
509513.496200,6944438.296000,24.430567,450
509513.496200,6944438.296000,24.202257,455
509513.496200,6944438.296000,23.972613,460
509513.496200,6944438.296000,23.732615,465
509513.496200,6944438.296000,23.492473,470
509513.496200,6944438.296000,23.247779,475
509513.496200,6944438.296000,23.003085,480
509513.496200,6944438.296000,22.743069,485
509513.496200,6944438.296000,22.482515,490
509513.496200,6944438.296000,22.217085,495
509513.496200,6944438.296000,21.947647,500
509513.496200,6944438.296000,21.660216,505
509513.496200,6944438.296000,21.368686,510
509513.496200,6944438.296000,21.071995,515
509513.496200,6944438.296000,20.754820,520
509513.496200,6944438.296000,20.427196,525
509513.496200,6944438.296000,20.085197,530
509513.496200,6944438.296000,19.720421,535
509513.496200,6944438.296000,19.335962,540
509513.496200,6944438.296000,18.928968,545
509513.496200,6944438.296000,18.496554,550
509513.496200,6944438.296000,18.020866,555
509513.496200,6944438.296000,17.531833,560
509513.496200,6944438.296000,17.007668,565
509513.496200,6944438.296000,16.486613,570
509513.496200,6944438.296000,15.983994,575
509513.496200,6944438.296000,15.491844,580
509513.496200,6944438.296000,15.090427,585
509513.496200,6944438.296000,14.705184,590
509513.496200,6944438.296000,14.360377,595
509513.496200,6944438.296000,14.057379,600
509513.496200,6944438.296000,13.770221,605
509513.496200,6944438.296000,13.490060,610
509513.496200,6944438.296000,13.277195,615
509513.496200,6944438.296000,13.064330,620
509513.496200,6944438.296000,12.474004,635
509513.496200,6944438.296000,12.314790,640
509513.496200,6944438.296000,12.155577,645
509513.496200,6944438.296000,11.996747,650
509513.496200,6944438.296000,11.436403,670
509513.496200,6944438.296000,11.312310,675
509513.496200,6944438.296000,11.188217,680
509513.496200,6944438.296000,11.064124,685
509513.496200,6944438.296000,10.510960,710
509513.496200,6944438.296000,10.408899,715
509513.496200,6944438.296000,10.307622,720
509513.496200,6944438.296000,10.206346,725
509513.496200,6944438.296000,10.105069,730
509513.496200,6944438.296000,10.003793,735
509513.496200,6944438.296000,9.468920,765
509513.496200,6944438.296000,9.382144,770
509513.496200,6944438.296000,9.295367,775
509513.496200,6944438.296000,9.208591,780
509513.496200,6944438.296000,9.121814,785
509513.496200,6944438.296000,9.035038,790
509513.496200,6944438.296000,8.481401,825
509513.496200,6944438.296000,8.402895,830
509513.496200,6944438.296000,8.324390,835
509513.496200,6944438.296000,8.245884,840
509513.496200,6944438.296000,8.167379,845
509513.496200,6944438.296000,8.088873,850
509513.496200,6944438.296000,8.010368,855
509513.496200,6944438.296000,7.933180,860
509513.496200,6944438.296000,7.856193,865
509513.496200,6944438.296000,7.779206,870
509513.496200,6944438.296000,7.702219,875
509513.496200,6944438.296000,7.625231,880
509513.496200,6944438.296000,7.548244,885
509513.496200,6944438.296000,7.471220,890
509513.496200,6944438.296000,7.394132,895
509513.496200,6944438.296000,7.317045,900
509513.496200,6944438.296000,7.239958,905
509513.496200,6944438.296000,7.162871,910
509513.496200,6944438.296000,7.085783,915
509513.496200,6944438.296000,7.008696,920
509513.496200,6944438.296000,6.920965,925
509513.496200,6944438.296000,6.831880,930
509513.496200,6944438.296000,6.742795,935
509513.496200,6944438.296000,6.653710,940
509513.496200,6944438.296000,6.564625,945
509513.496200,6944438.296000,6.475230,950
509513.496200,6944438.296000,6.385016,955
509513.496200,6944438.296000,6.294801,960
509513.496200,6944438.296000,6.204586,965
509513.496200,6944438.296000,6.114371,970
509513.496200,6944438.296000,6.024157,975
509513.496200,6944438.296000,5.901434,980
509513.496200,6944438.296000,5.766823,985
509513.496200,6944438.296000,5.632213,990
509513.496200,6944438.296000,5.494763,995
509513.496200,6944438.296000,5.200817,1000
509513.496200,6944438.296000,10.729123,705
509513.496200,6944438.296000,9.735694,755
509513.496200,6944438.296000,8.874497,805
509513.523500,6944438.315000,23.500000,470
509513.530500,6944438.320000,18.500000,550
509513.566800,6944438.346000,22.500000,490
509513.580400,6944438.356000,34.000000,245
509513.583300,6944438.358000,10.000000,735
509513.588300,6944438.362000,24.000000,460
509513.627400,6944438.390000,33.500000,245
509513.638900,6944438.398000,34.500000,245
509513.648500,6944438.405000,32.000000,255
509513.673800,6944438.423000,7.000000,920
509513.703400,6944438.444000,26.000000,415
509513.713300,6944438.451000,22.000000,500
509513.725500,6944438.460000,24.500000,450
509513.733500,6944438.466000,8.000000,855
509513.742300,6944438.472000,10.500000,710
509513.757500,6944438.483000,28.000000,360
509513.761300,6944438.485000,27.500000,375
509513.797700,6944438.512000,28.500000,345
509513.829700,6944438.534000,33.000000,245
509513.842600,6944438.544000,6.000000,975
509513.861100,6944438.557000,27.000000,390
509513.868400,6944438.562000,25.000000,440
509513.870700,6944438.564000,20.500000,525
509513.902800,6944438.587000,32.904817,245
509513.902800,6944438.587000,32.272509,250
509513.902800,6944438.587000,31.889417,255
509513.902800,6944438.587000,31.514413,260
509513.902800,6944438.587000,31.295035,265
509513.902800,6944438.587000,31.081878,270
509513.902800,6944438.587000,30.869363,275
509513.902800,6944438.587000,30.657250,280
509513.902800,6944438.587000,30.456412,285
509513.902800,6944438.587000,30.287889,290
509513.902800,6944438.587000,30.119367,295
509513.902800,6944438.587000,29.952031,300
509513.902800,6944438.587000,29.787574,305
509513.902800,6944438.587000,29.623118,310
509513.902800,6944438.587000,29.460402,315
509513.902800,6944438.587000,29.302871,320
509513.902800,6944438.587000,29.145340,325
509513.902800,6944438.587000,28.987975,330
509513.902800,6944438.587000,28.832582,335
509513.902800,6944438.587000,28.677189,340
509513.902800,6944438.587000,28.521796,345
509513.902800,6944438.587000,28.360283,350
509513.902800,6944438.587000,28.197771,355
509513.902800,6944438.587000,28.035260,360
509513.902800,6944438.587000,27.870053,365
509513.902800,6944438.587000,27.704098,370
509513.902800,6944438.587000,27.538144,375
509513.902800,6944438.587000,27.364349,380
509513.902800,6944438.587000,27.188215,385
509513.902800,6944438.587000,27.012081,390
509513.902800,6944438.587000,26.826198,395
509513.902800,6944438.587000,26.639598,400
509513.902800,6944438.587000,26.451017,405
509513.902800,6944438.587000,26.256552,410
509513.902800,6944438.587000,26.062086,415
509513.902800,6944438.587000,25.857587,420
509513.902800,6944438.587000,25.648381,425
509513.902800,6944438.587000,25.437899,430
509513.902800,6944438.587000,25.224305,435
509513.902800,6944438.587000,25.010711,440
509513.902800,6944438.587000,24.782652,445
509513.902800,6944438.587000,24.553829,450
509513.902800,6944438.587000,24.322542,455
509513.902800,6944438.587000,24.090495,460
509513.902800,6944438.587000,23.850293,465
509513.902800,6944438.587000,23.604877,470
509513.902800,6944438.587000,23.356992,475
509513.902800,6944438.587000,23.107266,480
509513.902800,6944438.587000,22.848618,485
509513.902800,6944438.587000,22.583253,490
509513.902800,6944438.587000,22.314044,495
509513.902800,6944438.587000,22.043077,500
509513.902800,6944438.587000,21.753055,505
509513.902800,6944438.587000,21.458278,510
509513.902800,6944438.587000,21.156303,515
509513.902800,6944438.587000,20.839272,520
509513.902800,6944438.587000,20.506088,525
509513.902800,6944438.587000,20.156773,530
509513.902800,6944438.587000,19.787811,535
509513.902800,6944438.587000,19.395782,540
509513.902800,6944438.587000,18.980563,545
509513.902800,6944438.587000,18.535079,550
509513.902800,6944438.587000,18.046703,555
509513.902800,6944438.587000,17.543011,560
509513.902800,6944438.587000,17.003415,565
509513.902800,6944438.587000,16.468657,570
509513.902800,6944438.587000,15.955237,575
509513.902800,6944438.587000,15.464479,580
509513.902800,6944438.587000,15.053731,585
509513.902800,6944438.587000,14.666164,590
509513.902800,6944438.587000,14.326759,595
509513.902800,6944438.587000,14.021419,600
509513.902800,6944438.587000,13.735134,605
509513.902800,6944438.587000,13.462740,610
509513.902800,6944438.587000,13.249246,615
509513.902800,6944438.587000,13.035751,620
509513.902800,6944438.587000,12.835393,625
509513.902800,6944438.587000,12.637678,630
509513.902800,6944438.587000,12.451565,635
509513.902800,6944438.587000,12.292059,640
509513.902800,6944438.587000,12.132553,645
509513.902800,6944438.587000,11.975894,650
509513.902800,6944438.587000,11.833230,655
509513.902800,6944438.587000,11.690566,660
509513.902800,6944438.587000,11.547903,665
509513.902800,6944438.587000,11.417439,670
509513.902800,6944438.587000,11.293143,675
509513.902800,6944438.587000,11.168846,680
509513.902800,6944438.587000,11.044550,685
509513.902800,6944438.587000,10.929897,690
509513.902800,6944438.587000,10.820632,695
509513.902800,6944438.587000,10.711367,700
509513.902800,6944438.587000,10.602102,705
509513.902800,6944438.587000,10.493349,710
509513.902800,6944438.587000,10.391893,715
509513.902800,6944438.587000,10.290437,720
509513.902800,6944438.587000,10.188981,725
509513.902800,6944438.587000,10.087525,730
509513.902800,6944438.587000,9.987726,735
509513.902800,6944438.587000,9.898337,740
509513.902800,6944438.587000,9.808949,745
509513.902800,6944438.587000,9.719560,750
509513.902800,6944438.587000,9.630171,755
509513.902800,6944438.587000,9.540782,760
509513.902800,6944438.587000,9.452719,765
509513.902800,6944438.587000,9.365769,770
509513.902800,6944438.587000,9.278818,775
509513.902800,6944438.587000,9.191868,780
509513.902800,6944438.587000,9.104917,785
509513.902800,6944438.587000,9.017966,790
509513.902800,6944438.587000,8.937476,795
509513.902800,6944438.587000,8.858668,800
509513.902800,6944438.587000,8.779860,805
509513.902800,6944438.587000,8.701051,810
509513.902800,6944438.587000,8.622243,815
509513.902800,6944438.587000,8.543435,820
509513.902800,6944438.587000,8.464683,825
509513.902800,6944438.587000,8.386001,830
509513.902800,6944438.587000,8.307319,835
509513.902800,6944438.587000,8.228637,840
509513.902800,6944438.587000,8.149954,845
509513.902800,6944438.587000,8.071272,850
509513.902800,6944438.587000,7.992726,855
509513.902800,6944438.587000,7.915493,860
509513.902800,6944438.587000,7.838259,865
509513.902800,6944438.587000,7.761026,870
509513.902800,6944438.587000,7.683792,875
509513.902800,6944438.587000,7.606559,880
509513.902800,6944438.587000,7.529325,885
509513.902800,6944438.587000,7.452099,890
509513.902800,6944438.587000,7.374877,895
509513.902800,6944438.587000,7.297655,900
509513.902800,6944438.587000,7.220433,905
509513.902800,6944438.587000,7.143211,910
509513.902800,6944438.587000,7.065990,915
509513.902800,6944438.587000,6.986968,920
509513.902800,6944438.587000,6.897372,925
509513.902800,6944438.587000,6.807776,930
509513.902800,6944438.587000,6.718180,935
509513.902800,6944438.587000,6.628584,940
509513.902800,6944438.587000,6.538988,945
509513.902800,6944438.587000,6.448820,950
509513.902800,6944438.587000,6.358212,955
509513.902800,6944438.587000,6.267604,960
509513.902800,6944438.587000,6.176996,965
509513.902800,6944438.587000,6.086387,970
509513.902800,6944438.587000,5.993698,975
509513.902800,6944438.587000,5.858414,980
509513.902800,6944438.587000,5.723129,985
509513.902800,6944438.587000,5.587845,990
509513.902800,6944438.587000,5.406535,995
509513.902800,6944438.587000,5.139998,1000
509513.965700,6944438.632000,29.000000,330
509513.980700,6944438.643000,19.000000,545
509514.003400,6944438.659000,31.500000,260
509514.028300,6944438.677000,14.000000,600
509514.035500,6944438.682000,26.500000,405
509514.039300,6944438.684000,21.500000,510
509514.065900,6944438.704000,25.500000,430
509514.153400,6944438.766000,13.000000,620
509514.178900,6944438.784000,29.500000,315
509514.231300,6944438.822000,9.000000,790
509514.231500,6944438.822000,15.000000,585
509514.270900,6944438.850000,19.500000,540
509514.272600,6944438.851000,26.000000,420
509514.309400,6944438.878000,32.525435,245
509514.309400,6944438.878000,32.139189,250
509514.309400,6944438.878000,31.792763,255
509514.309400,6944438.878000,31.475794,260
509514.309400,6944438.878000,31.268774,265
509514.309400,6944438.878000,31.061754,270
509514.309400,6944438.878000,30.859648,275
509514.309400,6944438.878000,30.659630,280
509514.309400,6944438.878000,30.467737,285
509514.309400,6944438.878000,30.307953,290
509514.309400,6944438.878000,30.148169,295
509514.309400,6944438.878000,29.988612,300
509514.309400,6944438.878000,29.831948,305
509514.309400,6944438.878000,29.675284,310
509514.309400,6944438.878000,29.518620,315
509514.309400,6944438.878000,29.366651,320
509514.309400,6944438.878000,29.215316,325
509514.309400,6944438.878000,29.063980,330
509514.309400,6944438.878000,28.913151,335
509514.309400,6944438.878000,28.762693,340
509514.309400,6944438.878000,28.612234,345
509514.309400,6944438.878000,28.459890,350
509514.309400,6944438.878000,28.302009,355
509514.309400,6944438.878000,28.144128,360
509514.309400,6944438.878000,27.985756,365
509514.309400,6944438.878000,27.822234,370
509514.309400,6944438.878000,27.658711,375
509514.309400,6944438.878000,27.494884,380
509514.309400,6944438.878000,27.320984,385
509514.309400,6944438.878000,27.147083,390
509514.309400,6944438.878000,26.971167,395
509514.309400,6944438.878000,26.784195,400
509514.309400,6944438.878000,26.597223,405
509514.309400,6944438.878000,26.405793,410
509514.309400,6944438.878000,26.209536,415
509514.309400,6944438.878000,26.013278,420
509514.309400,6944438.878000,25.803001,425
509514.309400,6944438.878000,25.591705,430
509514.309400,6944438.878000,25.375823,435
509514.309400,6944438.878000,25.156424,440
509514.309400,6944438.878000,24.933577,445
509514.309400,6944438.878000,24.702165,450
509514.309400,6944438.878000,24.469888,455
509514.309400,6944438.878000,24.231626,460
509514.309400,6944438.878000,23.993053,465
509514.309400,6944438.878000,23.743625,470
509514.309400,6944438.878000,23.494085,475
509514.309400,6944438.878000,23.239890,480
509514.309400,6944438.878000,22.984743,485
509514.309400,6944438.878000,22.713648,490
509514.309400,6944438.878000,22.441509,495
509514.309400,6944438.878000,22.165488,500
509514.309400,6944438.878000,21.880383,505
509514.309400,6944438.878000,21.581682,510
509514.309400,6944438.878000,21.277033,515
509514.309400,6944438.878000,20.966734,520
509514.309400,6944438.878000,20.624767,525
509514.309400,6944438.878000,20.273193,530
509514.309400,6944438.878000,19.906859,535
509514.309400,6944438.878000,19.510433,540
509514.309400,6944438.878000,19.079477,545
509514.309400,6944438.878000,18.620805,550
509514.309400,6944438.878000,18.120331,555
509514.309400,6944438.878000,17.589522,560
509514.309400,6944438.878000,17.024049,565
509514.309400,6944438.878000,16.456397,570
509514.309400,6944438.878000,15.916803,575
509514.309400,6944438.878000,15.419154,580
509514.309400,6944438.878000,14.987625,585
509514.309400,6944438.878000,14.588360,590
509514.309400,6944438.878000,14.259893,595
509514.309400,6944438.878000,13.954656,600
509514.309400,6944438.878000,13.666103,605
509514.309400,6944438.878000,13.408549,610
509514.309400,6944438.878000,13.193045,615
509514.309400,6944438.878000,12.979258,620
509514.309400,6944438.878000,12.780220,625
509514.309400,6944438.878000,12.581181,630
509514.309400,6944438.878000,12.405313,635
509514.309400,6944438.878000,12.245404,640
509514.309400,6944438.878000,12.085495,645
509514.309400,6944438.878000,11.933482,650
509514.309400,6944438.878000,11.790542,655
509514.309400,6944438.878000,11.647601,660
509514.309400,6944438.878000,11.504661,665
509514.309400,6944438.878000,11.379804,670
509514.309400,6944438.878000,11.255557,675
509514.309400,6944438.878000,11.131310,680
509514.309400,6944438.878000,11.007062,685
509514.309400,6944438.878000,10.897044,690
509514.309400,6944438.878000,10.787883,695
509514.309400,6944438.878000,10.678722,700
509514.309400,6944438.878000,10.569561,705
509514.309400,6944438.878000,10.463267,710
509514.309400,6944438.878000,10.362009,715
509514.309400,6944438.878000,10.260751,720
509514.309400,6944438.878000,10.159493,725
509514.309400,6944438.878000,10.058235,730
509514.309400,6944438.878000,9.962119,735
509514.309400,6944438.878000,9.872963,740
509514.309400,6944438.878000,9.783807,745
509514.309400,6944438.878000,9.694651,750
509514.309400,6944438.878000,9.605496,755
509514.309400,6944438.878000,9.516340,760
509514.309400,6944438.878000,9.429197,765
509514.309400,6944438.878000,9.342506,770
509514.309400,6944438.878000,9.255815,775
509514.309400,6944438.878000,9.169124,780
509514.309400,6944438.878000,9.082433,785
509514.309400,6944438.878000,8.996143,790
509514.309400,6944438.878000,8.917615,795
509514.309400,6944438.878000,8.839086,800
509514.309400,6944438.878000,8.760557,805
509514.309400,6944438.878000,8.682029,810
509514.309400,6944438.878000,8.603500,815
509514.309400,6944438.878000,8.524972,820
509514.309400,6944438.878000,8.446534,825
509514.309400,6944438.878000,8.368139,830
509514.309400,6944438.878000,8.289745,835
509514.309400,6944438.878000,8.211350,840
509514.309400,6944438.878000,8.132955,845
509514.309400,6944438.878000,8.054560,850
509514.309400,6944438.878000,7.976612,855
509514.309400,6944438.878000,7.899686,860
509514.309400,6944438.878000,7.822761,865
509514.309400,6944438.878000,7.745835,870
509514.309400,6944438.878000,7.668910,875
509514.309400,6944438.878000,7.591984,880
509514.309400,6944438.878000,7.515058,885
509514.309400,6944438.878000,7.438136,890
509514.309400,6944438.878000,7.361215,895
509514.309400,6944438.878000,7.284294,900
509514.309400,6944438.878000,7.207373,905
509514.309400,6944438.878000,7.130452,910
509514.309400,6944438.878000,7.053531,915
509514.309400,6944438.878000,6.972870,920
509514.309400,6944438.878000,6.883650,925
509514.309400,6944438.878000,6.794430,930
509514.309400,6944438.878000,6.705210,935
509514.309400,6944438.878000,6.615990,940
509514.309400,6944438.878000,6.526770,945
509514.309400,6944438.878000,6.436834,950
509514.309400,6944438.878000,6.346591,955
509514.309400,6944438.878000,6.256347,960
509514.309400,6944438.878000,6.166104,965
509514.309400,6944438.878000,6.075861,970
509514.309400,6944438.878000,5.978527,975
509514.309400,6944438.878000,5.843792,980
509514.309400,6944438.878000,5.709057,985
509514.309400,6944438.878000,5.574322,990
509514.309400,6944438.878000,5.384133,995
509514.309400,6944438.878000,5.125725,1000
509514.324300,6944438.888000,27.500000,380
509514.325600,6944438.889000,23.500000,475
509514.327800,6944438.891000,24.000000,465
509514.344100,6944438.903000,11.500000,665
509514.352200,6944438.908000,23.000000,485
509514.356500,6944438.912000,28.000000,365
509514.357400,6944438.912000,32.500000,245
509514.370400,6944438.921000,11.000000,685
509514.384800,6944438.932000,27.000000,395
509514.386000,6944438.933000,24.500000,455
509514.394200,6944438.939000,32.119683,255
509514.404400,6944438.946000,21.000000,520
509514.418600,6944438.956000,30.000000,300
509514.460300,6944438.986000,28.500000,350
509514.472200,6944438.994000,25.000000,445
509514.475700,6944438.997000,22.500000,495
509514.540900,6944439.043000,9.500000,760
509514.548100,6944439.049000,26.500000,410
509514.577200,6944439.070000,20.000000,535
509514.612800,6944439.095000,25.500000,435
509514.640400,6944439.115000,14.500000,590
509514.643400,6944439.117000,22.000000,505
509514.716000,6944439.169000,32.420985,245
509514.716000,6944439.169000,32.045720,250
509514.716000,6944439.169000,31.729219,255
509514.716000,6944439.169000,31.449226,260
509514.716000,6944439.169000,31.251373,265
509514.716000,6944439.169000,31.053521,270
509514.716000,6944439.169000,30.861442,275
509514.716000,6944439.169000,30.671504,280
509514.716000,6944439.169000,30.485273,285
509514.716000,6944439.169000,30.333531,290
509514.716000,6944439.169000,30.181788,295
509514.716000,6944439.169000,30.030046,300
509514.716000,6944439.169000,29.880929,305
509514.716000,6944439.169000,29.732461,310
509514.716000,6944439.169000,29.583993,315
509514.716000,6944439.169000,29.436364,320
509514.716000,6944439.169000,29.289828,325
509514.716000,6944439.169000,29.143291,330
509514.716000,6944439.169000,28.996793,335
509514.716000,6944439.169000,28.851962,340
509514.716000,6944439.169000,28.707131,345
509514.716000,6944439.169000,28.562301,350
509514.716000,6944439.169000,28.411909,355
509514.716000,6944439.169000,28.257319,360
509514.716000,6944439.169000,28.102729,365
509514.716000,6944439.169000,27.946035,370
509514.716000,6944439.169000,27.785174,375
509514.716000,6944439.169000,27.624313,380
509514.716000,6944439.169000,27.460891,385
509514.716000,6944439.169000,27.288758,390
509514.716000,6944439.169000,27.116625,395
509514.716000,6944439.169000,26.939381,400
509514.716000,6944439.169000,26.751401,405
509514.716000,6944439.169000,26.563420,410
509514.716000,6944439.169000,26.369443,415
509514.716000,6944439.169000,26.172411,420
509514.716000,6944439.169000,25.973040,425
509514.716000,6944439.169000,25.757282,430
509514.716000,6944439.169000,25.541525,435
509514.716000,6944439.169000,25.319516,440
509514.716000,6944439.169000,25.096017,445
509514.716000,6944439.169000,24.865134,450
509514.716000,6944439.169000,24.628690,455
509514.716000,6944439.169000,24.388531,460
509514.716000,6944439.169000,24.143936,465
509514.716000,6944439.169000,23.895728,470
509514.716000,6944439.169000,23.642353,475
509514.716000,6944439.169000,23.385664,480
509514.716000,6944439.169000,23.124726,485
509514.716000,6944439.169000,22.857219,490
509514.716000,6944439.169000,22.583697,495
509514.716000,6944439.169000,22.305157,500
509514.716000,6944439.169000,22.024404,505
509514.716000,6944439.169000,21.722849,510
509514.716000,6944439.169000,21.416139,515
509514.716000,6944439.169000,21.100659,520
509514.716000,6944439.169000,20.764818,525
509514.716000,6944439.169000,20.413922,530
509514.716000,6944439.169000,20.044900,535
509514.716000,6944439.169000,19.642134,540
509514.716000,6944439.169000,19.207108,545
509514.716000,6944439.169000,18.735258,550
509514.716000,6944439.169000,18.218436,555
509514.716000,6944439.169000,17.656616,560
509514.716000,6944439.169000,17.057178,565
509514.716000,6944439.169000,16.447125,570
509514.716000,6944439.169000,15.874378,575
509514.716000,6944439.169000,15.361607,580
509514.716000,6944439.169000,14.907841,585
509514.716000,6944439.169000,14.484415,590
509514.716000,6944439.169000,14.175726,595
509514.716000,6944439.169000,13.874722,600
509514.716000,6944439.169000,13.583872,605
509514.716000,6944439.169000,13.343190,610
509514.716000,6944439.169000,13.122837,615
509514.716000,6944439.169000,12.910999,620
509514.716000,6944439.169000,12.709885,625
509514.716000,6944439.169000,12.508771,630
509514.716000,6944439.169000,12.346572,635
509514.716000,6944439.169000,12.186147,640
509514.716000,6944439.169000,12.025723,645
509514.716000,6944439.169000,11.879724,650
509514.716000,6944439.169000,11.736479,655
509514.716000,6944439.169000,11.593235,660
509514.716000,6944439.169000,11.456657,665
509514.716000,6944439.169000,11.332505,670
509514.716000,6944439.169000,11.208353,675
509514.716000,6944439.169000,11.084202,680
509514.716000,6944439.169000,10.964956,685
509514.716000,6944439.169000,10.529335,705
509514.716000,6944439.169000,10.426282,710
509514.716000,6944439.169000,10.325388,715
509514.716000,6944439.169000,10.224493,720
509514.716000,6944439.169000,10.123599,725
509514.716000,6944439.169000,10.022704,730
509514.716000,6944439.169000,9.488051,760
509514.716000,6944439.169000,9.401835,765
509514.716000,6944439.169000,9.315619,770
509514.716000,6944439.169000,9.229403,775
509514.716000,6944439.169000,9.143187,780
509514.716000,6944439.169000,9.056971,785
509514.716000,6944439.169000,8.505508,820
509514.716000,6944439.169000,8.427601,825
509514.716000,6944439.169000,8.349703,830
509514.716000,6944439.169000,8.271804,835
509514.716000,6944439.169000,8.193905,840
509514.716000,6944439.169000,8.116006,845
509514.716000,6944439.169000,8.038108,850
509514.716000,6944439.169000,7.961027,855
509514.716000,6944439.169000,7.884729,860
509514.716000,6944439.169000,7.808432,865
509514.716000,6944439.169000,7.732134,870
509514.716000,6944439.169000,7.655837,875
509514.716000,6944439.169000,7.579539,880
509514.716000,6944439.169000,7.503242,885
509514.716000,6944439.169000,7.426910,890
509514.716000,6944439.169000,7.350576,895
509514.716000,6944439.169000,7.274242,900
509514.716000,6944439.169000,7.197909,905
509514.716000,6944439.169000,7.121575,910
509514.716000,6944439.169000,7.045242,915
509514.716000,6944439.169000,6.963969,920
509514.716000,6944439.169000,6.875509,925
509514.716000,6944439.169000,6.787049,930
509514.716000,6944439.169000,6.698589,935
509514.716000,6944439.169000,6.610129,940
509514.716000,6944439.169000,6.521669,945
509514.716000,6944439.169000,5.977671,975
509514.716000,6944439.169000,5.844121,980
509514.716000,6944439.169000,5.710570,985
509514.716000,6944439.169000,5.577020,990
509514.716000,6944439.169000,5.389996,995
509514.716000,6944439.169000,5.130118,1000
509514.716000,6944439.169000,10.638240,705
509514.716000,6944439.169000,9.665125,755
509514.716000,6944439.169000,8.817529,805
509514.716000,6944439.169000,6.432439,955
509514.731100,6944439.180000,29.000000,335
509514.765700,6944439.204000,12.500000,630
509514.780900,6944439.215000,26.000000,425
509514.826900,6944439.248000,7.500000,885
509514.827400,6944439.249000,27.500000,385
509514.830500,6944439.251000,8.500000,820
509514.874900,6944439.283000,27.000000,400
509514.890700,6944439.294000,32.000000,250
509514.890900,6944439.294000,12.000000,645
509514.891800,6944439.295000,28.000000,370
509514.958400,6944439.342000,21.500000,515
509514.961900,6944439.345000,20.500000,530
509514.974700,6944439.354000,10.000000,730
509514.990300,6944439.365000,24.000000,470
509515.005600,6944439.376000,24.500000,460
509515.012300,6944439.381000,10.500000,705
509515.031300,6944439.394000,30.500000,285
509515.032600,6944439.395000,23.500000,480
509515.038100,6944439.399000,28.500000,355
509515.043800,6944439.403000,25.000000,450
509515.048500,6944439.407000,26.500000,415
509515.067100,6944439.420000,13.500000,605
509515.097800,6944439.442000,29.500000,320
509515.107500,6944439.449000,23.000000,490
509515.122500,6944439.460000,32.273181,245
509515.122500,6944439.460000,31.952579,250
509515.122500,6944439.460000,31.659312,255
509515.122500,6944439.460000,31.415290,260
509515.122500,6944439.460000,31.229836,265
509515.122500,6944439.460000,31.044382,270
509515.122500,6944439.460000,30.863617,275
509515.122500,6944439.460000,30.684327,280
509515.122500,6944439.460000,30.505037,285
509515.122500,6944439.460000,30.359887,290
509515.122500,6944439.460000,30.215725,295
509515.122500,6944439.460000,30.071562,300
509515.122500,6944439.460000,29.928703,305
509515.122500,6944439.460000,29.787129,310
509515.122500,6944439.460000,29.645556,315
509515.122500,6944439.460000,29.503982,320
509515.122500,6944439.460000,29.362892,325
509515.122500,6944439.460000,29.221817,330
509515.122500,6944439.460000,29.080741,335
509515.122500,6944439.460000,28.940219,340
509515.122500,6944439.460000,28.800437,345
509515.122500,6944439.460000,28.660655,350
509515.122500,6944439.460000,28.520873,355
509515.122500,6944439.460000,28.370755,360
509515.122500,6944439.460000,28.218824,365
509515.122500,6944439.460000,28.066892,370
509515.122500,6944439.460000,27.911473,375
509515.122500,6944439.460000,27.753311,380
509515.122500,6944439.460000,27.595149,385
509515.122500,6944439.460000,27.431324,390
509515.122500,6944439.460000,27.258950,395
509515.122500,6944439.460000,27.086576,400
509515.122500,6944439.460000,26.905924,405
509515.122500,6944439.460000,26.716917,410
509515.122500,6944439.460000,26.527910,415
509515.122500,6944439.460000,26.330182,420
509515.122500,6944439.460000,26.130943,425
509515.122500,6944439.460000,25.924369,430
509515.122500,6944439.460000,25.703733,435
509515.122500,6944439.460000,25.482696,440
509515.122500,6944439.460000,25.256822,445
509515.122500,6944439.460000,25.030948,450
509515.122500,6944439.460000,24.789201,455
509515.122500,6944439.460000,24.544932,460
509515.122500,6944439.460000,24.297446,465
509515.122500,6944439.460000,24.049234,470
509515.122500,6944439.460000,23.791907,475
509515.122500,6944439.460000,23.532325,480
509515.122500,6944439.460000,23.269065,485
509515.122500,6944439.460000,23.005283,490
509515.122500,6944439.460000,22.725805,495
509515.122500,6944439.460000,22.444990,500
509515.122500,6944439.460000,22.159921,505
509515.122500,6944439.460000,21.864422,510
509515.122500,6944439.460000,21.555592,515
509515.122500,6944439.460000,21.237944,520
509515.122500,6944439.460000,20.909271,525
509515.122500,6944439.460000,20.554108,530
509515.122500,6944439.460000,20.178282,535
509515.122500,6944439.460000,19.775550,540
509515.122500,6944439.460000,19.336974,545
509515.122500,6944439.460000,18.855241,550
509515.122500,6944439.460000,18.319536,555
509515.122500,6944439.460000,17.728768,560
509515.122500,6944439.460000,17.090523,565
509515.122500,6944439.460000,16.437875,570
509515.122500,6944439.460000,15.832434,575
509515.122500,6944439.460000,15.300872,580
509515.122500,6944439.460000,14.833110,585
509515.122500,6944439.460000,14.423498,590
509515.122500,6944439.460000,14.099759,595
509515.122500,6944439.460000,13.789882,600
509515.122500,6944439.460000,13.489983,605
509515.122500,6944439.460000,13.269839,610
509515.122500,6944439.460000,13.049696,615
509515.122500,6944439.460000,12.842718,620
509515.122500,6944439.460000,12.639580,625
509515.122500,6944439.460000,12.449543,630
509515.122500,6944439.460000,12.288279,635
509515.122500,6944439.460000,12.127015,640
509515.122500,6944439.460000,11.969513,645
509515.122500,6944439.460000,11.825966,650
509515.122500,6944439.460000,11.682418,655
509515.122500,6944439.460000,11.538870,660
509515.122500,6944439.460000,11.409459,665
509515.122500,6944439.460000,11.285298,670
509515.122500,6944439.460000,11.161137,675
509515.122500,6944439.460000,11.036976,680
509515.122500,6944439.460000,10.923707,685
509515.122500,6944439.460000,10.815058,690
509515.122500,6944439.460000,10.706408,695
509515.122500,6944439.460000,10.597758,700
509515.122500,6944439.460000,10.489919,705
509515.122500,6944439.460000,10.389348,710
509515.122500,6944439.460000,10.288778,715
509515.122500,6944439.460000,10.188208,720
509515.122500,6944439.460000,10.087637,725
509515.122500,6944439.460000,9.988650,730
509515.122500,6944439.460000,9.900387,735
509515.122500,6944439.460000,9.812124,740
509515.122500,6944439.460000,9.723861,745
509515.122500,6944439.460000,9.635598,750
509515.122500,6944439.460000,9.547335,755
509515.122500,6944439.460000,9.460234,760
509515.122500,6944439.460000,9.374478,765
509515.122500,6944439.460000,9.288722,770
509515.122500,6944439.460000,9.202966,775
509515.122500,6944439.460000,9.117210,780
509515.122500,6944439.460000,9.031454,785
509515.122500,6944439.460000,8.950937,790
509515.122500,6944439.460000,8.873454,795
509515.122500,6944439.460000,8.795972,800
509515.122500,6944439.460000,8.718490,805
509515.122500,6944439.460000,8.641008,810
509515.122500,6944439.460000,8.563526,815
509515.122500,6944439.460000,8.486065,820
509515.122500,6944439.460000,8.408700,825
509515.122500,6944439.460000,8.331335,830
509515.122500,6944439.460000,8.253970,835
509515.122500,6944439.460000,8.176605,840
509515.122500,6944439.460000,8.099240,845
509515.122500,6944439.460000,8.021876,850
509515.122500,6944439.460000,7.945697,855
509515.122500,6944439.460000,7.869986,860
509515.122500,6944439.460000,7.794275,865
509515.122500,6944439.460000,7.718564,870
509515.122500,6944439.460000,7.642853,875
509515.122500,6944439.460000,7.567142,880
509515.122500,6944439.460000,7.491420,885
509515.122500,6944439.460000,7.415614,890
509515.122500,6944439.460000,7.339807,895
509515.122500,6944439.460000,7.264001,900
509515.122500,6944439.460000,7.188195,905
509515.122500,6944439.460000,7.112388,910
509515.122500,6944439.460000,7.036582,915
509515.122500,6944439.460000,6.954662,920
509515.122500,6944439.460000,6.867040,925
509515.122500,6944439.460000,6.779419,930
509515.122500,6944439.460000,6.691797,935
509515.122500,6944439.460000,6.604176,940
509515.122500,6944439.460000,6.516554,945
509515.122500,6944439.460000,6.428045,950
509515.122500,6944439.460000,6.339328,955
509515.122500,6944439.460000,6.250611,960
509515.122500,6944439.460000,6.161895,965
509515.122500,6944439.460000,6.073178,970
509515.122500,6944439.460000,5.976816,975
509515.122500,6944439.460000,5.844451,980
509515.122500,6944439.460000,5.712085,985
509515.122500,6944439.460000,5.579719,990
509515.122500,6944439.460000,5.396034,995
509515.122500,6944439.460000,5.134636,1000
509515.168600,6944439.493000,25.500000,440
509515.283800,6944439.575000,22.500000,500
509515.318600,6944439.600000,26.000000,430
509515.331900,6944439.610000,27.500000,390
509515.360500,6944439.630000,6.000000,975
509515.361100,6944439.631000,21.000000,525
509515.385900,6944439.648000,27.000000,405
509515.416600,6944439.670000,29.000000,340
509515.419400,6944439.672000,13.000000,615
509515.428700,6944439.679000,28.000000,375
509515.445500,6944439.691000,11.500000,660
509515.470400,6944439.709000,19.000000,550
509515.490800,6944439.723000,11.000000,680
509515.490800,6944439.723000,22.000000,510
509515.514700,6944439.740000,19.500000,545
509515.529100,6944439.751000,32.208444,245
509515.529100,6944439.751000,31.901368,250
509515.529100,6944439.751000,31.614270,255
509515.529100,6944439.751000,31.395255,260
509515.529100,6944439.751000,31.221255,265
509515.529100,6944439.751000,31.047255,270
509515.529100,6944439.751000,30.876556,275
509515.529100,6944439.751000,30.707088,280
509515.529100,6944439.751000,30.537620,285
509515.529100,6944439.751000,30.392022,290
509515.529100,6944439.751000,30.253235,295
509515.529100,6944439.751000,30.114448,300
509515.529100,6944439.751000,29.976093,305
509515.529100,6944439.751000,29.839770,310
509515.529100,6944439.751000,29.703447,315
509515.529100,6944439.751000,29.567124,320
509515.529100,6944439.751000,29.430866,325
509515.529100,6944439.751000,29.294672,330
509515.529100,6944439.751000,29.158478,335
509515.529100,6944439.751000,29.022284,340
509515.529100,6944439.751000,28.885959,345
509515.529100,6944439.751000,28.749608,350
509515.529100,6944439.751000,28.613256,355
509515.529100,6944439.751000,28.474742,360
509515.529100,6944439.751000,28.325620,365
509515.529100,6944439.751000,28.176499,370
509515.529100,6944439.751000,28.027377,375
509515.529100,6944439.751000,27.872101,380
509515.529100,6944439.751000,27.715442,385
509515.529100,6944439.751000,27.558782,390
509515.529100,6944439.751000,27.392112,395
509515.529100,6944439.751000,27.219429,400
509515.529100,6944439.751000,27.046746,405
509515.529100,6944439.751000,26.861461,410
509515.529100,6944439.751000,26.671499,415
509515.529100,6944439.751000,26.480288,420
509515.529100,6944439.751000,26.277469,425
509515.529100,6944439.751000,26.074650,430
509515.529100,6944439.751000,25.858376,435
509515.529100,6944439.751000,25.634264,440
509515.529100,6944439.751000,25.407085,445
509515.529100,6944439.751000,25.175322,450
509515.529100,6944439.751000,24.939634,455
509515.529100,6944439.751000,24.691757,460
509515.529100,6944439.751000,24.442881,465
509515.529100,6944439.751000,24.190593,470
509515.529100,6944439.751000,23.935503,475
509515.529100,6944439.751000,23.671757,480
509515.529100,6944439.751000,23.406763,485
509515.529100,6944439.751000,23.139440,490
509515.529100,6944439.751000,22.865024,495
509515.529100,6944439.751000,22.582875,500
509515.529100,6944439.751000,22.298434,505
509515.529100,6944439.751000,22.013041,510
509515.529100,6944439.751000,21.700000,515
509515.529100,6944439.751000,21.382167,520
509515.529100,6944439.751000,21.058273,525
509515.529100,6944439.751000,20.704687,530
509515.529100,6944439.751000,20.334056,535
509515.529100,6944439.751000,19.942664,540
509515.529100,6944439.751000,19.505632,545
509515.529100,6944439.751000,19.022760,550
509515.529100,6944439.751000,18.483013,555
509515.529100,6944439.751000,17.866952,560
509515.529100,6944439.751000,17.179740,565
509515.529100,6944439.751000,16.464654,570
509515.529100,6944439.751000,15.815377,575
509515.529100,6944439.751000,15.252222,580
509515.529100,6944439.751000,14.768984,585
509515.529100,6944439.751000,14.364361,590
509515.529100,6944439.751000,14.024004,595
509515.529100,6944439.751000,13.711119,600
509515.529100,6944439.751000,13.428322,605
509515.529100,6944439.751000,13.204835,610
509515.529100,6944439.751000,12.982890,615
509515.529100,6944439.751000,12.777884,620
509515.529100,6944439.751000,12.572879,625
509515.529100,6944439.751000,12.395733,630
509515.529100,6944439.751000,12.233954,635
509515.529100,6944439.751000,12.072175,640
509515.529100,6944439.751000,11.920508,645
509515.529100,6944439.751000,11.776985,650
509515.529100,6944439.751000,11.633463,655
509515.529100,6944439.751000,11.491324,660
509515.529100,6944439.751000,11.367532,665
509515.529100,6944439.751000,11.243741,670
509515.529100,6944439.751000,11.119949,675
509515.529100,6944439.751000,10.996647,680
509515.529100,6944439.751000,10.888612,685
509515.529100,6944439.751000,10.780578,690
509515.529100,6944439.751000,10.672543,695
509515.529100,6944439.751000,10.564509,700
509515.529100,6944439.751000,10.459755,705
509515.529100,6944439.751000,10.359863,710
509515.529100,6944439.751000,10.259972,715
509515.529100,6944439.751000,10.160080,720
509515.529100,6944439.751000,10.060188,725
509515.529100,6944439.751000,9.965232,730
509515.529100,6944439.751000,9.877759,735
509515.529100,6944439.751000,9.790285,740
509515.529100,6944439.751000,9.702811,745
509515.529100,6944439.751000,9.615338,750
509515.529100,6944439.751000,9.527864,755
509515.529100,6944439.751000,9.442101,760
509515.529100,6944439.751000,9.357137,765
509515.529100,6944439.751000,9.272173,770
509515.529100,6944439.751000,9.187209,775
509515.529100,6944439.751000,9.102245,780
509515.529100,6944439.751000,9.017281,785
509515.529100,6944439.751000,8.938956,790
509515.529100,6944439.751000,8.862327,795
509515.529100,6944439.751000,8.785698,800
509515.529100,6944439.751000,8.709069,805
509515.529100,6944439.751000,8.632440,810
509515.529100,6944439.751000,8.555810,815
509515.529100,6944439.751000,8.479230,820
509515.529100,6944439.751000,8.402780,825
509515.529100,6944439.751000,8.326330,830
509515.529100,6944439.751000,8.249880,835
509515.529100,6944439.751000,8.173430,840
509515.529100,6944439.751000,8.096980,845
509515.529100,6944439.751000,8.020531,850
509515.529100,6944439.751000,7.945261,855
509515.529100,6944439.751000,7.870424,860
509515.529100,6944439.751000,7.795587,865
509515.529100,6944439.751000,7.720750,870
509515.529100,6944439.751000,7.645914,875
509515.529100,6944439.751000,7.571077,880
509515.529100,6944439.751000,7.496246,885
509515.529100,6944439.751000,7.421525,890
509515.529100,6944439.751000,7.346805,895
509515.529100,6944439.751000,7.272084,900
509515.529100,6944439.751000,7.197364,905
509515.529100,6944439.751000,7.122643,910
509515.529100,6944439.751000,7.047923,915
509515.529100,6944439.751000,6.968920,920
509515.529100,6944439.751000,6.882259,925
509515.529100,6944439.751000,6.795597,930
509515.529100,6944439.751000,6.708936,935
509515.529100,6944439.751000,6.622275,940
509515.529100,6944439.751000,6.535614,945
509515.529100,6944439.751000,6.448448,950
509515.529100,6944439.751000,6.360931,955
509515.529100,6944439.751000,6.273414,960
509515.529100,6944439.751000,6.185897,965
509515.529100,6944439.751000,6.098379,970
509515.529100,6944439.751000,6.010862,975
509515.529100,6944439.751000,5.885701,980
509515.529100,6944439.751000,5.755205,985
509515.529100,6944439.751000,5.624710,990
509515.529100,6944439.751000,5.487135,995
509515.529100,6944439.751000,5.196970,1000
509515.547100,6944439.764000,5.500000,995
509515.557300,6944439.771000,18.500000,555
509515.570300,6944439.780000,7.500000,885
509515.590200,6944439.795000,26.500000,420
509515.637900,6944439.829000,20.000000,540
509515.643300,6944439.833000,28.500000,360
509515.671000,6944439.852000,14.000000,595
509515.688400,6944439.865000,16.500000,570
509515.706100,6944439.877000,24.500000,465
509515.711500,6944439.881000,25.000000,455
509515.730000,6944439.895000,24.000000,475
509515.734200,6944439.898000,30.000000,305
509515.755400,6944439.913000,18.000000,560
509515.757600,6944439.914000,7.000000,920
509515.808100,6944439.950000,25.500000,445
509515.820500,6944439.959000,23.500000,485
509515.823500,6944439.962000,21.500000,520
509515.837900,6944439.972000,6.500000,950
509515.872000,6944439.996000,20.500000,535
509515.911700,6944440.025000,27.500000,395
509515.919000,6944440.030000,6.000000,980
509515.919400,6944440.030000,23.000000,495
509515.935700,6944440.042000,32.228355,245
509515.935700,6944440.042000,31.922788,250
509515.935700,6944440.042000,31.642714,255
509515.935700,6944440.042000,31.416226,260
509515.935700,6944440.042000,31.245411,265
509515.935700,6944440.042000,31.074596,270
509515.935700,6944440.042000,30.907510,275
509515.935700,6944440.042000,30.743316,280
509515.935700,6944440.042000,30.579122,285
509515.935700,6944440.042000,30.429801,290
509515.935700,6944440.042000,30.294314,295
509515.935700,6944440.042000,30.158826,300
509515.935700,6944440.042000,30.023338,305
509515.935700,6944440.042000,29.890177,310
509515.935700,6944440.042000,29.757500,315
509515.935700,6944440.042000,29.624824,320
509515.935700,6944440.042000,29.492115,325
509515.935700,6944440.042000,29.358900,330
509515.935700,6944440.042000,29.225685,335
509515.935700,6944440.042000,29.092470,340
509515.935700,6944440.042000,28.959106,345
509515.935700,6944440.042000,28.825402,350
509515.935700,6944440.042000,28.691698,355
509515.935700,6944440.042000,28.557994,360
509515.935700,6944440.042000,28.416667,365
509515.935700,6944440.042000,28.269501,370
509515.935700,6944440.042000,28.122335,375
509515.935700,6944440.042000,27.973700,380
509515.935700,6944440.042000,27.817835,385
509515.935700,6944440.042000,27.661970,390
509515.935700,6944440.042000,27.506104,395
509515.935700,6944440.042000,27.334705,400
509515.935700,6944440.042000,27.162672,405
509515.935700,6944440.042000,26.989554,410
509515.935700,6944440.042000,26.797561,415
509515.935700,6944440.042000,26.605568,420
509515.935700,6944440.042000,26.407738,425
509515.935700,6944440.042000,26.202776,430
509515.935700,6944440.042000,25.997570,435
509515.935700,6944440.042000,25.769687,440
509515.935700,6944440.042000,25.541804,445
509515.935700,6944440.042000,25.307041,450
509515.935700,6944440.042000,25.070733,455
509515.935700,6944440.042000,24.824354,460
509515.935700,6944440.042000,24.573674,465
509515.935700,6944440.042000,24.319562,470
509515.935700,6944440.042000,24.064023,475
509515.935700,6944440.042000,23.801461,480
509515.935700,6944440.042000,23.536551,485
509515.935700,6944440.042000,23.270990,490
509515.935700,6944440.042000,23.005324,495
509515.935700,6944440.042000,22.721691,500
509515.935700,6944440.042000,22.437472,505
509515.935700,6944440.042000,22.152470,510
509515.935700,6944440.042000,21.855021,515
509515.935700,6944440.042000,21.543251,520
509515.935700,6944440.042000,21.224750,525
509515.935700,6944440.042000,20.892240,530
509515.935700,6944440.042000,20.529098,535
509515.935700,6944440.042000,20.140457,540
509515.935700,6944440.042000,19.718360,545
509515.935700,6944440.042000,19.246320,550
509515.935700,6944440.042000,18.712985,555
509515.935700,6944440.042000,18.101076,560
509515.935700,6944440.042000,17.378051,565
509515.935700,6944440.042000,16.567060,570
509515.935700,6944440.042000,15.845969,575
509515.935700,6944440.042000,15.230055,580
509515.935700,6944440.042000,14.717691,585
509515.935700,6944440.042000,14.308649,590
509515.935700,6944440.042000,13.958611,595
509515.935700,6944440.042000,13.644257,600
509515.935700,6944440.042000,13.376140,605
509515.935700,6944440.042000,13.147235,610
509515.935700,6944440.042000,12.926218,615
509515.935700,6944440.042000,12.719419,620
509515.935700,6944440.042000,12.512620,625
509515.935700,6944440.042000,12.348492,630
509515.935700,6944440.042000,12.187136,635
509515.935700,6944440.042000,12.025780,640
509515.935700,6944440.042000,11.458239,660
509515.935700,6944440.042000,11.335622,665
509515.935700,6944440.042000,11.213005,670
509515.935700,6944440.042000,11.090389,675
509515.935700,6944440.042000,10.443032,705
509515.935700,6944440.042000,10.344537,710
509515.935700,6944440.042000,10.246043,715
509515.935700,6944440.042000,10.147549,720
509515.935700,6944440.042000,10.049055,725
509515.935700,6944440.042000,9.442358,760
509515.935700,6944440.042000,9.358845,765
509515.935700,6944440.042000,9.275332,770
509515.935700,6944440.042000,9.191819,775
509515.935700,6944440.042000,9.108306,780
509515.935700,6944440.042000,9.024792,785
509515.935700,6944440.042000,8.496272,820
509515.935700,6944440.042000,8.421323,825
509515.935700,6944440.042000,8.346374,830
509515.935700,6944440.042000,8.271424,835
509515.935700,6944440.042000,8.196475,840
509515.935700,6944440.042000,8.121526,845
509515.935700,6944440.042000,8.046577,850
509515.935700,6944440.042000,7.972265,855
509515.935700,6944440.042000,7.899001,860
509515.935700,6944440.042000,7.825737,865
509515.935700,6944440.042000,7.752473,870
509515.935700,6944440.042000,7.679209,875
509515.935700,6944440.042000,7.605945,880
509515.935700,6944440.042000,7.532681,885
509515.935700,6944440.042000,7.459469,890
509515.935700,6944440.042000,7.386300,895
509515.935700,6944440.042000,7.313131,900
509515.935700,6944440.042000,7.239962,905
509515.935700,6944440.042000,7.166792,910
509515.935700,6944440.042000,7.093623,915
509515.935700,6944440.042000,7.020454,920
509515.935700,6944440.042000,6.939017,925
509515.935700,6944440.042000,6.854373,930
509515.935700,6944440.042000,6.769729,935
509515.935700,6944440.042000,6.685086,940
509515.935700,6944440.042000,6.600442,945
509515.935700,6944440.042000,6.515798,950
509515.935700,6944440.042000,6.430492,955
509515.935700,6944440.042000,6.345033,960
509515.935700,6944440.042000,6.259575,965
509515.935700,6944440.042000,6.174117,970
509515.935700,6944440.042000,6.088658,975
509515.935700,6944440.042000,6.003200,980
509515.935700,6944440.042000,5.877182,985
509515.935700,6944440.042000,5.749585,990
509515.935700,6944440.042000,5.621989,995
509515.935700,6944440.042000,5.473043,1000
509515.935700,6944440.042000,11.737084,655
509515.935700,6944440.042000,10.545001,705
509515.935700,6944440.042000,9.612684,755
509515.935700,6944440.042000,8.796861,805
509515.942900,6944440.047000,26.000000,435
509515.955500,6944440.056000,5.500000,1000
509515.969200,6944440.066000,27.000000,410
509515.985300,6944440.077000,29.500000,325
509516.021200,6944440.103000,12.500000,625
509516.023300,6944440.105000,8.500000,820
509516.040600,6944440.117000,28.000000,380
509516.117100,6944440.172000,22.500000,505
509516.160500,6944440.203000,12.000000,640
509516.161400,6944440.203000,29.000000,345
509516.168300,6944440.208000,17.500000,565
509516.178300,6944440.215000,21.000000,530
509516.224900,6944440.249000,26.500000,425
509516.304300,6944440.306000,28.500000,365
509516.305700,6944440.307000,22.000000,515
509516.336900,6944440.329000,6.000000,985
509516.342300,6944440.333000,32.248267,245
509516.342300,6944440.333000,31.943159,250
509516.342300,6944440.333000,31.668352,255
509516.342300,6944440.333000,31.435410,260
509516.342300,6944440.333000,31.268676,265
509516.342300,6944440.333000,31.101942,270
509516.342300,6944440.333000,30.937661,275
509516.342300,6944440.333000,30.777240,280
509516.342300,6944440.333000,30.616819,285
509516.342300,6944440.333000,30.464344,290
509516.342300,6944440.333000,30.333155,295
509516.342300,6944440.333000,30.201967,300
509516.342300,6944440.333000,30.070779,305
509516.342300,6944440.333000,29.940760,310
509516.342300,6944440.333000,29.812112,315
509516.342300,6944440.333000,29.683463,320
509516.342300,6944440.333000,29.554815,325
509516.342300,6944440.333000,29.424861,330
509516.342300,6944440.333000,29.293937,335
509516.342300,6944440.333000,29.163014,340
509516.342300,6944440.333000,29.032091,345
509516.342300,6944440.333000,28.901017,350
509516.342300,6944440.333000,28.769894,355
509516.342300,6944440.333000,28.638771,360
509516.342300,6944440.333000,28.507648,365
509516.342300,6944440.333000,28.362617,370
509516.342300,6944440.333000,28.216725,375
509516.342300,6944440.333000,28.070833,380
509516.342300,6944440.333000,27.920245,385
509516.342300,6944440.333000,27.765224,390
509516.342300,6944440.333000,27.610204,395
509516.342300,6944440.333000,27.450075,400
509516.342300,6944440.333000,27.277383,405
509516.342300,6944440.333000,27.104691,410
509516.342300,6944440.333000,26.923586,415
509516.342300,6944440.333000,26.729527,420
509516.342300,6944440.333000,26.535469,425
509516.342300,6944440.333000,26.330508,430
509516.342300,6944440.333000,26.123110,435
509516.342300,6944440.333000,25.905672,440
509516.342300,6944440.333000,25.673571,445
509516.342300,6944440.333000,25.439576,450
509516.342300,6944440.333000,25.199969,455
509516.342300,6944440.333000,24.957948,460
509516.342300,6944440.333000,24.703751,465
509516.342300,6944440.333000,24.448717,470
509516.342300,6944440.333000,24.190303,475
509516.342300,6944440.333000,23.930146,480
509516.342300,6944440.333000,23.665119,485
509516.342300,6944440.333000,23.398859,490
509516.342300,6944440.333000,23.130564,495
509516.342300,6944440.333000,22.856264,500
509516.342300,6944440.333000,22.576272,505
509516.342300,6944440.333000,22.294886,510
509516.342300,6944440.333000,22.012978,515
509516.342300,6944440.333000,21.701701,520
509516.342300,6944440.333000,21.385910,525
509516.342300,6944440.333000,21.064489,530
509516.342300,6944440.333000,20.710877,535
509516.342300,6944440.333000,20.336027,540
509516.342300,6944440.333000,19.935146,545
509516.342300,6944440.333000,19.487459,550
509516.342300,6944440.333000,18.953317,555
509516.342300,6944440.333000,18.337419,560
509516.342300,6944440.333000,17.588390,565
509516.342300,6944440.333000,16.709225,570
509516.342300,6944440.333000,15.880858,575
509516.342300,6944440.333000,15.206959,580
509516.342300,6944440.333000,14.660363,585
509516.342300,6944440.333000,14.249100,590
509516.342300,6944440.333000,13.895877,595
509516.342300,6944440.333000,13.571671,600
509516.342300,6944440.333000,13.319151,605
509516.342300,6944440.333000,13.086975,610
509516.342300,6944440.333000,12.869505,615
509516.342300,6944440.333000,12.660844,620
509516.342300,6944440.333000,12.463038,625
509516.342300,6944440.333000,12.301745,630
509516.342300,6944440.333000,12.140453,635
509516.342300,6944440.333000,11.981625,640
509516.342300,6944440.333000,11.839403,645
509516.342300,6944440.333000,11.697182,650
509516.342300,6944440.333000,11.554961,655
509516.342300,6944440.333000,11.425417,660
509516.342300,6944440.333000,11.303857,665
509516.342300,6944440.333000,11.182298,670
509516.342300,6944440.333000,11.060738,675
509516.342300,6944440.333000,10.947245,680
509516.342300,6944440.333000,10.841807,685
509516.342300,6944440.333000,10.736369,690
509516.342300,6944440.333000,10.630931,695
509516.342300,6944440.333000,10.525493,700
509516.342300,6944440.333000,10.426361,705
509516.342300,6944440.333000,10.329240,710
509516.342300,6944440.333000,10.232119,715
509516.342300,6944440.333000,10.134998,720
509516.342300,6944440.333000,10.037877,725
509516.342300,6944440.333000,9.948399,730
509516.342300,6944440.333000,9.863807,735
509516.342300,6944440.333000,9.779215,740
509516.342300,6944440.333000,9.694623,745
509516.342300,6944440.333000,9.610031,750
509516.342300,6944440.333000,9.525439,755
509516.342300,6944440.333000,9.442620,760
509516.342300,6944440.333000,9.360564,765
509516.342300,6944440.333000,9.278508,770
509516.342300,6944440.333000,9.196451,775
509516.342300,6944440.333000,9.114395,780
509516.342300,6944440.333000,9.032339,785
509516.342300,6944440.333000,8.955363,790
509516.342300,6944440.333000,8.881693,795
509516.342300,6944440.333000,8.808023,800
509516.342300,6944440.333000,8.734354,805
509516.342300,6944440.333000,8.660684,810
509516.342300,6944440.333000,8.587014,815
509516.342300,6944440.333000,8.513344,820
509516.342300,6944440.333000,8.439787,825
509516.342300,6944440.333000,8.366255,830
509516.342300,6944440.333000,8.292724,835
509516.342300,6944440.333000,8.219192,840
509516.342300,6944440.333000,8.145661,845
509516.342300,6944440.333000,8.072129,850
509516.342300,6944440.333000,7.998635,855
509516.342300,6944440.333000,7.927038,860
509516.342300,6944440.333000,7.855442,865
509516.342300,6944440.333000,7.783846,870
509516.342300,6944440.333000,7.712249,875
509516.342300,6944440.333000,7.640653,880
509516.342300,6944440.333000,7.569057,885
509516.342300,6944440.333000,7.497469,890
509516.342300,6944440.333000,7.426123,895
509516.342300,6944440.333000,7.354777,900
509516.342300,6944440.333000,7.283431,905
509516.342300,6944440.333000,7.212085,910
509516.342300,6944440.333000,7.140739,915
509516.342300,6944440.333000,7.069393,920
509516.342300,6944440.333000,6.997729,925
509516.342300,6944440.333000,6.914772,930
509516.342300,6944440.333000,6.831814,935
509516.342300,6944440.333000,6.748856,940
509516.342300,6944440.333000,6.665898,945
509516.342300,6944440.333000,6.582941,950
509516.342300,6944440.333000,6.499983,955
509516.342300,6944440.333000,6.416833,960
509516.342300,6944440.333000,6.333682,965
509516.342300,6944440.333000,6.250532,970
509516.342300,6944440.333000,6.167382,975
509516.342300,6944440.333000,6.084232,980
509516.342300,6944440.333000,6.001081,985
509516.342300,6944440.333000,5.871629,990
509516.342300,6944440.333000,5.741566,995
509516.342300,6944440.333000,5.611503,1000
509516.342400,6944440.333000,6.500000,955
509516.358400,6944440.344000,7.000000,925
509516.361900,6944440.347000,8.000000,855
509516.363700,6944440.348000,19.500000,550
509516.368300,6944440.351000,7.500000,890
509516.417600,6944440.387000,19.000000,555
509516.460100,6944440.417000,5.000000,1005
509516.463500,6944440.420000,20.000000,545
509516.471600,6944440.425000,25.000000,460
509516.506600,6944440.450000,24.500000,470
509516.517400,6944440.458000,27.500000,400
509516.521600,6944440.461000,5.500000,1005
509516.531700,6944440.468000,25.500000,450
509516.562800,6944440.491000,24.000000,480
509516.582500,6944440.505000,18.500000,560
509516.591200,6944440.511000,27.000000,415
509516.626100,6944440.536000,26.000000,440
509516.626500,6944440.536000,21.500000,525
509516.660700,6944440.561000,28.000000,385
509516.662400,6944440.562000,23.500000,490
509516.684300,6944440.578000,20.500000,540
509516.686700,6944440.579000,13.500000,600
509516.746900,6944440.622000,6.000000,990
509516.748900,6944440.624000,32.270444,245
509516.748900,6944440.624000,31.964639,250
509516.748900,6944440.624000,31.693323,255
509516.748900,6944440.624000,31.453428,260
509516.748900,6944440.624000,31.291417,265
509516.748900,6944440.624000,31.129405,270
509516.748900,6944440.624000,30.968351,275
509516.748900,6944440.624000,30.811091,280
509516.748900,6944440.624000,30.653832,285
509516.748900,6944440.624000,30.497240,290
509516.748900,6944440.624000,30.370615,295
509516.748900,6944440.624000,30.243990,300
509516.748900,6944440.624000,30.117365,305
509516.748900,6944440.624000,29.990827,310
509516.748900,6944440.624000,29.865388,315
509516.748900,6944440.624000,29.739950,320
509516.748900,6944440.624000,29.614512,325
509516.748900,6944440.624000,29.488836,330
509516.748900,6944440.624000,29.360675,335
509516.748900,6944440.624000,29.232515,340
509516.748900,6944440.624000,29.104354,345
509516.748900,6944440.624000,28.976073,350
509516.748900,6944440.624000,28.847270,355
509516.748900,6944440.624000,28.718466,360
509516.748900,6944440.624000,28.589662,365
509516.748900,6944440.624000,28.455912,370
509516.748900,6944440.624000,28.310830,375
509516.748900,6944440.624000,28.165748,380
509516.748900,6944440.624000,28.020667,385
509516.748900,6944440.624000,27.867644,390
509516.748900,6944440.624000,27.713302,395
509516.748900,6944440.624000,27.558961,400
509516.748900,6944440.624000,27.392240,405
509516.748900,6944440.624000,27.217867,410
509516.748900,6944440.624000,27.043493,415
509516.748900,6944440.624000,26.852960,420
509516.748900,6944440.624000,26.657056,425
509516.748900,6944440.624000,26.458235,430
509516.748900,6944440.624000,26.247622,435
509516.748900,6944440.624000,26.037009,440
509516.748900,6944440.624000,25.804992,445
509516.748900,6944440.624000,25.568413,450
509516.748900,6944440.624000,25.327928,455
509516.748900,6944440.624000,25.085853,460
509516.748900,6944440.624000,24.833493,465
509516.748900,6944440.624000,24.575481,470
509516.748900,6944440.624000,24.316712,475
509516.748900,6944440.624000,24.057630,480
509516.748900,6944440.624000,23.793144,485
509516.748900,6944440.624000,23.527112,490
509516.748900,6944440.624000,23.261129,495
509516.748900,6944440.624000,22.994890,500
509516.748900,6944440.624000,22.714576,505
509516.748900,6944440.624000,22.433754,510
509516.748900,6944440.624000,22.151272,515
509516.748900,6944440.624000,21.856397,520
509516.748900,6944440.624000,21.547234,525
509516.748900,6944440.624000,21.230745,530
509516.748900,6944440.624000,20.898733,535
509516.748900,6944440.624000,20.529080,540
509516.748900,6944440.624000,20.135586,545
509516.748900,6944440.624000,19.696856,550
509516.748900,6944440.624000,19.189720,555
509516.748900,6944440.624000,18.597218,560
509516.748900,6944440.624000,17.834864,565
509516.748900,6944440.624000,16.882343,570
509516.748900,6944440.624000,15.920365,575
509516.748900,6944440.624000,15.185487,580
509516.748900,6944440.624000,14.593328,585
509516.748900,6944440.624000,14.188306,590
509516.748900,6944440.624000,13.829459,595
509516.748900,6944440.624000,13.490726,600
509516.748900,6944440.624000,13.258581,605
509516.748900,6944440.624000,13.026435,610
509516.748900,6944440.624000,12.813530,615
509516.748900,6944440.624000,12.603097,620
509516.748900,6944440.624000,12.417573,625
509516.748900,6944440.624000,12.255974,630
509516.748900,6944440.624000,12.094375,635
509516.748900,6944440.624000,11.941118,640
509516.748900,6944440.624000,11.799573,645
509516.748900,6944440.624000,11.658028,650
509516.748900,6944440.624000,11.516482,655
509516.748900,6944440.624000,11.393454,660
509516.748900,6944440.624000,11.272865,665
509516.748900,6944440.624000,11.152276,670
509516.748900,6944440.624000,11.031688,675
509516.748900,6944440.624000,10.923239,680
509516.748900,6944440.624000,10.819117,685
509516.748900,6944440.624000,10.714996,690
509516.748900,6944440.624000,10.610874,695
509516.748900,6944440.624000,10.506752,700
509516.748900,6944440.624000,10.410455,705
509516.748900,6944440.624000,10.314699,710
509516.748900,6944440.624000,10.218944,715
509516.748900,6944440.624000,10.123189,720
509516.748900,6944440.624000,10.027434,725
509516.748900,6944440.624000,9.940681,730
509516.748900,6944440.624000,9.857543,735
509516.748900,6944440.624000,9.774406,740
509516.748900,6944440.624000,9.691268,745
509516.748900,6944440.624000,9.608130,750
509516.748900,6944440.624000,9.524992,755
509516.748900,6944440.624000,9.443643,760
509516.748900,6944440.624000,9.363061,765
509516.748900,6944440.624000,9.282480,770
509516.748900,6944440.624000,9.201899,775
509516.748900,6944440.624000,9.121318,780
509516.748900,6944440.624000,9.040737,785
509516.748900,6944440.624000,8.964309,790
509516.748900,6944440.624000,8.892128,795
509516.748900,6944440.624000,8.819946,800
509516.748900,6944440.624000,8.747765,805
509516.748900,6944440.624000,8.675583,810
509516.748900,6944440.624000,8.603402,815
509516.748900,6944440.624000,8.531220,820
509516.748900,6944440.624000,8.459142,825
509516.748900,6944440.624000,8.387141,830
509516.748900,6944440.624000,8.315141,835
509516.748900,6944440.624000,8.243141,840
509516.748900,6944440.624000,8.171141,845
509516.748900,6944440.624000,8.099141,850
509516.748900,6944440.624000,8.027141,855
509516.748900,6944440.624000,7.956384,860
509516.748900,6944440.624000,7.886380,865
509516.748900,6944440.624000,7.816375,870
509516.748900,6944440.624000,7.746371,875
509516.748900,6944440.624000,7.676366,880
509516.748900,6944440.624000,7.606362,885
509516.748900,6944440.624000,7.536358,890
509516.748900,6944440.624000,7.466362,895
509516.748900,6944440.624000,7.396376,900
509516.748900,6944440.624000,7.326391,905
509516.748900,6944440.624000,7.256405,910
509516.748900,6944440.624000,7.186419,915
509516.748900,6944440.624000,7.116433,920
509516.748900,6944440.624000,7.046447,925
509516.748900,6944440.624000,6.972892,930
509516.748900,6944440.624000,6.892292,935
509516.748900,6944440.624000,6.811692,940
509516.748900,6944440.624000,6.731093,945
509516.748900,6944440.624000,6.650493,950
509516.748900,6944440.624000,6.569893,955
509516.748900,6944440.624000,6.489179,960
509516.748900,6944440.624000,6.407716,965
509516.748900,6944440.624000,6.326253,970
509516.748900,6944440.624000,6.244790,975
509516.748900,6944440.624000,6.163327,980
509516.748900,6944440.624000,6.081864,985
509516.748900,6944440.624000,6.000401,990
509516.748900,6944440.624000,5.843341,995
509516.748900,6944440.624000,5.685907,1000
509516.748900,6944440.624000,5.528473,1005
509516.769300,6944440.639000,23.000000,500
509516.774800,6944440.642000,30.500000,290
509516.789900,6944440.653000,6.500000,960
509516.829200,6944440.681000,29.500000,330
509516.829500,6944440.682000,30.000000,310
509516.863700,6944440.706000,7.000000,930
509516.904000,6944440.735000,29.000000,350
509516.905200,6944440.736000,17.000000,570
509516.914600,6944440.742000,26.500000,430
509516.928700,6944440.753000,16.000000,575
509516.939300,6944440.760000,18.000000,565
509516.954500,6944440.771000,32.000000,250
509516.954900,6944440.771000,7.500000,895
509516.978700,6944440.788000,5.500000,1005
509516.984000,6944440.792000,28.500000,370
509516.986900,6944440.794000,21.000000,535
509516.989000,6944440.796000,22.500000,510
509517.014900,6944440.814000,6.000000,995
509517.027600,6944440.823000,13.000000,610
509517.065400,6944440.850000,31.000000,275
509517.070200,6944440.854000,8.000000,860
509517.098700,6944440.874000,6.500000,965
509517.111200,6944440.883000,5.000000,1005
509517.146000,6944440.908000,8.500000,825
509517.146900,6944440.909000,11.500000,655
509517.155500,6944440.915000,32.407837,245
509517.155500,6944440.915000,32.046079,250
509517.155500,6944440.915000,31.753260,255
509517.155500,6944440.915000,31.483503,260
509517.155500,6944440.915000,31.325354,265
509517.155500,6944440.915000,31.167205,270
509517.155500,6944440.915000,31.009056,275
509517.155500,6944440.915000,30.855514,280
509517.155500,6944440.915000,30.702252,285
509517.155500,6944440.915000,30.548991,290
509517.155500,6944440.915000,30.414440,295
509517.155500,6944440.915000,30.288680,300
509517.155500,6944440.915000,30.162920,305
509517.155500,6944440.915000,30.037160,310
509517.155500,6944440.915000,29.913204,315
509517.155500,6944440.915000,29.790005,320
509517.155500,6944440.915000,29.666806,325
509517.155500,6944440.915000,29.543607,330
509517.155500,6944440.915000,29.418165,335
509517.155500,6944440.915000,29.291495,340
509517.155500,6944440.915000,29.164825,345
509517.155500,6944440.915000,29.038155,350
509517.155500,6944440.915000,28.910880,355
509517.155500,6944440.915000,28.783345,360
509517.155500,6944440.915000,28.655810,365
509517.155500,6944440.915000,28.528275,370
509517.155500,6944440.915000,28.387776,375
509517.155500,6944440.915000,28.243584,380
509517.155500,6944440.915000,28.099392,385
509517.155500,6944440.915000,27.951911,390
509517.155500,6944440.915000,27.797132,395
509517.155500,6944440.915000,27.642353,400
509517.155500,6944440.915000,27.485938,405
509517.155500,6944440.915000,27.310793,410
509517.155500,6944440.915000,27.135648,415
509517.155500,6944440.915000,26.955144,420
509517.155500,6944440.915000,26.756239,425
509517.155500,6944440.915000,26.557333,430
509517.155500,6944440.915000,26.347361,435
509517.155500,6944440.915000,26.132907,440
509517.155500,6944440.915000,25.908609,445
509517.155500,6944440.915000,25.668265,450
509517.155500,6944440.915000,25.425804,455
509517.155500,6944440.915000,25.178398,460
509517.155500,6944440.915000,24.927736,465
509517.155500,6944440.915000,24.668658,470
509517.155500,6944440.915000,24.408823,475
509517.155500,6944440.915000,24.147579,480
509517.155500,6944440.915000,23.885102,485
509517.155500,6944440.915000,23.621025,490
509517.155500,6944440.915000,23.356396,495
509517.155500,6944440.915000,23.091299,500
509517.155500,6944440.915000,22.819711,505
509517.155500,6944440.915000,22.544713,510
509517.155500,6944440.915000,22.270232,515
509517.155500,6944440.915000,21.995346,520
509517.155500,6944440.915000,21.687622,525
509517.155500,6944440.915000,21.376829,530
509517.155500,6944440.915000,21.061243,535
509517.155500,6944440.915000,20.710436,540
509517.155500,6944440.915000,20.336970,545
509517.155500,6944440.915000,19.933140,550
509517.155500,6944440.915000,19.462086,555
509517.155500,6944440.915000,18.897871,560
509517.155500,6944440.915000,18.177722,565
509517.155500,6944440.915000,17.210662,570
509517.155500,6944440.915000,16.126701,575
509517.155500,6944440.915000,15.231717,580
509517.155500,6944440.915000,14.552522,585
509517.155500,6944440.915000,14.151085,590
509517.155500,6944440.915000,13.786568,595
509517.155500,6944440.915000,13.455493,600
509517.155500,6944440.915000,13.221640,605
509517.155500,6944440.915000,12.988959,610
509517.155500,6944440.915000,12.777551,615
509517.155500,6944440.915000,12.566142,620
509517.155500,6944440.915000,12.389782,625
509517.155500,6944440.915000,12.229380,630
509517.155500,6944440.915000,12.068978,635
509517.155500,6944440.915000,11.499701,655
509517.155500,6944440.915000,11.380871,660
509517.155500,6944440.915000,11.262041,665
509517.155500,6944440.915000,11.143211,670
509517.155500,6944440.915000,11.024380,675
509517.155500,6944440.915000,10.414805,705
509517.155500,6944440.915000,10.320882,710
509517.155500,6944440.915000,10.226959,715
509517.155500,6944440.915000,10.133035,720
509517.155500,6944440.915000,10.039112,725
509517.155500,6944440.915000,9.465769,760
509517.155500,6944440.915000,9.386984,765
509517.155500,6944440.915000,9.308200,770
509517.155500,6944440.915000,9.229416,775
509517.155500,6944440.915000,9.150631,780
509517.155500,6944440.915000,9.071847,785
509517.155500,6944440.915000,8.993800,790
509517.155500,6944440.915000,8.923393,795
509517.155500,6944440.915000,8.852985,800
509517.155500,6944440.915000,8.782578,805
509517.155500,6944440.915000,8.712170,810
509517.155500,6944440.915000,8.641763,815
509517.155500,6944440.915000,8.571355,820
509517.155500,6944440.915000,8.500948,825
509517.155500,6944440.915000,8.431028,830
509517.155500,6944440.915000,8.361116,835
509517.155500,6944440.915000,8.291203,840
509517.155500,6944440.915000,8.221290,845
509517.155500,6944440.915000,8.151378,850
509517.155500,6944440.915000,8.081465,855
509517.155500,6944440.915000,8.011552,860
509517.155500,6944440.915000,7.942846,865
509517.155500,6944440.915000,7.874380,870
509517.155500,6944440.915000,7.805913,875
509517.155500,6944440.915000,7.737446,880
509517.155500,6944440.915000,7.668979,885
509517.155500,6944440.915000,7.600513,890
509517.155500,6944440.915000,7.532046,895
509517.155500,6944440.915000,7.463994,900
509517.155500,6944440.915000,7.396308,905
509517.155500,6944440.915000,7.328622,910
509517.155500,6944440.915000,7.260936,915
509517.155500,6944440.915000,7.193250,920
509517.155500,6944440.915000,7.125564,925
509517.155500,6944440.915000,7.057877,930
509517.155500,6944440.915000,6.988551,935
509517.155500,6944440.915000,6.909548,940
509517.155500,6944440.915000,6.830544,945
509517.155500,6944440.915000,6.751541,950
509517.155500,6944440.915000,6.672537,955
509517.155500,6944440.915000,6.593533,960
509517.155500,6944440.915000,6.514530,965
509517.155500,6944440.915000,6.435656,970
509517.155500,6944440.915000,6.356812,975
509517.155500,6944440.915000,6.277968,980
509517.155500,6944440.915000,6.199123,985
509517.155500,6944440.915000,6.120279,990
509517.155500,6944440.915000,6.041435,995
509517.155500,6944440.915000,5.822343,1000
509517.155500,6944440.915000,11.639804,655
509517.155500,6944440.915000,10.509507,705
509517.155500,6944440.915000,9.627296,755
509517.169900,6944440.925000,22.000000,520
509517.203700,6944440.949000,7.000000,935
509517.210800,6944440.955000,19.500000,555
509517.216500,6944440.959000,27.500000,405
509517.230900,6944440.969000,34.500000,245
509517.239500,6944440.975000,9.000000,790
509517.241900,6944440.977000,32.064111,255
509517.268600,6944440.996000,20.000000,550
509517.286800,6944441.009000,19.000000,560
509517.306700,6944441.023000,6.000000,1000
509517.334300,6944441.043000,27.000000,420
509517.371300,6944441.069000,7.500000,900
509517.387800,6944441.081000,28.000000,390
509517.393400,6944441.085000,6.500000,970
509517.426000,6944441.109000,31.500000,260
509517.454000,6944441.129000,17.500000,570
509517.463200,6944441.135000,25.000000,465
509517.463400,6944441.135000,25.500000,455
509517.486600,6944441.152000,20.500000,545
509517.494200,6944441.157000,21.500000,530
509517.495400,6944441.158000,18.500000,565
509517.507800,6944441.167000,26.000000,445
509517.536400,6944441.188000,7.000000,940
509517.556000,6944441.202000,24.500000,475
509517.558100,6944441.203000,14.500000,585
509517.562000,6944441.206000,32.480601,245
509517.562000,6944441.206000,34.022110,245
509517.562000,6944441.206000,32.130868,250
509517.562000,6944441.206000,31.813556,255
509517.562000,6944441.206000,31.515629,260
509517.562000,6944441.206000,31.355153,265
509517.562000,6944441.206000,31.202287,270
509517.562000,6944441.206000,31.049421,275
509517.562000,6944441.206000,30.897674,280
509517.562000,6944441.206000,30.746461,285
509517.562000,6944441.206000,30.595248,290
509517.562000,6944441.206000,30.454273,295
509517.562000,6944441.206000,30.330721,300
509517.562000,6944441.206000,30.207169,305
509517.562000,6944441.206000,30.083617,310
509517.562000,6944441.206000,29.960866,315
509517.562000,6944441.206000,29.839792,320
509517.562000,6944441.206000,29.718718,325
509517.562000,6944441.206000,29.597643,330
509517.562000,6944441.206000,29.475757,335
509517.562000,6944441.206000,29.350488,340
509517.562000,6944441.206000,29.225218,345
509517.562000,6944441.206000,29.099949,350
509517.562000,6944441.206000,28.974478,355
509517.562000,6944441.206000,28.848210,360
509517.562000,6944441.206000,28.721942,365
509517.562000,6944441.206000,28.595674,370
509517.562000,6944441.206000,28.465142,375
509517.562000,6944441.206000,28.321272,380
509517.562000,6944441.206000,28.177403,385
509517.562000,6944441.206000,28.033533,390
509517.562000,6944441.206000,27.880952,395
509517.562000,6944441.206000,27.725723,400
509517.562000,6944441.206000,27.570495,405
509517.562000,6944441.206000,27.403665,410
509517.562000,6944441.206000,27.227183,415
509517.562000,6944441.206000,27.050701,420
509517.562000,6944441.206000,26.855861,425
509517.562000,6944441.206000,26.653620,430
509517.562000,6944441.206000,26.447713,435
509517.562000,6944441.206000,26.230222,440
509517.562000,6944441.206000,26.012731,445
509517.562000,6944441.206000,25.768965,450
509517.562000,6944441.206000,25.523564,455
509517.562000,6944441.206000,25.273275,460
509517.562000,6944441.206000,25.022467,465
509517.562000,6944441.206000,24.762377,470
509517.562000,6944441.206000,24.501374,475
509517.562000,6944441.206000,24.238867,480
509517.562000,6944441.206000,23.976434,485
509517.562000,6944441.206000,23.714832,490
509517.562000,6944441.206000,23.453145,495
509517.562000,6944441.206000,23.191069,500
509517.562000,6944441.206000,22.926559,505
509517.562000,6944441.206000,22.655499,510
509517.562000,6944441.206000,22.383914,515
509517.562000,6944441.206000,22.111620,520
509517.562000,6944441.206000,21.823143,525
509517.562000,6944441.206000,21.523424,530
509517.562000,6944441.206000,21.218663,535
509517.562000,6944441.206000,20.897117,540
509517.562000,6944441.206000,20.534239,545
509517.562000,6944441.206000,20.145744,550
509517.562000,6944441.206000,19.705864,555
509517.562000,6944441.206000,19.184337,560
509517.562000,6944441.206000,18.551179,565
509517.562000,6944441.206000,17.597654,570
509517.562000,6944441.206000,16.340762,575
509517.562000,6944441.206000,15.274690,580
509517.562000,6944441.206000,14.499687,585
509517.562000,6944441.206000,14.114687,590
509517.562000,6944441.206000,13.743659,595
509517.562000,6944441.206000,13.421397,600
509517.562000,6944441.206000,13.185087,605
509517.562000,6944441.206000,12.953957,610
509517.562000,6944441.206000,12.741544,615
509517.562000,6944441.206000,12.529132,620
509517.562000,6944441.206000,12.362420,625
509517.562000,6944441.206000,12.202972,630
509517.562000,6944441.206000,12.043525,635
509517.562000,6944441.206000,11.485495,655
509517.562000,6944441.206000,11.368380,660
509517.562000,6944441.206000,11.251266,665
509517.562000,6944441.206000,11.134151,670
509517.562000,6944441.206000,11.017036,675
509517.562000,6944441.206000,10.419160,705
509517.562000,6944441.206000,10.327084,710
509517.562000,6944441.206000,10.235008,715
509517.562000,6944441.206000,10.142932,720
509517.562000,6944441.206000,10.050855,725
509517.562000,6944441.206000,9.487881,760
509517.562000,6944441.206000,9.410904,765
509517.562000,6944441.206000,9.333926,770
509517.562000,6944441.206000,9.256949,775
509517.562000,6944441.206000,9.179971,780
509517.562000,6944441.206000,9.102994,785
509517.562000,6944441.206000,9.026016,790
509517.562000,6944441.206000,8.954572,795
509517.562000,6944441.206000,8.885953,800
509517.562000,6944441.206000,8.817333,805
509517.562000,6944441.206000,8.748714,810
509517.562000,6944441.206000,8.680094,815
509517.562000,6944441.206000,8.611475,820
509517.562000,6944441.206000,8.542856,825
509517.562000,6944441.206000,8.474381,830
509517.562000,6944441.206000,8.406149,835
509517.562000,6944441.206000,8.337916,840
509517.562000,6944441.206000,8.269683,845
509517.562000,6944441.206000,8.201451,850
509517.562000,6944441.206000,8.133218,855
509517.562000,6944441.206000,8.064986,860
509517.562000,6944441.206000,7.996835,865
509517.562000,6944441.206000,7.930323,870
509517.562000,6944441.206000,7.863811,875
509517.562000,6944441.206000,7.797299,880
509517.562000,6944441.206000,7.730788,885
509517.562000,6944441.206000,7.664276,890
509517.562000,6944441.206000,7.597764,895
509517.562000,6944441.206000,7.531252,900
509517.562000,6944441.206000,7.465156,905
509517.562000,6944441.206000,7.399429,910
509517.562000,6944441.206000,7.333701,915
509517.562000,6944441.206000,7.267973,920
509517.562000,6944441.206000,7.202246,925
509517.562000,6944441.206000,7.136518,930
509517.562000,6944441.206000,7.070791,935
509517.562000,6944441.206000,7.005063,940
509517.562000,6944441.206000,6.929019,945
509517.562000,6944441.206000,6.852114,950
509517.562000,6944441.206000,6.775209,955
509517.562000,6944441.206000,6.698303,960
509517.562000,6944441.206000,6.621398,965
509517.562000,6944441.206000,6.544493,970
509517.562000,6944441.206000,6.466137,975
509517.562000,6944441.206000,6.385789,980
509517.562000,6944441.206000,6.305441,985
509517.562000,6944441.206000,6.225093,990
509517.562000,6944441.206000,6.144745,995
509517.562000,6944441.206000,6.064397,1000
509517.562000,6944441.206000,11.621580,655
509517.562000,6944441.206000,10.512261,705
509517.562000,6944441.206000,9.646462,755
509517.577900,6944441.217000,34.000000,245
509517.585600,6944441.223000,8.000000,865
509517.605300,6944441.237000,5.500000,1005
509517.658700,6944441.275000,6.000000,1005
509517.666400,6944441.281000,24.000000,485
509517.677900,6944441.289000,6.500000,975
509517.704200,6944441.308000,32.500000,250
509517.724300,6944441.322000,29.000000,355
509517.731900,6944441.327000,29.500000,335
509517.742200,6944441.335000,28.500000,375
509517.758700,6944441.347000,23.500000,495
509517.765500,6944441.352000,7.500000,905
509517.776300,6944441.359000,26.500000,435
509517.782700,6944441.364000,9.500000,760
509517.799000,6944441.375000,21.000000,540
509517.799200,6944441.376000,8.500000,830
509517.805700,6944441.380000,5.500000,1010
509517.837500,6944441.403000,33.500000,250
509517.842500,6944441.407000,23.000000,505
509517.858800,6944441.418000,16.500000,575
509517.866300,6944441.424000,34.500000,250
509517.868200,6944441.425000,7.000000,945
509517.882000,6944441.435000,12.500000,620
509517.895000,6944441.444000,30.000000,315
509517.952600,6944441.485000,6.500000,980
509517.955700,6944441.488000,18.000000,570
509517.968600,6944441.497000,32.780600,245
509517.968600,6944441.497000,33.170346,245
509517.968600,6944441.497000,32.202568,250
509517.968600,6944441.497000,34.357129,250
509517.968600,6944441.497000,31.883295,255
509517.968600,6944441.497000,31.583435,260
509517.968600,6944441.497000,31.391267,265
509517.968600,6944441.497000,31.240616,270
509517.968600,6944441.497000,31.089965,275
509517.968600,6944441.497000,30.939397,280
509517.968600,6944441.497000,30.788950,285
509517.968600,6944441.497000,30.638504,290
509517.968600,6944441.497000,30.490438,295
509517.968600,6944441.497000,30.369979,300
509517.968600,6944441.497000,30.249520,305
509517.968600,6944441.497000,30.129062,310
509517.968600,6944441.497000,30.008603,315
509517.968600,6944441.497000,29.889412,320
509517.968600,6944441.497000,29.770318,325
509517.968600,6944441.497000,29.651224,330
509517.968600,6944441.497000,29.532131,335
509517.968600,6944441.497000,29.409509,340
509517.968600,6944441.497000,29.285585,345
509517.968600,6944441.497000,29.161660,350
509517.968600,6944441.497000,29.037736,355
509517.968600,6944441.497000,28.913062,360
509517.968600,6944441.497000,28.788060,365
509517.968600,6944441.497000,28.663057,370
509517.968600,6944441.497000,28.538055,375
509517.968600,6944441.497000,28.399756,380
509517.968600,6944441.497000,28.255638,385
509517.968600,6944441.497000,28.111519,390
509517.968600,6944441.497000,27.964790,395
509517.968600,6944441.497000,27.809130,400
509517.968600,6944441.497000,27.653470,405
509517.968600,6944441.497000,27.497484,410
509517.968600,6944441.497000,27.318672,415
509517.968600,6944441.497000,27.139860,420
509517.968600,6944441.497000,26.955244,425
509517.968600,6944441.497000,26.749791,430
509517.968600,6944441.497000,26.544337,435
509517.968600,6944441.497000,26.326567,440
509517.968600,6944441.497000,26.105406,445
509517.968600,6944441.497000,25.869273,450
509517.968600,6944441.497000,25.619503,455
509517.968600,6944441.497000,25.367790,460
509517.968600,6944441.497000,25.114294,465
509517.968600,6944441.497000,24.855838,470
509517.968600,6944441.497000,24.593310,475
509517.968600,6944441.497000,24.330871,480
509517.968600,6944441.497000,24.068483,485
509517.968600,6944441.497000,23.808536,490
509517.968600,6944441.497000,23.549451,495
509517.968600,6944441.497000,23.290479,500
509517.968600,6944441.497000,23.031534,505
509517.968600,6944441.497000,22.766138,510
509517.968600,6944441.497000,22.499849,515
509517.968600,6944441.497000,22.234510,520
509517.968600,6944441.497000,21.965431,525
509517.968600,6944441.497000,21.667894,530
509517.968600,6944441.497000,21.367055,535
509517.968600,6944441.497000,21.061943,540
509517.968600,6944441.497000,20.716652,545
509517.968600,6944441.497000,20.347904,550
509517.968600,6944441.497000,19.949022,555
509517.968600,6944441.497000,19.464204,560
509517.968600,6944441.497000,18.851186,565
509517.968600,6944441.497000,18.011611,570
509517.968600,6944441.497000,16.576917,575
509517.968600,6944441.497000,15.312895,580
509517.968600,6944441.497000,14.482779,585
509517.968600,6944441.497000,14.082180,590
509517.968600,6944441.497000,13.707244,595
509517.968600,6944441.497000,13.393730,600
509517.968600,6944441.497000,13.150723,605
509517.968600,6944441.497000,12.918946,610
509517.968600,6944441.497000,12.705509,615
509517.968600,6944441.497000,12.494104,620
509517.968600,6944441.497000,12.335368,625
509517.968600,6944441.497000,12.176631,630
509517.968600,6944441.497000,12.017895,635
509517.968600,6944441.497000,11.878110,640
509517.968600,6944441.497000,11.740733,645
509517.968600,6944441.497000,11.603356,650
509517.968600,6944441.497000,11.471411,655
509517.968600,6944441.497000,11.355970,660
509517.968600,6944441.497000,11.240528,665
509517.968600,6944441.497000,11.125087,670
509517.968600,6944441.497000,11.009646,675
509517.968600,6944441.497000,10.909597,680
509517.968600,6944441.497000,10.810952,685
509517.968600,6944441.497000,10.712306,690
509517.968600,6944441.497000,10.613661,695
509517.968600,6944441.497000,10.515015,700
509517.968600,6944441.497000,10.423518,705
509517.968600,6944441.497000,10.333304,710
509517.968600,6944441.497000,10.243090,715
509517.968600,6944441.497000,10.152876,720
509517.968600,6944441.497000,10.062662,725
509517.968600,6944441.497000,9.976281,730
509517.968600,6944441.497000,9.898618,735
509517.968600,6944441.497000,9.820955,740
509517.968600,6944441.497000,9.743291,745
509517.968600,6944441.497000,9.665628,750
509517.968600,6944441.497000,9.587965,755
509517.968600,6944441.497000,9.510301,760
509517.968600,6944441.497000,9.434833,765
509517.968600,6944441.497000,9.359700,770
509517.968600,6944441.497000,9.284567,775
509517.968600,6944441.497000,9.209434,780
509517.968600,6944441.497000,9.134302,785
509517.968600,6944441.497000,9.059169,790
509517.968600,6944441.497000,8.985798,795
509517.968600,6944441.497000,8.918959,800
509517.968600,6944441.497000,8.852120,805
509517.968600,6944441.497000,8.785281,810
509517.968600,6944441.497000,8.718442,815
509517.968600,6944441.497000,8.651603,820
509517.968600,6944441.497000,8.584764,825
509517.968600,6944441.497000,8.517924,830
509517.968600,6944441.497000,8.451246,835
509517.968600,6944441.497000,8.384626,840
509517.968600,6944441.497000,8.318006,845
509517.968600,6944441.497000,8.251386,850
509517.968600,6944441.497000,8.184766,855
509517.968600,6944441.497000,8.118146,860
509517.968600,6944441.497000,8.051526,865
509517.968600,6944441.497000,7.985394,870
509517.968600,6944441.497000,7.920927,875
509517.968600,6944441.497000,7.856461,880
509517.968600,6944441.497000,7.791995,885
509517.968600,6944441.497000,7.727529,890
509517.968600,6944441.497000,7.663063,895
509517.968600,6944441.497000,7.598597,900
509517.968600,6944441.497000,7.534131,905
509517.968600,6944441.497000,7.469732,910
509517.968600,6944441.497000,7.405409,915
509517.968600,6944441.497000,7.341086,920
509517.968600,6944441.497000,7.276763,925
509517.968600,6944441.497000,7.212440,930
509517.968600,6944441.497000,7.148117,935
509517.968600,6944441.497000,7.083794,940
509517.968600,6944441.497000,7.019471,945
509517.968600,6944441.497000,6.948391,950
509517.968600,6944441.497000,6.874377,955
509517.968600,6944441.497000,6.800363,960
509517.968600,6944441.497000,6.726349,965
509517.968600,6944441.497000,6.652335,970
509517.968600,6944441.497000,6.578321,975
509517.968600,6944441.497000,6.504307,980
509517.968600,6944441.497000,6.415577,985
509517.968600,6944441.497000,6.325938,990
509517.968600,6944441.497000,6.236299,995
509517.968600,6944441.497000,6.146660,1000
509517.968600,6944441.497000,5.042903,1005
509517.968600,6944441.497000,6.057021,1005
509517.968600,6944441.497000,5.845397,1010
509517.968600,6944441.497000,5.295032,1010
509517.969400,6944441.497000,22.500000,515
509517.979700,6944441.505000,27.500000,410
509518.008300,6944441.525000,5.000000,1005
509518.033600,6944441.543000,19.500000,560
509518.056100,6944441.560000,33.000000,250
509518.064500,6944441.566000,30.500000,295
509518.072500,6944441.571000,8.000000,870
509518.086000,6944441.581000,20.000000,555
509518.118700,6944441.604000,22.000000,525
509518.137500,6944441.618000,9.000000,795
509518.141200,6944441.620000,28.000000,395
509518.149400,6944441.626000,7.500000,910
509518.150200,6944441.627000,27.000000,425
509518.191900,6944441.657000,7.000000,950
509518.191900,6944441.657000,19.000000,565
509518.236700,6944441.689000,6.500000,985
509518.241500,6944441.692000,5.000000,1010
509518.275700,6944441.717000,34.000000,250
509518.365200,6944441.781000,17.000000,575
509518.375200,6944441.788000,32.294787,250
509518.375200,6944441.788000,33.868773,250
509518.375200,6944441.788000,31.956597,255
509518.375200,6944441.788000,31.669459,260
509518.375200,6944441.788000,31.437213,265
509518.375200,6944441.788000,31.284012,270
509518.375200,6944441.788000,31.130811,275
509518.375200,6944441.788000,30.978529,280
509518.375200,6944441.788000,30.831617,285
509518.375200,6944441.788000,30.684705,290
509518.375200,6944441.788000,30.537793,295
509518.375200,6944441.788000,30.411346,300
509518.375200,6944441.788000,30.291987,305
509518.375200,6944441.788000,30.172628,310
509518.375200,6944441.788000,30.053269,315
509518.375200,6944441.788000,29.935087,320
509518.375200,6944441.788000,29.817855,325
509518.375200,6944441.788000,29.700622,330
509518.375200,6944441.788000,29.583390,335
509518.375200,6944441.788000,29.464649,340
509518.375200,6944441.788000,29.342194,345
509518.375200,6944441.788000,29.219738,350
509518.375200,6944441.788000,29.097282,355
509518.375200,6944441.788000,28.974518,360
509518.375200,6944441.788000,28.850563,365
509518.375200,6944441.788000,28.726608,370
509518.375200,6944441.788000,28.602653,375
509518.375200,6944441.788000,28.475298,380
509518.375200,6944441.788000,28.331561,385
509518.375200,6944441.788000,28.187825,390
509518.375200,6944441.788000,28.044089,395
509518.375200,6944441.788000,27.891515,400
509518.375200,6944441.788000,27.735031,405
509518.375200,6944441.788000,27.578548,410
509518.375200,6944441.788000,27.410036,415
509518.375200,6944441.788000,27.229400,420
509518.375200,6944441.788000,27.048765,425
509518.375200,6944441.788000,26.847129,430
509518.375200,6944441.788000,26.637726,435
509518.375200,6944441.788000,26.422531,440
509518.375200,6944441.788000,26.196204,445
509518.375200,6944441.788000,25.966047,450
509518.375200,6944441.788000,25.710945,455
509518.375200,6944441.788000,25.455129,460
509518.375200,6944441.788000,25.195901,465
509518.375200,6944441.788000,24.935205,470
509518.375200,6944441.788000,24.669966,475
509518.375200,6944441.788000,24.405091,480
509518.375200,6944441.788000,24.140865,485
509518.375200,6944441.788000,23.879314,490
509518.375200,6944441.788000,23.620815,495
509518.375200,6944441.788000,23.362395,500
509518.375200,6944441.788000,23.104045,505
509518.375200,6944441.788000,22.843313,510
509518.375200,6944441.788000,22.580975,515
509518.375200,6944441.788000,22.317096,520
509518.375200,6944441.788000,22.052529,525
509518.375200,6944441.788000,21.767138,530
509518.375200,6944441.788000,21.475981,535
509518.375200,6944441.788000,21.177888,540
509518.375200,6944441.788000,20.855835,545
509518.375200,6944441.788000,20.498154,550
509518.375200,6944441.788000,20.103510,555
509518.375200,6944441.788000,19.652989,560
509518.375200,6944441.788000,19.097031,565
509518.375200,6944441.788000,18.322007,570
509518.375200,6944441.788000,17.010829,575
509518.375200,6944441.788000,15.355699,580
509518.375200,6944441.788000,14.473025,585
509518.375200,6944441.788000,14.059155,590
509518.375200,6944441.788000,13.681124,595
509518.375200,6944441.788000,13.373755,600
509518.375200,6944441.788000,13.127747,605
509518.375200,6944441.788000,12.897408,610
509518.375200,6944441.788000,12.683993,615
509518.375200,6944441.788000,12.478292,620
509518.375200,6944441.788000,12.320832,625
509518.375200,6944441.788000,12.163372,630
509518.375200,6944441.788000,12.005911,635
509518.375200,6944441.788000,11.869301,640
509518.375200,6944441.788000,11.733503,645
509518.375200,6944441.788000,11.597706,650
509518.375200,6944441.788000,11.468094,655
509518.375200,6944441.788000,11.354349,660
509518.375200,6944441.788000,11.240604,665
509518.375200,6944441.788000,11.126858,670
509518.375200,6944441.788000,11.013113,675
509518.375200,6944441.788000,10.914255,680
509518.375200,6944441.788000,10.817338,685
509518.375200,6944441.788000,10.720420,690
509518.375200,6944441.788000,10.623502,695
509518.375200,6944441.788000,10.526585,700
509518.375200,6944441.788000,10.435759,705
509518.375200,6944441.788000,10.347236,710
509518.375200,6944441.788000,10.258713,715
509518.375200,6944441.788000,10.170190,720
509518.375200,6944441.788000,10.081667,725
509518.375200,6944441.788000,9.994111,730
509518.375200,6944441.788000,9.918073,735
509518.375200,6944441.788000,9.842036,740
509518.375200,6944441.788000,9.765998,745
509518.375200,6944441.788000,9.689961,750
509518.375200,6944441.788000,9.613923,755
509518.375200,6944441.788000,9.537886,760
509518.375200,6944441.788000,9.463111,765
509518.375200,6944441.788000,9.389589,770
509518.375200,6944441.788000,9.316068,775
509518.375200,6944441.788000,9.242546,780
509518.375200,6944441.788000,9.169024,785
509518.375200,6944441.788000,9.095503,790
509518.375200,6944441.788000,9.021981,795
509518.375200,6944441.788000,8.954218,800
509518.375200,6944441.788000,8.888910,805
509518.375200,6944441.788000,8.823602,810
509518.375200,6944441.788000,8.758295,815
509518.375200,6944441.788000,8.692987,820
509518.375200,6944441.788000,8.627679,825
509518.375200,6944441.788000,8.562371,830
509518.375200,6944441.788000,8.497082,835
509518.375200,6944441.788000,8.432190,840
509518.375200,6944441.788000,8.367297,845
509518.375200,6944441.788000,8.302404,850
509518.375200,6944441.788000,8.237511,855
509518.375200,6944441.788000,8.172618,860
509518.375200,6944441.788000,8.107726,865
509518.375200,6944441.788000,8.042833,870
509518.375200,6944441.788000,7.978559,875
509518.375200,6944441.788000,7.915488,880
509518.375200,6944441.788000,7.852417,885
509518.375200,6944441.788000,7.789346,890
509518.375200,6944441.788000,7.726275,895
509518.375200,6944441.788000,7.663204,900
509518.375200,6944441.788000,7.600133,905
509518.375200,6944441.788000,7.537062,910
509518.375200,6944441.788000,7.474177,915
509518.375200,6944441.788000,7.411559,920
509518.375200,6944441.788000,7.348941,925
509518.375200,6944441.788000,7.286323,930
509518.375200,6944441.788000,7.223705,935
509518.375200,6944441.788000,7.161086,940
509518.375200,6944441.788000,7.098468,945
509518.375200,6944441.788000,7.035850,950
509518.375200,6944441.788000,6.969086,955
509518.375200,6944441.788000,6.896770,960
509518.375200,6944441.788000,6.824454,965
509518.375200,6944441.788000,6.752138,970
509518.375200,6944441.788000,6.679822,975
509518.375200,6944441.788000,6.607506,980
509518.375200,6944441.788000,6.535191,985
509518.375200,6944441.788000,6.440175,990
509518.375200,6944441.788000,6.323642,995
509518.375200,6944441.788000,6.207110,1000
509518.375200,6944441.788000,6.090578,1005
509518.375200,6944441.788000,5.811398,1010
509518.380800,6944441.792000,20.500000,550
509518.400500,6944441.806000,8.500000,835
509518.478500,6944441.862000,5.500000,1010
509518.481900,6944441.864000,21.500000,535
509518.492600,6944441.872000,10.000000,730
509518.501300,6944441.878000,34.500000,255
509518.507700,6944441.883000,7.000000,955
509518.509000,6944441.884000,28.500000,380
509518.518500,6944441.891000,5.000000,1010
509518.519400,6944441.891000,26.000000,450
509518.519600,6944441.891000,6.500000,990
509518.528300,6944441.898000,8.000000,875
509518.529700,6944441.898000,7.500000,915
509518.546500,6944441.911000,29.000000,360
509518.580200,6944441.935000,18.500000,570
509518.592700,6944441.944000,25.500000,460
509518.608600,6944441.955000,31.000000,280
509518.637600,6944441.976000,29.500000,340
509518.639500,6944441.977000,32.000000,255
509518.705200,6944442.024000,26.500000,440
509518.712500,6944442.029000,6.000000,1005
509518.730900,6944442.043000,25.000000,470
509518.731000,6944442.043000,12.000000,635
509518.759300,6944442.063000,5.500000,1005
509518.768400,6944442.069000,5.000000,1005
509518.776100,6944442.075000,27.500000,415
509518.781800,6944442.079000,32.434425,250
509518.781800,6944442.079000,33.507207,250
509518.781800,6944442.079000,32.032683,255
509518.781800,6944442.079000,34.233440,255
509518.781800,6944442.079000,31.732753,260
509518.781800,6944442.079000,31.469785,265
509518.781800,6944442.079000,31.318654,270
509518.781800,6944442.079000,31.167522,275
509518.781800,6944442.079000,31.016391,280
509518.781800,6944442.079000,30.871159,285
509518.781800,6944442.079000,30.726646,290
509518.781800,6944442.079000,30.582132,295
509518.781800,6944442.079000,30.449243,300
509518.781800,6944442.079000,30.331658,305
509518.781800,6944442.079000,30.214073,310
509518.781800,6944442.079000,30.096488,315
509518.781800,6944442.079000,29.979320,320
509518.781800,6944442.079000,29.864063,325
509518.781800,6944442.079000,29.748807,330
509518.781800,6944442.079000,29.633550,335
509518.781800,6944442.079000,29.518293,340
509518.781800,6944442.079000,29.397992,345
509518.781800,6944442.079000,29.276739,350
509518.781800,6944442.079000,29.155487,355
509518.781800,6944442.079000,29.034234,360
509518.781800,6944442.079000,28.911795,365
509518.781800,6944442.079000,28.788888,370
509518.781800,6944442.079000,28.665982,375
509518.781800,6944442.079000,28.543075,380
509518.781800,6944442.079000,28.406711,385
509518.781800,6944442.079000,28.263086,390
509518.781800,6944442.079000,28.119461,395
509518.781800,6944442.079000,27.973507,400
509518.781800,6944442.079000,27.816043,405
509518.781800,6944442.079000,27.658580,410
509518.781800,6944442.079000,27.501116,415
509518.781800,6944442.079000,27.318649,420
509518.781800,6944442.079000,27.136003,425
509518.781800,6944442.079000,26.945311,430
509518.781800,6944442.079000,26.731158,435
509518.781800,6944442.079000,26.517005,440
509518.781800,6944442.079000,26.287164,445
509518.781800,6944442.079000,26.055970,450
509518.781800,6944442.079000,25.801424,455
509518.781800,6944442.079000,25.539420,460
509518.781800,6944442.079000,25.274597,465
509518.781800,6944442.079000,25.009276,470
509518.781800,6944442.079000,24.740875,475
509518.781800,6944442.079000,24.472497,480
509518.781800,6944442.079000,24.205302,485
509518.781800,6944442.079000,23.940289,490
509518.781800,6944442.079000,23.682514,495
509518.781800,6944442.079000,23.424833,500
509518.781800,6944442.079000,23.167377,505
509518.781800,6944442.079000,22.909109,510
509518.781800,6944442.079000,22.649329,515
509518.781800,6944442.079000,22.388841,520
509518.781800,6944442.079000,22.127395,525
509518.781800,6944442.079000,21.852586,530
509518.781800,6944442.079000,21.565075,535
509518.781800,6944442.079000,21.272040,540
509518.781800,6944442.079000,20.972801,545
509518.781800,6944442.079000,20.618359,550
509518.781800,6944442.079000,20.243186,555
509518.781800,6944442.079000,19.818689,560
509518.781800,6944442.079000,19.294485,565
509518.781800,6944442.079000,18.623556,570
509518.781800,6944442.079000,17.474980,575
509518.781800,6944442.079000,15.396802,580
509518.781800,6944442.079000,14.468722,585
509518.781800,6944442.079000,14.039788,590
509518.781800,6944442.079000,13.658264,595
509518.781800,6944442.079000,13.356558,600
509518.781800,6944442.079000,13.109175,605
509518.781800,6944442.079000,12.467047,620
509518.781800,6944442.079000,12.311086,625
509518.781800,6944442.079000,12.155125,630
509518.781800,6944442.079000,11.999281,635
509518.781800,6944442.079000,11.468853,655
509518.781800,6944442.079000,11.356830,660
509518.781800,6944442.079000,11.244806,665
509518.781800,6944442.079000,11.132783,670
509518.781800,6944442.079000,11.020760,675
509518.781800,6944442.079000,10.450992,705
509518.781800,6944442.079000,10.364109,710
509518.781800,6944442.079000,10.277226,715
509518.781800,6944442.079000,10.190343,720
509518.781800,6944442.079000,10.103460,725
509518.781800,6944442.079000,10.016577,730
509518.781800,6944442.079000,9.493040,765
509518.781800,6944442.079000,9.421034,770
509518.781800,6944442.079000,9.349029,775
509518.781800,6944442.079000,9.277023,780
509518.781800,6944442.079000,9.205018,785
509518.781800,6944442.079000,9.133012,790
509518.781800,6944442.079000,9.061007,795
509518.781800,6944442.079000,8.990246,800
509518.781800,6944442.079000,8.926388,805
509518.781800,6944442.079000,8.862530,810
509518.781800,6944442.079000,8.798672,815
509518.781800,6944442.079000,8.734814,820
509518.781800,6944442.079000,8.670956,825
509518.781800,6944442.079000,8.607098,830
509518.781800,6944442.079000,8.543239,835
509518.781800,6944442.079000,8.479527,840
509518.781800,6944442.079000,8.416121,845
509518.781800,6944442.079000,8.352715,850
509518.781800,6944442.079000,8.289309,855
509518.781800,6944442.079000,8.225903,860
509518.781800,6944442.079000,8.162496,865
509518.781800,6944442.079000,8.099090,870
509518.781800,6944442.079000,8.035684,875
509518.781800,6944442.079000,7.973046,880
509518.781800,6944442.079000,7.911397,885
509518.781800,6944442.079000,7.849748,890
509518.781800,6944442.079000,7.788100,895
509518.781800,6944442.079000,7.726451,900
509518.781800,6944442.079000,7.664802,905
509518.781800,6944442.079000,7.603153,910
509518.781800,6944442.079000,7.541504,915
509518.781800,6944442.079000,7.480103,920
509518.781800,6944442.079000,7.419210,925
509518.781800,6944442.079000,7.358317,930
509518.781800,6944442.079000,7.297424,935
509518.781800,6944442.079000,7.236532,940
509518.781800,6944442.079000,7.175639,945
509518.781800,6944442.079000,7.114746,950
509518.781800,6944442.079000,7.053853,955
509518.781800,6944442.079000,6.991799,960
509518.781800,6944442.079000,6.920860,965
509518.781800,6944442.079000,6.849921,970
509518.781800,6944442.079000,6.778981,975
509518.781800,6944442.079000,6.708042,980
509518.781800,6944442.079000,6.637103,985
509518.781800,6944442.079000,6.566163,990
509518.781800,6944442.079000,6.482356,995
509518.781800,6944442.079000,6.220270,1000
509518.781800,6944442.079000,11.596847,655
509518.781800,6944442.079000,10.541512,705
509518.781800,6944442.079000,9.716262,755
509518.789400,6944442.084000,33.500000,250
509518.806000,6944442.096000,6.500000,995
509518.809200,6944442.099000,17.500000,575
509518.817800,6944442.105000,7.000000,960
509518.874900,6944442.146000,9.500000,765
509518.881200,6944442.150000,21.000000,545
509518.890000,6944442.156000,9.000000,800
509518.898500,6944442.162000,7.500000,920
509518.913700,6944442.173000,28.000000,400
509518.949000,6944442.199000,24.500000,480
509518.955500,6944442.203000,8.500000,840
509518.970400,6944442.214000,30.000000,320
509518.975300,6944442.217000,8.000000,880
509519.009400,6944442.242000,27.000000,430
509519.059700,6944442.278000,34.000000,255
509519.129400,6944442.328000,7.000000,965
509519.153300,6944442.345000,34.500000,260
509519.166000,6944442.354000,6.500000,1000
509519.175500,6944442.361000,19.500000,565
509519.188400,6944442.370000,32.487438,250
509519.188400,6944442.370000,33.052299,250
509519.188400,6944442.370000,32.113809,255
509519.188400,6944442.370000,33.876183,255
509519.188400,6944442.370000,31.788111,260
509519.188400,6944442.370000,34.469079,260
509519.188400,6944442.370000,31.492051,265
509519.188400,6944442.370000,31.346079,270
509519.188400,6944442.370000,31.200107,275
509519.188400,6944442.370000,31.054134,280
509519.188400,6944442.370000,30.909583,285
509519.188400,6944442.370000,30.765870,290
509519.188400,6944442.370000,30.622156,295
509519.188400,6944442.370000,30.482788,300
509519.188400,6944442.370000,30.368040,305
509519.188400,6944442.370000,30.253292,310
509519.188400,6944442.370000,30.138545,315
509519.188400,6944442.370000,30.023797,320
509519.188400,6944442.370000,29.910190,325
509519.188400,6944442.370000,29.796881,330
509519.188400,6944442.370000,29.683572,335
509519.188400,6944442.370000,29.570263,340
509519.188400,6944442.370000,29.454320,345
509519.188400,6944442.370000,29.334077,350
509519.188400,6944442.370000,29.213834,355
509519.188400,6944442.370000,29.093592,360
509519.188400,6944442.370000,28.972982,365
509519.188400,6944442.370000,28.851086,370
509519.188400,6944442.370000,28.729189,375
509519.188400,6944442.370000,28.607293,380
509519.188400,6944442.370000,28.482738,385
509519.188400,6944442.370000,28.338649,390
509519.188400,6944442.370000,28.194561,395
509519.188400,6944442.370000,28.050472,400
509519.188400,6944442.370000,27.897035,405
509519.188400,6944442.370000,27.738557,410
509519.188400,6944442.370000,27.580080,415
509519.188400,6944442.370000,27.408239,420
509519.188400,6944442.370000,27.222748,425
509519.188400,6944442.370000,27.037256,430
509519.188400,6944442.370000,26.824914,435
509519.188400,6944442.370000,26.605822,440
509519.188400,6944442.370000,26.377707,445
509519.188400,6944442.370000,26.141162,450
509519.188400,6944442.370000,25.891686,455
509519.188400,6944442.370000,25.623073,460
509519.188400,6944442.370000,25.353478,465
509519.188400,6944442.370000,25.083052,470
509519.188400,6944442.370000,24.811735,475
509519.188400,6944442.370000,24.540025,480
509519.188400,6944442.370000,24.269485,485
509519.188400,6944442.370000,23.999193,490
509519.188400,6944442.370000,23.743226,495
509519.188400,6944442.370000,23.487250,500
509519.188400,6944442.370000,23.231119,505
509519.188400,6944442.370000,22.974891,510
509519.188400,6944442.370000,22.717777,515
509519.188400,6944442.370000,22.460774,520
509519.188400,6944442.370000,22.204392,525
509519.188400,6944442.370000,21.941845,530
509519.188400,6944442.370000,21.655059,535
509519.188400,6944442.370000,21.364612,540
509519.188400,6944442.370000,21.069855,545
509519.188400,6944442.370000,20.734815,550
509519.188400,6944442.370000,20.375432,555
509519.188400,6944442.370000,19.989174,560
509519.188400,6944442.370000,19.505534,565
509519.188400,6944442.370000,18.850794,570
509519.188400,6944442.370000,17.762291,575
509519.188400,6944442.370000,15.434937,580
509519.188400,6944442.370000,14.464536,585
509519.188400,6944442.370000,14.019836,590
509519.188400,6944442.370000,13.633922,595
509519.188400,6944442.370000,13.338472,600
509519.188400,6944442.370000,13.090154,605
509519.188400,6944442.370000,12.864592,610
509519.188400,6944442.370000,12.652001,615
509519.188400,6944442.370000,12.455959,620
509519.188400,6944442.370000,12.301432,625
509519.188400,6944442.370000,12.146905,630
509519.188400,6944442.370000,11.993465,635
509519.188400,6944442.370000,11.860972,640
509519.188400,6944442.370000,11.728480,645
509519.188400,6944442.370000,11.595988,650
509519.188400,6944442.370000,11.469612,655
509519.188400,6944442.370000,11.359320,660
509519.188400,6944442.370000,11.249027,665
509519.188400,6944442.370000,11.138735,670
509519.188400,6944442.370000,11.028443,675
509519.188400,6944442.370000,10.930585,680
509519.188400,6944442.370000,10.837049,685
509519.188400,6944442.370000,10.743513,690
509519.188400,6944442.370000,10.649976,695
509519.188400,6944442.370000,10.556440,700
509519.188400,6944442.370000,10.466201,705
509519.188400,6944442.370000,10.380979,710
509519.188400,6944442.370000,10.295757,715
509519.188400,6944442.370000,10.210535,720
509519.188400,6944442.370000,10.125313,725
509519.188400,6944442.370000,10.040091,730
509519.188400,6944442.370000,9.961375,735
509519.188400,6944442.370000,9.888438,740
509519.188400,6944442.370000,9.815500,745
509519.188400,6944442.370000,9.742563,750
509519.188400,6944442.370000,9.669626,755
509519.188400,6944442.370000,9.596688,760
509519.188400,6944442.370000,9.523751,765
509519.188400,6944442.370000,9.452478,770
509519.188400,6944442.370000,9.382009,775
509519.188400,6944442.370000,9.311539,780
509519.188400,6944442.370000,9.241070,785
509519.188400,6944442.370000,9.170600,790
509519.188400,6944442.370000,9.100131,795
509519.188400,6944442.370000,9.029661,800
509519.188400,6944442.370000,8.963860,805
509519.188400,6944442.370000,8.901452,810
509519.188400,6944442.370000,8.839043,815
509519.188400,6944442.370000,8.776635,820
509519.188400,6944442.370000,8.714227,825
509519.188400,6944442.370000,8.651818,830
509519.188400,6944442.370000,8.589410,835
509519.188400,6944442.370000,8.527002,840
509519.188400,6944442.370000,8.464756,845
509519.188400,6944442.370000,8.402635,850
509519.188400,6944442.370000,8.340513,855
509519.188400,6944442.370000,8.278392,860
509519.188400,6944442.370000,8.216270,865
509519.188400,6944442.370000,8.154149,870
509519.188400,6944442.370000,8.092027,875
509519.188400,6944442.370000,8.029906,880
509519.188400,6944442.370000,7.968874,885
509519.188400,6944442.370000,7.908854,890
509519.188400,6944442.370000,7.848834,895
509519.188400,6944442.370000,7.788814,900
509519.188400,6944442.370000,7.728794,905
509519.188400,6944442.370000,7.668774,910
509519.188400,6944442.370000,7.608754,915
509519.188400,6944442.370000,7.548735,920
509519.188400,6944442.370000,7.488777,925
509519.188400,6944442.370000,7.429092,930
509519.188400,6944442.370000,7.369406,935
509519.188400,6944442.370000,7.309721,940
509519.188400,6944442.370000,7.250035,945
509519.188400,6944442.370000,7.190350,950
509519.188400,6944442.370000,7.130664,955
509519.188400,6944442.370000,7.070979,960
509519.188400,6944442.370000,7.011293,965
509519.188400,6944442.370000,6.941015,970
509519.188400,6944442.370000,6.868264,975
509519.188400,6944442.370000,6.795514,980
509519.188400,6944442.370000,6.722763,985
509519.188400,6944442.370000,6.650012,990
509519.188400,6944442.370000,6.577262,995
509519.188400,6944442.370000,6.504511,1000
509519.195300,6944442.375000,24.000000,490
509519.223700,6944442.395000,6.000000,1005
509519.246700,6944442.412000,20.000000,560
509519.258700,6944442.420000,7.500000,925
509519.261900,6944442.423000,33.000000,250
509519.282100,6944442.437000,28.500000,385
509519.283600,6944442.438000,32.500000,250
509519.304200,6944442.453000,23.500000,500
509519.332800,6944442.473000,31.500000,265
509519.362800,6944442.495000,6.000000,1010
509519.373400,6944442.502000,29.000000,365
509519.375900,6944442.504000,30.500000,300
509519.419300,6944442.535000,8.000000,885
509519.431200,6944442.544000,23.000000,510
509519.456300,6944442.562000,7.000000,970
509519.464300,6944442.567000,6.500000,1005
509519.492300,6944442.588000,8.500000,845
509519.502000,6944442.594000,6.000000,1015
509519.536700,6944442.619000,29.500000,345
509519.560100,6944442.636000,22.500000,520
509519.561700,6944442.637000,18.000000,575
509519.578400,6944442.649000,9.000000,805
509519.593000,6944442.660000,27.500000,420
509519.595000,6944442.661000,32.181945,255
509519.595000,6944442.661000,33.588549,255
509519.595000,6944442.661000,31.845621,260
509519.595000,6944442.661000,34.162015,260
509519.595000,6944442.661000,31.531094,265
509519.595000,6944442.661000,31.372159,270
509519.595000,6944442.661000,31.230294,275
509519.595000,6944442.661000,31.088429,280
509519.595000,6944442.661000,30.946977,285
509519.595000,6944442.661000,30.806209,290
509519.595000,6944442.661000,30.665441,295
509519.595000,6944442.661000,30.524674,300
509519.595000,6944442.661000,30.406479,305
509519.595000,6944442.661000,30.293082,310
509519.595000,6944442.661000,30.179685,315
509519.595000,6944442.661000,30.066288,320
509519.595000,6944442.661000,29.953625,325
509519.595000,6944442.661000,29.841993,330
509519.595000,6944442.661000,29.730362,335
509519.595000,6944442.661000,29.618730,340
509519.595000,6944442.661000,29.507099,345
509519.595000,6944442.661000,29.388568,350
509519.595000,6944442.661000,29.269569,355
509519.595000,6944442.661000,29.150570,360
509519.595000,6944442.661000,29.031570,365
509519.595000,6944442.661000,28.911156,370
509519.595000,6944442.661000,28.790230,375
509519.595000,6944442.661000,28.669304,380
509519.595000,6944442.661000,28.548378,385
509519.595000,6944442.661000,28.413442,390
509519.595000,6944442.661000,28.269162,395
509519.595000,6944442.661000,28.124883,400
509519.595000,6944442.661000,27.978570,405
509519.595000,6944442.661000,27.819172,410
509519.595000,6944442.661000,27.659773,415
509519.595000,6944442.661000,27.500375,420
509519.595000,6944442.661000,27.312072,425
509519.595000,6944442.661000,27.123702,430
509519.595000,6944442.661000,26.923168,435
509519.595000,6944442.661000,26.699366,440
509519.595000,6944442.661000,26.473464,445
509519.595000,6944442.661000,26.230428,450
509519.595000,6944442.661000,25.985676,455
509519.595000,6944442.661000,25.709567,460
509519.595000,6944442.661000,25.433125,465
509519.595000,6944442.661000,25.155629,470
509519.595000,6944442.661000,24.878269,475
509519.595000,6944442.661000,24.601080,480
509519.595000,6944442.661000,24.325247,485
509519.595000,6944442.661000,24.050192,490
509519.595000,6944442.661000,23.789569,495
509519.595000,6944442.661000,23.532166,500
509519.595000,6944442.661000,23.274581,505
509519.595000,6944442.661000,23.016970,510
509519.595000,6944442.661000,22.760295,515
509519.595000,6944442.661000,22.503686,520
509519.595000,6944442.661000,22.247158,525
509519.595000,6944442.661000,21.989584,530
509519.595000,6944442.661000,21.704364,535
509519.595000,6944442.661000,21.417067,540
509519.595000,6944442.661000,21.124517,545
509519.595000,6944442.661000,20.799191,550
509519.595000,6944442.661000,20.443570,555
509519.595000,6944442.661000,20.052311,560
509519.595000,6944442.661000,19.585135,565
509519.595000,6944442.661000,18.995799,570
509519.595000,6944442.661000,18.010430,575
509519.595000,6944442.661000,15.451183,580
509519.595000,6944442.661000,14.461771,585
509519.595000,6944442.661000,14.010555,590
509519.595000,6944442.661000,13.623878,595
509519.595000,6944442.661000,13.332357,600
509519.595000,6944442.661000,13.085223,605
509519.595000,6944442.661000,12.861724,610
509519.595000,6944442.661000,12.650666,615
509519.595000,6944442.661000,12.456275,620
509519.595000,6944442.661000,12.303465,625
509519.595000,6944442.661000,12.150655,630
509519.595000,6944442.661000,11.998155,635
509519.595000,6944442.661000,11.867392,640
509519.595000,6944442.661000,11.736629,645
509519.595000,6944442.661000,11.605867,650
509519.595000,6944442.661000,11.479314,655
509519.595000,6944442.661000,11.370667,660
509519.595000,6944442.661000,11.262020,665
509519.595000,6944442.661000,11.153373,670
509519.595000,6944442.661000,11.044726,675
509519.595000,6944442.661000,10.945861,680
509519.595000,6944442.661000,10.853839,685
509519.595000,6944442.661000,10.761818,690
509519.595000,6944442.661000,10.669797,695
509519.595000,6944442.661000,10.577775,700
509519.595000,6944442.661000,10.487032,705
509519.595000,6944442.661000,10.403270,710
509519.595000,6944442.661000,10.319507,715
509519.595000,6944442.661000,10.235745,720
509519.595000,6944442.661000,10.151982,725
509519.595000,6944442.661000,10.068220,730
509519.595000,6944442.661000,9.986710,735
509519.595000,6944442.661000,9.915084,740
509519.595000,6944442.661000,9.843458,745
509519.595000,6944442.661000,9.771833,750
509519.595000,6944442.661000,9.700207,755
509519.595000,6944442.661000,9.628581,760
509519.595000,6944442.661000,9.556956,765
509519.595000,6944442.661000,9.485835,770
509519.595000,6944442.661000,9.416672,775
509519.595000,6944442.661000,9.347510,780
509519.595000,6944442.661000,9.278348,785
509519.595000,6944442.661000,9.209186,790
509519.595000,6944442.661000,9.140024,795
509519.595000,6944442.661000,9.070862,800
509519.595000,6944442.661000,9.001699,805
509519.595000,6944442.661000,8.940282,810
509519.595000,6944442.661000,8.879060,815
509519.595000,6944442.661000,8.817838,820
509519.595000,6944442.661000,8.756615,825
509519.595000,6944442.661000,8.695393,830
509519.595000,6944442.661000,8.634171,835
509519.595000,6944442.661000,8.572948,840
509519.595000,6944442.661000,8.511726,845
509519.595000,6944442.661000,8.450721,850
509519.595000,6944442.661000,8.389767,855
509519.595000,6944442.661000,8.328814,860
509519.595000,6944442.661000,8.267860,865
509519.595000,6944442.661000,8.206906,870
509519.595000,6944442.661000,8.145953,875
509519.595000,6944442.661000,8.084999,880
509519.595000,6944442.661000,8.024046,885
509519.595000,6944442.661000,7.964398,890
509519.595000,6944442.661000,7.905601,895
509519.595000,6944442.661000,7.846804,900
509519.595000,6944442.661000,7.788007,905
509519.595000,6944442.661000,7.729209,910
509519.595000,6944442.661000,7.670412,915
509519.595000,6944442.661000,7.611615,920
509519.595000,6944442.661000,7.552818,925
509519.595000,6944442.661000,7.494033,930
509519.595000,6944442.661000,7.435356,935
509519.595000,6944442.661000,7.376679,940
509519.595000,6944442.661000,7.318002,945
509519.595000,6944442.661000,7.259325,950
509519.595000,6944442.661000,7.200648,955
509519.595000,6944442.661000,7.141971,960
509519.595000,6944442.661000,7.083293,965
509519.595000,6944442.661000,7.024616,970
509519.595000,6944442.661000,6.958684,975
509519.595000,6944442.661000,6.887507,980
509519.595000,6944442.661000,6.816331,985
509519.595000,6944442.661000,6.745154,990
509519.595000,6944442.661000,6.673978,995
509519.595000,6944442.661000,6.602801,1000
509519.595000,6944442.661000,5.535891,1005
509519.595000,6944442.661000,6.531625,1005
509519.595000,6944442.661000,5.709828,1010
509519.595000,6944442.661000,6.375068,1010
509519.595000,6944442.661000,6.150242,1015
509519.595000,6944442.661000,5.883765,1015
509519.619600,6944442.679000,5.000000,1005
509519.630500,6944442.686000,5.500000,1005
509519.632800,6944442.688000,12.000000,635
509519.637700,6944442.692000,7.500000,930
509519.654300,6944442.703000,26.000000,455
509519.666800,6944442.712000,18.000000,575
509519.701300,6944442.737000,28.000000,405
509519.702400,6944442.738000,26.500000,445
509519.753200,6944442.774000,9.500000,770
509519.770400,6944442.787000,10.000000,735
509519.776400,6944442.791000,10.500000,705
509519.781300,6944442.794000,5.000000,1010
509519.790300,6944442.801000,33.500000,255
509519.802800,6944442.810000,5.500000,1010
509519.808900,6944442.814000,7.000000,975
509519.881400,6944442.866000,8.000000,890
509519.888100,6944442.871000,6.000000,1015
509519.890100,6944442.872000,27.000000,435
509519.931100,6944442.902000,25.500000,465
509519.942900,6944442.910000,5.000000,1015
509519.965700,6944442.926000,34.000000,260
509519.970400,6944442.930000,11.500000,655
509519.975100,6944442.933000,5.500000,1015
509519.989400,6944442.943000,34.500000,265
509520.001500,6944442.952000,32.249671,255
509520.001500,6944442.952000,33.381632,255
509520.001500,6944442.952000,31.904121,260
509520.001500,6944442.952000,33.983045,260
509520.001500,6944442.952000,31.588877,265
509520.001500,6944442.952000,34.494282,265
509520.001500,6944442.952000,31.399590,270
509520.001500,6944442.952000,31.259756,275
509520.001500,6944442.952000,31.119923,280
509520.001500,6944442.952000,30.980346,285
509520.001500,6944442.952000,30.842313,290
509520.001500,6944442.952000,30.704280,295
509520.001500,6944442.952000,30.566248,300
509520.001500,6944442.952000,30.441711,305
509520.001500,6944442.952000,30.329630,310
509520.001500,6944442.952000,30.217548,315
509520.001500,6944442.952000,30.105467,320
509520.001500,6944442.952000,29.993517,325
509520.001500,6944442.952000,29.883672,330
509520.001500,6944442.952000,29.773827,335
509520.001500,6944442.952000,29.663981,340
509520.001500,6944442.952000,29.554136,345
509520.001500,6944442.952000,29.440231,350
509520.001500,6944442.952000,29.322381,355
509520.001500,6944442.952000,29.204530,360
509520.001500,6944442.952000,29.086680,365
509520.001500,6944442.952000,28.968278,370
509520.001500,6944442.952000,28.848342,375
509520.001500,6944442.952000,28.728406,380
509520.001500,6944442.952000,28.608470,385
509520.001500,6944442.952000,28.486244,390
509520.001500,6944442.952000,28.342358,395
509520.001500,6944442.952000,28.198473,400
509520.001500,6944442.952000,28.054587,405
509520.001500,6944442.952000,27.900489,410
509520.001500,6944442.952000,27.740148,415
509520.001500,6944442.952000,27.579808,420
509520.001500,6944442.952000,27.404584,425
509520.001500,6944442.952000,27.214611,430
509520.001500,6944442.952000,27.024638,435
509520.001500,6944442.952000,26.799878,440
509520.001500,6944442.952000,26.569934,445
509520.001500,6944442.952000,26.325969,450
509520.001500,6944442.952000,26.075877,455
509520.001500,6944442.952000,25.800637,460
509520.001500,6944442.952000,25.514445,465
509520.001500,6944442.952000,25.226706,470
509520.001500,6944442.952000,24.939214,475
509520.001500,6944442.952000,24.652937,480
509520.001500,6944442.952000,24.368014,485
509520.001500,6944442.952000,24.084643,490
509520.001500,6944442.952000,23.815599,495
509520.001500,6944442.952000,23.552656,500
509520.001500,6944442.952000,23.289868,505
509520.001500,6944442.952000,23.027119,510
509520.001500,6944442.952000,22.766809,515
509520.001500,6944442.952000,22.506780,520
509520.001500,6944442.952000,21.985841,530
509520.001500,6944442.952000,21.698033,535
509520.001500,6944442.952000,21.407738,540
509520.001500,6944442.952000,21.111959,545
509520.001500,6944442.952000,20.781992,550
509520.001500,6944442.952000,20.423225,555
509520.001500,6944442.952000,20.031752,560
509520.001500,6944442.952000,19.555693,565
509520.001500,6944442.952000,18.934660,570
509520.001500,6944442.952000,17.891846,575
509520.001500,6944442.952000,15.435603,580
509520.001500,6944442.952000,14.460910,585
509520.001500,6944442.952000,14.017113,590
509520.001500,6944442.952000,13.635880,595
509520.001500,6944442.952000,13.343962,600
509520.001500,6944442.952000,13.100615,605
509520.001500,6944442.952000,12.472591,620
509520.001500,6944442.952000,12.321966,625
509520.001500,6944442.952000,12.171341,630
509520.001500,6944442.952000,12.020716,635
509520.001500,6944442.952000,11.502033,655
509520.001500,6944442.952000,11.394554,660
509520.001500,6944442.952000,11.287418,665
509520.001500,6944442.952000,11.180283,670
509520.001500,6944442.952000,11.073147,675
509520.001500,6944442.952000,10.517433,705
509520.001500,6944442.952000,10.433256,710
509520.001500,6944442.952000,10.350642,715
509520.001500,6944442.952000,10.268028,720
509520.001500,6944442.952000,10.185414,725
509520.001500,6944442.952000,10.102800,730
509520.001500,6944442.952000,10.020186,735
509520.001500,6944442.952000,9.522701,770
509520.001500,6944442.952000,9.453699,775
509520.001500,6944442.952000,9.385478,780
509520.001500,6944442.952000,9.317257,785
509520.001500,6944442.952000,9.249036,790
509520.001500,6944442.952000,9.180815,795
509520.001500,6944442.952000,9.112594,800
509520.001500,6944442.952000,9.044373,805
509520.001500,6944442.952000,8.978888,810
509520.001500,6944442.952000,8.918493,815
509520.001500,6944442.952000,8.858098,820
509520.001500,6944442.952000,8.797703,825
509520.001500,6944442.952000,8.737307,830
509520.001500,6944442.952000,8.676912,835
509520.001500,6944442.952000,8.616517,840
509520.001500,6944442.952000,8.556122,845
509520.001500,6944442.952000,8.495751,850
509520.001500,6944442.952000,8.435688,855
509520.001500,6944442.952000,8.375625,860
509520.001500,6944442.952000,8.315562,865
509520.001500,6944442.952000,8.255499,870
509520.001500,6944442.952000,8.195436,875
509520.001500,6944442.952000,8.135373,880
509520.001500,6944442.952000,8.075310,885
509520.001500,6944442.952000,8.015247,890
509520.001500,6944442.952000,7.956677,895
509520.001500,6944442.952000,7.898615,900
509520.001500,6944442.952000,7.840554,905
509520.001500,6944442.952000,7.782492,910
509520.001500,6944442.952000,7.724430,915
509520.001500,6944442.952000,7.666368,920
509520.001500,6944442.952000,7.608306,925
509520.001500,6944442.952000,7.550244,930
509520.001500,6944442.952000,7.492223,935
509520.001500,6944442.952000,7.434469,940
509520.001500,6944442.952000,7.376714,945
509520.001500,6944442.952000,7.318959,950
509520.001500,6944442.952000,7.261204,955
509520.001500,6944442.952000,7.203449,960
509520.001500,6944442.952000,7.145695,965
509520.001500,6944442.952000,7.087940,970
509520.001500,6944442.952000,7.030185,975
509520.001500,6944442.952000,6.960384,980
509520.001500,6944442.952000,6.877393,985
509520.001500,6944442.952000,6.794403,990
509520.001500,6944442.952000,6.711412,995
509520.001500,6944442.952000,6.628422,1000
509520.001500,6944442.952000,6.545431,1005
509520.001500,6944442.952000,6.310501,1010
509520.001500,6944442.952000,5.686415,1015
509520.001500,6944442.952000,11.630958,655
509520.001500,6944442.952000,10.608188,705
509520.001500,6944442.952000,9.805308,755
509520.039500,6944442.979000,8.500000,850
509520.056600,6944442.991000,7.500000,935
509520.066800,6944442.999000,30.000000,325
509520.077100,6944443.006000,28.500000,390
509520.101500,6944443.024000,5.500000,1015
509520.175700,6944443.077000,7.000000,980
509520.207000,6944443.099000,5.000000,1015
509520.222800,6944443.110000,9.000000,810
509520.226500,6944443.113000,29.000000,370
509520.241200,6944443.124000,31.000000,285
509520.353400,6944443.204000,8.000000,895
509520.408100,6944443.243000,32.396336,255
509520.408100,6944443.243000,33.143424,255
509520.408100,6944443.243000,31.964582,260
509520.408100,6944443.243000,33.779392,260
509520.408100,6944443.243000,31.667549,265
509520.408100,6944443.243000,34.283069,265
509520.408100,6944443.243000,31.438344,270
509520.408100,6944443.243000,31.296907,275
509520.408100,6944443.243000,31.155470,280
509520.408100,6944443.243000,31.014032,285
509520.408100,6944443.243000,30.876800,290
509520.408100,6944443.243000,30.740030,295
509520.408100,6944443.243000,30.603260,300
509520.408100,6944443.243000,30.473097,305
509520.408100,6944443.243000,30.363291,310
509520.408100,6944443.243000,30.253485,315
509520.408100,6944443.243000,30.143679,320
509520.408100,6944443.243000,30.033873,325
509520.408100,6944443.243000,29.925196,330
509520.408100,6944443.243000,29.817022,335
509520.408100,6944443.243000,29.708847,340
509520.408100,6944443.243000,29.600673,345
509520.408100,6944443.243000,29.491905,350
509520.408100,6944443.243000,29.375161,355
509520.408100,6944443.243000,29.258418,360
509520.408100,6944443.243000,29.141674,365
509520.408100,6944443.243000,29.024930,370
509520.408100,6944443.243000,28.906488,375
509520.408100,6944443.243000,28.787584,380
509520.408100,6944443.243000,28.668681,385
509520.408100,6944443.243000,28.549777,390
509520.408100,6944443.243000,28.416194,395
509520.408100,6944443.243000,28.272039,400
509520.408100,6944443.243000,28.127885,405
509520.408100,6944443.243000,27.981798,410
509520.408100,6944443.243000,27.820519,415
509520.408100,6944443.243000,27.659240,420
509520.408100,6944443.243000,27.497559,425
509520.408100,6944443.243000,27.304434,430
509520.408100,6944443.243000,27.111309,435
509520.408100,6944443.243000,26.900115,440
509520.408100,6944443.243000,26.664338,445
509520.408100,6944443.243000,26.421936,450
509520.408100,6944443.243000,26.164295,455
509520.408100,6944443.243000,25.892380,460
509520.408100,6944443.243000,25.595344,465
509520.408100,6944443.243000,25.297652,470
509520.408100,6944443.243000,24.999655,475
509520.408100,6944443.243000,24.704627,480
509520.408100,6944443.243000,24.411109,485
509520.408100,6944443.243000,24.121009,490
509520.408100,6944443.243000,23.842932,495
509520.408100,6944443.243000,23.573459,500
509520.408100,6944443.243000,23.305188,505
509520.408100,6944443.243000,23.037367,510
509520.408100,6944443.243000,22.773317,515
509520.408100,6944443.243000,22.509877,520
509520.408100,6944443.243000,22.246835,525
509520.408100,6944443.243000,21.982123,530
509520.408100,6944443.243000,21.691706,535
509520.408100,6944443.243000,21.398438,540
509520.408100,6944443.243000,21.099636,545
509520.408100,6944443.243000,20.765152,550
509520.408100,6944443.243000,20.403295,555
509520.408100,6944443.243000,20.012477,560
509520.408100,6944443.243000,19.525867,565
509520.408100,6944443.243000,18.876108,570
509520.408100,6944443.243000,17.777138,575
509520.408100,6944443.243000,15.404581,580
509520.408100,6944443.243000,14.460021,585
509520.408100,6944443.243000,14.023677,590
509520.408100,6944443.243000,13.647382,595
509520.408100,6944443.243000,13.355254,600
509520.408100,6944443.243000,13.115892,605
509520.408100,6944443.243000,12.894349,610
509520.408100,6944443.243000,12.689533,615
509520.408100,6944443.243000,12.488923,620
509520.408100,6944443.243000,12.340475,625
509520.408100,6944443.243000,12.192026,630
509520.408100,6944443.243000,12.043578,635
509520.408100,6944443.243000,11.910221,640
509520.408100,6944443.243000,11.783135,645
509520.408100,6944443.243000,11.656049,650
509520.408100,6944443.243000,11.528963,655
509520.408100,6944443.243000,11.418445,660
509520.408100,6944443.243000,11.312817,665
509520.408100,6944443.243000,11.207190,670
509520.408100,6944443.243000,11.101563,675
509520.408100,6944443.243000,10.996556,680
509520.408100,6944443.243000,10.907068,685
509520.408100,6944443.243000,10.817579,690
509520.408100,6944443.243000,10.728090,695
509520.408100,6944443.243000,10.638602,700
509520.408100,6944443.243000,10.549113,705
509520.408100,6944443.243000,10.463243,710
509520.408100,6944443.243000,10.381776,715
509520.408100,6944443.243000,10.300309,720
509520.408100,6944443.243000,10.218841,725
509520.408100,6944443.243000,10.137374,730
509520.408100,6944443.243000,10.055907,735
509520.408100,6944443.243000,9.978138,740
509520.408100,6944443.243000,9.908461,745
509520.408100,6944443.243000,9.838783,750
509520.408100,6944443.243000,9.769105,755
509520.408100,6944443.243000,9.699427,760
509520.408100,6944443.243000,9.629749,765
509520.408100,6944443.243000,9.560072,770
509520.408100,6944443.243000,9.490723,775
509520.408100,6944443.243000,9.423435,780
509520.408100,6944443.243000,9.356146,785
509520.408100,6944443.243000,9.288857,790
509520.408100,6944443.243000,9.221569,795
509520.408100,6944443.243000,9.154280,800
509520.408100,6944443.243000,9.086991,805
509520.408100,6944443.243000,9.019703,810
509520.408100,6944443.243000,8.957879,815
509520.408100,6944443.243000,8.898317,820
509520.408100,6944443.243000,8.838756,825
509520.408100,6944443.243000,8.779194,830
509520.408100,6944443.243000,8.719633,835
509520.408100,6944443.243000,8.660071,840
509520.408100,6944443.243000,8.600510,845
509520.408100,6944443.243000,8.540948,850
509520.408100,6944443.243000,8.481461,855
509520.408100,6944443.243000,8.422138,860
509520.408100,6944443.243000,8.362816,865
509520.408100,6944443.243000,8.303493,870
509520.408100,6944443.243000,8.244170,875
509520.408100,6944443.243000,8.184847,880
509520.408100,6944443.243000,8.125524,885
509520.408100,6944443.243000,8.066201,890
509520.408100,6944443.243000,8.006878,895
509520.408100,6944443.243000,7.949445,900
509520.408100,6944443.243000,7.892258,905
509520.408100,6944443.243000,7.835072,910
509520.408100,6944443.243000,7.777886,915
509520.408100,6944443.243000,7.720700,920
509520.408100,6944443.243000,7.663514,925
509520.408100,6944443.243000,7.606328,930
509520.408100,6944443.243000,7.549142,935
509520.408100,6944443.243000,7.491987,940
509520.408100,6944443.243000,7.435026,945
509520.408100,6944443.243000,7.378065,950
509520.408100,6944443.243000,7.321104,955
509520.408100,6944443.243000,7.264143,960
509520.408100,6944443.243000,7.207183,965
509520.408100,6944443.243000,7.150222,970
509520.408100,6944443.243000,7.093261,975
509520.408100,6944443.243000,7.036300,980
509520.408100,6944443.243000,6.963621,985
509520.408100,6944443.243000,6.863326,990
509520.408100,6944443.243000,6.763032,995
509520.408100,6944443.243000,6.662737,1000
509520.408100,6944443.243000,6.562443,1005
509520.408100,6944443.243000,6.220397,1010
509520.410500,6944443.245000,25.000000,475
509520.418800,6944443.251000,27.500000,425
509520.458400,6944443.279000,11.000000,680
509520.465700,6944443.284000,7.500000,940
509520.472700,6944443.289000,29.500000,350
509520.500600,6944443.309000,28.000000,410
509520.507100,6944443.314000,9.500000,775
509520.531000,6944443.331000,20.000000,560
509520.544900,6944443.341000,7.000000,985
509520.572700,6944443.361000,8.500000,855
509520.590700,6944443.374000,19.500000,565
509520.605800,6944443.384000,6.000000,1010
509520.637900,6944443.407000,12.500000,620
509520.675600,6944443.435000,32.000000,260
509520.678700,6944443.437000,10.000000,740
509520.698800,6944443.451000,5.500000,1010
509520.734500,6944443.477000,5.000000,1010
509520.735500,6944443.477000,26.500000,450
509520.754700,6944443.491000,30.500000,305
509520.811700,6944443.532000,27.000000,440
509520.814700,6944443.534000,32.459286,255
509520.814700,6944443.534000,33.003802,255
509520.814700,6944443.534000,32.026806,260
509520.814700,6944443.534000,33.604931,260
509520.814700,6944443.534000,31.725814,265
509520.814700,6944443.534000,34.098071,265
509520.814700,6944443.534000,31.468151,270
509520.814700,6944443.534000,31.328137,275
509520.814700,6944443.534000,31.188123,280
509520.814700,6944443.534000,31.048108,285
509520.814700,6944443.534000,30.911269,290
509520.814700,6944443.534000,30.776090,295
509520.814700,6944443.534000,30.640912,300
509520.814700,6944443.534000,30.505734,305
509520.814700,6944443.534000,30.396719,310
509520.814700,6944443.534000,30.288862,315
509520.814700,6944443.534000,30.181006,320
509520.814700,6944443.534000,30.073150,325
509520.814700,6944443.534000,29.965688,330
509520.814700,6944443.534000,29.859060,335
509520.814700,6944443.534000,29.752431,340
509520.814700,6944443.534000,29.645802,345
509520.814700,6944443.534000,29.539173,350
509520.814700,6944443.534000,29.426809,355
509520.814700,6944443.534000,29.311115,360
509520.814700,6944443.534000,29.195421,365
509520.814700,6944443.534000,29.079728,370
509520.814700,6944443.534000,28.963329,375
509520.814700,6944443.534000,28.845369,380
509520.814700,6944443.534000,28.727409,385
509520.814700,6944443.534000,28.609449,390
509520.814700,6944443.534000,28.489560,395
509520.814700,6944443.534000,28.344862,400
509520.814700,6944443.534000,28.200164,405
509520.814700,6944443.534000,28.055466,410
509520.814700,6944443.534000,27.900003,415
509520.814700,6944443.534000,27.737848,420
509520.814700,6944443.534000,27.575694,425
509520.814700,6944443.534000,27.394888,430
509520.814700,6944443.534000,27.197751,435
509520.814700,6944443.534000,27.000615,440
509520.814700,6944443.534000,26.759226,445
509520.814700,6944443.534000,26.517699,450
509520.814700,6944443.534000,26.253977,455
509520.814700,6944443.534000,25.986624,460
509520.814700,6944443.534000,25.677812,465
509520.814700,6944443.534000,25.369049,470
509520.814700,6944443.534000,25.060350,475
509520.814700,6944443.534000,24.754795,480
509520.814700,6944443.534000,24.451079,485
509520.814700,6944443.534000,24.152841,490
509520.814700,6944443.534000,23.865056,495
509520.814700,6944443.534000,23.588258,500
509520.814700,6944443.534000,23.313598,505
509520.814700,6944443.534000,23.039938,510
509520.814700,6944443.534000,22.770832,515
509520.814700,6944443.534000,22.502505,520
509520.814700,6944443.534000,22.235892,525
509520.814700,6944443.534000,21.966050,530
509520.814700,6944443.534000,21.671271,535
509520.814700,6944443.534000,21.373486,540
509520.814700,6944443.534000,21.071532,545
509520.814700,6944443.534000,20.727923,550
509520.814700,6944443.534000,20.359860,555
509520.814700,6944443.534000,19.963486,560
509520.814700,6944443.534000,19.458543,565
509520.814700,6944443.534000,18.746219,570
509520.814700,6944443.534000,17.591461,575
509520.814700,6944443.534000,15.366605,580
509520.814700,6944443.534000,14.459721,585
509520.814700,6944443.534000,14.033297,590
509520.814700,6944443.534000,13.662290,595
509520.814700,6944443.534000,13.369376,600
509520.814700,6944443.534000,13.134847,605
509520.814700,6944443.534000,12.914392,610
509520.814700,6944443.534000,12.712978,615
509520.814700,6944443.534000,12.511563,620
509520.814700,6944443.534000,12.362234,625
509520.814700,6944443.534000,12.216078,630
509520.814700,6944443.534000,12.069922,635
509520.814700,6944443.534000,11.934677,640
509520.814700,6944443.534000,11.809439,645
509520.814700,6944443.534000,11.684201,650
509520.814700,6944443.534000,11.558963,655
509520.814700,6944443.534000,11.444896,660
509520.814700,6944443.534000,11.340768,665
509520.814700,6944443.534000,11.236640,670
509520.814700,6944443.534000,11.132511,675
509520.814700,6944443.534000,11.028383,680
509520.814700,6944443.534000,10.935787,685
509520.814700,6944443.534000,10.847512,690
509520.814700,6944443.534000,10.759237,695
509520.814700,6944443.534000,10.670962,700
509520.814700,6944443.534000,10.582688,705
509520.814700,6944443.534000,10.494913,710
509520.814700,6944443.534000,10.414541,715
509520.814700,6944443.534000,10.334169,720
509520.814700,6944443.534000,10.253797,725
509520.814700,6944443.534000,10.173425,730
509520.814700,6944443.534000,10.093053,735
509520.814700,6944443.534000,10.012681,740
509520.814700,6944443.534000,9.942080,745
509520.814700,6944443.534000,9.873309,750
509520.814700,6944443.534000,9.804538,755
509520.814700,6944443.534000,9.735767,760
509520.814700,6944443.534000,9.666996,765
509520.814700,6944443.534000,9.598225,770
509520.814700,6944443.534000,9.529454,775
509520.814700,6944443.534000,9.462031,780
509520.814700,6944443.534000,9.395618,785
509520.814700,6944443.534000,9.329205,790
509520.814700,6944443.534000,9.262792,795
509520.814700,6944443.534000,9.196379,800
509520.814700,6944443.534000,9.129967,805
509520.814700,6944443.534000,9.063554,810
509520.814700,6944443.534000,8.997468,815
509520.814700,6944443.534000,8.938664,820
509520.814700,6944443.534000,8.879859,825
509520.814700,6944443.534000,8.821054,830
509520.814700,6944443.534000,8.762250,835
509520.814700,6944443.534000,8.703445,840
509520.814700,6944443.534000,8.644640,845
509520.814700,6944443.534000,8.585836,850
509520.814700,6944443.534000,8.527031,855
509520.814700,6944443.534000,8.468326,860
509520.814700,6944443.534000,8.409705,865
509520.814700,6944443.534000,8.351084,870
509520.814700,6944443.534000,8.292463,875
509520.814700,6944443.534000,8.233843,880
509520.814700,6944443.534000,8.175222,885
509520.814700,6944443.534000,8.116601,890
509520.814700,6944443.534000,8.057980,895
509520.814700,6944443.534000,7.999384,900
509520.814700,6944443.534000,7.942969,905
509520.814700,6944443.534000,7.886555,910
509520.814700,6944443.534000,7.830141,915
509520.814700,6944443.534000,7.773726,920
509520.814700,6944443.534000,7.717312,925
509520.814700,6944443.534000,7.660898,930
509520.814700,6944443.534000,7.604483,935
509520.814700,6944443.534000,7.548069,940
509520.814700,6944443.534000,7.491655,945
509520.814700,6944443.534000,7.435243,950
509520.814700,6944443.534000,7.378831,955
509520.814700,6944443.534000,7.322419,960
509520.814700,6944443.534000,7.266007,965
509520.814700,6944443.534000,7.209595,970
509520.814700,6944443.534000,7.153183,975
509520.814700,6944443.534000,7.096771,980
509520.814700,6944443.534000,7.040359,985
509520.814700,6944443.534000,6.961182,990
509520.814700,6944443.534000,6.824770,995
509520.814700,6944443.534000,6.688358,1000
509520.814700,6944443.534000,6.551945,1005
509520.820700,6944443.538000,8.000000,900
509520.825600,6944443.542000,22.500000,520
509520.830500,6944443.545000,33.000000,255
509520.839800,6944443.552000,9.000000,815
509520.859100,6944443.566000,10.500000,710
509520.868700,6944443.573000,26.000000,460
509520.877200,6944443.579000,17.500000,575
509520.883500,6944443.583000,28.500000,395
509520.894600,6944443.591000,7.500000,945
509520.966100,6944443.642000,7.000000,990
509520.999300,6944443.666000,21.000000,545
509521.065000,6944443.713000,23.000000,510
509521.078700,6944443.723000,18.500000,570
509521.108900,6944443.745000,17.000000,575
509521.120000,6944443.753000,8.500000,860
509521.137200,6944443.765000,29.000000,375
509521.155500,6944443.778000,34.500000,270
509521.165200,6944443.785000,9.500000,780
509521.221300,6944443.825000,32.486362,255
509521.221300,6944443.825000,32.593134,255
509521.221300,6944443.825000,32.089820,260
509521.221300,6944443.825000,33.517334,260
509521.221300,6944443.825000,31.769270,265
509521.221300,6944443.825000,34.014979,265
509521.221300,6944443.825000,31.486666,270
509521.221300,6944443.825000,34.488559,270
509521.221300,6944443.825000,31.349636,275
509521.221300,6944443.825000,31.212607,280
509521.221300,6944443.825000,31.075577,285
509521.221300,6944443.825000,30.940459,290
509521.221300,6944443.825000,30.807694,295
509521.221300,6944443.825000,30.674928,300
509521.221300,6944443.825000,30.542163,305
509521.221300,6944443.825000,30.426749,310
509521.221300,6944443.825000,30.319411,315
509521.221300,6944443.825000,30.212072,320
509521.221300,6944443.825000,30.104734,325
509521.221300,6944443.825000,29.997442,330
509521.221300,6944443.825000,29.892019,335
509521.221300,6944443.825000,29.786596,340
509521.221300,6944443.825000,29.681173,345
509521.221300,6944443.825000,29.575750,350
509521.221300,6944443.825000,29.467740,355
509521.221300,6944443.825000,29.353126,360
509521.221300,6944443.825000,29.238513,365
509521.221300,6944443.825000,29.123900,370
509521.221300,6944443.825000,29.009286,375
509521.221300,6944443.825000,28.541477,395
509521.221300,6944443.825000,28.407041,400
509521.221300,6944443.825000,28.263028,405
509521.221300,6944443.825000,28.119016,410
509521.221300,6944443.825000,27.971796,415
509521.221300,6944443.825000,27.809308,420
509521.221300,6944443.825000,27.646820,425
509521.221300,6944443.825000,27.480892,430
509521.221300,6944443.825000,27.282736,435
509521.221300,6944443.825000,27.084580,440
509521.221300,6944443.825000,26.858494,445
509521.221300,6944443.825000,26.611607,450
509521.221300,6944443.825000,26.350344,455
509521.221300,6944443.825000,26.077218,460
509521.221300,6944443.825000,25.768187,465
509521.221300,6944443.825000,25.444166,470
509521.221300,6944443.825000,25.116060,475
509521.221300,6944443.825000,24.791426,480
509521.221300,6944443.825000,24.469152,485
509521.221300,6944443.825000,24.151150,490
509521.221300,6944443.825000,23.845399,495
509521.221300,6944443.825000,23.550747,500
509521.221300,6944443.825000,23.261678,505
509521.221300,6944443.825000,22.974006,510
509521.221300,6944443.825000,22.688684,515
509521.221300,6944443.825000,22.404811,520
509521.221300,6944443.825000,22.123767,525
509521.221300,6944443.825000,21.829093,530
509521.221300,6944443.825000,21.523694,535
509521.221300,6944443.825000,21.218361,540
509521.221300,6944443.825000,20.894307,545
509521.221300,6944443.825000,20.523234,550
509521.221300,6944443.825000,20.130618,555
509521.221300,6944443.825000,19.673857,560
509521.221300,6944443.825000,19.110611,565
509521.221300,6944443.825000,18.336499,570
509521.221300,6944443.825000,16.812614,575
509521.221300,6944443.825000,15.291827,580
509521.221300,6944443.825000,14.464786,585
509521.221300,6944443.825000,14.068656,590
509521.221300,6944443.825000,13.707834,595
509521.221300,6944443.825000,13.408124,600
509521.221300,6944443.825000,13.185089,605
509521.221300,6944443.825000,12.966709,610
509521.221300,6944443.825000,12.771034,615
509521.221300,6944443.825000,12.575359,620
509521.221300,6944443.825000,12.412090,625
509521.221300,6944443.825000,12.269117,630
509521.221300,6944443.825000,12.126145,635
509521.221300,6944443.825000,11.985488,640
509521.221300,6944443.825000,11.493561,660
509521.221300,6944443.825000,11.390797,665
509521.221300,6944443.825000,11.288034,670
509521.221300,6944443.825000,11.185270,675
509521.221300,6944443.825000,11.082506,680
509521.221300,6944443.825000,10.982748,685
509521.221300,6944443.825000,10.545173,710
509521.221300,6944443.825000,10.461419,715
509521.221300,6944443.825000,10.381679,720
509521.221300,6944443.825000,10.301938,725
509521.221300,6944443.825000,10.222198,730
509521.221300,6944443.825000,10.142457,735
509521.221300,6944443.825000,10.062716,740
509521.221300,6944443.825000,9.985387,745
509521.221300,6944443.825000,9.506266,780
509521.221300,6944443.825000,9.439949,785
509521.221300,6944443.825000,9.373846,790
509521.221300,6944443.825000,9.307744,795
509521.221300,6944443.825000,9.241641,800
509521.221300,6944443.825000,9.175538,805
509521.221300,6944443.825000,9.109436,810
509521.221300,6944443.825000,9.043333,815
509521.221300,6944443.825000,8.979794,820
509521.221300,6944443.825000,8.921134,825
509521.221300,6944443.825000,8.862474,830
509521.221300,6944443.825000,8.803813,835
509521.221300,6944443.825000,8.745153,840
509521.221300,6944443.825000,8.686493,845
509521.221300,6944443.825000,8.627833,850
509521.221300,6944443.825000,8.569172,855
509521.221300,6944443.825000,8.510512,860
509521.221300,6944443.825000,8.452021,865
509521.221300,6944443.825000,8.393567,870
509521.221300,6944443.825000,8.335112,875
509521.221300,6944443.825000,8.276658,880
509521.221300,6944443.825000,8.218204,885
509521.221300,6944443.825000,8.159750,890
509521.221300,6944443.825000,8.101295,895
509521.221300,6944443.825000,8.042841,900
509521.221300,6944443.825000,7.984946,905
509521.221300,6944443.825000,7.928588,910
509521.221300,6944443.825000,7.872229,915
509521.221300,6944443.825000,7.815870,920
509521.221300,6944443.825000,7.759511,925
509521.221300,6944443.825000,7.703152,930
509521.221300,6944443.825000,7.646793,935
509521.221300,6944443.825000,7.590434,940
509521.221300,6944443.825000,7.534075,945
509521.221300,6944443.825000,7.477725,950
509521.221300,6944443.825000,7.421386,955
509521.221300,6944443.825000,7.365047,960
509521.221300,6944443.825000,7.308708,965
509521.221300,6944443.825000,7.252370,970
509521.221300,6944443.825000,7.196031,975
509521.221300,6944443.825000,7.139692,980
509521.221300,6944443.825000,7.083354,985
509521.221300,6944443.825000,7.027015,990
509521.221300,6944443.825000,6.915008,995
509521.221300,6944443.825000,6.751715,1000
509521.221300,6944443.825000,6.588422,1005
509521.221300,6944443.825000,11.738881,655
509521.221300,6944443.825000,10.720203,705
509521.221300,6944443.825000,9.916941,755
509521.253700,6944443.848000,30.000000,330
509521.267400,6944443.858000,20.500000,550
509521.274200,6944443.863000,11.500000,660
509521.289600,6944443.874000,21.500000,535
509521.290700,6944443.875000,34.000000,265
509521.290900,6944443.875000,33.500000,260
509521.311400,6944443.890000,27.500000,430
509521.336100,6944443.907000,12.000000,640
509521.351100,6944443.918000,19.000000,565
509521.358000,6944443.923000,10.000000,745
509521.367500,6944443.930000,8.000000,905
509521.369800,6944443.931000,11.000000,685
509521.381200,6944443.940000,28.000000,415
509521.401200,6944443.954000,16.500000,575
509521.421000,6944443.968000,9.000000,820
509521.434400,6944443.978000,7.500000,950
509521.450600,6944443.989000,20.000000,555
509521.468800,6944444.002000,19.500000,560
509521.473300,6944444.005000,18.000000,570
509521.477300,6944444.008000,13.000000,610
509521.500200,6944444.025000,7.000000,995
509521.524000,6944444.042000,25.500000,470
509521.539300,6944444.053000,29.500000,355
509521.554900,6944444.064000,10.500000,715
509521.558000,6944444.066000,6.500000,1005
509521.599700,6944444.096000,6.000000,1005
509521.608500,6944444.102000,32.500000,255
509521.610200,6944444.103000,5.500000,1005
509521.615100,6944444.107000,5.000000,1005
509521.627900,6944444.116000,32.141060,260
509521.627900,6944444.116000,33.400998,260
509521.627900,6944444.116000,31.810814,265
509521.627900,6944444.116000,33.922080,265
509521.627900,6944444.116000,31.499783,270
509521.627900,6944444.116000,34.429925,270
509521.627900,6944444.116000,31.366993,275
509521.627900,6944444.116000,31.234204,280
509521.627900,6944444.116000,31.101415,285
509521.627900,6944444.116000,30.968936,290
509521.627900,6944444.116000,30.837457,295
509521.627900,6944444.116000,30.705979,300
509521.627900,6944444.116000,30.574501,305
509521.627900,6944444.116000,30.454030,310
509521.627900,6944444.116000,30.347951,315
509521.627900,6944444.116000,30.241873,320
509521.627900,6944444.116000,30.135795,325
509521.627900,6944444.116000,30.029717,330
509521.627900,6944444.116000,29.924986,335
509521.627900,6944444.116000,29.820780,340
509521.627900,6944444.116000,29.716575,345
509521.627900,6944444.116000,29.612369,350
509521.627900,6944444.116000,29.508163,355
509521.627900,6944444.116000,29.395291,360
509521.627900,6944444.116000,29.281682,365
509521.627900,6944444.116000,29.168073,370
509521.627900,6944444.116000,29.054464,375
509521.627900,6944444.116000,28.939589,380
509521.627900,6944444.116000,28.823547,385
509521.627900,6944444.116000,28.707506,390
509521.627900,6944444.116000,28.591465,395
509521.627900,6944444.116000,28.469566,400
509521.627900,6944444.116000,28.325867,405
509521.627900,6944444.116000,28.182169,410
509521.627900,6944444.116000,28.038470,415
509521.627900,6944444.116000,27.880762,420
509521.627900,6944444.116000,27.717932,425
509521.627900,6944444.116000,27.555103,430
509521.627900,6944444.116000,27.367563,435
509521.627900,6944444.116000,27.167385,440
509521.627900,6944444.116000,26.958578,445
509521.627900,6944444.116000,26.705724,450
509521.627900,6944444.116000,26.447403,455
509521.627900,6944444.116000,26.165223,460
509521.627900,6944444.116000,25.859297,465
509521.627900,6944444.116000,25.519829,470
509521.627900,6944444.116000,25.175207,475
509521.627900,6944444.116000,24.830801,480
509521.627900,6944444.116000,24.487178,485
509521.627900,6944444.116000,24.149386,490
509521.627900,6944444.116000,23.825698,495
509521.627900,6944444.116000,23.513192,500
509521.627900,6944444.116000,23.206865,505
509521.627900,6944444.116000,22.903047,510
509521.627900,6944444.116000,22.603894,515
509521.627900,6944444.116000,22.308188,520
509521.627900,6944444.116000,22.014317,525
509521.627900,6944444.116000,21.696422,530
509521.627900,6944444.116000,21.375069,535
509521.627900,6944444.116000,21.050152,540
509521.627900,6944444.116000,20.688177,545
509521.627900,6944444.116000,20.301514,550
509521.627900,6944444.116000,19.875319,555
509521.627900,6944444.116000,19.363591,560
509521.627900,6944444.116000,18.718248,565
509521.627900,6944444.116000,17.764713,570
509521.627900,6944444.116000,16.302867,575
509521.627900,6944444.116000,15.203907,580
509521.627900,6944444.116000,14.469893,585
509521.627900,6944444.116000,14.102817,590
509521.627900,6944444.116000,13.755924,595
509521.627900,6944444.116000,13.447732,600
509521.627900,6944444.116000,13.234527,605
509521.627900,6944444.116000,13.021323,610
509521.627900,6944444.116000,12.829012,615
509521.627900,6944444.116000,12.639024,620
509521.627900,6944444.116000,12.462402,625
509521.627900,6944444.116000,12.322241,630
509521.627900,6944444.116000,12.182080,635
509521.627900,6944444.116000,12.041920,640
509521.627900,6944444.116000,11.550823,660
509521.627900,6944444.116000,11.440974,665
509521.627900,6944444.116000,11.339425,670
509521.627900,6944444.116000,11.237875,675
509521.627900,6944444.116000,11.136325,680
509521.627900,6944444.116000,11.034776,685
509521.627900,6944444.116000,10.509177,715
509521.627900,6944444.116000,10.429204,720
509521.627900,6944444.116000,10.350033,725
509521.627900,6944444.116000,10.270862,730
509521.627900,6944444.116000,10.191691,735
509521.627900,6944444.116000,10.112520,740
509521.627900,6944444.116000,10.033350,745
509521.627900,6944444.116000,9.960574,750
509521.627900,6944444.116000,9.484277,785
509521.627900,6944444.116000,9.418451,790
509521.627900,6944444.116000,9.352625,795
509521.627900,6944444.116000,9.286800,800
509521.627900,6944444.116000,9.220974,805
509521.627900,6944444.116000,9.155148,810
509521.627900,6944444.116000,9.089323,815
509521.627900,6944444.116000,9.023497,820
509521.627900,6944444.116000,8.962375,825
509521.627900,6944444.116000,8.903864,830
509521.627900,6944444.116000,8.845352,835
509521.627900,6944444.116000,8.786841,840
509521.627900,6944444.116000,8.728330,845
509521.627900,6944444.116000,8.669819,850
509521.627900,6944444.116000,8.611307,855
509521.627900,6944444.116000,8.552796,860
509521.627900,6944444.116000,8.494303,865
509521.627900,6944444.116000,8.435981,870
509521.627900,6944444.116000,8.377660,875
509521.627900,6944444.116000,8.319338,880
509521.627900,6944444.116000,8.261016,885
509521.627900,6944444.116000,8.202694,890
509521.627900,6944444.116000,8.144372,895
509521.627900,6944444.116000,8.086051,900
509521.627900,6944444.116000,8.027729,905
509521.627900,6944444.116000,7.970476,910
509521.627900,6944444.116000,7.914192,915
509521.627900,6944444.116000,7.857908,920
509521.627900,6944444.116000,7.801624,925
509521.627900,6944444.116000,7.745340,930
509521.627900,6944444.116000,7.689056,935
509521.627900,6944444.116000,7.632771,940
509521.627900,6944444.116000,7.576487,945
509521.627900,6944444.116000,7.520203,950
509521.627900,6944444.116000,7.463903,955
509521.627900,6944444.116000,7.407593,960
509521.627900,6944444.116000,7.351283,965
509521.627900,6944444.116000,7.294973,970
509521.627900,6944444.116000,7.238663,975
509521.627900,6944444.116000,7.182353,980
509521.627900,6944444.116000,7.126043,985
509521.627900,6944444.116000,7.069733,990
509521.627900,6944444.116000,7.013423,995
509521.627900,6944444.116000,6.769100,1000
509521.627900,6944444.116000,11.793561,655
509521.627900,6944444.116000,10.769443,705
509521.631700,6944444.119000,31.500000,270
509521.680700,6944444.154000,22.000000,525
509521.682500,6944444.155000,8.500000,865
509521.757600,6944444.209000,21.000000,540
509521.771500,6944444.219000,9.500000,785
509521.775700,6944444.222000,23.500000,500
509521.798000,6944444.238000,27.000000,445
509521.804700,6944444.243000,17.500000,570
509521.823000,6944444.256000,28.500000,400
509521.834700,6944444.264000,18.500000,565
509521.847600,6944444.273000,26.500000,455
509521.914300,6944444.321000,8.000000,910
509521.922300,6944444.327000,24.500000,485
509521.924400,6944444.328000,12.500000,625
509521.948500,6944444.346000,16.000000,575
509521.972600,6944444.363000,7.500000,955
509521.995100,6944444.379000,10.000000,750
509521.998500,6944444.381000,9.000000,825
509522.004900,6944444.386000,20.500000,545
509522.028900,6944444.403000,7.000000,1000
509522.034500,6944444.407000,32.200360,260
509522.034500,6944444.407000,33.292564,260
509522.034500,6944444.407000,31.863575,265
509522.034500,6944444.407000,33.824934,265
509522.034500,6944444.407000,31.553927,270
509522.034500,6944444.407000,34.293486,270
509522.034500,6944444.407000,31.391512,275
509522.034500,6944444.407000,31.260146,280
509522.034500,6944444.407000,31.128780,285
509522.034500,6944444.407000,30.997418,290
509522.034500,6944444.407000,30.866282,295
509522.034500,6944444.407000,30.735146,300
509522.034500,6944444.407000,30.604010,305
509522.034500,6944444.407000,30.478446,310
509522.034500,6944444.407000,30.374248,315
509522.034500,6944444.407000,30.270049,320
509522.034500,6944444.407000,30.165850,325
509522.034500,6944444.407000,30.061651,330
509522.034500,6944444.407000,29.957945,335
509522.034500,6944444.407000,29.854952,340
509522.034500,6944444.407000,29.751959,345
509522.034500,6944444.407000,29.648966,350
509522.034500,6944444.407000,29.545973,355
509522.034500,6944444.407000,29.437627,360
509522.034500,6944444.407000,29.324965,365
509522.034500,6944444.407000,29.212303,370
509522.034500,6944444.407000,29.099641,375
509522.034500,6944444.407000,28.986700,380
509522.034500,6944444.407000,28.871625,385
509522.034500,6944444.407000,28.756551,390
509522.034500,6944444.407000,28.641477,395
509522.034500,6944444.407000,28.526403,400
509522.034500,6944444.407000,28.389216,405
509522.034500,6944444.407000,28.245445,410
509522.034500,6944444.407000,28.101674,415
509522.034500,6944444.407000,27.952226,420
509522.034500,6944444.407000,27.789067,425
509522.034500,6944444.407000,27.625908,430
509522.034500,6944444.407000,27.453518,435
509522.034500,6944444.407000,27.249932,440
509522.034500,6944444.407000,27.046347,445
509522.034500,6944444.407000,26.800001,450
509522.034500,6944444.407000,26.541053,455
509522.034500,6944444.407000,26.253303,460
509522.034500,6944444.407000,25.951531,465
509522.034500,6944444.407000,25.595142,470
509522.034500,6944444.407000,25.234741,475
509522.034500,6944444.407000,24.871390,480
509522.034500,6944444.407000,24.505291,485
509522.034500,6944444.407000,24.147561,490
509522.034500,6944444.407000,23.805959,495
509522.034500,6944444.407000,23.476042,500
509522.034500,6944444.407000,23.151674,505
509522.034500,6944444.407000,22.833098,510
509522.034500,6944444.407000,22.519608,515
509522.034500,6944444.407000,22.209149,520
509522.034500,6944444.407000,21.891906,525
509522.034500,6944444.407000,21.560210,530
509522.034500,6944444.407000,21.225205,535
509522.034500,6944444.407000,20.872311,540
509522.034500,6944444.407000,20.483425,545
509522.034500,6944444.407000,20.069566,550
509522.034500,6944444.407000,19.587402,555
509522.034500,6944444.407000,19.018107,560
509522.034500,6944444.407000,18.240282,565
509522.034500,6944444.407000,17.162659,570
509522.034500,6944444.407000,15.942729,575
509522.034500,6944444.407000,15.111734,580
509522.034500,6944444.407000,14.476645,585
509522.034500,6944444.407000,14.136345,590
509522.034500,6944444.407000,13.807274,595
509522.034500,6944444.407000,13.490860,600
509522.034500,6944444.407000,13.285206,605
509522.034500,6944444.407000,13.079551,610
509522.034500,6944444.407000,12.886982,615
509522.034500,6944444.407000,12.702668,620
509522.034500,6944444.407000,12.518354,625
509522.034500,6944444.407000,12.375968,630
509522.034500,6944444.407000,12.238218,635
509522.034500,6944444.407000,12.100469,640
509522.034500,6944444.407000,11.967676,645
509522.034500,6944444.407000,11.848242,650
509522.034500,6944444.407000,11.728807,655
509522.034500,6944444.407000,11.609372,660
509522.034500,6944444.407000,11.491534,665
509522.034500,6944444.407000,11.391048,670
509522.034500,6944444.407000,11.290562,675
509522.034500,6944444.407000,11.190076,680
509522.034500,6944444.407000,11.089590,685
509522.034500,6944444.407000,10.990675,690
509522.034500,6944444.407000,10.904679,695
509522.034500,6944444.407000,10.818684,700
509522.034500,6944444.407000,10.732688,705
509522.034500,6944444.407000,10.646692,710
509522.034500,6944444.407000,10.560697,715
509522.034500,6944444.407000,10.476858,720
509522.034500,6944444.407000,10.398195,725
509522.034500,6944444.407000,10.319533,730
509522.034500,6944444.407000,10.240870,735
509522.034500,6944444.407000,10.162207,740
509522.034500,6944444.407000,10.083544,745
509522.034500,6944444.407000,10.004881,750
509522.034500,6944444.407000,9.936411,755
509522.034500,6944444.407000,9.868615,760
509522.034500,6944444.407000,9.800820,765
509522.034500,6944444.407000,9.733024,770
509522.034500,6944444.407000,9.665228,775
509522.034500,6944444.407000,9.597432,780
509522.034500,6944444.407000,9.529637,785
509522.034500,6944444.407000,9.463092,790
509522.034500,6944444.407000,9.397520,795
509522.034500,6944444.407000,9.331947,800
509522.034500,6944444.407000,9.266375,805
509522.034500,6944444.407000,9.200802,810
509522.034500,6944444.407000,9.135229,815
509522.034500,6944444.407000,9.069657,820
509522.034500,6944444.407000,9.004084,825
509522.034500,6944444.407000,8.945270,830
509522.034500,6944444.407000,8.886905,835
509522.034500,6944444.407000,8.828540,840
509522.034500,6944444.407000,8.770175,845
509522.034500,6944444.407000,8.711810,850
509522.034500,6944444.407000,8.653445,855
509522.034500,6944444.407000,8.595080,860
509522.034500,6944444.407000,8.536715,865
509522.034500,6944444.407000,8.478411,870
509522.034500,6944444.407000,8.420211,875
509522.034500,6944444.407000,8.362010,880
509522.034500,6944444.407000,8.303809,885
509522.034500,6944444.407000,8.245608,890
509522.034500,6944444.407000,8.187408,895
509522.034500,6944444.407000,8.129207,900
509522.034500,6944444.407000,8.071006,905
509522.034500,6944444.407000,8.012805,910
509522.034500,6944444.407000,7.956157,915
509522.034500,6944444.407000,7.899946,920
509522.034500,6944444.407000,7.843735,925
509522.034500,6944444.407000,7.787524,930
509522.034500,6944444.407000,7.731313,935
509522.034500,6944444.407000,7.675102,940
509522.034500,6944444.407000,7.618891,945
509522.034500,6944444.407000,7.562680,950
509522.034500,6944444.407000,7.506469,955
509522.034500,6944444.407000,7.450261,960
509522.034500,6944444.407000,7.394053,965
509522.034500,6944444.407000,7.337844,970
509522.034500,6944444.407000,7.281636,975
509522.034500,6944444.407000,7.225428,980
509522.034500,6944444.407000,7.169220,985
509522.034500,6944444.407000,7.113012,990
509522.034500,6944444.407000,7.056803,995
509522.034500,6944444.407000,7.000595,1000
509522.049800,6944444.418000,19.000000,560
509522.071000,6944444.433000,6.500000,1005
509522.079600,6944444.439000,22.500000,515
509522.095900,6944444.451000,11.500000,665
509522.103000,6944444.456000,13.500000,600
509522.106100,6944444.458000,31.000000,290
509522.106700,6944444.459000,11.000000,690
509522.114300,6944444.464000,20.000000,550
509522.119700,6944444.468000,19.500000,555
509522.131000,6944444.476000,21.500000,530
509522.138000,6944444.481000,17.000000,570
509522.190800,6944444.519000,6.500000,1010
509522.195400,6944444.522000,18.000000,565
509522.217600,6944444.538000,29.000000,380
509522.223400,6944444.542000,10.500000,720
509522.249000,6944444.561000,26.000000,465
509522.254900,6944444.565000,12.000000,645
509522.278200,6944444.582000,24.500000,485
509522.296600,6944444.595000,8.500000,870
509522.310600,6944444.605000,6.500000,1015
509522.324500,6944444.615000,27.500000,435
509522.383800,6944444.657000,21.000000,535
509522.393800,6944444.664000,9.500000,790
509522.416700,6944444.681000,28.000000,420
509522.430300,6944444.690000,6.500000,1020
509522.439900,6944444.697000,18.500000,560
509522.441000,6944444.698000,32.229612,260
509522.441000,6944444.698000,33.254522,260
509522.441000,6944444.698000,31.889833,265
509522.441000,6944444.698000,33.798896,265
509522.441000,6944444.698000,31.581374,270
509522.441000,6944444.698000,34.277480,270
509522.441000,6944444.698000,31.403845,275
509522.441000,6944444.698000,31.273234,280
509522.441000,6944444.698000,31.142622,285
509522.441000,6944444.698000,31.012011,290
509522.441000,6944444.698000,30.881406,295
509522.441000,6944444.698000,30.750802,300
509522.441000,6944444.698000,30.620198,305
509522.441000,6944444.698000,30.491781,310
509522.441000,6944444.698000,30.388625,315
509522.441000,6944444.698000,30.285469,320
509522.441000,6944444.698000,30.182313,325
509522.441000,6944444.698000,30.079157,330
509522.441000,6944444.698000,29.976247,335
509522.441000,6944444.698000,29.874146,340
509522.441000,6944444.698000,29.772046,345
509522.441000,6944444.698000,29.669945,350
509522.441000,6944444.698000,29.567845,355
509522.441000,6944444.698000,29.462525,360
509522.441000,6944444.698000,29.350830,365
509522.441000,6944444.698000,29.239135,370
509522.441000,6944444.698000,29.127440,375
509522.441000,6944444.698000,29.015745,380
509522.441000,6944444.698000,28.901986,385
509522.441000,6944444.698000,28.787888,390
509522.441000,6944444.698000,28.673790,395
509522.441000,6944444.698000,28.559692,400
509522.441000,6944444.698000,28.431792,405
509522.441000,6944444.698000,28.288748,410
509522.441000,6944444.698000,28.145705,415
509522.441000,6944444.698000,28.002661,420
509522.441000,6944444.698000,27.840325,425
509522.441000,6944444.698000,27.677623,430
509522.441000,6944444.698000,27.514921,435
509522.441000,6944444.698000,27.314452,440
509522.441000,6944444.698000,27.110170,445
509522.441000,6944444.698000,26.878991,450
509522.441000,6944444.698000,26.616328,455
509522.441000,6944444.698000,26.334076,460
509522.441000,6944444.698000,26.036253,465
509522.441000,6944444.698000,25.668343,470
509522.441000,6944444.698000,25.286285,475
509522.441000,6944444.698000,24.896789,480
509522.441000,6944444.698000,24.496221,485
509522.441000,6944444.698000,24.104733,490
509522.441000,6944444.698000,23.729791,495
509522.441000,6944444.698000,23.370758,500
509522.441000,6944444.698000,23.028022,505
509522.441000,6944444.698000,22.676010,510
509522.441000,6944444.698000,22.339431,515
509522.441000,6944444.698000,22.019037,520
509522.441000,6944444.698000,21.653638,525
509522.441000,6944444.698000,21.302157,530
509522.441000,6944444.698000,20.955000,535
509522.441000,6944444.698000,20.545713,540
509522.441000,6944444.698000,20.129973,545
509522.441000,6944444.698000,19.664054,550
509522.441000,6944444.698000,19.119644,555
509522.441000,6944444.698000,18.498363,560
509522.441000,6944444.698000,17.628701,565
509522.441000,6944444.698000,16.580709,570
509522.441000,6944444.698000,15.679471,575
509522.441000,6944444.698000,15.042052,580
509522.441000,6944444.698000,14.484830,585
509522.441000,6944444.698000,14.167262,590
509522.441000,6944444.698000,13.860175,595
509522.441000,6944444.698000,13.564751,600
509522.441000,6944444.698000,13.343675,605
509522.441000,6944444.698000,13.143469,610
509522.441000,6944444.698000,12.949354,615
509522.441000,6944444.698000,12.770642,620
509522.441000,6944444.698000,12.591929,625
509522.441000,6944444.698000,12.434628,630
509522.441000,6944444.698000,12.300008,635
509522.441000,6944444.698000,12.165388,640
509522.441000,6944444.698000,12.030767,645
509522.441000,6944444.698000,11.909131,650
509522.441000,6944444.698000,11.791343,655
509522.441000,6944444.698000,11.673554,660
509522.441000,6944444.698000,11.555765,665
509522.441000,6944444.698000,11.447636,670
509522.441000,6944444.698000,11.348192,675
509522.441000,6944444.698000,11.248748,680
509522.441000,6944444.698000,11.149304,685
509522.441000,6944444.698000,11.049861,690
509522.441000,6944444.698000,10.957293,695
509522.441000,6944444.698000,10.871640,700
509522.441000,6944444.698000,10.785986,705
509522.441000,6944444.698000,10.700333,710
509522.441000,6944444.698000,10.614680,715
509522.441000,6944444.698000,10.529026,720
509522.441000,6944444.698000,10.448134,725
509522.441000,6944444.698000,10.369683,730
509522.441000,6944444.698000,10.291231,735
509522.441000,6944444.698000,10.212780,740
509522.441000,6944444.698000,10.134329,745
509522.441000,6944444.698000,10.055877,750
509522.441000,6944444.698000,9.980456,755
509522.441000,6944444.698000,9.912537,760
509522.441000,6944444.698000,9.844618,765
509522.441000,6944444.698000,9.776698,770
509522.441000,6944444.698000,9.708779,775
509522.441000,6944444.698000,9.640860,780
509522.441000,6944444.698000,9.572941,785
509522.441000,6944444.698000,9.505021,790
509522.441000,6944444.698000,9.439137,795
509522.441000,6944444.698000,9.373416,800
509522.441000,6944444.698000,9.307694,805
509522.441000,6944444.698000,9.241972,810
509522.441000,6944444.698000,9.176250,815
509522.441000,6944444.698000,9.110529,820
509522.441000,6944444.698000,9.044807,825
509522.441000,6944444.698000,8.981330,830
509522.441000,6944444.698000,8.922662,835
509522.441000,6944444.698000,8.863995,840
509522.441000,6944444.698000,8.805327,845
509522.441000,6944444.698000,8.746659,850
509522.441000,6944444.698000,8.687992,855
509522.441000,6944444.698000,8.629324,860
509522.441000,6944444.698000,8.570656,865
509522.441000,6944444.698000,8.511989,870
509522.441000,6944444.698000,8.453436,875
509522.441000,6944444.698000,8.394914,880
509522.441000,6944444.698000,8.336391,885
509522.441000,6944444.698000,8.277868,890
509522.441000,6944444.698000,8.219346,895
509522.441000,6944444.698000,8.160823,900
509522.441000,6944444.698000,8.102300,905
509522.441000,6944444.698000,8.043778,910
509522.441000,6944444.698000,7.985738,915
509522.441000,6944444.698000,7.929130,920
509522.441000,6944444.698000,7.872523,925
509522.441000,6944444.698000,7.815916,930
509522.441000,6944444.698000,7.759308,935
509522.441000,6944444.698000,7.702701,940
509522.441000,6944444.698000,7.646094,945
509522.441000,6944444.698000,7.589487,950
509522.441000,6944444.698000,7.532879,955
509522.441000,6944444.698000,7.476116,960
509522.441000,6944444.698000,7.419135,965
509522.441000,6944444.698000,7.362154,970
509522.441000,6944444.698000,7.305173,975
509522.441000,6944444.698000,7.248192,980
509522.441000,6944444.698000,7.191211,985
509522.441000,6944444.698000,7.134230,990
509522.441000,6944444.698000,7.077250,995
509522.441000,6944444.698000,7.020269,1000
509522.441000,6944444.698000,6.042015,1005
509522.441000,6944444.698000,6.913716,1005
509522.441000,6944444.698000,6.190266,1010
509522.441000,6944444.698000,6.779795,1010
509522.441000,6944444.698000,6.338518,1015
509522.441000,6944444.698000,6.645873,1015
509522.441000,6944444.698000,6.486769,1020
509522.441000,6944444.698000,6.511952,1020
509522.452900,6944444.707000,5.000000,1005
509522.456900,6944444.709000,5.500000,1005
509522.464900,6944444.715000,6.000000,1005
509522.476000,6944444.723000,22.000000,520
509522.492700,6944444.735000,20.500000,540
509522.514800,6944444.751000,16.500000,570
509522.515100,6944444.751000,23.000000,505
509522.524400,6944444.758000,5.000000,1010
509522.525900,6944444.759000,17.500000,565
509522.532700,6944444.764000,5.500000,1010
509522.536300,6944444.766000,19.000000,555
509522.549200,6944444.775000,6.000000,1010
509522.576900,6944444.795000,20.000000,545
509522.589900,6944444.805000,19.500000,550
509522.595800,6944444.809000,5.000000,1015
509522.608500,6944444.818000,5.500000,1015
509522.621700,6944444.827000,10.000000,755
509522.633400,6944444.836000,6.000000,1015
509522.660200,6944444.855000,9.000000,830
509522.661600,6944444.856000,8.000000,915
509522.661700,6944444.856000,21.500000,525
509522.667300,6944444.860000,5.000000,1020
509522.684200,6944444.872000,5.500000,1020
509522.717700,6944444.896000,6.000000,1020
509522.738700,6944444.911000,5.000000,1025
509522.744000,6944444.915000,30.500000,310
509522.756700,6944444.924000,18.000000,560
509522.760000,6944444.926000,5.500000,1025
509522.762900,6944444.928000,13.000000,615
509522.764300,6944444.929000,11.000000,695
509522.765200,6944444.930000,15.000000,580
509522.774000,6944444.936000,15.500000,575
509522.796900,6944444.953000,22.500000,510
509522.801900,6944444.956000,6.000000,1025
509522.807100,6944444.960000,11.500000,670
509522.810100,6944444.962000,5.000000,1030
509522.835800,6944444.981000,5.500000,1030
509522.847600,6944444.989000,32.251025,260
509522.847600,6944444.989000,33.233523,260
509522.847600,6944444.989000,31.909133,265
509522.847600,6944444.989000,33.791139,265
509522.847600,6944444.989000,31.601616,270
509522.847600,6944444.989000,34.280090,270
509522.847600,6944444.989000,31.412949,275
509522.847600,6944444.989000,31.282936,280
509522.847600,6944444.989000,31.152924,285
509522.847600,6944444.989000,31.022911,290
509522.847600,6944444.989000,30.893044,295
509522.847600,6944444.989000,30.763208,300
509522.847600,6944444.989000,30.633372,305
509522.847600,6944444.989000,30.503537,310
509522.847600,6944444.989000,30.400358,315
509522.847600,6944444.989000,30.297925,320
509522.847600,6944444.989000,30.195492,325
509522.847600,6944444.989000,30.093060,330
509522.847600,6944444.989000,29.990734,335
509522.847600,6944444.989000,29.889468,340
509522.847600,6944444.989000,29.788201,345
509522.847600,6944444.989000,29.686935,350
509522.847600,6944444.989000,29.585669,355
509522.847600,6944444.989000,29.482944,360
509522.847600,6944444.989000,29.372205,365
509522.847600,6944444.989000,29.261467,370
509522.847600,6944444.989000,29.150728,375
509522.847600,6944444.989000,29.039990,380
509522.847600,6944444.989000,28.927738,385
509522.847600,6944444.989000,28.814631,390
509522.847600,6944444.989000,28.701524,395
509522.847600,6944444.989000,28.588416,400
509522.847600,6944444.989000,28.468968,405
509522.847600,6944444.989000,28.326810,410
509522.847600,6944444.989000,28.184652,415
509522.847600,6944444.989000,28.042493,420
509522.847600,6944444.989000,27.374072,440
509522.847600,6944444.989000,27.169461,445
509522.847600,6944444.989000,26.954273,450
509522.847600,6944444.989000,26.688097,455
509522.847600,6944444.989000,26.410411,460
509522.847600,6944444.989000,26.105001,465
509522.847600,6944444.989000,25.739366,470
509522.847600,6944444.989000,25.336390,475
509522.847600,6944444.989000,24.919532,480
509522.847600,6944444.989000,24.480358,485
509522.847600,6944444.989000,24.050877,490
509522.847600,6944444.989000,23.636901,495
509522.847600,6944444.989000,23.243384,500
509522.847600,6944444.989000,22.858452,505
509522.847600,6944444.989000,22.475289,510
509522.847600,6944444.989000,22.127928,515
509522.847600,6944444.989000,21.753302,520
509522.847600,6944444.989000,21.372514,525
509522.847600,6944444.989000,21.009696,530
509522.847600,6944444.989000,20.596268,535
509522.847600,6944444.989000,20.165082,540
509522.847600,6944444.989000,19.701150,545
509522.847600,6944444.989000,19.176622,550
509522.847600,6944444.989000,18.584769,555
509522.847600,6944444.989000,17.865306,560
509522.847600,6944444.989000,17.070842,565
509522.847600,6944444.989000,16.240074,570
509522.847600,6944444.989000,15.476366,575
509522.847600,6944444.989000,14.990865,580
509522.847600,6944444.989000,14.493328,585
509522.847600,6944444.989000,14.197368,590
509522.847600,6944444.989000,13.907637,595
509522.847600,6944444.989000,13.630377,600
509522.847600,6944444.989000,13.398293,605
509522.847600,6944444.989000,13.206309,610
509522.847600,6944444.989000,13.014324,615
509522.847600,6944444.989000,12.839854,620
509522.847600,6944444.989000,12.666797,625
509522.847600,6944444.989000,12.495230,630
509522.847600,6944444.989000,12.363379,635
509522.847600,6944444.989000,12.231528,640
509522.847600,6944444.989000,12.099678,645
509522.847600,6944444.989000,11.971641,650
509522.847600,6944444.989000,11.506767,670
509522.847600,6944444.989000,11.407130,675
509522.847600,6944444.989000,11.308517,680
509522.847600,6944444.989000,11.209905,685
509522.847600,6944444.989000,11.111293,690
509522.847600,6944444.989000,11.012681,695
509522.847600,6944444.989000,10.498592,725
509522.847600,6944444.989000,10.420194,730
509522.847600,6944444.989000,10.341797,735
509522.847600,6944444.989000,10.263400,740
509522.847600,6944444.989000,10.185002,745
509522.847600,6944444.989000,10.106605,750
509522.847600,6944444.989000,10.028208,755
509522.847600,6944444.989000,9.956364,760
509522.847600,6944444.989000,9.479906,795
509522.847600,6944444.989000,9.413915,800
509522.847600,6944444.989000,9.347923,805
509522.847600,6944444.989000,9.281931,810
509522.847600,6944444.989000,9.215940,815
509522.847600,6944444.989000,9.149948,820
509522.847600,6944444.989000,9.083957,825
509522.847600,6944444.989000,9.017965,830
509522.847600,6944444.989000,8.956990,835
509522.847600,6944444.989000,8.897891,840
509522.847600,6944444.989000,8.838792,845
509522.847600,6944444.989000,8.779693,850
509522.847600,6944444.989000,8.720594,855
509522.847600,6944444.989000,8.661495,860
509522.847600,6944444.989000,8.602396,865
509522.847600,6944444.989000,8.543298,870
509522.847600,6944444.989000,8.484235,875
509522.847600,6944444.989000,8.425272,880
509522.847600,6944444.989000,8.366310,885
509522.847600,6944444.989000,8.307347,890
509522.847600,6944444.989000,8.248384,895
509522.847600,6944444.989000,8.189422,900
509522.847600,6944444.989000,8.130459,905
509522.847600,6944444.989000,8.071496,910
509522.847600,6944444.989000,8.012534,915
509522.847600,6944444.989000,7.955011,920
509522.847600,6944444.989000,7.897878,925
509522.847600,6944444.989000,7.840744,930
509522.847600,6944444.989000,7.783610,935
509522.847600,6944444.989000,7.726477,940
509522.847600,6944444.989000,7.669343,945
509522.847600,6944444.989000,7.612210,950
509522.847600,6944444.989000,7.555076,955
509522.847600,6944444.989000,7.497926,960
509522.847600,6944444.989000,7.440350,965
509522.847600,6944444.989000,7.382774,970
509522.847600,6944444.989000,7.325197,975
509522.847600,6944444.989000,7.267621,980
509522.847600,6944444.989000,7.210045,985
509522.847600,6944444.989000,7.152468,990
509522.847600,6944444.989000,7.094892,995
509522.847600,6944444.989000,7.037315,1000
509522.847600,6944444.989000,6.952037,1005
509522.847600,6944444.989000,6.815737,1010
509522.847600,6944444.989000,6.679438,1015
509522.847600,6944444.989000,6.543139,1020
509522.847600,6944444.989000,6.221282,1025
509522.847600,6944444.989000,5.627387,1030
509522.847600,6944444.989000,10.925565,705
509522.858900,6944444.997000,10.500000,725
509522.860500,6944444.998000,21.000000,530
509522.877900,6944445.011000,12.500000,630
509522.886600,6944445.017000,7.500000,960
509522.902600,6944445.028000,17.000000,565
509522.912500,6944445.036000,18.500000,555
509522.956500,6944445.067000,20.500000,535
509522.990300,6944445.091000,19.000000,550
509523.017500,6944445.111000,20.000000,540
509523.030700,6944445.120000,12.000000,650
509523.030800,6944445.120000,19.500000,545
509523.048200,6944445.133000,9.500000,795
509523.056400,6944445.139000,8.500000,875
509523.087900,6944445.161000,14.500000,585
509523.093800,6944445.165000,22.000000,515
509523.095100,6944445.166000,27.000000,450
509523.106900,6944445.175000,30.000000,335
509523.108400,6944445.176000,17.500000,560
509523.184900,6944445.231000,28.500000,405
509523.187300,6944445.232000,29.500000,360
509523.190400,6944445.234000,24.000000,490
509523.205900,6944445.246000,16.000000,570
509523.232400,6944445.265000,21.500000,520
509523.252400,6944445.279000,10.000000,760
509523.254200,6944445.280000,32.368825,260
509523.254200,6944445.280000,33.189685,260
509523.254200,6944445.280000,31.930306,265
509523.254200,6944445.280000,33.783443,265
509523.254200,6944445.280000,31.631837,270
509523.254200,6944445.280000,34.305395,270
509523.254200,6944445.280000,31.426917,275
509523.254200,6944445.280000,31.296012,280
509523.254200,6944445.280000,31.165107,285
509523.254200,6944445.280000,31.034202,290
509523.254200,6944445.280000,30.904983,295
509523.254200,6944445.280000,30.776360,300
509523.254200,6944445.280000,30.647737,305
509523.254200,6944445.280000,30.519114,310
509523.254200,6944445.280000,30.413183,315
509523.254200,6944445.280000,30.311213,320
509523.254200,6944445.280000,30.209242,325
509523.254200,6944445.280000,30.107272,330
509523.254200,6944445.280000,30.005301,335
509523.254200,6944445.280000,29.904786,340
509523.254200,6944445.280000,29.804351,345
509523.254200,6944445.280000,29.703915,350
509523.254200,6944445.280000,29.603480,355
509523.254200,6944445.280000,29.503044,360
509523.254200,6944445.280000,29.393554,365
509523.254200,6944445.280000,29.283781,370
509523.254200,6944445.280000,29.174008,375
509523.254200,6944445.280000,29.064235,380
509523.254200,6944445.280000,28.953491,385
509523.254200,6944445.280000,28.841376,390
509523.254200,6944445.280000,28.729261,395
509523.254200,6944445.280000,28.617146,400
509523.254200,6944445.280000,28.505031,405
509523.254200,6944445.280000,28.364967,410
509523.254200,6944445.280000,28.223591,415
509523.254200,6944445.280000,28.082214,420
509523.254200,6944445.280000,27.932466,425
509523.254200,6944445.280000,27.771085,430
509523.254200,6944445.280000,27.609704,435
509523.254200,6944445.280000,27.434131,440
509523.254200,6944445.280000,27.228428,445
509523.254200,6944445.280000,27.022725,450
509523.254200,6944445.280000,26.759997,455
509523.254200,6944445.280000,26.488470,460
509523.254200,6944445.280000,26.171484,465
509523.254200,6944445.280000,25.809183,470
509523.254200,6944445.280000,25.387483,475
509523.254200,6944445.280000,24.943592,480
509523.254200,6944445.280000,24.464044,485
509523.254200,6944445.280000,23.990132,490
509523.254200,6944445.280000,23.542377,495
509523.254200,6944445.280000,23.105828,500
509523.254200,6944445.280000,22.690985,505
509523.254200,6944445.280000,22.294095,510
509523.254200,6944445.280000,21.900311,515
509523.254200,6944445.280000,21.484943,520
509523.254200,6944445.280000,21.075386,525
509523.254200,6944445.280000,20.654652,530
509523.254200,6944445.280000,20.213388,535
509523.254200,6944445.280000,19.740803,540
509523.254200,6944445.280000,19.223542,545
509523.254200,6944445.280000,18.656063,550
509523.254200,6944445.280000,18.029768,555
509523.254200,6944445.280000,17.312759,560
509523.254200,6944445.280000,16.579329,565
509523.254200,6944445.280000,15.974227,570
509523.254200,6944445.280000,15.394883,575
509523.254200,6944445.280000,14.941222,580
509523.254200,6944445.280000,14.506777,585
509523.254200,6944445.280000,14.228344,590
509523.254200,6944445.280000,13.954788,595
509523.254200,6944445.280000,13.692772,600
509523.254200,6944445.280000,13.451439,605
509523.254200,6944445.280000,13.267689,610
509523.254200,6944445.280000,13.083938,615
509523.254200,6944445.280000,12.909255,620
509523.254200,6944445.280000,12.742198,625
509523.254200,6944445.280000,12.575141,630
509523.254200,6944445.280000,12.428509,635
509523.254200,6944445.280000,12.298574,640
509523.254200,6944445.280000,12.168639,645
509523.254200,6944445.280000,12.038704,650
509523.254200,6944445.280000,11.919503,655
509523.254200,6944445.280000,11.804855,660
509523.254200,6944445.280000,11.690206,665
509523.254200,6944445.280000,11.575558,670
509523.254200,6944445.280000,11.466574,675
509523.254200,6944445.280000,11.368538,680
509523.254200,6944445.280000,11.270503,685
509523.254200,6944445.280000,11.172467,690
509523.254200,6944445.280000,11.074431,695
509523.254200,6944445.280000,10.979490,700
509523.254200,6944445.280000,10.894303,705
509523.254200,6944445.280000,10.809117,710
509523.254200,6944445.280000,10.723931,715
509523.254200,6944445.280000,10.638744,720
509523.254200,6944445.280000,10.553558,725
509523.254200,6944445.280000,10.470875,730
509523.254200,6944445.280000,10.392433,735
509523.254200,6944445.280000,10.313990,740
509523.254200,6944445.280000,10.235548,745
509523.254200,6944445.280000,10.157105,750
509523.254200,6944445.280000,10.078663,755
509523.254200,6944445.280000,10.000220,760
509523.254200,6944445.280000,9.931791,765
509523.254200,6944445.280000,9.863391,770
509523.254200,6944445.280000,9.794991,775
509523.254200,6944445.280000,9.726590,780
509523.254200,6944445.280000,9.658190,785
509523.254200,6944445.280000,9.589790,790
509523.254200,6944445.280000,9.521389,795
509523.254200,6944445.280000,9.454429,800
509523.254200,6944445.280000,9.388123,805
509523.254200,6944445.280000,9.321817,810
509523.254200,6944445.280000,9.255511,815
509523.254200,6944445.280000,9.189205,820
509523.254200,6944445.280000,9.122899,825
509523.254200,6944445.280000,9.056594,830
509523.254200,6944445.280000,8.991281,835
509523.254200,6944445.280000,8.931756,840
509523.254200,6944445.280000,8.872231,845
509523.254200,6944445.280000,8.812706,850
509523.254200,6944445.280000,8.753181,855
509523.254200,6944445.280000,8.693655,860
509523.254200,6944445.280000,8.634130,865
509523.254200,6944445.280000,8.574605,870
509523.254200,6944445.280000,8.515080,875
509523.254200,6944445.280000,8.455655,880
509523.254200,6944445.280000,8.396265,885
509523.254200,6944445.280000,8.336874,890
509523.254200,6944445.280000,8.277484,895
509523.254200,6944445.280000,8.218093,900
509523.254200,6944445.280000,8.158703,905
509523.254200,6944445.280000,8.099312,910
509523.254200,6944445.280000,8.039922,915
509523.254200,6944445.280000,7.981090,920
509523.254200,6944445.280000,7.923406,925
509523.254200,6944445.280000,7.865721,930
509523.254200,6944445.280000,7.808037,935
509523.254200,6944445.280000,7.750352,940
509523.254200,6944445.280000,7.692667,945
509523.254200,6944445.280000,7.634983,950
509523.254200,6944445.280000,7.577298,955
509523.254200,6944445.280000,7.519614,960
509523.254200,6944445.280000,7.461422,965
509523.254200,6944445.280000,7.402969,970
509523.254200,6944445.280000,7.344516,975
509523.254200,6944445.280000,7.286062,980
509523.254200,6944445.280000,7.227609,985
509523.254200,6944445.280000,7.169156,990
509523.254200,6944445.280000,7.110703,995
509523.254200,6944445.280000,7.052250,1000
509523.254200,6944445.280000,6.984773,1005
509523.254200,6944445.280000,6.841288,1010
509523.254200,6944445.280000,6.697804,1015
509523.254200,6944445.280000,6.554320,1020
509523.254200,6944445.280000,6.239239,1025
509523.254200,6944445.280000,5.642712,1030
509523.279200,6944445.298000,18.000000,555
509523.349100,6944445.348000,26.500000,460
509523.354900,6944445.352000,21.000000,525
509523.357100,6944445.354000,16.500000,565
509523.389200,6944445.377000,18.500000,550
509523.391400,6944445.378000,23.500000,495
509523.407400,6944445.390000,9.000000,835
509523.433000,6944445.408000,20.500000,530
509523.444500,6944445.416000,11.000000,700
509523.453700,6944445.423000,19.000000,545
509523.479400,6944445.441000,20.000000,535
509523.486000,6944445.446000,19.500000,540
509523.510900,6944445.464000,23.000000,500
509523.532400,6944445.479000,11.500000,675
509523.549000,6944445.491000,10.500000,730
509523.570100,6944445.506000,17.000000,560
509523.630000,6944445.549000,22.500000,505
509523.660800,6944445.571000,32.255531,260
509523.660800,6944445.571000,33.261092,260
509523.660800,6944445.571000,31.914149,265
509523.660800,6944445.571000,33.841407,265
509523.660800,6944445.571000,31.607913,270
509523.660800,6944445.571000,34.411639,270
509523.660800,6944445.571000,31.416375,275
509523.660800,6944445.571000,31.287248,280
509523.660800,6944445.571000,31.158120,285
509523.660800,6944445.571000,31.028992,290
509523.660800,6944445.571000,30.900362,295
509523.660800,6944445.571000,30.771876,300
509523.660800,6944445.571000,30.643390,305
509523.660800,6944445.571000,30.514904,310
509523.660800,6944445.571000,30.410489,315
509523.660800,6944445.571000,30.309234,320
509523.660800,6944445.571000,30.207978,325
509523.660800,6944445.571000,30.106722,330
509523.660800,6944445.571000,30.005467,335
509523.660800,6944445.571000,29.905561,340
509523.660800,6944445.571000,29.805732,345
509523.660800,6944445.571000,29.705903,350
509523.660800,6944445.571000,29.606074,355
509523.660800,6944445.571000,29.506245,360
509523.660800,6944445.571000,29.397937,365
509523.660800,6944445.571000,29.289063,370
509523.660800,6944445.571000,29.180190,375
509523.660800,6944445.571000,29.071316,380
509523.660800,6944445.571000,28.961652,385
509523.660800,6944445.571000,28.850486,390
509523.660800,6944445.571000,28.739321,395
509523.660800,6944445.571000,28.628155,400
509523.660800,6944445.571000,28.516990,405
509523.660800,6944445.571000,28.381150,410
509523.660800,6944445.571000,28.240860,415
509523.660800,6944445.571000,28.100570,420
509523.660800,6944445.571000,27.954667,425
509523.660800,6944445.571000,27.794556,430
509523.660800,6944445.571000,27.634445,435
509523.660800,6944445.571000,27.467042,440
509523.660800,6944445.571000,27.261440,445
509523.660800,6944445.571000,27.055837,450
509523.660800,6944445.571000,26.802901,455
509523.660800,6944445.571000,26.532318,460
509523.660800,6944445.571000,26.212946,465
509523.660800,6944445.571000,25.851733,470
509523.660800,6944445.571000,25.417511,475
509523.660800,6944445.571000,24.946388,480
509523.660800,6944445.571000,24.422422,485
509523.660800,6944445.571000,23.903913,490
509523.660800,6944445.571000,23.410991,495
509523.660800,6944445.571000,22.935680,500
509523.660800,6944445.571000,22.483724,505
509523.660800,6944445.571000,22.059335,510
509523.660800,6944445.571000,21.613654,515
509523.660800,6944445.571000,21.185526,520
509523.660800,6944445.571000,20.744279,525
509523.660800,6944445.571000,20.285418,530
509523.660800,6944445.571000,19.811773,535
509523.660800,6944445.571000,19.303692,540
509523.660800,6944445.571000,18.759984,545
509523.660800,6944445.571000,18.176243,550
509523.660800,6944445.571000,17.572191,555
509523.660800,6944445.571000,16.923540,560
509523.660800,6944445.571000,16.322143,565
509523.660800,6944445.571000,15.783639,570
509523.660800,6944445.571000,15.314405,575
509523.660800,6944445.571000,14.903911,580
509523.660800,6944445.571000,14.516929,585
509523.660800,6944445.571000,14.250371,590
509523.660800,6944445.571000,13.989797,595
509523.660800,6944445.571000,13.740332,600
509523.660800,6944445.571000,13.493503,605
509523.660800,6944445.571000,13.316027,610
509523.660800,6944445.571000,13.138551,615
509523.660800,6944445.571000,12.964267,620
509523.660800,6944445.571000,12.801343,625
509523.660800,6944445.571000,12.638419,630
509523.660800,6944445.571000,12.480738,635
509523.660800,6944445.571000,12.352668,640
509523.660800,6944445.571000,12.224598,645
509523.660800,6944445.571000,12.096528,650
509523.660800,6944445.571000,11.972037,655
509523.660800,6944445.571000,11.858496,660
509523.660800,6944445.571000,11.744956,665
509523.660800,6944445.571000,11.631415,670
509523.660800,6944445.571000,11.517874,675
509523.660800,6944445.571000,11.417656,680
509523.660800,6944445.571000,11.319926,685
509523.660800,6944445.571000,11.222196,690
509523.660800,6944445.571000,11.124467,695
509523.660800,6944445.571000,11.026737,700
509523.660800,6944445.571000,10.938096,705
509523.660800,6944445.571000,10.852877,710
509523.660800,6944445.571000,10.767658,715
509523.660800,6944445.571000,10.682440,720
509523.660800,6944445.571000,10.597221,725
509523.660800,6944445.571000,10.512003,730
509523.660800,6944445.571000,10.432386,735
509523.660800,6944445.571000,10.353687,740
509523.660800,6944445.571000,10.274988,745
509523.660800,6944445.571000,10.196290,750
509523.660800,6944445.571000,10.117591,755
509523.660800,6944445.571000,10.038892,760
509523.660800,6944445.571000,9.965182,765
509523.660800,6944445.571000,9.896344,770
509523.660800,6944445.571000,9.827507,775
509523.660800,6944445.571000,9.758669,780
509523.660800,6944445.571000,9.689832,785
509523.660800,6944445.571000,9.620995,790
509523.660800,6944445.571000,9.552157,795
509523.660800,6944445.571000,9.483812,800
509523.660800,6944445.571000,9.417008,805
509523.660800,6944445.571000,9.350204,810
509523.660800,6944445.571000,9.283399,815
509523.660800,6944445.571000,9.216595,820
509523.660800,6944445.571000,9.149791,825
509523.660800,6944445.571000,9.082986,830
509523.660800,6944445.571000,9.016182,835
509523.660800,6944445.571000,8.954442,840
509523.660800,6944445.571000,8.894322,845
509523.660800,6944445.571000,8.834201,850
509523.660800,6944445.571000,8.774081,855
509523.660800,6944445.571000,8.713960,860
509523.660800,6944445.571000,8.653840,865
509523.660800,6944445.571000,8.593719,870
509523.660800,6944445.571000,8.533599,875
509523.660800,6944445.571000,8.473537,880
509523.660800,6944445.571000,8.413549,885
509523.660800,6944445.571000,8.353562,890
509523.660800,6944445.571000,8.293574,895
509523.660800,6944445.571000,8.233587,900
509523.660800,6944445.571000,8.173599,905
509523.660800,6944445.571000,8.113611,910
509523.660800,6944445.571000,8.053624,915
509523.660800,6944445.571000,7.993805,920
509523.660800,6944445.571000,7.935402,925
509523.660800,6944445.571000,7.877000,930
509523.660800,6944445.571000,7.818598,935
509523.660800,6944445.571000,7.760196,940
509523.660800,6944445.571000,7.701794,945
509523.660800,6944445.571000,7.643391,950
509523.660800,6944445.571000,7.584989,955
509523.660800,6944445.571000,7.526587,960
509523.660800,6944445.571000,7.467756,965
509523.660800,6944445.571000,7.408566,970
509523.660800,6944445.571000,7.349376,975
509523.660800,6944445.571000,7.290186,980
509523.660800,6944445.571000,7.230997,985
509523.660800,6944445.571000,7.171807,990
509523.660800,6944445.571000,7.112617,995
509523.660800,6944445.571000,7.053427,1000
509523.660800,6944445.571000,6.985918,1005
509523.660800,6944445.571000,6.841275,1010
509523.660800,6944445.571000,6.696632,1015
509523.660800,6944445.571000,6.551989,1020
509523.660800,6944445.571000,6.231391,1025
509523.660800,6944445.571000,5.628999,1030
509523.738100,6944445.626000,13.500000,605
509523.741600,6944445.629000,17.500000,555
509523.753700,6944445.638000,22.000000,510
509523.804900,6944445.674000,30.000000,335
509523.811800,6944445.679000,21.500000,515
509523.843000,6944445.702000,18.000000,550
509523.850600,6944445.707000,29.500000,360
509523.853900,6944445.709000,14.000000,595
509523.858100,6944445.712000,12.500000,635
509523.900300,6944445.743000,21.000000,520
509523.909500,6944445.749000,30.500000,310
509523.930900,6944445.765000,18.500000,545
509523.937700,6944445.769000,20.500000,525
509523.943400,6944445.773000,12.000000,655
509523.964300,6944445.788000,19.000000,540
509523.973400,6944445.795000,20.000000,530
509523.988800,6944445.806000,19.500000,535
509524.021500,6944445.829000,13.000000,620
509524.039200,6944445.842000,9.500000,800
509524.067400,6944445.862000,32.197662,260
509524.067400,6944445.862000,33.395274,260
509524.067400,6944445.862000,31.863976,265
509524.067400,6944445.862000,33.972277,265
509524.067400,6944445.862000,31.557480,270
509524.067400,6944445.862000,34.489900,270
509524.067400,6944445.862000,31.395011,275
509524.067400,6944445.862000,31.265788,280
509524.067400,6944445.862000,31.136565,285
509524.067400,6944445.862000,31.007342,290
509524.067400,6944445.862000,30.878128,295
509524.067400,6944445.862000,30.748915,300
509524.067400,6944445.862000,30.619702,305
509524.067400,6944445.862000,30.492602,310
509524.067400,6944445.862000,30.392105,315
509524.067400,6944445.862000,30.291607,320
509524.067400,6944445.862000,30.191109,325
509524.067400,6944445.862000,30.090612,330
509524.067400,6944445.862000,29.990215,335
509524.067400,6944445.862000,29.890751,340
509524.067400,6944445.862000,29.791286,345
509524.067400,6944445.862000,29.691822,350
509524.067400,6944445.862000,29.592357,355
509524.067400,6944445.862000,29.492277,360
509524.067400,6944445.862000,29.384210,365
509524.067400,6944445.862000,29.276143,370
509524.067400,6944445.862000,29.168076,375
509524.067400,6944445.862000,29.060009,380
509524.067400,6944445.862000,28.373698,410
509524.067400,6944445.862000,28.234886,415
509524.067400,6944445.862000,28.096073,420
509524.067400,6944445.862000,27.470067,440
509524.067400,6944445.862000,27.266601,445
509524.067400,6944445.862000,27.063135,450
509524.067400,6944445.862000,26.229246,465
509524.067400,6944445.862000,25.869128,470
509524.067400,6944445.862000,25.424304,475
509524.067400,6944445.862000,24.924741,480
509524.067400,6944445.862000,24.353144,485
509524.067400,6944445.862000,23.782362,490
509524.067400,6944445.862000,23.237659,495
509524.067400,6944445.862000,22.722269,500
509524.067400,6944445.862000,22.243112,505
509524.067400,6944445.862000,21.773801,510
509524.067400,6944445.862000,21.308901,515
509524.067400,6944445.862000,20.854591,520
509524.067400,6944445.862000,20.382389,525
509524.067400,6944445.862000,19.910046,530
509524.067400,6944445.862000,19.421058,535
509524.067400,6944445.862000,18.898851,540
509524.067400,6944445.862000,18.366092,545
509524.067400,6944445.862000,17.795188,550
509524.067400,6944445.862000,17.228920,555
509524.067400,6944445.862000,16.643680,560
509524.067400,6944445.862000,16.141232,565
509524.067400,6944445.862000,15.660761,570
509524.067400,6944445.862000,15.247553,575
509524.067400,6944445.862000,14.875500,580
509524.067400,6944445.862000,14.514531,585
509524.067400,6944445.862000,14.260657,590
509524.067400,6944445.862000,14.011274,595
509524.067400,6944445.862000,13.773832,600
509524.067400,6944445.862000,13.536955,605
509524.067400,6944445.862000,13.353059,610
509524.067400,6944445.862000,13.178956,615
509524.067400,6944445.862000,13.004853,620
509524.067400,6944445.862000,12.844789,625
509524.067400,6944445.862000,12.685129,630
509524.067400,6944445.862000,12.525468,635
509524.067400,6944445.862000,12.393569,640
509524.067400,6944445.862000,12.266940,645
509524.067400,6944445.862000,12.140310,650
509524.067400,6944445.862000,12.013680,655
509524.067400,6944445.862000,11.454673,680
509524.067400,6944445.862000,11.357070,685
509524.067400,6944445.862000,11.259467,690
509524.067400,6944445.862000,11.161865,695
509524.067400,6944445.862000,11.064262,700
509524.067400,6944445.862000,10.970781,705
509524.067400,6944445.862000,10.460744,735
509524.067400,6944445.862000,10.381608,740
509524.067400,6944445.862000,10.302473,745
509524.067400,6944445.862000,10.223337,750
509524.067400,6944445.862000,10.144202,755
509524.067400,6944445.862000,10.065067,760
509524.067400,6944445.862000,9.987647,765
509524.067400,6944445.862000,9.501252,800
509524.067400,6944445.862000,9.433737,805
509524.067400,6944445.862000,9.366258,810
509524.067400,6944445.862000,9.298779,815
509524.067400,6944445.862000,9.231301,820
509524.067400,6944445.862000,9.163822,825
509524.067400,6944445.862000,9.096343,830
509524.067400,6944445.862000,9.028865,835
509524.067400,6944445.862000,8.478019,880
509524.067400,6944445.862000,8.417247,885
509524.067400,6944445.862000,8.356476,890
509524.067400,6944445.862000,8.295704,895
509524.067400,6944445.862000,8.234933,900
509524.067400,6944445.862000,8.174161,905
509524.067400,6944445.862000,8.113389,910
509524.067400,6944445.862000,8.052618,915
509524.067400,6944445.862000,7.992046,920
509524.067400,6944445.862000,7.932765,925
509524.067400,6944445.862000,7.873483,930
509524.067400,6944445.862000,7.814202,935
509524.067400,6944445.862000,7.754920,940
509524.067400,6944445.862000,7.695639,945
509524.067400,6944445.862000,7.636357,950
509524.067400,6944445.862000,7.577076,955
509524.067400,6944445.862000,7.517794,960
509524.067400,6944445.862000,7.458211,965
509524.067400,6944445.862000,7.398498,970
509524.067400,6944445.862000,7.338785,975
509524.067400,6944445.862000,7.279072,980
509524.067400,6944445.862000,7.219359,985
509524.067400,6944445.862000,7.159646,990
509524.067400,6944445.862000,7.099933,995
509524.067400,6944445.862000,7.040220,1000
509524.067400,6944445.862000,6.954650,1005
509524.067400,6944445.862000,6.815730,1010
509524.067400,6944445.862000,6.676809,1015
509524.067400,6944445.862000,6.537889,1020
509524.067400,6944445.862000,6.203849,1025
509524.067400,6944445.862000,5.596826,1030
509524.067400,6944445.862000,28.620195,405
509524.067400,6944445.862000,8.843357,855
509524.076500,6944445.869000,5.500000,1030
509524.102800,6944445.888000,5.000000,1030
509524.104300,6944445.889000,34.500000,270
509524.109900,6944445.893000,6.000000,1025
509524.152800,6944445.923000,5.500000,1025
509524.161400,6944445.929000,34.000000,265
509524.174700,6944445.939000,5.000000,1025
509524.195000,6944445.953000,6.000000,1020
509524.205300,6944445.961000,31.000000,290
509524.229100,6944445.978000,5.500000,1020
509524.246500,6944445.990000,5.000000,1020
509524.280000,6944446.014000,6.000000,1015
509524.291900,6944446.023000,10.000000,765
509524.305400,6944446.033000,5.500000,1015
509524.305700,6944446.033000,16.500000,560
509524.318400,6944446.042000,5.000000,1015
509524.360300,6944446.072000,33.500000,260
509524.365000,6944446.075000,6.000000,1010
509524.381700,6944446.087000,5.500000,1010
509524.390200,6944446.093000,5.000000,1010
509524.399900,6944446.100000,17.000000,555
509524.401700,6944446.101000,17.500000,550
509524.430900,6944446.122000,21.500000,510
509524.431000,6944446.122000,11.000000,705
509524.440900,6944446.130000,16.000000,565
509524.443700,6944446.132000,22.000000,505
509524.447300,6944446.134000,22.500000,500
509524.447400,6944446.134000,21.000000,515
509524.450000,6944446.136000,6.000000,1005
509524.458100,6944446.142000,5.500000,1005
509524.462100,6944446.145000,5.000000,1005
509524.466100,6944446.148000,32.500000,255
509524.467800,6944446.149000,18.000000,545
509524.472100,6944446.152000,20.500000,520
509524.473900,6944446.153000,32.506748,255
509524.473900,6944446.153000,32.498943,255
509524.473900,6944446.153000,32.140771,260
509524.473900,6944446.153000,33.534740,260
509524.473900,6944446.153000,31.813799,265
509524.473900,6944446.153000,34.084643,265
509524.473900,6944446.153000,31.507030,270
509524.473900,6944446.153000,31.373645,275
509524.473900,6944446.153000,31.244327,280
509524.473900,6944446.153000,31.115009,285
509524.473900,6944446.153000,30.985736,290
509524.473900,6944446.153000,30.856820,295
509524.473900,6944446.153000,30.727905,300
509524.473900,6944446.153000,30.598989,305
509524.473900,6944446.153000,30.476694,310
509524.473900,6944446.153000,30.376298,315
509524.473900,6944446.153000,30.275903,320
509524.473900,6944446.153000,30.175507,325
509524.473900,6944446.153000,30.075112,330
509524.473900,6944446.153000,29.975041,335
509524.473900,6944446.153000,29.875938,340
509524.473900,6944446.153000,29.776835,345
509524.473900,6944446.153000,29.677732,350
509524.473900,6944446.153000,29.578629,355
509524.473900,6944446.153000,29.477835,360
509524.473900,6944446.153000,29.370550,365
509524.473900,6944446.153000,29.263265,370
509524.473900,6944446.153000,29.155980,375
509524.473900,6944446.153000,29.048695,380
509524.473900,6944446.153000,28.940283,385
509524.473900,6944446.153000,28.830933,390
509524.473900,6944446.153000,28.721584,395
509524.473900,6944446.153000,28.612235,400
509524.473900,6944446.153000,28.502885,405
509524.473900,6944446.153000,28.366275,410
509524.473900,6944446.153000,28.228925,415
509524.473900,6944446.153000,28.091575,420
509524.473900,6944446.153000,27.947921,425
509524.473900,6944446.153000,27.791655,430
509524.473900,6944446.153000,27.635389,435
509524.473900,6944446.153000,27.473099,440
509524.473900,6944446.153000,27.271749,445
509524.473900,6944446.153000,27.070398,450
509524.473900,6944446.153000,26.826799,455
509524.473900,6944446.153000,26.560488,460
509524.473900,6944446.153000,26.245972,465
509524.473900,6944446.153000,25.887482,470
509524.473900,6944446.153000,25.431520,475
509524.473900,6944446.153000,24.902572,480
509524.473900,6944446.153000,24.283460,485
509524.473900,6944446.153000,23.656932,490
509524.473900,6944446.153000,23.058225,495
509524.473900,6944446.153000,22.484302,500
509524.473900,6944446.153000,21.978212,505
509524.473900,6944446.153000,21.466815,510
509524.473900,6944446.153000,20.976880,515
509524.473900,6944446.153000,20.498295,520
509524.473900,6944446.153000,20.004216,525
509524.473900,6944446.153000,19.520974,530
509524.473900,6944446.153000,19.019097,535
509524.473900,6944446.153000,18.501040,540
509524.473900,6944446.153000,17.994484,545
509524.473900,6944446.153000,17.445173,550
509524.473900,6944446.153000,16.950873,555
509524.473900,6944446.153000,16.426099,560
509524.473900,6944446.153000,15.987420,565
509524.473900,6944446.153000,15.512261,570
509524.473900,6944446.153000,15.178950,575
509524.473900,6944446.153000,14.846997,580
509524.473900,6944446.153000,14.512195,585
509524.473900,6944446.153000,14.270868,590
509524.473900,6944446.153000,14.033074,595
509524.473900,6944446.153000,13.804689,600
509524.473900,6944446.153000,13.577823,605
509524.473900,6944446.153000,13.388356,610
509524.473900,6944446.153000,13.218415,615
509524.473900,6944446.153000,13.048475,620
509524.473900,6944446.153000,12.888194,625
509524.473900,6944446.153000,12.731768,630
509524.473900,6944446.153000,12.575342,635
509524.473900,6944446.153000,12.434955,640
509524.473900,6944446.153000,12.309470,645
509524.473900,6944446.153000,12.183986,650
509524.473900,6944446.153000,12.058502,655
509524.473900,6944446.153000,11.940046,660
509524.473900,6944446.153000,11.827729,665
509524.473900,6944446.153000,11.715412,670
509524.473900,6944446.153000,11.603095,675
509524.473900,6944446.153000,11.491985,680
509524.473900,6944446.153000,11.394377,685
509524.473900,6944446.153000,11.296768,690
509524.473900,6944446.153000,11.199159,695
509524.473900,6944446.153000,11.101550,700
509524.473900,6944446.153000,11.003942,705
509524.473900,6944446.153000,10.917615,710
509524.473900,6944446.153000,10.831762,715
509524.473900,6944446.153000,10.745910,720
509524.473900,6944446.153000,10.660058,725
509524.473900,6944446.153000,10.574205,730
509524.473900,6944446.153000,10.489199,735
509524.473900,6944446.153000,10.409579,740
509524.473900,6944446.153000,10.329959,745
509524.473900,6944446.153000,10.250339,750
509524.473900,6944446.153000,10.170719,755
509524.473900,6944446.153000,10.091100,760
509524.473900,6944446.153000,10.011480,765
509524.473900,6944446.153000,9.939979,770
509524.473900,6944446.153000,9.869847,775
509524.473900,6944446.153000,9.799714,780
509524.473900,6944446.153000,9.729581,785
509524.473900,6944446.153000,9.659449,790
509524.473900,6944446.153000,9.589316,795
509524.473900,6944446.153000,9.519184,800
509524.473900,6944446.153000,9.450480,805
509524.473900,6944446.153000,9.382314,810
509524.473900,6944446.153000,9.314149,815
509524.473900,6944446.153000,9.245983,820
509524.473900,6944446.153000,9.177818,825
509524.473900,6944446.153000,9.109652,830
509524.473900,6944446.153000,9.041487,835
509524.473900,6944446.153000,8.975862,840
509524.473900,6944446.153000,8.914188,845
509524.473900,6944446.153000,8.852514,850
509524.473900,6944446.153000,8.790839,855
509524.473900,6944446.153000,8.729165,860
509524.473900,6944446.153000,8.667491,865
509524.473900,6944446.153000,8.605817,870
509524.473900,6944446.153000,8.544143,875
509524.473900,6944446.153000,8.482503,880
509524.473900,6944446.153000,8.420947,885
509524.473900,6944446.153000,8.359392,890
509524.473900,6944446.153000,8.297836,895
509524.473900,6944446.153000,8.236281,900
509524.473900,6944446.153000,8.174725,905
509524.473900,6944446.153000,8.113170,910
509524.473900,6944446.153000,8.051614,915
509524.473900,6944446.153000,7.990284,920
509524.473900,6944446.153000,7.930124,925
509524.473900,6944446.153000,7.869963,930
509524.473900,6944446.153000,7.809803,935
509524.473900,6944446.153000,7.749643,940
509524.473900,6944446.153000,7.689482,945
509524.473900,6944446.153000,7.629322,950
509524.473900,6944446.153000,7.569162,955
509524.473900,6944446.153000,7.509001,960
509524.473900,6944446.153000,7.448692,965
509524.473900,6944446.153000,7.388356,970
509524.473900,6944446.153000,7.328020,975
509524.473900,6944446.153000,7.267684,980
509524.473900,6944446.153000,7.207348,985
509524.473900,6944446.153000,7.147012,990
509524.473900,6944446.153000,7.086676,995
509524.473900,6944446.153000,7.026340,1000
509524.473900,6944446.153000,6.924833,1005
509524.473900,6944446.153000,6.040549,1005
509524.473900,6944446.153000,6.791428,1010
509524.473900,6944446.153000,6.184824,1010
509524.473900,6944446.153000,6.658024,1015
509524.473900,6944446.153000,6.329100,1015
509524.473900,6944446.153000,6.524619,1020
509524.473900,6944446.153000,6.473375,1020
509524.475200,6944446.154000,18.500000,540
509524.479300,6944446.157000,20.000000,525
509524.495500,6944446.169000,6.500000,1020
509524.496600,6944446.169000,19.000000,535
509524.499600,6944446.172000,19.500000,530
509524.543000,6944446.203000,15.500000,570
509524.550000,6944446.208000,31.500000,270
509524.552800,6944446.210000,28.500000,405
509524.575600,6944446.226000,11.500000,680
509524.606600,6944446.248000,23.000000,495
509524.612200,6944446.252000,6.500000,1015
509524.666800,6944446.291000,10.500000,735
509524.718300,6944446.328000,7.500000,960
509524.728900,6944446.336000,6.500000,1010
509524.845500,6944446.419000,6.500000,1005
509524.880500,6944446.444000,32.961315,255
509524.880500,6944446.444000,32.473102,255
509524.880500,6944446.444000,32.076633,260
509524.880500,6944446.444000,33.676059,260
509524.880500,6944446.444000,31.763730,265
509524.880500,6944446.444000,34.230253,265
509524.880500,6944446.444000,31.486816,270
509524.880500,6944446.444000,31.354356,275
509524.880500,6944446.444000,31.221896,280
509524.880500,6944446.444000,31.089436,285
509524.880500,6944446.444000,30.958328,290
509524.880500,6944446.444000,30.830031,295
509524.880500,6944446.444000,30.701734,300
509524.880500,6944446.444000,30.573437,305
509524.880500,6944446.444000,30.456904,310
509524.880500,6944446.444000,30.356118,315
509524.880500,6944446.444000,30.255332,320
509524.880500,6944446.444000,30.154545,325
509524.880500,6944446.444000,30.053759,330
509524.880500,6944446.444000,29.953860,335
509524.880500,6944446.444000,29.854973,340
509524.880500,6944446.444000,29.756087,345
509524.880500,6944446.444000,29.657200,350
509524.880500,6944446.444000,29.558314,355
509524.880500,6944446.444000,29.456283,360
509524.880500,6944446.444000,29.349732,365
509524.880500,6944446.444000,29.243181,370
509524.880500,6944446.444000,29.136630,375
509524.880500,6944446.444000,29.030079,380
509524.880500,6944446.444000,28.922125,385
509524.880500,6944446.444000,28.813619,390
509524.880500,6944446.444000,28.705113,395
509524.880500,6944446.444000,28.596608,400
509524.880500,6944446.444000,28.485120,405
509524.880500,6944446.444000,28.349425,410
509524.880500,6944446.444000,28.213730,415
509524.880500,6944446.444000,28.078035,420
509524.880500,6944446.444000,27.934492,425
509524.880500,6944446.444000,27.780326,430
509524.880500,6944446.444000,27.626161,435
509524.880500,6944446.444000,27.463923,440
509524.880500,6944446.444000,27.265319,445
509524.880500,6944446.444000,27.066715,450
509524.880500,6944446.444000,26.825244,455
509524.880500,6944446.444000,26.562089,460
509524.880500,6944446.444000,26.249027,465
509524.880500,6944446.444000,25.890288,470
509524.880500,6944446.444000,25.425345,475
509524.880500,6944446.444000,24.868481,480
509524.880500,6944446.444000,24.210397,485
509524.880500,6944446.444000,23.529146,490
509524.880500,6944446.444000,22.875957,495
509524.880500,6944446.444000,22.281069,500
509524.880500,6944446.444000,21.722431,505
509524.880500,6944446.444000,21.193049,510
509524.880500,6944446.444000,20.679646,515
509524.880500,6944446.444000,20.176932,520
509524.880500,6944446.444000,19.677920,525
509524.880500,6944446.444000,19.178022,530
509524.880500,6944446.444000,18.676731,535
509524.880500,6944446.444000,18.173151,540
509524.880500,6944446.444000,17.667409,545
509524.880500,6944446.444000,17.175422,550
509524.880500,6944446.444000,16.704578,555
509524.880500,6944446.444000,16.264268,560
509524.880500,6944446.444000,15.850038,565
509524.880500,6944446.444000,15.459662,570
509524.880500,6944446.444000,15.139708,575
509524.880500,6944446.444000,14.824522,580
509524.880500,6944446.444000,14.513031,585
509524.880500,6944446.444000,14.281524,590
509524.880500,6944446.444000,14.053509,595
509524.880500,6944446.444000,13.831699,600
509524.880500,6944446.444000,13.611792,605
509524.880500,6944446.444000,13.418460,610
509524.880500,6944446.444000,13.252607,615
509524.880500,6944446.444000,13.086754,620
509524.880500,6944446.444000,12.926644,625
509524.880500,6944446.444000,12.772832,630
509524.880500,6944446.444000,12.619021,635
509524.880500,6944446.444000,12.471767,640
509524.880500,6944446.444000,12.346950,645
509524.880500,6944446.444000,12.222132,650
509524.880500,6944446.444000,12.097315,655
509524.880500,6944446.444000,11.975335,660
509524.880500,6944446.444000,11.863396,665
509524.880500,6944446.444000,11.751457,670
509524.880500,6944446.444000,11.639518,675
509524.880500,6944446.444000,11.527580,680
509524.880500,6944446.444000,11.426246,685
509524.880500,6944446.444000,11.328379,690
509524.880500,6944446.444000,11.230512,695
509524.880500,6944446.444000,11.132645,700
509524.880500,6944446.444000,11.034779,705
509524.880500,6944446.444000,10.944381,710
509524.880500,6944446.444000,10.858100,715
509524.880500,6944446.444000,10.771820,720
509524.880500,6944446.444000,10.685539,725
509524.880500,6944446.444000,10.599258,730
509524.880500,6944446.444000,10.512978,735
509524.880500,6944446.444000,10.431839,740
509524.880500,6944446.444000,10.351610,745
509524.880500,6944446.444000,10.271381,750
509524.880500,6944446.444000,10.191152,755
509524.880500,6944446.444000,10.110924,760
509524.880500,6944446.444000,10.030695,765
509524.880500,6944446.444000,9.956263,770
509524.880500,6944446.444000,9.885422,775
509524.880500,6944446.444000,9.814582,780
509524.880500,6944446.444000,9.743741,785
509524.880500,6944446.444000,9.672901,790
509524.880500,6944446.444000,9.602061,795
509524.880500,6944446.444000,9.531220,800
509524.880500,6944446.444000,9.461455,805
509524.880500,6944446.444000,9.392537,810
509524.880500,6944446.444000,9.323618,815
509524.880500,6944446.444000,9.254700,820
509524.880500,6944446.444000,9.185782,825
509524.880500,6944446.444000,9.116864,830
509524.880500,6944446.444000,9.047945,835
509524.880500,6944446.444000,8.980984,840
509524.880500,6944446.444000,8.918496,845
509524.880500,6944446.444000,8.856008,850
509524.880500,6944446.444000,8.793520,855
509524.880500,6944446.444000,8.731032,860
509524.880500,6944446.444000,8.668544,865
509524.880500,6944446.444000,8.606056,870
509524.880500,6944446.444000,8.543568,875
509524.880500,6944446.444000,8.481116,880
509524.880500,6944446.444000,8.418748,885
509524.880500,6944446.444000,8.356379,890
509524.880500,6944446.444000,8.294011,895
509524.880500,6944446.444000,8.231642,900
509524.880500,6944446.444000,8.169274,905
509524.880500,6944446.444000,8.106906,910
509524.880500,6944446.444000,8.044537,915
509524.880500,6944446.444000,7.982538,920
509524.880500,6944446.444000,7.921463,925
509524.880500,6944446.444000,7.860387,930
509524.880500,6944446.444000,7.799312,935
509524.880500,6944446.444000,7.738237,940
509524.880500,6944446.444000,7.677161,945
509524.880500,6944446.444000,7.616086,950
509524.880500,6944446.444000,7.555010,955
509524.880500,6944446.444000,7.493938,960
509524.880500,6944446.444000,7.432899,965
509524.880500,6944446.444000,7.371859,970
509524.880500,6944446.444000,7.310820,975
509524.880500,6944446.444000,7.249780,980
509524.880500,6944446.444000,7.188741,985
509524.880500,6944446.444000,7.127701,990
509524.880500,6944446.444000,7.066662,995
509524.880500,6944446.444000,7.005622,1000
509524.886700,6944446.449000,33.000000,255
509524.924500,6944446.476000,7.000000,1000
509524.989100,6944446.522000,23.500000,490
509525.090500,6944446.594000,32.000000,260
509525.108200,6944446.607000,29.000000,380
509525.287100,6944446.735000,33.271311,255
509525.287100,6944446.735000,32.372344,255
509525.287100,6944446.735000,31.946480,260
509525.287100,6944446.735000,33.923669,260
509525.287100,6944446.735000,31.650824,265
509525.287100,6944446.735000,34.478340,265
509525.287100,6944446.735000,31.434359,270
509525.287100,6944446.735000,31.300362,275
509525.287100,6944446.735000,31.166365,280
509525.287100,6944446.735000,31.032367,285
509525.287100,6944446.735000,30.901185,290
509525.287100,6944446.735000,30.770900,295
509525.287100,6944446.735000,30.640614,300
509525.287100,6944446.735000,30.510328,305
509525.287100,6944446.735000,30.407062,310
509525.287100,6944446.735000,30.306122,315
509525.287100,6944446.735000,30.205182,320
509525.287100,6944446.735000,30.104242,325
509525.287100,6944446.735000,30.003303,330
509525.287100,6944446.735000,29.903820,335
509525.287100,6944446.735000,29.804387,340
509525.287100,6944446.735000,29.704954,345
509525.287100,6944446.735000,29.605521,350
509525.287100,6944446.735000,29.506088,355
509525.287100,6944446.735000,29.400491,360
509525.287100,6944446.735000,29.294492,365
509525.287100,6944446.735000,29.188492,370
509525.287100,6944446.735000,29.082493,375
509525.287100,6944446.735000,28.976059,380
509525.287100,6944446.735000,28.868096,385
509525.287100,6944446.735000,28.760133,390
509525.287100,6944446.735000,28.652170,395
509525.287100,6944446.735000,28.544208,400
509525.287100,6944446.735000,28.421247,405
509525.287100,6944446.735000,28.287887,410
509525.287100,6944446.735000,28.154527,415
509525.287100,6944446.735000,28.021167,420
509525.287100,6944446.735000,27.396761,440
509525.287100,6944446.735000,27.203636,445
509525.287100,6944446.735000,27.010511,450
509525.287100,6944446.735000,26.759050,455
509525.287100,6944446.735000,26.504231,460
509525.287100,6944446.735000,26.187869,465
509525.287100,6944446.735000,25.819455,470
509525.287100,6944446.735000,25.351275,475
509525.287100,6944446.735000,24.783429,480
509525.287100,6944446.735000,24.122695,485
509525.287100,6944446.735000,23.420814,490
509525.287100,6944446.735000,22.759453,495
509525.287100,6944446.735000,22.146142,500
509525.287100,6944446.735000,21.578478,505
509525.287100,6944446.735000,21.041614,510
509525.287100,6944446.735000,20.528454,515
509525.287100,6944446.735000,20.026010,520
509525.287100,6944446.735000,19.532702,525
509525.287100,6944446.735000,19.039474,530
509525.287100,6944446.735000,18.550168,535
509525.287100,6944446.735000,18.059323,540
509525.287100,6944446.735000,17.574231,545
509525.287100,6944446.735000,17.103385,550
509525.287100,6944446.735000,16.647149,555
509525.287100,6944446.735000,16.226485,560
509525.287100,6944446.735000,15.828977,565
509525.287100,6944446.735000,15.452445,570
509525.287100,6944446.735000,15.138769,575
509525.287100,6944446.735000,14.831106,580
509525.287100,6944446.735000,14.528212,585
509525.287100,6944446.735000,14.294599,590
509525.287100,6944446.735000,14.068102,595
509525.287100,6944446.735000,13.433371,610
509525.287100,6944446.735000,13.267955,615
509525.287100,6944446.735000,13.102540,620
509525.287100,6944446.735000,12.483880,640
509525.287100,6944446.735000,12.358541,645
509525.287100,6944446.735000,12.233202,650
509525.287100,6944446.735000,12.107863,655
509525.287100,6944446.735000,11.430663,685
509525.287100,6944446.735000,11.331910,690
509525.287100,6944446.735000,11.233158,695
509525.287100,6944446.735000,11.134405,700
509525.287100,6944446.735000,11.035653,705
509525.287100,6944446.735000,10.426259,740
509525.287100,6944446.735000,10.345036,745
509525.287100,6944446.735000,10.263813,750
509525.287100,6944446.735000,10.182591,755
509525.287100,6944446.735000,10.101368,760
509525.287100,6944446.735000,10.020146,765
509525.287100,6944446.735000,9.514961,800
509525.287100,6944446.735000,9.444637,805
509525.287100,6944446.735000,9.374710,810
509525.287100,6944446.735000,9.304784,815
509525.287100,6944446.735000,9.234857,820
509525.287100,6944446.735000,9.164931,825
509525.287100,6944446.735000,9.095005,830
509525.287100,6944446.735000,9.025078,835
509525.287100,6944446.735000,8.514926,875
509525.287100,6944446.735000,8.451557,880
509525.287100,6944446.735000,8.388223,885
509525.287100,6944446.735000,8.324889,890
509525.287100,6944446.735000,8.261555,895
509525.287100,6944446.735000,8.198221,900
509525.287100,6944446.735000,8.134887,905
509525.287100,6944446.735000,8.071553,910
509525.287100,6944446.735000,8.008218,915
509525.287100,6944446.735000,7.945916,920
509525.287100,6944446.735000,7.883766,925
509525.287100,6944446.735000,7.821617,930
509525.287100,6944446.735000,7.759468,935
509525.287100,6944446.735000,7.697319,940
509525.287100,6944446.735000,7.635170,945
509525.287100,6944446.735000,7.573021,950
509525.287100,6944446.735000,7.510872,955
509525.287100,6944446.735000,7.448850,960
509525.287100,6944446.735000,7.386854,965
509525.287100,6944446.735000,7.324859,970
509525.287100,6944446.735000,7.262863,975
509525.287100,6944446.735000,7.200868,980
509525.287100,6944446.735000,7.138872,985
509525.287100,6944446.735000,7.076877,990
509525.287100,6944446.735000,7.014881,995
509525.287100,6944446.735000,6.767735,1000
509525.287100,6944446.735000,13.847743,605
509525.287100,6944446.735000,8.832326,855
509525.301500,6944446.746000,5.000000,1005
509525.307000,6944446.749000,5.500000,1005
509525.314000,6944446.754000,30.000000,330
509525.315900,6944446.756000,26.500000,460
509525.319300,6944446.758000,6.000000,1005
509525.325100,6944446.762000,34.500000,265
509525.334700,6944446.769000,29.500000,355
509525.359000,6944446.787000,30.500000,305
509525.359900,6944446.787000,27.000000,450
509525.363300,6944446.790000,20.000000,520
509525.370800,6944446.795000,6.500000,1005
509525.370800,6944446.795000,20.500000,515
509525.380600,6944446.802000,8.000000,915
509525.386500,6944446.806000,19.500000,525
509525.388400,6944446.808000,7.500000,955
509525.403700,6944446.819000,7.000000,995
509525.407000,6944446.821000,34.000000,260
509525.407300,6944446.821000,21.000000,510
509525.412300,6944446.825000,19.000000,530
509525.436200,6944446.842000,28.000000,420
509525.460200,6944446.859000,18.500000,535
509525.500600,6944446.888000,8.500000,875
509525.514800,6944446.898000,18.000000,540
509525.518700,6944446.901000,31.000000,285
509525.522300,6944446.904000,21.500000,505
509525.596200,6944446.956000,33.500000,255
509525.627200,6944446.979000,17.500000,545
509525.630200,6944446.981000,28.500000,400
509525.661600,6944447.003000,9.500000,800
509525.693700,6944447.026000,33.561583,255
509525.693700,6944447.026000,32.163744,255
509525.693700,6944447.026000,31.828549,260
509525.693700,6944447.026000,34.162362,260
509525.693700,6944447.026000,31.516398,265
509525.693700,6944447.026000,31.374173,270
509525.693700,6944447.026000,31.241370,275
509525.693700,6944447.026000,31.108566,280
509525.693700,6944447.026000,30.976071,285
509525.693700,6944447.026000,30.844957,290
509525.693700,6944447.026000,30.713843,295
509525.693700,6944447.026000,30.582728,300
509525.693700,6944447.026000,30.462394,305
509525.693700,6944447.026000,30.360492,310
509525.693700,6944447.026000,30.258590,315
509525.693700,6944447.026000,30.156687,320
509525.693700,6944447.026000,30.054785,325
509525.693700,6944447.026000,29.953763,330
509525.693700,6944447.026000,29.853765,335
509525.693700,6944447.026000,29.753767,340
509525.693700,6944447.026000,29.653769,345
509525.693700,6944447.026000,29.553771,350
509525.693700,6944447.026000,29.451147,355
509525.693700,6944447.026000,29.345469,360
509525.693700,6944447.026000,29.239790,365
509525.693700,6944447.026000,29.134112,370
509525.693700,6944447.026000,29.028433,375
509525.693700,6944447.026000,28.921491,380
509525.693700,6944447.026000,28.814084,385
509525.693700,6944447.026000,28.706677,390
509525.693700,6944447.026000,28.599270,395
509525.693700,6944447.026000,28.490035,400
509525.693700,6944447.026000,28.358508,405
509525.693700,6944447.026000,28.226982,410
509525.693700,6944447.026000,28.095455,415
509525.693700,6944447.026000,27.959342,420
509525.693700,6944447.026000,27.514591,435
509525.693700,6944447.026000,27.330025,440
509525.693700,6944447.026000,27.141495,445
509525.693700,6944447.026000,26.938609,450
509525.693700,6944447.026000,26.692539,455
509525.693700,6944447.026000,26.434291,460
509525.693700,6944447.026000,26.132242,465
509525.693700,6944447.026000,25.752845,470
509525.693700,6944447.026000,25.277061,475
509525.693700,6944447.026000,24.703804,480
509525.693700,6944447.026000,24.037351,485
509525.693700,6944447.026000,23.315220,490
509525.693700,6944447.026000,22.637856,495
509525.693700,6944447.026000,22.003441,500
509525.693700,6944447.026000,21.444129,505
509525.693700,6944447.026000,20.904284,510
509525.693700,6944447.026000,20.391597,515
509525.693700,6944447.026000,19.889799,520
509525.693700,6944447.026000,19.399959,525
509525.693700,6944447.026000,18.913637,530
509525.693700,6944447.026000,18.433680,535
509525.693700,6944447.026000,17.955445,540
509525.693700,6944447.026000,17.486421,545
509525.693700,6944447.026000,17.033049,550
509525.693700,6944447.026000,16.588336,555
509525.693700,6944447.026000,16.189272,560
509525.693700,6944447.026000,15.807924,565
509525.693700,6944447.026000,15.444974,570
509525.693700,6944447.026000,15.137756,575
509525.693700,6944447.026000,14.837361,580
509525.693700,6944447.026000,14.542513,585
509525.693700,6944447.026000,14.307580,590
509525.693700,6944447.026000,14.082743,595
509525.693700,6944447.026000,13.448471,610
509525.693700,6944447.026000,13.283395,615
509525.693700,6944447.026000,13.118319,620
509525.693700,6944447.026000,12.956454,625
509525.693700,6944447.026000,12.802715,630
509525.693700,6944447.026000,12.648976,635
509525.693700,6944447.026000,12.496100,640
509525.693700,6944447.026000,12.370200,645
509525.693700,6944447.026000,12.244300,650
509525.693700,6944447.026000,12.118400,655
509525.693700,6944447.026000,11.993244,660
509525.693700,6944447.026000,11.435100,685
509525.693700,6944447.026000,11.335457,690
509525.693700,6944447.026000,11.235814,695
509525.693700,6944447.026000,11.136170,700
509525.693700,6944447.026000,11.036527,705
509525.693700,6944447.026000,10.503094,735
509525.693700,6944447.026000,10.420675,740
509525.693700,6944447.026000,10.338466,745
509525.693700,6944447.026000,10.256257,750
509525.693700,6944447.026000,10.174048,755
509525.693700,6944447.026000,10.091840,760
509525.693700,6944447.026000,10.009631,765
509525.693700,6944447.026000,9.498736,800
509525.693700,6944447.026000,9.427812,805
509525.693700,6944447.026000,9.356887,810
509525.693700,6944447.026000,9.285963,815
509525.693700,6944447.026000,9.215039,820
509525.693700,6944447.026000,9.144115,825
509525.693700,6944447.026000,9.073191,830
509525.693700,6944447.026000,9.002267,835
509525.693700,6944447.026000,8.937588,840
509525.693700,6944447.026000,8.873116,845
509525.693700,6944447.026000,8.808644,850
509525.693700,6944447.026000,8.744172,855
509525.693700,6944447.026000,8.679700,860
509525.693700,6944447.026000,8.615228,865
509525.693700,6944447.026000,8.550756,870
509525.693700,6944447.026000,8.486324,875
509525.693700,6944447.026000,8.422039,880
509525.693700,6944447.026000,8.357755,885
509525.693700,6944447.026000,8.293471,890
509525.693700,6944447.026000,8.229186,895
509525.693700,6944447.026000,8.164902,900
509525.693700,6944447.026000,8.100617,905
509525.693700,6944447.026000,8.036333,910
509525.693700,6944447.026000,7.972508,915
509525.693700,6944447.026000,7.909279,920
509525.693700,6944447.026000,7.846050,925
509525.693700,6944447.026000,7.782822,930
509525.693700,6944447.026000,7.719593,935
509525.693700,6944447.026000,7.656364,940
509525.693700,6944447.026000,7.593136,945
509525.693700,6944447.026000,7.529907,950
509525.693700,6944447.026000,7.466772,955
509525.693700,6944447.026000,7.403720,960
509525.693700,6944447.026000,7.340668,965
509525.693700,6944447.026000,7.277616,970
509525.693700,6944447.026000,7.214565,975
509525.693700,6944447.026000,7.151513,980
509525.693700,6944447.026000,7.088461,985
509525.693700,6944447.026000,7.025409,990
509525.693700,6944447.026000,6.902941,995
509525.693700,6944447.026000,6.740365,1000
509525.693700,6944447.026000,6.577789,1005
509525.693700,6944447.026000,13.863786,605
509525.704500,6944447.034000,22.000000,500
509525.734700,6944447.056000,9.000000,835
509525.775800,6944447.085000,31.500000,265
509525.798500,6944447.101000,27.500000,435
509525.822600,6944447.119000,12.500000,640
509525.836400,6944447.128000,32.500000,250
509525.860600,6944447.146000,24.000000,485
509525.880400,6944447.160000,17.000000,550
509525.894300,6944447.170000,7.000000,990
509525.906300,6944447.178000,29.000000,375
509525.949300,6944447.209000,10.500000,735
509525.976800,6944447.229000,7.500000,950
509525.994300,6944447.241000,33.000000,250
509526.001000,6944447.246000,12.000000,660
509526.067700,6944447.294000,10.000000,765
509526.100300,6944447.317000,33.072539,250
509526.100300,6944447.317000,32.443899,250
509526.100300,6944447.317000,33.810067,255
509526.100300,6944447.317000,32.035997,255
509526.100300,6944447.317000,31.732514,260
509526.100300,6944447.317000,34.428956,260
509526.100300,6944447.317000,31.471268,265
509526.100300,6944447.317000,31.332770,270
509526.100300,6944447.317000,31.194272,275
509526.100300,6944447.317000,31.055775,280
509526.100300,6944447.317000,30.920536,285
509526.100300,6944447.317000,30.787496,290
509526.100300,6944447.317000,30.654455,295
509526.100300,6944447.317000,30.521414,300
509526.100300,6944447.317000,30.414157,305
509526.100300,6944447.317000,30.311846,310
509526.100300,6944447.317000,30.209535,315
509526.100300,6944447.317000,30.107224,320
509526.100300,6944447.317000,30.004913,325
509526.100300,6944447.317000,29.904254,330
509526.100300,6944447.317000,29.803679,335
509526.100300,6944447.317000,29.703103,340
509526.100300,6944447.317000,29.602528,345
509526.100300,6944447.317000,29.501953,350
509526.100300,6944447.317000,29.396458,355
509526.100300,6944447.317000,29.290867,360
509526.100300,6944447.317000,29.185275,365
509526.100300,6944447.317000,29.079683,370
509526.100300,6944447.317000,28.973781,375
509526.100300,6944447.317000,28.866922,380
509526.100300,6944447.317000,28.760063,385
509526.100300,6944447.317000,28.653204,390
509526.100300,6944447.317000,28.546345,395
509526.100300,6944447.317000,28.426291,400
509526.100300,6944447.317000,28.296131,405
509526.100300,6944447.317000,28.165972,410
509526.100300,6944447.317000,28.035812,415
509526.100300,6944447.317000,27.894684,420
509526.100300,6944447.317000,27.749391,425
509526.100300,6944447.317000,27.604099,430
509526.100300,6944447.317000,27.447786,435
509526.100300,6944447.317000,27.263626,440
509526.100300,6944447.317000,27.079466,445
509526.100300,6944447.317000,26.864663,450
509526.100300,6944447.317000,26.626600,455
509526.100300,6944447.317000,26.363880,460
509526.100300,6944447.317000,26.073153,465
509526.100300,6944447.317000,25.679378,470
509526.100300,6944447.317000,25.206491,475
509526.100300,6944447.317000,24.625970,480
509526.100300,6944447.317000,23.941629,485
509526.100300,6944447.317000,23.205590,490
509526.100300,6944447.317000,22.514479,495
509526.100300,6944447.317000,21.883595,500
509526.100300,6944447.317000,21.312604,505
509526.100300,6944447.317000,20.771086,510
509526.100300,6944447.317000,20.254694,515
509526.100300,6944447.317000,19.755204,520
509526.100300,6944447.317000,19.267508,525
509526.100300,6944447.317000,18.788960,530
509526.100300,6944447.317000,18.317434,535
509526.100300,6944447.317000,17.854051,540
509526.100300,6944447.317000,17.402417,545
509526.100300,6944447.317000,16.963361,550
509526.100300,6944447.317000,16.536647,555
509526.100300,6944447.317000,16.155379,560
509526.100300,6944447.317000,15.786859,565
509526.100300,6944447.317000,15.437232,570
509526.100300,6944447.317000,15.136663,575
509526.100300,6944447.317000,14.843324,580
509526.100300,6944447.317000,14.556014,585
509526.100300,6944447.317000,14.320446,590
509526.100300,6944447.317000,14.097408,595
509526.100300,6944447.317000,13.879829,600
509526.100300,6944447.317000,13.666484,605
509526.100300,6944447.317000,13.463794,610
509526.100300,6944447.317000,13.298957,615
509526.100300,6944447.317000,13.134121,620
509526.100300,6944447.317000,12.971359,625
509526.100300,6944447.317000,12.817657,630
509526.100300,6944447.317000,12.663954,635
509526.100300,6944447.317000,12.510251,640
509526.100300,6944447.317000,12.381937,645
509526.100300,6944447.317000,12.255436,650
509526.100300,6944447.317000,12.128936,655
509526.100300,6944447.317000,12.002435,660
509526.100300,6944447.317000,11.888032,665
509526.100300,6944447.317000,11.773865,670
509526.100300,6944447.317000,11.659699,675
509526.100300,6944447.317000,11.545533,680
509526.100300,6944447.317000,11.439559,685
509526.100300,6944447.317000,11.339019,690
509526.100300,6944447.317000,11.238480,695
509526.100300,6944447.317000,11.137940,700
509526.100300,6944447.317000,11.037401,705
509526.100300,6944447.317000,10.944001,710
509526.100300,6944447.317000,10.854832,715
509526.100300,6944447.317000,10.765662,720
509526.100300,6944447.317000,10.676492,725
509526.100300,6944447.317000,10.587322,730
509526.100300,6944447.317000,10.498276,735
509526.100300,6944447.317000,10.415089,740
509526.100300,6944447.317000,10.331901,745
509526.100300,6944447.317000,10.248714,750
509526.100300,6944447.317000,10.165527,755
509526.100300,6944447.317000,10.082339,760
509526.100300,6944447.317000,9.999247,765
509526.100300,6944447.317000,9.925418,770
509526.100300,6944447.317000,9.851589,775
509526.100300,6944447.317000,9.777759,780
509526.100300,6944447.317000,9.703930,785
509526.100300,6944447.317000,9.630101,790
509526.100300,6944447.317000,9.556272,795
509526.100300,6944447.317000,9.482899,800
509526.100300,6944447.317000,9.410988,805
509526.100300,6944447.317000,9.339077,810
509526.100300,6944447.317000,9.267166,815
509526.100300,6944447.317000,9.195255,820
509526.100300,6944447.317000,9.123344,825
509526.100300,6944447.317000,9.051433,830
509526.100300,6944447.317000,8.981358,835
509526.100300,6944447.317000,8.915893,840
509526.100300,6944447.317000,8.850429,845
509526.100300,6944447.317000,8.784964,850
509526.100300,6944447.317000,8.719500,855
509526.100300,6944447.317000,8.654035,860
509526.100300,6944447.317000,8.588571,865
509526.100300,6944447.317000,8.523106,870
509526.100300,6944447.317000,8.457717,875
509526.100300,6944447.317000,8.392369,880
509526.100300,6944447.317000,8.327021,885
509526.100300,6944447.317000,8.261672,890
509526.100300,6944447.317000,8.196324,895
509526.100300,6944447.317000,8.130976,900
509526.100300,6944447.317000,8.065628,905
509526.100300,6944447.317000,8.000280,910
509526.100300,6944447.317000,7.936085,915
509526.100300,6944447.317000,7.871896,920
509526.100300,6944447.317000,7.807707,925
509526.100300,6944447.317000,7.743517,930
509526.100300,6944447.317000,7.679328,935
509526.100300,6944447.317000,7.615138,940
509526.100300,6944447.317000,7.550949,945
509526.100300,6944447.317000,7.486765,950
509526.100300,6944447.317000,7.422601,955
509526.100300,6944447.317000,7.358438,960
509526.100300,6944447.317000,7.294274,965
509526.100300,6944447.317000,7.230111,970
509526.100300,6944447.317000,7.165947,975
509526.100300,6944447.317000,7.101784,980
509526.100300,6944447.317000,7.037620,985
509526.100300,6944447.317000,6.943275,990
509526.100300,6944447.317000,6.806152,995
509526.100300,6944447.317000,6.669030,1000
509526.100300,6944447.317000,6.531908,1005
509526.102300,6944447.319000,8.000000,910
509526.111000,6944447.325000,29.500000,350
509526.129100,6944447.338000,30.000000,325
509526.150500,6944447.353000,5.000000,1010
509526.172700,6944447.369000,5.500000,1010
509526.186300,6944447.379000,32.000000,255
509526.208900,6944447.395000,17.000000,550
509526.212500,6944447.398000,30.500000,300
509526.218100,6944447.402000,34.500000,260
509526.229700,6944447.410000,6.000000,1010
509526.269100,6944447.438000,28.000000,415
509526.301600,6944447.461000,8.500000,870
509526.312500,6944447.469000,7.000000,985
509526.340300,6944447.489000,28.500000,395
509526.370400,6944447.511000,34.000000,255
509526.391000,6944447.525000,17.500000,545
509526.400400,6944447.532000,15.500000,570
509526.402700,6944447.534000,5.000000,1015
509526.406300,6944447.536000,31.000000,280
509526.410300,6944447.539000,26.000000,465
509526.419800,6944447.546000,7.500000,945
509526.446300,6944447.565000,5.500000,1015
509526.453300,6944447.570000,27.000000,445
509526.458900,6944447.574000,13.500000,610
509526.479500,6944447.589000,13.000000,625
509526.506900,6944447.608000,33.407005,250
509526.506900,6944447.608000,32.256856,250
509526.506900,6944447.608000,34.085562,255
509526.506900,6944447.608000,31.894729,255
509526.506900,6944447.608000,31.574412,260
509526.506900,6944447.608000,31.394413,265
509526.506900,6944447.608000,31.256874,270
509526.506900,6944447.608000,31.119335,275
509526.506900,6944447.608000,30.982163,280
509526.506900,6944447.608000,30.847397,285
509526.506900,6944447.608000,30.712631,290
509526.506900,6944447.608000,30.577865,295
509526.506900,6944447.608000,30.455956,300
509526.506900,6944447.608000,30.351641,305
509526.506900,6944447.608000,30.247326,310
509526.506900,6944447.608000,30.143010,315
509526.506900,6944447.608000,30.038695,320
509526.506900,6944447.608000,29.936007,325
509526.506900,6944447.608000,29.834277,330
509526.506900,6944447.608000,29.732548,335
509526.506900,6944447.608000,29.630818,340
509526.506900,6944447.608000,29.529088,345
509526.506900,6944447.608000,29.424555,350
509526.506900,6944447.608000,29.318899,355
509526.506900,6944447.608000,29.213243,360
509526.506900,6944447.608000,29.107587,365
509526.506900,6944447.608000,29.001931,370
509526.506900,6944447.608000,28.895129,375
509526.506900,6944447.608000,28.788306,380
509526.506900,6944447.608000,28.681483,385
509526.506900,6944447.608000,28.574660,390
509526.506900,6944447.608000,28.461534,395
509526.506900,6944447.608000,28.333778,400
509526.506900,6944447.608000,28.206022,405
509526.506900,6944447.608000,28.078266,410
509526.506900,6944447.608000,27.944734,415
509526.506900,6944447.608000,27.802068,420
509526.506900,6944447.608000,27.659402,425
509526.506900,6944447.608000,27.516736,430
509526.506900,6944447.608000,27.343341,435
509526.506900,6944447.608000,27.165863,440
509526.506900,6944447.608000,26.984998,445
509526.506900,6944447.608000,26.755771,450
509526.506900,6944447.608000,26.526543,455
509526.506900,6944447.608000,26.255175,460
509526.506900,6944447.608000,25.968555,465
509526.506900,6944447.608000,25.567545,470
509526.506900,6944447.608000,25.117576,475
509526.506900,6944447.608000,24.549838,480
509526.506900,6944447.608000,23.895061,485
509526.506900,6944447.608000,23.205952,490
509526.506900,6944447.608000,22.552222,495
509526.506900,6944447.608000,21.944393,500
509526.506900,6944447.608000,21.392853,505
509526.506900,6944447.608000,20.866660,510
509526.506900,6944447.608000,20.361473,515
509526.506900,6944447.608000,19.871042,520
509526.506900,6944447.608000,19.391392,525
509526.506900,6944447.608000,18.918145,530
509526.506900,6944447.608000,18.453878,535
509526.506900,6944447.608000,17.990947,540
509526.506900,6944447.608000,17.539868,545
509526.506900,6944447.608000,17.102608,550
509526.506900,6944447.608000,16.680081,555
509526.506900,6944447.608000,16.282598,560
509526.506900,6944447.608000,15.902679,565
509526.506900,6944447.608000,15.527769,570
509526.506900,6944447.608000,15.227156,575
509526.506900,6944447.608000,14.934133,580
509526.506900,6944447.608000,14.646654,585
509526.506900,6944447.608000,14.388796,590
509526.506900,6944447.608000,14.161786,595
509526.506900,6944447.608000,13.937991,600
509526.506900,6944447.608000,13.722168,605
509526.506900,6944447.608000,13.506345,610
509526.506900,6944447.608000,13.337368,615
509526.506900,6944447.608000,13.169810,620
509526.506900,6944447.608000,13.002252,625
509526.506900,6944447.608000,12.845913,630
509526.506900,6944447.608000,12.689727,635
509526.506900,6944447.608000,12.533541,640
509526.506900,6944447.608000,12.398939,645
509526.506900,6944447.608000,12.270239,650
509526.506900,6944447.608000,12.141539,655
509526.506900,6944447.608000,12.012839,660
509526.506900,6944447.608000,11.895380,665
509526.506900,6944447.608000,11.779166,670
509526.506900,6944447.608000,11.662953,675
509526.506900,6944447.608000,11.546739,680
509526.506900,6944447.608000,11.438784,685
509526.506900,6944447.608000,11.336385,690
509526.506900,6944447.608000,11.233987,695
509526.506900,6944447.608000,11.131588,700
509526.506900,6944447.608000,11.029190,705
509526.506900,6944447.608000,10.935043,710
509526.506900,6944447.608000,10.844186,715
509526.506900,6944447.608000,10.753329,720
509526.506900,6944447.608000,10.662473,725
509526.506900,6944447.608000,10.571616,730
509526.506900,6944447.608000,10.482047,735
509526.506900,6944447.608000,10.397269,740
509526.506900,6944447.608000,10.312492,745
509526.506900,6944447.608000,10.227714,750
509526.506900,6944447.608000,10.142937,755
509526.506900,6944447.608000,10.058159,760
509526.506900,6944447.608000,9.976369,765
509526.506900,6944447.608000,9.901105,770
509526.506900,6944447.608000,9.825841,775
509526.506900,6944447.608000,9.750577,780
509526.506900,6944447.608000,9.675313,785
509526.506900,6944447.608000,9.600049,790
509526.506900,6944447.608000,9.524785,795
509526.506900,6944447.608000,9.450831,800
509526.506900,6944447.608000,9.377521,805
509526.506900,6944447.608000,9.304212,810
509526.506900,6944447.608000,9.230902,815
509526.506900,6944447.608000,9.157592,820
509526.506900,6944447.608000,9.084282,825
509526.506900,6944447.608000,9.010972,830
509526.506900,6944447.608000,8.943240,835
509526.506900,6944447.608000,8.876489,840
509526.506900,6944447.608000,8.809739,845
509526.506900,6944447.608000,8.742988,850
509526.506900,6944447.608000,8.676238,855
509526.506900,6944447.608000,8.609487,860
509526.506900,6944447.608000,8.542737,865
509526.506900,6944447.608000,8.476070,870
509526.506900,6944447.608000,8.409552,875
509526.506900,6944447.608000,8.343034,880
509526.506900,6944447.608000,8.276516,885
509526.506900,6944447.608000,8.209998,890
509526.506900,6944447.608000,8.143480,895
509526.506900,6944447.608000,8.076962,900
509526.506900,6944447.608000,8.010444,905
509526.506900,6944447.608000,7.944733,910
509526.506900,6944447.608000,7.879173,915
509526.506900,6944447.608000,7.813613,920
509526.506900,6944447.608000,7.748053,925
509526.506900,6944447.608000,7.682493,930
509526.506900,6944447.608000,7.616933,935
509526.506900,6944447.608000,7.551372,940
509526.506900,6944447.608000,7.485910,945
509526.506900,6944447.608000,7.420800,950
509526.506900,6944447.608000,7.355690,955
509526.506900,6944447.608000,7.290580,960
509526.506900,6944447.608000,7.225470,965
509526.506900,6944447.608000,7.160360,970
509526.506900,6944447.608000,7.095250,975
509526.506900,6944447.608000,7.030140,980
509526.506900,6944447.608000,6.949222,985
509526.506900,6944447.608000,6.854682,990
509526.506900,6944447.608000,6.760141,995
509526.506900,6944447.608000,6.665600,1000
509526.506900,6944447.608000,6.571059,1005
509526.506900,6944447.608000,6.386221,1010
509526.506900,6944447.608000,5.792527,1015
509526.516500,6944447.615000,29.000000,370
509526.527600,6944447.623000,18.000000,540
509526.544000,6944447.635000,5.500000,1015
509526.572400,6944447.655000,5.000000,1015
509526.580100,6944447.661000,27.500000,430
509526.580900,6944447.661000,8.000000,905
509526.607200,6944447.680000,26.500000,455
509526.611200,6944447.683000,9.000000,830
509526.612200,6944447.684000,18.500000,535
509526.619300,6944447.689000,33.500000,250
509526.659000,6944447.717000,29.500000,345
509526.665900,6944447.722000,7.000000,980
509526.700400,6944447.747000,19.000000,530
509526.711700,6944447.755000,5.500000,1010
509526.726200,6944447.765000,30.000000,320
509526.731000,6944447.769000,5.000000,1010
509526.740500,6944447.775000,6.000000,1015
509526.746200,6944447.780000,25.500000,470
509526.753000,6944447.784000,24.500000,480
509526.756900,6944447.787000,22.000000,500
509526.767800,6944447.795000,15.000000,580
509526.773600,6944447.799000,31.500000,260
509526.775300,6944447.800000,19.500000,525
509526.778900,6944447.803000,16.000000,565
509526.804100,6944447.821000,9.500000,795
509526.817200,6944447.830000,7.500000,940
509526.846400,6944447.851000,20.000000,520
509526.853200,6944447.856000,28.000000,410
509526.863100,6944447.863000,8.500000,865
509526.870200,6944447.868000,30.500000,295
509526.874400,6944447.871000,28.500000,390
509526.879400,6944447.875000,5.500000,1005
509526.889600,6944447.882000,5.000000,1005
509526.896800,6944447.887000,14.000000,600
509526.900600,6944447.890000,32.500000,245
509526.903500,6944447.892000,21.500000,505
509526.906300,6944447.894000,20.500000,515
509526.913400,6944447.899000,32.549089,245
509526.913400,6944447.899000,32.495345,245
509526.913400,6944447.899000,33.704773,250
509526.913400,6944447.899000,32.102630,250
509526.913400,6944447.899000,34.386594,255
509526.913400,6944447.899000,31.771573,255
509526.913400,6944447.899000,31.482389,260
509526.913400,6944447.899000,31.337813,265
509526.913400,6944447.899000,31.193236,270
509526.913400,6944447.899000,31.048660,275
509526.913400,6944447.899000,30.907722,280
509526.913400,6944447.899000,30.768630,285
509526.913400,6944447.899000,30.629538,290
509526.913400,6944447.899000,30.492773,295
509526.913400,6944447.899000,30.387551,300
509526.913400,6944447.899000,30.282330,305
509526.913400,6944447.899000,30.177109,310
509526.913400,6944447.899000,30.071888,315
509526.913400,6944447.899000,29.967263,320
509526.913400,6944447.899000,29.863924,325
509526.913400,6944447.899000,29.760585,330
509526.913400,6944447.899000,29.657246,335
509526.913400,6944447.899000,29.553906,340
509526.913400,6944447.899000,29.449391,345
509526.913400,6944447.899000,29.343591,350
509526.913400,6944447.899000,29.237792,355
509526.913400,6944447.899000,29.131993,360
509526.913400,6944447.899000,29.026194,365
509526.913400,6944447.899000,28.919582,370
509526.913400,6944447.899000,28.812703,375
509526.913400,6944447.899000,28.705824,380
509526.913400,6944447.899000,28.598945,385
509526.913400,6944447.899000,28.490644,390
509526.913400,6944447.899000,28.364624,395
509526.913400,6944447.899000,28.238604,400
509526.913400,6944447.899000,28.112584,405
509526.913400,6944447.899000,27.985079,410
509526.913400,6944447.899000,27.845125,415
509526.913400,6944447.899000,27.705171,420
509526.913400,6944447.899000,27.565218,425
509526.913400,6944447.899000,27.407862,430
509526.913400,6944447.899000,27.235321,435
509526.913400,6944447.899000,27.062780,440
509526.913400,6944447.899000,26.860668,445
509526.913400,6944447.899000,26.641643,450
509526.913400,6944447.899000,26.406152,455
509526.913400,6944447.899000,26.140521,460
509526.913400,6944447.899000,25.825990,465
509526.913400,6944447.899000,25.450071,470
509526.913400,6944447.899000,25.025681,475
509526.913400,6944447.899000,24.467675,480
509526.913400,6944447.899000,23.857918,485
509526.913400,6944447.899000,23.223876,490
509526.913400,6944447.899000,22.614267,495
509526.913400,6944447.899000,22.035876,500
509526.913400,6944447.899000,21.502673,505
509526.913400,6944447.899000,20.994032,510
509526.913400,6944447.899000,20.502465,515
509526.913400,6944447.899000,20.025248,520
509526.913400,6944447.899000,19.555247,525
509526.913400,6944447.899000,19.090099,530
509526.913400,6944447.899000,18.630588,535
509526.913400,6944447.899000,18.171760,540
509526.913400,6944447.899000,17.719694,545
509526.913400,6944447.899000,17.277247,550
509526.913400,6944447.899000,16.846727,555
509526.913400,6944447.899000,16.433743,560
509526.913400,6944447.899000,16.049356,565
509526.913400,6944447.899000,15.683908,570
509526.913400,6944447.899000,15.347943,575
509526.913400,6944447.899000,15.039439,580
509526.913400,6944447.899000,14.738751,585
509526.913400,6944447.899000,14.454193,590
509526.913400,6944447.899000,14.228483,595
509526.913400,6944447.899000,14.002772,600
509526.913400,6944447.899000,13.784140,605
509526.913400,6944447.899000,13.565596,610
509526.913400,6944447.899000,13.380254,615
509526.913400,6944447.899000,13.209151,620
509526.913400,6944447.899000,13.038048,625
509526.913400,6944447.899000,12.416792,645
509526.913400,6944447.899000,12.285633,650
509526.913400,6944447.899000,12.154474,655
509526.913400,6944447.899000,12.023316,660
509526.913400,6944447.899000,11.437171,685
509526.913400,6944447.899000,11.332760,690
509526.913400,6944447.899000,11.228350,695
509526.913400,6944447.899000,11.123939,700
509526.913400,6944447.899000,11.019528,705
509526.913400,6944447.899000,10.463956,735
509526.913400,6944447.899000,10.377491,740
509526.913400,6944447.899000,10.291027,745
509526.913400,6944447.899000,10.204562,750
509526.913400,6944447.899000,10.118097,755
509526.913400,6944447.899000,10.031632,760
509526.913400,6944447.899000,9.490945,795
509526.913400,6944447.899000,9.416181,800
509526.913400,6944447.899000,9.341416,805
509526.913400,6944447.899000,9.266652,810
509526.913400,6944447.899000,9.191887,815
509526.913400,6944447.899000,9.117123,820
509526.913400,6944447.899000,9.042358,825
509526.913400,6944447.899000,8.970485,830
509526.913400,6944447.899000,8.902392,835
509526.913400,6944447.899000,8.834299,840
509526.913400,6944447.899000,8.766206,845
509526.913400,6944447.899000,8.698113,850
509526.913400,6944447.899000,8.630020,855
509526.913400,6944447.899000,8.561927,860
509526.913400,6944447.899000,8.493869,865
509526.913400,6944447.899000,8.426166,870
509526.913400,6944447.899000,8.358462,875
509526.913400,6944447.899000,8.290758,880
509526.913400,6944447.899000,8.223055,885
509526.913400,6944447.899000,8.155351,890
509526.913400,6944447.899000,8.087648,895
509526.913400,6944447.899000,8.019944,900
509526.913400,6944447.899000,7.952736,905
509526.913400,6944447.899000,7.885735,910
509526.913400,6944447.899000,7.818734,915
509526.913400,6944447.899000,7.751733,920
509526.913400,6944447.899000,7.684732,925
509526.913400,6944447.899000,7.617731,930
509526.913400,6944447.899000,7.550730,935
509526.913400,6944447.899000,7.483858,940
509526.913400,6944447.899000,7.417390,945
509526.913400,6944447.899000,7.350921,950
509526.913400,6944447.899000,7.284453,955
509526.913400,6944447.899000,7.217984,960
509526.913400,6944447.899000,7.151516,965
509526.913400,6944447.899000,7.085047,970
509526.913400,6944447.899000,7.018579,975
509526.913400,6944447.899000,6.940171,980
509526.913400,6944447.899000,6.857131,985
509526.913400,6944447.899000,6.774091,990
509526.913400,6944447.899000,6.691051,995
509526.913400,6944447.899000,6.608011,1000
509526.913400,6944447.899000,6.524971,1005
509526.913400,6944447.899000,5.543762,1005
509526.913400,6944447.899000,6.307403,1010
509526.913400,6944447.899000,5.759362,1010
509526.913400,6944447.899000,6.031984,1015
509526.913400,6944447.899000,5.974962,1015
509526.931500,6944447.912000,21.000000,510
509526.933400,6944447.914000,6.000000,1015
509527.005600,6944447.965000,25.000000,475
509527.011100,6944447.969000,7.000000,975
509527.044200,6944447.993000,29.000000,365
509527.053100,6944447.999000,8.000000,900
509527.056700,6944448.002000,6.500000,1005
509527.060400,6944448.004000,33.000000,245
509527.098900,6944448.032000,16.500000,560
509527.105300,6944448.037000,6.000000,1010
509527.106400,6944448.037000,34.500000,255
509527.148400,6944448.067000,14.500000,590
509527.155100,6944448.072000,27.000000,440
509527.183400,6944448.093000,31.000000,275
509527.184600,6944448.093000,32.000000,250
509527.192900,6944448.099000,27.500000,425
509527.196600,6944448.102000,29.500000,340
509527.225300,6944448.122000,7.500000,935
509527.277100,6944448.160000,6.000000,1005
509527.285900,6944448.166000,17.000000,555
509527.320000,6944448.190000,33.186461,245
509527.320000,6944448.190000,32.408212,245
509527.320000,6944448.190000,33.993350,250
509527.320000,6944448.190000,31.957254,250
509527.320000,6944448.190000,31.629861,255
509527.320000,6944448.190000,31.412125,260
509527.320000,6944448.190000,31.266480,265
509527.320000,6944448.190000,31.120835,270
509527.320000,6944448.190000,30.975926,275
509527.320000,6944448.190000,30.834599,280
509527.320000,6944448.190000,30.693272,285
509527.320000,6944448.190000,30.551946,290
509527.320000,6944448.190000,30.431971,295
509527.320000,6944448.190000,30.324405,300
509527.320000,6944448.190000,30.216839,305
509527.320000,6944448.190000,30.109273,310
509527.320000,6944448.190000,30.001707,315
509527.320000,6944448.190000,29.896556,320
509527.320000,6944448.190000,29.791444,325
509527.320000,6944448.190000,29.686332,330
509527.320000,6944448.190000,29.581220,335
509527.320000,6944448.190000,29.475845,340
509527.320000,6944448.190000,29.369573,345
509527.320000,6944448.190000,29.263301,350
509527.320000,6944448.190000,29.157030,355
509527.320000,6944448.190000,29.050758,360
509527.320000,6944448.190000,28.944142,365
509527.320000,6944448.190000,28.837212,370
509527.320000,6944448.190000,28.730281,375
509527.320000,6944448.190000,28.623350,380
509527.320000,6944448.190000,28.516420,385
509527.320000,6944448.190000,28.394005,390
509527.320000,6944448.190000,28.268781,395
509527.320000,6944448.190000,28.143558,400
509527.320000,6944448.190000,28.018334,405
509527.320000,6944448.190000,27.882797,410
509527.320000,6944448.190000,27.745491,415
509527.320000,6944448.190000,27.608186,420
509527.320000,6944448.190000,27.464220,425
509527.320000,6944448.190000,27.295512,430
509527.320000,6944448.190000,27.126804,435
509527.320000,6944448.190000,26.947867,440
509527.320000,6944448.190000,26.737974,445
509527.320000,6944448.190000,26.528082,450
509527.320000,6944448.190000,26.281151,455
509527.320000,6944448.190000,26.028499,460
509527.320000,6944448.190000,25.691115,465
509527.320000,6944448.190000,25.318773,470
509527.320000,6944448.190000,24.895557,475
509527.320000,6944448.190000,24.380491,480
509527.320000,6944448.190000,23.821534,485
509527.320000,6944448.190000,23.241245,490
509527.320000,6944448.190000,22.674918,495
509527.320000,6944448.190000,22.133186,500
509527.320000,6944448.190000,21.619657,505
509527.320000,6944448.190000,21.127663,510
509527.320000,6944448.190000,20.649219,515
509527.320000,6944448.190000,20.181802,520
509527.320000,6944448.190000,19.720079,525
509527.320000,6944448.190000,19.261978,530
509527.320000,6944448.190000,18.806081,535
509527.320000,6944448.190000,18.350682,540
509527.320000,6944448.190000,17.897663,545
509527.320000,6944448.190000,17.451634,550
509527.320000,6944448.190000,17.014665,555
509527.320000,6944448.190000,16.587706,560
509527.320000,6944448.190000,16.195632,565
509527.320000,6944448.190000,15.818184,570
509527.320000,6944448.190000,15.455675,575
509527.320000,6944448.190000,15.146886,580
509527.320000,6944448.190000,14.843255,585
509527.320000,6944448.190000,14.544305,590
509527.320000,6944448.190000,14.302281,595
509527.320000,6944448.190000,14.070161,600
509527.320000,6944448.190000,13.844020,605
509527.320000,6944448.190000,13.620470,610
509527.320000,6944448.190000,13.420085,615
509527.320000,6944448.190000,13.246772,620
509527.320000,6944448.190000,13.073458,625
509527.320000,6944448.190000,12.906687,630
509527.320000,6944448.190000,12.744728,635
509527.320000,6944448.190000,12.582769,640
509527.320000,6944448.190000,12.434664,645
509527.320000,6944448.190000,12.301039,650
509527.320000,6944448.190000,12.167413,655
509527.320000,6944448.190000,12.033788,660
509527.320000,6944448.190000,11.909800,665
509527.320000,6944448.190000,11.789074,670
509527.320000,6944448.190000,11.668348,675
509527.320000,6944448.190000,11.547622,680
509527.320000,6944448.190000,11.435558,685
509527.320000,6944448.190000,11.329136,690
509527.320000,6944448.190000,11.222714,695
509527.320000,6944448.190000,11.116292,700
509527.320000,6944448.190000,11.009871,705
509527.320000,6944448.190000,10.914299,710
509527.320000,6944448.190000,10.819837,715
509527.320000,6944448.190000,10.725375,720
509527.320000,6944448.190000,10.630913,725
509527.320000,6944448.190000,10.536451,730
509527.320000,6944448.190000,10.445865,735
509527.320000,6944448.190000,10.357714,740
509527.320000,6944448.190000,10.269562,745
509527.320000,6944448.190000,10.181411,750
509527.320000,6944448.190000,10.093260,755
509527.320000,6944448.190000,10.005109,760
509527.320000,6944448.190000,9.926263,765
509527.320000,6944448.190000,9.847989,770
509527.320000,6944448.190000,9.769715,775
509527.320000,6944448.190000,9.691441,780
509527.320000,6944448.190000,9.613167,785
509527.320000,6944448.190000,9.534894,790
509527.320000,6944448.190000,9.457751,795
509527.320000,6944448.190000,9.381518,800
509527.320000,6944448.190000,9.305284,805
509527.320000,6944448.190000,9.229051,810
509527.320000,6944448.190000,9.152818,815
509527.320000,6944448.190000,9.076585,820
509527.320000,6944448.190000,9.000352,825
509527.320000,6944448.190000,8.930896,830
509527.320000,6944448.190000,8.861472,835
509527.320000,6944448.190000,8.792048,840
509527.320000,6944448.190000,8.722624,845
509527.320000,6944448.190000,8.653200,850
509527.320000,6944448.190000,8.583776,855
509527.320000,6944448.190000,8.514352,860
509527.320000,6944448.190000,8.445141,865
509527.320000,6944448.190000,8.375984,870
509527.320000,6944448.190000,8.306828,875
509527.320000,6944448.190000,8.237672,880
509527.320000,6944448.190000,8.168516,885
509527.320000,6944448.190000,8.099359,890
509527.320000,6944448.190000,8.030203,895
509527.320000,6944448.190000,7.961595,900
509527.320000,6944448.190000,7.893412,905
509527.320000,6944448.190000,7.825229,910
509527.320000,6944448.190000,7.757046,915
509527.320000,6944448.190000,7.688863,920
509527.320000,6944448.190000,7.620679,925
509527.320000,6944448.190000,7.552496,930
509527.320000,6944448.190000,7.484339,935
509527.320000,6944448.190000,7.416270,940
509527.320000,6944448.190000,7.348200,945
509527.320000,6944448.190000,7.280130,950
509527.320000,6944448.190000,7.212061,955
509527.320000,6944448.190000,7.143991,960
509527.320000,6944448.190000,7.075921,965
509527.320000,6944448.190000,7.007852,970
509527.320000,6944448.190000,6.930144,975
509527.320000,6944448.190000,6.851179,980
509527.320000,6944448.190000,6.772215,985
509527.320000,6944448.190000,6.693250,990
509527.320000,6944448.190000,6.614286,995
509527.320000,6944448.190000,6.535321,1000
509527.323700,6944448.193000,9.000000,825
509527.330200,6944448.198000,30.000000,315
509527.333000,6944448.200000,34.000000,250
509527.360500,6944448.219000,7.000000,970
509527.383200,6944448.236000,17.500000,550
509527.398700,6944448.247000,28.000000,405
509527.400700,6944448.248000,28.500000,385
509527.404500,6944448.251000,15.500000,575
509527.416500,6944448.259000,26.500000,450
509527.420800,6944448.262000,26.000000,460
509527.443000,6944448.278000,8.500000,860
509527.444500,6944448.279000,10.000000,760
509527.455000,6944448.287000,18.000000,545
509527.457100,6944448.288000,6.500000,1000
509527.516400,6944448.331000,18.500000,540
509527.526700,6944448.338000,8.000000,895
509527.577200,6944448.374000,30.500000,290
509527.577600,6944448.375000,29.000000,360
509527.594100,6944448.386000,19.000000,535
509527.599600,6944448.390000,16.000000,570
509527.623200,6944448.407000,7.500000,930
509527.635200,6944448.416000,15.000000,585
509527.649100,6944448.426000,13.500000,615
509527.666900,6944448.439000,19.500000,530
509527.711300,6944448.470000,7.000000,965
509527.712600,6944448.471000,31.500000,255
509527.726600,6944448.481000,33.492939,245
509527.726600,6944448.481000,32.225328,245
509527.726600,6944448.481000,34.186025,250
509527.726600,6944448.481000,31.839587,250
509527.726600,6944448.481000,31.497900,255
509527.726600,6944448.481000,31.349820,260
509527.726600,6944448.481000,31.201740,265
509527.726600,6944448.481000,31.053660,270
509527.726600,6944448.481000,30.906890,275
509527.726600,6944448.481000,30.760865,280
509527.726600,6944448.481000,30.614840,285
509527.726600,6944448.481000,30.476750,290
509527.726600,6944448.481000,30.367880,295
509527.726600,6944448.481000,30.259011,300
509527.726600,6944448.481000,30.150141,305
509527.726600,6944448.481000,30.041271,310
509527.726600,6944448.481000,29.933757,315
509527.726600,6944448.481000,29.827071,320
509527.726600,6944448.481000,29.720385,325
509527.726600,6944448.481000,29.613699,330
509527.726600,6944448.481000,29.507013,335
509527.726600,6944448.481000,29.399714,340
509527.726600,6944448.481000,29.292371,345
509527.726600,6944448.481000,29.185028,350
509527.726600,6944448.481000,29.077686,355
509527.726600,6944448.481000,28.970332,360
509527.726600,6944448.481000,28.862952,365
509527.726600,6944448.481000,28.755572,370
509527.726600,6944448.481000,28.648191,375
509527.726600,6944448.481000,28.540811,380
509527.726600,6944448.481000,28.422689,385
509527.726600,6944448.481000,28.297983,390
509527.726600,6944448.481000,28.173277,395
509527.726600,6944448.481000,28.048571,400
509527.726600,6944448.481000,27.917140,405
509527.726600,6944448.481000,27.781420,410
509527.726600,6944448.481000,27.645700,415
509527.726600,6944448.481000,27.509980,420
509527.726600,6944448.481000,27.347842,425
509527.726600,6944448.481000,27.183607,430
509527.726600,6944448.481000,27.019373,435
509527.726600,6944448.481000,26.820122,440
509527.726600,6944448.481000,26.616188,445
509527.726600,6944448.481000,26.396967,450
509527.726600,6944448.481000,26.157504,455
509527.726600,6944448.481000,25.887902,460
509527.726600,6944448.481000,25.560379,465
509527.726600,6944448.481000,25.196999,470
509527.726600,6944448.481000,24.785336,475
509527.726600,6944448.481000,24.312459,480
509527.726600,6944448.481000,23.802971,485
509527.726600,6944448.481000,23.276339,490
509527.726600,6944448.481000,22.757307,495
509527.726600,6944448.481000,22.260340,500
509527.726600,6944448.481000,21.781275,505
509527.726600,6944448.481000,21.317836,510
509527.726600,6944448.481000,20.869163,515
509527.726600,6944448.481000,20.416575,520
509527.726600,6944448.481000,19.962614,525
509527.726600,6944448.481000,19.538151,530
509527.726600,6944448.481000,19.092218,535
509527.726600,6944448.481000,18.653385,540
509527.726600,6944448.481000,18.207604,545
509527.726600,6944448.481000,17.763612,550
509527.726600,6944448.481000,17.326088,555
509527.726600,6944448.481000,16.892771,560
509527.726600,6944448.481000,16.471842,565
509527.726600,6944448.481000,16.085843,570
509527.726600,6944448.481000,15.706594,575
509527.726600,6944448.481000,15.359005,580
509527.726600,6944448.481000,15.047392,585
509527.726600,6944448.481000,14.735134,590
509527.726600,6944448.481000,14.442622,595
509527.726600,6944448.481000,14.210574,600
509527.726600,6944448.481000,13.978979,605
509527.726600,6944448.481000,13.751821,610
509527.726600,6944448.481000,13.524664,615
509527.726600,6944448.481000,13.340868,620
509527.726600,6944448.481000,13.162354,625
509527.726600,6944448.481000,12.984960,630
509527.726600,6944448.481000,12.818819,635
509527.726600,6944448.481000,12.652678,640
509527.726600,6944448.481000,12.488886,645
509527.726600,6944448.481000,12.351735,650
509527.726600,6944448.481000,12.214584,655
509527.726600,6944448.481000,12.077433,660
509527.726600,6944448.481000,11.946053,665
509527.726600,6944448.481000,11.822157,670
509527.726600,6944448.481000,11.698260,675
509527.726600,6944448.481000,11.574364,680
509527.726600,6944448.481000,11.456342,685
509527.726600,6944448.481000,11.347138,690
509527.726600,6944448.481000,11.237934,695
509527.726600,6944448.481000,11.128731,700
509527.726600,6944448.481000,11.019527,705
509527.726600,6944448.481000,10.920422,710
509527.726600,6944448.481000,10.823516,715
509527.726600,6944448.481000,10.726610,720
509527.726600,6944448.481000,10.629704,725
509527.726600,6944448.481000,10.532798,730
509527.726600,6944448.481000,10.440187,735
509527.726600,6944448.481000,10.349774,740
509527.726600,6944448.481000,10.259360,745
509527.726600,6944448.481000,10.168947,750
509527.726600,6944448.481000,10.078534,755
509527.726600,6944448.481000,9.989454,760
509527.726600,6944448.481000,9.909194,765
509527.726600,6944448.481000,9.828934,770
509527.726600,6944448.481000,9.748673,775
509527.726600,6944448.481000,9.668413,780
509527.726600,6944448.481000,9.588153,785
509527.726600,6944448.481000,9.507892,790
509527.726600,6944448.481000,9.429525,795
509527.726600,6944448.481000,9.351364,800
509527.726600,6944448.481000,9.273203,805
509527.726600,6944448.481000,9.195042,810
509527.726600,6944448.481000,9.116881,815
509527.726600,6944448.481000,9.038720,820
509527.726600,6944448.481000,8.964100,825
509527.726600,6944448.481000,8.892955,830
509527.726600,6944448.481000,8.821811,835
509527.726600,6944448.481000,8.750666,840
509527.726600,6944448.481000,8.679522,845
509527.726600,6944448.481000,8.608377,850
509527.726600,6944448.481000,8.537233,855
509527.726600,6944448.481000,8.466214,860
509527.726600,6944448.481000,8.395334,865
509527.726600,6944448.481000,8.324454,870
509527.726600,6944448.481000,8.253573,875
509527.726600,6944448.481000,8.182693,880
509527.726600,6944448.481000,8.111813,885
509527.726600,6944448.481000,8.040933,890
509527.726600,6944448.481000,7.970495,895
509527.726600,6944448.481000,7.900661,900
509527.726600,6944448.481000,7.830828,905
509527.726600,6944448.481000,7.760995,910
509527.726600,6944448.481000,7.691161,915
509527.726600,6944448.481000,7.621328,920
509527.726600,6944448.481000,7.551494,925
509527.726600,6944448.481000,7.481811,930
509527.726600,6944448.481000,7.412551,935
509527.726600,6944448.481000,7.343290,940
509527.726600,6944448.481000,7.274029,945
509527.726600,6944448.481000,7.204769,950
509527.726600,6944448.481000,7.135508,955
509527.726600,6944448.481000,7.066247,960
509527.726600,6944448.481000,6.996471,965
509527.726600,6944448.481000,6.915354,970
509527.726600,6944448.481000,6.834238,975
509527.726600,6944448.481000,6.753121,980
509527.726600,6944448.481000,6.672004,985
509527.726600,6944448.481000,6.590888,990
509527.726600,6944448.481000,6.509771,995
509527.726600,6944448.481000,6.244288,1000
509527.741400,6944448.492000,33.500000,245
509527.755000,6944448.502000,5.000000,1005
509527.756800,6944448.503000,16.500000,565
509527.761400,6944448.506000,6.500000,995
509527.765200,6944448.509000,29.500000,335
509527.767400,6944448.511000,27.500000,420
509527.771300,6944448.513000,14.000000,605
509527.772000,6944448.514000,20.000000,525
509527.776300,6944448.517000,5.500000,1005
509527.780100,6944448.520000,13.000000,630
509527.782800,6944448.522000,12.500000,645
509527.798300,6944448.533000,27.000000,435
509527.832000,6944448.557000,17.000000,560
509527.838900,6944448.562000,14.500000,595
509527.839200,6944448.562000,20.500000,520
509527.872100,6944448.585000,9.500000,790
509527.893400,6944448.601000,17.500000,555
509527.918500,6944448.619000,6.000000,1005
509527.920500,6944448.620000,15.500000,580
509527.921900,6944448.621000,25.500000,465
509527.927000,6944448.625000,28.500000,380
509527.927300,6944448.625000,21.000000,515
509527.936400,6944448.631000,28.000000,400
509527.959700,6944448.648000,18.000000,550
509527.981200,6944448.664000,30.000000,310
509528.008900,6944448.683000,8.000000,890
509528.013500,6944448.687000,7.500000,925
509528.014500,6944448.687000,18.500000,545
509528.046700,6944448.710000,7.000000,960
509528.050600,6944448.713000,6.500000,990
509528.050700,6944448.713000,16.000000,575
509528.052100,6944448.714000,8.500000,855
509528.069800,6944448.727000,31.000000,270
509528.088000,6944448.740000,21.500000,510
509528.092400,6944448.743000,15.000000,590
509528.094200,6944448.744000,12.000000,665
509528.099100,6944448.748000,19.000000,540
509528.119200,6944448.762000,26.500000,445
509528.128700,6944448.769000,29.000000,355
509528.133200,6944448.772000,33.648049,245
509528.133200,6944448.772000,32.106808,245
509528.133200,6944448.772000,34.383651,250
509528.133200,6944448.772000,31.753612,250
509528.133200,6944448.772000,31.463819,255
509528.133200,6944448.772000,31.305687,260
509528.133200,6944448.772000,31.147554,265
509528.133200,6944448.772000,30.990075,270
509528.133200,6944448.772000,30.841703,275
509528.133200,6944448.772000,30.693332,280
509528.133200,6944448.772000,30.544961,285
509528.133200,6944448.772000,30.422050,290
509528.133200,6944448.772000,30.310208,295
509528.133200,6944448.772000,30.198367,300
509528.133200,6944448.772000,30.086525,305
509528.133200,6944448.772000,29.975391,310
509528.133200,6944448.772000,29.866675,315
509528.133200,6944448.772000,29.757959,320
509528.133200,6944448.772000,29.649243,325
509528.133200,6944448.772000,29.540528,330
509528.133200,6944448.772000,29.432107,335
509528.133200,6944448.772000,29.323862,340
509528.133200,6944448.772000,29.215617,345
509528.133200,6944448.772000,29.107372,350
509528.133200,6944448.772000,28.999126,355
509528.133200,6944448.772000,28.890829,360
509528.133200,6944448.772000,28.782531,365
509528.133200,6944448.772000,28.674234,370
509528.133200,6944448.772000,28.565937,375
509528.133200,6944448.772000,28.451420,380
509528.133200,6944448.772000,28.327224,385
509528.133200,6944448.772000,28.203029,390
509528.133200,6944448.772000,28.078833,395
509528.133200,6944448.772000,27.950720,400
509528.133200,6944448.772000,27.815803,405
509528.133200,6944448.772000,27.680886,410
509528.133200,6944448.772000,27.545968,415
509528.133200,6944448.772000,27.393944,420
509528.133200,6944448.772000,27.233079,425
509528.133200,6944448.772000,27.072214,430
509528.133200,6944448.772000,26.891125,435
509528.133200,6944448.772000,26.693561,440
509528.133200,6944448.772000,26.495353,445
509528.133200,6944448.772000,26.266038,450
509528.133200,6944448.772000,26.036722,455
509528.133200,6944448.772000,25.743998,460
509528.133200,6944448.772000,25.431647,465
509528.133200,6944448.772000,25.089056,470
509528.133200,6944448.772000,24.692509,475
509528.133200,6944448.772000,24.258629,480
509528.133200,6944448.772000,23.798663,485
509528.133200,6944448.772000,23.325837,490
509528.133200,6944448.772000,22.857265,495
509528.133200,6944448.772000,22.403871,500
509528.133200,6944448.772000,21.980604,505
509528.133200,6944448.772000,21.523287,510
509528.133200,6944448.772000,21.119198,515
509528.133200,6944448.772000,20.702074,520
509528.133200,6944448.772000,20.286167,525
509528.133200,6944448.772000,19.874899,530
509528.133200,6944448.772000,19.456727,535
509528.133200,6944448.772000,19.030943,540
509528.133200,6944448.772000,18.611906,545
509528.133200,6944448.772000,18.177081,550
509528.133200,6944448.772000,17.744599,555
509528.133200,6944448.772000,17.314344,560
509528.133200,6944448.772000,16.883322,565
509528.133200,6944448.772000,16.465000,570
509528.133200,6944448.772000,16.076785,575
509528.133200,6944448.772000,15.691055,580
509528.133200,6944448.772000,15.342376,585
509528.133200,6944448.772000,15.029569,590
509528.133200,6944448.772000,14.708593,595
509528.133200,6944448.772000,14.416264,600
509528.133200,6944448.772000,14.178275,605
509528.133200,6944448.772000,13.939924,610
509528.133200,6944448.772000,13.700494,615
509528.133200,6944448.772000,13.470547,620
509528.133200,6944448.772000,13.289433,625
509528.133200,6944448.772000,13.108318,630
509528.133200,6944448.772000,12.930884,635
509528.133200,6944448.772000,12.758925,640
509528.133200,6944448.772000,12.586966,645
509528.133200,6944448.772000,12.430198,650
509528.133200,6944448.772000,12.288973,655
509528.133200,6944448.772000,12.147748,660
509528.133200,6944448.772000,12.006523,665
509528.133200,6944448.772000,11.495301,685
509528.133200,6944448.772000,11.382699,690
509528.133200,6944448.772000,11.270097,695
509528.133200,6944448.772000,11.157495,700
509528.133200,6944448.772000,11.044894,705
509528.133200,6944448.772000,10.444592,735
509528.133200,6944448.772000,10.351447,740
509528.133200,6944448.772000,10.258302,745
509528.133200,6944448.772000,10.165157,750
509528.133200,6944448.772000,10.072012,755
509528.133200,6944448.772000,9.485807,790
509528.133200,6944448.772000,9.405351,795
509528.133200,6944448.772000,9.324894,800
509528.133200,6944448.772000,9.244438,805
509528.133200,6944448.772000,9.163982,810
509528.133200,6944448.772000,9.083525,815
509528.133200,6944448.772000,9.003069,820
509528.133200,6944448.772000,8.929600,825
509528.133200,6944448.772000,8.856409,830
509528.133200,6944448.772000,8.783218,835
509528.133200,6944448.772000,8.710027,840
509528.133200,6944448.772000,8.636835,845
509528.133200,6944448.772000,8.563644,850
509528.133200,6944448.772000,8.490515,855
509528.133200,6944448.772000,8.417801,860
509528.133200,6944448.772000,8.345087,865
509528.133200,6944448.772000,8.272372,870
509528.133200,6944448.772000,8.199658,875
509528.133200,6944448.772000,8.126944,880
509528.133200,6944448.772000,8.054230,885
509528.133200,6944448.772000,7.981702,890
509528.133200,6944448.772000,7.909722,895
509528.133200,6944448.772000,7.837743,900
509528.133200,6944448.772000,7.765763,905
509528.133200,6944448.772000,7.693783,910
509528.133200,6944448.772000,7.621803,915
509528.133200,6944448.772000,7.549824,920
509528.133200,6944448.772000,7.478167,925
509528.133200,6944448.772000,7.407238,930
509528.133200,6944448.772000,7.336308,935
509528.133200,6944448.772000,7.265379,940
509528.133200,6944448.772000,7.194450,945
509528.133200,6944448.772000,7.123520,950
509528.133200,6944448.772000,7.052591,955
509528.133200,6944448.772000,6.978357,960
509528.133200,6944448.772000,6.894648,965
509528.133200,6944448.772000,6.810939,970
509528.133200,6944448.772000,6.727230,975
509528.133200,6944448.772000,6.643521,980
509528.133200,6944448.772000,6.559812,985
509528.133200,6944448.772000,6.458797,990
509528.133200,6944448.772000,6.314464,995
509528.133200,6944448.772000,6.170132,1000
509528.133200,6944448.772000,6.025800,1005
509528.169200,6944448.798000,9.000000,820
509528.170500,6944448.799000,16.500000,570
509528.175700,6944448.803000,22.000000,505
509528.182100,6944448.807000,19.500000,535
509528.183600,6944448.808000,11.500000,685
509528.223300,6944448.837000,13.500000,620
509528.248000,6944448.855000,17.000000,565
509528.249500,6944448.856000,26.000000,455
509528.261800,6944448.864000,14.000000,610
509528.284000,6944448.880000,20.000000,530
509528.289200,6944448.884000,32.500000,240
509528.290000,6944448.885000,5.500000,1010
509528.295800,6944448.889000,14.500000,600
509528.311700,6944448.900000,17.500000,560
509528.320100,6944448.906000,27.500000,415
509528.349500,6944448.927000,15.500000,585
509528.351200,6944448.928000,6.500000,985
509528.356800,6944448.932000,29.500000,330
509528.367300,6944448.940000,30.500000,285
509528.381900,6944448.950000,7.000000,955
509528.385100,6944448.953000,18.000000,555
509528.386100,6944448.953000,13.000000,635
509528.390800,6944448.957000,27.000000,430
509528.414200,6944448.973000,22.500000,500
509528.417500,6944448.976000,7.500000,920
509528.437600,6944448.990000,20.500000,525
509528.455300,6944449.003000,18.500000,550
509528.459100,6944449.006000,28.500000,375
509528.464800,6944449.010000,5.000000,1005
509528.465600,6944449.010000,25.000000,470
509528.471100,6944449.014000,28.000000,395
509528.475000,6944449.017000,16.000000,580
509528.493300,6944449.030000,12.500000,650
509528.508900,6944449.041000,8.000000,885
509528.519100,6944449.049000,32.000000,245
509528.539800,6944449.063000,32.877920,240
509528.539800,6944449.063000,32.444427,240
509528.539800,6944449.063000,33.793804,245
509528.539800,6944449.063000,31.995132,245
509528.539800,6944449.063000,34.494598,250
509528.539800,6944449.063000,31.632926,250
509528.539800,6944449.063000,31.399839,255
509528.539800,6944449.063000,31.241608,260
509528.539800,6944449.063000,31.083378,265
509528.539800,6944449.063000,30.927218,270
509528.539800,6944449.063000,30.773366,275
509528.539800,6944449.063000,30.619513,280
509528.539800,6944449.063000,30.474715,285
509528.539800,6944449.063000,30.361428,290
509528.539800,6944449.063000,30.248141,295
509528.539800,6944449.063000,30.134854,300
509528.539800,6944449.063000,30.021567,305
509528.539800,6944449.063000,29.910131,310
509528.539800,6944449.063000,29.799131,315
509528.539800,6944449.063000,29.688130,320
509528.539800,6944449.063000,29.577130,325
509528.539800,6944449.063000,29.466668,330
509528.539800,6944449.063000,29.357433,335
509528.539800,6944449.063000,29.248198,340
509528.539800,6944449.063000,29.138964,345
509528.539800,6944449.063000,29.029729,350
509528.539800,6944449.063000,28.920489,355
509528.539800,6944449.063000,28.811248,360
509528.539800,6944449.063000,28.702007,365
509528.539800,6944449.063000,28.592765,370
509528.539800,6944449.063000,28.481249,375
509528.539800,6944449.063000,28.356924,380
509528.539800,6944449.063000,28.232600,385
509528.539800,6944449.063000,28.108275,390
509528.539800,6944449.063000,27.982690,395
509528.539800,6944449.063000,27.848600,400
509528.539800,6944449.063000,27.714511,405
509528.539800,6944449.063000,27.580421,410
509528.539800,6944449.063000,27.436280,415
509528.539800,6944449.063000,27.277078,420
509528.539800,6944449.063000,27.117877,425
509528.539800,6944449.063000,26.950265,430
509528.539800,6944449.063000,26.758664,435
509528.539800,6944449.063000,26.567063,440
509528.539800,6944449.063000,26.355568,445
509528.539800,6944449.063000,26.133360,450
509528.539800,6944449.063000,25.886311,455
509528.539800,6944449.063000,25.601973,460
509528.539800,6944449.063000,25.297470,465
509528.539800,6944449.063000,24.978086,470
509528.539800,6944449.063000,24.600153,475
509528.539800,6944449.063000,24.205393,480
509528.539800,6944449.063000,23.794692,485
509528.539800,6944449.063000,23.374989,490
509528.539800,6944449.063000,22.958530,495
509528.539800,6944449.063000,22.542379,500
509528.539800,6944449.063000,22.144114,505
509528.539800,6944449.063000,21.746936,510
509528.539800,6944449.063000,21.357840,515
509528.539800,6944449.063000,20.981288,520
509528.539800,6944449.063000,20.571904,525
509528.539800,6944449.063000,20.190769,530
509528.539800,6944449.063000,19.801042,535
509528.539800,6944449.063000,19.396890,540
509528.539800,6944449.063000,18.994578,545
509528.539800,6944449.063000,18.579688,550
509528.539800,6944449.063000,18.156221,555
509528.539800,6944449.063000,17.731548,560
509528.539800,6944449.063000,17.303889,565
509528.539800,6944449.063000,16.875399,570
509528.539800,6944449.063000,16.457369,575
509528.539800,6944449.063000,16.060358,580
509528.539800,6944449.063000,15.671603,585
509528.539800,6944449.063000,15.318840,590
509528.539800,6944449.063000,14.993581,595
509528.539800,6944449.063000,14.670526,600
509528.539800,6944449.063000,14.382823,605
509528.539800,6944449.063000,14.134644,610
509528.539800,6944449.063000,13.887241,615
509528.539800,6944449.063000,13.640759,620
509528.539800,6944449.063000,13.419770,625
509528.539800,6944449.063000,13.232724,630
509528.539800,6944449.063000,13.045677,635
509528.539800,6944449.063000,12.865973,640
509528.539800,6944449.063000,12.688642,645
509528.539800,6944449.063000,12.511310,650
509528.539800,6944449.063000,12.363739,655
509528.539800,6944449.063000,12.218196,660
509528.539800,6944449.063000,12.072653,665
509528.539800,6944449.063000,11.934032,670
509528.539800,6944449.063000,11.802309,675
509528.539800,6944449.063000,11.670587,680
509528.539800,6944449.063000,11.538864,685
509528.539800,6944449.063000,11.418235,690
509528.539800,6944449.063000,11.302248,695
509528.539800,6944449.063000,11.186262,700
509528.539800,6944449.063000,11.070275,705
509528.539800,6944449.063000,10.959472,710
509528.539800,6944449.063000,10.856635,715
509528.539800,6944449.063000,10.753799,720
509528.539800,6944449.063000,10.650963,725
509528.539800,6944449.063000,10.548127,730
509528.539800,6944449.063000,10.448992,735
509528.539800,6944449.063000,10.353115,740
509528.539800,6944449.063000,10.257237,745
509528.539800,6944449.063000,10.161360,750
509528.539800,6944449.063000,10.065482,755
509528.539800,6944449.063000,9.973048,760
509528.539800,6944449.063000,9.888032,765
509528.539800,6944449.063000,9.803016,770
509528.539800,6944449.063000,9.718000,775
509528.539800,6944449.063000,9.632984,780
509528.539800,6944449.063000,9.547968,785
509528.539800,6944449.063000,9.463948,790
509528.539800,6944449.063000,9.381217,795
509528.539800,6944449.063000,9.298486,800
509528.539800,6944449.063000,9.215756,805
509528.539800,6944449.063000,9.133025,810
509528.539800,6944449.063000,9.050295,815
509528.539800,6944449.063000,8.970492,820
509528.539800,6944449.063000,8.895230,825
509528.539800,6944449.063000,8.819967,830
509528.539800,6944449.063000,8.744705,835
509528.539800,6944449.063000,8.669442,840
509528.539800,6944449.063000,8.594180,845
509528.539800,6944449.063000,8.518917,850
509528.539800,6944449.063000,8.444024,855
509528.539800,6944449.063000,8.369256,860
509528.539800,6944449.063000,8.294488,865
509528.539800,6944449.063000,8.219720,870
509528.539800,6944449.063000,8.144951,875
509528.539800,6944449.063000,8.070183,880
509528.539800,6944449.063000,7.995466,885
509528.539800,6944449.063000,7.921543,890
509528.539800,6944449.063000,7.847620,895
509528.539800,6944449.063000,7.773697,900
509528.539800,6944449.063000,7.699774,905
509528.539800,6944449.063000,7.625851,910
509528.539800,6944449.063000,7.551928,915
509528.539800,6944449.063000,7.478208,920
509528.539800,6944449.063000,7.404967,925
509528.539800,6944449.063000,7.331726,930
509528.539800,6944449.063000,7.258485,935
509528.539800,6944449.063000,7.185243,940
509528.539800,6944449.063000,7.112002,945
509528.539800,6944449.063000,7.038761,950
509528.539800,6944449.063000,6.959780,955
509528.539800,6944449.063000,6.874345,960
509528.539800,6944449.063000,6.788911,965
509528.539800,6944449.063000,6.703477,970
509528.539800,6944449.063000,6.618043,975
509528.539800,6944449.063000,6.532609,980
509528.539800,6944449.063000,6.438641,985
509528.539800,6944449.063000,6.339405,990
509528.539800,6944449.063000,6.240169,995
509528.539800,6944449.063000,6.140933,1000
509528.539800,6944449.063000,6.041697,1005
509528.539800,6944449.063000,5.044302,1005
509528.539800,6944449.063000,5.767877,1010
509528.539800,6944449.063000,5.317317,1010
509528.545300,6944449.067000,19.000000,545
509528.547700,6944449.069000,15.000000,595
509528.561300,6944449.079000,34.500000,250
509528.567200,6944449.083000,21.000000,520
509528.579900,6944449.092000,16.500000,575
509528.642200,6944449.137000,33.000000,240
509528.650400,6944449.143000,17.000000,570
509528.651000,6944449.143000,19.500000,540
509528.654800,6944449.146000,6.500000,980
509528.684600,6944449.167000,5.500000,1010
509528.691700,6944449.172000,30.000000,305
509528.706700,6944449.183000,29.000000,350
509528.711000,6944449.186000,17.500000,565
509528.719500,6944449.192000,7.000000,950
509528.720100,6944449.192000,8.500000,850
509528.731800,6944449.201000,23.000000,495
509528.735700,6944449.204000,14.500000,605
509528.738500,6944449.206000,13.500000,625
509528.744200,6944449.210000,14.000000,615
509528.754000,6944449.217000,15.500000,590
509528.754400,6944449.217000,26.500000,440
509528.755800,6944449.218000,6.000000,1005
509528.776400,6944449.233000,20.000000,535
509528.785900,6944449.240000,18.000000,560
509528.793100,6944449.245000,21.500000,515
509528.833500,6944449.274000,7.500000,915
509528.840100,6944449.278000,25.500000,460
509528.859600,6944449.292000,18.500000,555
509528.860900,6944449.293000,16.000000,585
509528.868800,6944449.299000,27.500000,410
509528.891500,6944449.315000,12.000000,670
509528.901100,6944449.322000,5.500000,1005
509528.938000,6944449.348000,13.000000,640
509528.946400,6944449.354000,33.099097,240
509528.946400,6944449.354000,32.385328,240
509528.946400,6944449.354000,33.912311,245
509528.946400,6944449.354000,31.914831,245
509528.946400,6944449.354000,31.522550,250
509528.946400,6944449.354000,31.349459,255
509528.946400,6944449.354000,31.189736,260
509528.946400,6944449.354000,31.030013,265
509528.946400,6944449.354000,30.872741,270
509528.946400,6944449.354000,30.716036,275
509528.946400,6944449.354000,30.559331,280
509528.946400,6944449.354000,30.427785,285
509528.946400,6944449.354000,30.311568,290
509528.946400,6944449.354000,30.195351,295
509528.946400,6944449.354000,30.079134,300
509528.946400,6944449.354000,29.963936,305
509528.946400,6944449.354000,29.850910,310
509528.946400,6944449.354000,29.737885,315
509528.946400,6944449.354000,29.624859,320
509528.946400,6944449.354000,29.511833,325
509528.946400,6944449.354000,29.400627,330
509528.946400,6944449.354000,29.289633,335
509528.946400,6944449.354000,29.178638,340
509528.946400,6944449.354000,29.067644,345
509528.946400,6944449.354000,28.956872,350
509528.946400,6944449.354000,28.846446,355
509528.946400,6944449.354000,28.736020,360
509528.946400,6944449.354000,28.625594,365
509528.946400,6944449.354000,28.515168,370
509528.946400,6944449.354000,28.391827,375
509528.946400,6944449.354000,28.266429,380
509528.946400,6944449.354000,28.141032,385
509528.946400,6944449.354000,28.015634,390
509528.946400,6944449.354000,27.882789,395
509528.946400,6944449.354000,27.748883,400
509528.946400,6944449.354000,27.614977,405
509528.946400,6944449.354000,27.477663,410
509528.946400,6944449.354000,27.319650,415
509528.946400,6944449.354000,27.161637,420
509528.946400,6944449.354000,27.003624,425
509528.946400,6944449.354000,26.816608,430
509528.946400,6944449.354000,26.628911,435
509528.946400,6944449.354000,26.433385,440
509528.946400,6944449.354000,26.220688,445
509528.946400,6944449.354000,26.007991,450
509528.946400,6944449.354000,25.737837,455
509528.946400,6944449.354000,25.462893,460
509528.946400,6944449.354000,25.170419,465
509528.946400,6944449.354000,24.856526,470
509528.946400,6944449.354000,24.512727,475
509528.946400,6944449.354000,24.156499,480
509528.946400,6944449.354000,23.790708,485
509528.946400,6944449.354000,23.417253,490
509528.946400,6944449.354000,23.041811,495
509528.946400,6944449.354000,22.673134,500
509528.946400,6944449.354000,22.307853,505
509528.946400,6944449.354000,21.944994,510
509528.946400,6944449.354000,21.583000,515
509528.946400,6944449.354000,21.225027,520
509528.946400,6944449.354000,20.864739,525
509528.946400,6944449.354000,20.498442,530
509528.946400,6944449.354000,20.130024,535
509528.946400,6944449.354000,19.756416,540
509528.946400,6944449.354000,19.373868,545
509528.946400,6944449.354000,18.978444,550
509528.946400,6944449.354000,18.586024,555
509528.946400,6944449.354000,18.172843,560
509528.946400,6944449.354000,17.757519,565
509528.946400,6944449.354000,17.339145,570
509528.946400,6944449.354000,16.912880,575
509528.946400,6944449.354000,16.492563,580
509528.946400,6944449.354000,16.090646,585
509528.946400,6944449.354000,15.696214,590
509528.946400,6944449.354000,15.332719,595
509528.946400,6944449.354000,14.998032,600
509528.946400,6944449.354000,14.667746,605
509528.946400,6944449.354000,14.373464,610
509528.946400,6944449.354000,14.116339,615
509528.946400,6944449.354000,13.862857,620
509528.946400,6944449.354000,13.612385,625
509528.946400,6944449.354000,13.392623,630
509528.946400,6944449.354000,13.197856,635
509528.946400,6944449.354000,13.003088,640
509528.946400,6944449.354000,12.821196,645
509528.946400,6944449.354000,12.639511,650
509528.946400,6944449.354000,12.464939,655
509528.946400,6944449.354000,12.313894,660
509528.946400,6944449.354000,12.162850,665
509528.946400,6944449.354000,12.011805,670
509528.946400,6944449.354000,11.874817,675
509528.946400,6944449.354000,11.739021,680
509528.946400,6944449.354000,11.603225,685
509528.946400,6944449.354000,11.471252,690
509528.946400,6944449.354000,11.351395,695
509528.946400,6944449.354000,11.231538,700
509528.946400,6944449.354000,11.111681,705
509528.946400,6944449.354000,10.992755,710
509528.946400,6944449.354000,10.886541,715
509528.946400,6944449.354000,10.780328,720
509528.946400,6944449.354000,10.674115,725
509528.946400,6944449.354000,10.567902,730
509528.946400,6944449.354000,10.464286,735
509528.946400,6944449.354000,10.365273,740
509528.946400,6944449.354000,10.266260,745
509528.946400,6944449.354000,10.167247,750
509528.946400,6944449.354000,10.068234,755
509528.946400,6944449.354000,9.972723,760
509528.946400,6944449.354000,9.884974,765
509528.946400,6944449.354000,9.797225,770
509528.946400,6944449.354000,9.709476,775
509528.946400,6944449.354000,9.621728,780
509528.946400,6944449.354000,9.533979,785
509528.946400,6944449.354000,9.447661,790
509528.946400,6944449.354000,9.362248,795
509528.946400,6944449.354000,9.276834,800
509528.946400,6944449.354000,9.191421,805
509528.946400,6944449.354000,9.106008,810
509528.946400,6944449.354000,9.020595,815
509528.946400,6944449.354000,8.941111,820
509528.946400,6944449.354000,8.863512,825
509528.946400,6944449.354000,8.785913,830
509528.946400,6944449.354000,8.708314,835
509528.946400,6944449.354000,8.630715,840
509528.946400,6944449.354000,8.553116,845
509528.946400,6944449.354000,8.475558,850
509528.946400,6944449.354000,8.398089,855
509528.946400,6944449.354000,8.320621,860
509528.946400,6944449.354000,8.243152,865
509528.946400,6944449.354000,8.165684,870
509528.946400,6944449.354000,8.088216,875
509528.946400,6944449.354000,8.010747,880
509528.946400,6944449.354000,7.934666,885
509528.946400,6944449.354000,7.858808,890
509528.946400,6944449.354000,7.782950,895
509528.946400,6944449.354000,7.707092,900
509528.946400,6944449.354000,7.631234,905
509528.946400,6944449.354000,7.555376,910
509528.946400,6944449.354000,7.479551,915
509528.946400,6944449.354000,7.403815,920
509528.946400,6944449.354000,7.328078,925
509528.946400,6944449.354000,7.252342,930
509528.946400,6944449.354000,7.176606,935
509528.946400,6944449.354000,7.100869,940
509528.946400,6944449.354000,7.025133,945
509528.946400,6944449.354000,6.941399,950
509528.946400,6944449.354000,6.853693,955
509528.946400,6944449.354000,6.765988,960
509528.946400,6944449.354000,6.678282,965
509528.946400,6944449.354000,6.590576,970
509528.946400,6944449.354000,6.502871,975
509528.946400,6944449.354000,6.413582,980
509528.946400,6944449.354000,6.324241,985
509528.946400,6944449.354000,6.234899,990
509528.946400,6944449.354000,6.145558,995
509528.946400,6944449.354000,6.056216,1000
509528.948000,6944449.356000,15.000000,600
509528.948400,6944449.356000,20.500000,530
509528.951500,6944449.358000,16.500000,580
509528.955200,6944449.361000,6.500000,975
509528.959900,6944449.364000,27.000000,425
509528.965500,6944449.368000,19.000000,550
509528.972400,6944449.373000,26.000000,450
509528.986200,6944449.383000,11.000000,710
509529.005900,6944449.397000,17.000000,575
509529.020800,6944449.408000,24.500000,475
509529.023700,6944449.410000,28.000000,390
509529.027100,6944449.412000,8.000000,880
509529.029700,6944449.414000,12.500000,655
509529.040500,6944449.422000,28.500000,370
509529.050800,6944449.429000,29.500000,325
509529.055900,6944449.433000,17.500000,570
509529.058000,6944449.434000,11.500000,690
509529.058800,6944449.435000,7.000000,945
509529.065700,6944449.440000,19.500000,545
509529.074100,6944449.446000,22.000000,510
509529.085700,6944449.454000,15.500000,595
509529.089000,6944449.456000,14.500000,610
509529.104100,6944449.467000,14.000000,620
509529.109400,6944449.471000,6.000000,1000
509529.117700,6944449.477000,13.500000,630
509529.127300,6944449.484000,18.000000,565
509529.144300,6944449.496000,21.000000,525
509529.160800,6944449.508000,16.000000,590
509529.196200,6944449.533000,18.500000,560
509529.217400,6944449.548000,20.000000,540
509529.221800,6944449.551000,31.500000,250
509529.224900,6944449.554000,6.500000,970
509529.225500,6944449.554000,15.000000,605
509529.229100,6944449.557000,16.500000,585
509529.241200,6944449.565000,7.500000,910
509529.243000,6944449.567000,10.500000,735
509529.261800,6944449.580000,13.000000,645
509529.293400,6944449.603000,17.000000,580
509529.306600,6944449.612000,12.000000,675
509529.313600,6944449.617000,19.000000,555
509529.347100,6944449.641000,17.500000,575
509529.352900,6944449.645000,33.097685,240
509529.352900,6944449.645000,32.369055,240
509529.352900,6944449.645000,33.892992,245
509529.352900,6944449.645000,31.884074,245
509529.352900,6944449.645000,31.495486,250
509529.352900,6944449.645000,31.330619,255
509529.352900,6944449.645000,31.165753,260
509529.352900,6944449.645000,31.000886,265
509529.352900,6944449.645000,30.839422,270
509529.352900,6944449.645000,30.677977,275
509529.352900,6944449.645000,30.516531,280
509529.352900,6944449.645000,30.394416,285
509529.352900,6944449.645000,30.276788,290
509529.352900,6944449.645000,30.159160,295
509529.352900,6944449.645000,30.041532,300
509529.352900,6944449.645000,29.925539,305
509529.352900,6944449.645000,29.810438,310
509529.352900,6944449.645000,29.695337,315
509529.352900,6944449.645000,29.580236,320
509529.352900,6944449.645000,29.465653,325
509529.352900,6944449.645000,29.352261,330
509529.352900,6944449.645000,29.238870,335
509529.352900,6944449.645000,29.125478,340
509529.352900,6944449.645000,29.012087,345
509529.352900,6944449.645000,28.899338,350
509529.352900,6944449.645000,28.786666,355
509529.352900,6944449.645000,28.673993,360
509529.352900,6944449.645000,28.561321,365
509529.352900,6944449.645000,28.441947,370
509529.352900,6944449.645000,28.314573,375
509529.352900,6944449.645000,28.187198,380
509529.352900,6944449.645000,28.059824,385
509529.352900,6944449.645000,27.927927,390
509529.352900,6944449.645000,27.792026,395
509529.352900,6944449.645000,27.656125,400
509529.352900,6944449.645000,27.520223,405
509529.352900,6944449.645000,27.366301,410
509529.352900,6944449.645000,27.209227,415
509529.352900,6944449.645000,27.052154,420
509529.352900,6944449.645000,26.875782,425
509529.352900,6944449.645000,26.689818,430
509529.352900,6944449.645000,26.503854,435
509529.352900,6944449.645000,26.298526,440
509529.352900,6944449.645000,26.092788,445
509529.352900,6944449.645000,25.859487,450
509529.352900,6944449.645000,25.603543,455
509529.352900,6944449.645000,25.337616,460
509529.352900,6944449.645000,25.064906,465
509529.352900,6944449.645000,24.761418,470
509529.352900,6944449.645000,24.446102,475
509529.352900,6944449.645000,24.119584,480
509529.352900,6944449.645000,23.785421,485
509529.352900,6944449.645000,23.446543,490
509529.352900,6944449.645000,23.106074,495
509529.352900,6944449.645000,22.768569,500
509529.352900,6944449.645000,22.434404,505
509529.352900,6944449.645000,22.108176,510
509529.352900,6944449.645000,21.774827,515
509529.352900,6944449.645000,21.441464,520
509529.352900,6944449.645000,21.123684,525
509529.352900,6944449.645000,20.791361,530
509529.352900,6944449.645000,20.450006,535
509529.352900,6944449.645000,20.110017,540
509529.352900,6944449.645000,19.765777,545
509529.352900,6944449.645000,19.413606,550
509529.352900,6944449.645000,19.041964,555
509529.352900,6944449.645000,18.677842,560
509529.352900,6944449.645000,18.294684,565
509529.352900,6944449.645000,17.896100,570
509529.352900,6944449.645000,17.507814,575
509529.352900,6944449.645000,17.087215,580
509529.352900,6944449.645000,16.679982,585
509529.352900,6944449.645000,16.277970,590
509529.352900,6944449.645000,15.878878,595
509529.352900,6944449.645000,15.486143,600
509529.352900,6944449.645000,15.152943,605
509529.352900,6944449.645000,14.813700,610
509529.352900,6944449.645000,14.477194,615
509529.352900,6944449.645000,14.221113,620
509529.352900,6944449.645000,13.963946,625
509529.352900,6944449.645000,13.699908,630
509529.352900,6944449.645000,13.451943,635
509529.352900,6944449.645000,13.254083,640
509529.352900,6944449.645000,13.056224,645
509529.352900,6944449.645000,12.863185,650
509529.352900,6944449.645000,12.672060,655
509529.352900,6944449.645000,12.484502,660
509529.352900,6944449.645000,12.329143,665
509529.352900,6944449.645000,12.173784,670
509529.352900,6944449.645000,12.018425,675
509529.352900,6944449.645000,11.874623,680
509529.352900,6944449.645000,11.732377,685
509529.352900,6944449.645000,11.590130,690
509529.352900,6944449.645000,11.454133,695
509529.352900,6944449.645000,11.328942,700
509529.352900,6944449.645000,11.203751,705
509529.352900,6944449.645000,11.078560,710
509529.352900,6944449.645000,10.958670,715
509529.352900,6944449.645000,10.847709,720
509529.352900,6944449.645000,10.736749,725
509529.352900,6944449.645000,10.625788,730
509529.352900,6944449.645000,10.514828,735
509529.352900,6944449.645000,10.410413,740
509529.352900,6944449.645000,10.307007,745
509529.352900,6944449.645000,10.203602,750
509529.352900,6944449.645000,10.100197,755
509529.352900,6944449.645000,9.997158,760
509529.352900,6944449.645000,9.448980,790
509529.352900,6944449.645000,9.359837,795
509529.352900,6944449.645000,9.270694,800
509529.352900,6944449.645000,9.181551,805
509529.352900,6944449.645000,9.092408,810
509529.352900,6944449.645000,9.003266,815
509529.352900,6944449.645000,8.517278,845
509529.352900,6944449.645000,8.436844,850
509529.352900,6944449.645000,8.356549,855
509529.352900,6944449.645000,8.276254,860
509529.352900,6944449.645000,8.195959,865
509529.352900,6944449.645000,8.115664,870
509529.352900,6944449.645000,8.035369,875
509529.352900,6944449.645000,7.955473,880
509529.352900,6944449.645000,7.875891,885
509529.352900,6944449.645000,7.796309,890
509529.352900,6944449.645000,7.716727,895
509529.352900,6944449.645000,7.637145,900
509529.352900,6944449.645000,7.557563,905
509529.352900,6944449.645000,7.478411,910
509529.352900,6944449.645000,7.400386,915
509529.352900,6944449.645000,7.322360,920
509529.352900,6944449.645000,7.244335,925
509529.352900,6944449.645000,7.166309,930
509529.352900,6944449.645000,7.088284,935
509529.352900,6944449.645000,7.010258,940
509529.352900,6944449.645000,6.919489,945
509529.352900,6944449.645000,6.826791,950
509529.352900,6944449.645000,6.734092,955
509529.352900,6944449.645000,6.641394,960
509529.352900,6944449.645000,6.548696,965
509529.352900,6944449.645000,6.457121,970
509529.352900,6944449.645000,6.366789,975
509529.352900,6944449.645000,6.276456,980
509529.352900,6944449.645000,6.186124,985
509529.352900,6944449.645000,6.095792,990
509529.352900,6944449.645000,6.005460,995
509529.352900,6944449.645000,5.726719,1000
509529.364300,6944449.654000,15.500000,600
509529.365300,6944449.654000,26.500000,435
509529.365400,6944449.654000,31.000000,265
509529.367700,6944449.656000,6.000000,995
509529.378200,6944449.663000,14.500000,615
509529.391500,6944449.673000,12.500000,660
509529.393600,6944449.674000,14.000000,625
509529.398000,6944449.678000,7.000000,940
509529.402000,6944449.680000,10.000000,760
509529.418600,6944449.692000,20.500000,535
509529.428300,6944449.699000,8.429641,855
509529.430500,6944449.701000,13.500000,635
509529.432100,6944449.702000,9.000000,815
509529.432600,6944449.702000,18.000000,570
509529.437700,6944449.706000,16.000000,595
509529.437900,6944449.706000,19.500000,550
509529.440500,6944449.708000,27.500000,405
509529.442700,6944449.710000,29.000000,345
509529.462300,6944449.724000,21.500000,520
509529.505100,6944449.754000,15.000000,610
509529.506600,6944449.755000,16.500000,590
509529.506600,6944449.755000,6.500000,965
509529.514100,6944449.761000,18.500000,565
509529.517600,6944449.763000,30.500000,280
509529.541100,6944449.780000,11.500000,695
509529.544100,6944449.782000,27.000000,420
509529.553100,6944449.789000,8.500000,845
509529.558700,6944449.793000,22.500000,505
509529.576300,6944449.805000,17.000000,585
509529.590200,6944449.815000,11.000000,715
509529.594100,6944449.818000,13.000000,650
509529.595500,6944449.819000,25.000000,465
509529.605400,6944449.826000,20.000000,545
509529.612400,6944449.831000,6.000000,990
509529.615600,6944449.833000,8.000000,875
509529.636400,6944449.848000,17.500000,580
509529.638000,6944449.849000,15.500000,605
509529.639700,6944449.851000,19.000000,560
509529.642700,6944449.853000,26.000000,445
509529.642800,6944449.853000,21.000000,530
509529.653100,6944449.860000,28.000000,385
509529.661600,6944449.866000,14.500000,620
509529.670000,6944449.872000,7.500000,905
509529.673300,6944449.875000,25.500000,455
509529.691100,6944449.887000,14.000000,630
509529.714200,6944449.904000,16.000000,600
509529.730400,6944449.916000,18.000000,575
509529.731800,6944449.917000,12.000000,680
509529.738200,6944449.921000,28.500000,365
509529.740600,6944449.923000,7.000000,935
509529.749900,6944449.930000,13.500000,640
509529.759500,6944449.936000,33.096273,240
509529.759500,6944449.936000,32.352501,240
509529.759500,6944449.936000,33.874347,245
509529.759500,6944449.936000,31.857784,245
509529.759500,6944449.936000,31.485481,250
509529.759500,6944449.936000,31.313936,255
509529.759500,6944449.936000,31.142390,260
509529.759500,6944449.936000,30.971857,265
509529.759500,6944449.936000,30.806266,270
509529.759500,6944449.936000,30.640675,275
509529.759500,6944449.936000,30.482035,280
509529.759500,6944449.936000,30.362644,285
509529.759500,6944449.936000,30.243252,290
509529.759500,6944449.936000,30.123860,295
509529.759500,6944449.936000,30.004469,300
509529.759500,6944449.936000,29.887076,305
509529.759500,6944449.936000,29.769762,310
509529.759500,6944449.936000,29.652447,315
509529.759500,6944449.936000,29.535133,320
509529.759500,6944449.936000,29.419001,325
509529.759500,6944449.936000,29.303374,330
509529.759500,6944449.936000,29.187747,335
509529.759500,6944449.936000,29.072121,340
509529.759500,6944449.936000,28.956712,345
509529.759500,6944449.936000,28.841666,350
509529.759500,6944449.936000,28.726620,355
509529.759500,6944449.936000,28.611573,360
509529.759500,6944449.936000,28.496093,365
509529.759500,6944449.936000,28.366685,370
509529.759500,6944449.936000,28.237276,375
509529.759500,6944449.936000,28.107868,380
509529.759500,6944449.936000,27.977037,385
509529.759500,6944449.936000,27.839085,390
509529.759500,6944449.936000,27.701133,395
509529.759500,6944449.936000,27.563181,400
509529.759500,6944449.936000,27.414455,405
509529.759500,6944449.936000,27.256625,410
509529.759500,6944449.936000,27.098795,415
509529.759500,6944449.936000,26.931138,420
509529.759500,6944449.936000,26.747033,425
509529.759500,6944449.936000,26.562929,430
509529.759500,6944449.936000,26.367100,435
509529.759500,6944449.936000,26.165182,440
509529.759500,6944449.936000,25.956119,445
509529.759500,6944449.936000,25.714925,450
509529.759500,6944449.936000,25.472046,455
509529.759500,6944449.936000,25.215375,460
509529.759500,6944449.936000,24.954130,465
509529.759500,6944449.936000,24.669026,470
509529.759500,6944449.936000,24.379154,475
509529.759500,6944449.936000,24.082340,480
509529.759500,6944449.936000,23.780130,485
509529.759500,6944449.936000,23.475696,490
509529.759500,6944449.936000,23.169507,495
509529.759500,6944449.936000,22.864120,500
509529.759500,6944449.936000,22.559729,505
509529.759500,6944449.936000,22.270484,510
509529.759500,6944449.936000,21.983021,515
509529.759500,6944449.936000,21.661127,520
509529.759500,6944449.936000,21.356938,525
509529.759500,6944449.936000,21.070493,530
509529.759500,6944449.936000,20.751557,535
509529.759500,6944449.936000,20.428265,540
509529.759500,6944449.936000,20.125128,545
509529.759500,6944449.936000,19.799813,550
509529.759500,6944449.936000,19.459586,555
509529.759500,6944449.936000,19.124303,560
509529.759500,6944449.936000,18.776297,565
509529.759500,6944449.936000,18.415639,570
509529.759500,6944449.936000,18.036991,575
509529.759500,6944449.936000,17.660195,580
509529.759500,6944449.936000,17.265488,585
509529.759500,6944449.936000,16.861503,590
509529.759500,6944449.936000,16.464928,595
509529.759500,6944449.936000,16.065437,600
509529.759500,6944449.936000,15.673462,605
509529.759500,6944449.936000,15.309731,610
509529.759500,6944449.936000,14.966951,615
509529.759500,6944449.936000,14.619954,620
509529.759500,6944449.936000,14.326391,625
509529.759500,6944449.936000,14.061057,630
509529.759500,6944449.936000,13.786149,635
509529.759500,6944449.936000,13.508379,640
509529.759500,6944449.936000,13.302935,645
509529.759500,6944449.936000,13.099740,650
509529.759500,6944449.936000,12.896585,655
509529.759500,6944449.936000,12.693467,660
509529.759500,6944449.936000,12.492366,665
509529.759500,6944449.936000,12.331704,670
509529.759500,6944449.936000,12.171043,675
509529.759500,6944449.936000,12.010381,680
509529.759500,6944449.936000,11.860832,685
509529.759500,6944449.936000,11.712051,690
509529.759500,6944449.936000,11.563269,695
509529.759500,6944449.936000,11.425172,700
509529.759500,6944449.936000,11.294981,705
509529.759500,6944449.936000,11.164789,710
509529.759500,6944449.936000,11.034597,715
509529.759500,6944449.936000,10.455540,740
509529.759500,6944449.936000,10.347751,745
509529.759500,6944449.936000,10.239962,750
509529.759500,6944449.936000,10.132174,755
509529.759500,6944449.936000,10.024385,760
509529.759500,6944449.936000,9.450296,790
509529.759500,6944449.936000,9.357420,795
509529.759500,6944449.936000,9.264545,800
509529.759500,6944449.936000,9.171670,805
509529.759500,6944449.936000,9.078795,810
509529.759500,6944449.936000,8.987220,815
509529.759500,6944449.936000,8.481587,845
509529.759500,6944449.936000,8.397960,850
509529.759500,6944449.936000,8.314332,855
509529.759500,6944449.936000,8.230705,860
509529.759500,6944449.936000,8.147077,865
509529.759500,6944449.936000,8.063450,870
509529.759500,6944449.936000,7.980016,875
509529.759500,6944449.936000,7.897193,880
509529.759500,6944449.936000,7.814371,885
509529.759500,6944449.936000,7.731548,890
509529.759500,6944449.936000,7.648725,895
509529.759500,6944449.936000,7.565902,900
509529.759500,6944449.936000,7.483388,905
509529.759500,6944449.936000,7.402074,910
509529.759500,6944449.936000,7.320760,915
509529.759500,6944449.936000,7.239447,920
509529.759500,6944449.936000,7.158133,925
509529.759500,6944449.936000,7.076819,930
509529.759500,6944449.936000,6.994676,935
509529.759500,6944449.936000,6.898351,940
509529.759500,6944449.936000,6.802026,945
509529.759500,6944449.936000,6.705701,950
509529.759500,6944449.936000,6.609376,955
509529.759500,6944449.936000,6.513051,960
509529.759500,6944449.936000,6.417868,965
509529.759500,6944449.936000,6.322864,970
509529.759500,6944449.936000,6.227860,975
509529.759500,6944449.936000,6.132856,980
509529.759500,6944449.936000,6.037852,985
509529.759500,6944449.936000,5.911025,990
509529.759500,6944449.936000,5.763121,995
509529.759500,6944449.936000,5.615216,1000
509529.778000,6944449.950000,12.500000,665
509529.783600,6944449.954000,16.500000,595
509529.786600,6944449.956000,15.000000,615
509529.797500,6944449.964000,22.000000,515
509529.799900,6944449.965000,19.500000,555
509529.802400,6944449.967000,6.500000,960
509529.809600,6944449.972000,30.000000,300
509529.827600,6944449.985000,18.500000,570
509529.851500,6944450.002000,20.500000,540
509529.856500,6944450.006000,17.000000,590
509529.865000,6944450.012000,6.000000,985
509529.914200,6944450.047000,15.500000,610
509529.924100,6944450.054000,17.500000,585
509529.947100,6944450.071000,13.000000,655
509529.950500,6944450.073000,14.500000,625
509529.960500,6944450.080000,26.500000,430
509529.961400,6944450.081000,19.000000,565
509529.965800,6944450.084000,5.500000,1000
509529.980100,6944450.094000,20.000000,550
509529.989000,6944450.101000,16.000000,605
509530.002300,6944450.110000,14.000000,635
509530.014500,6944450.119000,21.500000,525
509530.021900,6944450.124000,18.000000,580
509530.037600,6944450.135000,27.500000,400
509530.058100,6944450.150000,16.500000,600
509530.066600,6944450.156000,13.500000,645
509530.070900,6944450.159000,15.000000,620
509530.072400,6944450.160000,11.500000,700
509530.074900,6944450.162000,29.500000,320
509530.089900,6944450.173000,7.000000,930
509530.091300,6944450.174000,23.500000,490
509530.116000,6944450.192000,27.000000,415
509530.116000,6944450.192000,21.000000,535
509530.118700,6944450.193000,6.500000,955
509530.129900,6944450.201000,6.000000,980
509530.133300,6944450.204000,18.500000,575
509530.134100,6944450.204000,17.000000,595
509530.134500,6944450.205000,19.500000,560
509530.136800,6944450.206000,7.500000,900
509530.160500,6944450.223000,10.500000,740
509530.166000,6944450.227000,12.500000,670
509530.166100,6944450.227000,33.094860,240
509530.166100,6944450.227000,32.335566,240
509530.166100,6944450.227000,33.856301,245
509530.166100,6944450.227000,31.832430,245
509530.166100,6944450.227000,31.473396,250
509530.166100,6944450.227000,31.295528,255
509530.166100,6944450.227000,31.117660,260
509530.166100,6944450.227000,30.943550,265
509530.166100,6944450.227000,30.776784,270
509530.166100,6944450.227000,30.610017,275
509530.166100,6944450.227000,30.458232,280
509530.166100,6944450.227000,30.335490,285
509530.166100,6944450.227000,30.212748,290
509530.166100,6944450.227000,30.090005,295
509530.166100,6944450.227000,29.968097,300
509530.166100,6944450.227000,29.848482,305
509530.166100,6944450.227000,29.728866,310
509530.166100,6944450.227000,29.609251,315
509530.166100,6944450.227000,29.489798,320
509530.166100,6944450.227000,29.372049,325
509530.166100,6944450.227000,29.254301,330
509530.166100,6944450.227000,29.136553,335
509530.166100,6944450.227000,29.018804,340
509530.166100,6944450.227000,28.901405,345
509530.166100,6944450.227000,28.784072,350
509530.166100,6944450.227000,28.666739,355
509530.166100,6944450.227000,28.549406,360
509530.166100,6944450.227000,28.423714,365
509530.166100,6944450.227000,28.291942,370
509530.166100,6944450.227000,28.160169,375
509530.166100,6944450.227000,28.028397,380
509530.166100,6944450.227000,27.890217,385
509530.166100,6944450.227000,27.750276,390
509530.166100,6944450.227000,27.610335,395
509530.166100,6944450.227000,27.466134,400
509530.166100,6944450.227000,27.306057,405
509530.166100,6944450.227000,27.145979,410
509530.166100,6944450.227000,26.983919,415
509530.166100,6944450.227000,26.801332,420
509530.166100,6944450.227000,26.618744,425
509530.166100,6944450.227000,26.430179,430
509530.166100,6944450.227000,26.230498,435
509530.166100,6944450.227000,26.030817,440
509530.166100,6944450.227000,25.804236,445
509530.166100,6944450.227000,25.572746,450
509530.166100,6944450.227000,25.335403,455
509530.166100,6944450.227000,25.095376,460
509530.166100,6944450.227000,24.841439,465
509530.166100,6944450.227000,24.578329,470
509530.166100,6944450.227000,24.313617,475
509530.166100,6944450.227000,24.048226,480
509530.166100,6944450.227000,23.777179,485
509530.166100,6944450.227000,23.504877,490
509530.166100,6944450.227000,23.232294,495
509530.166100,6944450.227000,22.959594,500
509530.166100,6944450.227000,22.686241,505
509530.166100,6944450.227000,22.412947,510
509530.166100,6944450.227000,22.139781,515
509530.166100,6944450.227000,21.863253,520
509530.166100,6944450.227000,21.583201,525
509530.166100,6944450.227000,21.305697,530
509530.166100,6944450.227000,21.029269,535
509530.166100,6944450.227000,20.737598,540
509530.166100,6944450.227000,20.443514,545
509530.166100,6944450.227000,20.146843,550
509530.166100,6944450.227000,19.842141,555
509530.166100,6944450.227000,19.529567,560
509530.166100,6944450.227000,19.206735,565
509530.166100,6944450.227000,18.876875,570
509530.166100,6944450.227000,18.536504,575
509530.166100,6944450.227000,18.178572,580
509530.166100,6944450.227000,17.813210,585
509530.166100,6944450.227000,17.439052,590
509530.166100,6944450.227000,17.045448,595
509530.166100,6944450.227000,16.653943,600
509530.166100,6944450.227000,16.257733,605
509530.166100,6944450.227000,15.859199,610
509530.166100,6944450.227000,15.466800,615
509530.166100,6944450.227000,15.117157,620
509530.166100,6944450.227000,14.763144,625
509530.166100,6944450.227000,14.426638,630
509530.166100,6944450.227000,14.145856,635
509530.166100,6944450.227000,13.866127,640
509530.166100,6944450.227000,13.587536,645
509530.166100,6944450.227000,13.349628,650
509530.166100,6944450.227000,13.130360,655
509530.166100,6944450.227000,12.915724,660
509530.166100,6944450.227000,12.707881,665
509530.166100,6944450.227000,12.500037,670
509530.166100,6944450.227000,12.329724,675
509530.166100,6944450.227000,12.159418,680
509530.166100,6944450.227000,11.990121,685
509530.166100,6944450.227000,11.835609,690
509530.166100,6944450.227000,11.681097,695
509530.166100,6944450.227000,11.526585,700
509530.166100,6944450.227000,11.387561,705
509530.166100,6944450.227000,11.251756,710
509530.166100,6944450.227000,11.115950,715
509530.166100,6944450.227000,10.982394,720
509530.166100,6944450.227000,10.861968,725
509530.166100,6944450.227000,10.741542,730
509530.166100,6944450.227000,10.621117,735
509530.166100,6944450.227000,10.500691,740
509530.166100,6944450.227000,10.388481,745
509530.166100,6944450.227000,10.276318,750
509530.166100,6944450.227000,10.164156,755
509530.166100,6944450.227000,10.051993,760
509530.166100,6944450.227000,9.946734,765
509530.166100,6944450.227000,9.847440,770
509530.166100,6944450.227000,9.748146,775
509530.166100,6944450.227000,9.648853,780
509530.166100,6944450.227000,9.549559,785
509530.166100,6944450.227000,9.451609,790
509530.166100,6944450.227000,9.354999,795
509530.166100,6944450.227000,9.258388,800
509530.166100,6944450.227000,9.161778,805
509530.166100,6944450.227000,9.065168,810
509530.166100,6944450.227000,8.971475,815
509530.166100,6944450.227000,8.883829,820
509530.166100,6944450.227000,8.796184,825
509530.166100,6944450.227000,8.708539,830
509530.166100,6944450.227000,8.620893,835
509530.166100,6944450.227000,8.533248,840
509530.166100,6944450.227000,8.445741,845
509530.166100,6944450.227000,8.358320,850
509530.166100,6944450.227000,8.270898,855
509530.166100,6944450.227000,8.183476,860
509530.166100,6944450.227000,8.096055,865
509530.166100,6944450.227000,8.008633,870
509530.166100,6944450.227000,7.922831,875
509530.166100,6944450.227000,7.837207,880
509530.166100,6944450.227000,7.751582,885
509530.166100,6944450.227000,7.665957,890
509530.166100,6944450.227000,7.580333,895
509530.166100,6944450.227000,7.494712,900
509530.166100,6944450.227000,7.409154,905
509530.166100,6944450.227000,7.323597,910
509530.166100,6944450.227000,7.238039,915
509530.166100,6944450.227000,7.152481,920
509530.166100,6944450.227000,7.066923,925
509530.166100,6944450.227000,6.978512,930
509530.166100,6944450.227000,6.879850,935
509530.166100,6944450.227000,6.781188,940
509530.166100,6944450.227000,6.682526,945
509530.166100,6944450.227000,6.583864,950
509530.166100,6944450.227000,6.485042,955
509530.166100,6944450.227000,6.385306,960
509530.166100,6944450.227000,6.285571,965
509530.166100,6944450.227000,6.185835,970
509530.166100,6944450.227000,6.086100,975
509530.166100,6944450.227000,5.979776,980
509530.166100,6944450.227000,5.831851,985
509530.166100,6944450.227000,5.683926,990
509530.166100,6944450.227000,5.536000,995
509530.166100,6944450.227000,5.213156,1000
509530.186300,6944450.242000,12.000000,685
509530.188600,6944450.243000,15.500000,615
509530.205900,6944450.256000,17.500000,590
509530.210300,6944450.259000,5.500000,995
509530.219800,6944450.266000,8.000000,870
509530.229100,6944450.273000,14.500000,630
509530.229300,6944450.273000,11.000000,720
509530.237200,6944450.278000,29.967436,305
509530.237200,6944450.278000,9.258752,805
509530.238200,6944450.279000,31.475566,255
509530.241400,6944450.281000,28.775947,355
509530.244900,6944450.284000,22.972758,505
509530.246200,6944450.285000,20.500000,545
509530.252000,6944450.289000,16.000000,610
509530.262300,6944450.296000,26.000000,440
509530.267100,6944450.300000,27.436895,405
509530.267200,6944450.300000,10.294104,755
509530.270500,6944450.302000,25.540430,455
509530.275300,6944450.306000,13.000000,660
509530.282400,6944450.311000,19.000000,570
509530.285000,6944450.312000,14.000000,640
509530.306900,6944450.328000,18.000000,585
509530.312300,6944450.332000,28.000000,380
509530.313900,6944450.333000,16.500000,605
509530.319600,6944450.337000,11.597377,705
509530.325600,6944450.342000,15.000000,625
509530.344200,6944450.355000,13.500000,650
509530.351200,6944450.360000,6.000000,975
509530.358000,6944450.365000,6.500000,950
509530.358100,6944450.365000,20.000000,555
509530.364100,6944450.369000,13.522387,655
509530.390600,6944450.388000,17.000000,600
509530.392100,6944450.389000,5.500000,990
509530.393000,6944450.390000,29.000000,340
509530.399800,6944450.395000,7.000000,925
509530.401200,6944450.396000,25.500000,450
509530.407800,6944450.400000,23.000000,500
509530.420500,6944450.410000,18.500000,580
509530.425200,6944450.413000,15.500000,620
509530.432900,6944450.418000,34.500000,250
509530.447600,6944450.429000,20.347948,555
509530.448500,6944450.430000,12.500000,675
509530.456300,6944450.435000,11.500000,705
509530.463300,6944450.440000,17.500000,595
509530.467400,6944450.443000,19.500000,565
509530.470200,6944450.445000,14.500000,635
509530.494200,6944450.462000,16.000000,615
509530.495700,6944450.463000,8.500000,840
509530.498600,6944450.465000,7.500000,895
509530.502900,6944450.468000,12.000000,690
509530.508400,6944450.472000,22.500000,510
509530.515600,6944450.478000,26.500000,425
509530.523700,6944450.483000,22.000000,520
509530.526000,6944450.485000,5.000000,1000
509530.532300,6944450.490000,14.000000,645
509530.542400,6944450.497000,28.500000,360
509530.544600,6944450.498000,13.000000,665
509530.557500,6944450.508000,16.500000,610
509530.565400,6944450.513000,15.000000,630
509530.565600,6944450.513000,6.000000,970
509530.572700,6944450.518000,32.377478,240
509530.572700,6944450.518000,33.016333,240
509530.572700,6944450.518000,31.870923,245
509530.572700,6944450.518000,33.769194,245
509530.572700,6944450.518000,34.482274,250
509530.572700,6944450.518000,31.485640,250
509530.572700,6944450.518000,31.309246,255
509530.572700,6944450.518000,31.132851,260
509530.572700,6944450.518000,30.958381,265
509530.572700,6944450.518000,30.789782,270
509530.572700,6944450.518000,30.621183,275
509530.572700,6944450.518000,30.464758,280
509530.572700,6944450.518000,30.339448,285
509530.572700,6944450.518000,30.214138,290
509530.572700,6944450.518000,30.088828,295
509530.572700,6944450.518000,29.964313,300
509530.572700,6944450.518000,29.841732,305
509530.572700,6944450.518000,29.719151,310
509530.572700,6944450.518000,29.596570,315
509530.572700,6944450.518000,29.474032,320
509530.572700,6944450.518000,29.351654,325
509530.572700,6944450.518000,29.229277,330
509530.572700,6944450.518000,29.106899,335
509530.572700,6944450.518000,28.984547,340
509530.572700,6944450.518000,28.862373,345
509530.572700,6944450.518000,28.740200,350
509530.572700,6944450.518000,28.618027,355
509530.572700,6944450.518000,28.495351,360
509530.572700,6944450.518000,28.358365,365
509530.572700,6944450.518000,28.221379,370
509530.572700,6944450.518000,28.084392,375
509530.572700,6944450.518000,27.944238,380
509530.572700,6944450.518000,27.799001,385
509530.572700,6944450.518000,27.653763,390
509530.572700,6944450.518000,27.508526,395
509530.572700,6944450.518000,27.348469,400
509530.572700,6944450.518000,27.187487,405
509530.572700,6944450.518000,27.026505,410
509530.572700,6944450.518000,26.846955,415
509530.572700,6944450.518000,26.663746,420
509530.572700,6944450.518000,26.479635,425
509530.572700,6944450.518000,26.287942,430
509530.572700,6944450.518000,26.096249,435
509530.572700,6944450.518000,25.890267,440
509530.572700,6944450.518000,25.669875,445
509530.572700,6944450.518000,25.448753,450
509530.572700,6944450.518000,25.225175,455
509530.572700,6944450.518000,25.001597,460
509530.572700,6944450.518000,24.757328,465
509530.572700,6944450.518000,24.512911,470
509530.572700,6944450.518000,24.267927,475
509530.572700,6944450.518000,24.022911,480
509530.572700,6944450.518000,23.772690,485
509530.572700,6944450.518000,23.521932,490
509530.572700,6944450.518000,23.273380,495
509530.572700,6944450.518000,23.025040,500
509530.572700,6944450.518000,22.770509,505
509530.572700,6944450.518000,22.515284,510
509530.572700,6944450.518000,22.265799,515
509530.572700,6944450.518000,22.016679,520
509530.572700,6944450.518000,21.754651,525
509530.572700,6944450.518000,21.491942,530
509530.572700,6944450.518000,21.236736,535
509530.572700,6944450.518000,20.980419,540
509530.572700,6944450.518000,20.709860,545
509530.572700,6944450.518000,20.437290,550
509530.572700,6944450.518000,20.157765,555
509530.572700,6944450.518000,19.875692,560
509530.572700,6944450.518000,19.590318,565
509530.572700,6944450.518000,19.284575,570
509530.572700,6944450.518000,18.970236,575
509530.572700,6944450.518000,18.663677,580
509530.572700,6944450.518000,18.335602,585
509530.572700,6944450.518000,17.983534,590
509530.572700,6944450.518000,17.644265,595
509530.572700,6944450.518000,17.277576,600
509530.572700,6944450.518000,16.894906,605
509530.572700,6944450.518000,16.523158,610
509530.572700,6944450.518000,16.128457,615
509530.572700,6944450.518000,15.739902,620
509530.572700,6944450.518000,15.366135,625
509530.572700,6944450.518000,15.010748,630
509530.572700,6944450.518000,14.652416,635
509530.572700,6944450.518000,14.334644,640
509530.572700,6944450.518000,14.046949,645
509530.572700,6944450.518000,13.756299,650
509530.572700,6944450.518000,13.473040,655
509530.572700,6944450.518000,13.248251,660
509530.572700,6944450.518000,13.023462,665
509530.572700,6944450.518000,12.808237,670
509530.572700,6944450.518000,12.594127,675
509530.572700,6944450.518000,12.399243,680
509530.572700,6944450.518000,12.219442,685
509530.572700,6944450.518000,12.039642,690
509530.572700,6944450.518000,11.874741,695
509530.572700,6944450.518000,11.714056,700
509530.572700,6944450.518000,11.553370,705
509530.572700,6944450.518000,11.403539,710
509530.572700,6944450.518000,11.259107,715
509530.572700,6944450.518000,11.114675,720
509530.572700,6944450.518000,10.973777,725
509530.572700,6944450.518000,10.846500,730
509530.572700,6944450.518000,10.719223,735
509530.572700,6944450.518000,10.591945,740
509530.572700,6944450.518000,10.466937,745
509530.572700,6944450.518000,10.347832,750
509530.572700,6944450.518000,10.228728,755
509530.572700,6944450.518000,10.109623,760
509530.572700,6944450.518000,9.991611,765
509530.572700,6944450.518000,9.886227,770
509530.572700,6944450.518000,9.780843,775
509530.572700,6944450.518000,9.675459,780
509530.572700,6944450.518000,9.570075,785
509530.572700,6944450.518000,9.465630,790
509530.572700,6944450.518000,9.363049,795
509530.572700,6944450.518000,9.260468,800
509530.572700,6944450.518000,9.157887,805
509530.572700,6944450.518000,9.055307,810
509530.572700,6944450.518000,8.957108,815
509530.572700,6944450.518000,8.864036,820
509530.572700,6944450.518000,8.770964,825
509530.572700,6944450.518000,8.677892,830
509530.572700,6944450.518000,8.584820,835
509530.572700,6944450.518000,8.491851,840
509530.572700,6944450.518000,8.399933,845
509530.572700,6944450.518000,8.308016,850
509530.572700,6944450.518000,8.216098,855
509530.572700,6944450.518000,8.124181,860
509530.572700,6944450.518000,8.032263,865
509530.572700,6944450.518000,7.940349,870
509530.572700,6944450.518000,7.848438,875
509530.572700,6944450.518000,7.756526,880
509530.572700,6944450.518000,7.664614,885
509530.572700,6944450.518000,7.572702,890
509530.572700,6944450.518000,7.481439,895
509530.572700,6944450.518000,7.392631,900
509530.572700,6944450.518000,7.303824,905
509530.572700,6944450.518000,7.215016,910
509530.572700,6944450.518000,7.126208,915
509530.572700,6944450.518000,7.037400,920
509530.572700,6944450.518000,6.937458,925
509530.572700,6944450.518000,6.829415,930
509530.572700,6944450.518000,6.721371,935
509530.572700,6944450.518000,6.613328,940
509530.572700,6944450.518000,6.505285,945
509530.572700,6944450.518000,6.403311,950
509530.572700,6944450.518000,6.301649,955
509530.572700,6944450.518000,6.199987,960
509530.572700,6944450.518000,6.098325,965
509530.572700,6944450.518000,5.994599,970
509530.572700,6944450.518000,5.830087,975
509530.572700,6944450.518000,5.665575,980
509530.572700,6944450.518000,5.501064,985
509530.572700,6944450.518000,5.329907,990
509530.572700,6944450.518000,5.158707,995
509530.574000,6944450.519000,5.500000,985
509530.578500,6944450.523000,25.000000,460
509530.584800,6944450.527000,6.500000,945
509530.585400,6944450.528000,18.000000,590
509530.590200,6944450.531000,21.500000,530
509530.600800,6944450.539000,19.000000,575
509530.603700,6944450.541000,21.000000,540
509530.603900,6944450.541000,13.500000,655
509530.607400,6944450.543000,27.500000,395
509530.642200,6944450.568000,17.000000,605
509530.643600,6944450.569000,33.000000,240
509530.648700,6944450.573000,10.000000,765
509530.650100,6944450.574000,24.500000,470
509530.661100,6944450.582000,15.500000,625
509530.662900,6944450.583000,27.000000,410
509530.666500,6944450.586000,11.000000,725
509530.666600,6944450.586000,20.500000,550
509530.700400,6944450.610000,7.000000,920
509530.704300,6944450.613000,18.500000,585
509530.711100,6944450.618000,14.500000,640
509530.718800,6944450.623000,17.500000,600
509530.721000,6944450.625000,20.000000,560
509530.724400,6944450.627000,17.507298,605
509530.732000,6944450.632000,5.000000,995
509530.732700,6944450.633000,16.000000,620
509530.743700,6944450.641000,10.500000,745
509530.745600,6944450.642000,12.500000,680
509530.769300,6944450.659000,8.000000,865
509530.773600,6944450.662000,5.500000,980
509530.776300,6944450.664000,6.000000,965
509530.778200,6944450.666000,14.000000,650
509530.797400,6944450.679000,16.500000,615
509530.798900,6944450.680000,19.500000,570
509530.802800,6944450.683000,15.000000,635
509530.807000,6944450.686000,13.000000,670
509530.820400,6944450.696000,12.000000,695
509530.833500,6944450.705000,6.500000,940
509530.833800,6944450.705000,11.500000,710
509530.848300,6944450.716000,18.000000,595
509530.858600,6944450.723000,26.000000,435
509530.863800,6944450.727000,13.500000,660
509530.881400,6944450.739000,7.500000,890
509530.887900,6944450.744000,17.000000,610
509530.890700,6944450.746000,19.000000,580
509530.895900,6944450.750000,15.500000,630
509530.903800,6944450.755000,5.000000,990
509530.940200,6944450.781000,24.000000,480
509530.951900,6944450.790000,14.500000,645
509530.969400,6944450.802000,16.000000,625
509530.972900,6944450.805000,17.500000,605
509530.973200,6944450.805000,5.500000,975
509530.979300,6944450.809000,32.424492,240
509530.979300,6944450.809000,32.794256,240
509530.979300,6944450.809000,31.916627,245
509530.979300,6944450.809000,33.681579,245
509530.979300,6944450.809000,34.435729,250
509530.979300,6944450.809000,31.496709,250
509530.979300,6944450.809000,31.323180,255
509530.979300,6944450.809000,31.149651,260
509530.979300,6944450.809000,30.976515,265
509530.979300,6944450.809000,30.805835,270
509530.979300,6944450.809000,30.635156,275
509530.979300,6944450.809000,30.473405,280
509530.979300,6944450.809000,30.345628,285
509530.979300,6944450.809000,30.217851,290
509530.979300,6944450.809000,30.090073,295
509530.979300,6944450.809000,29.962937,300
509530.979300,6944450.809000,29.837333,305
509530.979300,6944450.809000,29.711728,310
509530.979300,6944450.809000,29.586124,315
509530.979300,6944450.809000,29.460060,320
509530.979300,6944450.809000,29.332996,325
509530.979300,6944450.809000,29.205931,330
509530.979300,6944450.809000,29.078867,335
509530.979300,6944450.809000,28.951750,340
509530.979300,6944450.809000,28.824547,345
509530.979300,6944450.809000,28.697345,350
509530.979300,6944450.809000,28.436095,360
509530.979300,6944450.809000,28.293634,365
509530.979300,6944450.809000,28.151173,370
509530.979300,6944450.809000,28.008712,375
509530.979300,6944450.809000,27.858162,380
509530.979300,6944450.809000,27.707085,385
509530.979300,6944450.809000,27.556008,390
509530.979300,6944450.809000,27.396914,395
509530.979300,6944450.809000,27.233098,400
509530.979300,6944450.809000,27.069281,405
509530.979300,6944450.809000,26.893711,410
509530.979300,6944450.809000,26.709528,415
509530.979300,6944450.809000,26.525344,420
509530.979300,6944450.809000,26.337317,425
509530.979300,6944450.809000,26.148676,430
509530.979300,6944450.809000,25.955757,435
509530.979300,6944450.809000,25.746920,440
509530.979300,6944450.809000,25.538084,445
509530.979300,6944450.809000,25.324285,450
509530.979300,6944450.809000,25.109379,455
509530.979300,6944450.809000,24.891677,460
509530.979300,6944450.809000,24.671076,465
509530.979300,6944450.809000,24.449312,470
509530.979300,6944450.809000,24.223533,475
509530.979300,6944450.809000,23.997714,480
509530.979300,6944450.809000,23.767894,485
509530.979300,6944450.809000,23.538075,490
509530.979300,6944450.809000,23.308882,495
509530.979300,6944450.809000,23.079813,500
509530.979300,6944450.809000,22.847528,505
509530.979300,6944450.809000,22.613523,510
509530.979300,6944450.809000,22.385097,515
509530.979300,6944450.809000,22.161929,520
509530.979300,6944450.809000,21.930617,525
509530.979300,6944450.809000,21.677772,530
509530.979300,6944450.809000,21.431645,535
509530.979300,6944450.809000,21.201426,540
509530.979300,6944450.809000,20.966595,545
509530.979300,6944450.809000,20.699506,550
509530.979300,6944450.809000,20.437104,555
509530.979300,6944450.809000,20.188540,560
509530.979300,6944450.809000,19.932420,565
509530.979300,6944450.809000,19.652564,570
509530.979300,6944450.809000,19.370820,575
509530.979300,6944450.809000,19.086813,580
509530.979300,6944450.809000,18.791814,585
509530.979300,6944450.809000,18.491227,590
509530.979300,6944450.809000,18.163418,595
509530.979300,6944450.809000,17.835737,600
509530.979300,6944450.809000,17.508183,605
509530.979300,6944450.809000,17.138039,610
509530.979300,6944450.809000,16.773535,615
509530.979300,6944450.809000,16.405970,620
509530.979300,6944450.809000,16.016247,625
509530.979300,6944450.809000,15.635142,630
509530.979300,6944450.809000,15.267746,635
509530.979300,6944450.809000,14.906428,640
509530.979300,6944450.809000,14.541460,645
509530.979300,6944450.809000,14.240040,650
509530.979300,6944450.809000,13.944175,655
509530.979300,6944450.809000,13.636632,660
509530.979300,6944450.809000,13.374524,665
509530.979300,6944450.809000,13.148738,670
509530.979300,6944450.809000,12.918697,675
509530.979300,6944450.809000,12.680440,680
509530.979300,6944450.809000,12.455762,685
509530.979300,6944450.809000,12.273462,690
509530.979300,6944450.809000,12.091162,695
509530.979300,6944450.809000,11.912960,700
509530.979300,6944450.809000,11.738857,705
509530.979300,6944450.809000,11.564754,710
509530.979300,6944450.809000,11.405260,715
509530.979300,6944450.809000,11.254418,720
509530.979300,6944450.809000,11.103576,725
509530.979300,6944450.809000,10.957606,730
509530.979300,6944450.809000,10.822314,735
509530.979300,6944450.809000,10.687022,740
509530.979300,6944450.809000,10.551730,745
509530.979300,6944450.809000,10.422092,750
509530.979300,6944450.809000,10.295954,755
509530.979300,6944450.809000,10.169816,760
509530.979300,6944450.809000,10.043678,765
509530.979300,6944450.809000,9.926961,770
509530.979300,6944450.809000,9.815235,775
509530.979300,6944450.809000,9.703509,780
509530.979300,6944450.809000,9.591782,785
509530.979300,6944450.809000,9.480594,790
509530.979300,6944450.809000,9.371877,795
509530.979300,6944450.809000,9.263161,800
509530.979300,6944450.809000,9.154445,805
509530.979300,6944450.809000,9.045729,810
509530.979300,6944450.809000,8.450250,840
509530.979300,6944450.809000,8.352905,845
509530.979300,6944450.809000,8.255560,850
509530.979300,6944450.809000,8.158215,855
509530.979300,6944450.809000,8.060871,860
509530.979300,6944450.809000,7.963437,865
509530.979300,6944450.809000,7.865854,870
509530.979300,6944450.809000,7.768272,875
509530.979300,6944450.809000,7.670690,880
509530.979300,6944450.809000,7.573107,885
509530.979300,6944450.809000,7.476477,890
509530.979300,6944450.809000,7.382689,895
509530.979300,6944450.809000,7.288902,900
509530.979300,6944450.809000,7.195114,905
509530.979300,6944450.809000,7.101327,910
509530.979300,6944450.809000,7.007539,915
509530.979300,6944450.809000,6.893898,920
509530.979300,6944450.809000,6.778521,925
509530.979300,6944450.809000,6.663145,930
509530.979300,6944450.809000,6.547768,935
509530.979300,6944450.809000,6.436608,940
509530.979300,6944450.809000,6.328428,945
509530.979300,6944450.809000,6.220247,950
509530.979300,6944450.809000,6.112067,955
509530.979300,6944450.809000,6.003886,960
509530.979300,6944450.809000,5.835678,965
509530.979300,6944450.809000,5.665233,970
509530.979300,6944450.809000,5.494100,975
509530.979300,6944450.809000,5.301145,980
509530.979300,6944450.809000,5.108191,985
509530.986600,6944450.815000,18.500000,590
509530.987100,6944450.815000,6.000000,960
509531.004200,6944450.827000,7.000000,915
509531.025600,6944450.843000,14.000000,655
509531.027600,6944450.844000,28.000000,375
509531.032400,6944450.847000,21.000000,545
509531.036800,6944450.851000,16.500000,620
509531.040400,6944450.853000,15.000000,640
509531.054000,6944450.863000,26.500000,420
509531.054100,6944450.863000,12.500000,685
509531.055700,6944450.864000,31.500000,250
509531.059900,6944450.867000,20.000000,565
509531.069900,6944450.874000,20.500000,555
509531.080600,6944450.882000,13.000000,675
509531.083000,6944450.884000,5.000000,985
509531.093700,6944450.891000,25.500000,445
509531.095200,6944450.892000,6.500000,935
509531.107900,6944450.901000,18.000000,600
509531.119100,6944450.910000,19.500000,575
509531.119800,6944450.910000,21.500000,535
509531.124400,6944450.913000,13.500000,665
509531.130900,6944450.918000,15.500000,635
509531.131000,6944450.918000,17.000000,615
509531.140700,6944450.925000,11.000000,730
509531.159500,6944450.938000,12.000000,700
509531.160500,6944450.939000,22.000000,525
509531.176700,6944450.951000,19.000000,585
509531.183400,6944450.956000,5.500000,970
509531.193300,6944450.963000,14.500000,650
509531.204600,6944450.971000,6.000000,955
509531.204900,6944450.971000,16.000000,630
509531.212700,6944450.977000,27.000000,405
509531.216000,6944450.979000,27.500000,390
509531.224800,6944450.985000,17.500000,610
509531.243100,6944450.998000,11.500000,715
509531.259900,6944451.010000,18.500000,595
509531.267900,6944451.016000,5.000000,980
509531.275200,6944451.021000,16.500000,625
509531.278900,6944451.024000,15.000000,645
509531.280700,6944451.025000,14.000000,660
509531.307100,6944451.044000,7.500000,885
509531.314900,6944451.050000,7.000000,910
509531.354900,6944451.078000,8.000000,860
509531.362700,6944451.084000,12.500000,690
509531.364300,6944451.085000,18.000000,605
509531.366100,6944451.086000,15.500000,640
509531.372700,6944451.091000,17.000000,620
509531.375400,6944451.093000,6.500000,930
509531.377600,6944451.095000,13.000000,680
509531.382700,6944451.098000,25.000000,455
509531.385600,6944451.100000,13.500000,670
509531.385900,6944451.100000,32.476254,240
509531.385900,6944451.100000,32.586364,240
509531.385900,6944451.100000,31.969110,245
509531.385900,6944451.100000,33.592716,245
509531.385900,6944451.100000,34.352510,250
509531.385900,6944451.100000,31.535545,250
509531.385900,6944451.100000,31.341077,255
509531.385900,6944451.100000,31.167961,260
509531.385900,6944451.100000,30.994849,265
509531.385900,6944451.100000,30.821839,270
509531.385900,6944451.100000,30.648828,275
509531.385900,6944451.100000,30.481805,280
509531.385900,6944451.100000,30.351628,285
509531.385900,6944451.100000,30.221452,290
509531.385900,6944451.100000,30.091275,295
509531.385900,6944451.100000,29.961561,300
509531.385900,6944451.100000,29.832933,305
509531.385900,6944451.100000,29.704305,310
509531.385900,6944451.100000,29.575677,315
509531.385900,6944451.100000,29.445816,320
509531.385900,6944451.100000,29.314194,325
509531.385900,6944451.100000,29.182571,330
509531.385900,6944451.100000,29.050949,335
509531.385900,6944451.100000,28.918953,340
509531.385900,6944451.100000,28.786721,345
509531.385900,6944451.100000,28.654489,350
509531.385900,6944451.100000,28.522257,355
509531.385900,6944451.100000,28.376914,360
509531.385900,6944451.100000,28.228919,365
509531.385900,6944451.100000,28.080923,370
509531.385900,6944451.100000,27.928902,375
509531.385900,6944451.100000,27.772024,380
509531.385900,6944451.100000,27.615147,385
509531.385900,6944451.100000,27.454950,390
509531.385900,6944451.100000,27.285593,395
509531.385900,6944451.100000,27.116237,400
509531.385900,6944451.100000,26.941965,405
509531.385900,6944451.100000,26.756937,410
509531.385900,6944451.100000,26.571909,415
509531.385900,6944451.100000,26.384136,420
509531.385900,6944451.100000,26.194617,425
509531.385900,6944451.100000,26.005097,430
509531.385900,6944451.100000,25.805960,435
509531.385900,6944451.100000,25.606557,440
509531.385900,6944451.100000,25.405424,445
509531.385900,6944451.100000,25.202305,450
509531.385900,6944451.100000,24.999182,455
509531.385900,6944451.100000,24.795204,460
509531.385900,6944451.100000,24.591226,465
509531.385900,6944451.100000,24.385696,470
509531.385900,6944451.100000,24.178909,475
509531.385900,6944451.100000,23.971848,480
509531.385900,6944451.100000,23.763024,485
509531.385900,6944451.100000,23.554199,490
509531.385900,6944451.100000,23.345162,495
509531.385900,6944451.100000,23.136049,500
509531.385900,6944451.100000,22.925235,505
509531.385900,6944451.100000,22.711252,510
509531.385900,6944451.100000,22.497289,515
509531.385900,6944451.100000,22.284893,520
509531.385900,6944451.100000,22.072496,525
509531.385900,6944451.100000,21.851698,530
509531.385900,6944451.100000,21.626547,535
509531.385900,6944451.100000,21.403527,540
509531.385900,6944451.100000,21.183245,545
509531.385900,6944451.100000,20.958992,550
509531.385900,6944451.100000,20.715095,555
509531.385900,6944451.100000,20.471798,560
509531.385900,6944451.100000,20.232975,565
509531.385900,6944451.100000,19.993530,570
509531.385900,6944451.100000,19.729279,575
509531.385900,6944451.100000,19.464574,580
509531.385900,6944451.100000,19.196890,585
509531.385900,6944451.100000,18.923357,590
509531.385900,6944451.100000,18.633551,595
509531.385900,6944451.100000,18.333919,600
509531.385900,6944451.100000,18.025888,605
509531.385900,6944451.100000,17.705602,610
509531.385900,6944451.100000,17.372672,615
509531.385900,6944451.100000,17.019288,620
509531.385900,6944451.100000,16.664670,625
509531.385900,6944451.100000,16.294568,630
509531.385900,6944451.100000,15.911915,635
509531.385900,6944451.100000,15.531936,640
509531.385900,6944451.100000,15.164372,645
509531.385900,6944451.100000,14.795579,650
509531.385900,6944451.100000,14.437244,655
509531.385900,6944451.100000,14.127626,660
509531.385900,6944451.100000,13.815012,665
509531.385900,6944451.100000,13.500297,670
509531.385900,6944451.100000,13.253543,675
509531.385900,6944451.100000,13.006853,680
509531.385900,6944451.100000,12.762557,685
509531.385900,6944451.100000,12.518328,690
509531.385900,6944451.100000,12.318855,695
509531.385900,6944451.100000,12.123013,700
509531.385900,6944451.100000,11.931436,705
509531.385900,6944451.100000,11.747062,710
509531.385900,6944451.100000,11.562688,715
509531.385900,6944451.100000,11.394764,720
509531.385900,6944451.100000,11.235314,725
509531.385900,6944451.100000,11.075864,730
509531.385900,6944451.100000,10.925037,735
509531.385900,6944451.100000,10.782035,740
509531.385900,6944451.100000,10.639033,745
509531.385900,6944451.100000,10.496302,750
509531.385900,6944451.100000,10.363067,755
509531.385900,6944451.100000,10.229832,760
509531.385900,6944451.100000,10.096597,765
509531.385900,6944451.100000,9.967544,770
509531.385900,6944451.100000,9.849517,775
509531.385900,6944451.100000,9.731490,780
509531.385900,6944451.100000,9.613463,785
509531.385900,6944451.100000,9.495559,790
509531.385900,6944451.100000,9.380707,795
509531.385900,6944451.100000,9.265856,800
509531.385900,6944451.100000,9.151005,805
509531.385900,6944451.100000,9.036154,810
509531.385900,6944451.100000,8.928579,815
509531.385900,6944451.100000,8.824346,820
509531.385900,6944451.100000,8.720113,825
509531.385900,6944451.100000,8.615880,830
509531.385900,6944451.100000,8.511647,835
509531.385900,6944451.100000,8.408175,840
509531.385900,6944451.100000,8.304799,845
509531.385900,6944451.100000,8.201422,850
509531.385900,6944451.100000,8.098046,855
509531.385900,6944451.100000,7.994708,860
509531.385900,6944451.100000,7.892074,865
509531.385900,6944451.100000,7.789441,870
509531.385900,6944451.100000,7.686807,875
509531.385900,6944451.100000,7.584174,880
509531.385900,6944451.100000,7.481837,885
509531.385900,6944451.100000,7.380857,890
509531.385900,6944451.100000,7.279876,895
509531.385900,6944451.100000,7.178896,900
509531.385900,6944451.100000,7.077916,905
509531.385900,6944451.100000,6.972750,910
509531.385900,6944451.100000,6.853445,915
509531.385900,6944451.100000,6.734140,920
509531.385900,6944451.100000,6.614835,925
509531.385900,6944451.100000,6.495544,930
509531.385900,6944451.100000,6.376618,935
509531.385900,6944451.100000,6.257692,940
509531.385900,6944451.100000,6.138767,945
509531.385900,6944451.100000,6.019841,950
509531.385900,6944451.100000,5.854917,955
509531.385900,6944451.100000,5.680782,960
509531.385900,6944451.100000,5.506647,965
509531.385900,6944451.100000,5.293089,970
509531.385900,6944451.100000,5.077966,975
509531.392800,6944451.105000,5.500000,965
509531.395200,6944451.107000,20.000000,570
509531.397400,6944451.109000,22.500000,515
509531.401500,6944451.112000,26.000000,430
509531.403700,6944451.113000,10.500000,750
509531.421800,6944451.126000,6.000000,950
509531.429200,6944451.132000,19.500000,580
509531.432800,6944451.134000,20.500000,560
509531.434500,6944451.135000,31.000000,265
509531.436500,6944451.137000,14.500000,655
509531.443700,6944451.142000,16.000000,635
509531.452600,6944451.148000,5.000000,975
509531.466600,6944451.158000,21.000000,550
509531.472100,6944451.162000,19.000000,590
509531.476900,6944451.166000,8.500000,835
509531.481300,6944451.169000,17.500000,615
509531.505200,6944451.186000,32.500000,240
509531.517300,6944451.195000,12.000000,705
509531.520500,6944451.197000,16.500000,630
509531.523000,6944451.199000,15.000000,650
509531.527600,6944451.202000,9.500000,790
509531.538700,6944451.210000,14.000000,665
509531.539400,6944451.210000,32.000000,245
509531.541700,6944451.212000,18.500000,600
509531.573000,6944451.234000,28.500000,355
509531.575000,6944451.236000,5.500000,960
509531.589800,6944451.246000,26.500000,415
509531.595000,6944451.250000,30.500000,280
509531.604600,6944451.257000,6.500000,925
509531.607500,6944451.259000,7.000000,905
509531.611400,6944451.262000,15.500000,645
509531.622500,6944451.270000,21.500000,540
509531.632800,6944451.277000,17.000000,625
509531.635200,6944451.279000,11.500000,720
509531.636700,6944451.280000,5.000000,970
509531.637000,6944451.280000,6.000000,945
509531.643600,6944451.285000,11.000000,735
509531.646200,6944451.287000,18.000000,610
509531.653200,6944451.292000,13.500000,675
509531.664400,6944451.300000,12.500000,695
509531.668700,6944451.303000,13.000000,685
509531.672200,6944451.305000,10.000000,770
509531.672500,6944451.306000,7.500000,880
509531.686100,6944451.315000,14.500000,660
509531.693100,6944451.320000,16.000000,640
509531.744000,6944451.357000,25.500000,440
509531.746200,6944451.358000,17.500000,620
509531.753000,6944451.363000,27.000000,400
509531.757100,6944451.366000,19.500000,585
509531.757100,6944451.366000,5.500000,955
509531.771600,6944451.377000,15.000000,655
509531.771800,6944451.377000,16.500000,635
509531.778800,6944451.382000,20.000000,575
509531.792400,6944451.391000,32.058368,245
509531.792400,6944451.391000,33.501422,245
509531.792400,6944451.391000,34.231584,250
509531.792400,6944451.391000,31.653705,250
509531.792400,6944451.391000,31.392420,255
509531.792400,6944451.391000,31.215559,260
509531.792400,6944451.391000,31.038697,265
509531.792400,6944451.391000,30.865918,270
509531.792400,6944451.391000,30.694283,275
509531.792400,6944451.391000,30.522647,280
509531.792400,6944451.391000,30.383470,285
509531.792400,6944451.391000,30.249226,290
509531.792400,6944451.391000,30.114982,295
509531.792400,6944451.391000,29.980958,300
509531.792400,6944451.391000,29.848244,305
509531.792400,6944451.391000,29.715531,310
509531.792400,6944451.391000,29.582817,315
509531.792400,6944451.391000,29.447915,320
509531.792400,6944451.391000,29.309381,325
509531.792400,6944451.391000,29.170847,330
509531.792400,6944451.391000,29.032313,335
509531.792400,6944451.391000,28.892591,340
509531.792400,6944451.391000,28.752508,345
509531.792400,6944451.391000,28.612425,350
509531.792400,6944451.391000,28.469128,355
509531.792400,6944451.391000,28.312767,360
509531.792400,6944451.391000,28.156407,365
509531.792400,6944451.391000,28.000046,370
509531.792400,6944451.391000,27.835682,375
509531.792400,6944451.391000,27.671315,380
509531.792400,6944451.391000,27.506949,385
509531.792400,6944451.391000,27.333959,390
509531.792400,6944451.391000,27.160589,395
509531.792400,6944451.391000,26.986285,400
509531.792400,6944451.391000,26.800235,405
509531.792400,6944451.391000,26.614185,410
509531.792400,6944451.391000,26.428851,415
509531.792400,6944451.391000,26.244657,420
509531.792400,6944451.391000,26.060462,425
509531.792400,6944451.391000,25.870791,430
509531.792400,6944451.391000,25.678443,435
509531.792400,6944451.391000,25.486153,440
509531.792400,6944451.391000,25.294610,445
509531.792400,6944451.391000,25.103068,450
509531.792400,6944451.391000,24.911756,455
509531.792400,6944451.391000,24.720714,460
509531.792400,6944451.391000,24.529672,465
509531.792400,6944451.391000,24.337804,470
509531.792400,6944451.391000,24.145784,475
509531.792400,6944451.391000,23.953469,480
509531.792400,6944451.391000,23.760224,485
509531.792400,6944451.391000,23.566980,490
509531.792400,6944451.391000,23.375037,495
509531.792400,6944451.391000,23.183785,500
509531.792400,6944451.391000,22.992113,505
509531.792400,6944451.391000,22.790088,510
509531.792400,6944451.391000,22.588063,515
509531.792400,6944451.391000,22.387357,520
509531.792400,6944451.391000,22.187672,525
509531.792400,6944451.391000,21.987333,530
509531.792400,6944451.391000,21.776786,535
509531.792400,6944451.391000,21.566238,540
509531.792400,6944451.391000,21.355009,545
509531.792400,6944451.391000,21.143467,550
509531.792400,6944451.391000,20.927750,555
509531.792400,6944451.391000,20.703235,560
509531.792400,6944451.391000,20.477753,565
509531.792400,6944451.391000,20.243051,570
509531.792400,6944451.391000,20.008348,575
509531.792400,6944451.391000,19.767307,580
509531.792400,6944451.391000,19.526033,585
509531.792400,6944451.391000,19.261993,590
509531.792400,6944451.391000,18.995229,595
509531.792400,6944451.391000,18.730070,600
509531.792400,6944451.391000,18.459821,605
509531.792400,6944451.391000,18.156205,610
509531.792400,6944451.391000,17.853770,615
509531.792400,6944451.391000,17.552587,620
509531.792400,6944451.391000,17.212710,625
509531.792400,6944451.391000,16.867814,630
509531.792400,6944451.391000,16.527896,635
509531.792400,6944451.391000,16.151269,640
509531.792400,6944451.391000,15.774993,645
509531.792400,6944451.391000,15.401926,650
509531.792400,6944451.391000,15.031099,655
509531.792400,6944451.391000,14.658686,660
509531.792400,6944451.391000,14.314790,665
509531.792400,6944451.391000,13.992133,670
509531.792400,6944451.391000,13.668478,675
509531.792400,6944451.391000,13.374149,680
509531.792400,6944451.391000,13.111659,685
509531.792400,6944451.391000,12.856333,690
509531.792400,6944451.391000,12.606309,695
509531.792400,6944451.391000,12.377881,700
509531.792400,6944451.391000,12.165428,705
509531.792400,6944451.391000,11.958037,710
509531.792400,6944451.391000,11.768458,715
509531.792400,6944451.391000,11.578878,720
509531.792400,6944451.391000,11.398860,725
509531.792400,6944451.391000,11.225653,730
509531.792400,6944451.391000,11.052447,735
509531.792400,6944451.391000,10.894476,740
509531.792400,6944451.391000,10.743122,745
509531.792400,6944451.391000,10.591767,750
509531.792400,6944451.391000,10.443906,755
509531.792400,6944451.391000,10.301423,760
509531.792400,6944451.391000,10.158940,765
509531.792400,6944451.391000,10.016458,770
509531.792400,6944451.391000,9.888229,775
509531.792400,6944451.391000,9.761862,780
509531.792400,6944451.391000,9.635495,785
509531.792400,6944451.391000,9.509127,790
509531.792400,6944451.391000,9.385879,795
509531.792400,6944451.391000,9.262873,800
509531.792400,6944451.391000,9.139867,805
509531.792400,6944451.391000,9.016861,810
509531.792400,6944451.391000,8.903599,815
509531.792400,6944451.391000,8.791884,820
509531.792400,6944451.391000,8.680169,825
509531.792400,6944451.391000,8.568453,830
509531.792400,6944451.391000,8.457362,835
509531.792400,6944451.391000,8.347257,840
509531.792400,6944451.391000,8.237151,845
509531.792400,6944451.391000,8.127046,850
509531.792400,6944451.391000,8.016941,855
509531.792400,6944451.391000,7.906050,860
509531.792400,6944451.391000,7.795016,865
509531.792400,6944451.391000,7.683982,870
509531.792400,6944451.391000,7.572948,875
509531.792400,6944451.391000,7.463506,880
509531.792400,6944451.391000,7.357111,885
509531.792400,6944451.391000,7.250716,890
509531.792400,6944451.391000,7.144322,895
509531.792400,6944451.391000,7.037927,900
509531.792400,6944451.391000,6.915701,905
509531.792400,6944451.391000,6.784705,910
509531.792400,6944451.391000,6.653709,915
509531.792400,6944451.391000,6.522713,920
509531.792400,6944451.391000,6.399301,925
509531.792400,6944451.391000,6.277481,930
509531.792400,6944451.391000,6.155660,935
509531.792400,6944451.391000,6.033840,940
509531.792400,6944451.391000,5.857185,945
509531.792400,6944451.391000,5.659441,950
509531.792400,6944451.391000,5.458754,955
509531.792400,6944451.391000,5.245817,960
509531.792400,6944451.391000,5.032881,965
509531.792700,6944451.392000,28.000000,370
509531.798100,6944451.396000,33.500000,245
509531.798200,6944451.396000,19.000000,595
509531.798800,6944451.396000,14.000000,670
509531.816600,6944451.409000,27.500000,385
509531.818100,6944451.410000,5.000000,965
509531.830200,6944451.419000,6.500000,920
509531.832100,6944451.420000,22.000000,530
509531.833100,6944451.421000,18.500000,605
509531.834500,6944451.422000,20.500000,565
509531.847400,6944451.431000,6.000000,940
509531.857500,6944451.438000,23.000000,505
509531.859600,6944451.440000,15.500000,650
509531.866000,6944451.444000,12.000000,710
509531.870800,6944451.448000,8.000000,855
509531.895800,6944451.465000,7.000000,900
509531.897100,6944451.466000,17.000000,630
509531.925900,6944451.487000,13.500000,680
509531.933800,6944451.493000,18.000000,615
509531.939500,6944451.497000,5.500000,950
509531.942100,6944451.499000,14.500000,665
509531.943500,6944451.500000,21.000000,555
509531.947500,6944451.502000,16.000000,645
509531.954000,6944451.507000,13.000000,690
509531.975500,6944451.523000,26.000000,425
509531.977500,6944451.524000,12.500000,700
509531.984600,6944451.529000,5.000000,960
509532.017800,6944451.553000,7.500000,875
509532.021300,6944451.555000,17.500000,625
509532.026300,6944451.559000,24.500000,465
509532.026700,6944451.559000,15.000000,660
509532.031900,6944451.563000,11.500000,725
509532.031900,6944451.563000,16.500000,640
509532.037100,6944451.567000,30.000000,300
509532.045100,6944451.572000,6.000000,935
509532.048100,6944451.574000,6.500000,915
509532.054700,6944451.579000,10.500000,755
509532.061900,6944451.584000,14.000000,675
509532.073300,6944451.592000,9.000000,810
509532.108100,6944451.617000,26.500000,410
509532.112200,6944451.620000,19.500000,590
509532.113800,6944451.622000,15.500000,655
509532.116900,6944451.624000,19.000000,600
509532.119700,6944451.626000,11.000000,740
509532.121900,6944451.627000,5.500000,945
509532.140800,6944451.641000,18.500000,610
509532.151100,6944451.648000,5.000000,955
509532.151200,6944451.648000,20.000000,580
509532.166100,6944451.659000,17.000000,635
509532.185900,6944451.673000,7.000000,895
509532.193200,6944451.678000,21.500000,545
509532.198500,6944451.682000,12.000000,715
509532.199000,6944451.682000,33.374839,250
509532.199000,6944451.682000,32.246861,250
509532.199000,6944451.682000,34.098153,250
509532.199000,6944451.682000,31.775769,250
509532.199000,6944451.682000,31.460439,255
509532.199000,6944451.682000,31.280300,260
509532.199000,6944451.682000,31.100161,265
509532.199000,6944451.682000,30.924796,270
509532.199000,6944451.682000,30.755409,275
509532.199000,6944451.682000,30.586021,280
509532.199000,6944451.682000,30.431398,285
509532.199000,6944451.682000,30.292010,290
509532.199000,6944451.682000,30.152622,295
509532.199000,6944451.682000,30.013234,300
509532.199000,6944451.682000,29.875601,305
509532.199000,6944451.682000,29.738153,310
509532.199000,6944451.682000,29.600704,315
509532.199000,6944451.682000,29.460685,320
509532.199000,6944451.682000,29.313620,325
509532.199000,6944451.682000,29.166555,330
509532.199000,6944451.682000,29.019490,335
509532.199000,6944451.682000,28.870135,340
509532.199000,6944451.682000,28.720430,345
509532.199000,6944451.682000,28.570725,350
509532.199000,6944451.682000,28.412143,355
509532.199000,6944451.682000,28.245611,360
509532.199000,6944451.682000,28.079080,365
509532.199000,6944451.682000,27.908066,370
509532.199000,6944451.682000,27.732999,375
509532.199000,6944451.682000,27.557933,380
509532.199000,6944451.682000,27.381816,385
509532.199000,6944451.682000,27.205180,390
509532.199000,6944451.682000,27.028545,395
509532.199000,6944451.682000,26.842497,400
509532.199000,6944451.682000,26.654634,405
509532.199000,6944451.682000,26.468144,410
509532.199000,6944451.682000,26.288039,415
509532.199000,6944451.682000,26.107935,420
509532.199000,6944451.682000,25.926759,425
509532.199000,6944451.682000,25.743982,430
509532.199000,6944451.682000,25.561204,435
509532.199000,6944451.682000,25.379237,440
509532.199000,6944451.682000,25.197677,445
509532.199000,6944451.682000,25.016117,450
509532.199000,6944451.682000,24.837078,455
509532.199000,6944451.682000,24.658284,460
509532.199000,6944451.682000,24.479370,465
509532.199000,6944451.682000,24.299527,470
509532.199000,6944451.682000,24.119683,475
509532.199000,6944451.682000,23.939488,480
509532.199000,6944451.682000,23.758594,485
509532.199000,6944451.682000,23.577700,490
509532.199000,6944451.682000,23.397231,495
509532.199000,6944451.682000,23.217082,500
509532.199000,6944451.682000,23.036932,505
509532.199000,6944451.682000,22.849662,510
509532.199000,6944451.682000,22.660555,515
509532.199000,6944451.682000,22.472114,520
509532.199000,6944451.682000,22.287412,525
509532.199000,6944451.682000,22.102710,530
509532.199000,6944451.682000,21.909547,535
509532.199000,6944451.682000,21.705784,540
509532.199000,6944451.682000,21.502021,545
509532.199000,6944451.682000,21.304674,550
509532.199000,6944451.682000,21.107390,555
509532.199000,6944451.682000,20.899984,560
509532.199000,6944451.682000,20.680483,565
509532.199000,6944451.682000,20.461463,570
509532.199000,6944451.682000,20.244661,575
509532.199000,6944451.682000,20.027859,580
509532.199000,6944451.682000,19.793854,585
509532.199000,6944451.682000,19.557313,590
509532.199000,6944451.682000,19.312026,595
509532.199000,6944451.682000,19.063942,600
509532.199000,6944451.682000,18.807851,605
509532.199000,6944451.682000,18.548979,610
509532.199000,6944451.682000,18.264508,615
509532.199000,6944451.682000,17.974196,620
509532.199000,6944451.682000,17.685231,625
509532.199000,6944451.682000,17.378834,630
509532.199000,6944451.682000,17.041308,635
509532.199000,6944451.682000,16.710982,640
509532.199000,6944451.682000,16.365452,645
509532.199000,6944451.682000,15.991184,650
509532.199000,6944451.682000,15.623337,655
509532.199000,6944451.682000,15.251663,660
509532.199000,6944451.682000,14.875577,665
509532.199000,6944451.682000,14.495195,670
509532.199000,6944451.682000,14.169624,675
509532.199000,6944451.682000,13.835927,680
509532.199000,6944451.682000,13.494898,685
509532.199000,6944451.682000,13.230502,690
509532.199000,6944451.682000,12.964712,695
509532.199000,6944451.682000,12.689436,700
509532.199000,6944451.682000,12.432599,705
509532.199000,6944451.682000,12.216458,710
509532.199000,6944451.682000,12.000316,715
509532.199000,6944451.682000,11.792503,720
509532.199000,6944451.682000,11.584702,725
509532.199000,6944451.682000,11.392731,730
509532.199000,6944451.682000,11.211652,735
509532.199000,6944451.682000,11.030574,740
509532.199000,6944451.682000,10.863643,745
509532.199000,6944451.682000,10.699587,750
509532.199000,6944451.682000,10.535531,755
509532.199000,6944451.682000,10.380062,760
509532.199000,6944451.682000,10.226968,765
509532.199000,6944451.682000,10.073873,770
509532.199000,6944451.682000,9.388874,795
509532.199000,6944451.682000,9.256541,800
509532.199000,6944451.682000,9.124209,805
509532.199000,6944451.682000,8.992608,810
509532.199000,6944451.682000,8.872205,815
509532.199000,6944451.682000,8.751802,820
509532.199000,6944451.682000,8.631399,825
509532.199000,6944451.682000,8.510996,830
509532.199000,6944451.682000,8.393443,835
509532.199000,6944451.682000,8.276177,840
509532.199000,6944451.682000,8.158910,845
509532.199000,6944451.682000,8.041643,850
509532.199000,6944451.682000,7.921673,855
509532.199000,6944451.682000,7.800213,860
509532.199000,6944451.682000,7.678753,865
509532.199000,6944451.682000,7.557293,870
509532.199000,6944451.682000,7.441077,875
509532.199000,6944451.682000,7.329544,880
509532.199000,6944451.682000,7.218011,885
509532.199000,6944451.682000,7.106478,890
509532.199000,6944451.682000,6.993241,895
509532.199000,6944451.682000,6.844105,900
509532.199000,6944451.682000,6.694969,905
509532.199000,6944451.682000,6.545833,910
509532.199000,6944451.682000,6.411528,915
509532.199000,6944451.682000,6.283803,920
509532.199000,6944451.682000,6.156078,925
509532.199000,6944451.682000,6.028353,930
509532.199000,6944451.682000,5.834849,935
509532.199000,6944451.682000,5.622578,940
509532.199000,6944451.682000,5.401035,945
509532.199000,6944451.682000,5.166822,950
509532.202800,6944451.685000,14.500000,670
509532.204400,6944451.686000,13.500000,685
509532.205100,6944451.687000,16.000000,650
509532.223800,6944451.700000,18.000000,620
509532.238000,6944451.710000,13.000000,695
509532.242900,6944451.714000,6.000000,930
509532.267700,6944451.732000,25.000000,450
509532.270400,6944451.734000,20.500000,570
509532.280600,6944451.741000,6.500000,910
509532.281300,6944451.741000,8.500000,830
509532.282900,6944451.743000,15.000000,665
509532.286800,6944451.745000,27.000000,395
509532.292000,6944451.749000,16.500000,645
509532.297700,6944451.753000,17.500000,630
509532.302700,6944451.757000,12.500000,705
509532.309600,6944451.762000,5.500000,940
509532.320600,6944451.770000,5.000000,950
509532.328400,6944451.775000,14.000000,680
509532.330700,6944451.777000,22.500000,520
509532.367700,6944451.803000,15.500000,660
509532.383200,6944451.814000,8.000000,850
509532.386800,6944451.817000,7.500000,870
509532.403200,6944451.829000,21.000000,560
509532.408300,6944451.832000,27.500000,380
509532.409200,6944451.833000,25.500000,435
509532.427600,6944451.846000,19.000000,605
509532.429700,6944451.848000,17.000000,640
509532.440700,6944451.855000,6.000000,925
509532.443300,6944451.857000,18.500000,615
509532.459000,6944451.869000,19.500000,595
509532.460900,6944451.870000,16.000000,655
509532.461000,6944451.870000,7.000000,890
509532.461100,6944451.870000,14.500000,675
509532.469000,6944451.876000,11.500000,730
509532.485500,6944451.888000,13.500000,690
509532.491300,6944451.892000,5.000000,945
509532.493500,6944451.893000,22.000000,535
509532.501100,6944451.899000,5.500000,935
509532.501900,6944451.899000,18.000000,625
509532.511300,6944451.906000,26.000000,420
509532.511400,6944451.906000,20.000000,585
509532.539700,6944451.926000,15.000000,670
509532.541800,6944451.928000,13.000000,700
509532.546300,6944451.931000,6.500000,905
509532.550900,6944451.934000,16.500000,650
509532.571600,6944451.949000,12.000000,720
509532.572800,6944451.950000,17.500000,635
509532.598400,6944451.968000,14.000000,685
509532.605600,6944451.974000,32.393339,245
509532.605600,6944451.974000,33.219701,245
509532.605600,6944451.974000,34.034113,250
509532.605600,6944451.974000,31.867589,250
509532.605600,6944451.974000,31.498819,255
509532.605600,6944451.974000,31.326563,260
509532.605600,6944451.974000,31.154307,265
509532.605600,6944451.974000,30.982177,270
509532.605600,6944451.974000,30.811131,275
509532.605600,6944451.974000,30.640086,280
509532.605600,6944451.974000,30.474131,285
509532.605600,6944451.974000,30.331212,290
509532.605600,6944451.974000,30.188293,295
509532.605600,6944451.974000,30.045374,300
509532.605600,6944451.974000,29.902958,305
509532.605600,6944451.974000,29.760775,310
509532.605600,6944451.974000,29.618592,315
509532.605600,6944451.974000,29.474155,320
509532.605600,6944451.974000,29.318388,325
509532.605600,6944451.974000,29.162620,330
509532.605600,6944451.974000,29.006853,335
509532.605600,6944451.974000,28.847628,340
509532.605600,6944451.974000,28.688245,345
509532.605600,6944451.974000,28.528861,350
509532.605600,6944451.974000,28.355191,355
509532.605600,6944451.974000,28.178362,360
509532.605600,6944451.974000,28.001533,365
509532.605600,6944451.974000,27.814998,370
509532.605600,6944451.974000,27.628377,375
509532.605600,6944451.974000,27.442739,380
509532.605600,6944451.974000,27.259267,385
509532.605600,6944451.974000,27.075794,390
509532.605600,6944451.974000,26.888667,395
509532.605600,6944451.974000,26.698968,400
509532.605600,6944451.974000,26.509269,405
509532.605600,6944451.974000,26.328328,410
509532.605600,6944451.974000,26.147837,415
509532.605600,6944451.974000,25.968460,420
509532.605600,6944451.974000,25.794131,425
509532.605600,6944451.974000,25.619802,430
509532.605600,6944451.974000,25.445619,435
509532.605600,6944451.974000,25.271755,440
509532.605600,6944451.974000,25.097890,445
509532.605600,6944451.974000,24.927488,450
509532.605600,6944451.974000,24.761548,455
509532.605600,6944451.974000,24.595607,460
509532.605600,6944451.974000,24.428934,465
509532.605600,6944451.974000,24.261268,470
509532.605600,6944451.974000,24.093601,475
509532.605600,6944451.974000,23.925541,480
509532.605600,6944451.974000,23.756985,485
509532.605600,6944451.974000,23.588428,490
509532.605600,6944451.974000,23.419724,495
509532.605600,6944451.974000,23.250856,500
509532.605600,6944451.974000,23.081988,505
509532.605600,6944451.974000,22.909088,510
509532.605600,6944451.974000,22.732381,515
509532.605600,6944451.974000,22.555675,520
509532.605600,6944451.974000,22.379998,525
509532.605600,6944451.974000,22.204794,530
509532.605600,6944451.974000,22.029590,535
509532.605600,6944451.974000,21.841016,540
509532.605600,6944451.974000,21.649726,545
509532.605600,6944451.974000,21.459296,550
509532.605600,6944451.974000,21.271967,555
509532.605600,6944451.974000,21.084638,560
509532.605600,6944451.974000,20.884990,565
509532.605600,6944451.974000,20.675190,570
509532.605600,6944451.974000,20.466026,575
509532.605600,6944451.974000,20.260084,580
509532.605600,6944451.974000,20.054142,585
509532.605600,6944451.974000,19.829734,590
509532.605600,6944451.974000,19.598739,595
509532.605600,6944451.974000,19.366895,600
509532.605600,6944451.974000,19.134415,605
509532.605600,6944451.974000,18.892429,610
509532.605600,6944451.974000,18.637413,615
509532.605600,6944451.974000,18.374295,620
509532.605600,6944451.974000,18.101710,625
509532.605600,6944451.974000,17.820511,630
509532.605600,6944451.974000,17.534184,635
509532.605600,6944451.974000,17.215885,640
509532.605600,6944451.974000,16.892718,645
509532.605600,6944451.974000,16.568473,650
509532.605600,6944451.974000,16.208783,655
509532.605600,6944451.974000,15.841627,660
509532.605600,6944451.974000,15.476195,665
509532.605600,6944451.974000,15.097193,670
509532.605600,6944451.974000,14.714716,675
509532.605600,6944451.974000,14.349900,680
509532.605600,6944451.974000,14.009051,685
509532.605600,6944451.974000,13.652561,690
509532.605600,6944451.974000,13.339399,695
509532.605600,6944451.974000,13.058904,700
509532.605600,6944451.974000,12.767796,705
509532.605600,6944451.974000,12.479610,710
509532.605600,6944451.974000,12.250262,715
509532.605600,6944451.974000,12.020915,720
509532.605600,6944451.974000,11.794259,725
509532.605600,6944451.974000,11.567874,730
509532.605600,6944451.974000,11.365305,735
509532.605600,6944451.974000,11.172934,740
509532.605600,6944451.974000,10.982269,745
509532.605600,6944451.974000,10.806784,750
509532.605600,6944451.974000,10.631300,755
509532.605600,6944451.974000,10.458764,760
509532.605600,6944451.974000,10.294990,765
509532.605600,6944451.974000,10.131217,770
509532.605600,6944451.974000,9.971068,775
509532.605600,6944451.974000,9.825528,780
509532.605600,6944451.974000,9.679988,785
509532.605600,6944451.974000,9.534447,790
509532.605600,6944451.974000,9.391895,795
509532.605600,6944451.974000,9.250269,800
509532.605600,6944451.974000,9.108642,805
509532.605600,6944451.974000,8.969931,810
509532.605600,6944451.974000,8.840822,815
509532.605600,6944451.974000,8.711712,820
509532.605600,6944451.974000,8.582603,825
509532.605600,6944451.974000,8.454190,830
509532.605600,6944451.974000,8.327016,835
509532.605600,6944451.974000,8.199842,840
509532.605600,6944451.974000,8.072668,845
509532.605600,6944451.974000,7.944756,850
509532.605600,6944451.974000,7.815860,855
509532.605600,6944451.974000,7.686964,860
509532.605600,6944451.974000,7.558068,865
509532.605600,6944451.974000,7.431694,870
509532.605600,6944451.974000,7.307388,875
509532.605600,6944451.974000,7.183081,880
509532.605600,6944451.974000,7.058775,885
509532.605600,6944451.974000,6.920216,890
509532.605600,6944451.974000,6.768876,895
509532.605600,6944451.974000,6.617535,900
509532.605600,6944451.974000,6.467049,905
509532.605600,6944451.974000,6.319537,910
509532.605600,6944451.974000,6.172026,915
509532.605600,6944451.974000,6.024514,920
509532.605600,6944451.974000,5.817808,925
509532.605600,6944451.974000,5.599305,930
509532.605600,6944451.974000,5.354622,935
509532.605600,6944451.974000,5.088127,940
509532.613700,6944451.979000,31.500000,255
509532.614100,6944451.980000,28.000000,365
509532.623800,6944451.987000,15.500000,665
509532.634100,6944451.994000,26.500000,405
509532.638000,6944451.997000,12.500000,710
509532.646000,6944452.002000,6.000000,920
509532.670700,6944452.020000,5.000000,940
509532.672500,6944452.021000,11.000000,745
509532.676500,6944452.024000,20.500000,575
509532.700700,6944452.042000,5.500000,930
509532.704500,6944452.044000,17.000000,645
509532.728000,6944452.061000,21.500000,550
509532.731500,6944452.064000,16.000000,660
509532.732700,6944452.065000,31.000000,270
509532.735900,6944452.067000,14.500000,680
509532.755800,6944452.081000,19.000000,610
509532.757300,6944452.082000,18.500000,620
509532.759200,6944452.083000,7.000000,885
509532.786700,6944452.103000,13.500000,695
509532.804400,6944452.116000,7.500000,865
509532.806300,6944452.117000,18.000000,630
509532.813200,6944452.122000,19.500000,600
509532.815500,6944452.124000,30.500000,285
509532.823300,6944452.129000,15.000000,675
509532.824500,6944452.130000,6.500000,900
509532.833700,6944452.137000,10.500000,760
509532.838600,6944452.140000,16.500000,655
509532.852000,6944452.150000,27.000000,390
509532.867500,6944452.161000,5.000000,935
509532.875700,6944452.167000,17.500000,640
509532.882500,6944452.172000,34.000000,250
509532.888100,6944452.176000,21.000000,565
509532.889300,6944452.177000,6.000000,915
509532.891700,6944452.178000,29.000000,335
509532.892100,6944452.179000,13.000000,705
509532.896300,6944452.182000,28.500000,350
509532.909900,6944452.191000,5.500000,925
509532.910300,6944452.192000,14.000000,690
509532.911000,6944452.192000,20.000000,590
509532.913600,6944452.194000,15.500000,670
509532.914100,6944452.194000,10.000000,775
509532.931700,6944452.207000,8.000000,845
509532.951300,6944452.221000,11.500000,735
509533.002200,6944452.257000,12.500000,715
509533.003400,6944452.258000,17.000000,650
509533.012200,6944452.265000,32.461934,245
509533.012200,6944452.265000,33.101602,245
509533.012200,6944452.265000,33.979682,250
509533.012200,6944452.265000,31.969914,250
509533.012200,6944452.265000,31.618292,255
509533.012200,6944452.265000,31.385297,260
509533.012200,6944452.265000,31.212442,265
509533.012200,6944452.265000,31.039587,270
509533.012200,6944452.265000,30.868909,275
509533.012200,6944452.265000,30.698877,280
509533.012200,6944452.265000,30.528846,285
509533.012200,6944452.265000,30.376963,290
509533.012200,6944452.265000,30.228788,295
509533.012200,6944452.265000,30.080613,300
509533.012200,6944452.265000,29.933011,305
509533.012200,6944452.265000,29.786091,310
509533.012200,6944452.265000,29.639170,315
509533.012200,6944452.265000,29.491308,320
509533.012200,6944452.265000,29.326521,325
509533.012200,6944452.265000,29.161734,330
509533.012200,6944452.265000,28.996856,335
509533.012200,6944452.265000,28.827155,340
509533.012200,6944452.265000,28.657455,345
509533.012200,6944452.265000,28.486472,350
509533.012200,6944452.265000,28.298991,355
509533.012200,6944452.265000,28.111510,360
509533.012200,6944452.265000,27.920196,365
509533.012200,6944452.265000,27.723255,370
509533.012200,6944452.265000,27.526315,375
509533.012200,6944452.265000,27.333255,380
509533.012200,6944452.265000,27.140794,385
509533.012200,6944452.265000,26.948758,390
509533.012200,6944452.265000,26.757882,395
509533.012200,6944452.265000,26.567006,400
509533.012200,6944452.265000,26.382994,405
509533.012200,6944452.265000,26.202695,410
509533.012200,6944452.265000,26.022397,415
509533.012200,6944452.265000,25.851983,420
509533.012200,6944452.265000,25.682972,425
509533.012200,6944452.265000,25.513960,430
509533.012200,6944452.265000,25.348149,435
509533.012200,6944452.265000,25.182626,440
509533.012200,6944452.265000,25.017102,445
509533.012200,6944452.265000,24.858956,450
509533.012200,6944452.265000,24.701660,455
509533.012200,6944452.265000,24.544364,460
509533.012200,6944452.265000,24.386927,465
509533.012200,6944452.265000,24.229435,470
509533.012200,6944452.265000,24.071943,475
509533.012200,6944452.265000,23.914061,480
509533.012200,6944452.265000,23.755853,485
509533.012200,6944452.265000,23.597645,490
509533.012200,6944452.265000,23.439304,495
509533.012200,6944452.265000,23.280750,500
509533.012200,6944452.265000,23.122195,505
509533.012200,6944452.265000,22.961598,510
509533.012200,6944452.265000,22.794137,515
509533.012200,6944452.265000,22.626676,520
509533.012200,6944452.265000,22.459109,525
509533.012200,6944452.265000,22.291211,530
509533.012200,6944452.265000,22.123314,535
509533.012200,6944452.265000,21.952073,540
509533.012200,6944452.265000,21.771580,545
509533.012200,6944452.265000,21.591088,550
509533.012200,6944452.265000,21.409483,555
509533.012200,6944452.265000,21.226746,560
509533.012200,6944452.265000,21.044008,565
509533.012200,6944452.265000,20.850557,570
509533.012200,6944452.265000,20.653707,575
509533.012200,6944452.265000,20.455516,580
509533.012200,6944452.265000,20.252550,585
509533.012200,6944452.265000,20.049583,590
509533.012200,6944452.265000,19.836053,595
509533.012200,6944452.265000,19.619107,600
509533.012200,6944452.265000,19.396131,605
509533.012200,6944452.265000,19.165812,610
509533.012200,6944452.265000,18.931862,615
509533.012200,6944452.265000,18.688579,620
509533.012200,6944452.265000,18.439816,625
509533.012200,6944452.265000,18.172165,630
509533.012200,6944452.265000,17.901001,635
509533.012200,6944452.265000,17.623503,640
509533.012200,6944452.265000,17.324876,645
509533.012200,6944452.265000,17.009305,650
509533.012200,6944452.265000,16.688611,655
509533.012200,6944452.265000,16.350712,660
509533.012200,6944452.265000,15.988423,665
509533.012200,6944452.265000,15.623999,670
509533.012200,6944452.265000,15.247205,675
509533.012200,6944452.265000,14.862366,680
509533.012200,6944452.265000,14.476370,685
509533.012200,6944452.265000,14.116924,690
509533.012200,6944452.265000,13.756841,695
509533.012200,6944452.265000,13.411234,700
509533.012200,6944452.265000,13.102291,705
509533.012200,6944452.265000,12.802851,710
509533.012200,6944452.265000,12.508114,715
509533.012200,6944452.265000,12.250717,720
509533.012200,6944452.265000,11.994888,725
509533.012200,6944452.265000,11.761826,730
509533.012200,6944452.265000,11.528764,735
509533.012200,6944452.265000,11.316582,740
509533.012200,6944452.265000,11.107339,745
509533.012200,6944452.265000,10.909275,750
509533.012200,6944452.265000,10.722985,755
509533.012200,6944452.265000,10.536695,760
509533.012200,6944452.265000,10.359915,765
509533.012200,6944452.265000,10.185468,770
509533.012200,6944452.265000,10.011022,775
509533.012200,6944452.265000,9.854639,780
509533.012200,6944452.265000,9.699475,785
509533.012200,6944452.265000,9.544310,790
509533.012200,6944452.265000,9.391994,795
509533.012200,6944452.265000,9.240817,800
509533.012200,6944452.265000,9.089640,805
509533.012200,6944452.265000,8.943936,810
509533.012200,6944452.265000,8.806208,815
509533.012200,6944452.265000,8.668479,820
509533.012200,6944452.265000,8.530750,825
509533.012200,6944452.265000,8.393181,830
509533.012200,6944452.265000,8.255658,835
509533.012200,6944452.265000,8.118136,840
509533.012200,6944452.265000,7.980795,845
509533.012200,6944452.265000,7.844565,850
509533.012200,6944452.265000,7.708335,855
509533.012200,6944452.265000,7.572105,860
509533.012200,6944452.265000,7.436247,865
509533.012200,6944452.265000,7.300807,870
509533.012200,6944452.265000,7.165367,875
509533.012200,6944452.265000,7.029927,880
509533.012200,6944452.265000,6.874881,885
509533.012200,6944452.265000,6.714274,890
509533.012200,6944452.265000,6.553668,895
509533.012200,6944452.265000,6.394669,900
509533.012200,6944452.265000,6.236477,905
509533.012200,6944452.265000,6.078284,910
509533.012200,6944452.265000,5.874739,915
509533.012200,6944452.265000,5.626762,920
509533.012200,6944452.265000,5.360613,925
509533.012200,6944452.265000,5.075461,930
509533.024100,6944452.273000,12.000000,725
509533.025500,6944452.274000,16.000000,665
509533.039600,6944452.284000,14.500000,685
509533.075000,6944452.310000,5.000000,930
509533.094600,6944452.323000,25.500000,430
509533.099900,6944452.327000,7.000000,880
509533.113000,6944452.337000,6.500000,895
509533.114400,6944452.338000,26.000000,415
509533.120800,6944452.342000,27.500000,375
509533.123000,6944452.344000,18.500000,625
509533.140100,6944452.356000,13.500000,700
509533.141000,6944452.357000,5.500000,920
509533.147100,6944452.361000,25.000000,445
509533.152500,6944452.365000,6.000000,910
509533.158000,6944452.369000,15.000000,680
509533.159400,6944452.370000,19.000000,615
509533.160500,6944452.371000,20.500000,580
509533.163900,6944452.373000,29.500000,320
509533.174800,6944452.381000,32.000000,250
509533.181300,6944452.386000,18.000000,635
509533.185400,6944452.389000,16.500000,660
509533.232700,6944452.422000,8.500000,825
509533.258900,6944452.441000,7.500000,860
509533.260100,6944452.442000,17.500000,645
509533.266500,6944452.447000,19.500000,605
509533.271600,6944452.450000,26.500000,400
509533.282900,6944452.458000,15.500000,675
509533.295800,6944452.468000,14.000000,695
509533.299900,6944452.470000,22.000000,540
509533.312400,6944452.479000,5.000000,925
509533.317600,6944452.483000,13.000000,710
509533.364900,6944452.517000,22.500000,525
509533.393100,6944452.537000,5.500000,915
509533.394600,6944452.538000,11.000000,750
509533.414800,6944452.553000,6.500000,890
509533.418800,6944452.556000,33.023088,250
509533.418800,6944452.556000,32.487107,250
509533.418800,6944452.556000,33.936849,250
509533.418800,6944452.556000,32.055402,250
509533.418800,6944452.556000,31.724546,255
509533.418800,6944452.556000,31.448946,260
509533.418800,6944452.556000,31.272548,265
509533.418800,6944452.556000,31.096151,270
509533.418800,6944452.556000,30.923385,275
509533.418800,6944452.556000,30.754969,280
509533.418800,6944452.556000,30.586553,285
509533.418800,6944452.556000,30.425950,290
509533.418800,6944452.556000,30.273605,295
509533.418800,6944452.556000,30.121261,300
509533.418800,6944452.556000,29.969016,305
509533.418800,6944452.556000,29.817162,310
509533.418800,6944452.556000,29.665308,315
509533.418800,6944452.556000,29.513454,320
509533.418800,6944452.556000,29.341266,325
509533.418800,6944452.556000,29.167101,330
509533.418800,6944452.556000,28.443691,350
509533.418800,6944452.556000,28.244795,355
509533.418800,6944452.556000,28.045899,360
509533.418800,6944452.556000,27.839909,365
509533.418800,6944452.556000,27.631791,370
509533.418800,6944452.556000,27.428462,375
509533.418800,6944452.556000,27.233402,380
509533.418800,6944452.556000,27.038342,385
509533.418800,6944452.556000,26.845744,390
509533.418800,6944452.556000,26.653749,395
509533.418800,6944452.556000,26.464799,400
509533.418800,6944452.556000,26.288094,405
509533.418800,6944452.556000,26.111389,410
509533.418800,6944452.556000,25.939297,415
509533.418800,6944452.556000,25.775069,420
509533.418800,6944452.556000,25.610842,425
509533.418800,6944452.556000,25.447855,430
509533.418800,6944452.556000,25.287441,435
509533.418800,6944452.556000,25.127027,440
509533.418800,6944452.556000,24.968552,445
509533.418800,6944452.556000,24.817454,450
509533.418800,6944452.556000,24.666356,455
509533.418800,6944452.556000,24.515259,460
509533.418800,6944452.556000,24.363652,465
509533.418800,6944452.556000,24.211989,470
509533.418800,6944452.556000,24.060325,475
509533.418800,6944452.556000,23.908245,480
509533.418800,6944452.556000,23.755890,485
509533.418800,6944452.556000,23.603534,490
509533.418800,6944452.556000,23.451414,495
509533.418800,6944452.556000,23.299790,500
509533.418800,6944452.556000,23.148167,505
509533.418800,6944452.556000,22.996275,510
509533.418800,6944452.556000,22.832875,515
509533.418800,6944452.556000,22.669475,520
509533.418800,6944452.556000,22.506074,525
509533.418800,6944452.556000,22.343320,530
509533.418800,6944452.556000,22.180590,535
509533.418800,6944452.556000,22.017860,540
509533.418800,6944452.556000,21.844047,545
509533.418800,6944452.556000,21.668868,550
509533.418800,6944452.556000,21.493600,555
509533.418800,6944452.556000,21.315983,560
509533.418800,6944452.556000,21.138365,565
509533.418800,6944452.556000,20.957541,570
509533.418800,6944452.556000,20.765414,575
509533.418800,6944452.556000,20.573286,580
509533.418800,6944452.556000,20.377498,585
509533.418800,6944452.556000,20.179454,590
509533.418800,6944452.556000,19.980145,595
509533.418800,6944452.556000,19.768639,600
509533.418800,6944452.556000,19.557133,605
509533.418800,6944452.556000,19.335849,610
509533.418800,6944452.556000,19.110946,615
509533.418800,6944452.556000,18.879770,620
509533.418800,6944452.556000,18.642487,625
509533.418800,6944452.556000,18.394898,630
509533.418800,6944452.556000,18.131819,635
509533.418800,6944452.556000,17.865456,640
509533.418800,6944452.556000,17.595794,645
509533.418800,6944452.556000,17.297323,650
509533.418800,6944452.556000,16.983177,655
509533.418800,6944452.556000,16.672485,660
509533.418800,6944452.556000,16.339108,665
509533.418800,6944452.556000,15.977601,670
509533.418800,6944452.556000,15.618826,675
509533.418800,6944452.556000,15.243405,680
509533.418800,6944452.556000,14.856596,685
509533.418800,6944452.556000,14.467131,690
509533.418800,6944452.556000,14.105675,695
509533.418800,6944452.556000,13.734672,700
509533.418800,6944452.556000,13.382766,705
509533.418800,6944452.556000,13.069409,710
509533.418800,6944452.556000,12.756078,715
509533.418800,6944452.556000,12.452104,720
509533.418800,6944452.556000,12.189954,725
509533.418800,6944452.556000,11.932363,730
509533.418800,6944452.556000,11.686766,735
509533.418800,6944452.556000,11.447245,740
509533.418800,6944452.556000,11.227012,745
509533.418800,6944452.556000,11.006778,750
509533.418800,6944452.556000,10.808088,755
509533.418800,6944452.556000,10.610082,760
509533.418800,6944452.556000,10.417838,765
509533.418800,6944452.556000,10.232809,770
509533.418800,6944452.556000,10.047779,775
509533.418800,6944452.556000,9.386023,795
509533.418800,6944452.556000,9.225294,800
509533.418800,6944452.556000,9.064565,805
509533.418800,6944452.556000,8.472856,825
509533.418800,6944452.556000,8.328810,830
509533.418800,6944452.556000,8.184763,835
509533.418800,6944452.556000,8.040717,840
509533.418800,6944452.556000,7.893709,845
509533.418800,6944452.556000,7.745533,850
509533.418800,6944452.556000,7.597358,855
509533.418800,6944452.556000,7.451560,860
509533.418800,6944452.556000,7.310315,865
509533.418800,6944452.556000,7.169070,870
509533.418800,6944452.556000,7.027825,875
509533.418800,6944452.556000,6.856088,880
509533.418800,6944452.556000,6.676872,885
509533.418800,6944452.556000,6.497872,890
509533.418800,6944452.556000,6.335232,895
509533.418800,6944452.556000,6.172591,900
509533.418800,6944452.556000,6.009950,905
509533.418800,6944452.556000,5.744448,910
509533.418800,6944452.556000,5.469176,915
509533.418800,6944452.556000,5.166885,920
509533.436100,6944452.568000,6.000000,905
509533.441600,6944452.572000,17.000000,655
509533.444500,6944452.574000,16.000000,670
509533.449000,6944452.577000,21.500000,555
509533.456900,6944452.583000,14.500000,690
509533.471100,6944452.593000,23.000000,510
509533.472600,6944452.594000,20.000000,595
509533.497700,6944452.612000,7.000000,875
509533.516600,6944452.626000,12.500000,720
509533.519800,6944452.628000,33.000000,245
509533.559400,6944452.656000,5.000000,920
509533.570100,6944452.664000,27.000000,385
509533.570600,6944452.664000,15.000000,685
509533.575800,6944452.668000,21.000000,570
509533.580900,6944452.672000,12.000000,730
509533.588800,6944452.677000,13.500000,705
509533.593000,6944452.680000,11.500000,740
509533.605400,6944452.689000,16.500000,665
509533.612600,6944452.694000,18.500000,630
509533.614900,6944452.696000,8.000000,840
509533.628400,6944452.706000,24.500000,460
509533.645500,6944452.718000,18.000000,640
509533.663800,6944452.731000,5.500000,910
509533.673400,6944452.738000,19.000000,620
509533.693200,6944452.752000,15.500000,680
509533.705700,6944452.761000,17.500000,650
509533.706900,6944452.762000,28.000000,360
509533.719800,6944452.771000,6.000000,900
509533.723300,6944452.774000,14.000000,700
509533.767100,6944452.805000,7.500000,855
509533.767200,6944452.805000,6.500000,885
509533.769300,6944452.806000,30.000000,305
509533.787000,6944452.819000,13.000000,715
509533.814200,6944452.839000,5.000000,915
509533.816800,6944452.840000,20.500000,585
509533.817600,6944452.841000,32.500000,245
509533.819200,6944452.842000,19.500000,610
509533.825300,6944452.847000,33.890609,250
509533.825300,6944452.847000,32.134065,250
509533.825300,6944452.847000,31.799442,255
509533.825300,6944452.847000,31.490811,260
509533.825300,6944452.847000,31.319477,265
509533.825300,6944452.847000,31.148142,270
509533.825300,6944452.847000,30.977156,275
509533.825300,6944452.847000,30.808392,280
509533.825300,6944452.847000,30.639629,285
509533.825300,6944452.847000,30.473070,290
509533.825300,6944452.847000,30.317075,295
509533.825300,6944452.847000,30.161081,300
509533.825300,6944452.847000,30.005086,305
509533.825300,6944452.847000,29.848348,310
509533.825300,6944452.847000,29.691585,315
509533.825300,6944452.847000,29.534822,320
509533.825300,6944452.847000,29.356901,325
509533.825300,6944452.847000,29.172938,330
509533.825300,6944452.847000,28.988437,335
509533.825300,6944452.847000,28.795483,340
509533.825300,6944452.847000,28.602529,345
509533.825300,6944452.847000,28.401289,350
509533.825300,6944452.847000,28.190655,355
509533.825300,6944452.847000,27.979109,360
509533.825300,6944452.847000,27.758862,365
509533.825300,6944452.847000,27.538614,370
509533.825300,6944452.847000,27.334613,375
509533.825300,6944452.847000,27.134066,380
509533.825300,6944452.847000,26.935971,385
509533.825300,6944452.847000,26.742823,390
509533.825300,6944452.847000,26.549675,395
509533.825300,6944452.847000,26.369763,400
509533.825300,6944452.847000,26.194433,405
509533.825300,6944452.847000,26.019104,410
509533.825300,6944452.847000,25.857859,415
509533.825300,6944452.847000,25.698337,420
509533.825300,6944452.847000,25.538815,425
509533.825300,6944452.847000,25.382352,430
509533.825300,6944452.847000,25.226873,435
509533.825300,6944452.847000,25.071395,440
509533.825300,6944452.847000,24.921530,445
509533.825300,6944452.847000,24.776433,450
509533.825300,6944452.847000,24.631335,455
509533.825300,6944452.847000,24.486182,460
509533.825300,6944452.847000,24.340502,465
509533.825300,6944452.847000,24.194821,470
509533.825300,6944452.847000,24.049141,475
509533.825300,6944452.847000,23.902819,480
509533.825300,6944452.847000,23.756171,485
509533.825300,6944452.847000,23.609522,490
509533.825300,6944452.847000,23.462852,495
509533.825300,6944452.847000,23.316117,500
509533.825300,6944452.847000,23.169383,505
509533.825300,6944452.847000,23.022649,510
509533.825300,6944452.847000,22.867137,515
509533.825300,6944452.847000,22.710022,520
509533.825300,6944452.847000,22.552908,525
509533.825300,6944452.847000,22.396204,530
509533.825300,6944452.847000,22.239709,535
509533.825300,6944452.847000,22.083214,540
509533.825300,6944452.847000,21.919749,545
509533.825300,6944452.847000,21.748369,550
509533.825300,6944452.847000,21.576990,555
509533.825300,6944452.847000,21.405107,560
509533.825300,6944452.847000,21.232812,565
509533.825300,6944452.847000,21.060518,570
509533.825300,6944452.847000,20.878149,575
509533.825300,6944452.847000,20.690326,580
509533.825300,6944452.847000,20.502502,585
509533.825300,6944452.847000,20.310395,590
509533.825300,6944452.847000,20.118231,595
509533.825300,6944452.847000,19.919712,600
509533.825300,6944452.847000,19.711032,605
509533.825300,6944452.847000,19.502352,610
509533.825300,6944452.847000,19.284209,615
509533.825300,6944452.847000,19.065959,620
509533.825300,6944452.847000,18.836682,625
509533.825300,6944452.847000,18.602629,630
509533.825300,6944452.847000,18.356546,635
509533.825300,6944452.847000,18.101067,640
509533.825300,6944452.847000,17.838681,645
509533.825300,6944452.847000,17.571773,650
509533.825300,6944452.847000,17.277086,655
509533.825300,6944452.847000,16.971757,660
509533.825300,6944452.847000,16.662205,665
509533.825300,6944452.847000,16.330056,670
509533.825300,6944452.847000,15.972976,675
509533.825300,6944452.847000,15.615237,680
509533.825300,6944452.847000,15.237523,685
509533.825300,6944452.847000,14.847361,690
509533.825300,6944452.847000,14.455693,695
509533.825300,6944452.847000,14.087331,700
509533.825300,6944452.847000,13.702823,705
509533.825300,6944452.847000,13.346410,710
509533.825300,6944452.847000,13.025968,715
509533.825300,6944452.847000,12.692724,720
509533.825300,6944452.847000,12.384807,725
509533.825300,6944452.847000,12.112886,730
509533.825300,6944452.847000,11.846424,735
509533.825300,6944452.847000,11.583838,740
509533.825300,6944452.847000,11.342958,745
509533.825300,6944452.847000,11.112258,750
509533.825300,6944452.847000,10.475824,765
509533.825300,6944452.847000,10.280139,770
509533.825300,6944452.847000,10.084453,775
509533.825300,6944452.847000,9.380070,795
509533.825300,6944452.847000,9.209815,800
509533.825300,6944452.847000,9.039560,805
509533.825300,6944452.847000,8.414913,825
509533.825300,6944452.847000,8.261050,830
509533.825300,6944452.847000,8.107186,835
509533.825300,6944452.847000,7.952501,840
509533.825300,6944452.847000,7.795929,845
509533.825300,6944452.847000,7.639357,850
509533.825300,6944452.847000,7.483299,855
509533.825300,6944452.847000,7.331405,860
509533.825300,6944452.847000,7.179510,865
509533.825300,6944452.847000,7.027615,870
509533.825300,6944452.847000,6.845825,875
509533.825300,6944452.847000,6.657391,880
509533.825300,6944452.847000,6.470506,885
509533.825300,6944452.847000,6.291471,890
509533.825300,6944452.847000,6.112436,895
509533.825300,6944452.847000,5.895487,900
509533.825300,6944452.847000,5.614532,905
509533.825300,6944452.847000,5.308753,910
509533.856800,6944452.869000,16.000000,675
509533.864200,6944452.874000,17.000000,660
509533.877400,6944452.884000,14.500000,695
509533.903100,6944452.902000,7.000000,870
509533.905800,6944452.904000,26.000000,410
509533.906000,6944452.904000,31.500000,260
509533.941400,6944452.930000,5.500000,905
509533.995700,6944452.968000,31.000000,275
509533.996700,6944452.969000,15.000000,690
509533.998400,6944452.970000,27.500000,370
509533.999800,6944452.971000,10.500000,765
509534.019900,6944452.986000,26.500000,395
509534.024000,6944452.989000,6.000000,895
509534.033000,6944452.995000,16.500000,670
509534.034100,6944452.996000,30.500000,290
509534.041500,6944453.001000,25.500000,425
509534.043800,6944453.003000,20.000000,600
509534.050300,6944453.008000,13.500000,710
509534.056500,6944453.012000,12.500000,725
509534.075600,6944453.026000,5.000000,910
509534.089000,6944453.035000,18.500000,635
509534.097200,6944453.041000,18.000000,645
509534.118300,6944453.056000,15.500000,685
509534.149500,6944453.079000,17.500000,655
509534.156200,6944453.083000,6.500000,880
509534.169100,6944453.093000,19.000000,625
509534.179700,6944453.100000,14.000000,705
509534.214900,6944453.125000,12.000000,735
509534.226000,6944453.133000,5.500000,900
509534.231900,6944453.138000,32.218129,250
509534.231900,6944453.138000,33.843412,250
509534.231900,6944453.138000,31.883706,255
509534.231900,6944453.138000,34.500000,255
509534.231900,6944453.138000,31.568369,260
509534.231900,6944453.138000,31.368192,265
509534.231900,6944453.138000,31.199895,270
509534.231900,6944453.138000,31.031597,275
509534.231900,6944453.138000,30.863525,280
509534.231900,6944453.138000,30.695504,285
509534.231900,6944453.138000,30.527484,290
509534.231900,6944453.138000,30.364732,295
509534.231900,6944453.138000,30.203011,300
509534.231900,6944453.138000,30.041290,305
509534.231900,6944453.138000,29.879728,310
509534.231900,6944453.138000,29.718221,315
509534.231900,6944453.138000,29.556714,320
509534.231900,6944453.138000,29.373852,325
509534.231900,6944453.138000,29.179431,330
509534.231900,6944453.138000,28.984227,335
509534.231900,6944453.138000,28.779647,340
509534.231900,6944453.138000,28.575066,345
509534.231900,6944453.138000,28.359017,350
509534.231900,6944453.138000,28.136322,355
509534.231900,6944453.138000,27.909859,360
509534.231900,6944453.138000,27.677448,365
509534.231900,6944453.138000,27.450340,370
509534.231900,6944453.138000,27.240349,375
509534.231900,6944453.138000,27.030358,380
509534.231900,6944453.138000,26.833903,385
509534.231900,6944453.138000,26.639735,390
509534.231900,6944453.138000,26.450627,395
509534.231900,6944453.138000,26.274507,400
509534.231900,6944453.138000,26.098388,405
509534.231900,6944453.138000,25.931614,410
509534.231900,6944453.138000,25.776668,415
509534.231900,6944453.138000,25.621723,420
509534.231900,6944453.138000,25.467734,425
509534.231900,6944453.138000,25.317250,430
509534.231900,6944453.138000,25.166766,435
509534.231900,6944453.138000,25.016282,440
509534.231900,6944453.138000,24.875601,445
509534.231900,6944453.138000,24.736110,450
509534.231900,6944453.138000,24.596619,455
509534.231900,6944453.138000,24.457070,460
509534.231900,6944453.138000,24.317390,465
509534.231900,6944453.138000,24.177710,470
509534.231900,6944453.138000,24.038031,475
509534.231900,6944453.138000,23.897426,480
509534.231900,6944453.138000,23.756476,485
509534.231900,6944453.138000,23.615526,490
509534.231900,6944453.138000,23.474455,495
509534.231900,6944453.138000,23.332834,500
509534.231900,6944453.138000,23.191214,505
509534.231900,6944453.138000,23.049594,510
509534.231900,6944453.138000,22.901750,515
509534.231900,6944453.138000,22.750554,520
509534.231900,6944453.138000,22.599357,525
509534.231900,6944453.138000,22.447867,530
509534.231900,6944453.138000,22.295817,535
509534.231900,6944453.138000,22.143766,540
509534.231900,6944453.138000,21.990971,545
509534.231900,6944453.138000,21.825255,550
509534.231900,6944453.138000,21.659540,555
509534.231900,6944453.138000,21.493730,560
509534.231900,6944453.138000,21.325467,565
509534.231900,6944453.138000,21.157205,570
509534.231900,6944453.138000,20.988023,575
509534.231900,6944453.138000,20.805757,580
509534.231900,6944453.138000,20.623491,585
509534.231900,6944453.138000,20.439245,590
509534.231900,6944453.138000,20.250839,595
509534.231900,6944453.138000,20.062433,600
509534.231900,6944453.138000,19.864420,605
509534.231900,6944453.138000,19.661646,610
509534.231900,6944453.138000,19.456482,615
509534.231900,6944453.138000,19.241927,620
509534.231900,6944453.138000,19.027371,625
509534.231900,6944453.138000,18.799612,630
509534.231900,6944453.138000,18.569922,635
509534.231900,6944453.138000,18.325688,640
509534.231900,6944453.138000,18.075089,645
509534.231900,6944453.138000,17.814343,650
509534.231900,6944453.138000,17.549255,655
509534.231900,6944453.138000,17.257407,660
509534.231900,6944453.138000,16.957264,665
509534.231900,6944453.138000,16.643229,670
509534.231900,6944453.138000,16.311598,675
509534.231900,6944453.138000,15.963165,680
509534.231900,6944453.138000,15.596410,685
509534.231900,6944453.138000,15.209245,690
509534.231900,6944453.138000,14.817927,695
509534.231900,6944453.138000,14.430310,700
509534.231900,6944453.138000,14.043472,705
509534.231900,6944453.138000,13.651851,710
509534.231900,6944453.138000,13.288925,715
509534.231900,6944453.138000,12.945666,720
509534.231900,6944453.138000,12.608436,725
509534.231900,6944453.138000,12.300924,730
509534.231900,6944453.138000,12.007497,735
509534.231900,6944453.138000,11.733623,740
509534.231900,6944453.138000,11.464395,745
509534.231900,6944453.138000,11.219467,750
509534.231900,6944453.138000,10.977087,755
509534.231900,6944453.138000,10.756658,760
509534.231900,6944453.138000,10.536229,765
509534.231900,6944453.138000,10.327511,770
509534.231900,6944453.138000,10.121096,775
509534.231900,6944453.138000,9.923827,780
509534.231900,6944453.138000,9.739538,785
509534.231900,6944453.138000,9.555249,790
509534.231900,6944453.138000,9.374135,795
509534.231900,6944453.138000,9.194379,800
509534.231900,6944453.138000,9.014624,805
509534.231900,6944453.138000,8.848935,810
509534.231900,6944453.138000,8.684492,815
509534.231900,6944453.138000,8.520049,820
509534.231900,6944453.138000,8.355629,825
509534.231900,6944453.138000,8.191212,830
509534.231900,6944453.138000,8.026795,835
509534.231900,6944453.138000,7.862663,840
509534.231900,6944453.138000,7.698587,845
509534.231900,6944453.138000,7.534511,850
509534.231900,6944453.138000,7.369299,855
509534.231900,6944453.138000,7.203785,860
509534.231900,6944453.138000,7.038270,865
509534.231900,6944453.138000,6.850875,870
509534.231900,6944453.138000,6.656899,875
509534.231900,6944453.138000,6.462281,880
509534.231900,6944453.138000,6.264949,885
509534.231900,6944453.138000,6.067618,890
509534.231900,6944453.138000,5.799161,895
509534.231900,6944453.138000,5.492674,900
509534.231900,6944453.138000,5.141385,905
509534.231900,6944453.138000,5.000000,910
